country,selling_sector,buying_sector,Tc
CAN,A01_02,A01_02,0.121279362658673
CAN,A01_02,A03,0.0246448557899268
CAN,A01_02,B05_06,0.0003747678292706
CAN,A01_02,B07_08,0.000848197273476
CAN,A01_02,B09,0.0001791254837987
CAN,A01_02,C10T12,0.2645884469334197
CAN,A01_02,C13T15,0.0028754269900981
CAN,A01_02,C16,0.2342229595700941
CAN,A01_02,C17_18,0.0259681849182503
CAN,A01_02,C19,0.0003694039003141
CAN,A01_02,C20,0.0315063319334105
CAN,A01_02,C21,0.0017663203471045
CAN,A01_02,C22,0.014381862342549
CAN,A01_02,C23,0.0005882875283043
CAN,A01_02,C24,0.0003646824518698
CAN,A01_02,C25,0.0003140531978808
CAN,A01_02,C26,0.0001469304500393
CAN,A01_02,C27,0.0003967156750778
CAN,A01_02,C28,0.0002491032283778
CAN,A01_02,C29,0.0001924104389534
CAN,A01_02,C30,0.0001021066647062
CAN,A01_02,C31T33,0.0007574496149086
CAN,A01_02,D,0.0012846597426686
CAN,A01_02,E,0.0003107902489559
CAN,A01_02,F,0.0054970440741527
CAN,A01_02,G,0.0006057097800615
CAN,A01_02,H49,0.0009237724835668
CAN,A01_02,H50,0.0003770472487333
CAN,A01_02,H51,6.251953735542357e-05
CAN,A01_02,H52,0.0006297343610921
CAN,A01_02,H53,0.0005191664888699
CAN,A01_02,HFCE,0.019080644622835
CAN,A01_02,I,0.0319894884234252
CAN,A01_02,J58T60,0.0005860743891533
CAN,A01_02,J61,8.184980560671168e-05
CAN,A01_02,J62_63,0.0001172474161399
CAN,A01_02,K,7.648183556405354e-05
CAN,A01_02,L,5.957496296185312e-05
CAN,A01_02,M,0.0005858189152838
CAN,A01_02,N,0.0002316685993142
CAN,A01_02,O,0.0011016484093438
CAN,A01_02,P,0.0005442309741112
CAN,A01_02,Q,0.0006530004959497
CAN,A01_02,R,0.0013326936403859
CAN,A01_02,S,0.0016847816695754
CAN,A01_02,T,0.0
CAN,A03,A01_02,0.0007746214642766
CAN,A03,A03,0.002394532931554
CAN,A03,B05_06,2.7455518627883e-06
CAN,A03,B07_08,3.073178527086996e-06
CAN,A03,B09,0.0
CAN,A03,C10T12,0.0202029576766697
CAN,A03,C13T15,0.0
CAN,A03,C16,5.770548562772749e-05
CAN,A03,C17_18,3.686567989530147e-06
CAN,A03,C19,0.0
CAN,A03,C20,1.2912431120250244e-05
CAN,A03,C21,0.0008876892000833
CAN,A03,C22,4.344973517386412e-06
CAN,A03,C23,0.0
CAN,A03,C24,1.7703031644169065e-06
CAN,A03,C25,0.0
CAN,A03,C26,0.0
CAN,A03,C27,0.0
CAN,A03,C28,0.0
CAN,A03,C29,1.717950347799048e-06
CAN,A03,C30,0.0
CAN,A03,C31T33,3.2648690297788706e-06
CAN,A03,D,0.0
CAN,A03,E,0.0
CAN,A03,F,3.7471329748825927e-06
CAN,A03,G,3.677655009480994e-06
CAN,A03,H49,1.3029231079927818e-06
CAN,A03,H50,2.3565453045834807e-05
CAN,A03,H51,0.0
CAN,A03,H52,3.027569043712042e-06
CAN,A03,H53,0.0
CAN,A03,HFCE,0.0007140065772701
CAN,A03,I,0.0037477149723459
CAN,A03,J58T60,3.0210020059453323e-06
CAN,A03,J61,2.0462451401677924e-06
CAN,A03,J62_63,3.212257976438088e-06
CAN,A03,K,9.104980424292089e-07
CAN,A03,L,3.567363051607972e-07
CAN,A03,M,2.6668539390766105e-06
CAN,A03,N,1.2455301038398448e-06
CAN,A03,O,1.460951060878744e-05
CAN,A03,P,8.878156184523599e-07
CAN,A03,Q,1.6531658125309969e-06
CAN,A03,R,0.0
CAN,A03,S,2.879968665940915e-06
CAN,A03,T,0.0
CAN,B05_06,A01_02,0.0028214510973131
CAN,B05_06,A03,0.0021254842875591
CAN,B05_06,B05_06,0.0228169087557021
CAN,B05_06,B07_08,0.0056485021327858
CAN,B05_06,B09,0.0050794869334356
CAN,B05_06,C10T12,0.0013230360319977
CAN,B05_06,C13T15,0.0011458468456782
CAN,B05_06,C16,0.0017528041259422
CAN,B05_06,C17_18,0.0035907172218023
CAN,B05_06,C19,0.5089469624656084
CAN,B05_06,C20,0.0088869807185122
CAN,B05_06,C21,0.0011866049511318
CAN,B05_06,C22,0.001316526975768
CAN,B05_06,C23,0.0128535275052168
CAN,B05_06,C24,0.0185262226156229
CAN,B05_06,C25,0.0013927576601671
CAN,B05_06,C26,0.0005012921236635
CAN,B05_06,C27,0.0006732144789199
CAN,B05_06,C28,0.0007864544781643
CAN,B05_06,C29,0.0003435900695598
CAN,B05_06,C30,0.0007923477181202
CAN,B05_06,C31T33,0.0012667691835542
CAN,B05_06,D,0.0303082074004388
CAN,B05_06,E,0.0018582666968823
CAN,B05_06,F,0.0024356364336736
CAN,B05_06,G,0.0020646355223226
CAN,B05_06,H49,0.0036651227027836
CAN,B05_06,H50,0.0043596088134794
CAN,B05_06,H51,0.0062988433885589
CAN,B05_06,H52,0.0012261654627033
CAN,B05_06,H53,0.0017708555579261
CAN,B05_06,HFCE,0.005307167801249
CAN,B05_06,I,0.0006039483120902
CAN,B05_06,J58T60,0.0014531019648597
CAN,B05_06,J61,0.0003724166155105
CAN,B05_06,J62_63,0.0003710157962785
CAN,B05_06,K,0.0008413001912045
CAN,B05_06,L,0.0014811691390276
CAN,B05_06,M,0.0009636232233196
CAN,B05_06,N,0.0015967695931226
CAN,B05_06,O,0.001272397064584
CAN,B05_06,P,0.0020792641784154
CAN,B05_06,Q,0.0011395823001047
CAN,B05_06,R,0.0010821472359933
CAN,B05_06,S,0.0026438112353337
CAN,B05_06,T,0.0
CAN,B07_08,A01_02,0.0067725584966964
CAN,B07_08,A03,0.002340723202755
CAN,B07_08,B05_06,0.0154958947135771
CAN,B07_08,B07_08,0.013389838842518
CAN,B07_08,B09,0.0078367399161948
CAN,B07_08,C10T12,0.0017999214077103
CAN,B07_08,C13T15,0.0055130367103385
CAN,B07_08,C16,0.0022072348252605
CAN,B07_08,C17_18,0.0064699268216254
CAN,B07_08,C19,0.0014598842140414
CAN,B07_08,C20,0.0215476194319175
CAN,B07_08,C21,0.0087681953640884
CAN,B07_08,C22,0.0155897649803824
CAN,B07_08,C23,0.0765439772676819
CAN,B07_08,C24,0.1472821420668289
CAN,B07_08,C25,0.0020857228685346
CAN,B07_08,C26,0.0022731004917848
CAN,B07_08,C27,0.002548597670197
CAN,B07_08,C28,0.0018682742128337
CAN,B07_08,C29,0.0011149497757215
CAN,B07_08,C30,0.0026874474150676
CAN,B07_08,C31T33,0.0390413038580957
CAN,B07_08,D,0.008429054166491
CAN,B07_08,E,0.0016445984007251
CAN,B07_08,F,0.009271531119752
CAN,B07_08,G,0.0050744283820818
CAN,B07_08,H49,0.0014045511104162
CAN,B07_08,H50,0.00084835630965
CAN,B07_08,H51,0.0009377930603313
CAN,B07_08,H52,0.0024220552349696
CAN,B07_08,H53,0.0011521228931085
CAN,B07_08,HFCE,0.0013659808730333
CAN,B07_08,I,0.0012258712763261
CAN,B07_08,J58T60,0.0030723590400464
CAN,B07_08,J61,0.0010394925312052
CAN,B07_08,J62_63,0.0020799370397436
CAN,B07_08,K,0.0027724665391969
CAN,B07_08,L,0.0013085087673298
CAN,B07_08,M,0.0027486374598749
CAN,B07_08,N,0.0038486880208651
CAN,B07_08,O,0.002998145505247
CAN,B07_08,P,0.0011843460350154
CAN,B07_08,Q,0.0026588416818206
CAN,B07_08,R,0.0022122714430406
CAN,B07_08,S,0.005068744852056
CAN,B07_08,T,0.0
CAN,B09,A01_02,0.0001075863144828
CAN,B09,A03,2.6904864399483427e-05
CAN,B09,B05_06,0.0734901867112544
CAN,B09,B07_08,0.0383870729818436
CAN,B09,B09,0.0296708569235198
CAN,B09,C10T12,8.491126772522713e-05
CAN,B09,C13T15,6.485925541574783e-05
CAN,B09,C16,7.573844988639233e-05
CAN,B09,C17_18,8.110449576966324e-05
CAN,B09,C19,6.797031765780195e-05
CAN,B09,C20,0.0001000713411819
CAN,B09,C21,9.963858368282322e-05
CAN,B09,C22,8.689947034772824e-05
CAN,B09,C23,0.0002108955290147
CAN,B09,C24,5.664970126134101e-05
CAN,B09,C25,0.000215058168114
CAN,B09,C26,0.0001210015470912
CAN,B09,C27,0.0001322385583592
CAN,B09,C28,0.0001138757615441
CAN,B09,C29,6.012826217296668e-05
CAN,B09,C30,0.0001266122642357
CAN,B09,C31T33,0.0001012109399231
CAN,B09,D,0.0001442191420957
CAN,B09,E,7.769756223898475e-05
CAN,B09,F,0.0215812376555388
CAN,B09,G,0.0002177171765612
CAN,B09,H49,6.51461553996391e-05
CAN,B09,H50,2.3565453045834807e-05
CAN,B09,H51,6.251953735542357e-05
CAN,B09,H52,4.844110469939267e-05
CAN,B09,H53,5.689495768437522e-05
CAN,B09,HFCE,4.666860657128635e-05
CAN,B09,I,5.572142165118749e-05
CAN,B09,J58T60,0.0001329240882615
CAN,B09,J61,6.752608962553714e-05
CAN,B09,J62_63,0.0001557945118572
CAN,B09,K,0.0001370299553855
CAN,B09,L,6.777989798055145e-05
CAN,B09,M,0.0001280089890756
CAN,B09,N,0.0001743742145375
CAN,B09,O,9.952729102236442e-05
CAN,B09,P,4.794204339642743e-05
CAN,B09,Q,7.990301427233151e-05
CAN,B09,R,0.0001119462657924
CAN,B09,S,0.0001871979632861
CAN,B09,T,0.0
CAN,C10T12,A01_02,0.1003067554791692
CAN,C10T12,A03,0.0310213086526043
CAN,C10T12,B05_06,0.0016624316529183
CAN,C10T12,B07_08,0.0015027842997455
CAN,C10T12,B09,0.0013690304833189
CAN,C10T12,C10T12,0.1343355495832436
CAN,C10T12,C13T15,0.0070480390885112
CAN,C10T12,C16,0.0019006744328632
CAN,C10T12,C17_18,0.0039335680448286
CAN,C10T12,C19,0.0005319416164523
CAN,C10T12,C20,0.0054425897171854
CAN,C10T12,C21,0.0086957309395918
CAN,C10T12,C22,0.0027677481305751
CAN,C10T12,C23,0.0021866536429427
CAN,C10T12,C24,0.0012055764549679
CAN,C10T12,C25,0.0022768856846359
CAN,C10T12,C26,0.0014088037268476
CAN,C10T12,C27,0.001202168712357
CAN,C10T12,C28,0.0019109776234128
CAN,C10T12,C29,0.0005463082106
CAN,C10T12,C30,0.0020176276945948
CAN,C10T12,C31T33,0.0025955708786742
CAN,C10T12,D,0.0014133475925387
CAN,C10T12,E,0.0015280520573667
CAN,C10T12,F,0.0012927608763344
CAN,C10T12,G,0.0037872491287635
CAN,C10T12,H49,0.0005967387834606
CAN,C10T12,H50,0.0010604453870625
CAN,C10T12,H51,0.0022038136917786
CAN,C10T12,H52,0.0014229574505446
CAN,C10T12,H53,0.0008534243652656
CAN,C10T12,HFCE,0.0724114258148783
CAN,C10T12,I,0.172894584057562
CAN,C10T12,J58T60,0.0031206950721415
CAN,C10T12,J61,0.0014978514426028
CAN,C10T12,J62_63,0.0015563389895842
CAN,C10T12,K,0.0010402440134753
CAN,C10T12,L,0.0007994460598653
CAN,C10T12,M,0.0024099470096122
CAN,C10T12,N,0.0025084976291334
CAN,C10T12,O,0.0018978667375227
CAN,C10T12,P,0.0037803189033701
CAN,C10T12,Q,0.0058147352179423
CAN,C10T12,R,0.0177408177408177
CAN,C10T12,S,0.0049276263874249
CAN,C10T12,T,0.0
CAN,C13T15,A01_02,0.0021060021060021
CAN,C13T15,A03,0.0113807576409814
CAN,C13T15,B05_06,0.0001606147839731
CAN,C13T15,B07_08,0.0013153204095932
CAN,C13T15,B09,0.0001663308063845
CAN,C13T15,C10T12,0.0007118723724405
CAN,C13T15,C13T15,0.1288753405110909
CAN,C13T15,C16,0.0006527933061636
CAN,C13T15,C17_18,0.0040847173323994
CAN,C13T15,C19,0.0001507167913281
CAN,C13T15,C20,0.0023339219249852
CAN,C13T15,C21,0.0006884120327176
CAN,C13T15,C22,0.0086334623790468
CAN,C13T15,C23,0.0012487235270612
CAN,C13T15,C24,0.0003239654790882
CAN,C13T15,C25,0.0009865366759517
CAN,C13T15,C26,0.000466720253066
CAN,C13T15,C27,0.0005289542334371
CAN,C13T15,C28,0.0008291578887433
CAN,C13T15,C29,0.0028019770172602
CAN,C13T15,C30,0.0005146175901193
CAN,C13T15,C31T33,0.0123150859803259
CAN,C13T15,D,0.0001641879463859
CAN,C13T15,E,0.0004532357797274
CAN,C13T15,F,0.0040214231086439
CAN,C13T15,G,0.0005490738929155
CAN,C13T15,H49,0.0002684021602465
CAN,C13T15,H50,0.000989749027925
CAN,C13T15,H51,0.0005157861831822
CAN,C13T15,H52,0.0005449624278681
CAN,C13T15,H53,0.000533390228291
CAN,C13T15,HFCE,0.0154066470188752
CAN,C13T15,I,0.0022594137746949
CAN,C13T15,J58T60,0.0010573507020808
CAN,C13T15,J61,0.0002087170042971
CAN,C13T15,J62_63,0.0002617990250797
CAN,C13T15,K,7.375034143676591e-05
CAN,C13T15,L,7.206073364248102e-05
CAN,C13T15,M,0.0008213910132355
CAN,C13T15,N,0.000302663815233
CAN,C13T15,O,0.001308007746693
CAN,C13T15,P,0.0020268830569267
CAN,C13T15,Q,0.0027414999724472
CAN,C13T15,R,0.0032411109334186
CAN,C13T15,S,0.0040377160696491
CAN,C13T15,T,0.0
CAN,C16,A01_02,0.0021692090657607
CAN,C16,A03,0.002286913473956
CAN,C16,B05_06,0.0006657963267261
CAN,C16,B07_08,0.0010049293783574
CAN,C16,B09,0.0006205418545884
CAN,C16,C10T12,0.0014652130384213
CAN,C16,C13T15,0.0029186664937086
CAN,C16,C16,0.1435135427561582
CAN,C16,C17_18,0.0789367937918195
CAN,C16,C19,0.0008688379735388
CAN,C16,C20,0.0012686463575645
CAN,C16,C21,0.0011050824735731
CAN,C16,C22,0.0038279216688174
CAN,C16,C23,0.0036074235226213
CAN,C16,C24,0.0009595043151139
CAN,C16,C25,0.0033760718772188
CAN,C16,C26,0.0007865100560928
CAN,C16,C27,0.0007934313501556
CAN,C16,C28,0.0017793087741274
CAN,C16,C29,0.0005583338630346
CAN,C16,C30,0.0014825887715342
CAN,C16,C31T33,0.0376798534726779
CAN,C16,D,0.0009363150456065
CAN,C16,E,0.0005050341545534
CAN,C16,F,0.0445507880782716
CAN,C16,G,0.000928240124393
CAN,C16,H49,0.0009889186389665
CAN,C16,H50,0.0007305290444208
CAN,C16,H51,0.0025007814942169
CAN,C16,H52,0.0003542255781143
CAN,C16,H53,0.0009956617594765
CAN,C16,HFCE,0.0010207024942175
CAN,C16,I,0.0002300755474629
CAN,C16,J58T60,0.000329289218648
CAN,C16,J61,0.0001984857785962
CAN,C16,J62_63,0.0002489499931739
CAN,C16,K,0.0002171537831193
CAN,C16,L,0.0001451916762004
CAN,C16,M,0.0003324677910715
CAN,C16,N,0.0005679617273509
CAN,C16,O,0.0005003757383509
CAN,C16,P,0.0002201782733761
CAN,C16,Q,0.0004116382873202
CAN,C16,R,0.0005010928087851
CAN,C16,S,0.0038044386077079
CAN,C16,T,0.0
CAN,C17_18,A01_02,0.0023104161035195
CAN,C17_18,A03,0.0085826517434352
CAN,C17_18,B05_06,0.0012945277033046
CAN,C17_18,B07_08,0.0009834171286678
CAN,C17_18,B09,0.0008956274189936
CAN,C17_18,C10T12,0.0171915696933913
CAN,C17_18,C13T15,0.007112898343927
CAN,C17_18,C16,0.0049121794640603
CAN,C17_18,C17_18,0.1641075740539345
CAN,C17_18,C19,0.0004876131484146
CAN,C17_18,C20,0.0075021224808653
CAN,C17_18,C21,0.0066939012128733
CAN,C17_18,C22,0.0102150327393754
CAN,C17_18,C23,0.0056608799893442
CAN,C17_18,C24,0.0013595928302721
CAN,C17_18,C25,0.0046766617510513
CAN,C17_18,C26,0.0056352149073906
CAN,C17_18,C27,0.0071168387771539
CAN,C17_18,C28,0.0028255423333143
CAN,C17_18,C29,0.0007868212592919
CAN,C17_18,C30,0.0015397685037697
CAN,C17_18,C31T33,0.0080511670274346
CAN,C17_18,D,0.0008653148525747
CAN,C17_18,E,0.0031920748486516
CAN,C17_18,F,0.0026507218664319
CAN,C17_18,G,0.0073177979378652
CAN,C17_18,H49,0.0006006475527846
CAN,C17_18,H50,0.0016024508071167
CAN,C17_18,H51,0.0012191309784307
CAN,C17_18,H52,0.0034574838479191
CAN,C17_18,H53,0.0054548040679894
CAN,C17_18,HFCE,0.0051880704414099
CAN,C17_18,I,0.0037567022984187
CAN,C17_18,J58T60,0.0253039128017981
CAN,C17_18,J61,0.0025046040515653
CAN,C17_18,J62_63,0.0035896982886695
CAN,C17_18,K,0.0024301192752435
CAN,C17_18,L,0.000900759170531
CAN,C17_18,M,0.0075631977712212
CAN,C17_18,N,0.0048139738513409
CAN,C17_18,O,0.0023430002638842
CAN,C17_18,P,0.0061250399517028
CAN,C17_18,Q,0.003975863779137
CAN,C17_18,R,0.0110400341169571
CAN,C17_18,S,0.0154884714854302
CAN,C17_18,T,0.0
CAN,C19,A01_02,0.0240536102605068
CAN,C19,A03,0.0319360740421868
CAN,C19,B05_06,0.0179627730622924
CAN,C19,B07_08,0.0198773187131986
CAN,C19,B09,0.023407862329271
CAN,C19,C10T12,0.0019292629899429
CAN,C19,C13T15,0.0033726812816188
CAN,C19,C16,0.00580661449129
CAN,C19,C17_18,0.0035427918379384
CAN,C19,C19,0.0490006885688701
CAN,C19,C20,0.0299374715523001
CAN,C19,C21,0.0037500339676989
CAN,C19,C22,0.007455974555835
CAN,C19,C23,0.0411856768636504
CAN,C19,C24,0.006348307147599
CAN,C19,C25,0.0034511715549729
CAN,C19,C26,0.0010976568914702
CAN,C19,C27,0.0021518819951191
CAN,C19,C28,0.0017650743039344
CAN,C19,C29,0.001042795861114
CAN,C19,C30,0.0008781173164734
CAN,C19,C31T33,0.008060961634524
CAN,C19,D,0.0055113899840915
CAN,C19,E,0.0154682896824112
CAN,C19,F,0.0075137510412345
CAN,C19,G,0.006475982706195
CAN,C19,H49,0.0553937759363131
CAN,C19,H50,0.046777424295982
CAN,C19,H51,0.1047514848390122
CAN,C19,H52,0.0055888924546924
CAN,C19,H53,0.0244648318042813
CAN,C19,HFCE,0.0124669868702958
CAN,C19,I,0.0027177674044063
CAN,C19,J58T60,0.001984798317906
CAN,C19,J61,0.003488847963986
CAN,C19,J62_63,0.0010536206162716
CAN,C19,K,0.0016607484293908
CAN,C19,L,0.0020915449571577
CAN,C19,M,0.0027975297820913
CAN,C19,N,0.011781469252221
CAN,C19,O,0.0047782230634865
CAN,C19,P,0.006979118576654
CAN,C19,Q,0.0043654598556235
CAN,C19,R,0.0033477264246495
CAN,C19,S,0.0119950694936439
CAN,C19,T,0.0
CAN,C20,A01_02,0.0554190554190554
CAN,C20,A03,0.0066455015066724
CAN,C20,B05_06,0.0074171083573225
CAN,C20,B07_08,0.0172497510725393
CAN,C20,B09,0.005105076288264
CAN,C20,C10T12,0.0037765767331278
CAN,C20,C13T15,0.0543520560383966
CAN,C20,C16,0.0144083384426732
CAN,C20,C17_18,0.0335330224327662
CAN,C20,C19,0.0136117949187754
CAN,C20,C20,0.1897191223420567
CAN,C20,C21,0.0876094892163878
CAN,C20,C22,0.184027008355384
CAN,C20,C23,0.0261732451272033
CAN,C20,C24,0.0208081433945563
CAN,C20,C25,0.0108757987874815
CAN,C20,C26,0.0051166368484282
CAN,C20,C27,0.0138008968178594
CAN,C20,C28,0.0055265330524397
CAN,C20,C29,0.0055678770772167
CAN,C20,C30,0.0013518922407103
CAN,C20,C31T33,0.0093081416038995
CAN,C20,D,0.0042001051690359
CAN,C20,E,0.0027776878500437
CAN,C20,F,0.0068460119451104
CAN,C20,G,0.0020679454118311
CAN,C20,H49,0.0030996540739148
CAN,C20,H50,0.0024979380228584
CAN,C20,H51,0.0047202250703344
CAN,C20,H52,0.0032031680482473
CAN,C20,H53,0.0032856838062726
CAN,C20,HFCE,0.0068570507080979
CAN,C20,I,0.0021264013488178
CAN,C20,J58T60,0.0044892089808347
CAN,C20,J61,0.0007939431143851
CAN,C20,J62_63,0.0018695341422869
CAN,C20,K,0.0008777201129017
CAN,C20,L,0.0006514004932236
CAN,C20,M,0.0032295601202217
CAN,C20,N,0.0085567918133797
CAN,C20,O,0.0023183467147319
CAN,C20,P,0.0028951667317731
CAN,C20,Q,0.0049776822615308
CAN,C20,R,0.0025747641132256
CAN,C20,S,0.0152753538041506
CAN,C20,T,0.0
CAN,C21,A01_02,0.0011067942102424
CAN,C21,A03,0.0017757210503659
CAN,C21,B05_06,0.0004351699702519
CAN,C21,B07_08,0.0004671231361172
CAN,C21,B09,0.0003582509675974
CAN,C21,C10T12,0.0007681507708165
CAN,C21,C13T15,0.0012971851083149
CAN,C21,C16,0.0005770548562772
CAN,C21,C17_18,0.0009068957254244
CAN,C21,C19,0.0003014335826563
CAN,C21,C20,0.0029892278043379
CAN,C21,C21,0.0931801918495638
CAN,C21,C22,0.0028242327863011
CAN,C21,C23,0.0008768814101141
CAN,C21,C24,0.0005594157999557
CAN,C21,C25,0.0008977825113332
CAN,C21,C26,0.0005790788325079
CAN,C21,C27,0.0005289542334371
CAN,C21,C28,0.0006547856288788
CAN,C21,C29,0.000247384850083
CAN,C21,C30,0.0005677130557665
CAN,C21,C31T33,0.0006725630201344
CAN,C21,D,0.0002573756997401
CAN,C21,E,0.0002266178898637
CAN,C21,F,0.000444409970821
CAN,C21,G,0.0002030065565233
CAN,C21,H49,0.0001407156956632
CAN,C21,H50,0.0002120890774125
CAN,C21,H51,0.0006877149109096
CAN,C21,H52,0.0001967919878412
CAN,C21,H53,0.0001493492639214
CAN,C21,HFCE,0.0062687259227821
CAN,C21,I,0.0001995186388155
CAN,C21,J58T60,0.0004591923049036
CAN,C21,J61,0.0002189482299979
CAN,C21,J62_63,0.0001509761248925
CAN,C21,K,0.0001160885004097
CAN,C21,L,8.882733998503848e-05
CAN,C21,M,0.0004231408250001
CAN,C21,N,0.0003163646463753
CAN,C21,O,0.0202254977962466
CAN,C21,P,0.0004669910153059
CAN,C21,Q,0.0088852151870832
CAN,C21,R,0.0005224159070312
CAN,C21,S,0.0010943880930575
CAN,C21,T,0.0
CAN,C22,A01_02,0.013101323446151
CAN,C22,A03,0.0155241067585019
CAN,C22,B05_06,0.0055075770367533
CAN,C22,B07_08,0.0075385069269444
CAN,C22,B09,0.002616511531203
CAN,C22,C10T12,0.0150776740631621
CAN,C22,C13T15,0.0283867341202923
CAN,C22,C16,0.0121938904317091
CAN,C22,C17_18,0.020430959797976
CAN,C22,C19,0.0039186365745324
CAN,C22,C20,0.0150881757640124
CAN,C22,C21,0.0112138696908486
CAN,C22,C22,0.0625589287033295
CAN,C22,C23,0.012687031034942
CAN,C22,C24,0.0054702367780482
CAN,C22,C25,0.0152076847452072
CAN,C22,C26,0.0126705905739794
CAN,C22,C27,0.0076217496363439
CAN,C22,C28,0.0074375106758526
CAN,C22,C29,0.0242574589109225
CAN,C22,C30,0.0037248511284828
CAN,C22,C31T33,0.0212869460741582
CAN,C22,D,0.0024029127829191
CAN,C22,E,0.0012949593706497
CAN,C22,F,0.0235323697955601
CAN,C22,G,0.0043536080002236
CAN,C22,H49,0.0060247164513586
CAN,C22,H50,0.0027571580063626
CAN,C22,H51,0.0023132228821506
CAN,C22,H52,0.0110566821476363
CAN,C22,H53,0.0089822914444207
CAN,C22,HFCE,0.0047208067939325
CAN,C22,I,0.0073929744274623
CAN,C22,J58T60,0.0014621649708775
CAN,C22,J61,0.0003212604870063
CAN,C22,J62_63,0.0007275764316632
CAN,C22,K,0.0004415915505781
CAN,C22,L,0.0002532827766641
CAN,C22,M,0.001428544760032
CAN,C22,N,0.0028672102990393
CAN,C22,O,0.00174583651775
CAN,C22,P,0.0011097695230654
CAN,C22,Q,0.0012426296357524
CAN,C22,R,0.0059811290580521
CAN,C22,S,0.005454660653292
CAN,C22,T,0.0
CAN,C23,A01_02,0.00146720836376
CAN,C23,A03,0.0023138183383555
CAN,C23,B05_06,0.0017516620884589
CAN,C23,B07_08,0.0046128409691575
CAN,C23,B09,0.0084700764481975
CAN,C23,C10T12,0.0023399965640556
CAN,C23,C13T15,0.0016214813853936
CAN,C23,C16,0.0028744545028311
CAN,C23,C17_18,0.0020681646421264
CAN,C23,C19,0.0020125124489114
CAN,C23,C20,0.0049486892268359
CAN,C23,C21,0.0017753784001666
CAN,C23,C22,0.0070301671511312
CAN,C23,C23,0.1262764729387737
CAN,C23,C24,0.0049904846204912
CAN,C23,C25,0.007547517614288
CAN,C23,C26,0.0017545224328225
CAN,C23,C27,0.0059146700647968
CAN,C23,C28,0.0012917781700165
CAN,C23,C29,0.0083389309882165
CAN,C23,C30,0.0028018068795386
CAN,C23,C31T33,0.0036044154088758
CAN,C23,D,0.0005014388632869
CAN,C23,E,0.0010489170902262
CAN,C23,F,0.0414676470665382
CAN,C23,G,0.0006450606886629
CAN,C23,H49,0.0022527540537195
CAN,C23,H50,0.0019323671497584
CAN,C23,H51,0.0043919974992185
CAN,C23,H52,0.0004601904946442
CAN,C23,H53,0.0010738923262925
CAN,C23,HFCE,0.0022731307923509
CAN,C23,I,0.0009490616332847
CAN,C23,J58T60,0.0004803393189453
CAN,C23,J61,0.0003887865766318
CAN,C23,J62_63,0.0003212257976438
CAN,C23,K,0.0002895383774924
CAN,C23,L,0.000239726797068
CAN,C23,M,0.0006391559940653
CAN,C23,N,0.0010761380097176
CAN,C23,O,0.0006871035458195
CAN,C23,P,0.0005113817962285
CAN,C23,Q,0.0006612663250123
CAN,C23,R,0.000559731328962
CAN,C23,S,0.0011030279990553
CAN,C23,T,0.0
CAN,C24,A01_02,0.002930382240727
CAN,C24,A03,0.0015873869995695
CAN,C24,B05_06,0.0119156950845012
CAN,C24,B07_08,0.0052950866021708
CAN,C24,B09,0.0196782138630329
CAN,C24,C10T12,0.0004926828208707
CAN,C24,C13T15,0.0039564145803606
CAN,C24,C16,0.0013488657265481
CAN,C24,C17_18,0.0030229857514147
CAN,C24,C19,0.0004344189867694
CAN,C24,C20,0.0132191013593561
CAN,C24,C21,0.00218299078796
CAN,C24,C22,0.0093373480888634
CAN,C24,C23,0.0052446388136571
CAN,C24,C24,0.4118663421110865
CAN,C24,C25,0.1462429679392648
CAN,C24,C26,0.0057821453574299
CAN,C24,C27,0.1356647391894978
CAN,C24,C28,0.0736100039856516
CAN,C24,C29,0.0390318319019943
CAN,C24,C30,0.015222061574403
CAN,C24,C31T33,0.08962065486743
CAN,C24,D,0.0003794072815135
CAN,C24,E,0.0003949626080481
CAN,C24,F,0.0057061340941512
CAN,C24,G,0.0005461317689079
CAN,C24,H49,0.0002762196988944
CAN,C24,H50,0.0011075762931542
CAN,C24,H51,0.0002813379180994
CAN,C24,H52,0.0014986466766374
CAN,C24,H53,0.000234691700448
CAN,C24,HFCE,0.0007360702006738
CAN,C24,I,0.000233670477892
CAN,C24,J58T60,0.0007975445295695
CAN,C24,J61,0.000171884591774
CAN,C24,J62_63,0.0002328887032917
CAN,C24,K,0.0001989438222707
CAN,C24,L,0.0001344895870456
CAN,C24,M,0.0006844925110296
CAN,C24,N,0.0011147494429366
CAN,C24,O,0.0002474485859363
CAN,C24,P,0.0006188074860612
CAN,C24,Q,0.0012729376756488
CAN,C24,R,0.0007036622421237
CAN,C24,S,0.0013363054609965
CAN,C24,T,0.0
CAN,C25,A01_02,0.0036095208509001
CAN,C25,A03,0.0094167025398191
CAN,C25,B05_06,0.0078975799333105
CAN,C25,B07_08,0.0062078206247157
CAN,C25,B09,0.0049579374980008
CAN,C25,C10T12,0.0074820649630438
CAN,C25,C13T15,0.0042374713538288
CAN,C25,C16,0.0100948533920005
CAN,C25,C17_18,0.004103150172347
CAN,C25,C19,0.0014598842140414
CAN,C25,C20,0.0042223649763218
CAN,C25,C21,0.0026449514941258
CAN,C25,C22,0.0123223448953078
CAN,C25,C23,0.0127980286817919
CAN,C25,C24,0.016734675813233
CAN,C25,C25,0.0993124965863782
CAN,C25,C26,0.0234570142003958
CAN,C25,C27,0.0458026279408052
CAN,C25,C28,0.0403511643796617
CAN,C25,C29,0.0227130215482512
CAN,C25,C30,0.0090343976932062
CAN,C25,C31T33,0.0228638778155414
CAN,C25,D,0.0011138155281859
CAN,C25,E,0.007627310693127
CAN,C25,F,0.0546729183833219
CAN,C25,G,0.0013118195418818
CAN,C25,H49,0.001249503260565
CAN,C25,H50,0.0019323671497584
CAN,C25,H51,0.002813379180994
CAN,C25,H52,0.0046140152226171
CAN,C25,H53,0.0020268828675058
CAN,C25,HFCE,0.0034304891320482
CAN,C25,I,0.0023726540832118
CAN,C25,J58T60,0.0033865432486647
CAN,C25,J61,0.0022999795375485
CAN,C25,J62_63,0.0035961228046224
CAN,C25,K,0.0010675589547482
CAN,C25,L,0.0020298295763649
CAN,C25,M,0.0055870590023654
CAN,C25,N,0.0111325480681205
CAN,C25,O,0.0028821825147898
CAN,C25,P,0.0025293866969707
CAN,C25,Q,0.0039620873973659
CAN,C25,R,0.0037581960658883
CAN,C25,S,0.0068485654876074
CAN,C25,T,0.0
CAN,C26,A01_02,0.0007974835561042
CAN,C26,A03,0.0064302625914765
CAN,C26,B05_06,0.0044793678641391
CAN,C26,B07_08,0.0009065876654906
CAN,C26,B09,0.0171576624124364
CAN,C26,C10T12,0.0006457205708406
CAN,C26,C13T15,0.0011026073420677
CAN,C26,C16,0.000890828434378
CAN,C26,C17_18,0.0019022690825975
CAN,C26,C19,0.0004462399115794
CAN,C26,C20,0.0009555199028985
CAN,C26,C21,0.0011503727388835
CAN,C26,C22,0.001338251843355
CAN,C26,C23,0.0010933268214713
CAN,C26,C24,0.000819650365125
CAN,C26,C25,0.0024304986618602
CAN,C26,C26,0.2060569917286799
CAN,C26,C27,0.0534363992642727
CAN,C26,C28,0.0217609463075784
CAN,C26,C29,0.0210947123206245
CAN,C26,C30,0.0065797534736687
CAN,C26,C31T33,0.0043520704166952
CAN,C26,D,0.0007100019303177
CAN,C26,E,0.0035546634724335
CAN,C26,F,0.0067909290903797
CAN,C26,G,0.0008157038811028
CAN,C26,H49,0.0013576458785284
CAN,C26,H50,0.0034876870507835
CAN,C26,H51,0.0011409815567364
CAN,C26,H52,0.0021586567281666
CAN,C26,H53,0.0018064149064789
CAN,C26,HFCE,0.0107117158879921
CAN,C26,I,0.0005697964730137
CAN,C26,J58T60,0.0188208424970394
CAN,C26,J61,0.0682238592183343
CAN,C26,J62_63,0.0118628687069858
CAN,C26,K,0.0006755895474824
CAN,C26,L,0.0002775408454151
CAN,C26,M,0.0062697736107691
CAN,C26,N,0.0026915905543979
CAN,C26,O,0.0029027271390834
CAN,C26,P,0.0051741894243403
CAN,C26,Q,0.010063371356147
CAN,C26,R,0.0039980809211578
CAN,C26,S,0.0021225369067984
CAN,C26,T,0.0
CAN,C27,A01_02,0.0020965883034848
CAN,C27,A03,0.0038743004735256
CAN,C27,B05_06,0.0017077332586543
CAN,C27,B07_08,0.0028242510663929
CAN,C27,B09,0.0051626523366279
CAN,C27,C10T12,0.0008234418288702
CAN,C27,C13T15,0.0007134518095732
CAN,C27,C16,0.0029898654740866
CAN,C27,C17_18,0.0019280750585242
CAN,C27,C19,0.0009811367592343
CAN,C27,C20,0.0009716604417988
CAN,C27,C21,0.0010235599960144
CAN,C27,C22,0.0013121820022506
CAN,C27,C23,0.0019036096434755
CAN,C27,C24,0.0049586191635317
CAN,C27,C25,0.0056700256704353
CAN,C27,C26,0.0236125876180845
CAN,C27,C27,0.0955243258838945
CAN,C27,C28,0.0078325172237089
CAN,C27,C29,0.0125118323830204
CAN,C27,C30,0.0066410174724924
CAN,C27,C31T33,0.0019295375965993
CAN,C27,D,0.0017860986059555
CAN,C27,E,0.0037812813622972
CAN,C27,F,0.018955246866741
CAN,C27,G,0.001239369738195
CAN,C27,H49,0.0013863101869043
CAN,C27,H50,0.0046423942500294
CAN,C27,H51,0.0005783057205376
CAN,C27,H52,0.0022373735233031
CAN,C27,H53,0.001379702723846
CAN,C27,HFCE,0.0058797823625704
CAN,C27,I,0.0005895685903738
CAN,C27,J58T60,0.0027672378374459
CAN,C27,J61,0.0048168610599549
CAN,C27,J62_63,0.0032941705548372
CAN,C27,K,0.0005376490940544
CAN,C27,L,0.0010944669842333
CAN,C27,M,0.0028642011305682
CAN,C27,N,0.0068641164022613
CAN,C27,O,0.0005031150215901
CAN,C27,P,0.0019452040200291
CAN,C27,Q,0.0028335262026781
CAN,C27,R,0.0018817634202249
CAN,C27,S,0.0038217184197035
CAN,C27,T,0.0
CAN,C28,A01_02,0.0070253863357311
CAN,C28,A03,0.0197750753336203
CAN,C28,B05_06,0.0457559945692984
CAN,C28,B07_08,0.0299419783894085
CAN,C28,B09,0.0290439177302242
CAN,C28,C10T12,0.0046375374942487
CAN,C28,C13T15,0.0047347256453495
CAN,C28,C16,0.0094889457929094
CAN,C28,C17_18,0.0087998377910084
CAN,C28,C19,0.004066398134658
CAN,C28,C20,0.0048808989634545
CAN,C28,C21,0.0036956856493265
CAN,C28,C22,0.0077383978344651
CAN,C28,C23,0.0099842383341473
CAN,C28,C24,0.0080495684886036
CAN,C28,C25,0.0261381014801463
CAN,C28,C26,0.0072773787607712
CAN,C28,C27,0.0095572412632388
CAN,C28,C28,0.150678984228207
CAN,C28,C29,0.0106323947025283
CAN,C28,C30,0.0073557641254359
CAN,C28,C31T33,0.0094975040076267
CAN,C28,D,0.004466355892905
CAN,C28,E,0.0074783903655022
CAN,C28,F,0.026855327317686
CAN,C28,G,0.0014129550546425
CAN,C28,H49,0.001258623722321
CAN,C28,H50,0.0042417815482502
CAN,C28,H51,0.0023444826508283
CAN,C28,H52,0.0061338548825605
CAN,C28,H53,0.0042102268686437
CAN,C28,HFCE,0.0040088795110146
CAN,C28,I,0.0033396903686421
CAN,C28,J58T60,0.0159841216134567
CAN,C28,J61,0.0022958870472682
CAN,C28,J62_63,0.0032491989431671
CAN,C28,K,0.0009623964308476
CAN,C28,L,0.0017604936659685
CAN,C28,M,0.0050243528212203
CAN,C28,N,0.0107339784348917
CAN,C28,O,0.0030985858906825
CAN,C28,P,0.0022470613303029
CAN,C28,Q,0.0039979059899707
CAN,C28,R,0.0154006077083
CAN,C28,S,0.0076635966200687
CAN,C28,T,0.0
CAN,C29,A01_02,0.0043424526183146
CAN,C29,A03,0.0068338355574687
CAN,C29,B05_06,0.0069064357108439
CAN,C29,B07_08,0.0039736198355234
CAN,C29,B09,0.001701692096088
CAN,C29,C10T12,0.0009034163949835
CAN,C29,C13T15,0.0015350023781726
CAN,C29,C16,0.0016518195260936
CAN,C29,C17_18,0.0021603288418646
CAN,C29,C19,0.0008392856615137
CAN,C29,C20,0.0010491350285203
CAN,C29,C21,0.0009510955715178
CAN,C29,C22,0.0124005544186208
CAN,C29,C23,0.0021478044665453
CAN,C29,C24,0.0017649922549236
CAN,C29,C25,0.0103501010432027
CAN,C29,C26,0.0028003215183965
CAN,C29,C27,0.0022720988663549
CAN,C29,C28,0.0064731253202755
CAN,C29,C29,0.3932972449230272
CAN,C29,C30,0.0204621756071262
CAN,C29,C31T33,0.0105292026210368
CAN,C29,D,0.0013090660590233
CAN,C29,E,0.000861147981482
CAN,C29,F,0.0020403139048235
CAN,C29,G,0.0052465426365255
CAN,C29,H49,0.0221223314506094
CAN,C29,H50,0.0047837869683044
CAN,C29,H51,0.0041731791184745
CAN,C29,H52,0.0367062470859647
CAN,C29,H53,0.0257449683521797
CAN,C29,HFCE,0.0479793706276338
CAN,C29,I,0.0013696684934904
CAN,C29,J58T60,0.0022959615245184
CAN,C29,J61,0.0005545324329854
CAN,C29,J62_63,0.0026613557334789
CAN,C29,K,0.0010411545115178
CAN,C29,L,0.0006139431811817
CAN,C29,M,0.0032846751016293
CAN,C29,N,0.0054379844333647
CAN,C29,O,0.0047923760268888
CAN,C29,P,0.0013912070741148
CAN,C29,Q,0.0024174794731911
CAN,C29,R,0.0063969294738525
CAN,C29,S,0.007260401006837
CAN,C29,T,0.0
CAN,C30,A01_02,0.0013434841021047
CAN,C30,A03,0.0475408953938872
CAN,C30,B05_06,0.0016981238271345
CAN,C30,B07_08,0.0015488819776518
CAN,C30,B09,0.0004030323385471
CAN,C30,C10T12,0.0014276941061706
CAN,C30,C13T15,0.0011674665974834
CAN,C30,C16,0.0008872218415263
CAN,C30,C17_18,0.0022156273617076
CAN,C30,C19,0.0012175552554354
CAN,C30,C20,0.001601141458911
CAN,C30,C21,0.0013768240654353
CAN,C30,C22,0.0019595830563412
CAN,C30,C23,0.0030690849353993
CAN,C30,C24,0.001384377074574
CAN,C30,C25,0.0009319187284941
CAN,C30,C26,0.00178909430342
CAN,C30,C27,0.0020917735595013
CAN,C30,C28,0.0033593349655525
CAN,C30,C29,0.0011699241868511
CAN,C30,C30,0.3438135613987796
CAN,C30,C31T33,0.0023213218801727
CAN,C30,D,0.0007876583914462
CAN,C30,E,0.0019877626339473
CAN,C30,F,0.0005216009101036
CAN,C30,G,0.0029833137436909
CAN,C30,H49,0.0053263496654744
CAN,C30,H50,0.014115706374455
CAN,C30,H51,0.0632541419193497
CAN,C30,H52,0.0226976851207091
CAN,C30,H53,0.0095796885001066
CAN,C30,HFCE,0.0060759291297933
CAN,C30,I,0.0036039177551816
CAN,C30,J58T60,0.0014802909829132
CAN,C30,J61,0.0002578268876611
CAN,C30,J62_63,0.0016655557607831
CAN,C30,K,0.000755258126195
CAN,C30,L,0.0004862315839341
CAN,C30,M,0.0006933820241599
CAN,C30,N,0.0035136404229322
CAN,C30,O,0.0022498646337532
CAN,C30,P,0.0009153379026243
CAN,C30,Q,0.0015341378740287
CAN,C30,R,0.0192014499706807
CAN,C30,S,0.0039829966649962
CAN,C30,T,0.0
CAN,C31T33,A01_02,0.001842415635519
CAN,C31T33,A03,0.0062150236762806
CAN,C31T33,B05_06,0.0009980081021235
CAN,C31T33,B07_08,0.000992636664249
CAN,C31T33,B09,0.0008892300802866
CAN,C31T33,C10T12,0.0046888791910128
CAN,C31T33,C13T15,0.027673282310719
CAN,C31T33,C16,0.0099073105637104
CAN,C31T33,C17_18,0.0148937346777017
CAN,C31T33,C19,0.0024026029676431
CAN,C31T33,C20,0.0086029072338667
CAN,C31T33,C21,0.0060054891801556
CAN,C31T33,C22,0.0131435448900938
CAN,C31T33,C23,0.016100208675576
CAN,C31T33,C24,0.0092958619163531
CAN,C31T33,C25,0.0284457097602272
CAN,C31T33,C26,0.0096369089290498
CAN,C31T33,C27,0.0109036702210788
CAN,C31T33,C28,0.0149284006149291
CAN,C31T33,C29,0.0047759019668813
CAN,C31T33,C30,0.018620171375826
CAN,C31T33,C31T33,0.0429656764318899
CAN,C31T33,D,0.0005724390563186
CAN,C31T33,E,0.0038784033150959
CAN,C31T33,F,0.0102394155671641
CAN,C31T33,G,0.000743621842917
CAN,C31T33,H49,0.0005980417065686
CAN,C31T33,H50,0.0006833981383292
CAN,C31T33,H51,0.0253673022819631
CAN,C31T33,H52,0.0009415739725944
CAN,C31T33,H53,0.0011023398051347
CAN,C31T33,HFCE,0.0181496983348202
CAN,C31T33,I,0.0017615159102633
CAN,C31T33,J58T60,0.0059543949537182
CAN,C31T33,J61,0.0008737466748516
CAN,C31T33,J62_63,0.001400544477727
CAN,C31T33,K,0.0003814986797778
CAN,C31T33,L,0.0004123871687658
CAN,C31T33,M,0.001743233524843
CAN,C31T33,N,0.0020750531529971
CAN,C31T33,O,0.0084611893785205
CAN,C31T33,P,0.0015234916012642
CAN,C31T33,Q,0.0226571885160081
CAN,C31T33,R,0.0137214137214137
CAN,C31T33,S,0.0099214920541664
CAN,C31T33,T,0.0
CAN,D,A01_02,0.0188854326785361
CAN,D,A03,0.0006188118811881
CAN,D,B05_06,0.0163950629486403
CAN,D,B07_08,0.0241459636873225
CAN,D,B09,0.0067491923359882
CAN,D,C10T12,0.0063495856132666
CAN,D,C13T15,0.0082587451896052
CAN,D,C16,0.0144407977783388
CAN,D,C17_18,0.0329726640983576
CAN,D,C19,0.0113303564304353
CAN,D,C20,0.0237814700157208
CAN,D,C21,0.0087863114702125
CAN,D,C22,0.0139951596995016
CAN,D,C23,0.0156229187941215
CAN,D,C24,0.0190697056870989
CAN,D,C25,0.0089641706264678
CAN,D,C26,0.0049524204630902
CAN,D,C27,0.004928891720664
CAN,D,C28,0.0060460912144849
CAN,D,C29,0.0037056189002025
CAN,D,C30,0.0034471210004819
CAN,D,C31T33,0.0062914026203838
CAN,D,D,0.0016929108526013
CAN,D,E,0.0024604228042345
CAN,D,F,0.00151571528834
CAN,D,G,0.0064333219080851
CAN,D,H49,0.0054305835141139
CAN,D,H50,0.0003770472487333
CAN,D,H51,0.0012191309784307
CAN,D,H52,0.0040115289829184
CAN,D,H53,0.0048787426214351
CAN,D,HFCE,0.0274768352169622
CAN,D,I,0.0077147207008676
CAN,D,J58T60,0.0046221330690963
CAN,D,J61,0.0042193574790259
CAN,D,J62_63,0.0023288870329176
CAN,D,K,0.0033579167804789
CAN,D,L,0.0046846611593715
CAN,D,M,0.0034357968248437
CAN,D,N,0.0036531397945622
CAN,D,O,0.0090364388587415
CAN,D,P,0.0078207677829468
CAN,D,Q,0.0069934424422769
CAN,D,R,0.0134655365424596
CAN,D,S,0.0179710044754713
CAN,D,T,0.0
CAN,E,A01_02,0.0004612763233452
CAN,E,A03,0.0002421437795953
CAN,E,B05_06,0.0085990684342529
CAN,E,B07_08,0.00070683106123
CAN,E,B09,0.00019831749992
CAN,E,C10T12,0.0013092132674843
CAN,E,C13T15,0.0021835949323301
CAN,E,C16,0.0010314855555956
CAN,E,C17_18,0.003915135204881
CAN,E,C19,0.0014894365260666
CAN,E,C20,0.0064174782667643
CAN,E,C21,0.0009873277837661
CAN,E,C22,0.0030936211443791
CAN,E,C23,0.0022255028193402
CAN,E,C24,0.0016853286125248
CAN,E,C25,0.003417035337812
CAN,E,C26,0.0009247975384828
CAN,E,C27,0.0030895735907577
CAN,E,C28,0.0014697090474292
CAN,E,C29,0.0008761546773775
CAN,E,C30,0.0025322452847142
CAN,E,C31T33,0.0029285875197116
CAN,E,D,0.0003150633565785
CAN,E,E,0.0593220887694648
CAN,E,F,0.001052194939347
CAN,E,G,0.0058276121280235
CAN,E,H49,0.0018879355834815
CAN,E,H50,0.00084835630965
CAN,E,H51,0.0026883401062832
CAN,E,H52,0.0030548171651054
CAN,E,H53,0.0023469170044804
CAN,E,HFCE,0.0043086444467881
CAN,E,I,0.0038825248634375
CAN,E,J58T60,0.0013836189187229
CAN,E,J61,0.000464497646818
CAN,E,J62_63,0.0015997044722661
CAN,E,K,0.0017017208413001
CAN,E,L,0.0035862700757814
CAN,E,M,0.001498771913761
CAN,E,N,0.00150833695575
CAN,E,O,0.0128718919407547
CAN,E,P,0.0033692602720267
CAN,E,Q,0.0038127514189673
CAN,E,R,0.0053787515325976
CAN,E,S,0.0097602138088737
CAN,E,T,0.0
CAN,F,A01_02,0.0139552898173587
CAN,F,A03,0.0010223848471803
CAN,F,B05_06,0.0276422161545526
CAN,F,B07_08,0.016429212405807
CAN,F,B09,0.0011963023382272
CAN,F,C10T12,0.0018789086335012
CAN,F,C13T15,0.0029619059973191
CAN,F,C16,0.0009268943628953
CAN,F,C17_18,0.0062782252861698
CAN,F,C19,0.0018381538079631
CAN,F,C20,0.0091904228498381
CAN,F,C21,0.0071558619190391
CAN,F,C22,0.0032326602969354
CAN,F,C23,0.0109665675087688
CAN,F,C24,0.0029351626466032
CAN,F,C25,0.003737915779125
CAN,F,C26,0.0035695456391906
CAN,F,C27,0.0048567615979226
CAN,F,C28,0.00513864373968
CAN,F,C29,0.0011785139385901
CAN,F,C30,0.0070862025306115
CAN,F,C31T33,0.003085301233141
CAN,F,D,0.0408827986501088
CAN,F,E,0.0215351743339052
CAN,F,F,0.0016802144259373
CAN,F,G,0.0070342507366342
CAN,F,H49,0.0244949544302643
CAN,F,H50,0.024673029338989
CAN,F,H51,0.0009377930603313
CAN,F,H52,0.0548625786411059
CAN,F,H53,0.0030865514543773
CAN,F,HFCE,0.0014116098324285
CAN,F,I,0.0075691260184887
CAN,F,J58T60,0.0020180293399714
CAN,F,J61,0.0055023531819111
CAN,F,J62_63,0.0042257253680043
CAN,F,K,0.0046503687517071
CAN,F,L,0.0681327101863554
CAN,F,M,0.0039469438298333
CAN,F,N,0.0048550763447677
CAN,F,O,0.0258917051764235
CAN,F,P,0.0189379949572072
CAN,F,Q,0.0080476111754008
CAN,F,R,0.0186790340636494
CAN,F,S,0.0071538421661972
CAN,F,T,0.0
CAN,G,A01_02,0.1144409075443558
CAN,G,A03,0.0806069737408523
CAN,G,B05_06,0.0481693346566893
CAN,G,B07_08,0.0483165128028617
CAN,G,B09,0.0447173975626139
CAN,G,C10T12,0.1230147054467616
CAN,G,C13T15,0.1702987849699485
CAN,G,C16,0.0814260468135752
CAN,G,C17_18,0.0941954987004847
CAN,G,C19,0.0415830582505622
CAN,G,C20,0.1268549514331184
CAN,G,C21,0.1368671817679508
CAN,G,C22,0.1407336922281458
CAN,G,C23,0.0975502819340229
CAN,G,C24,0.0785111750387253
CAN,G,C25,0.0836303184226336
CAN,G,C26,0.0972420290230853
CAN,G,C27,0.1046608080978084
CAN,G,C28,0.1019259238171155
CAN,G,C29,0.1505010402189356
CAN,G,C30,0.0731573831287115
CAN,G,C31T33,0.0793559066378052
CAN,G,D,0.0153892918396371
CAN,G,E,0.0763572792903622
CAN,G,F,0.0837521691216008
CAN,G,G,0.0202043010910866
CAN,G,H49,0.0462889492576595
CAN,G,H50,0.032661717921527
CAN,G,H51,0.0613472960300093
CAN,G,H52,0.0360432094653918
CAN,G,H53,0.0440224735082853
CAN,G,HFCE,0.123399881919184
CAN,G,I,0.1023746312949478
CAN,G,J58T60,0.0474448365033714
CAN,G,J61,0.0353079598935952
CAN,G,J62_63,0.0262425415385109
CAN,G,K,0.0110038240917782
CAN,G,L,0.0085506124983991
CAN,G,M,0.0308732791013768
CAN,G,N,0.0535279017426211
CAN,G,O,0.0408943029300286
CAN,G,P,0.0238050001775631
CAN,G,Q,0.0517633768666997
CAN,G,R,0.0643531105069566
CAN,G,S,0.0615017308611682
CAN,G,T,0.0
CAN,H49,A01_02,0.0341344479275513
CAN,H49,A03,0.0124838570813603
CAN,H49,B05_06,0.0114983712013574
CAN,H49,B07_08,0.0111341258036361
CAN,H49,B09,0.0129418162044589
CAN,H49,C10T12,0.0268566441092314
CAN,H49,C13T15,0.022030527089549
CAN,H49,C16,0.0363941284668373
CAN,H49,C17_18,0.0266981253801773
CAN,H49,C19,0.0697079936048796
CAN,H49,C20,0.0212344929772515
CAN,H49,C21,0.0177719001077908
CAN,H49,C22,0.0223635786939878
CAN,H49,C23,0.0366958220485725
CAN,H49,C24,0.0378278380172604
CAN,H49,C25,0.0212702769129936
CAN,H49,C26,0.012497731220992
CAN,H49,C27,0.0275657285743481
CAN,H49,C28,0.0198819962420998
CAN,H49,C29,0.0262640249171518
CAN,H49,C30,0.0098675880772089
CAN,H49,C31T33,0.0204641990786539
CAN,H49,D,0.0086132109171671
CAN,H49,E,0.0033733691605425
CAN,H49,F,0.0158368828050437
CAN,H49,G,0.0127735991444303
CAN,H49,H49,0.1541814059843258
CAN,H49,H50,0.0168964298338635
CAN,H49,H51,0.0110503282275711
CAN,H49,H52,0.1205789923039194
CAN,H49,H53,0.0948367825901429
CAN,H49,HFCE,0.0150292550939534
CAN,H49,I,0.0068195830240195
CAN,H49,J58T60,0.005576769702975
CAN,H49,J61,0.0029384080212809
CAN,H49,J62_63,0.0038755892485725
CAN,H49,K,0.0016220522625876
CAN,H49,L,0.0014911577555721
CAN,H49,M,0.0056181722983213
CAN,H49,N,0.0069413392686994
CAN,H49,O,0.0067920527914665
CAN,H49,P,0.0352400653432295
CAN,H49,Q,0.0035454896126081
CAN,H49,R,0.007921530998454
CAN,H49,S,0.0091755801696877
CAN,H49,T,0.0
CAN,H50,A01_02,0.0027367268746579
CAN,H50,A03,0.0025290572535514
CAN,H50,B05_06,0.0015855562007602
CAN,H50,B07_08,0.0057622097382881
CAN,H50,B09,0.0008892300802866
CAN,H50,C10T12,0.0009123024578849
CAN,H50,C13T15,0.0013404246119254
CAN,H50,C16,0.0009232877700436
CAN,H50,C17_18,0.0049805533538552
CAN,H50,C19,0.0016046905429646
CAN,H50,C20,0.0010039415195994
CAN,H50,C21,0.0020108877797806
CAN,H50,C22,0.001203557664316
CAN,H50,C23,0.0011155263508413
CAN,H50,C24,0.0012533746404071
CAN,H50,C25,0.0014234802556119
CAN,H50,C26,0.0015038763709907
CAN,H50,C27,0.0016589928230527
CAN,H50,C28,0.0016298468371007
CAN,H50,C29,0.0014207449376298
CAN,H50,C30,0.0012987967750631
CAN,H50,C31T33,0.0018250617876463
CAN,H50,D,0.0005103138874158
CAN,H50,E,0.0008222992003625
CAN,H50,F,0.0026334850547474
CAN,H50,G,0.0027012376044637
CAN,H50,H49,0.0011283314115217
CAN,H50,H50,0.069753741015671
CAN,H50,H51,0.0017974366989684
CAN,H50,H52,0.0102785969034023
CAN,H50,H53,0.0011947941113718
CAN,H50,HFCE,0.0018438720249774
CAN,H50,I,0.000826833998695
CAN,H50,J58T60,0.0012355898204316
CAN,H50,J61,0.0003580928995293
CAN,H50,J62_63,0.0010584390032363
CAN,H50,K,0.0003368842756988
CAN,H50,L,0.0003581632503814
CAN,H50,M,0.001951248132091
CAN,H50,N,0.0016540639778993
CAN,H50,O,0.0006766029600694
CAN,H50,P,0.0007990340566071
CAN,H50,Q,0.0009588361712679
CAN,H50,R,0.0016898555360093
CAN,H50,S,0.0017164613249007
CAN,H50,T,0.0
CAN,H51,A01_02,0.0005823109271385
CAN,H51,A03,0.0009685751183814
CAN,H51,B05_06,0.0005257731817239
CAN,H51,B07_08,0.000531659885186
CAN,H51,B09,0.0005565684675175
CAN,H51,C10T12,0.0007908595982314
CAN,H51,C13T15,0.0012971851083149
CAN,H51,C16,0.0008511559130089
CAN,H51,C17_18,0.0008663434775395
CAN,H51,C19,0.0010904803137273
CAN,H51,C20,0.0009167826095377
CAN,H51,C21,0.0009601536245799
CAN,H51,C22,0.0010471386176901
CAN,H51,C23,0.0011099764684988
CAN,H51,C24,0.0009010843106882
CAN,H51,C25,0.0013722759298705
CAN,H51,C26,0.0012273014062108
CAN,H51,C27,0.0012141903994806
CAN,H51,C28,0.0013736263736263
CAN,H51,C29,0.000931129088507
CAN,H51,C30,0.0010496565131799
CAN,H51,C31T33,0.0013451260402688
CAN,H51,D,0.0002751257479981
CAN,H51,E,0.0006539544821781
CAN,H51,F,0.0005414607148705
CAN,H51,G,0.0004324922291149
CAN,H51,H49,0.0009042286369469
CAN,H51,H50,0.0027571580063626
CAN,H51,H51,0.0028758987183494
CAN,H51,H52,0.0007023960181411
CAN,H51,H53,0.0036128298129578
CAN,H51,HFCE,0.0011478859987595
CAN,H51,I,0.0005086826557189
CAN,H51,J58T60,0.0009304686178311
CAN,H51,J61,0.0006527521997135
CAN,H51,J62_63,0.0008753402985793
CAN,H51,K,0.0003346080305927
CAN,H51,L,0.0002943074517576
CAN,H51,M,0.0012925352091391
CAN,H51,N,0.0011857446588555
CAN,H51,O,0.0007784129871244
CAN,H51,P,0.0006108171454952
CAN,H51,Q,0.0005852206976359
CAN,H51,R,0.001226078149155
CAN,H51,S,0.0010569485004003
CAN,H51,T,0.0
CAN,H52,A01_02,0.0058553851657299
CAN,H52,A03,0.0215507963839862
CAN,H52,B05_06,0.0080403486301755
CAN,H52,B07_08,0.0080025568845345
CAN,H52,B09,0.0016249240316028
CAN,H52,C10T12,0.0161755965016557
CAN,H52,C13T15,0.0114584684567821
CAN,H52,C16,0.0149926064846539
CAN,H52,C17_18,0.0137951374168218
CAN,H52,C19,0.0164990558036307
CAN,H52,C20,0.0167151420851639
CAN,H52,C21,0.0118751075643801
CAN,H52,C22,0.0197435596630038
CAN,H52,C23,0.0253463126581716
CAN,H52,C24,0.0095578667846868
CAN,H52,C25,0.0125553006718007
CAN,H52,C26,0.0112617868471318
CAN,H52,C27,0.014930935407475
CAN,H52,C28,0.0165582474520298
CAN,H52,C29,0.0070161092204113
CAN,H52,C30,0.0104393853995638
CAN,H52,C31T33,0.0136830661038032
CAN,H52,D,0.0015930668311504
CAN,H52,E,0.0095826993428081
CAN,H52,F,0.001993849455935
CAN,H52,G,0.0193952169890008
CAN,H52,H49,0.0611357580732373
CAN,H52,H50,0.2966890538470602
CAN,H52,H51,0.1344326351984995
CAN,H52,H52,0.0129701057832623
CAN,H52,H53,0.0250835644690989
CAN,H52,HFCE,0.0045591994162265
CAN,H52,I,0.0018891359404967
CAN,H52,J58T60,0.0047097421272687
CAN,H52,J61,0.0012604870063433
CAN,H52,J62_63,0.0037744031223147
CAN,H52,K,0.0014613493580988
CAN,H52,L,0.0010566529358862
CAN,H52,M,0.0046216578764197
CAN,H52,N,0.0064182166250867
CAN,H52,O,0.0058410649602758
CAN,H52,P,0.002812599879257
CAN,H52,Q,0.0017055160632611
CAN,H52,R,0.0076549922703768
CAN,H52,S,0.0051724237240298
CAN,H52,T,0.0
CAN,H53,A01_02,0.0001560001560001
CAN,H53,A03,0.0002421437795953
CAN,H53,B05_06,0.0012945277033046
CAN,H53,B07_08,0.0012753690887411
CAN,H53,B09,0.0004798004030323
CAN,H53,C10T12,0.002054655210886
CAN,H53,C13T15,0.0070047995849007
CAN,H53,C16,0.0015544415190969
CAN,H53,C17_18,0.0029676872315717
CAN,H53,C19,0.0001891347969608
CAN,H53,C20,0.0033410915523647
CAN,H53,C21,0.0021920488410221
CAN,H53,C22,0.0027156084483665
CAN,H53,C23,0.0024641477600674
CAN,H53,C24,0.0006072139853949
CAN,H53,C25,0.004557184990988
CAN,H53,C26,0.0025583184242141
CAN,H53,C27,0.0029813784066455
CAN,H53,C28,0.0038219552468257
CAN,H53,C29,0.0003934106296459
CAN,H53,C30,0.0004329322583543
CAN,H53,C31T33,0.0051389038528719
CAN,H53,D,0.0023585376622742
CAN,H53,E,0.003489915503901
CAN,H53,F,0.0017225570285535
CAN,H53,G,0.0130531009251508
CAN,H53,H49,0.001252109106781
CAN,H53,H50,0.0026393307411334
CAN,H53,H51,0.0025476711472335
CAN,H53,H52,0.0137300256132341
CAN,H53,H53,0.0230424578621719
CAN,H53,HFCE,0.0023352785902107
CAN,H53,I,0.0019646294795079
CAN,H53,J58T60,0.0056855257751891
CAN,H53,J61,0.00707386944956
CAN,H53,J62_63,0.0020895738136729
CAN,H53,K,0.0073941546025676
CAN,H53,L,0.0035983991101569
CAN,H53,M,0.0038562707959047
CAN,H53,N,0.009067459155954
CAN,H53,O,0.002998145505247
CAN,H53,P,0.0023882240136368
CAN,H53,Q,0.0034181958450432
CAN,H53,R,0.0049043125966202
CAN,H53,S,0.0086514258724865
CAN,H53,T,0.0
CAN,I,A01_02,0.0007275524516903
CAN,I,A03,0.0023676280671545
CAN,I,B05_06,0.0020111167394924
CAN,I,B07_08,0.0011124906268054
CAN,I,B09,0.0020727377410997
CAN,I,C10T12,0.0032740205090331
CAN,I,C13T15,0.0033294417780083
CAN,I,C16,0.0013452591336963
CAN,I,C17_18,0.0014783137638015
CAN,I,C19,0.0001950452593658
CAN,I,C20,0.0018658462968761
CAN,I,C21,0.0062047663475212
CAN,I,C22,0.001890063480063
CAN,I,C23,0.0020090574079829
CAN,I,C24,0.0003576012392122
CAN,I,C25,0.003171254574253
CAN,I,C26,0.0032929706744107
CAN,I,C27,0.0031617037134991
CAN,I,C28,0.0035123555201275
CAN,I,C29,0.0005909749196428
CAN,I,C30,0.0021115658261246
CAN,I,C31T33,0.0056123098621898
CAN,I,D,0.0010539091153154
CAN,I,E,0.0049273204053222
CAN,I,F,0.0012163193636468
CAN,I,G,0.0071765759855012
CAN,I,H49,0.0015009674204076
CAN,I,H50,0.0002592199835041
CAN,I,H51,0.0188809002813379
CAN,I,H52,0.0108144766241394
CAN,I,H53,0.0038617452528269
CAN,I,HFCE,0.0454794812345417
CAN,I,I,0.0033073359947801
CAN,I,J58T60,0.0075796940329168
CAN,I,J61,0.0032903621853898
CAN,I,J62_63,0.0075150775358769
CAN,I,K,0.0032518437585359
CAN,I,L,0.0028849264998353
CAN,I,M,0.0113083496529978
CAN,I,N,0.0102270476826289
CAN,I,O,0.0042390408125809
CAN,I,P,0.0052176923896445
CAN,I,Q,0.0058329200418802
CAN,I,R,0.0119729196652273
CAN,I,S,0.0099445318034939
CAN,I,T,0.0
CAN,J58T60,A01_02,0.0004612763233452
CAN,J58T60,A03,0.0005380972879896
CAN,J58T60,B05_06,0.003221905110982
CAN,J58T60,B07_08,0.0012169786967264
CAN,J58T60,B09,0.0008252566932156
CAN,J58T60,C10T12,0.0013635169852155
CAN,J58T60,C13T15,0.0014701431227569
CAN,J58T60,C16,0.0006419735276084
CAN,J58T60,C17_18,0.0009327017013511
CAN,J58T60,C19,0.000242328958606
CAN,J58T60,C20,0.0012073123097433
CAN,J58T60,C21,0.0027174159186224
CAN,J58T60,C22,0.0010427936441727
CAN,J58T60,C23,0.0010822270567863
CAN,J58T60,C24,0.0004549679132551
CAN,J58T60,C25,0.0012289038177945
CAN,J58T60,C26,0.002463245780071
CAN,J58T60,C27,0.0018272964427827
CAN,J58T60,C28,0.0016084951318111
CAN,J58T60,C29,0.0004226157855585
CAN,J58T60,C30,0.001429493305887
CAN,J58T60,C31T33,0.0019099483824206
CAN,J58T60,D,0.0023696314424354
CAN,J58T60,E,0.0050373919518275
CAN,J58T60,F,0.0009510223490252
CAN,J58T60,G,0.0083453347475142
CAN,J58T60,H49,0.0015478726522954
CAN,J58T60,H50,0.0003770472487333
CAN,J58T60,H51,0.0028915286026883
CAN,J58T60,H52,0.0029004111438761
CAN,J58T60,H53,0.0049214138396984
CAN,J58T60,HFCE,0.0122399972368488
CAN,J58T60,I,0.002775286291272
CAN,J58T60,J58T60,0.1085536650796336
CAN,J58T60,J61,0.0383650501330059
CAN,J58T60,J62_63,0.025898829935032
CAN,J58T60,K,0.0072489301648001
CAN,J58T60,L,0.0014130325047419
CAN,J58T60,M,0.0080565657499504
CAN,J58T60,N,0.0063758686015561
CAN,J58T60,O,0.0053329279194139
CAN,J58T60,P,0.006568947760929
CAN,J58T60,Q,0.0021149501294979
CAN,J58T60,R,0.0089930166853243
CAN,J58T60,S,0.0045964299908416
CAN,J58T60,T,0.0
CAN,J61,A01_02,0.0035490035490035
CAN,J61,A03,0.0005380972879896
CAN,J61,B05_06,0.0027894806925929
CAN,J61,B07_08,0.0018961511512126
CAN,J61,B09,0.0018232415315228
CAN,J61,C10T12,0.0017851113028745
CAN,J61,C13T15,0.0036753578068923
CAN,J61,C16,0.0011541097125545
CAN,J61,C17_18,0.0015409854196236
CAN,J61,C19,0.0004314637555669
CAN,J61,C20,0.0016753879378524
CAN,J61,C21,0.0038406144983197
CAN,J61,C22,0.0017988190361979
CAN,J61,C23,0.0019813079962704
CAN,J61,C24,0.0004832927638858
CAN,J61,C25,0.0027001747774318
CAN,J61,C26,0.003509044865645
CAN,J61,C27,0.0026087061058148
CAN,J61,C28,0.0031814040881398
CAN,J61,C29,0.0006562570328592
CAN,J61,C30,0.0019522794291829
CAN,J61,C31T33,0.0037480696461861
CAN,J61,D,0.0020501305737924
CAN,J61,E,0.0056654472465926
CAN,J61,F,0.0018136123598431
CAN,J61,G,0.0050144826054273
CAN,J61,H49,0.0039465540941101
CAN,J61,H50,0.0008012254035583
CAN,J61,H51,0.0094091903719912
CAN,J61,H52,0.0115259553494117
CAN,J61,H53,0.0056894957684375
CAN,J61,HFCE,0.0326592453570801
CAN,J61,I,0.0045134351537461
CAN,J61,J58T60,0.0119752519515672
CAN,J61,J61,0.0889952936361776
CAN,J61,J62_63,0.0208347052351774
CAN,J61,K,0.0115674223800418
CAN,J61,L,0.0042761980899624
CAN,J61,M,0.0087303908452237
CAN,J61,N,0.0112072798743509
CAN,J61,O,0.00637385555029
CAN,J61,P,0.0035929898078767
CAN,J61,Q,0.0076073180139968
CAN,J61,R,0.0059811290580521
CAN,J61,S,0.0073151204114899
CAN,J61,T,0.0
CAN,J62_63,A01_02,0.0010234148165182
CAN,J62_63,A03,0.0008878605251829
CAN,J62_63,B05_06,0.0159159641485837
CAN,J62_63,B07_08,0.0055993312763525
CAN,J62_63,B09,0.0018680229024725
CAN,J62_63,C10T12,0.0029758437316724
CAN,J62_63,C13T15,0.0035672590478661
CAN,J62_63,C16,0.0017672304973491
CAN,J62_63,C17_18,0.001898582514608
CAN,J62_63,C19,0.0006501508645528
CAN,J62_63,C20,0.0031118958999803
CAN,J62_63,C21,0.0067210753720595
CAN,J62_63,C22,0.0023680105669755
CAN,J62_63,C23,0.0030746348177418
CAN,J62_63,C24,0.0011524673600354
CAN,J62_63,C25,0.0029732645147195
CAN,J62_63,C26,0.0066982999282633
CAN,J62_63,C27,0.0066239496050875
CAN,J62_63,C28,0.0044660650230598
CAN,J62_63,C29,0.0011785139385901
CAN,J62_63,C30,0.0050644905694284
CAN,J62_63,C31T33,0.0047797682595962
CAN,J62_63,D,0.0124982527296246
CAN,J62_63,E,0.0194049661691864
CAN,J62_63,F,0.0026184965228479
CAN,J62_63,G,0.0142623138922682
CAN,J62_63,H49,0.0068234083165581
CAN,J62_63,H50,0.0008012254035583
CAN,J62_63,H51,0.0078462019381056
CAN,J62_63,H52,0.0079958098444435
CAN,J62_63,H53,0.021392504089325
CAN,J62_63,HFCE,0.0012386818521383
CAN,J62_63,I,0.0059352301384587
CAN,J62_63,J58T60,0.0441610073229088
CAN,J62_63,J61,0.0320196439533456
CAN,J62_63,J62_63,0.1385880520064566
CAN,J62_63,K,0.0366985340981516
CAN,J62_63,L,0.003166034708302
CAN,J62_63,M,0.031227970675274
CAN,J62_63,N,0.0149326604149358
CAN,J62_63,O,0.0210445434847517
CAN,J62_63,P,0.0086153627614616
CAN,J62_63,Q,0.0050939549236788
CAN,J62_63,R,0.0123887200810277
CAN,J62_63,S,0.0111281989251956
CAN,J62_63,T,0.0
CAN,K,A01_02,0.0231942645735749
CAN,K,A03,0.0223579423159707
CAN,K,B05_06,0.0769935108881723
CAN,K,B07_08,0.0297913926415813
CAN,K,B09,0.021124012410837
CAN,K,C10T12,0.0176181007126622
CAN,K,C13T15,0.0294677217105547
CAN,K,C16,0.0330039311862083
CAN,K,C17_18,0.0290649020294556
CAN,K,C19,0.0204886179270235
CAN,K,C20,0.0280393441776234
CAN,K,C21,0.0325546427050969
CAN,K,C22,0.0221810898062576
CAN,K,C23,0.0315732806464502
CAN,K,C24,0.0157043593715423
CAN,K,C25,0.0359966409962313
CAN,K,C26,0.0311060405700901
CAN,K,C27,0.0239952874986475
CAN,K,C28,0.036696464157604
CAN,K,C29,0.0182841455516252
CAN,K,C30,0.0187222780405322
CAN,K,C31T33,0.0305297902974622
CAN,K,D,0.0262989152501758
CAN,K,E,0.0386933859950144
CAN,K,F,0.0304375864416738
CAN,K,G,0.06482933474163
CAN,K,H49,0.0340310486576634
CAN,K,H50,0.018687404265347
CAN,K,H51,0.0409346670834635
CAN,K,H52,0.0392130742541583
CAN,K,H53,0.0322807766161723
CAN,K,HFCE,0.0895764627575855
CAN,K,I,0.0432757725056125
CAN,K,J58T60,0.0304305532058873
CAN,K,J61,0.0270411295273173
CAN,K,J62_63,0.0218594155296611
CAN,K,K,0.2566935263589183
CAN,K,L,0.0629553961895568
CAN,K,M,0.0260276054940746
CAN,K,N,0.0410526722225612
CAN,K,O,0.018935295390608
CAN,K,P,0.0035193011115451
CAN,K,Q,0.0116294704358847
CAN,K,R,0.0418679034063649
CAN,K,S,0.0294966390765668
CAN,K,T,0.0
CAN,L,A01_02,0.0010018975536216
CAN,L,A03,0.000672621609987
CAN,L,B05_06,0.0017406798810077
CAN,L,B07_08,0.0018101021524542
CAN,L,B09,0.000658925886831
CAN,L,C10T12,0.0017140227996627
CAN,L,C13T15,0.006939940329485
CAN,L,C16,0.0021314963753741
CAN,L,C17_18,0.0037086873974673
CAN,L,C19,0.0005910462405026
CAN,L,C20,0.001807740356835
CAN,L,C21,0.0032156088370365
CAN,L,C22,0.004071240185791
CAN,L,C23,0.0027138924654797
CAN,L,C24,0.000509847311352
CAN,L,C25,0.0071071604129116
CAN,L,C26,0.0056525008426893
CAN,L,C27,0.0034141591430941
CAN,L,C28,0.0068111939873597
CAN,L,C29,0.0010908984708523
CAN,L,C30,0.0011272575783566
CAN,L,C31T33,0.0132586331299319
CAN,L,D,0.0053383270135765
CAN,L,E,0.0104762213085564
CAN,L,F,0.0037032915190764
CAN,L,G,0.0415810385991959
CAN,L,H49,0.0051061556602237
CAN,L,H50,0.0044538706256627
CAN,L,H51,0.0033916849015317
CAN,L,H52,0.019176622322872
CAN,L,H53,0.0163288528554156
CAN,L,HFCE,0.2531682958900552
CAN,L,I,0.0307204779819498
CAN,L,J58T60,0.0214098412161345
CAN,L,J61,0.0099161039492531
CAN,L,J62_63,0.0214739445724886
CAN,L,K,0.011022489301648
CAN,L,L,0.0162718130872994
CAN,L,M,0.0281922019412918
CAN,L,N,0.0240412220643166
CAN,L,O,0.0168917900942039
CAN,L,P,0.0099444227422848
CAN,L,Q,0.0188185374993111
CAN,L,R,0.0403912788528173
CAN,L,S,0.0681746182601533
CAN,L,T,0.0
CAN,M,A01_02,0.0256795084381291
CAN,M,A03,0.0053002582866982
CAN,M,B05_06,0.075226748264468
CAN,M,B07_08,0.0261496760869832
CAN,M,B09,0.070223586987813
CAN,M,C10T12,0.0164086088177389
CAN,M,C13T15,0.0169931249189259
CAN,M,C16,0.0113751938543657
CAN,M,C17_18,0.0147610182300787
CAN,M,C19,0.006531060957554
CAN,M,C20,0.0175124847068393
CAN,M,C21,0.0557794907562568
CAN,M,C22,0.0132043745193373
CAN,M,C23,0.023004262309639
CAN,M,C24,0.0080070812126576
CAN,M,C25,0.0122958654213774
CAN,M,C26,0.0350731627211519
CAN,M,C27,0.0157964968803721
CAN,M,C28,0.0184194044297671
CAN,M,C29,0.0043395425785403
CAN,M,C30,0.0303746906168059
CAN,M,C31T33,0.0152469383690673
CAN,M,D,0.0391854502854429
CAN,M,E,0.0213150312408948
CAN,M,F,0.0694669740814559
CAN,M,G,0.0607559640531288
CAN,M,H49,0.0100820190096481
CAN,M,H50,0.0018145398845292
CAN,M,H51,0.0132854016880275
CAN,M,H52,0.0140903063294358
CAN,M,H53,0.0111727473152691
CAN,M,HFCE,0.0105697462902789
CAN,M,I,0.0123953201195673
CAN,M,J58T60,0.0345723469560383
CAN,M,J61,0.0376734192756292
CAN,M,J62_63,0.0175919308079631
CAN,M,K,0.0341286533733952
CAN,M,L,0.0137593192900519
CAN,M,M,0.0850415273605879
CAN,M,N,0.0491224617653396
CAN,M,O,0.0432920888586959
CAN,M,P,0.0131094854220675
CAN,M,Q,0.0137885049870502
CAN,M,R,0.0270909963217655
CAN,M,S,0.0397579674333143
CAN,M,T,0.0
CAN,N,A01_02,0.0065520065520065
CAN,N,A03,0.0060535944898837
CAN,N,B05_06,0.0289902821191816
CAN,N,B07_08,0.0079748982777907
CAN,N,B09,0.0188529571698173
CAN,N,C10T12,0.0067099648309377
CAN,N,C13T15,0.0078695896571107
CAN,N,C16,0.0039311862083889
CAN,N,C17_18,0.0066173895412066
CAN,N,C19,0.001589914386952
CAN,N,C20,0.0100555557348948
CAN,N,C21,0.0173552296669353
CAN,N,C22,0.0093286581418286
CAN,N,C23,0.0079585312791368
CAN,N,C24,0.0035954857269307
CAN,N,C25,0.0114288055054891
CAN,N,C26,0.0122816570297577
CAN,N,C27,0.0085353978577353
CAN,N,C28,0.0093306952115242
CAN,N,C29,0.0117439085775542
CAN,N,C30,0.0089935550273237
CAN,N,C31T33,0.0162361936850903
CAN,N,D,0.0084823043112648
CAN,N,E,0.039256693321247
CAN,N,F,0.014791057991754
CAN,N,G,0.0333408847849528
CAN,N,H49,0.0271125269542217
CAN,N,H50,0.0103687993401673
CAN,N,H51,0.0155361050328227
CAN,N,H52,0.0273752792932442
CAN,N,H53,0.0332053196785434
CAN,N,HFCE,0.0080141780150894
CAN,N,I,0.021711582326603
CAN,N,J58T60,0.0364937042318196
CAN,N,J61,0.023988131778187
CAN,N,J62_63,0.0517061105177356
CAN,N,K,0.0261868341983064
CAN,N,L,0.0194553278745543
CAN,N,M,0.0379724442871988
CAN,N,N,0.0525738256830798
CAN,N,O,0.0260008199587829
CAN,N,P,0.0169457367094001
CAN,N,Q,0.0151077313054499
CAN,N,R,0.0456847379924303
CAN,N,S,0.0386664593089227
CAN,N,T,0.0
CAN,O,A01_02,0.0015357946392429
CAN,O,A03,0.0017757210503659
CAN,O,B05_06,0.0063655619938746
CAN,O,B07_08,0.0018684925444688
CAN,O,B09,0.0025333461280107
CAN,O,C10T12,0.0030706284026215
CAN,O,C13T15,0.0025943702166299
CAN,O,C16,0.0022000216395571
CAN,O,C17_18,0.0037123739654568
CAN,O,C19,0.0025060360597311
CAN,O,C20,0.0060236491175967
CAN,O,C21,0.0051177999800722
CAN,O,C22,0.0031240359590008
CAN,O,C23,0.0037406206988411
CAN,O,C24,0.0021898650143837
CAN,O,C25,0.0033214539297613
CAN,O,C26,0.0036991901539312
CAN,O,C27,0.0031256386521284
CAN,O,C28,0.0031387006775607
CAN,O,C29,0.0014482321431945
CAN,O,C30,0.0026466047491851
CAN,O,C31T33,0.0037872480745434
CAN,O,D,0.0015420354424088
CAN,O,E,0.030457444397682
CAN,O,F,0.002966979889512
CAN,O,G,0.0070324119091295
CAN,O,H49,0.0060182018358186
CAN,O,H50,0.0131495227995758
CAN,O,H51,0.008018130665833
CAN,O,H52,0.0058946769281073
CAN,O,H53,0.004487589787355
CAN,O,HFCE,0.0110665821240985
CAN,O,I,0.0052090541917787
CAN,O,J58T60,0.0089935229716992
CAN,O,J61,0.0043707796193984
CAN,O,J62_63,0.0081382555833058
CAN,O,K,0.0069079486479104
CAN,O,L,0.0045383992742556
CAN,O,M,0.0060884275429119
CAN,O,N,0.0048189559717563
CAN,O,O,0.0186536057641824
CAN,O,P,0.0039987215455094
CAN,O,Q,0.0071609632446134
CAN,O,R,0.010597579828349
CAN,O,S,0.0145092821390103
CAN,O,T,0.0
CAN,P,A01_02,0.0003644486403107
CAN,P,A03,0.0005650021523891
CAN,P,B05_06,0.0012615810809512
CAN,P,B07_08,0.0005070744569693
CAN,P,B09,0.0009148194351149
CAN,P,C10T12,0.0006575686547093
CAN,P,C13T15,0.0006269728023522
CAN,P,C16,0.0004363977350596
CAN,P,C17_18,0.0006156568542515
CAN,P,C19,0.0002777917330362
CAN,P,C20,0.000619796693772
CAN,P,C21,0.0012500113225663
CAN,P,C22,0.0005996063453993
CAN,P,C23,0.0006548861164143
CAN,P,C24,0.0002690860809913
CAN,P,C25,0.0005188705008465
CAN,P,C26,0.0007778670884434
CAN,P,C27,0.0006371494175492
CAN,P,C28,0.0007081648921027
CAN,P,C29,0.0001632052830409
CAN,P,C30,0.00055954452259
CAN,P,C31T33,0.0010382283514696
CAN,P,D,0.0007166581984144
CAN,P,E,0.0011848878241445
CAN,P,F,0.0015205865612073
CAN,P,G,0.0022084318331933
CAN,P,H49,0.0015921720379671
CAN,P,H50,0.0037940379403794
CAN,P,H51,0.005954985933104
CAN,P,H52,0.0011323108223483
CAN,P,H53,0.0020980015646113
CAN,P,HFCE,0.0157329807158155
CAN,P,I,0.0013768583543486
CAN,P,J58T60,0.0067791285013413
CAN,P,J61,0.0008717004297114
CAN,P,J62_63,0.0080820410687182
CAN,P,K,0.0020021851953018
CAN,P,L,0.0004851613750186
CAN,P,M,0.0029824316552006
CAN,P,N,0.0024474666540452
CAN,P,O,0.0079599005457565
CAN,P,P,0.0028854007599701
CAN,P,Q,0.0018774453077643
CAN,P,R,0.0017804787035556
CAN,P,S,0.0021830162487832
CAN,P,T,0.0
CAN,Q,A01_02,0.0002541726679657
CAN,Q,A03,0.0006995264743865
CAN,Q,B05_06,0.000634222480304
CAN,Q,B07_08,0.0003718546017775
CAN,Q,B09,0.0002878802418194
CAN,Q,C10T12,0.0005874674918198
CAN,Q,C13T15,0.0005188740433259
CAN,Q,C16,0.0004363977350596
CAN,Q,C17_18,0.0004829404066284
CAN,Q,C19,0.0002984783514538
CAN,Q,C20,0.0006359372326723
CAN,Q,C21,0.000978269730704
CAN,Q,C22,0.0007212656038861
CAN,Q,C23,0.0007159348221817
CAN,Q,C24,0.0002354503208674
CAN,Q,C25,0.0004574253099568
CAN,Q,C26,0.0005445069619104
CAN,Q,C27,0.0005890626690549
CAN,Q,C28,0.0005907305130103
CAN,Q,C29,0.000195846339649
CAN,Q,C30,0.0004370165249426
CAN,Q,C31T33,0.0007313306626704
CAN,Q,D,0.0002817820160948
CAN,Q,E,0.0011136650587587
CAN,Q,F,0.0002787866933312
CAN,Q,G,0.0013511704504833
CAN,Q,H49,0.0016807708093106
CAN,Q,H50,0.0072110286320254
CAN,Q,H51,0.0037355423569865
CAN,Q,H52,0.0008870777298076
CAN,Q,H53,0.0012090178507929
CAN,Q,HFCE,0.0421736342472717
CAN,Q,I,0.0006345052207377
CAN,Q,J58T60,0.0011540227662711
CAN,Q,J61,0.0007305095150399
CAN,Q,J62_63,0.0019112934959806
CAN,Q,K,0.0013957934990439
CAN,Q,L,0.000545806546896
CAN,Q,M,0.0011751936358197
CAN,Q,N,0.0012779138865396
CAN,Q,O,0.1058851674204261
CAN,Q,P,0.0007928193472779
CAN,Q,Q,0.0474183060560974
CAN,Q,R,0.0015139399754784
CAN,Q,S,0.0013881448969835
CAN,Q,T,0.0
CAN,R,A01_02,0.0002245864314829
CAN,R,A03,0.0003228583727938
CAN,R,B05_06,0.0004612527129484
CAN,R,B07_08,0.0001997566042606
CAN,R,B09,0.0004158270159613
CAN,R,C10T12,0.0009873403223863
CAN,R,C13T15,0.0007999308167942
CAN,R,C16,0.0002741010567317
CAN,R,C17_18,0.0004608209986912
CAN,R,C19,6.501508645528882e-05
CAN,R,C20,0.0004971285981296
CAN,R,C21,0.0017934945062908
CAN,R,C22,0.0005213968220863
CAN,R,C23,0.0005438884695644
CAN,R,C24,8.49745518920115e-05
CAN,R,C25,0.0005734884483041
CAN,R,C26,0.0007173663148978
CAN,R,C27,0.0006371494175492
CAN,R,C28,0.0006298753060411
CAN,R,C29,0.0002714361549522
CAN,R,C30,0.0005146175901193
CAN,R,C31T33,0.001194942064899
CAN,R,D,0.0002462819195789
CAN,R,E,0.0016640227912849
CAN,R,F,0.0003990696618249
CAN,R,G,0.001849124938767
CAN,R,H49,0.0003283366232141
CAN,R,H50,0.0001885236243666
CAN,R,H51,0.0008440137542982
CAN,R,H52,0.0009900150772938
CAN,R,H53,0.0009458786715027
CAN,R,HFCE,0.0147825121641607
CAN,R,I,0.003057488329957
CAN,R,J58T60,0.0190172076274258
CAN,R,J61,0.0023777368528749
CAN,R,J62_63,0.0022020028428483
CAN,R,K,0.0010803059273422
CAN,R,L,0.0010320381308301
CAN,R,M,0.0019343580571435
CAN,R,N,0.0036967333481966
CAN,R,O,0.0019266292115338
CAN,R,P,0.000875386199794
CAN,R,Q,0.0008888521518708
CAN,R,R,0.0353750199904046
CAN,R,S,0.0023673342434034
CAN,R,T,0.0
CAN,S,A01_02,0.0017738293600362
CAN,S,A03,0.004789065863108
CAN,S,B05_06,0.0023529379464095
CAN,S,B07_08,0.0035986920552188
CAN,S,B09,0.0014585932252183
CAN,S,C10T12,0.0020289843625039
CAN,S,C13T15,0.0018592986552514
CAN,S,C16,0.0015905074476142
CAN,S,C17_18,0.0015446719876131
CAN,S,C19,0.0010668384641072
CAN,S,C20,0.0027664883675136
CAN,S,C21,0.0016757398164838
CAN,S,C22,0.0018466137448892
CAN,S,C23,0.0020812058784353
CAN,S,C24,0.0007488382385483
CAN,S,C25,0.0010616363537058
CAN,S,C26,0.0011322287620677
CAN,S,C27,0.001286320522222
CAN,S,C28,0.0014554745772362
CAN,S,C29,0.0004604106932101
CAN,S,C30,0.0008086847844732
CAN,S,C31T33,0.0016161101697405
CAN,S,D,0.000630126713157
CAN,S,E,0.0074783903655022
CAN,S,F,0.0025491745628126
CAN,S,G,0.00224594391429
CAN,S,H49,0.0065940938495514
CAN,S,H50,0.017391304347826
CAN,S,H51,0.0093310409502969
CAN,S,H52,0.0062852333347461
CAN,S,H53,0.003264348197141
CAN,S,HFCE,0.0110647338624521
CAN,S,I,0.0021587557226798
CAN,S,J58T60,0.0073440558764531
CAN,S,J61,0.0010415387763454
CAN,S,J62_63,0.0055186592035206
CAN,S,K,0.0052353637439679
CAN,S,L,0.0020747783508151
CAN,S,M,0.0071187221147084
CAN,S,N,0.0068068220174847
CAN,S,O,0.0056018342240569
CAN,S,P,0.0051431158776945
CAN,S,Q,0.0086692015209125
CAN,S,R,0.0099525561064022
CAN,S,S,0.0069148047669241
CAN,S,T,0.0
CAN,T,A01_02,0.0
CAN,T,A03,0.0
CAN,T,B05_06,0.0
CAN,T,B07_08,0.0
CAN,T,B09,0.0
CAN,T,C10T12,0.0
CAN,T,C13T15,0.0
CAN,T,C16,0.0
CAN,T,C17_18,0.0
CAN,T,C19,0.0
CAN,T,C20,0.0
CAN,T,C21,0.0
CAN,T,C22,0.0
CAN,T,C23,0.0
CAN,T,C24,0.0
CAN,T,C25,0.0
CAN,T,C26,0.0
CAN,T,C27,0.0
CAN,T,C28,0.0
CAN,T,C29,0.0
CAN,T,C30,0.0
CAN,T,C31T33,0.0
CAN,T,D,0.0
CAN,T,E,0.0
CAN,T,F,0.0
CAN,T,G,0.0
CAN,T,H49,0.0
CAN,T,H50,0.0
CAN,T,H51,0.0
CAN,T,H52,0.0
CAN,T,H53,0.0
CAN,T,HFCE,0.0025530269154257
CAN,T,I,0.0
CAN,T,J58T60,0.0
CAN,T,J61,0.0
CAN,T,J62_63,0.0
CAN,T,K,0.0
CAN,T,L,0.0
CAN,T,M,0.0
CAN,T,N,0.0
CAN,T,O,0.0
CAN,T,P,0.0
CAN,T,Q,0.0
CAN,T,R,0.0
CAN,T,S,0.0
CAN,T,T,0.0
CAN,employees_compensation,A01_02,0.1119462498772843
CAN,employees_compensation,A03,0.1113323288850624
CAN,employees_compensation,B05_06,0.1499743977288795
CAN,employees_compensation,B07_08,0.2007984117813372
CAN,employees_compensation,B09,0.3589930588875028
CAN,employees_compensation,C10T12,0.1537822045729654
CAN,employees_compensation,C13T15,0.2750032429627708
CAN,employees_compensation,C16,0.1882425073033505
CAN,employees_compensation,C17_18,0.2211977659397983
CAN,employees_compensation,C19,0.0294813864762709
CAN,employees_compensation,C20,0.1461267548800919
CAN,employees_compensation,C21,0.2215328037391642
CAN,employees_compensation,C22,0.2336813657120759
CAN,employees_compensation,C23,0.2021489144430138
CAN,employees_compensation,C24,0.0892303606992697
CAN,employees_compensation,C25,0.3050002730897372
CAN,employees_compensation,C26,0.3115876267275131
CAN,employees_compensation,C27,0.2651503311974802
CAN,employees_compensation,C28,0.3008704378523031
CAN,employees_compensation,C29,0.1440037520035595
CAN,employees_compensation,C30,0.2453949894217495
CAN,employees_compensation,C31T33,0.1839884293041584
CAN,employees_compensation,D,0.2308171900342354
CAN,employees_compensation,E,0.1807051053773188
CAN,employees_compensation,F,0.2784633157555325
CAN,employees_compensation,G,0.4169478846863916
CAN,employees_compensation,H49,0.2735239509840326
CAN,employees_compensation,H50,0.2375633321550606
CAN,employees_compensation,H51,0.5826977180368865
CAN,employees_compensation,H52,0.327171221139698
CAN,employees_compensation,H53,0.4526491714671787
CAN,employees_compensation,HFCE,0.0
CAN,employees_compensation,I,0.3807624487947096
CAN,employees_compensation,J58T60,0.2528488048916065
CAN,employees_compensation,J61,0.2400429711479434
CAN,employees_compensation,J62_63,0.4154975386073256
CAN,employees_compensation,K,0.3006373486297004
CAN,employees_compensation,L,0.0398085610291985
CAN,employees_compensation,M,0.3972910097686859
CAN,employees_compensation,N,0.3597514420124777
CAN,employees_compensation,O,0.4450129978989698
CAN,employees_compensation,P,0.6075712915941617
CAN,employees_compensation,Q,0.5016823717418857
CAN,employees_compensation,R,0.3276027506796737
CAN,employees_compensation,S,0.3904805515715989
CAN,employees_compensation,T,0.9891860096828198
USA,A01_02,A01_02,0.1760667538528947
USA,A01_02,A03,0.0019019751280175
USA,A01_02,B05_06,0.0001897607608777
USA,A01_02,B07_08,0.0005444778191773
USA,A01_02,B09,0.0003291544565276
USA,A01_02,C10T12,0.1910709002638977
USA,A01_02,C13T15,0.0387314158131823
USA,A01_02,C16,0.0845314870783211
USA,A01_02,C17_18,0.0177553235005583
USA,A01_02,C19,0.0001263358721554
USA,A01_02,C20,0.0114347120885498
USA,A01_02,C21,0.0001268222754793
USA,A01_02,C22,0.0047192626913762
USA,A01_02,C23,3.3644398643756906e-05
USA,A01_02,C24,1.6135111840975924e-05
USA,A01_02,C25,2.001557924949255e-05
USA,A01_02,C26,5.508776858730171e-06
USA,A01_02,C27,1.6539991336195017e-05
USA,A01_02,C28,2.549601659762663e-05
USA,A01_02,C29,3.686317634098405e-05
USA,A01_02,C30,1.4606008537399244e-05
USA,A01_02,C31T33,0.0013227403593664
USA,A01_02,D,1.7380832666033508e-05
USA,A01_02,E,2.678802165732763e-05
USA,A01_02,F,0.0016024428622269
USA,A01_02,G,0.0008951868031708
USA,A01_02,H49,2.5611390296273937e-05
USA,A01_02,H50,0.0025708686869703
USA,A01_02,H51,9.623110863048695e-06
USA,A01_02,H52,2.0298512544644453e-05
USA,A01_02,H53,5.247541089704383e-06
USA,A01_02,HFCE,0.010360955675618
USA,A01_02,I,0.0006118223542776
USA,A01_02,J58T60,0.0001146840114373
USA,A01_02,J61,1.632673309449207e-05
USA,A01_02,J62_63,1.549480502337656e-05
USA,A01_02,K,7.605532168632532e-06
USA,A01_02,L,1.6305015425431027e-05
USA,A01_02,M,0.00036148119797
USA,A01_02,N,0.0009938129707824
USA,A01_02,O,0.0016966194855089
USA,A01_02,P,0.0003056560140529
USA,A01_02,Q,1.9312494772797115e-05
USA,A01_02,R,0.0027342101561401
USA,A01_02,S,0.0001358221198867
USA,A01_02,T,0.0
USA,A03,A01_02,5.38822584936609e-05
USA,A03,A03,0.0209217264081931
USA,A03,B05_06,1.849520086527948e-06
USA,A03,B07_08,1.3996859104816878e-06
USA,A03,B09,1.5978371676099232e-06
USA,A03,C10T12,0.0058229884627847
USA,A03,C13T15,3.140215324564805e-06
USA,A03,C16,1.6412128234522748e-06
USA,A03,C17_18,1.577830223101249e-06
USA,A03,C19,3.96706844932482e-06
USA,A03,C20,2.115979880054169e-05
USA,A03,C21,1.0038702544543395e-06
USA,A03,C22,8.463527064878437e-07
USA,A03,C23,6.230444193288316e-07
USA,A03,C24,4.481975511382201e-07
USA,A03,C25,5.483720342326726e-07
USA,A03,C26,2.2953236911375722e-07
USA,A03,C27,7.876186350569055e-07
USA,A03,C28,8.405280197019768e-07
USA,A03,C29,6.553453571730499e-07
USA,A03,C30,3.745130394204935e-07
USA,A03,C31T33,7.534835427892003e-07
USA,A03,D,6.207440237869109e-07
USA,A03,E,7.878829899214009e-07
USA,A03,F,6.155278655060423e-07
USA,A03,G,0.0001375428447577
USA,A03,H49,3.437770509566972e-07
USA,A03,H50,0.0001333229358213
USA,A03,H51,9.6231108630487e-07
USA,A03,H52,3.273953636232976e-07
USA,A03,H53,1.1661202421565297e-06
USA,A03,HFCE,0.0003169227606714
USA,A03,I,0.004079584412805
USA,A03,J58T60,3.528738813456869e-07
USA,A03,J61,3.1397563643253977e-07
USA,A03,J62_63,2.942051586717069e-07
USA,A03,K,1.591115516450321e-07
USA,A03,L,5.3723279820201085e-08
USA,A03,M,4.646498455728047e-05
USA,A03,N,3.635280454980069e-07
USA,A03,O,0.0001419000509876
USA,A03,P,6.654873828942855e-05
USA,A03,Q,1.0968556868931425e-06
USA,A03,R,0.0005195878463918
USA,A03,S,0.0002334896289961
USA,A03,T,0.0
USA,B05_06,A01_02,0.0011098074481988
USA,B05_06,A03,0.0003971156860695
USA,B05_06,B05_06,0.1388874914737124
USA,B05_06,B07_08,0.0085408834257592
USA,B05_06,B09,0.0064041313677805
USA,B05_06,C10T12,0.0004577182042863
USA,B05_06,C13T15,0.0003752557312854
USA,B05_06,C16,0.0001879188682852
USA,B05_06,C17_18,0.0011975731393338
USA,B05_06,C19,0.5786063932664811
USA,B05_06,C20,0.0081717847469806
USA,B05_06,C21,2.275439243429836e-05
USA,B05_06,C22,0.0003182286176394
USA,B05_06,C23,0.0033127271775713
USA,B05_06,C24,0.0052439113483171
USA,B05_06,C25,0.000101448826333
USA,B05_06,C26,2.042838085112439e-05
USA,B05_06,C27,0.0004056235970543
USA,B05_06,C28,0.0001199153308108
USA,B05_06,C29,6.651755375306456e-05
USA,B05_06,C30,2.8837504035378e-05
USA,B05_06,C31T33,0.000119427141532
USA,B05_06,D,0.0794705467306446
USA,B05_06,E,0.0003348502707165
USA,B05_06,F,0.0009437161319781
USA,B05_06,G,7.903460762226564e-05
USA,B05_06,H49,0.0017510284090479
USA,B05_06,H50,0.0017910552887699
USA,B05_06,H51,0.0027945513946293
USA,B05_06,H52,0.0004717767189811
USA,B05_06,H53,0.0015538552226735
USA,B05_06,HFCE,0.000494611997787
USA,B05_06,I,0.0003123684051523
USA,B05_06,J58T60,2.96414060330377e-05
USA,B05_06,J61,4.364261346412303e-05
USA,B05_06,J62_63,4.795544086348822e-05
USA,B05_06,K,0.0001131919578402
USA,B05_06,L,0.0001467988621086
USA,B05_06,M,8.943020264950937e-05
USA,B05_06,N,0.0001709308869931
USA,B05_06,O,0.0107995576041595
USA,B05_06,P,0.0007140445527416
USA,B05_06,Q,8.708250685583771e-05
USA,B05_06,R,0.0001362709241806
USA,B05_06,S,0.0001891141577659
USA,B05_06,T,0.0
USA,B07_08,A01_02,0.0029578853761461
USA,B07_08,A03,0.0
USA,B07_08,B05_06,0.0025464192551316
USA,B07_08,B07_08,0.0565599079566545
USA,B07_08,B09,0.0014508361481898
USA,B07_08,C10T12,0.0002498965742723
USA,B07_08,C13T15,0.0006107718806278
USA,B07_08,C16,0.0001148848976416
USA,B07_08,C17_18,0.0012216350502361
USA,B07_08,C19,0.0001946915131284
USA,B07_08,C20,0.0056615416770306
USA,B07_08,C21,8.432510137416452e-05
USA,B07_08,C22,0.0011214173360963
USA,B07_08,C23,0.0430536154644609
USA,B07_08,C24,0.0406470359127251
USA,B07_08,C25,0.0012275307986298
USA,B07_08,C26,5.738309227843929e-05
USA,B07_08,C27,0.0007135824833615
USA,B07_08,C28,0.0003846816570169
USA,B07_08,C29,0.0002395287280467
USA,B07_08,C30,0.0002059821716812
USA,B07_08,C31T33,0.0006340564012571
USA,B07_08,D,0.0004910085228154
USA,B07_08,E,0.0015726144478831
USA,B07_08,F,0.0100243189463953
USA,B07_08,G,3.412980499570913e-05
USA,B07_08,H49,0.0002413314897716
USA,B07_08,H50,1.2577635454845033e-05
USA,B07_08,H51,1.2510044121963308e-05
USA,B07_08,H52,7.759270117872153e-05
USA,B07_08,H53,3.031912629606977e-05
USA,B07_08,HFCE,6.994931904925279e-05
USA,B07_08,I,8.27908877443196e-05
USA,B07_08,J58T60,9.892231140390756e-05
USA,B07_08,J61,0.0001934089920424
USA,B07_08,J62_63,0.0003756019192375
USA,B07_08,K,1.527470895792308e-05
USA,B07_08,L,0.0001986686887751
USA,B07_08,M,0.0003056710923199
USA,B07_08,N,0.0002505435289572
USA,B07_08,O,0.0006245596155179
USA,B07_08,P,0.0001822565948127
USA,B07_08,Q,5.2335685631758514e-05
USA,B07_08,R,0.0014422738781825
USA,B07_08,S,0.0024812938726183
USA,B07_08,T,0.0
USA,B09,A01_02,8.29118473720286e-05
USA,B09,A03,2.0900825582610515e-05
USA,B09,B05_06,0.019741407499582
USA,B09,B07_08,0.0110939105264778
USA,B09,B09,0.0086219293564231
USA,B09,C10T12,0.0001466495629975
USA,B09,C13T15,0.000133459151294
USA,B09,C16,0.0001920219003439
USA,B09,C17_18,0.0002248408067919
USA,B09,C19,0.0002010998544696
USA,B09,C20,0.0001677669762042
USA,B09,C21,1.4723430398663648e-05
USA,B09,C22,0.0002344396996971
USA,B09,C23,0.0003339518087602
USA,B09,C24,0.0003186684588592
USA,B09,C25,0.0009341517603153
USA,B09,C26,8.722230026322772e-05
USA,B09,C27,0.0005426692395542
USA,B09,C28,0.0004367943942384
USA,B09,C29,0.0008355653303956
USA,B09,C30,0.0002310745453224
USA,B09,C31T33,0.0002610820475764
USA,B09,D,8.545576060799807e-05
USA,B09,E,0.0001457583531354
USA,B09,F,0.0010991648965577
USA,B09,G,3.3833492560860825e-05
USA,B09,H49,6.858352166586108e-05
USA,B09,H50,0.0001987266401865
USA,B09,H51,4.522862105632888e-05
USA,B09,H52,6.580646808828283e-05
USA,B09,H53,7.229945501370484e-05
USA,B09,HFCE,4.375071634779765e-05
USA,B09,I,5.16578241078763e-05
USA,B09,J58T60,1.964331272824324e-05
USA,B09,J61,8.932606856505755e-05
USA,B09,J62_63,3.0106994570738e-05
USA,B09,K,1.1042341684165228e-05
USA,B09,L,0.0001453751951934
USA,B09,M,4.519911158055969e-05
USA,B09,N,3.249940726752182e-05
USA,B09,O,0.0001643647897388
USA,B09,P,4.227015336574759e-05
USA,B09,Q,1.801977199895877e-05
USA,B09,R,2.3297932198621464e-05
USA,B09,S,9.455707888299888e-05
USA,B09,T,0.0
USA,C10T12,A01_02,0.0771307822659703
USA,C10T12,A03,0.0006688264186435
USA,C10T12,B05_06,0.0002304502027813
USA,C10T12,B07_08,0.0002323478611399
USA,C10T12,B09,0.000175762088437
USA,C10T12,C10T12,0.1402238407459274
USA,C10T12,C13T15,0.0117993590820522
USA,C10T12,C16,0.0005883747972076
USA,C10T12,C17_18,0.0070789352959437
USA,C10T12,C19,0.0008996090606622
USA,C10T12,C20,0.0051819915429898
USA,C10T12,C21,0.0046164646768173
USA,C10T12,C22,0.002016012146854
USA,C10T12,C23,0.0017819070392804
USA,C10T12,C24,0.0002684703331317
USA,C10T12,C25,0.0003081850832387
USA,C10T12,C26,9.456733607486794e-05
USA,C10T12,C27,0.0002953569881463
USA,C10T12,C28,0.0002751328384491
USA,C10T12,C29,0.0002740981956376
USA,C10T12,C30,0.0001340756681125
USA,C10T12,C31T33,0.0003270118575705
USA,C10T12,D,6.848875729115585e-05
USA,C10T12,E,0.0001252733953975
USA,C10T12,F,0.0002354114300167
USA,C10T12,G,0.0017539271768552
USA,C10T12,H49,0.0001184311940545
USA,C10T12,H50,0.008842077724756
USA,C10T12,H51,0.0053648843061496
USA,C10T12,H52,7.399135217886527e-05
USA,C10T12,H53,4.897705017057424e-05
USA,C10T12,HFCE,0.0561765849051148
USA,C10T12,I,0.0518126822725568
USA,C10T12,J58T60,0.0001275050957929
USA,C10T12,J61,6.82897009240774e-05
USA,C10T12,J62_63,0.0001562229392546
USA,C10T12,K,1.3779060372459776e-05
USA,C10T12,L,2.785552058677426e-05
USA,C10T12,M,0.0017641801508511
USA,C10T12,N,9.669846010246984e-05
USA,C10T12,O,0.0106293440066984
USA,C10T12,P,0.0127169622634543
USA,C10T12,Q,0.0067105239189948
USA,C10T12,R,0.0126235229990153
USA,C10T12,S,0.0039338647883538
USA,C10T12,T,0.0
USA,C13T15,A01_02,0.0005269183650368
USA,C13T15,A03,0.0002090082558261
USA,C13T15,B05_06,0.0001542499752164
USA,C13T15,B07_08,0.0001539654501529
USA,C13T15,B09,0.0001086529273974
USA,C13T15,C10T12,0.0003016732653863
USA,C13T15,C13T15,0.0839128339030207
USA,C13T15,C16,0.0024068386055927
USA,C13T15,C17_18,0.0090389948905912
USA,C13T15,C19,0.000133659690831
USA,C13T15,C20,0.0012719630074897
USA,C13T15,C21,0.0001141065855896
USA,C13T15,C22,0.0058423727328855
USA,C13T15,C23,0.0021027749152348
USA,C13T15,C24,8.515753471626181e-05
USA,C13T15,C25,0.0005179373863327
USA,C13T15,C26,4.452927960806888e-05
USA,C13T15,C27,0.0001472846847556
USA,C13T15,C28,0.0018620497396464
USA,C13T15,C29,0.0047795975262023
USA,C13T15,C30,0.0017942919718635
USA,C13T15,C31T33,0.0092655871256787
USA,C13T15,D,3.0209542490963e-05
USA,C13T15,E,0.0030979559163709
USA,C13T15,F,0.0009879781812158
USA,C13T15,G,0.0036679708185049
USA,C13T15,H49,2.6642721449144027e-05
USA,C13T15,H50,0.0007521426001997
USA,C13T15,H51,9.623110863048695e-06
USA,C13T15,H52,5.36928396342208e-05
USA,C13T15,H53,0.0003422562910729
USA,C13T15,HFCE,0.0120261779064099
USA,C13T15,I,0.0009849578873425
USA,C13T15,J58T60,0.0002170174370275
USA,C13T15,J61,4.7567308919529775e-05
USA,C13T15,J62_63,2.814562684625996e-05
USA,C13T15,K,5.346148135273078e-06
USA,C13T15,L,6.817484209183517e-05
USA,C13T15,M,0.0001613615729737
USA,C13T15,N,0.0005252980257446
USA,C13T15,O,0.0013660953854801
USA,C13T15,P,0.0003871865788517
USA,C13T15,Q,0.0011117807589183
USA,C13T15,R,0.0002888064425376
USA,C13T15,S,0.0034643971861804
USA,C13T15,T,0.0
USA,C16,A01_02,0.0011737143129239
USA,C16,A03,0.0036158428257916
USA,C16,B05_06,3.994963386900367e-05
USA,C16,B07_08,0.0046203631905
USA,C16,B09,0.0029751728060896
USA,C16,C10T12,0.0004461782317105
USA,C16,C13T15,0.0008965314751632
USA,C16,C16,0.1872746922520804
USA,C16,C17_18,0.0212730959829625
USA,C16,C19,2.1666296915543247e-05
USA,C16,C20,0.0006710679048171
USA,C16,C21,4.6847278541202514e-05
USA,C16,C22,0.0056807193659464
USA,C16,C23,0.0018884476349856
USA,C16,C24,0.0028675679321823
USA,C16,C25,0.0026288955321114
USA,C16,C26,0.0001928071900555
USA,C16,C27,0.0042003701807584
USA,C16,C28,0.0015090279713716
USA,C16,C29,0.0040066176774167
USA,C16,C30,0.0007269298095151
USA,C16,C31T33,0.0252013873138989
USA,C16,D,1.7173917991437873e-05
USA,C16,E,0.0002119405242888
USA,C16,F,0.0254168242791049
USA,C16,G,0.0016374494524658
USA,C16,H49,0.0039843760205881
USA,C16,H50,5.031054181938013e-05
USA,C16,H51,3.079395476175584e-05
USA,C16,H52,0.0008237267348762
USA,C16,H53,0.0003842366197905
USA,C16,HFCE,0.0007704876895374
USA,C16,I,0.0012844118364679
USA,C16,J58T60,0.000307353150652
USA,C16,J61,0.0013935808623058
USA,C16,J62_63,0.0012039855776708
USA,C16,K,3.67547684300024e-05
USA,C16,L,0.001526546996091
USA,C16,M,0.0002341865006933
USA,C16,N,0.0006203242568377
USA,C16,O,0.000330657027477
USA,C16,P,0.0017655146177146
USA,C16,Q,0.000528841134752
USA,C16,R,0.000384196089464
USA,C16,S,0.0010631450513884
USA,C16,T,0.0
USA,C17_18,A01_02,0.0010573871114473
USA,C17_18,A03,2.0900825582610515e-05
USA,C17_18,B05_06,0.0005086180237951
USA,C17_18,B07_08,0.0017971967090584
USA,C17_18,B09,0.000778146700626
USA,C17_18,C10T12,0.024784082517544
USA,C17_18,C13T15,0.0079353241251752
USA,C17_18,C16,0.0048366541907138
USA,C17_18,C17_18,0.1358543378694637
USA,C17_18,C19,0.0004107441640608
USA,C17_18,C20,0.0104086777630378
USA,C17_18,C21,0.0012180292420712
USA,C17_18,C22,0.0169173210736322
USA,C17_18,C23,0.0091649834083271
USA,C17_18,C24,0.0067184812915619
USA,C17_18,C25,0.0064217107068817
USA,C17_18,C26,0.0009075709874757
USA,C17_18,C27,0.0073122514078683
USA,C17_18,C28,0.0049106448671055
USA,C17_18,C29,0.0046134674781589
USA,C17_18,C30,0.0015972981131284
USA,C17_18,C31T33,0.0095470132289105
USA,C17_18,D,0.0002114667974367
USA,C17_18,E,0.0023274063522278
USA,C17_18,F,0.0025726266924218
USA,C17_18,G,0.0066859129674348
USA,C17_18,H49,0.0028643503885712
USA,C17_18,H50,0.0013105896143948
USA,C17_18,H51,0.000290617948064
USA,C17_18,H52,0.008587580387839
USA,C17_18,H53,0.0053110946429019
USA,C17_18,HFCE,0.0033265833420957
USA,C17_18,I,0.0060899731702176
USA,C17_18,J58T60,0.0126933440105128
USA,C17_18,J61,0.002131266620104
USA,C17_18,J62_63,0.0058367361428879
USA,C17_18,K,0.0020424831661569
USA,C17_18,L,0.000488210305366
USA,C17_18,M,0.005408851840179
USA,C17_18,N,0.0049575046620654
USA,C17_18,O,0.0032528011219608
USA,C17_18,P,0.0078194433074308
USA,C17_18,Q,0.0032114367575535
USA,C17_18,R,0.0033909480939653
USA,C17_18,S,0.0063498396262175
USA,C17_18,T,0.0
USA,C19,A01_02,0.0117360988994235
USA,C19,A03,0.0077124046399832
USA,C19,B05_06,0.01102129019562
USA,C19,B07_08,0.01540074407303
USA,C19,B09,0.0146793300588323
USA,C19,C10T12,0.0021273377763248
USA,C19,C13T15,0.0040634386299868
USA,C19,C16,0.0031929795480264
USA,C19,C17_18,0.0051236091919655
USA,C19,C19,0.0089844945603862
USA,C19,C20,0.0136919012381505
USA,C19,C21,0.0005113045829354
USA,C19,C22,0.0077398955008313
USA,C19,C23,0.0227218069285031
USA,C19,C24,0.0046724594706159
USA,C19,C25,0.0018216918977209
USA,C19,C26,0.0003587590929248
USA,C19,C27,0.0077344149962588
USA,C19,C28,0.0015168728995555
USA,C19,C29,0.0008195093691448
USA,C19,C30,0.0003318185529265
USA,C19,C31T33,0.0022668552384813
USA,C19,D,0.0197367631509794
USA,C19,E,0.0059879107234026
USA,C19,F,0.0100373569457283
USA,C19,G,0.0011724005547184
USA,C19,H49,0.0340401160316302
USA,C19,H50,0.0352475655986577
USA,C19,H51,0.0550480433809837
USA,C19,H52,0.0087915476993764
USA,C19,H53,0.0302439115404506
USA,C19,HFCE,0.0097852083414727
USA,C19,I,0.0016757659771423
USA,C19,J58T60,0.0004565011778342
USA,C19,J61,0.0004919998222897
USA,C19,J62_63,0.0007618932925734
USA,C19,K,0.0020832793679987
USA,C19,L,0.0010634254624009
USA,C19,M,0.0007978722909154
USA,C19,N,0.0032930551529482
USA,C19,O,0.0103485015404463
USA,C19,P,0.0114065875091161
USA,C19,Q,0.001363783352982
USA,C19,R,0.0019108700239133
USA,C19,S,0.0026052963576447
USA,C19,T,0.0
USA,C20,A01_02,0.0537329336300059
USA,C20,A03,0.0001881074302434
USA,C20,B05_06,0.0179466332076152
USA,C20,B07_08,0.017879587820493
USA,C20,B09,0.011608287022686
USA,C20,C10T12,0.0064428790250377
USA,C20,C13T15,0.0877643079985994
USA,C20,C16,0.010496376612389
USA,C20,C17_18,0.0466098937055224
USA,C20,C19,0.0145493761174545
USA,C20,C20,0.1699220369372357
USA,C20,C21,0.0128599125829782
USA,C20,C22,0.1614443178206756
USA,C20,C23,0.0248414040430598
USA,C20,C24,0.0041749601888525
USA,C20,C25,0.0167135570453605
USA,C20,C26,0.0036787152797861
USA,C20,C27,0.0114070806915291
USA,C20,C28,0.0069153041940947
USA,C20,C29,0.0101904564677016
USA,C20,C30,0.0027493002223858
USA,C20,C31T33,0.0179193456146127
USA,C20,D,0.0031568971903056
USA,C20,E,0.0072997359016217
USA,C20,F,0.0076577821747606
USA,C20,G,0.0009823565340043
USA,C20,H49,0.0012534111277881
USA,C20,H50,0.0009081052798398
USA,C20,H51,0.0013048938330294
USA,C20,H52,0.0047125288639937
USA,C20,H53,0.0011970224285736
USA,C20,HFCE,0.0094378371553075
USA,C20,I,0.0015852494773104
USA,C20,J58T60,0.0010570925238845
USA,C20,J61,0.0009365893234782
USA,C20,J62_63,0.0011125858417101
USA,C20,K,0.0001820236150819
USA,C20,L,0.0024653881725889
USA,C20,M,0.0032028820204524
USA,C20,N,0.005851420125945
USA,C20,O,0.0076120903230047
USA,C20,P,0.0042391211874595
USA,C20,Q,0.0039628220764927
USA,C20,R,0.0015855781403854
USA,C20,S,0.0084271922934321
USA,C20,T,0.0
USA,C21,A01_02,0.0031725790262682
USA,C21,A03,2.0900825582610515e-05
USA,C21,B05_06,0.0003343932316442
USA,C21,B07_08,0.0003359246185156
USA,C21,B09,0.0002364799008062
USA,C21,C10T12,0.0013901071389436
USA,C21,C13T15,0.0014617702335849
USA,C21,C16,0.0013269205677611
USA,C21,C17_18,0.00084966157514
USA,C21,C19,0.0002679296998851
USA,C21,C20,0.002651884172125
USA,C21,C21,0.1397223428725546
USA,C21,C22,0.0025724890513698
USA,C21,C23,0.0004971894466244
USA,C21,C24,0.0002348555167964
USA,C21,C25,0.0004071662354177
USA,C21,C26,0.0001567706081046
USA,C21,C27,0.0003646674280313
USA,C21,C28,0.0002922235748497
USA,C21,C29,0.0003163679711752
USA,C21,C30,0.0001535503461624
USA,C21,C31T33,0.0004264716852186
USA,C21,D,0.0001936721354215
USA,C21,E,0.0002245466521275
USA,C21,F,0.0004334435314736
USA,C21,G,0.0003285566152586
USA,C21,H49,3.867491823262843e-05
USA,C21,H50,3.773290636453509e-05
USA,C21,H51,4.041706562480453e-05
USA,C21,H52,0.0001093500514501
USA,C21,H53,3.673278762793068e-05
USA,C21,HFCE,0.0193548591061518
USA,C21,I,6.019058969712373e-05
USA,C21,J58T60,5.622457176107944e-05
USA,C21,J61,0.0001169559245711
USA,C21,J62_63,8.345619667654084e-05
USA,C21,K,2.517144747024407e-05
USA,C21,L,4.434856749157599e-05
USA,C21,M,0.0037207729941637
USA,C21,N,0.0001359594890162
USA,C21,O,0.000880710808261
USA,C21,P,8.674745081546616e-05
USA,C21,Q,0.008876030432261
USA,C21,R,0.0011798424532283
USA,C21,S,0.000252981658415
USA,C21,T,0.0
USA,C22,A01_02,0.0036073963215542
USA,C22,A03,2.0900825582610515e-05
USA,C22,B05_06,0.0009547222686657
USA,C22,B07_08,0.0057247153738701
USA,C22,B09,0.0066054588508994
USA,C22,C10T12,0.0176556474225879
USA,C22,C13T15,0.0078332671271269
USA,C22,C16,0.0045871898415491
USA,C22,C17_18,0.012857738488052
USA,C22,C19,0.0007995168720946
USA,C22,C20,0.0172134963242406
USA,C22,C21,0.0017638000370762
USA,C22,C22,0.0618649974334354
USA,C22,C23,0.0073681233029827
USA,C22,C24,0.0059955386415759
USA,C22,C25,0.0095515440922646
USA,C22,C26,0.0020584462862121
USA,C22,C27,0.0103075650769897
USA,C22,C28,0.013354309177025
USA,C22,C29,0.0348360293149085
USA,C22,C30,0.0068801790471938
USA,C22,C31T33,0.024119761688225
USA,C22,D,6.641961054519948e-05
USA,C22,E,0.002465285875464
USA,C22,F,0.0211832236201543
USA,C22,G,0.0066670836590749
USA,C22,H49,0.0007545906268499
USA,C22,H50,6.288817727422515e-05
USA,C22,H51,0.0001097034638387
USA,C22,H52,0.0018321044548359
USA,C22,H53,0.0118815991473328
USA,C22,HFCE,0.0043515507659515
USA,C22,I,0.006136442150386
USA,C22,J58T60,0.0019136350585376
USA,C22,J61,0.0048302011908781
USA,C22,J62_63,0.0011148414145933
USA,C22,K,0.0001285939560395
USA,C22,L,0.0002945378816142
USA,C22,M,0.0020137060534976
USA,C22,N,0.0020817797053488
USA,C22,O,0.0034532557138946
USA,C22,P,0.0019790056454732
USA,C22,Q,0.0047407277990043
USA,C22,R,0.0007314671543114
USA,C22,S,0.0029443332523239
USA,C22,T,0.0
USA,C23,A01_02,0.0002435143930372
USA,C23,A03,0.0006479255930609
USA,C23,B05_06,0.0044795376495706
USA,C23,B07_08,0.0041192756345476
USA,C23,B09,0.0087897022590221
USA,C23,C10T12,0.0041380503430793
USA,C23,C13T15,0.0015889489542297
USA,C23,C16,0.0055743793548556
USA,C23,C17_18,0.0014819770370478
USA,C23,C19,0.0001092469619121
USA,C23,C20,0.0028323902108725
USA,C23,C21,0.0003895016587282
USA,C23,C22,0.0060319557391388
USA,C23,C23,0.0889227686598688
USA,C23,C24,0.0088236651892581
USA,C23,C25,0.0031780901243954
USA,C23,C26,0.0008332024998829
USA,C23,C27,0.0096522663726223
USA,C23,C28,0.0034918335698485
USA,C23,C29,0.0114169353036509
USA,C23,C30,0.0008684957384161
USA,C23,C31T33,0.0034871218360284
USA,C23,D,0.0001553929206213
USA,C23,E,0.0024164371300889
USA,C23,F,0.0502514151545198
USA,C23,G,0.0004878380177366
USA,C23,H49,0.0001706853058
USA,C23,H50,7.79813398200392e-05
USA,C23,H51,0.0001048919084072
USA,C23,H52,0.0005749062585225
USA,C23,H53,0.0002075694031038
USA,C23,HFCE,0.0012870571050848
USA,C23,I,0.0021531396195677
USA,C23,J58T60,0.0002170174370275
USA,C23,J61,0.0035867006827871
USA,C23,J62_63,0.0008177922727211
USA,C23,K,3.933237556665192e-05
USA,C23,L,0.0001056468297664
USA,C23,M,0.0012506825010001
USA,C23,N,0.0009668391898064
USA,C23,O,0.0019312364316384
USA,C23,P,0.0003201027753298
USA,C23,Q,0.0015955332902556
USA,C23,R,0.0002650689267126
USA,C23,S,0.0029486878546408
USA,C23,T,0.0
USA,C24,A01_02,0.0002495709259687
USA,C24,A03,0.0
USA,C24,B05_06,0.0224209922009436
USA,C24,B07_08,0.0045909697863799
USA,C24,B09,0.0034784915138868
USA,C24,C10T12,0.0034377884674007
USA,C24,C13T15,0.0018276053188967
USA,C24,C16,0.0030584000965033
USA,C24,C17_18,0.0028286551324647
USA,C24,C19,1.525795557432623e-05
USA,C24,C20,0.0018886200011054
USA,C24,C21,1.1042572798997734e-05
USA,C24,C22,0.0049943273209847
USA,C24,C23,0.0058653401635616
USA,C24,C24,0.2739145887854698
USA,C24,C25,0.1478912764702608
USA,C24,C26,0.0074363896945475
USA,C24,C27,0.0800913637616665
USA,C24,C28,0.0625930009231799
USA,C24,C29,0.0399426441743402
USA,C24,C30,0.0198828972628339
USA,C24,C31T33,0.0259315128668617
USA,C24,D,0.0004914223521646
USA,C24,E,0.0036542013072554
USA,C24,F,0.0052321547280374
USA,C24,G,0.0004131134091666
USA,C24,H49,0.0011267292845105
USA,C24,H50,5.031054181938013e-05
USA,C24,H51,1.7321599553487656e-05
USA,C24,H52,0.0007978625011499
USA,C24,H53,5.422459126027863e-05
USA,C24,HFCE,0.0002858783234445
USA,C24,I,0.0001803411538051
USA,C24,J58T60,0.0025119915366728
USA,C24,J61,0.0010288981605894
USA,C24,J62_63,0.0005421220390457
USA,C24,K,1.845693999082372e-06
USA,C24,L,0.0004184237648796
USA,C24,M,0.0005559788576873
USA,C24,N,0.0005117020768429
USA,C24,O,0.000437231609097
USA,C24,P,9.14961547537068e-05
USA,C24,Q,0.0001531288885737
USA,C24,R,0.0004800253200168
USA,C24,S,0.0008375351789658
USA,C24,T,0.0
USA,C25,A01_02,0.0042466738147678
USA,C25,A03,0.0018183718256871
USA,C25,B05_06,0.0074298920916
USA,C25,B07_08,0.0071383981434566
USA,C25,B09,0.0083471013635942
USA,C25,C10T12,0.0125336357010395
USA,C25,C13T15,0.0110676889114286
USA,C25,C16,0.0187738334874705
USA,C25,C17_18,0.0191296136248795
USA,C25,C19,0.0008611590126149
USA,C25,C20,0.0126639236658099
USA,C25,C21,0.0004624495638852
USA,C25,C22,0.0206975554371602
USA,C25,C23,0.0163798377841549
USA,C25,C24,0.0289235325676027
USA,C25,C25,0.091186317898397
USA,C25,C26,0.0080545203645708
USA,C25,C27,0.0522687354782814
USA,C25,C28,0.0425811494781021
USA,C25,C29,0.0824095148281717
USA,C25,C30,0.0222419548981436
USA,C25,C31T33,0.0249165705347246
USA,C25,D,0.000433900072627
USA,C25,E,0.0131962521981935
USA,C25,F,0.0451839980661233
USA,C25,G,0.0020800594176469
USA,C25,H49,0.0026206124594429
USA,C25,H50,0.0175583790949636
USA,C25,H51,0.0008728161552785
USA,C25,H52,0.003288686427596
USA,C25,H53,0.0037222558129636
USA,C25,HFCE,0.0032106374653856
USA,C25,I,0.0036124731506153
USA,C25,J58T60,0.0017575471783557
USA,C25,J61,0.0070068372904467
USA,C25,J62_63,0.0026353917429949
USA,C25,K,0.0002603701431119
USA,C25,L,0.0007058164502778
USA,C25,M,0.0022785341265392
USA,C25,N,0.0024361468441003
USA,C25,O,0.003592729838952
USA,C25,P,0.00086673879346
USA,C25,Q,0.0011994900404524
USA,C25,R,0.0013547967365311
USA,C25,S,0.003982594861901
USA,C25,T,0.0
USA,C26,A01_02,0.0004089203958549
USA,C26,A03,0.0001672066046608
USA,C26,B05_06,0.000346230160198
USA,C26,B07_08,0.0003765155099195
USA,C26,B09,0.0009603001377335
USA,C26,C10T12,0.0023472099971701
USA,C26,C13T15,0.0106311989813141
USA,C26,C16,0.0075906093084667
USA,C26,C17_18,0.0117540462469927
USA,C26,C19,0.0004800152823683
USA,C26,C20,0.0097538035817925
USA,C26,C21,0.0003048419339359
USA,C26,C22,0.0098892081989572
USA,C26,C23,0.0091955125848742
USA,C26,C24,0.0111242632192506
USA,C26,C25,0.0143018168388052
USA,C26,C26,0.0560373439983253
USA,C26,C27,0.0374717441814673
USA,C26,C28,0.0198176894725266
USA,C26,C29,0.0298704775436083
USA,C26,C30,0.0233568802164984
USA,C26,C31T33,0.0126340353037179
USA,C26,D,0.0003414092130828
USA,C26,E,0.0039811727480728
USA,C26,F,0.0035941791208471
USA,C26,G,0.0042825228083802
USA,C26,H49,0.0004512073793806
USA,C26,H50,9.307450236585325e-05
USA,C26,H51,0.0001048919084072
USA,C26,H52,0.0009320946002355
USA,C26,H53,6.646885380292219e-05
USA,C26,HFCE,0.01005697241605
USA,C26,I,0.0003010682561287
USA,C26,J58T60,0.0057064411598682
USA,C26,J61,0.0233125340172978
USA,C26,J62_63,0.0095743184786533
USA,C26,K,0.0005931360422223
USA,C26,L,0.0002580866362562
USA,C26,M,0.0063531558492546
USA,C26,N,0.0024313482738997
USA,C26,O,0.0093235312189915
USA,C26,P,0.0012695091472076
USA,C26,Q,0.0034593653162088
USA,C26,R,0.0005200274300182
USA,C26,S,0.0062167132125269
USA,C26,T,0.0
USA,C27,A01_02,0.0044026817492436
USA,C27,A03,2.0900825582610515e-05
USA,C27,B05_06,0.0006155202847965
USA,C27,B07_08,0.0006928445256884
USA,C27,B09,0.0034880785368924
USA,C27,C10T12,0.0008530388577428
USA,C27,C13T15,0.000912232551786
USA,C27,C16,0.0120711203164914
USA,C27,C17_18,0.0019533538161993
USA,C27,C19,6.713500452703542e-05
USA,C27,C20,0.0015707911864687
USA,C27,C21,0.000128160769152
USA,C27,C22,0.0046308188335482
USA,C27,C23,0.0015769254253212
USA,C27,C24,0.0072953115398768
USA,C27,C25,0.0054039322113458
USA,C27,C26,0.0032311271600143
USA,C27,C27,0.0629984641436616
USA,C27,C28,0.0299003834208649
USA,C27,C29,0.0091361696243494
USA,C27,C30,0.0033781076155728
USA,C27,C31T33,0.0042519076319594
USA,C27,D,6.0005255632734726e-05
USA,C27,E,0.0048494198029662
USA,C27,F,0.0189039239341855
USA,C27,G,0.000660211042336
USA,C27,H49,0.0004422691760557
USA,C27,H50,0.000324502994735
USA,C27,H51,2.4057777157621745e-05
USA,C27,H52,0.000480616393799
USA,C27,H53,4.606174956518292e-05
USA,C27,HFCE,0.0047710566475205
USA,C27,I,0.0007422352986214
USA,C27,J58T60,6.198817848972568e-05
USA,C27,J61,0.007200089294671
USA,C27,J62_63,0.001126119279009
USA,C27,K,5.387517138700786e-05
USA,C27,L,0.0002661182665893
USA,C27,M,0.0013114816354408
USA,C27,N,0.0012980859448642
USA,C27,O,0.0018178160864344
USA,C27,P,0.0007493588580851
USA,C27,Q,0.000561159204098
USA,C27,R,0.0009385110423406
USA,C27,S,0.0069968091133117
USA,C27,T,0.0
USA,C28,A01_02,0.0066053801226259
USA,C28,A03,4.180165116522103e-05
USA,C28,B05_06,0.0294192063043481
USA,C28,B07_08,0.0356541991977
USA,C28,B09,0.0402926598556194
USA,C28,C10T12,0.0035676897516158
USA,C28,C13T15,0.0008431478146456
USA,C28,C16,0.0038002282927037
USA,C28,C17_18,0.0068363438991419
USA,C28,C19,0.0001211481672601
USA,C28,C20,0.0060754532515269
USA,C28,C21,0.000236578756633
USA,C28,C22,0.0074902214524174
USA,C28,C23,0.0020641461612364
USA,C28,C24,0.0052120893221863
USA,C28,C25,0.0088422248659847
USA,C28,C26,0.00116028612587
USA,C28,C27,0.0084070413105974
USA,C28,C28,0.0656788594595124
USA,C28,C29,0.0317352627574442
USA,C28,C30,0.0087767130788192
USA,C28,C31T33,0.0188284235089879
USA,C28,D,0.002310823085884
USA,C28,E,0.0202525322559296
USA,C28,F,0.0234741064214105
USA,C28,G,0.0012257367929911
USA,C28,H49,0.000487991523833
USA,C28,H50,0.000402484334555
USA,C28,H51,7.698488690438958e-05
USA,C28,H52,0.0101558041795946
USA,C28,H53,0.000342839351194
USA,C28,HFCE,0.0019373836465246
USA,C28,I,0.0010142460286894
USA,C28,J58T60,0.0008837138235167
USA,C28,J61,0.0034210785345689
USA,C28,J62_63,0.0019081165907584
USA,C28,K,0.0002035991414849
USA,C28,L,0.000108144962278
USA,C28,M,0.0009816472618888
USA,C28,N,0.0022441313304682
USA,C28,O,0.0014723044166174
USA,C28,P,0.0024166890056401
USA,C28,Q,0.0005436486865251
USA,C28,R,0.0004413419608946
USA,C28,S,0.0029188277244673
USA,C28,T,0.0
USA,C29,A01_02,0.0020360392947856
USA,C29,A03,0.0018183718256871
USA,C29,B05_06,0.0030395013102
USA,C29,B07_08,0.0059682607222939
USA,C29,B09,0.004128811241104
USA,C29,C10T12,0.0026996387171594
USA,C29,C13T15,0.0010237101958081
USA,C29,C16,0.0050615003475268
USA,C29,C17_18,0.0050837689788322
USA,C29,C19,8.971677877703822e-05
USA,C29,C20,0.0025501875880938
USA,C29,C21,0.0001080833640629
USA,C29,C22,0.0024573850832874
USA,C29,C23,0.0049644179332121
USA,C29,C24,0.0035555511731795
USA,C29,C25,0.0036335130988256
USA,C29,C26,0.0008600577870692
USA,C29,C27,0.0031103059898397
USA,C29,C28,0.0324345754002664
USA,C29,C29,0.2340988640898924
USA,C29,C30,0.0114529832585181
USA,C29,C31T33,0.0033752295299242
USA,C29,D,0.0001160791324481
USA,C29,E,0.0076464044171871
USA,C29,F,0.0018957139116012
USA,C29,G,0.0085288954997091
USA,C29,H49,0.0064291465184666
USA,C29,H50,0.0002716769258246
USA,C29,H51,2.2133154985012003e-05
USA,C29,H52,0.0074937524779736
USA,C29,H53,0.0040283623765297
USA,C29,HFCE,0.0244128824463686
USA,C29,I,0.0006844661694293
USA,C29,J58T60,0.0010937914075445
USA,C29,J61,0.0005731625243076
USA,C29,J62_63,0.0002986182360517
USA,C29,K,4.050980104882516e-05
USA,C29,L,1.748692758147545e-05
USA,C29,M,0.0014935811862979
USA,C29,N,0.0050835761882441
USA,C29,O,0.0024798944742159
USA,C29,P,0.0014901566724507
USA,C29,Q,0.0009679359702658
USA,C29,R,0.0009666443944295
USA,C29,S,0.0026179454405654
USA,C29,T,0.0
USA,C30,A01_02,1.127768201030112e-05
USA,C30,A03,0.0011077437558783
USA,C30,B05_06,6.214387490733905e-05
USA,C30,B07_08,2.9393404120115445e-05
USA,C30,B09,2.876106901697862e-05
USA,C30,C10T12,1.4195187504640245e-05
USA,C30,C13T15,1.4130968960541623e-05
USA,C30,C16,0.0001370412707582
USA,C30,C17_18,2.3272995790743426e-05
USA,C30,C19,9.185289255744392e-05
USA,C30,C20,2.0296133543376725e-05
USA,C30,C21,6.357844944877484e-06
USA,C30,C22,3.173822649329414e-05
USA,C30,C23,1.6822199321878453e-05
USA,C30,C24,3.0029235926260743e-05
USA,C30,C25,0.000240461137011
USA,C30,C26,9.869891871891556e-06
USA,C30,C27,4.568188083330052e-05
USA,C30,C28,0.0008797526606214
USA,C30,C29,0.0007059707860146
USA,C30,C30,0.17649413849642
USA,C30,C31T33,2.7878891083200408e-05
USA,C30,D,1.4070197872503316e-05
USA,C30,E,0.0008635197569538
USA,C30,F,3.676380069431544e-05
USA,C30,G,1.7401621173818544e-05
USA,C30,H49,0.0022453798083236
USA,C30,H50,0.0257464197760677
USA,C30,H51,0.0051089095571925
USA,C30,H52,0.0022017338203666
USA,C30,H53,0.0075068990588826
USA,C30,HFCE,0.0027772505569319
USA,C30,I,6.91845858587629e-06
USA,C30,J58T60,3.999237321917785e-06
USA,C30,J61,2.29202214595754e-05
USA,C30,J62_63,5.001487697419016e-06
USA,C30,K,1.5911155164503209e-06
USA,C30,L,1.396805275325228e-06
USA,C30,M,0.000289624290762
USA,C30,N,0.0001254171756968
USA,C30,O,0.0168783962755324
USA,C30,P,4.213638705762813e-06
USA,C30,Q,6.972868295249263e-05
USA,C30,R,6.637712758475171e-05
USA,C30,S,0.0001625718198339
USA,C30,T,0.0
USA,C31T33,A01_02,0.0006747813069496
USA,C31T33,A03,4.180165116522103e-05
USA,C31T33,B05_06,0.0003687943052536
USA,C31T33,B07_08,0.0005584746782821
USA,C31T33,B09,0.0006327435183735
USA,C31T33,C10T12,0.0013557935921698
USA,C31T33,C13T15,0.0043460580091976
USA,C31T33,C16,0.003487577249836
USA,C31T33,C17_18,0.0035244782608524
USA,C31T33,C19,0.0009737627247535
USA,C31T33,C20,0.0030554317635353
USA,C31T33,C21,0.0007361715199331
USA,C31T33,C22,0.0037705013074033
USA,C31T33,C23,0.003359455509021
USA,C31T33,C24,0.0038661520761182
USA,C31T33,C25,0.0030815766463705
USA,C31T33,C26,0.0019175134115763
USA,C31T33,C27,0.0047430394203126
USA,C31T33,C28,0.0053942286544407
USA,C31T33,C29,0.0033119515988133
USA,C31T33,C30,0.0016205179215724
USA,C31T33,C31T33,0.0209999630793064
USA,C31T33,D,0.000159117384764
USA,C31T33,E,0.0049904508581621
USA,C31T33,F,0.0097575155952378
USA,C31T33,G,0.0040497020470717
USA,C31T33,H49,0.0016181585788531
USA,C31T33,H50,0.0003697824823724
USA,C31T33,H51,0.0002068968835555
USA,C31T33,H52,0.0024433515987206
USA,C31T33,H53,0.0006221251491905
USA,C31T33,HFCE,0.0159895868285138
USA,C31T33,I,0.0038991279513567
USA,C31T33,J58T60,0.0004881422025282
USA,C31T33,J61,0.0012546466431844
USA,C31T33,J62_63,0.0014527850735208
USA,C31T33,K,0.0010563734136816
USA,C31T33,L,0.0010817719624595
USA,C31T33,M,0.0019669432164752
USA,C31T33,N,0.0029836927862294
USA,C31T33,O,0.0032729396303679
USA,C31T33,P,0.0010588272119195
USA,C31T33,Q,0.0087842079419011
USA,C31T33,R,0.0018519658179772
USA,C31T33,S,0.0029760596406333
USA,C31T33,T,0.0
USA,D,A01_02,0.0063835857097567
USA,D,A03,0.0014212561396175
USA,D,B05_06,0.0108907140775111
USA,D,B07_08,0.0257388242078477
USA,D,B09,0.0010465833447844
USA,D,C10T12,0.006630990790387
USA,D,C13T15,0.0099513423635458
USA,D,C16,0.0076808760137566
USA,D,C17_18,0.016590095880798
USA,D,C19,0.0093711311546396
USA,D,C20,0.0186212706934195
USA,D,C21,0.0007324906623335
USA,D,C22,0.014755313084909
USA,D,C23,0.0183555116378467
USA,D,C24,0.0221898125593021
USA,D,C25,0.0085044276928974
USA,D,C26,0.0015713785989527
USA,D,C27,0.0036246209585318
USA,D,C28,0.0034747428334479
USA,D,C29,0.0030786486516596
USA,D,C30,0.0013044289163015
USA,D,C31T33,0.0040179509919234
USA,D,D,0.0330517224612086
USA,D,E,0.0039039602150605
USA,D,F,0.0028195652806471
USA,D,G,0.0114774197264023
USA,D,H49,0.0037989083015969
USA,D,H50,0.0021683843524152
USA,D,H51,0.0004465123440454
USA,D,H52,0.0307149234336832
USA,D,H53,0.0022681038709944
USA,D,HFCE,0.0155686297879425
USA,D,I,0.0198295706911955
USA,D,J58T60,0.0013315107789443
USA,D,J61,0.0030502733079421
USA,D,J62_63,0.0020526693920524
USA,D,K,0.0013398783764028
USA,D,L,0.0243890259563757
USA,D,M,0.0046611676896347
USA,D,N,0.0025604007300515
USA,D,O,0.0034307577432814
USA,D,P,0.0077127646767055
USA,D,Q,0.0044245591472573
USA,D,R,0.0053611619074412
USA,D,S,0.0073014239134852
USA,D,T,0.0
USA,E,A01_02,0.0009692541149964
USA,E,A03,8.360330233044206e-05
USA,E,B05_06,0.0035159376844896
USA,E,B07_08,0.0015676482197394
USA,E,B09,0.0017544252100356
USA,E,C10T12,0.0013171908520492
USA,E,C13T15,0.0012969089290452
USA,E,C16,0.0006556645229691
USA,E,C17_18,0.0013013154765027
USA,E,C19,0.0013622302736758
USA,E,C20,0.0031182634109941
USA,E,C21,0.0001341839906787
USA,E,C22,0.0011565409734156
USA,E,C23,0.0017196025973475
USA,E,C24,0.0016144075791998
USA,E,C25,0.0008894594395253
USA,E,C26,0.0001668700323457
USA,E,C27,0.0004450045288071
USA,E,C28,0.0004866657234074
USA,E,C29,0.0003162041348359
USA,E,C30,0.0003288224486111
USA,E,C31T33,0.0006928281175946
USA,E,D,0.0082608614685562
USA,E,E,0.0553432648610489
USA,E,F,0.0011986565824549
USA,E,G,0.0014309466228706
USA,E,H49,0.0018251123635291
USA,E,H50,0.0007949065607462
USA,E,H51,0.0002578993711297
USA,E,H52,0.003333866987776
USA,E,H53,0.0023433186266135
USA,E,HFCE,0.0033575673143641
USA,E,I,0.002988197570883
USA,E,J58T60,0.0004456797121396
USA,E,J61,0.0006785013503307
USA,E,J62_63,0.000348240839481
USA,E,K,0.000825629841486
USA,E,L,0.002557389289281
USA,E,M,0.0012946157396039
USA,E,N,0.0020672385835289
USA,E,O,0.0058076999088416
USA,E,P,0.0026757274613134
USA,E,Q,0.0026210150106659
USA,E,R,0.0026656351104234
USA,E,S,0.0019630961968976
USA,E,T,0.0
USA,F,A01_02,0.004207619619658
USA,F,A03,0.0006479255930609
USA,F,B05_06,0.0045346533481492
USA,F,B07_08,0.0276941854247906
USA,F,B09,0.0190701865954244
USA,F,C10T12,0.0018430255316276
USA,F,C13T15,0.0018464466108441
USA,F,C16,0.0017585595403291
USA,F,C17_18,0.0048328939733591
USA,F,C19,0.014639398055343
USA,F,C20,0.003929245087472
USA,F,C21,0.0003068496744448
USA,F,C22,0.0030811470279689
USA,F,C23,0.0045500933943584
USA,F,C24,0.003988510007579
USA,F,C25,0.0025348497282405
USA,F,C26,0.0004115515378209
USA,F,C27,0.0012152955538928
USA,F,C28,0.0014821310747411
USA,F,C29,0.001113431761837
USA,F,C30,0.0005037200380205
USA,F,C31T33,0.0014173025439864
USA,F,D,0.0133168215423006
USA,F,E,0.0010770360472225
USA,F,F,0.0003917555078552
USA,F,G,0.0026178126119084
USA,F,H49,0.0057039488294735
USA,F,H50,0.0006389438811061
USA,F,H51,0.0015031299168082
USA,F,H52,0.006937180359814
USA,F,H53,0.0045058886156928
USA,F,HFCE,3.2435131270677234e-05
USA,F,I,0.0032485622289982
USA,F,J58T60,0.0002081955899939
USA,F,J61,0.0037468282573677
USA,F,J62_63,0.000373640551513
USA,F,K,0.0016891282322636
USA,F,L,0.035008775294834
USA,F,M,0.000857554478612
USA,F,N,0.0006548594211601
USA,F,O,0.029569445004309
USA,F,P,0.0068560583563545
USA,F,Q,0.0007150715610195
USA,F,R,0.0019926325784217
USA,F,S,0.0132605935032651
USA,F,T,0.0
USA,G,A01_02,0.1365748176043781
USA,G,A03,0.0137109415821924
USA,G,B05_06,0.0420218361739495
USA,G,B07_08,0.0518527642397046
USA,G,B09,0.0490312313252781
USA,G,C10T12,0.16304796615132
USA,G,C13T15,0.1602860108117613
USA,G,C16,0.1118182914810386
USA,G,C17_18,0.1181368822942598
USA,G,C19,0.0336337217907102
USA,G,C20,0.1357271543266174
USA,G,C21,0.0821724689251962
USA,G,C22,0.156698395019045
USA,G,C23,0.0932417125746562
USA,G,C24,0.0938503262205876
USA,G,C25,0.0872407811120929
USA,G,C26,0.0347578571225271
USA,G,C27,0.1191076280864805
USA,G,C28,0.1131622485245231
USA,G,C29,0.1604052786757829
USA,G,C30,0.0575690208805999
USA,G,C31T33,0.0999816150015559
USA,G,D,0.0211590946241498
USA,G,E,0.0474195256314094
USA,G,F,0.0956372504034505
USA,G,G,0.0459049648441458
USA,G,H49,0.0442698897369486
USA,G,H50,0.0349381557664685
USA,G,H51,0.0424783359716695
USA,G,H52,0.0298253902307187
USA,G,H53,0.0301704459651948
USA,G,HFCE,0.1334296044884279
USA,G,I,0.0534536253414835
USA,G,J58T60,0.0310926586823853
USA,G,J61,0.0353053044142933
USA,G,J62_63,0.0160364367204911
USA,G,K,0.0065466129701245
USA,G,L,0.007692206651216
USA,G,M,0.0199835920523282
USA,G,N,0.0313654178823953
USA,G,O,0.0373452022479493
USA,G,P,0.0306926125148547
USA,G,Q,0.0326600532797649
USA,G,R,0.0185508686172457
USA,G,S,0.0321145700016837
USA,G,T,0.0
USA,H49,A01_02,0.0205926296588835
USA,H49,A03,0.0020064792559306
USA,H49,B05_06,0.0221387554357395
USA,H49,B07_08,0.018146927829395
USA,H49,B09,0.0092738469208079
USA,H49,C10T12,0.0224830324106767
USA,H49,C13T15,0.0152017823862182
USA,H49,C16,0.0206407130741475
USA,H49,C17_18,0.0160137933918103
USA,H49,C19,0.0703126263549445
USA,H49,C20,0.0126591735068955
USA,H49,C21,0.005139481079388
USA,H49,C22,0.0149702866723569
USA,H49,C23,0.0298768490400754
USA,H49,C24,0.0272051431565388
USA,H49,C25,0.0147512077208588
USA,H49,C26,0.0033807822646765
USA,H49,C27,0.0105816563619895
USA,H49,C28,0.0105998988564616
USA,H49,C29,0.0158550978987661
USA,H49,C30,0.0059487651181551
USA,H49,C31T33,0.0107111453025198
USA,H49,D,0.0164248868694016
USA,H49,E,0.0083972569065822
USA,H49,F,0.0148792670070349
USA,H49,G,0.0094496998597472
USA,H49,H49,0.0383742852015667
USA,H49,H50,0.0082660220209241
USA,H49,H51,0.020217193612179
USA,H49,H52,0.0255149028732544
USA,H49,H53,0.0181419156673502
USA,H49,HFCE,0.015220187508228
USA,H49,I,0.0037442697866762
USA,H49,J58T60,0.0038066858073301
USA,H49,J61,0.0056179660626874
USA,H49,J62_63,0.0064185758783544
USA,H49,K,0.0026356510306896
USA,H49,L,0.0025022692041855
USA,H49,M,0.0077609927571588
USA,H49,N,0.008056653955545
USA,H49,O,0.0078666463863689
USA,H49,P,0.0214027430654208
USA,H49,Q,0.0057323245133731
USA,H49,R,0.0154970811647207
USA,H49,S,0.0042150476808217
USA,H49,T,0.0
USA,H50,A01_02,0.0008616984439722
USA,H50,A03,0.0002717107325739
USA,H50,B05_06,0.001168156886651
USA,H50,B07_08,0.000802020026706
USA,H50,B09,0.0003595133627122
USA,H50,C10T12,0.0009974417004159
USA,H50,C13T15,0.001240385053203
USA,H50,C16,0.0011111010814771
USA,H50,C17_18,0.0008918685336079
USA,H50,C19,0.0040424427498619
USA,H50,C20,0.0008481192825359
USA,H50,C21,0.0007445371053869
USA,H50,C22,0.001008006073427
USA,H50,C23,0.0011264643101465
USA,H50,C24,0.0013732772966875
USA,H50,C25,0.0008628633958651
USA,H50,C26,0.0003739082292863
USA,H50,C27,0.0010601346827865
USA,H50,C28,0.0010338494642334
USA,H50,C29,0.0017658280649027
USA,H50,C30,0.0006479075581974
USA,H50,C31T33,0.0007500928668466
USA,H50,D,0.0007444789991951
USA,H50,E,0.0004278204635273
USA,H50,F,0.0008398038368649
USA,H50,G,0.0002805270633191
USA,H50,H49,0.0004133919037754
USA,H50,H50,0.0005408383245583
USA,H50,H51,0.0007226956258149
USA,H50,H52,0.0005817815611585
USA,H50,H53,0.0056533509339748
USA,H50,HFCE,0.0030262452557358
USA,H50,I,0.0002053629123574
USA,H50,J58T60,0.0001277403450471
USA,H50,J61,0.0002390924471433
USA,H50,J62_63,0.0001151322854268
USA,H50,K,9.92856082265e-05
USA,H50,L,3.191162821319944e-05
USA,H50,M,0.0004659901816658
USA,H50,N,0.000158425522228
USA,H50,O,0.0017832881817562
USA,H50,P,0.0002795047008155
USA,H50,Q,0.0002069923374836
USA,H50,R,0.0001266000844
USA,H50,S,0.0002496638661735
USA,H50,T,0.0
USA,H51,A01_02,0.0011029155314148
USA,H51,A03,0.0002299090814087
USA,H51,B05_06,0.0011644578464779
USA,H51,B07_08,0.0007866234816907
USA,H51,B09,0.0018966327179529
USA,H51,C10T12,0.0012223179801657
USA,H51,C13T15,0.0015151538941025
USA,H51,C16,0.0046150904595477
USA,H51,C17_18,0.0021533437969774
USA,H51,C19,0.0039893450644633
USA,H51,C20,0.0010638196805129
USA,H51,C21,0.0008312045706881
USA,H51,C22,0.0018158497317696
USA,H51,C23,0.0017083877977996
USA,H51,C24,0.0017986167727176
USA,H51,C25,0.0015483284386559
USA,H51,C26,0.0004622781913951
USA,H51,C27,0.001205056511637
USA,H51,C28,0.0014375830896969
USA,H51,C29,0.0019372008758035
USA,H51,C30,0.0008950861642149
USA,H51,C31T33,0.0013295217112515
USA,H51,D,0.0013414278354035
USA,H51,E,0.00270637807038
USA,H51,F,0.0009566981742324
USA,H51,G,0.0008469148137846
USA,H51,H49,0.0012542705704155
USA,H51,H50,0.0027293468937013
USA,H51,H51,0.0011210924155451
USA,H51,H52,0.0015803374202096
USA,H51,H53,0.0017684213472303
USA,H51,HFCE,0.004719903292691
USA,H51,I,0.0007313963801702
USA,H51,J58T60,0.0011284906725435
USA,H51,J61,0.0015048852254211
USA,H51,J62_63,0.0025106487557181
USA,H51,K,0.0011652693596275
USA,H51,L,0.0012776739023239
USA,H51,M,0.0017371128080841
USA,H51,N,0.0032463781519063
USA,H51,O,0.0016223130419472
USA,H51,P,0.0006431484094383
USA,H51,Q,0.0009848197131604
USA,H51,R,0.0007565234210156
USA,H51,S,0.0008329732146337
USA,H51,T,0.0
USA,H52,A01_02,0.0041620911996905
USA,H52,A03,0.0083603302330442
USA,H52,B05_06,0.0037245635502499
USA,H52,B07_08,0.0217959089980208
USA,H52,B09,0.0009011801625319
USA,H52,C10T12,0.0079164211869403
USA,H52,C13T15,0.0258722340590894
USA,H52,C16,0.032771737658695
USA,H52,C17_18,0.0223980889320337
USA,H52,C19,0.0201517922452356
USA,H52,C20,0.0073072558245584
USA,H52,C21,0.0012946580048279
USA,H52,C22,0.0247820535986705
USA,H52,C23,0.0241373638492182
USA,H52,C24,0.0060712840277183
USA,H52,C25,0.0060592367922539
USA,H52,C26,0.0050662384510788
USA,H52,C27,0.0022722797621391
USA,H52,C28,0.0031166778970549
USA,H52,C29,0.003173837564789
USA,H52,C30,0.0012961896294343
USA,H52,C31T33,0.0049530240685248
USA,H52,D,0.0157428961019344
USA,H52,E,0.0125541275614076
USA,H52,F,0.0025386047885829
USA,H52,G,0.0225594509147407
USA,H52,H49,0.0398686840420755
USA,H52,H50,0.0610895754041823
USA,H52,H51,0.0976380074386647
USA,H52,H52,0.0750458926450959
USA,H52,H53,0.0554799197009601
USA,H52,HFCE,0.0023471460319357
USA,H52,I,0.0020547822000052
USA,H52,J58T60,0.0041897892178444
USA,H52,J61,0.0018091276171242
USA,H52,J62_63,0.0042206672063043
USA,H52,K,0.0002094862688958
USA,H52,L,0.0001376390428993
USA,H52,M,0.0060133434181213
USA,H52,N,0.004031671435791
USA,H52,O,0.0028985494724225
USA,H52,P,0.0011715922096642
USA,H52,Q,0.0019924383552413
USA,H52,R,0.0035654627936418
USA,H52,S,0.0019543869922637
USA,H52,T,0.0
USA,H53,A01_02,5.116726097266248e-05
USA,H53,A03,0.0
USA,H53,B05_06,2.4783569159474497e-05
USA,H53,B07_08,6.998429552408438e-05
USA,H53,B09,9.58702300565954e-06
USA,H53,C10T12,2.267145054697938e-05
USA,H53,C13T15,4.396301454390727e-05
USA,H53,C16,3.610668211595005e-05
USA,H53,C17_18,0.0003041267755027
USA,H53,C19,0.0001965224677973
USA,H53,C20,0.0001118446508028
USA,H53,C21,1.0373325962694842e-05
USA,H53,C22,3.173822649329414e-05
USA,H53,C23,3.613657632107223e-05
USA,H53,C24,6.543684246618014e-05
USA,H53,C25,0.0001115937089663
USA,H53,C26,8.492697657209014e-06
USA,H53,C27,0.0009601071161343
USA,H53,C28,0.0006295554867567
USA,H53,C29,1.4253761518513832e-05
USA,H53,C30,8.239286867250857e-06
USA,H53,C31T33,0.0002870772298026
USA,H53,D,0.0003889995882397
USA,H53,E,0.0030026220745904
USA,H53,F,1.706690899812208e-05
USA,H53,G,0.0123169267293157
USA,H53,H49,0.0779703540422337
USA,H53,H50,0.0639824315587966
USA,H53,H51,0.0001568567070676
USA,H53,H52,0.0085401080601137
USA,H53,H53,0.0225352736796749
USA,H53,HFCE,0.0010941738877015
USA,H53,I,0.0032042840940486
USA,H53,J58T60,0.0047329797458625
USA,H53,J61,0.0005932569650392
USA,H53,J62_63,0.0056114730597316
USA,H53,K,0.0023089950151623
USA,H53,L,0.0001110728810282
USA,H53,M,0.00288045672697
USA,H53,N,0.0037086404145615
USA,H53,O,0.0006934492655642
USA,H53,P,0.0005298483464611
USA,H53,Q,0.0025230422937759
USA,H53,R,0.001577226051484
USA,H53,S,0.0035100168295011
USA,H53,T,0.0
USA,I,A01_02,0.0009627798901386
USA,I,A03,0.0001881074302434
USA,I,B05_06,0.0001361246783684
USA,I,B07_08,0.0005304809600725
USA,I,B09,0.0042838014463622
USA,I,C10T12,0.0010775066428881
USA,I,C13T15,0.0011650198854135
USA,I,C16,0.0013835424101702
USA,I,C17_18,0.001925741787295
USA,I,C19,0.0006402238158987
USA,I,C20,0.0007507410247906
USA,I,C21,0.0001264876520612
USA,I,C22,0.0019567674573998
USA,I,C23,0.0021033979596541
USA,I,C24,0.0014104776934319
USA,I,C25,0.0015691665759567
USA,I,C26,0.0001983159669142
USA,I,C27,0.0005072264009766
USA,I,C28,0.0010290864721217
USA,I,C29,0.0004202402102872
USA,I,C30,0.0005288124116617
USA,I,C31T33,0.0018980250442859
USA,I,D,0.0032688380292618
USA,I,E,0.006364518792585
USA,I,F,0.0003941616622385
USA,I,G,0.0024673128324995
USA,I,H49,0.0029508103168868
USA,I,H50,0.0004175774971008
USA,I,H51,0.0777095071523771
USA,I,H52,0.0036170639773101
USA,I,H53,0.0141829374452287
USA,I,HFCE,0.0549459156926891
USA,I,I,0.0058966022527423
USA,I,J58T60,0.0037681049296363
USA,I,J61,0.0039557790434135
USA,I,J62_63,0.0077824129255702
USA,I,K,0.0054365553189177
USA,I,L,0.0090285463751036
USA,I,M,0.0097797995341215
USA,I,N,0.0129457426394477
USA,I,O,0.0030508178643723
USA,I,P,0.0035763091307276
USA,I,Q,0.0141770556201808
USA,I,R,0.0082008721339147
USA,I,S,0.0043400869759236
USA,I,T,0.0
USA,J58T60,A01_02,0.000889892648998
USA,J58T60,A03,6.270247674783153e-05
USA,J58T60,B05_06,0.0021920512065529
USA,J58T60,B07_08,0.0007810247380487
USA,J58T60,B09,0.0008117012811458
USA,J58T60,C10T12,0.0034350311288207
USA,J58T60,C13T15,0.0044936481294522
USA,J58T60,C16,0.0037107821938255
USA,J58T60,C17_18,0.0032814924064948
USA,J58T60,C19,0.0007821228027399
USA,J58T60,C20,0.0022414272586573
USA,J58T60,C21,0.0013267818529704
USA,J58T60,C22,0.0037747330709357
USA,J58T60,C23,0.0025899956511499
USA,J58T60,C24,0.003567204309509
USA,J58T60,C25,0.0040595981694244
USA,J58T60,C26,0.0012495742174552
USA,J58T60,C27,0.0023927854133028
USA,J58T60,C28,0.0025425972595984
USA,J58T60,C29,0.0013206847310429
USA,J58T60,C30,0.0010812191448069
USA,J58T60,C31T33,0.0044964130415945
USA,J58T60,D,0.001980794179904
USA,J58T60,E,0.0013780073493725
USA,J58T60,F,0.0021835571243433
USA,J58T60,G,0.0142354689324762
USA,J58T60,H49,0.0013075560133137
USA,J58T60,H50,0.0065655257074291
USA,J58T60,H51,0.0008583814889839
USA,J58T60,H52,0.0027347334723454
USA,J58T60,H53,0.0008559322577428
USA,J58T60,HFCE,0.0143349114140418
USA,J58T60,I,0.0131337711641413
USA,J58T60,J58T60,0.1181736988746028
USA,J58T60,J61,0.054212289288988
USA,J58T60,J62_63,0.0142211908914867
USA,J58T60,K,0.0037841818550841
USA,J58T60,L,0.0014766112074981
USA,J58T60,M,0.0126166208749527
USA,J58T60,N,0.0074351664089616
USA,J58T60,O,0.0055763396851939
USA,J58T60,P,0.0097340404755445
USA,J58T60,Q,0.0042691190270576
USA,J58T60,R,0.0048108032072021
USA,J58T60,S,0.0084734340227982
USA,J58T60,T,0.0
USA,J61,A01_02,0.0015011847831489
USA,J61,A03,2.0900825582610515e-05
USA,J61,B05_06,0.0026940109580366
USA,J61,B07_08,0.0022814880340851
USA,J61,B09,0.005873649428134
USA,J61,C10T12,0.0013178035939559
USA,J61,C13T15,0.0017757917660413
USA,J61,C16,0.001743788624918
USA,J61,C17_18,0.0025679186880972
USA,J61,C19,0.0007354334586825
USA,J61,C20,0.0014328206616366
USA,J61,C21,0.0004453837695595
USA,J61,C22,0.0024104125080773
USA,J61,C23,0.0025906186955692
USA,J61,C24,0.0018313351939507
USA,J61,C25,0.0024709643862524
USA,J61,C26,0.0005387124703099
USA,J61,C27,0.001260189816091
USA,J61,C28,0.0018351528430159
USA,J61,C29,0.000748076725213
USA,J61,C30,0.0007389142267766
USA,J61,C31T33,0.0024793375975478
USA,J61,D,0.0026476801761257
USA,J61,E,0.0078646480053954
USA,J61,F,0.0047926118749874
USA,J61,G,0.0084741315742503
USA,J61,H49,0.0122420726730934
USA,J61,H50,0.005924066299232
USA,J61,H51,0.0040272718961858
USA,J61,H52,0.0139827285849874
USA,J61,H53,0.0042149416152747
USA,J61,HFCE,0.0253152442102362
USA,J61,I,0.0062277658037196
USA,J61,J58T60,0.0089545276130281
USA,J61,J61,0.0935948813179943
USA,J61,J62_63,0.0151437202006949
USA,J61,K,0.0076196294521082
USA,J61,L,0.0057281641259092
USA,J61,M,0.0114178391659982
USA,J61,N,0.0135386568816549
USA,J61,O,0.0116030375649977
USA,J61,P,0.0117013415690573
USA,J61,Q,0.0049865801665379
USA,J61,R,0.0055805141370094
USA,J61,S,0.0062403524822477
USA,J61,T,0.0
USA,J62_63,A01_02,0.0010933086171097
USA,J62_63,A03,8.360330233044206e-05
USA,J62_63,B05_06,0.0184371259345625
USA,J62_63,B07_08,0.0030709108875968
USA,J62_63,B09,0.0013453788951275
USA,J62_63,C10T12,0.0046929902632247
USA,J62_63,C13T15,0.0085743579437242
USA,J62_63,C16,0.00919899787545
USA,J62_63,C17_18,0.0084867543125058
USA,J62_63,C19,0.0030793605940105
USA,J62_63,C20,0.0034691274217173
USA,J62_63,C21,0.0016088693944721
USA,J62_63,C22,0.0087284354620091
USA,J62_63,C23,0.0086366417407362
USA,J62_63,C24,0.009329232026942
USA,J62_63,C25,0.0119852191801892
USA,J62_63,C26,0.0034138349258289
USA,J62_63,C27,0.0039247036584885
USA,J62_63,C28,0.00883703142314
USA,J62_63,C29,0.0023328656351967
USA,J62_63,C30,0.0038822021666328
USA,J62_63,C31T33,0.0093529912166423
USA,J62_63,D,0.0080216681047236
USA,J62_63,E,0.0112556963940171
USA,J62_63,F,0.0048133719511785
USA,J62_63,G,0.0201580541302478
USA,J62_63,H49,0.0055697038910749
USA,J62_63,H50,0.0059768923681423
USA,J62_63,H51,0.0022806772745425
USA,J62_63,H52,0.0065226978294669
USA,J62_63,H53,0.0036458749371023
USA,J62_63,HFCE,0.0082260502856135
USA,J62_63,I,0.0133410943064314
USA,J62_63,J58T60,0.0257481485001507
USA,J62_63,J61,0.0246734614134147
USA,J62_63,J62_63,0.0480002581159925
USA,J62_63,K,0.013477894027506
USA,J62_63,L,0.0023541541217212
USA,J62_63,M,0.0337492160430039
USA,J62_63,N,0.0348570320537945
USA,J62_63,O,0.0286599221716437
USA,J62_63,P,0.0065239166132939
USA,J62_63,Q,0.0110183462824328
USA,J62_63,R,0.0106405612603741
USA,J62_63,S,0.018619450059347
USA,J62_63,T,0.0
USA,K,A01_02,0.0119111118165463
USA,K,A03,0.0745950465043369
USA,K,B05_06,0.0549385145542434
USA,K,B07_08,0.0379916746682044
USA,K,B09,0.1098656858076907
USA,K,C10T12,0.0083765903588533
USA,K,C13T15,0.0140524635774275
USA,K,C16,0.0053281974313378
USA,K,C17_18,0.0062040284372341
USA,K,C19,0.0058932327610277
USA,K,C20,0.0077127466627974
USA,K,C21,0.0042851874928474
USA,K,C22,0.00963911097419
USA,K,C23,0.0168016388560406
USA,K,C24,0.0172847385596454
USA,K,C25,0.0127669235149879
USA,K,C26,0.0055129084413742
USA,K,C27,0.0118386957035403
USA,K,C28,0.0121683241412255
USA,K,C29,0.008096791887873
USA,K,C30,0.0117952881765484
USA,K,C31T33,0.0156897878114995
USA,K,D,0.0225487335787341
USA,K,E,0.0193677396582478
USA,K,F,0.0113984569275982
USA,K,G,0.0252853098153925
USA,K,H49,0.0625077779557779
USA,K,H50,0.2366180247578176
USA,K,H51,0.0615166985031251
USA,K,H52,0.035025083395784
USA,K,H53,0.0215790550811065
USA,K,HFCE,0.0929654695938006
USA,K,I,0.0150068285186242
USA,K,J58T60,0.0162456077493927
USA,K,J61,0.0161634657635471
USA,K,J62_63,0.0146573010050244
USA,K,K,0.263371591599852
USA,K,L,0.0762973990760509
USA,K,M,0.0367976243287382
USA,K,N,0.0510807797851069
USA,K,O,0.0482050424498821
USA,K,P,0.0057384408520164
USA,K,Q,0.0517059729472296
USA,K,R,0.0229726403150935
USA,K,S,0.0695510861207626
USA,K,T,0.0
USA,L,A01_02,0.0186883721668478
USA,L,A03,0.0001672066046608
USA,L,B05_06,0.005626240103218
USA,L,B07_08,0.001868580690493
USA,L,B09,0.0023903644027444
USA,L,C10T12,0.0044363535279789
USA,L,C13T15,0.0101146335604232
USA,L,C16,0.0054521089995084
USA,L,C17_18,0.013538966686876
USA,L,C19,0.0004119648005068
USA,L,C20,0.0019369852555067
USA,L,C21,0.0105500071274788
USA,L,C22,0.0111244599740762
USA,L,C23,0.0061743701955487
USA,L,C24,0.0037352783911859
USA,L,C25,0.0146900642390419
USA,L,C26,0.0117183160403646
USA,L,C27,0.0035427086204859
USA,L,C28,0.0040748798395151
USA,L,C29,0.0019301559132139
USA,L,C30,0.0088216546435497
USA,L,C31T33,0.0114966518958776
USA,L,D,0.0124283299295869
USA,L,E,0.01343182921218
USA,L,F,0.0192566214011204
USA,L,G,0.0793516349900592
USA,L,H49,0.0115404237120908
USA,L,H50,0.0093879471034963
USA,L,H51,0.0003531681686738
USA,L,H52,0.0778186039796216
USA,L,H53,0.0113247767317031
USA,L,HFCE,0.1965857891125811
USA,L,I,0.1006090319093147
USA,L,J58T60,0.0132001885287523
USA,L,J61,0.0200162607982108
USA,L,J62_63,0.019545617784741
USA,L,K,0.0327043293043954
USA,L,L,0.0368236014104402
USA,L,M,0.0433829561745467
USA,L,N,0.0172796512922658
USA,L,O,0.01496550383175
USA,L,P,0.0331987911806267
USA,L,Q,0.0509418170942216
USA,L,R,0.0747802081868054
USA,L,S,0.0977272293697604
USA,L,T,0.0
USA,M,A01_02,0.0050540723083201
USA,M,A03,0.0005643222907304
USA,M,B05_06,0.0811562015888117
USA,M,B07_08,0.0680471302239777
USA,M,B09,0.0793438002320059
USA,M,C10T12,0.0405880238981598
USA,M,C13T15,0.0593312283423274
USA,M,C16,0.0330482820194467
USA,M,C17_18,0.0392706164227669
USA,M,C19,0.0259217407252228
USA,M,C20,0.0426706775281209
USA,M,C21,0.0558576833217665
USA,M,C22,0.0421018153842377
USA,M,C23,0.050005545095332
USA,M,C24,0.0412028008761365
USA,M,C25,0.0662677442908302
USA,M,C26,0.0970894377466899
USA,M,C27,0.0247296499035167
USA,M,C28,0.0656505616828491
USA,M,C29,0.037687764636647
USA,M,C30,0.0421173619001892
USA,M,C31T33,0.0477900704431764
USA,M,D,0.0280257650152806
USA,M,E,0.0772164724272468
USA,M,F,0.0596692712821557
USA,M,G,0.0772666460109962
USA,M,H49,0.050006841163314
USA,M,H50,0.0547655402974862
USA,M,H51,0.010545967194815
USA,M,H52,0.0344537784862613
USA,M,H53,0.0328560208828813
USA,M,HFCE,0.0153443220678794
USA,M,I,0.1053572853444447
USA,M,J58T60,0.0767345427419076
USA,M,J61,0.0844373109179847
USA,M,J62_63,0.0791581535135058
USA,M,K,0.0593550368702834
USA,M,L,0.0338759393549053
USA,M,M,0.0927475717112387
USA,M,N,0.0925557672015836
USA,M,O,0.0384556116867552
USA,M,P,0.0146963692078519
USA,M,Q,0.0583084174076481
USA,M,R,0.0469259917006611
USA,M,S,0.0401009106510254
USA,M,T,0.0
USA,N,A01_02,0.0101380095893712
USA,N,A03,0.0002926115581565
USA,N,B05_06,0.0189209603891982
USA,N,B07_08,0.0166688595079264
USA,N,B09,0.0380972315873234
USA,N,C10T12,0.0076574356077189
USA,N,C13T15,0.0150824542038847
USA,N,C16,0.0073583776939482
USA,N,C17_18,0.0218016691077015
USA,N,C19,0.0079020951919435
USA,N,C20,0.0135189522704032
USA,N,C21,0.0069374127051157
USA,N,C22,0.0121934034423703
USA,N,C23,0.0168527284984255
USA,N,C24,0.0197690975856046
USA,N,C25,0.0244801501661978
USA,N,C26,0.0100486975874311
USA,N,C27,0.0067309888551963
USA,N,C28,0.0093270592586262
USA,N,C29,0.0070348047365741
USA,N,C30,0.0125847616636468
USA,N,C31T33,0.0155989930445934
USA,N,D,0.0418460099608724
USA,N,E,0.038952935021714
USA,N,F,0.0194614802661766
USA,N,G,0.0415664928605673
USA,N,H49,0.0553173371579676
USA,N,H50,0.1116667630952051
USA,N,H51,0.0963215658725996
USA,N,H52,0.0486460401039676
USA,N,H53,0.025345040403151
USA,N,HFCE,0.0115526768169653
USA,N,I,0.0254210689203007
USA,N,J58T60,0.0318073459167375
USA,N,J61,0.0532794676731469
USA,N,J62_63,0.0706075709186438
USA,N,K,0.0209414350474505
USA,N,L,0.0402062071393994
USA,N,M,0.0447843520228929
USA,N,N,0.078218802732015
USA,N,O,0.0246982189682616
USA,N,P,0.0098960983578312
USA,N,Q,0.0415433699676603
USA,N,R,0.0258624630749753
USA,N,S,0.0322649074626271
USA,N,T,0.0
USA,O,A01_02,0.0083028801111394
USA,O,A03,0.0036576444769568
USA,O,B05_06,0.0122700861580437
USA,O,B07_08,0.0086430604972244
USA,O,B09,0.0042566382145128
USA,O,C10T12,0.0047807144795303
USA,O,C13T15,0.0057638652282387
USA,O,C16,0.0153379544415732
USA,O,C17_18,0.0090756794432783
USA,O,C19,0.0049185545589398
USA,O,C20,0.008193592294724
USA,O,C21,0.001138054245133
USA,O,C22,0.0067234259003394
USA,O,C23,0.0082621920447196
USA,O,C24,0.0072930705521211
USA,O,C25,0.0040724849122289
USA,O,C26,0.0014258550769346
USA,O,C27,0.0019509313590359
USA,O,C28,0.0020195086553372
USA,O,C29,0.0015716820028402
USA,O,C30,0.0015422446963335
USA,O,C31T33,0.0029306742396785
USA,O,D,0.0324469108673656
USA,O,E,0.0484020157198414
USA,O,F,0.0041451884746324
USA,O,G,0.0083326289178632
USA,O,H49,0.0060943076708348
USA,O,H50,0.0044726071677428
USA,O,H51,0.0046296786362127
USA,O,H52,0.0152936196209351
USA,O,H53,0.0059186432890654
USA,O,HFCE,0.0439374321394213
USA,O,I,0.0117265566877741
USA,O,J58T60,0.0054920114646371
USA,O,J61,0.0064349306686849
USA,O,J62_63,0.0031296564095633
USA,O,K,0.0080406067954507
USA,O,L,0.0103150577569579
USA,O,M,0.0064068065245327
USA,O,N,0.0059148194170798
USA,O,O,0.0117165243739258
USA,O,P,0.0082614071894575
USA,O,Q,0.009945582247234
USA,O,R,0.0128121043747362
USA,O,S,0.0091411397114018
USA,O,T,0.0
USA,P,A01_02,0.0001819048339068
USA,P,A03,0.0001463057790782
USA,P,B05_06,0.0002322997228679
USA,P,B07_08,0.0002337475470504
USA,P,B09,0.0004426008954279
USA,P,C10T12,0.0002758359816549
USA,P,C13T15,0.0002606378719388
USA,P,C16,0.000230590401695
USA,P,C17_18,0.0009664210116495
USA,P,C19,0.0002386344251824
USA,P,C20,0.0002176436448055
USA,P,C21,5.956296843095748e-05
USA,P,C22,0.0003918613031038
USA,P,C23,0.0003233600536316
USA,P,C24,0.0002357519118987
USA,P,C25,0.0002843308997496
USA,P,C26,7.023690494880969e-05
USA,P,C27,0.0001299570747843
USA,P,C28,0.0002106923569386
USA,P,C29,0.0001022338757189
USA,P,C30,0.0001205931986933
USA,P,C31T33,0.0003330397259128
USA,P,D,0.0009507729297669
USA,P,E,0.0008138831285888
USA,P,F,0.0001671997511029
USA,P,G,0.0024819668292775
USA,P,H49,0.0002915229392112
USA,P,H50,5.534159600131814e-05
USA,P,H51,0.0028195714828732
USA,P,H52,0.0008122678971494
USA,P,H53,0.0003696601167636
USA,P,HFCE,0.0300212232867865
USA,P,I,0.0003899704489572
USA,P,J58T60,0.0006669316357433
USA,P,J61,0.0007097419261557
USA,P,J62_63,0.0014345443536832
USA,P,K,0.0005130392871242
USA,P,L,0.0006647181412153
USA,P,M,0.0013996831966717
USA,P,N,0.0021608834080492
USA,P,O,0.0043966750458591
USA,P,P,0.0108738631870304
USA,P,Q,0.0006484767514581
USA,P,R,0.0125492333661555
USA,P,S,0.0103183338710921
USA,P,T,0.0
USA,Q,A01_02,0.0006616240112709
USA,Q,A03,6.270247674783153e-05
USA,Q,B05_06,0.0003835904659458
USA,Q,B07_08,0.0002603415793495
USA,Q,B09,0.0004633727786068
USA,Q,C10T12,0.0007398858523102
USA,Q,C13T15,0.0006233327419261
USA,Q,C16,0.0002363346465771
USA,Q,C17_18,0.0004118136882294
USA,Q,C19,0.0001541053513006
USA,Q,C20,0.0004862435397838
USA,Q,C21,0.0002790759307383
USA,Q,C22,0.000484113748111
USA,Q,C23,0.0003395592085342
USA,Q,C24,0.000191380354336
USA,Q,C25,0.0002486867175245
USA,Q,C26,0.0001108641342819
USA,Q,C27,0.0003418264876146
USA,Q,C28,0.0002712103743571
USA,Q,C29,0.0002249472938496
USA,Q,C30,0.000169279893818
USA,Q,C31T33,0.0003522535562539
USA,Q,D,0.0001549790912721
USA,Q,E,0.0002726075145128
USA,Q,F,0.0004119560132595
USA,Q,G,0.0002449426336432
USA,Q,H49,0.0003962030512275
USA,Q,H50,0.0002062732214594
USA,Q,H51,0.0012731375671813
USA,Q,H52,0.000163370286448
USA,Q,H53,0.0002279765073416
USA,Q,HFCE,0.1946389556568393
USA,Q,I,0.0003652946133342
USA,Q,J58T60,0.0003718114463112
USA,Q,J61,0.0003613859575338
USA,Q,J62_63,0.000412181427299
USA,Q,K,0.0001551655851642
USA,Q,L,9.345164524723976e-05
USA,Q,M,0.0005013229303395
USA,Q,N,0.0004086055231397
USA,Q,O,0.0053632237538159
USA,Q,P,0.0001804507496531
USA,Q,Q,0.0150889344301629
USA,Q,R,0.0005644253762835
USA,Q,S,0.0005090737470564
USA,Q,T,0.0
USA,R,A01_02,0.0002980231894203
USA,R,A03,2.0900825582610515e-05
USA,R,B05_06,0.0001006138927071
USA,R,B07_08,8.398115462890127e-05
USA,R,B09,0.0004186333379137
USA,R,C10T12,0.0004005289596633
USA,R,C13T15,0.0004019475615442
USA,R,C16,0.0003339868095725
USA,R,C17_18,0.0004240418724584
USA,R,C19,0.0001385422366148
USA,R,C20,0.0002454968493491
USA,R,C21,0.0001207990539526
USA,R,C22,0.0005141592691913
USA,R,C23,0.0003881566732418
USA,R,C24,0.0003388373486604
USA,R,C25,0.0003852313540484
USA,R,C26,8.791089737056898e-05
USA,R,C27,0.0001787894301579
USA,R,C28,0.0002459945337661
USA,R,C29,0.0001807114822404
USA,R,C30,0.0001228402769299
USA,R,C31T33,0.0004291088776184
USA,R,D,0.0002919566058544
USA,R,E,0.0008706107038631
USA,R,F,0.0002500721846315
USA,R,G,0.0013883584447346
USA,R,H49,0.0004309245333742
USA,R,H50,0.0003924222261911
USA,R,H51,0.0015166022720164
USA,R,H52,0.0008342033865121
USA,R,H53,0.0003475038321626
USA,R,HFCE,0.0103914645660702
USA,R,I,0.0015760248658626
USA,R,J58T60,0.0120472319337688
USA,R,J61,0.0043992696298745
USA,R,J62_63,0.0013954150675799
USA,R,K,0.0007943485104326
USA,R,L,0.0013204107714209
USA,R,M,0.0028288165558314
USA,R,N,0.0018196759845448
USA,R,O,0.0007542968049924
USA,R,P,0.0010530752606704
USA,R,Q,0.000865654177463
USA,R,R,0.0414474609649739
USA,R,S,0.0029957590320672
USA,R,T,0.0
USA,S,A01_02,0.0003857384939449
USA,S,A03,2.0900825582610515e-05
USA,S,B05_06,0.0003192271669347
USA,S,B07_08,0.0003499214776204
USA,S,B09,0.001752827372868
USA,S,C10T12,0.0004049202766611
USA,S,C13T15,0.0004239290688162
USA,S,C16,0.0002945977018096
USA,S,C17_18,0.0005976031969995
USA,S,C19,0.0003033281568176
USA,S,C20,0.0004665951551833
USA,S,C21,0.0001251491583886
USA,S,C22,0.0004870759825837
USA,S,C23,0.0008112038339661
USA,S,C24,0.0006059630891388
USA,S,C25,0.0004981959931003
USA,S,C26,0.0001572296728429
USA,S,C27,0.0001756389556176
USA,S,C28,0.0002255416852866
USA,S,C29,0.0001753048830437
USA,S,C30,0.0002097273020754
USA,S,C31T33,0.0006088147025736
USA,S,D,0.0003736879023197
USA,S,E,0.0024723768223733
USA,S,F,0.000730911361749
USA,S,G,0.0020348852400796
USA,S,H49,0.0008931327783854
USA,S,H50,0.000158478206731
USA,S,H51,0.001225022012866
USA,S,H52,0.0064441229421973
USA,S,H53,0.001944505503796
USA,S,HFCE,0.0222635950341097
USA,S,I,0.0024011663598714
USA,S,J58T60,0.0004314471322586
USA,S,J61,0.0017468034532924
USA,S,J62_63,0.0006509779477542
USA,S,K,0.0022693762388027
USA,S,L,0.0006315708775662
USA,S,M,0.0022188519388426
USA,S,N,0.0026056236189115
USA,S,O,0.0041653812859354
USA,S,P,0.0023266642802757
USA,S,Q,0.0030334719223551
USA,S,R,0.0023794661696441
USA,S,S,0.0090828709851603
USA,S,T,0.0
USA,T,A01_02,0.0
USA,T,A03,0.0
USA,T,B05_06,0.0
USA,T,B07_08,0.0
USA,T,B09,0.0
USA,T,C10T12,0.0
USA,T,C13T15,0.0
USA,T,C16,0.0
USA,T,C17_18,0.0
USA,T,C19,0.0
USA,T,C20,0.0
USA,T,C21,0.0
USA,T,C22,0.0
USA,T,C23,0.0
USA,T,C24,0.0
USA,T,C25,0.0
USA,T,C26,0.0
USA,T,C27,0.0
USA,T,C28,0.0
USA,T,C29,0.0
USA,T,C30,0.0
USA,T,C31T33,0.0
USA,T,D,0.0
USA,T,E,0.0
USA,T,F,0.0
USA,T,G,0.0
USA,T,H49,0.0
USA,T,H50,0.0
USA,T,H51,0.0
USA,T,H52,0.0
USA,T,H53,0.0
USA,T,HFCE,0.0019410633711375
USA,T,I,0.0
USA,T,J58T60,0.0
USA,T,J61,0.0
USA,T,J62_63,0.0
USA,T,K,0.0
USA,T,L,0.0
USA,T,M,0.0
USA,T,N,0.0
USA,T,O,0.0
USA,T,P,0.0
USA,T,Q,0.0
USA,T,R,0.0
USA,T,S,0.0
USA,T,T,0.0
USA,employees_compensation,A01_02,0.1250394196755452
USA,employees_compensation,A03,0.1794753892778764
USA,employees_compensation,B05_06,0.1244190657408215
USA,employees_compensation,B07_08,0.1694879669002275
USA,employees_compensation,B09,0.3984878069045739
USA,employees_compensation,C10T12,0.1289682825385611
USA,employees_compensation,C13T15,0.2876672753450704
USA,employees_compensation,C16,0.2086810311083684
USA,employees_compensation,C17_18,0.2210402082420328
USA,employees_compensation,C19,0.0529829455727363
USA,employees_compensation,C20,0.1327557140093414
USA,employees_compensation,C21,0.1770967670693078
USA,employees_compensation,C22,0.2144247277177549
USA,employees_compensation,C23,0.2167303625744693
USA,employees_compensation,C24,0.1725453004469874
USA,employees_compensation,C25,0.2838686221247826
USA,employees_compensation,C26,0.3964026309918277
USA,employees_compensation,C27,0.2962706257630055
USA,employees_compensation,C28,0.2645455475129476
USA,employees_compensation,C29,0.1119267612242637
USA,employees_compensation,C30,0.3179844157634036
USA,employees_compensation,C31T33,0.2758021020683877
USA,employees_compensation,D,0.1807842479996523
USA,employees_compensation,E,0.3198710393122097
USA,employees_compensation,F,0.3347727918777181
USA,employees_compensation,G,0.3532791738852416
USA,employees_compensation,H49,0.2746971152292546
USA,employees_compensation,H50,0.1868281970462681
USA,employees_compensation,H51,0.5557625593625651
USA,employees_compensation,H52,0.4381663109516041
USA,employees_compensation,H53,0.5733154372746837
USA,employees_compensation,HFCE,0.0
USA,employees_compensation,I,0.3842864739983571
USA,employees_compensation,J58T60,0.2369278752840193
USA,employees_compensation,J61,0.1964587943869321
USA,employees_compensation,J62_63,0.4196689485872563
USA,employees_compensation,K,0.2897326524971253
USA,employees_compensation,L,0.035720205827853
USA,employees_compensation,M,0.4502612259197917
USA,employees_compensation,N,0.3540037561171773
USA,employees_compensation,O,0.4323271179670954
USA,employees_compensation,P,0.674117249379458
USA,employees_compensation,Q,0.5345980601715443
USA,employees_compensation,R,0.4482781509354339
USA,employees_compensation,S,0.43277489360255
USA,employees_compensation,T,1.0
GBR,A01_02,A01_02,0.0854687898518294
GBR,A01_02,A03,0.0034609560891196
GBR,A01_02,B05_06,0.0002896096135727
GBR,A01_02,B07_08,0.0015567468052848
GBR,A01_02,B09,0.0005159683302197
GBR,A01_02,C10T12,0.1174841276991681
GBR,A01_02,C13T15,0.0018599467913955
GBR,A01_02,C16,0.0472084043859726
GBR,A01_02,C17_18,0.0098396871137293
GBR,A01_02,C19,0.0001016344322399
GBR,A01_02,C20,0.0014235453943778
GBR,A01_02,C21,0.0098114437590893
GBR,A01_02,C22,0.0014346778982153
GBR,A01_02,C23,0.0003316136537844
GBR,A01_02,C24,0.000349226188288
GBR,A01_02,C25,0.0003283966664293
GBR,A01_02,C26,0.0001731489297231
GBR,A01_02,C27,0.0002825656965244
GBR,A01_02,C28,0.0002778002022955
GBR,A01_02,C29,0.0002663091804447
GBR,A01_02,C30,0.0002615609960242
GBR,A01_02,C31T33,0.0005563751317175
GBR,A01_02,D,0.0044411205896565
GBR,A01_02,E,0.0002005591239577
GBR,A01_02,F,0.0007371803933266
GBR,A01_02,G,0.0010086372445773
GBR,A01_02,H49,0.0005902707103602
GBR,A01_02,H50,0.0002930979018479
GBR,A01_02,H51,0.0017010418881564
GBR,A01_02,H52,0.0003870192495259
GBR,A01_02,H53,0.0001204156618467
GBR,A01_02,HFCE,0.0206892959473701
GBR,A01_02,I,0.0012036730127234
GBR,A01_02,J58T60,0.0003152397822905
GBR,A01_02,J61,0.0001711049810891
GBR,A01_02,J62_63,0.0003445698982573
GBR,A01_02,K,0.0004915994261667
GBR,A01_02,L,0.0001967520249446
GBR,A01_02,M,0.0006761834105687
GBR,A01_02,N,0.000779513690906
GBR,A01_02,O,0.0005745434684692
GBR,A01_02,P,0.000221380511769
GBR,A01_02,Q,0.0006107728647066
GBR,A01_02,R,0.0007500184590035
GBR,A01_02,S,0.0001867167506892
GBR,A01_02,T,0.0
GBR,A03,A01_02,2.6467630088401887e-05
GBR,A03,A03,0.1425481289206143
GBR,A03,B05_06,7.331888951209946e-06
GBR,A03,B07_08,0.0
GBR,A03,B09,0.0
GBR,A03,C10T12,0.0080527559161843
GBR,A03,C13T15,7.84787675694341e-06
GBR,A03,C16,8.835561367391478e-06
GBR,A03,C17_18,3.757039753237629e-06
GBR,A03,C19,7.528476462218342e-06
GBR,A03,C20,4.644520046909653e-06
GBR,A03,C21,5.014793641241664e-06
GBR,A03,C22,3.688117990270745e-06
GBR,A03,C23,5.436289406302834e-06
GBR,A03,C24,6.126775233123798e-06
GBR,A03,C25,4.592960369641451e-06
GBR,A03,C26,7.214538738465757e-06
GBR,A03,C27,5.886785344259207e-06
GBR,A03,C28,7.123082110141844e-06
GBR,A03,C29,4.513714922792906e-06
GBR,A03,C30,2.615609960242729e-06
GBR,A03,C31T33,4.2149631190727085e-06
GBR,A03,D,1.9750017445848743e-06
GBR,A03,E,3.4879847644825493e-06
GBR,A03,F,3.96333544799298e-06
GBR,A03,G,1.017708121310808e-05
GBR,A03,H49,1.5992556192026987e-05
GBR,A03,H50,2.85949172534582e-05
GBR,A03,H51,5.315755900489049e-05
GBR,A03,H52,1.716617639026522e-05
GBR,A03,H53,3.2544773472104246e-06
GBR,A03,HFCE,0.0003873277698547
GBR,A03,I,0.0007443767315526
GBR,A03,J58T60,1.2124607011175251e-05
GBR,A03,J61,2.9757388015509557e-06
GBR,A03,J62_63,7.269407136231598e-06
GBR,A03,K,1.1455217168982002e-05
GBR,A03,L,1.1058661823587156e-05
GBR,A03,M,1.82187226345826e-05
GBR,A03,N,1.8246094195461284e-05
GBR,A03,O,1.2412976170632316e-05
GBR,A03,P,6.650916662589021e-06
GBR,A03,Q,9.922302856245124e-06
GBR,A03,R,1.943053002599805e-05
GBR,A03,S,3.661112758611853e-06
GBR,A03,T,0.0
GBR,B05_06,A01_02,0.0024326158199431
GBR,B05_06,A03,0.0001297858533419
GBR,B05_06,B05_06,0.0267503968384894
GBR,B05_06,B07_08,0.0028833658219623
GBR,B05_06,B09,0.0013521928654034
GBR,B05_06,C10T12,0.0001092304515363
GBR,B05_06,C13T15,1.569575351388682e-05
GBR,B05_06,C16,5.301336820434886e-05
GBR,B05_06,C17_18,0.0001540386298827
GBR,B05_06,C19,0.5724615859488515
GBR,B05_06,C20,0.030094167643951
GBR,B05_06,C21,0.0002582618725239
GBR,B05_06,C22,5.9009887844331925e-05
GBR,B05_06,C23,0.0010655127236353
GBR,B05_06,C24,0.031724442157115
GBR,B05_06,C25,5.51155244356974e-05
GBR,B05_06,C26,1.4429077476931514e-05
GBR,B05_06,C27,0.000182490345672
GBR,B05_06,C28,0.0001234667565757
GBR,B05_06,C29,4.8146292509791e-05
GBR,B05_06,C30,7.585268884703912e-05
GBR,B05_06,C31T33,0.0003119072708113
GBR,B05_06,D,0.0685503355527964
GBR,B05_06,E,3.662384002706677e-05
GBR,B05_06,F,8.111626550225633e-05
GBR,B05_06,G,0.0001701342489756
GBR,B05_06,H49,0.0006120787415312
GBR,B05_06,H50,0.0005147085105622
GBR,B05_06,H51,0.0007973633850733
GBR,B05_06,H52,0.000329278474395
GBR,B05_06,H53,0.0003091753479849
GBR,B05_06,HFCE,0.0002295111255185
GBR,B05_06,I,9.05017302799558e-06
GBR,B05_06,J58T60,3.516136033240823e-05
GBR,B05_06,J61,9.9687249851957e-05
GBR,B05_06,J62_63,3.343927282666535e-05
GBR,B05_06,K,3.7777843855153405e-05
GBR,B05_06,L,0.000160120207654
GBR,B05_06,M,0.0005474576817899
GBR,B05_06,N,0.0001211337920198
GBR,B05_06,O,0.0001059536180278
GBR,B05_06,P,7.22099523366808e-05
GBR,B05_06,Q,0.0001937605252205
GBR,B05_06,R,0.0012105220206196
GBR,B05_06,S,0.0017902841389611
GBR,B05_06,T,0.0
GBR,B07_08,A01_02,0.0004355128223637
GBR,B07_08,A03,0.0001297858533419
GBR,B07_08,B05_06,0.0051799795440298
GBR,B07_08,B07_08,0.1107320771063461
GBR,B07_08,B09,0.0016012810248198
GBR,B07_08,C10T12,0.0005254223909668
GBR,B07_08,C13T15,0.0001177181513541
GBR,B07_08,C16,0.0004947914365739
GBR,B07_08,C17_18,0.0002742639019863
GBR,B07_08,C19,0.0209630427090469
GBR,B07_08,C20,0.0068204776888868
GBR,B07_08,C21,0.0002331879043177
GBR,B07_08,C22,0.001172821520906
GBR,B07_08,C23,0.0654039978472293
GBR,B07_08,C24,0.0257263292038868
GBR,B07_08,C25,0.0088667099935928
GBR,B07_08,C26,0.0002452943171078
GBR,B07_08,C27,0.0012303381369501
GBR,B07_08,C28,0.0002801745629989
GBR,B07_08,C29,0.0008305235457938
GBR,B07_08,C30,0.0003661853944339
GBR,B07_08,C31T33,0.0002802950474183
GBR,B07_08,D,0.0010375342498219
GBR,B07_08,E,0.0002075350934867
GBR,B07_08,F,0.0090512012737631
GBR,B07_08,G,0.000249780971513
GBR,B07_08,H49,0.0005728242854235
GBR,B07_08,H50,0.0002073131500875
GBR,B07_08,H51,0.0002126302360195
GBR,B07_08,H52,0.0003448840892953
GBR,B07_08,H53,0.0001073977524579
GBR,B07_08,HFCE,0.0003850341383618
GBR,B07_08,I,0.0001244398791349
GBR,B07_08,J58T60,8.972209188269686e-05
GBR,B07_08,J61,6.695412303489649e-05
GBR,B07_08,J62_63,9.959087776637288e-05
GBR,B07_08,K,7.189976733722745e-05
GBR,B07_08,L,0.000133395108247
GBR,B07_08,M,0.0002917982297374
GBR,B07_08,N,0.0003248818438691
GBR,B07_08,O,0.0001609253696406
GBR,B07_08,P,0.0001529710832395
GBR,B07_08,Q,0.0001378097618922
GBR,B07_08,R,0.0002351094133145
GBR,B07_08,S,0.0005638113648262
GBR,B07_08,T,0.0
GBR,B09,A01_02,0.0001876795588086
GBR,B09,A03,0.0001297858533419
GBR,B09,B05_06,0.0659100157269018
GBR,B09,B07_08,0.0550276153346328
GBR,B09,B09,0.1554310114758473
GBR,B09,C10T12,0.0002383934672216
GBR,B09,C13T15,0.000125566028111
GBR,B09,C16,0.0002208890341847
GBR,B09,C17_18,0.0002103942261813
GBR,B09,C19,0.0001580980057065
GBR,B09,C20,0.0002113256621343
GBR,B09,C21,0.0001328920314929
GBR,B09,C22,0.0001844058995135
GBR,B09,C23,0.0003533588114096
GBR,B09,C24,0.0003737332892205
GBR,B09,C25,0.0002112761770035
GBR,B09,C26,0.0001118253504462
GBR,B09,C27,0.0002119242723933
GBR,B09,C28,0.0002113181026008
GBR,B09,C29,0.0001685120237842
GBR,B09,C30,0.0002354048964218
GBR,B09,C31T33,0.0001643835616438
GBR,B09,D,6.91250610604706e-05
GBR,B09,E,0.0001011515581699
GBR,B09,F,0.0008235811060929
GBR,B09,G,0.0002013292153027
GBR,B09,H49,0.0005844552353813
GBR,B09,H50,5.004110519355184e-05
GBR,B09,H51,7.0876745339854e-05
GBR,B09,H52,0.0001716617639026
GBR,B09,H53,9.112536572189188e-05
GBR,B09,HFCE,0.0001930349859696
GBR,B09,I,9.163300190845524e-05
GBR,B09,J58T60,9.6996856089402e-05
GBR,B09,J61,4.909969022559076e-05
GBR,B09,J62_63,8.50520634939097e-05
GBR,B09,K,8.31112564813375e-05
GBR,B09,L,2.833782092294209e-05
GBR,B09,M,0.0002834355373806
GBR,B09,N,8.565527552869324e-05
GBR,B09,O,0.0001037370151402
GBR,B09,P,7.553541066797532e-05
GBR,B09,Q,0.0001477320647485
GBR,B09,R,7.577906710139239e-05
GBR,B09,S,4.759446586195409e-05
GBR,B09,T,0.0
GBR,C10T12,A01_02,0.0659765833658163
GBR,C10T12,A03,0.1122215011897036
GBR,C10T12,B05_06,0.0014260524010103
GBR,C10T12,B07_08,0.0031270305393112
GBR,C10T12,B09,0.0027933457877413
GBR,C10T12,C10T12,0.1774659970388182
GBR,C10T12,C13T15,0.0023308193968121
GBR,C10T12,C16,0.0033221710741391
GBR,C10T12,C17_18,0.0047338700890794
GBR,C10T12,C19,0.000933531081315
GBR,C10T12,C20,0.0075984347967441
GBR,C10T12,C21,0.0030665463116192
GBR,C10T12,C22,0.004414677234354
GBR,C10T12,C23,0.0022614963930219
GBR,C10T12,C24,0.002083103579262
GBR,C10T12,C25,0.0015845713275263
GBR,C10T12,C26,0.0090434243086668
GBR,C10T12,C27,0.0117441367617971
GBR,C10T12,C28,0.011821941942132
GBR,C10T12,C29,0.0027428341014171
GBR,C10T12,C30,0.0013444235195647
GBR,C10T12,C31T33,0.0016080084299262
GBR,C10T12,D,0.0007287756437518
GBR,C10T12,E,0.000946987863557
GBR,C10T12,F,0.0007311032789731
GBR,C10T12,G,0.004926592270728
GBR,C10T12,H49,0.0158558925300223
GBR,C10T12,H50,0.0044536583622261
GBR,C10T12,H51,0.0014263944999645
GBR,C10T12,H52,0.0183475214382134
GBR,C10T12,H53,0.0035571437405009
GBR,C10T12,HFCE,0.0736078137760637
GBR,C10T12,I,0.122672832851223
GBR,C10T12,J58T60,0.0073196252526465
GBR,C10T12,J61,0.0010638266215544
GBR,C10T12,J62_63,0.0026656915968561
GBR,C10T12,K,0.00122765806128
GBR,C10T12,L,0.0008441445192004
GBR,C10T12,M,0.0010659446079151
GBR,C10T12,N,0.0027313389338705
GBR,C10T12,O,0.0011442104105857
GBR,C10T12,P,0.0057962738714463
GBR,C10T12,Q,0.0072421786069638
GBR,C10T12,R,0.0147652597667559
GBR,C10T12,S,0.0056271303099864
GBR,C10T12,T,0.0
GBR,C13T15,A01_02,0.0004980726752999
GBR,C13T15,A03,0.0005191434133679
GBR,C13T15,B05_06,0.0001686334458778
GBR,C13T15,B07_08,0.0004331817197314
GBR,C13T15,B09,0.0013699848767903
GBR,C13T15,C10T12,0.0004393137138433
GBR,C13T15,C13T15,0.0875430652237037
GBR,C13T15,C16,0.0007333515934934
GBR,C13T15,C17_18,0.0020926711425533
GBR,C13T15,C19,0.0001543337674754
GBR,C13T15,C20,0.0010543060506484
GBR,C13T15,C21,0.0004488240308911
GBR,C13T15,C22,0.0022866331539678
GBR,C13T15,C23,0.0011742385117614
GBR,C13T15,C24,0.0003798600644536
GBR,C13T15,C25,0.0005350798830632
GBR,C13T15,C26,0.0006240576008772
GBR,C13T15,C27,0.0005592446077046
GBR,C13T15,C28,0.0004748721406761
GBR,C13T15,C29,0.0060694419995155
GBR,C13T15,C30,0.0004838878426449
GBR,C13T15,C31T33,0.0092876712328767
GBR,C13T15,D,8.887507850631934e-05
GBR,C13T15,E,0.0002511349030427
GBR,C13T15,F,0.0013026162505736
GBR,C13T15,G,0.0033648527863078
GBR,C13T15,H49,0.0003038585676485
GBR,C13T15,H50,0.0001215283983271
GBR,C13T15,H51,0.0003366645403643
GBR,C13T15,H52,0.0002481292769138
GBR,C13T15,H53,0.0002571037104296
GBR,C13T15,HFCE,0.0224428882058854
GBR,C13T15,I,0.0002647175610688
GBR,C13T15,J58T60,0.0003661631317374
GBR,C13T15,J61,8.480855584420223e-05
GBR,C13T15,J62_63,0.0001679233048469
GBR,C13T15,K,0.0001925451396488
GBR,C13T15,L,0.0001538997103782
GBR,C13T15,M,0.0013523668211375
GBR,C13T15,N,0.000152557620912
GBR,C13T15,O,0.0013370548618081
GBR,C13T15,P,0.0003420471426474
GBR,C13T15,Q,0.0014497586951069
GBR,C13T15,R,0.0007325309819801
GBR,C13T15,S,0.0016017368318926
GBR,C13T15,T,0.0
GBR,C16,A01_02,0.0002285840780361
GBR,C16,A03,0.0002163097555699
GBR,C16,B05_06,0.0010741217313522
GBR,C16,B07_08,0.0010423435131037
GBR,C16,B09,0.0003558402277377
GBR,C16,C10T12,0.0003237048417792
GBR,C16,C13T15,0.0003766980843332
GBR,C16,C16,0.2326314952420502
GBR,C16,C17_18,0.0170832597579714
GBR,C16,C19,7.152052639107424e-05
GBR,C16,C20,0.00025544860258
GBR,C16,C21,0.0002858432375507
GBR,C16,C22,0.0005642820525114
GBR,C16,C23,0.0046969540470456
GBR,C16,C24,0.000398240390153
GBR,C16,C25,0.0043357545889415
GBR,C16,C26,0.0002380797783693
GBR,C16,C27,0.0012656588490157
GBR,C16,C28,0.0003110412521428
GBR,C16,C29,0.0034981290651645
GBR,C16,C30,0.0029817953546767
GBR,C16,C31T33,0.037190727081138
GBR,C16,D,6.451672365643923e-05
GBR,C16,E,0.000144751367726
GBR,C16,F,0.0139844970170616
GBR,C16,G,0.0010338587067142
GBR,C16,H49,0.0001962722805385
GBR,C16,H50,0.0001000822103871
GBR,C16,H51,0.0001594726770146
GBR,C16,H52,0.000135768849632
GBR,C16,H53,0.0001301790938884
GBR,C16,HFCE,0.0018650183562041
GBR,C16,I,0.0001267024223919
GBR,C16,J58T60,0.0002109681619944
GBR,C16,J61,6.1002645431794575e-05
GBR,C16,J62_63,0.0001352109727339
GBR,C16,K,0.0001357565098536
GBR,C16,L,0.0008082038682738
GBR,C16,M,0.0001287257287787
GBR,C16,N,0.0018144727005486
GBR,C16,O,0.0001689051400361
GBR,C16,P,0.0005078449937362
GBR,C16,Q,0.0002254567704557
GBR,C16,R,0.0002331663603119
GBR,C16,S,0.0019019480780988
GBR,C16,T,0.0
GBR,C17_18,A01_02,0.0033902627995052
GBR,C17_18,A03,0.0016006921912178
GBR,C17_18,B05_06,0.0003739263365117
GBR,C17_18,B07_08,0.0010964912280701
GBR,C17_18,B09,0.0005159683302197
GBR,C17_18,C10T12,0.0100181067412729
GBR,C17_18,C13T15,0.0026839738508746
GBR,C17_18,C16,0.0036667579674674
GBR,C17_18,C17_18,0.1441501012522213
GBR,C17_18,C19,0.0001505695292443
GBR,C17_18,C20,0.0088245880891283
GBR,C17_18,C21,0.0039917757384283
GBR,C17_18,C22,0.0140443533069509
GBR,C17_18,C23,0.0057135401660242
GBR,C17_18,C24,0.0007107059270423
GBR,C17_18,C25,0.0013089937053478
GBR,C17_18,C26,0.002355546898109
GBR,C17_18,C27,0.0034025619289818
GBR,C17_18,C28,0.0019564732195856
GBR,C17_18,C29,0.001154006448594
GBR,C17_18,C30,0.0010593220338983
GBR,C17_18,C31T33,0.0034077976817702
GBR,C17_18,D,0.0003726169958116
GBR,C17_18,E,0.0027206281162963
GBR,C17_18,F,0.0010542472291661
GBR,C17_18,G,0.0051064611191249
GBR,C17_18,H49,0.004104271466372
GBR,C17_18,H50,0.0003860313829216
GBR,C17_18,H51,0.0005049968105464
GBR,C17_18,H52,0.006672960931343
GBR,C17_18,H53,0.0052462174837032
GBR,C17_18,HFCE,0.0045107592773571
GBR,C17_18,I,0.0031652980165414
GBR,C17_18,J58T60,0.0250433757815824
GBR,C17_18,J61,0.0021975831049453
GBR,C17_18,J62_63,0.0053437411858438
GBR,C17_18,K,0.0041416703266491
GBR,C17_18,L,0.0002870644298372
GBR,C17_18,M,0.0034582719571447
GBR,C17_18,N,0.0033349805501704
GBR,C17_18,O,0.0077430372070094
GBR,C17_18,P,0.0088314671969664
GBR,C17_18,Q,0.0086197249868391
GBR,C17_18,R,0.0100047799103863
GBR,C17_18,S,0.0033023237082678
GBR,C17_18,T,0.0
GBR,C19,A01_02,0.0179594900890756
GBR,C19,A03,0.0124594419208306
GBR,C19,B05_06,0.0032040354716787
GBR,C19,B07_08,0.0243393978774095
GBR,C19,B09,0.0007650564896361
GBR,C19,C10T12,0.0016296864448198
GBR,C19,C13T15,0.0007847876756943
GBR,C19,C16,0.0025269705510739
GBR,C19,C17_18,0.0016568545311777
GBR,C19,C19,0.0389372802625932
GBR,C19,C20,0.0118412038595961
GBR,C19,C21,0.0003209467930394
GBR,C19,C22,0.0017961134612618
GBR,C19,C23,0.0078934922179517
GBR,C19,C24,0.0010660588905635
GBR,C19,C25,0.0022597365018635
GBR,C19,C26,0.0004256577855694
GBR,C19,C27,0.0004650560421964
GBR,C19,C28,0.0008428980497001
GBR,C19,C29,0.0007026349563147
GBR,C19,C30,0.0004681941828834
GBR,C19,C31T33,0.0043940990516332
GBR,C19,D,0.000632658892182
GBR,C19,E,0.0023491577388789
GBR,C19,F,0.0048992110584457
GBR,C19,G,0.0081445411021336
GBR,C19,H49,0.0436262394231048
GBR,C19,H50,0.0356793080030024
GBR,C19,H51,0.087337869445035
GBR,C19,H52,0.0080618606574645
GBR,C19,H53,0.0157809606566233
GBR,C19,HFCE,0.0086483225143804
GBR,C19,I,0.0005905237900767
GBR,C19,J58T60,0.0004098117169777
GBR,C19,J61,0.0012364194720444
GBR,C19,J62_63,0.0005066776773953
GBR,C19,K,0.0016602753054277
GBR,C19,L,0.0002349965637512
GBR,C19,M,0.0013649108596728
GBR,C19,N,0.0027901319040559
GBR,C19,O,0.0040989420597738
GBR,C19,P,0.0013301833325178
GBR,C19,Q,0.0018764177179254
GBR,C19,R,0.0008879752221881
GBR,C19,S,0.0020282564682709
GBR,C19,T,0.0
GBR,C20,A01_02,0.0431614862296139
GBR,C20,A03,0.0009517629245078
GBR,C20,B05_06,0.0008724947851939
GBR,C20,B07_08,0.0101933073424301
GBR,C20,B09,0.0049105951427808
GBR,C20,C10T12,0.0034770364901465
GBR,C20,C13T15,0.0128783657581441
GBR,C20,C16,0.0173530425255568
GBR,C20,C17_18,0.0217194468134667
GBR,C20,C19,0.0047655256005842
GBR,C20,C20,0.1704956864020064
GBR,C20,C21,0.0268141015997191
GBR,C20,C22,0.0821565163512711
GBR,C20,C23,0.0169340415006333
GBR,C20,C24,0.003516768983813
GBR,C20,C25,0.0096521062168015
GBR,C20,C26,0.0079648507672661
GBR,C20,C27,0.0145344730149759
GBR,C20,C28,0.0075623388402672
GBR,C20,C29,0.0150351844078231
GBR,C20,C30,0.0048702657459719
GBR,C20,C31T33,0.0048303477344573
GBR,C20,D,0.001607651420092
GBR,C20,E,0.0028932833621382
GBR,C20,F,0.0026509429699809
GBR,C20,G,0.0011011159390791
GBR,C20,H49,0.0008359745282195
GBR,C20,H50,0.0003645851949815
GBR,C20,H51,0.0007973633850733
GBR,C20,H52,0.0004806529389274
GBR,C20,H53,0.000201777595527
GBR,C20,HFCE,0.0090408294521224
GBR,C20,I,0.0032297804993659
GBR,C20,J58T60,0.0024722073695786
GBR,C20,J61,0.0002023502385054
GBR,C20,J62_63,0.0003990904517791
GBR,C20,K,0.0003107532317117
GBR,C20,L,0.0003605584532065
GBR,C20,M,0.0036906353376317
GBR,C20,N,0.0021814219282573
GBR,C20,O,0.0012390810141756
GBR,C20,P,0.001093125660044
GBR,C20,Q,0.0035932517315796
GBR,C20,R,0.0009365515472531
GBR,C20,S,0.0036043655108533
GBR,C20,T,0.0
GBR,C21,A01_02,0.0121991713225634
GBR,C21,A03,0.0007354531689379
GBR,C21,B05_06,0.0002896096135727
GBR,C21,B07_08,0.0007174572233051
GBR,C21,B09,0.0006405124099279
GBR,C21,C10T12,0.0015547400036197
GBR,C21,C13T15,0.0008946579502915
GBR,C21,C16,0.0010867740481891
GBR,C21,C17_18,0.0012510942378281
GBR,C21,C19,0.0004479443495019
GBR,C21,C20,0.0073847868745863
GBR,C21,C21,0.11425705832205
GBR,C21,C22,0.0034520784388934
GBR,C21,C23,0.001005713540166
GBR,C21,C24,0.0006616917251773
GBR,C21,C25,0.0007348736591426
GBR,C21,C26,0.0009126391504159
GBR,C21,C27,0.0010419610059338
GBR,C21,C28,0.003549669251554
GBR,C21,C29,0.0008786698383036
GBR,C21,C30,0.0005623561414521
GBR,C21,C31T33,0.0025943097997892
GBR,C21,D,0.0003476003070469
GBR,C21,E,0.000282526765923
GBR,C21,F,0.0003603993034041
GBR,C21,G,0.0003106222178957
GBR,C21,H49,0.0004361606234189
GBR,C21,H50,0.0002645029845944
GBR,C21,H51,0.0006733290807286
GBR,C21,H52,0.0002949461216145
GBR,C21,H53,0.0001204156618467
GBR,C21,HFCE,0.0068669107254993
GBR,C21,I,0.0005690296291352
GBR,C21,J58T60,0.0004279986274944
GBR,C21,J61,0.0002544256675326
GBR,C21,J62_63,0.0003976365703518
GBR,C21,K,0.0002191114943598
GBR,C21,L,0.0001186502258155
GBR,C21,M,0.0047553852752102
GBR,C21,N,0.000450070323488
GBR,C21,O,0.0010879086972404
GBR,C21,P,0.0003125930831416
GBR,C21,Q,0.0352467759406205
GBR,C21,R,0.0003555786994757
GBR,C21,S,0.0006150669434467
GBR,C21,T,0.0
GBR,C22,A01_02,0.0246148959822137
GBR,C22,A03,0.0071814838849232
GBR,C22,B05_06,0.0009311498968036
GBR,C22,B07_08,0.0035602122590426
GBR,C22,B09,0.0006760964327017
GBR,C22,C10T12,0.021951334245979
GBR,C22,C13T15,0.0156879056371298
GBR,C22,C16,0.007245160321261
GBR,C22,C17_18,0.0500587976721381
GBR,C22,C19,0.0003651311084175
GBR,C22,C20,0.021255645994682
GBR,C22,C21,0.0121533523895491
GBR,C22,C22,0.1483287293327088
GBR,C22,C23,0.0055287063262099
GBR,C22,C24,0.0018686664461027
GBR,C22,C25,0.0123780281961837
GBR,C22,C26,0.016063170501194
GBR,C22,C27,0.0243065366864462
GBR,C22,C28,0.0143340155663087
GBR,C22,C29,0.0359096113540994
GBR,C22,C30,0.0107213852270349
GBR,C22,C31T33,0.0156606954689146
GBR,C22,D,0.0003028336008363
GBR,C22,E,0.0041698857859388
GBR,C22,F,0.0096319620280757
GBR,C22,G,0.0074467473163479
GBR,C22,H49,0.0067910209066325
GBR,C22,H50,0.0002144618794009
GBR,C22,H51,0.000478418031044
GBR,C22,H52,0.0056305058560069
GBR,C22,H53,0.0002082865502214
GBR,C22,HFCE,0.0051930036643352
GBR,C22,I,0.0004819217137407
GBR,C22,J58T60,0.0009129829079414
GBR,C22,J61,0.000443385081431
GBR,C22,J62_63,0.0008069041921217
GBR,C22,K,0.0008067397623261
GBR,C22,L,0.0001753258676614
GBR,C22,M,0.0006295912674377
GBR,C22,N,0.0050105802004536
GBR,C22,O,0.0012913928423232
GBR,C22,P,0.00096153252322
GBR,C22,Q,0.0026602796435688
GBR,C22,R,0.0036781993339214
GBR,C22,S,0.0020978176106845
GBR,C22,T,0.0
GBR,C23,A01_02,0.0007651551243738
GBR,C23,A03,0.0003028336577979
GBR,C23,B05_06,0.0002749458356703
GBR,C23,B07_08,0.056056421918995
GBR,C23,B09,0.0004092162618984
GBR,C23,C10T12,0.0052542239096688
GBR,C23,C13T15,0.0007298525383957
GBR,C23,C16,0.0046386697178805
GBR,C23,C17_18,0.0009618021768288
GBR,C23,C19,0.0001882119115554
GBR,C23,C20,0.004728121407754
GBR,C23,C21,0.0011859986961536
GBR,C23,C22,0.0125801704648135
GBR,C23,C23,0.0692637633257044
GBR,C23,C24,0.0066598046784055
GBR,C23,C25,0.0107865674281029
GBR,C23,C26,0.0020886089647858
GBR,C23,C27,0.0129156070453047
GBR,C23,C28,0.0008500211318102
GBR,C23,C29,0.0091703641514742
GBR,C23,C30,0.0024429797028667
GBR,C23,C31T33,0.0007144362486828
GBR,C23,D,0.0001244251099088
GBR,C23,E,0.0015451772506657
GBR,C23,F,0.0292816507344985
GBR,C23,G,0.0013586403419499
GBR,C23,H49,0.0012895815765752
GBR,C23,H50,0.0001143796690138
GBR,C23,H51,0.0003721029130342
GBR,C23,H52,0.0002528109613839
GBR,C23,H53,6.50895469442085e-05
GBR,C23,HFCE,0.0025722707252665
GBR,C23,I,0.0007127011259546
GBR,C23,J58T60,0.0001636821946508
GBR,C23,J61,9.22479028480796e-05
GBR,C23,J62_63,9.741005562550342e-05
GBR,C23,K,7.799296795902639e-05
GBR,C23,L,0.0009197120416616
GBR,C23,M,0.0002395314025071
GBR,C23,N,0.0003122109451223
GBR,C23,O,0.0010160907636817
GBR,C23,P,0.0010974012493271
GBR,C23,Q,0.0004649701366245
GBR,C23,R,0.0019100211015556
GBR,C23,S,0.002112462061719
GBR,C23,T,0.0
GBR,C24,A01_02,0.0002959562273521
GBR,C24,A03,0.0001730478044559
GBR,C24,B05_06,0.004490781982616
GBR,C24,B07_08,0.0006768464370803
GBR,C24,B09,0.0040209945734365
GBR,C24,C10T12,0.0005246250884009
GBR,C24,C13T15,0.0002354363027083
GBR,C24,C16,0.000971911750413
GBR,C24,C17_18,0.0013112068738799
GBR,C24,C19,0.0001016344322399
GBR,C24,C20,0.001460701554753
GBR,C24,C21,0.0005566420941778
GBR,C24,C22,0.0080400972187902
GBR,C24,C23,0.0037129856645048
GBR,C24,C24,0.2045730250340036
GBR,C24,C25,0.0733312052616954
GBR,C24,C26,0.0121420686968378
GBR,C24,C27,0.0598332862390505
GBR,C24,C28,0.0626854969299516
GBR,C24,C29,0.0408130103318934
GBR,C24,C30,0.0570438376229336
GBR,C24,C31T33,0.0318988408851422
GBR,C24,D,0.0003936836810872
GBR,C24,E,0.00549357600406
GBR,C24,F,0.007521618013201
GBR,C24,G,0.0007092983123744
GBR,C24,H49,0.000263150242796
GBR,C24,H50,0.0001143796690138
GBR,C24,H51,0.0004164008788716
GBR,C24,H52,0.0001279660421819
GBR,C24,H53,4.881716020815637e-05
GBR,C24,HFCE,0.0005117757753744
GBR,C24,I,0.0001267024223919
GBR,C24,J58T60,0.0001479202055363
GBR,C24,J61,5.653903722946815e-05
GBR,C24,J62_63,5.306667209449067e-05
GBR,C24,K,6.044455016824545e-05
GBR,C24,L,0.0001578163197741
GBR,C24,M,0.0006528873390032
GBR,C24,N,0.0003512373132626
GBR,C24,O,0.0003112110454208
GBR,C24,P,9.833855351113767e-05
GBR,C24,Q,0.0001485589233198
GBR,C24,R,0.0002895148973873
GBR,C24,S,0.00013180005931
GBR,C24,T,0.0
GBR,C25,A01_02,0.0103151572899071
GBR,C25,A03,0.0036340038935756
GBR,C25,B05_06,0.013761955561421
GBR,C25,B07_08,0.0061863764349144
GBR,C25,B09,0.0148563295080508
GBR,C25,C10T12,0.0043038392510458
GBR,C25,C13T15,0.0030528240584509
GBR,C25,C16,0.0119986923369176
GBR,C25,C17_18,0.008949268692212
GBR,C25,C19,0.0008808317460795
GBR,C25,C20,0.0072779629135074
GBR,C25,C21,0.0059676044330775
GBR,C25,C22,0.0230433612032116
GBR,C25,C23,0.0205654828240436
GBR,C25,C24,0.0579838008062836
GBR,C25,C25,0.1004319679227647
GBR,C25,C26,0.0234111782063213
GBR,C25,C27,0.0303581520203447
GBR,C25,C28,0.0800824378036213
GBR,C25,C29,0.0485765999990972
GBR,C25,C30,0.0403719397363465
GBR,C25,C31T33,0.03472708113804
GBR,C25,D,0.0048591626255936
GBR,C25,E,0.0149634546396301
GBR,C25,F,0.0211303908297929
GBR,C25,G,0.0026686076867936
GBR,C25,H49,0.0043935913465732
GBR,C25,H50,0.0024448654251706
GBR,C25,H51,0.0199695229995038
GBR,C25,H52,0.0014154292714518
GBR,C25,H53,0.0003189387800266
GBR,C25,HFCE,0.0052660299315457
GBR,C25,I,0.0010758393187029
GBR,C25,J58T60,0.0006450290929945
GBR,C25,J61,0.0014060365837328
GBR,C25,J62_63,0.000428168080324
GBR,C25,K,0.0003685167736063
GBR,C25,L,0.0006377161651601
GBR,C25,M,0.0016181809710519
GBR,C25,N,0.0031945869920553
GBR,C25,O,0.0113547699520859
GBR,C25,P,0.0006199604460484
GBR,C25,Q,0.0013221468555946
GBR,C25,R,0.0017759504443762
GBR,C25,S,0.0014626145470654
GBR,C25,T,0.0
GBR,C26,A01_02,0.0027622581219532
GBR,C26,A03,0.0033744321868916
GBR,C26,B05_06,0.0070386133931615
GBR,C26,B07_08,0.0061593025774312
GBR,C26,B09,0.0093585979895027
GBR,C26,C10T12,0.0019932564148971
GBR,C26,C13T15,0.0025662556995204
GBR,C26,C16,0.0019526590621935
GBR,C26,C17_18,0.005834682736778
GBR,C26,C19,0.0009184741283906
GBR,C26,C20,0.0038851410192399
GBR,C26,C21,0.0026377814552931
GBR,C26,C22,0.0036770536362999
GBR,C26,C23,0.0062626053960608
GBR,C26,C24,0.0029347253366662
GBR,C26,C25,0.0050453669660511
GBR,C26,C26,0.0729065212215657
GBR,C26,C27,0.0198973344635961
GBR,C26,C28,0.0119833984699619
GBR,C26,C29,0.0111338301428891
GBR,C26,C30,0.0100360954174513
GBR,C26,C31T33,0.0077934668071654
GBR,C26,D,0.0040744285990785
GBR,C26,E,0.002833987621142
GBR,C26,F,0.0027468556878223
GBR,C26,G,0.0026486960061593
GBR,C26,H49,0.0060495478468203
GBR,C26,H50,0.0037244879722629
GBR,C26,H51,0.0244170387695797
GBR,C26,H52,0.0054994186908449
GBR,C26,H53,0.0021219192303811
GBR,C26,HFCE,0.0103930361993746
GBR,C26,I,0.0019446559293905
GBR,C26,J58T60,0.0146368255838907
GBR,C26,J61,0.0138476005130173
GBR,C26,J62_63,0.0060110727609499
GBR,C26,K,0.0006110261583539
GBR,C26,L,0.0002757753792257
GBR,C26,M,0.0049139777624063
GBR,C26,N,0.0028524727258904
GBR,C26,O,0.0255476782414714
GBR,C26,P,0.0039682219201861
GBR,C26,Q,0.0257095135591024
GBR,C26,R,0.0036257369028512
GBR,C26,S,0.0038038961561977
GBR,C26,T,0.0
GBR,C27,A01_02,0.0004595743042622
GBR,C27,A03,0.0006921912178239
GBR,C27,B05_06,0.0018659657380829
GBR,C27,B07_08,0.0017191899501841
GBR,C27,B09,0.0028645138332888
GBR,C27,C10T12,0.000677707181065
GBR,C27,C13T15,0.0004708726054166
GBR,C27,C16,0.0006538315411869
GBR,C27,C17_18,0.001059485210413
GBR,C27,C19,0.0002597324379465
GBR,C27,C20,0.0007454454675289
GBR,C27,C21,0.000509001554586
GBR,C27,C22,0.0016227719157191
GBR,C27,C23,0.0017233037417979
GBR,C27,C24,0.0014214118540847
GBR,C27,C25,0.004944321837919
GBR,C27,C26,0.0175782236362718
GBR,C27,C27,0.0487013751530564
GBR,C27,C28,0.0077285440895039
GBR,C27,C29,0.0076793336553116
GBR,C27,C30,0.0356376857083071
GBR,C27,C31T33,0.0069083245521601
GBR,C27,D,0.0023726354291612
GBR,C27,E,0.0011440590027502
GBR,C27,F,0.0115045059160708
GBR,C27,G,0.0018889547695112
GBR,C27,H49,0.0014335145823035
GBR,C27,H50,0.0005718983450691
GBR,C27,H51,0.0042791834998936
GBR,C27,H52,0.0004619262010471
GBR,C27,H53,0.0001659783447077
GBR,C27,HFCE,0.0090672432083475
GBR,C27,I,0.0004027326997458
GBR,C27,J58T60,0.0011748744193828
GBR,C27,J61,0.0013792549345188
GBR,C27,J62_63,0.0006397078279883
GBR,C27,K,0.0002856492451499
GBR,C27,L,0.0001373117176428
GBR,C27,M,0.0011946703366939
GBR,C27,N,0.0014439756211908
GBR,C27,O,0.0023544755872224
GBR,C27,P,0.000419482815219
GBR,C27,Q,0.0007731127642157
GBR,C27,R,0.0010861666284532
GBR,C27,S,0.0008255809270669
GBR,C27,T,0.0
GBR,C28,A01_02,0.0028921901242053
GBR,C28,A03,0.0047588146225394
GBR,C28,B05_06,0.060488083847482
GBR,C28,B07_08,0.0155674680528481
GBR,C28,B09,0.0562405479939507
GBR,C28,C10T12,0.0085287455480617
GBR,C28,C13T15,0.0055641446206728
GBR,C28,C16,0.0070154357257088
GBR,C28,C17_18,0.0243982161575251
GBR,C28,C19,0.0028532925791807
GBR,C28,C20,0.0070387701310915
GBR,C28,C21,0.0063136251943232
GBR,C28,C22,0.0121966061938253
GBR,C28,C23,0.0145855644771105
GBR,C28,C24,0.0142324988665465
GBR,C28,C25,0.0230084349717188
GBR,C28,C26,0.0088522390320974
GBR,C28,C27,0.0563954035980032
GBR,C28,C28,0.0840594919817839
GBR,C28,C29,0.0333578578510805
GBR,C28,C30,0.0175873613726721
GBR,C28,C31T33,0.0238250790305584
GBR,C28,D,0.008316074012532
GBR,C28,E,0.0089100570808706
GBR,C28,F,0.007452655976406
GBR,C28,G,0.0039929556898733
GBR,C28,H49,0.0083597452821959
GBR,C28,H50,0.0046252278657468
GBR,C28,H51,0.0376887093344673
GBR,C28,H52,0.0033442832731216
GBR,C28,H53,0.0006932036749558
GBR,C28,HFCE,0.0036647791970287
GBR,C28,I,0.0021041652290089
GBR,C28,J58T60,0.0010451411243633
GBR,C28,J61,0.0030471565327881
GBR,C28,J62_63,0.0011543818532335
GBR,C28,K,0.0004465097415654
GBR,C28,L,0.0001783209219053
GBR,C28,M,0.0030019078885277
GBR,C28,N,0.0055549220106182
GBR,C28,O,0.0021181857194029
GBR,C28,P,0.000471264952092
GBR,C28,Q,0.0019031528117325
GBR,C28,R,0.0038899921112048
GBR,C28,S,0.0014131895248241
GBR,C28,T,0.0
GBR,C29,A01_02,0.002897002420585
GBR,C29,A03,0.0003460956089119
GBR,C29,B05_06,0.0020602607952899
GBR,C29,B07_08,0.0013672298029023
GBR,C29,B09,0.0063517480651187
GBR,C29,C10T12,0.0006553827092181
GBR,C29,C13T15,0.0003688502075763
GBR,C29,C16,0.0007775294003304
GBR,C29,C17_18,0.0014464603049964
GBR,C29,C19,0.0002371470085598
GBR,C29,C20,0.0008569139486548
GBR,C29,C21,0.0004789127927385
GBR,C29,C22,0.003651236810368
GBR,C29,C23,0.0030715035145611
GBR,C29,C24,0.0012804960237228
GBR,C29,C25,0.0025674648466295
GBR,C29,C26,0.0016340930242624
GBR,C29,C27,0.0031023358764246
GBR,C29,C28,0.0139090050004036
GBR,C29,C29,0.1880082631074519
GBR,C29,C30,0.0029504080351537
GBR,C29,C31T33,0.0048788198103266
GBR,C29,D,0.0003515503105361
GBR,C29,E,0.0019462954985812
GBR,C29,F,0.0017945982908512
GBR,C29,G,0.0208349188930875
GBR,C29,H49,0.0229362333168561
GBR,C29,H50,0.0005147085105622
GBR,C29,H51,0.0008150825714083
GBR,C29,H52,0.0095537574419276
GBR,C29,H53,0.0017216185166743
GBR,C29,HFCE,0.0294743484939744
GBR,C29,I,0.0001900536335879
GBR,C29,J58T60,0.0003661631317374
GBR,C29,J61,0.0005192664208706
GBR,C29,J62_63,0.0010635142640306
GBR,C29,K,0.0008262380043159
GBR,C29,L,0.0001935265819127
GBR,C29,M,0.0034352745531634
GBR,C29,N,0.0027642832706123
GBR,C29,O,0.0022751212038458
GBR,C29,P,0.0002821888926841
GBR,C29,Q,0.0016917526369897
GBR,C29,R,0.0016224492571708
GBR,C29,S,0.0004942502224126
GBR,C29,T,0.0
GBR,C30,A01_02,0.0005101034162492
GBR,C30,A03,0.0015141682889898
GBR,C30,B05_06,0.0080064227347212
GBR,C30,B07_08,0.0021929824561403
GBR,C30,B09,0.0064407081220531
GBR,C30,C10T12,0.000755045529963
GBR,C30,C13T15,0.0004708726054166
GBR,C30,C16,0.0008482138912695
GBR,C30,C17_18,0.0009505310575691
GBR,C30,C19,0.0003312529643376
GBR,C30,C20,0.0010380502304843
GBR,C30,C21,0.000541597713254
GBR,C30,C22,0.0016043313257677
GBR,C30,C23,0.0020440448167698
GBR,C30,C24,0.0031246553688931
GBR,C30,C25,0.0027052536577188
GBR,C30,C26,0.0249586967657222
GBR,C30,C27,0.0017248281058679
GBR,C30,C28,0.0024622120494056
GBR,C30,C29,0.0018987694108548
GBR,C30,C30,0.1143230801422891
GBR,C30,C31T33,0.0599157007376185
GBR,C30,D,0.0007379923185598
GBR,C30,E,0.0006505091585759
GBR,C30,F,0.0006478732345652
GBR,C30,G,0.0004907123071885
GBR,C30,H49,0.0075455787851472
GBR,C30,H50,0.0190156199735497
GBR,C30,H51,0.0245322134807569
GBR,C30,H52,0.00065075414134
GBR,C30,H53,0.0001431970032772
GBR,C30,HFCE,0.0043788384724572
GBR,C30,I,0.0004921031583972
GBR,C30,J58T60,0.0002364298367179
GBR,C30,J61,0.0005877084133063
GBR,C30,J62_63,0.0002042703405281
GBR,C30,K,0.0002098498294147
GBR,C30,L,0.0003103336974244
GBR,C30,M,0.0018941498188282
GBR,C30,N,0.0004014140723001
GBR,C30,O,0.0249549586293237
GBR,C30,P,0.0001377689880107
GBR,C30,Q,0.0019155556903028
GBR,C30,R,0.0007539045650087
GBR,C30,S,0.000532691906378
GBR,C30,T,0.0
GBR,C31T33,A01_02,0.0055774515040832
GBR,C31T33,A03,0.0150118970365563
GBR,C31T33,B05_06,0.0206099398418511
GBR,C31T33,B07_08,0.0267218973359324
GBR,C31T33,B09,0.0404412418823948
GBR,C31T33,C10T12,0.0071533986217827
GBR,C31T33,C13T15,0.0052188380433673
GBR,C31T33,C16,0.0107175359386458
GBR,C31T33,C17_18,0.0085885928759012
GBR,C31T33,C19,0.0035948475107092
GBR,C31T33,C20,0.0084623155254693
GBR,C31T33,C21,0.0080236698259866
GBR,C31T33,C22,0.0115106162476349
GBR,C31T33,C23,0.0226421453772513
GBR,C31T33,C24,0.0121310149615851
GBR,C31T33,C25,0.0142450665864429
GBR,C31T33,C26,0.0059700308060804
GBR,C31T33,C27,0.0079648205707827
GBR,C31T33,C28,0.0084076112506707
GBR,C31T33,C29,0.0060077545622373
GBR,C31T33,C30,0.0246259677756852
GBR,C31T33,C31T33,0.0356332982086406
GBR,C31T33,D,0.0086590659821749
GBR,C31T33,E,0.0066236830677523
GBR,C31T33,F,0.0037289702118349
GBR,C31T33,G,0.0044088885742351
GBR,C31T33,H49,0.0231295978599052
GBR,C31T33,H50,0.0173857096901025
GBR,C31T33,H51,0.1147051527393862
GBR,C31T33,H52,0.0072690954205323
GBR,C31T33,H53,0.0026849438114486
GBR,C31T33,HFCE,0.0184667670307194
GBR,C31T33,I,0.0058113423556016
GBR,C31T33,J58T60,0.0037622655555676
GBR,C31T33,J61,0.007434883395675
GBR,C31T33,J62_63,0.0020383417609993
GBR,C31T33,K,0.001134310227754
GBR,C31T33,L,0.0002582658313383
GBR,C31T33,M,0.0029000622423245
GBR,C31T33,N,0.0041813965864598
GBR,C31T33,O,0.0040005248915637
GBR,C31T33,P,0.0065383261448009
GBR,C31T33,Q,0.0116137798737111
GBR,C31T33,R,0.0107917163764393
GBR,C31T33,S,0.0035933821725775
GBR,C31T33,T,0.0
GBR,D,A01_02,0.0076635819846872
GBR,D,A03,0.0148388492321003
GBR,D,B05_06,0.0074711948412829
GBR,D,B07_08,0.0171377517868745
GBR,D,B09,0.0390000889600569
GBR,D,C10T12,0.0161134848580283
GBR,D,C13T15,0.0109870274597207
GBR,D,C16,0.0192703593422808
GBR,D,C17_18,0.0300600750656542
GBR,D,C19,0.0148536840599567
GBR,D,C20,0.0356977810805475
GBR,D,C21,0.0077177674138709
GBR,D,C22,0.0305671219033639
GBR,D,C23,0.0374234162729887
GBR,D,C24,0.0285814064625225
GBR,D,C25,0.0090366495272695
GBR,D,C26,0.0095881219834209
GBR,D,C27,0.0079765941414712
GBR,D,C28,0.0089822065408888
GBR,D,C29,0.0083217857459891
GBR,D,C30,0.0090003138731952
GBR,D,C31T33,0.0120105374077976
GBR,D,D,0.4830103766591661
GBR,D,E,0.0168434784276862
GBR,D,F,0.0044775121667792
GBR,D,G,0.0168946185364472
GBR,D,H49,0.0111947893344188
GBR,D,H50,0.0023018908389033
GBR,D,H51,0.0016213055496491
GBR,D,H52,0.0129370547522998
GBR,D,H53,0.0005076984661648
GBR,D,HFCE,0.0262414379106309
GBR,D,I,0.0277365177875494
GBR,D,J58T60,0.0031669473513189
GBR,D,J61,0.0074467863508812
GBR,D,J62_63,0.0047265685199777
GBR,D,K,0.00397812882196
GBR,D,L,0.005890580531364
GBR,D,M,0.0041272873456933
GBR,D,N,0.0047764219916118
GBR,D,O,0.0074242897117706
GBR,D,P,0.0092086691848304
GBR,D,Q,0.0122333725631788
GBR,D,R,0.0180023860690871
GBR,D,S,0.0066687168898114
GBR,D,T,0.0
GBR,E,A01_02,0.006010558178257
GBR,E,A03,0.0080034609560891
GBR,E,B05_06,0.0025918227442527
GBR,E,B07_08,0.0092727961880008
GBR,E,B09,0.0027577617649675
GBR,E,C10T12,0.0085319347583256
GBR,E,C13T15,0.0044968333817285
GBR,E,C16,0.0045414785428392
GBR,E,C17_18,0.0121728088004899
GBR,E,C19,0.0036061402254025
GBR,E,C20,0.0107474193885489
GBR,E,C21,0.0035830700566671
GBR,E,C22,0.0049494543429433
GBR,E,C23,0.0055885055096793
GBR,E,C24,0.0245806222352926
GBR,E,C25,0.0068435109507657
GBR,E,C26,0.0018216710314626
GBR,E,C27,0.0026372798342281
GBR,E,C28,0.003001191929073
GBR,E,C29,0.0029820609923251
GBR,E,C30,0.0044073027830089
GBR,E,C31T33,0.0031654373024236
GBR,E,D,0.0042936537927275
GBR,E,E,0.2083826737844809
GBR,E,F,0.0045248079697919
GBR,E,G,0.0059460703192063
GBR,E,H49,0.0053211596057107
GBR,E,H50,0.001844372162848
GBR,E,H51,0.0005138564037139
GBR,E,H52,0.0053652104027028
GBR,E,H53,0.0023139333938666
GBR,E,HFCE,0.0101254951839411
GBR,E,I,0.0125310958288883
GBR,E,J58T60,0.0008208358946565
GBR,E,J61,0.0006978107489636
GBR,E,J62_63,0.0010293480504903
GBR,E,K,0.0013102818617116
GBR,E,L,0.001098032963567
GBR,E,M,0.0023472285440194
GBR,E,N,0.0032635166812382
GBR,E,O,0.0153685944609753
GBR,E,P,0.0029468311470028
GBR,E,Q,0.0094212265620047
GBR,E,R,0.0097405247020328
GBR,E,S,0.0040546823801626
GBR,E,T,0.0
GBR,F,A01_02,0.0101274777310985
GBR,F,A03,0.0015141682889898
GBR,F,B05_06,0.006356747720699
GBR,F,B07_08,0.0011235650855533
GBR,F,B09,0.0366693354683747
GBR,F,C10T12,0.0012613326593468
GBR,F,C13T15,0.0009731367178609
GBR,F,C16,0.0012546497141695
GBR,F,C17_18,0.001423918066477
GBR,F,C19,0.0102462564650791
GBR,F,C20,0.0033301208736342
GBR,F,C21,0.0006694749511057
GBR,F,C22,0.0046396524317605
GBR,F,C23,0.0144224757949214
GBR,F,C24,0.0007413398032079
GBR,F,C25,0.0157951907111969
GBR,F,C26,0.0007791701837543
GBR,F,C27,0.0009065649430159
GBR,F,C28,0.0020443245656107
GBR,F,C29,0.0040894257200503
GBR,F,C30,0.0112968194182883
GBR,F,C31T33,0.0097934668071654
GBR,F,D,0.0203905763450091
GBR,F,E,0.0142588817172046
GBR,F,F,0.3140768955774725
GBR,F,G,0.0146072089133532
GBR,F,H49,0.0014611380884533
GBR,F,H50,0.0010151195624977
GBR,F,H51,0.0032780494719682
GBR,F,H52,0.0095334701425572
GBR,F,H53,0.0018778334293404
GBR,F,HFCE,0.0060611801784662
GBR,F,I,0.0023949020375333
GBR,F,J58T60,0.0014428282343298
GBR,F,J61,0.0018985213553895
GBR,F,J62_63,0.0015934540442619
GBR,F,K,0.008710352152874
GBR,F,L,0.0497093760633882
GBR,F,M,0.0102735675603995
GBR,F,N,0.0051991231738067
GBR,F,O,0.031262523806315
GBR,F,P,0.0043074186699781
GBR,F,Q,0.006268139209909
GBR,F,R,0.0080170366887267
GBR,F,S,0.0011038254967214
GBR,F,T,0.0
GBR,G,A01_02,0.1257934273656046
GBR,G,A03,0.1421587713605883
GBR,G,B05_06,0.0343902251256502
GBR,G,B07_08,0.0740876110028156
GBR,G,B09,0.0347122142158171
GBR,G,C10T12,0.15449252090328
GBR,G,C13T15,0.1042590427159931
GBR,G,C16,0.0800501859885667
GBR,G,C17_18,0.1164569612311067
GBR,G,C19,0.0472825964209622
GBR,G,C20,0.1112525109436503
GBR,G,C21,0.0875432525951557
GBR,G,C22,0.0993800273658355
GBR,G,C23,0.0833818069138728
GBR,G,C24,0.106158634464336
GBR,G,C25,0.0800323344410022
GBR,G,C26,0.0728199467567041
GBR,G,C27,0.1074809268154845
GBR,G,C28,0.1016630022366477
GBR,G,C29,0.13754944398555
GBR,G,C30,0.0774926762921113
GBR,G,C31T33,0.0728598524762908
GBR,G,D,0.0365743989740524
GBR,G,E,0.0254675207578693
GBR,G,F,0.046610938647303
GBR,G,G,0.0511354082779493
GBR,G,H49,0.0940202378529266
GBR,G,H50,0.0320406047824999
GBR,G,H51,0.0308136650365015
GBR,G,H52,0.0437519019343159
GBR,G,H53,0.0369350634134911
GBR,G,HFCE,0.1608639187448735
GBR,G,I,0.0906250388874622
GBR,G,J58T60,0.0549790304921741
GBR,G,J61,0.0138461126436165
GBR,G,J62_63,0.0172117752764555
GBR,G,K,0.0107657105866192
GBR,G,L,0.0033648282486143
GBR,G,M,0.0158293819611947
GBR,G,N,0.0263767565033387
GBR,G,O,0.0386925766855935
GBR,G,P,0.0223979119922203
GBR,G,Q,0.058477918741852
GBR,G,R,0.0296917929327276
GBR,G,S,0.0218495209433955
GBR,G,T,0.0
GBR,H49,A01_02,0.0185874947666276
GBR,H49,A03,0.0139736102098204
GBR,H49,B05_06,0.0071779192832345
GBR,H49,B07_08,0.0526315789473684
GBR,H49,B09,0.0067965483497909
GBR,H49,C10T12,0.0266769465544171
GBR,H49,C13T15,0.0133649341170746
GBR,H49,C16,0.0246865584604917
GBR,H49,C17_18,0.0244019731972784
GBR,H49,C19,0.0182113845621061
GBR,H49,C20,0.0213183470153153
GBR,H49,C21,0.0079208665563412
GBR,H49,C22,0.021483287293327
GBR,H49,C23,0.0380322806864946
GBR,H49,C24,0.039199107941526
GBR,H49,C25,0.0188288410353451
GBR,H49,C26,0.0095556565590978
GBR,H49,C27,0.0201504662333992
GBR,H49,C28,0.0199659991547275
GBR,H49,C29,0.0198874279498255
GBR,H49,C30,0.0140641347562251
GBR,H49,C31T33,0.0154436248682824
GBR,H49,D,0.0050698294783493
GBR,H49,E,0.0062103568731611
GBR,H49,F,0.0077831981527686
GBR,H49,G,0.0222015239072912
GBR,H49,H49,0.0721133436073391
GBR,H49,H50,0.0029595739357329
GBR,H49,H51,0.0046247076334254
GBR,H49,H52,0.0177732348098846
GBR,H49,H53,0.0106779401761974
GBR,H49,HFCE,0.0161678823817878
GBR,H49,I,0.0077424230254502
GBR,H49,J58T60,0.0053833255129618
GBR,H49,J61,0.0018762033143778
GBR,H49,J62_63,0.0015752805264213
GBR,H49,K,0.0019549424874979
GBR,H49,L,0.0005326588778361
GBR,H49,M,0.0025664505508027
GBR,H49,N,0.0034667578971376
GBR,H49,O,0.0071454410685089
GBR,H49,P,0.0052694262586741
GBR,H49,Q,0.0108059390494985
GBR,H49,R,0.0036393382738694
GBR,H49,S,0.0030021124620617
GBR,H49,T,0.0
GBR,H50,A01_02,0.0007218444569564
GBR,H50,A03,0.0126757516764006
GBR,H50,B05_06,0.0057482009377485
GBR,H50,B07_08,0.0018004115226337
GBR,H50,B09,0.0013699848767903
GBR,H50,C10T12,0.0010388852434443
GBR,H50,C13T15,0.0006513737708263
GBR,H50,C16,0.0008482138912695
GBR,H50,C17_18,0.000886661381764
GBR,H50,C19,0.0028269429115629
GBR,H50,C20,0.0007872461479511
GBR,H50,C21,0.0005441051100747
GBR,H50,C22,0.0010658660991882
GBR,H50,C23,0.0008698063050084
GBR,H50,C24,0.0017645112671396
GBR,H50,C25,0.0010380090435389
GBR,H50,C26,0.0008549228405081
GBR,H50,C27,0.0010066402938683
GBR,H50,C28,0.0009141288708015
GBR,H50,C29,0.00143837048873
GBR,H50,C30,0.0007925298179535
GBR,H50,C31T33,0.0007755532139093
GBR,H50,D,0.0003028336008363
GBR,H50,E,0.0001517273372549
GBR,H50,F,0.0004201135574872
GBR,H50,G,0.0002506659350967
GBR,H50,H49,0.0003721903986508
GBR,H50,H50,0.0478392965650355
GBR,H50,H51,0.0002835069813594
GBR,H50,H52,0.0127185761436965
GBR,H50,H53,0.0001171611844995
GBR,H50,HFCE,0.0016273685382913
GBR,H50,I,0.0004807904421122
GBR,H50,J58T60,0.0002728036577514
GBR,H50,J61,0.0001800321974938
GBR,H50,J62_63,0.0001032255813344
GBR,H50,K,0.0001747529938331
GBR,H50,L,5.851875214981537e-05
GBR,H50,M,0.0001821872263458
GBR,H50,N,0.000542314466365
GBR,H50,O,0.0003666261176111
GBR,H50,P,0.0001225668927819
GBR,H50,Q,0.0003982702118687
GBR,H50,R,0.0004430160845927
GBR,H50,S,0.0001647500741375
GBR,H50,T,0.0
GBR,H51,A01_02,0.0008806502374868
GBR,H51,A03,0.0009517629245078
GBR,H51,B05_06,0.0043478101480674
GBR,H51,B07_08,0.0013266190166774
GBR,H51,B09,0.0006583044213148
GBR,H51,C10T12,0.0012557515413851
GBR,H51,C13T15,0.0010830069924581
GBR,H51,C16,0.0010514318027195
GBR,H51,C17_18,0.0010106436936209
GBR,H51,C19,0.0018934118302479
GBR,H51,C20,0.0009056814091473
GBR,H51,C21,0.0008224261571636
GBR,H51,C22,0.0011506928129644
GBR,H51,C23,0.0006740998863815
GBR,H51,C24,0.0027509220796725
GBR,H51,C25,0.0009048131928193
GBR,H51,C26,0.0010497153864467
GBR,H51,C27,0.0012479984929829
GBR,H51,C28,0.0010708366772246
GBR,H51,C29,0.0015000579260081
GBR,H51,C30,0.0015693659761456
GBR,H51,C31T33,0.0009694415173867
GBR,H51,D,0.0003449669713874
GBR,H51,E,0.0002563668801894
GBR,H51,F,0.0005168189424182
GBR,H51,G,0.0004805352259754
GBR,H51,H49,0.0004506993108662
GBR,H51,H50,0.014747828573471
GBR,H51,H51,0.0638333687717059
GBR,H51,H52,0.0161518114217495
GBR,H51,H53,0.0029941191594335
GBR,H51,HFCE,0.0028148037586158
GBR,H51,I,0.0010464262563619
GBR,H51,J58T60,0.0004716472127347
GBR,H51,J61,0.0002633528839372
GBR,H51,J62_63,0.0002726027676086
GBR,H51,K,0.0023856099074467
GBR,H51,L,5.598447548190999e-05
GBR,H51,M,0.0023511112226136
GBR,H51,N,0.0028626094448879
GBR,H51,O,0.0010387001131354
GBR,H51,P,0.0001548713451431
GBR,H51,Q,0.0005716348923292
GBR,H51,R,0.0010647930454246
GBR,H51,S,0.0019788314460297
GBR,H51,T,0.0
GBR,H52,A01_02,0.0027141351581561
GBR,H52,A03,0.0200735453168937
GBR,H52,B05_06,0.0015726901800345
GBR,H52,B07_08,0.0037768031189083
GBR,H52,B09,0.0020104972867182
GBR,H52,C10T12,0.0053140216021157
GBR,H52,C13T15,0.0116148576002762
GBR,H52,C16,0.0047800386997587
GBR,H52,C17_18,0.0047376271288326
GBR,H52,C19,0.0038922223309668
GBR,H52,C20,0.0065209061458611
GBR,H52,C21,0.0167193219998997
GBR,H52,C22,0.0053625235578536
GBR,H52,C23,0.0055287063262099
GBR,H52,C24,0.0080260755553921
GBR,H52,C25,0.0045401413253905
GBR,H52,C26,0.0076474110627737
GBR,H52,C27,0.0067285956484882
GBR,H52,C28,0.0173993152343731
GBR,H52,C29,0.0177915596540087
GBR,H52,C30,0.0070072190834902
GBR,H52,C31T33,0.0047502634351949
GBR,H52,D,0.0016484681228135
GBR,H52,E,0.0062121008655434
GBR,H52,F,0.0024289961848932
GBR,H52,G,0.040297480508677
GBR,H52,H49,0.0383690500421621
GBR,H52,H50,0.1400364585194981
GBR,H52,H51,0.0086646821177971
GBR,H52,H52,0.1281486278763099
GBR,H52,H53,0.0386859722262903
GBR,H52,HFCE,0.0044740611734702
GBR,H52,I,0.0024978477557267
GBR,H52,J58T60,0.0022272903079528
GBR,H52,J61,0.0046481040080225
GBR,H52,J62_63,0.0072643185512362
GBR,H52,K,0.0072518836520402
GBR,H52,L,0.0003174757498521
GBR,H52,M,0.0010387658577553
GBR,H52,N,0.0078797785126899
GBR,H52,O,0.0032535297184382
GBR,H52,P,0.0024209336651824
GBR,H52,Q,0.001891025552686
GBR,H52,R,0.001286301087721
GBR,H52,S,0.0019147619727539
GBR,H52,T,0.0
GBR,H53,A01_02,0.0008686194965375
GBR,H53,A03,0.0074843175427211
GBR,H53,B05_06,0.0001686334458778
GBR,H53,B07_08,0.0015025990903183
GBR,H53,B09,0.0037896984254069
GBR,H53,C10T12,0.0061161079834703
GBR,H53,C13T15,0.01191307691704
GBR,H53,C16,0.0084733033513284
GBR,H53,C17_18,0.0046737574530276
GBR,H53,C19,9.410595577772928e-05
GBR,H53,C20,0.0084971494258212
GBR,H53,C21,0.0015621082192467
GBR,H53,C22,0.0041528208570448
GBR,H53,C23,0.0094482709881543
GBR,H53,C24,0.0062002965359212
GBR,H53,C25,0.0024549373175733
GBR,H53,C26,0.0049131008808951
GBR,H53,C27,0.0057042949985871
GBR,H53,C28,0.0026735301520065
GBR,H53,C29,0.000935843560659
GBR,H53,C30,0.00097039129525
GBR,H53,C31T33,0.0064236037934668
GBR,H53,D,0.0010276592410989
GBR,H53,E,0.0006260932652246
GBR,H53,F,0.0002272312323515
GBR,H53,G,0.0131454703138965
GBR,H53,H49,0.0027667122212206
GBR,H53,H50,0.0004289237588018
GBR,H53,H51,0.0003189453540293
GBR,H53,H52,0.0074938162750957
GBR,H53,H53,0.1750876268025736
GBR,H53,HFCE,0.0012274627892818
GBR,H53,I,0.0004253581323157
GBR,H53,J58T60,0.0050474738987522
GBR,H53,J61,0.0023359549592175
GBR,H53,J62_63,0.0031927236142329
GBR,H53,K,0.0179968773565453
GBR,H53,L,0.0002734714913457
GBR,H53,M,0.0027629738211889
GBR,H53,N,0.0035848506734582
GBR,H53,O,0.0075931948518067
GBR,H53,P,0.0015800677728407
GBR,H53,Q,0.0026001945873837
GBR,H53,R,0.0030214474190426
GBR,H53,S,0.0048985688710226
GBR,H53,T,0.0
GBR,I,A01_02,0.0002261779298463
GBR,I,A03,0.0073977936404931
GBR,I,B05_06,0.0021445775182289
GBR,I,B07_08,0.000446718648473
GBR,I,B09,0.0006049283871541
GBR,I,C10T12,0.0056616455208737
GBR,I,C13T15,0.0008083313059651
GBR,I,C16,0.0042852472631848
GBR,I,C17_18,0.0007063234736086
GBR,I,C19,3.387814407998253e-05
GBR,I,C20,0.0011680967917977
GBR,I,C21,0.0015345268542199
GBR,I,C22,0.0006232919403557
GBR,I,C23,0.0008100071215391
GBR,I,C24,0.001041551789631
GBR,I,C25,0.0008795519107863
GBR,I,C26,0.0040004617304792
GBR,I,C27,0.0010301874352453
GBR,I,C28,0.0004748721406761
GBR,I,C29,0.0005326183608895
GBR,I,C30,0.0004760410127641
GBR,I,C31T33,0.0003856691253951
GBR,I,D,0.0004443753925315
GBR,I,E,0.000188351177282
GBR,I,F,0.00022379634163
GBR,I,G,0.0017338649014593
GBR,I,H49,0.0022127882294786
GBR,I,H50,0.0023876755906637
GBR,I,H51,0.0256751009993621
GBR,I,H52,0.0017010120241262
GBR,I,H53,0.0009210170892605
GBR,I,HFCE,0.0497271145765608
GBR,I,I,0.0160244626176946
GBR,I,J58T60,0.0063193451742245
GBR,I,J61,0.0009120639426753
GBR,I,J62_63,0.0039400186678375
GBR,I,K,0.0057505190188289
GBR,I,L,0.0003750729468499
GBR,I,M,0.005534907669903
GBR,I,N,0.0077824660103141
GBR,I,O,0.0067557622808666
GBR,I,P,0.0059278670082704
GBR,I,Q,0.007433734175994
GBR,I,R,0.0045661745561095
GBR,I,S,0.0019824925587883
GBR,I,T,0.0
GBR,J58T60,A01_02,0.0013859413573563
GBR,J58T60,A03,0.0010382868267358
GBR,J58T60,B05_06,0.00090915422995
GBR,J58T60,B07_08,0.0004331817197314
GBR,J58T60,B09,0.0005337603416066
GBR,J58T60,C10T12,0.0032378457203588
GBR,J58T60,C13T15,0.0037748287200897
GBR,J58T60,C16,0.0007863649616978
GBR,J58T60,C17_18,0.0022316816134231
GBR,J58T60,C19,0.0003877165378042
GBR,J58T60,C20,0.0031187952114998
GBR,J58T60,C21,0.0019332029486986
GBR,J58T60,C22,0.0010474255092368
GBR,J58T60,C23,0.0024843842586803
GBR,J58T60,C24,0.0020095822764646
GBR,J58T60,C25,0.0009553357568854
GBR,J58T60,C26,0.0008044210693389
GBR,J58T60,C27,0.003408448714326
GBR,J58T60,C28,0.002077565615458
GBR,J58T60,C29,0.0026841558074208
GBR,J58T60,C30,0.0027437748482946
GBR,J58T60,C31T33,0.0020021074815595
GBR,J58T60,D,0.0007531339986016
GBR,J58T60,E,0.0014196097991443
GBR,J58T60,F,0.0007477492878546
GBR,J58T60,G,0.0063487287498119
GBR,J58T60,H49,0.0012881277078305
GBR,J58T60,H50,0.0013368123815991
GBR,J58T60,H51,0.0018073570061662
GBR,J58T60,H52,0.0019507018625301
GBR,J58T60,H53,0.000589060399845
GBR,J58T60,HFCE,0.0178910655259935
GBR,J58T60,I,0.0030408581374065
GBR,J58T60,J58T60,0.1837641812434754
GBR,J58T60,J61,0.0040767621581248
GBR,J58T60,J62_63,0.0078996647349428
GBR,J58T60,K,0.003079747322282
GBR,J58T60,L,0.0005501684257234
GBR,J58T60,M,0.0056334679726802
GBR,J58T60,N,0.0023147197830742
GBR,J58T60,O,0.0046295967910683
GBR,J58T60,P,0.0039715473785174
GBR,J58T60,Q,0.0017532157907937
GBR,J58T60,R,0.0198405142095466
GBR,J58T60,S,0.0101705712434237
GBR,J58T60,T,0.0
GBR,J61,A01_02,0.0110105341167751
GBR,J61,A03,0.0078304131516331
GBR,J61,B05_06,0.0027751199680329
GBR,J61,B07_08,0.0025855533896469
GBR,J61,B09,0.0051596833021973
GBR,J61,C10T12,0.0022786907335103
GBR,J61,C13T15,0.0028016920022287
GBR,J61,C16,0.003092446478587
GBR,J61,C17_18,0.0046775144927808
GBR,J61,C19,0.000760376122684
GBR,J61,C20,0.0025591305458472
GBR,J61,C21,0.0026678702171405
GBR,J61,C22,0.0028250983805473
GBR,J61,C23,0.0026963995455262
GBR,J61,C24,0.0021076106801945
GBR,J61,C25,0.0034998358016667
GBR,J61,C26,0.0031707897755557
GBR,J61,C27,0.0028256569652444
GBR,J61,C28,0.002882473893904
GBR,J61,C29,0.002070290577921
GBR,J61,C30,0.0034316802678384
GBR,J61,C31T33,0.0049209694415173
GBR,J61,D,0.0021777685903622
GBR,J61,E,0.0023439257617322
GBR,J61,F,0.0041414213207894
GBR,J61,G,0.0060830184337914
GBR,J61,H49,0.0044328458026809
GBR,J61,H50,0.0053401007970833
GBR,J61,H51,0.0020642852080232
GBR,J61,H52,0.0056539142783573
GBR,J61,H53,0.0060923815939779
GBR,J61,HFCE,0.0185070905521274
GBR,J61,I,0.0052038494910974
GBR,J61,J58T60,0.0043612211419197
GBR,J61,J61,0.0635349991519144
GBR,J61,J62_63,0.0134484032020284
GBR,J61,K,0.021355205811256
GBR,J61,L,0.0029063545605115
GBR,J61,M,0.008733637496401
GBR,J61,N,0.0062558761292938
GBR,J61,O,0.0127272904600958
GBR,J61,P,0.0022275820164914
GBR,J61,Q,0.0079160683426171
GBR,J61,R,0.0128999288842601
GBR,J61,S,0.0128376918880724
GBR,J61,T,0.0
GBR,J62_63,A01_02,0.0076972680593452
GBR,J62_63,A03,0.0064027687648712
GBR,J62_63,B05_06,0.0097404144716824
GBR,J62_63,B07_08,0.0053200129954515
GBR,J62_63,B09,0.0165109865670314
GBR,J62_63,C10T12,0.0078669844183159
GBR,J62_63,C13T15,0.0065529770920477
GBR,J62_63,C16,0.0065648220959718
GBR,J62_63,C17_18,0.010624908422156
GBR,J62_63,C19,0.0015809800570658
GBR,J62_63,C20,0.0084762490856101
GBR,J62_63,C21,0.0171681460307908
GBR,J62_63,C22,0.0071881419630376
GBR,J62_63,C23,0.0079315462437958
GBR,J62_63,C24,0.0115305909887389
GBR,J62_63,C25,0.0112297881037733
GBR,J62_63,C26,0.0256693288314611
GBR,J62_63,C27,0.0101723650748799
GBR,J62_63,C28,0.0090819296904308
GBR,J62_63,C29,0.0114212033263069
GBR,J62_63,C30,0.0230592174094998
GBR,J62_63,C31T33,0.0085711275026343
GBR,J62_63,D,0.0089065995341629
GBR,J62_63,E,0.0067422745497447
GBR,J62_63,F,0.0082730664141405
GBR,J62_63,G,0.0198776095363675
GBR,J62_63,H49,0.0100796720072111
GBR,J62_63,H50,0.0115880902169639
GBR,J62_63,H51,0.0054929477638386
GBR,J62_63,H52,0.0142900615641507
GBR,J62_63,H53,0.0161845158476774
GBR,J62_63,HFCE,0.0073880090030708
GBR,J62_63,I,0.0083793289522954
GBR,J62_63,J58T60,0.0200419753894726
GBR,J62_63,J61,0.0529071480221752
GBR,J62_63,J62_63,0.1255157644363156
GBR,J62_63,K,0.029186187250392
GBR,J62_63,L,0.0036378389623841
GBR,J62_63,M,0.0251935067277859
GBR,J62_63,N,0.0153900736179217
GBR,J62_63,O,0.0161302192131591
GBR,J62_63,P,0.0074499767930515
GBR,J62_63,Q,0.0132049313845195
GBR,J62_63,R,0.0179149486839702
GBR,J62_63,S,0.0137218506192772
GBR,J62_63,T,0.0
GBR,K,A01_02,0.0404208834413693
GBR,K,A03,0.0277309106640709
GBR,K,B05_06,0.070668411656237
GBR,K,B07_08,0.0769845137535196
GBR,K,B09,0.0703140290009785
GBR,K,C10T12,0.0293965456069027
GBR,K,C13T15,0.0388077505630851
GBR,K,C16,0.0301380998241723
GBR,K,C17_18,0.024586068145187
GBR,K,C19,0.0245654186962184
GBR,K,C20,0.0502049394470698
GBR,K,C21,0.0388420841482372
GBR,K,C22,0.0357636801516554
GBR,K,C23,0.0547325617426569
GBR,K,C24,0.0371650185641289
GBR,K,C25,0.0348100466415125
GBR,K,C26,0.0131593186589615
GBR,K,C27,0.0363038052180465
GBR,K,C28,0.0220578109344059
GBR,K,C29,0.0423356368325156
GBR,K,C30,0.0565651810002092
GBR,K,C31T33,0.0272581664910432
GBR,K,D,0.0152930968422355
GBR,K,E,0.0271382654600564
GBR,K,F,0.0210352707790411
GBR,K,G,0.0333624633846317
GBR,K,H49,0.0313846645924805
GBR,K,H50,0.0974586267290989
GBR,K,H51,0.1076351973917357
GBR,K,H52,0.0398676643856459
GBR,K,H53,0.0287825976587289
GBR,K,HFCE,0.0672728035925865
GBR,K,I,0.0286290911024355
GBR,K,J58T60,0.0144792056927454
GBR,K,J61,0.0279124299585479
GBR,K,J62_63,0.0343821149322345
GBR,K,K,0.1940981746233305
GBR,K,L,0.0923112580172418
GBR,K,M,0.0411868571926919
GBR,K,N,0.0438656377896884
GBR,K,O,0.0294488993236701
GBR,K,P,0.0137916258308301
GBR,K,Q,0.0099060413043418
GBR,K,R,0.0211753916223326
GBR,K,S,0.026381978538557
GBR,K,T,0.0
GBR,L,A01_02,0.000132338150442
GBR,L,A03,0.0001297858533419
GBR,L,B05_06,0.0002236226130119
GBR,L,B07_08,0.0019222438813082
GBR,L,B09,0.0029000978560626
GBR,L,C10T12,0.0003197183289494
GBR,L,C13T15,0.0018834904216664
GBR,L,C16,0.0022530681486848
GBR,L,C17_18,0.0068190271521262
GBR,L,C19,0.000380188061342
GBR,L,C20,0.0012238310323606
GBR,L,C21,0.0008449927285492
GBR,L,C22,0.0083167060680605
GBR,L,C23,0.0031476115662493
GBR,L,C24,0.0012927495741891
GBR,L,C25,0.005123447292335
GBR,L,C26,0.0001767561990924
GBR,L,C27,0.0022134312894414
GBR,L,C28,0.0002303129882279
GBR,L,C29,0.0002046217431666
GBR,L,C30,0.0005518937016112
GBR,L,C31T33,0.0016796628029504
GBR,L,D,0.0015016596597993
GBR,L,E,0.0027293480782075
GBR,L,F,0.0010735354616796
GBR,L,G,0.0264927123248878
GBR,L,H49,0.0057776743915559
GBR,L,H50,0.0071415805840511
GBR,L,H51,0.0173736622014317
GBR,L,H52,0.0214062219586607
GBR,L,H53,3.579925081931467e-05
GBR,L,HFCE,0.2758953831762968
GBR,L,I,0.0205144797112089
GBR,L,J58T60,0.0106854161589487
GBR,L,J61,0.0227584503542617
GBR,L,J62_63,0.015305009784622
GBR,L,K,0.0071731595000065
GBR,L,L,0.0127130837101533
GBR,L,M,0.0174741443472381
GBR,L,N,0.0078772443329405
GBR,L,O,0.0156598560804077
GBR,L,P,0.008385380715097
GBR,L,Q,0.0129306899583538
GBR,L,R,0.0167918640484675
GBR,L,S,0.0108204187580773
GBR,L,T,0.0
GBR,M,A01_02,0.0338448804384964
GBR,M,A03,0.0165260653255461
GBR,M,B05_06,0.030522653703887
GBR,M,B07_08,0.027114468269439
GBR,M,B09,0.1479761587047415
GBR,M,C10T12,0.0329325824869302
GBR,M,C13T15,0.0355430338321967
GBR,M,C16,0.0235290999213635
GBR,M,C17_18,0.0201339760376004
GBR,M,C19,0.006933726821703
GBR,M,C20,0.0445966814904264
GBR,M,C21,0.0766160172508901
GBR,M,C22,0.0187208869186143
GBR,M,C23,0.026012644809159
GBR,M,C24,0.0231959710326067
GBR,M,C25,0.0172810133907759
GBR,M,C26,0.0316682177924954
GBR,M,C27,0.0377637279834228
GBR,M,C28,0.028478082276347
GBR,M,C29,0.0207375109269515
GBR,M,C30,0.0471359070935342
GBR,M,C31T33,0.0296459430979978
GBR,M,D,0.0305374769747713
GBR,M,E,0.0219533761076531
GBR,M,F,0.0309832427535035
GBR,M,G,0.0530126372799759
GBR,M,H49,0.0315242359919746
GBR,M,H50,0.0222897379990706
GBR,M,H51,0.018924091005741
GBR,M,H52,0.0240685398606418
GBR,M,H53,0.0087935977921625
GBR,M,HFCE,0.0099691583018583
GBR,M,I,0.0271097933053607
GBR,M,J58T60,0.080181238625603
GBR,M,J61,0.0540275136809591
GBR,M,J62_63,0.0817612028833376
GBR,M,K,0.0750170487753398
GBR,M,L,0.0142905557415305
GBR,M,M,0.1779004505101839
GBR,M,N,0.0401023808618745
GBR,M,O,0.0447572021861024
GBR,M,P,0.0248074440859811
GBR,M,Q,0.0356665444753444
GBR,M,R,0.0629782339202648
GBR,M,S,0.0329591676094032
GBR,M,T,0.0
GBR,N,A01_02,0.0223771781656488
GBR,N,A03,0.0218905472636815
GBR,N,B05_06,0.0348411362961496
GBR,N,B07_08,0.019533788174139
GBR,N,B09,0.0469887020727693
GBR,N,C10T12,0.0169203550547786
GBR,N,C13T15,0.006089952363388
GBR,N,C16,0.0145786762561959
GBR,N,C17_18,0.0106436936209222
GBR,N,C19,0.002657552191163
GBR,N,C20,0.0115369877965235
GBR,N,C21,0.0159119402236598
GBR,N,C22,0.0256397962683622
GBR,N,C23,0.0151509385753659
GBR,N,C24,0.0121800291634501
GBR,N,C25,0.0133103991512209
GBR,N,C26,0.0075428002510659
GBR,N,C27,0.0165065461053028
GBR,N,C28,0.0183324389908017
GBR,N,C29,0.0121358748557491
GBR,N,C30,0.0195830717723373
GBR,N,C31T33,0.0130853530031612
GBR,N,D,0.0081607072086247
GBR,N,E,0.0303402354738514
GBR,N,F,0.0240373652697142
GBR,N,G,0.0295241550810184
GBR,N,H49,0.0904335436596784
GBR,N,H50,0.1600457518676055
GBR,N,H51,0.0551775462470763
GBR,N,H52,0.0684524691984175
GBR,N,H53,0.0405800780423667
GBR,N,HFCE,0.0205846027679347
GBR,N,I,0.016346875031817
GBR,N,J58T60,0.0148477937458852
GBR,N,J61,0.0236169509985091
GBR,N,J62_63,0.0398857830750755
GBR,N,K,0.0347734084925567
GBR,N,L,0.0096046781825734
GBR,N,M,0.0315201821633329
GBR,N,N,0.1485130700320573
GBR,N,O,0.0187551203526703
GBR,N,P,0.0243798851576718
GBR,N,Q,0.040737668093457
GBR,N,R,0.0370481916005704
GBR,N,S,0.0195137310034011
GBR,N,T,0.0
GBR,O,A01_02,0.0005702571209955
GBR,O,A03,0.0004326195111399
GBR,O,B05_06,0.0005755532826699
GBR,O,B07_08,0.0010694173705869
GBR,O,B09,0.0008362245351837
GBR,O,C10T12,0.0011560887206403
GBR,O,C13T15,0.0022758842595135
GBR,O,C16,0.0009542406276782
GBR,O,C17_18,0.0010519711309065
GBR,O,C19,0.0007076767874485
GBR,O,C20,0.0017881402180602
GBR,O,C21,0.0051953262123263
GBR,O,C22,0.0007339354800638
GBR,O,C23,0.0006143007029122
GBR,O,C24,0.0018502861204033
GBR,O,C25,0.0021609878539163
GBR,O,C26,0.0005555194828618
GBR,O,C27,0.0009830931524912
GBR,O,C28,0.0014507343897655
GBR,O,C29,0.00150306706929
GBR,O,C30,0.0014202762084118
GBR,O,C31T33,0.001249736564805
GBR,O,D,0.0003726169958116
GBR,O,E,0.0018556078947047
GBR,O,F,0.0056599072420971
GBR,O,G,0.0021354171275852
GBR,O,H49,0.0460542002268035
GBR,O,H50,0.0028952353719126
GBR,O,H51,0.0035526968601601
GBR,O,H52,0.0014872150999929
GBR,O,H53,0.004006261614416
GBR,O,HFCE,0.0035972280501562
GBR,O,I,0.0007964152264636
GBR,O,J58T60,0.000526207944285
GBR,O,J61,0.0011307807445893
GBR,O,J62_63,0.0018776878632886
GBR,O,K,0.0009824676682588
GBR,O,L,0.0148269008399744
GBR,O,M,0.0195704921205517
GBR,O,N,0.0018332256306939
GBR,O,O,0.0019328777179984
GBR,O,P,0.0001610471963298
GBR,O,Q,0.001068301274189
GBR,O,R,0.001344592677799
GBR,O,S,0.0006077447179295
GBR,O,T,0.0
GBR,P,A01_02,0.0003248300056303
GBR,P,A03,0.0006056673155959
GBR,P,B05_06,0.0008541650628159
GBR,P,B07_08,0.0007986787957548
GBR,P,B09,0.0013877768881772
GBR,P,C10T12,0.0004775842370093
GBR,P,C13T15,0.0017657722703122
GBR,P,C16,0.000318080209226
GBR,P,C17_18,0.0006424537978036
GBR,P,C19,0.0001806834350932
GBR,P,C20,0.0013956782740963
GBR,P,C21,0.0051100747204252
GBR,P,C22,0.0013646036564001
GBR,P,C23,0.0008317522791643
GBR,P,C24,0.0015010599321153
GBR,P,C25,0.0011757978546282
GBR,P,C26,0.0055407657511417
GBR,P,C27,0.0011008288593764
GBR,P,C28,0.0003347848591766
GBR,P,C29,0.0003972069132057
GBR,P,C30,0.0017943084327265
GBR,P,C31T33,0.0004636459430979
GBR,P,D,0.0004990171074651
GBR,P,E,0.0012347466066268
GBR,P,F,0.0006721816919796
GBR,P,G,0.001122355065089
GBR,P,H49,0.002076124567474
GBR,P,H50,0.0022375522750831
GBR,P,H51,0.0019579700900134
GBR,P,H52,0.0036002153574856
GBR,P,H53,0.001314808848273
GBR,P,HFCE,0.0221865193954658
GBR,P,I,0.0026143687334622
GBR,P,J58T60,0.0012827834217823
GBR,P,J61,0.0064647925463694
GBR,P,J62_63,0.0126531300613247
GBR,P,K,0.0064322263043958
GBR,P,L,0.0008360809116207
GBR,P,M,0.0171895141395207
GBR,P,N,0.0032893653146817
GBR,P,O,0.0342039558381773
GBR,P,P,0.0810879759502853
GBR,P,Q,0.0042051270743814
GBR,P,R,0.0018050962394152
GBR,P,S,0.0017683174624095
GBR,P,T,0.0
GBR,Q,A01_02,0.0003224238574405
GBR,Q,A03,0.0034176941380056
GBR,Q,B05_06,0.0009054882854744
GBR,Q,B07_08,0.0003519601472817
GBR,Q,B09,0.0008006405124099
GBR,Q,C10T12,0.0006410312630309
GBR,Q,C13T15,0.0003060671935207
GBR,Q,C16,0.0007156804707587
GBR,Q,C17_18,0.0005522848437259
GBR,Q,C19,0.000244675485022
GBR,Q,C20,0.0004040732440811
GBR,Q,C21,0.0022165387894288
GBR,Q,C22,0.001076930453159
GBR,Q,C23,0.0007936982533202
GBR,Q,C24,0.0006371846242448
GBR,Q,C25,0.0008634765494925
GBR,Q,C26,0.0034882294800481
GBR,Q,C27,0.0008712442309503
GBR,Q,C28,0.0004202618444983
GBR,Q,C29,0.0003671154803871
GBR,Q,C30,0.0005623561414521
GBR,Q,C31T33,0.0004615384615384
GBR,Q,D,0.0003653753227482
GBR,Q,E,0.0006016773718732
GBR,Q,F,0.0004261906718408
GBR,Q,G,0.0004794290214957
GBR,Q,H49,0.0005946323165944
GBR,Q,H50,0.0005433034278157
GBR,Q,H51,0.0007442058260684
GBR,Q,H52,0.0004759712544573
GBR,Q,H53,0.0002733760971656
GBR,Q,HFCE,0.0221640270092125
GBR,Q,I,0.0006595313594151
GBR,Q,J58T60,0.0008426601872766
GBR,Q,J61,0.000688883532559
GBR,Q,J62_63,0.0014742357672277
GBR,Q,K,0.0009639443383685
GBR,Q,L,0.0001449145476465
GBR,Q,M,0.0016540210811527
GBR,Q,N,0.0008459092003395
GBR,Q,O,0.0015924075144611
GBR,Q,P,0.0004883673092243
GBR,Q,Q,0.0566629641777305
GBR,Q,R,0.0024715634193069
GBR,Q,S,0.0004539779820678
GBR,Q,T,0.0
GBR,R,A01_02,0.000794028902652
GBR,R,A03,0.0006489292667099
GBR,R,B05_06,0.0003702603920361
GBR,R,B07_08,0.0002707385748321
GBR,R,B09,0.0004981763188328
GBR,R,C10T12,0.0011792104950531
GBR,R,C13T15,0.0007298525383957
GBR,R,C16,0.000318080209226
GBR,R,C17_18,0.000601126360518
GBR,R,C19,0.000105398670471
GBR,R,C20,0.0008058242281388
GBR,R,C21,0.000747204252545
GBR,R,C22,0.0004683909847643
GBR,R,C23,0.0004022854160664
GBR,R,C24,0.0006616917251773
GBR,R,C25,0.0004133664332677
GBR,R,C26,0.0004761595567387
GBR,R,C27,0.0005592446077046
GBR,R,C28,0.0005745952902181
GBR,R,C29,0.0007899001114887
GBR,R,C30,0.0006382088302992
GBR,R,C31T33,0.0005015806111696
GBR,R,D,0.0003298252913456
GBR,R,E,0.0014370497229668
GBR,R,F,0.0004544624647031
GBR,R,G,0.0014728006442534
GBR,R,H49,0.0006527870663836
GBR,R,H50,0.0005647496157557
GBR,R,H51,0.0005758735558863
GBR,R,H52,0.0007303427773312
GBR,R,H53,0.0004328454871789
GBR,R,HFCE,0.0240598244202895
GBR,R,I,0.001001175391222
GBR,R,J58T60,0.0190998934247043
GBR,R,J61,0.0015057238335847
GBR,R,J62_63,0.0030008112658364
GBR,R,K,0.0026403056934379
GBR,R,L,0.0002478983358787
GBR,R,M,0.0017728907796538
GBR,R,N,0.0021434092320168
GBR,R,O,0.0043064160900543
GBR,R,P,0.0013344589218008
GBR,R,Q,0.0013585286327342
GBR,R,R,0.0738165835687665
GBR,R,S,0.0008658531674117
GBR,R,T,0.0
GBR,S,A01_02,0.0004812296379709
GBR,S,A03,0.0135409906986805
GBR,S,B05_06,0.0004362473925969
GBR,S,B07_08,0.0003790340047649
GBR,S,B09,0.0003558402277377
GBR,S,C10T12,0.0006474096835585
GBR,S,C13T15,0.0004394810983888
GBR,S,C16,0.000521298120676
GBR,S,C17_18,0.0009167176997899
GBR,S,C19,0.0002484397232532
GBR,S,C20,0.000561986925676
GBR,S,C21,0.0008149039667017
GBR,S,C22,0.0006896780641806
GBR,S,C23,0.0006197369923185
GBR,S,C24,0.0009986643629991
GBR,S,C25,0.000780803262839
GBR,S,C26,0.0012914024341853
GBR,S,C27,0.0006475463878685
GBR,S,C28,0.0006149594221755
GBR,S,C29,0.0007297172458515
GBR,S,C30,0.0007559112785101
GBR,S,C31T33,0.0006701791359325
GBR,S,D,0.0004200170376817
GBR,S,E,0.0009295479397345
GBR,S,F,0.0005791754201333
GBR,S,G,0.0003988973353746
GBR,S,H49,0.0003663749236718
GBR,S,H50,0.0003717339242949
GBR,S,H51,0.0005138564037139
GBR,S,H52,0.0007443878307415
GBR,S,H53,0.0001497059579716
GBR,S,HFCE,0.0257476412466365
GBR,S,I,0.0021098215871514
GBR,S,J58T60,0.0106854161589487
GBR,S,J61,0.0004671909918434
GBR,S,J62_63,0.0008308932356712
GBR,S,K,0.0027317037027648
GBR,S,L,0.00016058098523
GBR,S,M,0.000754135650038
GBR,S,N,0.0020045361817513
GBR,S,O,0.0097038441213918
GBR,S,P,0.0020997894034745
GBR,S,Q,0.0066851515493951
GBR,S,R,0.0026347798715253
GBR,S,S,0.0420735078219674
GBR,S,T,0.0
GBR,T,A01_02,0.0
GBR,T,A03,0.0
GBR,T,B05_06,0.0
GBR,T,B07_08,0.0
GBR,T,B09,0.0
GBR,T,C10T12,0.0
GBR,T,C13T15,0.0
GBR,T,C16,0.0
GBR,T,C17_18,0.0
GBR,T,C19,0.0
GBR,T,C20,0.0
GBR,T,C21,0.0
GBR,T,C22,0.0
GBR,T,C23,0.0
GBR,T,C24,0.0
GBR,T,C25,0.0
GBR,T,C26,0.0
GBR,T,C27,0.0
GBR,T,C28,0.0
GBR,T,C29,0.0
GBR,T,C30,0.0
GBR,T,C31T33,0.0
GBR,T,D,0.0
GBR,T,E,0.0
GBR,T,F,0.0
GBR,T,G,0.0
GBR,T,H49,0.0
GBR,T,H50,0.0
GBR,T,H51,0.0
GBR,T,H52,0.0
GBR,T,H53,0.0
GBR,T,HFCE,0.0029624100434029
GBR,T,I,0.0
GBR,T,J58T60,0.0
GBR,T,J61,0.0
GBR,T,J62_63,0.0
GBR,T,K,0.0
GBR,T,L,0.0
GBR,T,M,0.0
GBR,T,N,0.0
GBR,T,O,0.0
GBR,T,P,0.0
GBR,T,Q,0.0
GBR,T,R,0.0
GBR,T,S,0.0
GBR,T,T,0.0
GBR,employees_compensation,A01_02,0.1349055105605844
GBR,employees_compensation,A03,0.1835892998774244
GBR,employees_compensation,B05_06,0.0
GBR,employees_compensation,B07_08,0.0
GBR,employees_compensation,B09,0.0
GBR,employees_compensation,C10T12,0.1897165509647759
GBR,employees_compensation,C13T15,0.4257865534479647
GBR,employees_compensation,C16,0.2361274323564147
GBR,employees_compensation,C17_18,0.3300171195778089
GBR,employees_compensation,C19,0.0392622594965456
GBR,employees_compensation,C20,0.1853488615120235
GBR,employees_compensation,C21,0.1845051234475034
GBR,employees_compensation,C22,0.2904774022863873
GBR,employees_compensation,C23,0.2674781234653808
GBR,employees_compensation,C24,0.2236906060197608
GBR,employees_compensation,C25,0.3588120154905243
GBR,employees_compensation,C26,0.441372253364981
GBR,employees_compensation,C27,0.2769673636620514
GBR,employees_compensation,C28,0.2875184606544687
GBR,employees_compensation,C29,0.1956013346553502
GBR,employees_compensation,C30,0.2594336332566087
GBR,employees_compensation,C31T33,0.1774176325957148
GBR,employees_compensation,D,0.0643229540408316
GBR,employees_compensation,E,0.1951201930483301
GBR,employees_compensation,F,0.1839706332696645
GBR,employees_compensation,G,0.3726858202284976
GBR,employees_compensation,H49,0.4113362992255726
GBR,employees_compensation,H50,0.3261369458245464
GBR,employees_compensation,H51,0.4382840739953221
GBR,employees_compensation,H52,0.3579824020682641
GBR,employees_compensation,H53,0.3835271374593597
GBR,employees_compensation,HFCE,0.0
GBR,employees_compensation,I,0.5877314346070319
GBR,employees_compensation,J58T60,0.1044062034339312
GBR,employees_compensation,J61,0.515274963224828
GBR,employees_compensation,J62_63,0.4001576007467136
GBR,employees_compensation,K,0.2461003922233861
GBR,employees_compensation,L,0.0485617327141404
GBR,employees_compensation,M,0.3507709406794408
GBR,employees_compensation,N,0.4034802735224676
GBR,employees_compensation,O,0.3813216036619462
GBR,employees_compensation,P,0.5411388491285478
GBR,employees_compensation,Q,0.4104965101974631
GBR,employees_compensation,R,0.4196456907618192
GBR,employees_compensation,S,0.3658733035318754
GBR,employees_compensation,T,1.164872582565332
FRA,A01_02,A01_02,0.1648036235841664
FRA,A01_02,A03,0.000447118120478
FRA,A01_02,B05_06,0.002787456445993
FRA,A01_02,B07_08,0.0011101148541906
FRA,A01_02,B09,0.0
FRA,A01_02,C10T12,0.1671946480714191
FRA,A01_02,C13T15,0.0086852301832271
FRA,A01_02,C16,0.4788414859916897
FRA,A01_02,C17_18,0.0205859126716616
FRA,A01_02,C19,0.0001289181103272
FRA,A01_02,C20,0.0020044712877777
FRA,A01_02,C21,0.0001210053478461
FRA,A01_02,C22,0.0044282605331691
FRA,A01_02,C23,0.0001129866901678
FRA,A01_02,C24,0.0001352686183097
FRA,A01_02,C25,0.000107583881196
FRA,A01_02,C26,0.0001279849112525
FRA,A01_02,C27,0.0001523552740317
FRA,A01_02,C28,0.0002861309325107
FRA,A01_02,C29,0.000170792734477
FRA,A01_02,C30,0.0001276672551099
FRA,A01_02,C31T33,0.0002470728401616
FRA,A01_02,D,0.0022599939654611
FRA,A01_02,E,0.0003481080985806
FRA,A01_02,F,0.0103811830838904
FRA,A01_02,G,0.000105450690702
FRA,A01_02,H49,0.0001067418340026
FRA,A01_02,H50,0.0001435006995659
FRA,A01_02,H51,8.117395578725208e-05
FRA,A01_02,H52,6.725055976201213e-05
FRA,A01_02,H53,3.5411768038754635e-05
FRA,A01_02,HFCE,0.0239422825992564
FRA,A01_02,I,0.0092286962361181
FRA,A01_02,J58T60,0.0006180007040111
FRA,A01_02,J61,6.181597678074168e-05
FRA,A01_02,J62_63,3.394702874773269e-05
FRA,A01_02,K,0.0001004398901954
FRA,A01_02,L,1.641429685255858e-05
FRA,A01_02,M,0.0001070669366451
FRA,A01_02,N,0.0002069170134521
FRA,A01_02,O,0.0087067418855299
FRA,A01_02,P,0.0009139197194988
FRA,A01_02,Q,0.000115692730478
FRA,A01_02,R,0.0027030575303442
FRA,A01_02,S,0.0025155407697432
FRA,A01_02,T,0.0
FRA,A03,A01_02,1.6819826023634824e-05
FRA,A03,A03,0.0182099016340134
FRA,A03,B05_06,0.0
FRA,A03,B07_08,0.0
FRA,A03,B09,0.0
FRA,A03,C10T12,0.0053495676883965
FRA,A03,C13T15,0.0002750049254613
FRA,A03,C16,0.0
FRA,A03,C17_18,3.852154317301952e-06
FRA,A03,C19,1.3336356240747902e-05
FRA,A03,C20,6.730341550202495e-05
FRA,A03,C21,0.0001977404464802
FRA,A03,C22,0.000194250833797
FRA,A03,C23,3.766223005596608e-06
FRA,A03,C24,3.145781821156012e-06
FRA,A03,C25,1.9560705672017826e-06
FRA,A03,C26,3.36802398033074e-06
FRA,A03,C27,0.0
FRA,A03,C28,2.509920460620603e-06
FRA,A03,C29,3.415854689541507e-06
FRA,A03,C30,2.934879427815907e-06
FRA,A03,C31T33,2.3757003861700977e-05
FRA,A03,D,0.0001094499695314
FRA,A03,E,5.948682697264929e-05
FRA,A03,F,0.0002455391880229
FRA,A03,G,3.494467333205477e-06
FRA,A03,H49,2.9650509445169782e-06
FRA,A03,H50,0.001506757345442
FRA,A03,H51,0.0
FRA,A03,H52,7.911830560236722e-06
FRA,A03,H53,0.0
FRA,A03,HFCE,0.0009627603435903
FRA,A03,I,0.0048013719455509
FRA,A03,J58T60,6.530419810426692e-05
FRA,A03,J61,1.0302662796790278e-05
FRA,A03,J62_63,1.5430467612605768e-06
FRA,A03,K,1.4609438573885046e-06
FRA,A03,L,2.564733883212278e-07
FRA,A03,M,5.424095909335529e-06
FRA,A03,N,1.0260347774487815e-05
FRA,A03,O,3.743225230236426e-06
FRA,A03,P,3.1128055841241937e-06
FRA,A03,Q,0.0002952271077465
FRA,A03,R,9.531739794294265e-05
FRA,A03,S,0.0003576114010601
FRA,A03,T,0.0
FRA,B05_06,A01_02,0.0002364669658616
FRA,B05_06,A03,0.0005690594260629
FRA,B05_06,B05_06,0.0160278745644599
FRA,B05_06,B07_08,0.0044404594167627
FRA,B05_06,B09,0.0072771376591873
FRA,B05_06,C10T12,0.0007120237033603
FRA,B05_06,C13T15,0.0002750049254613
FRA,B05_06,C16,1.6456164890772206e-05
FRA,B05_06,C17_18,0.0002580943392592
FRA,B05_06,C19,0.4022333951251172
FRA,B05_06,C20,0.0054340192429243
FRA,B05_06,C21,0.0002567674454295
FRA,B05_06,C22,4.609341818912129e-05
FRA,B05_06,C23,0.0005536347818227
FRA,B05_06,C24,0.0163077329608727
FRA,B05_06,C25,9.193531665848376e-05
FRA,B05_06,C26,3.36802398033074e-05
FRA,B05_06,C27,3.693461188648147e-05
FRA,B05_06,C28,7.278769335799747e-05
FRA,B05_06,C29,0.0001349262602368
FRA,B05_06,C30,0.0001306021345378
FRA,B05_06,C31T33,0.0001734261281904
FRA,B05_06,D,0.0462100729469256
FRA,B05_06,E,0.0002026958548697
FRA,B05_06,F,0.0002628306801372
FRA,B05_06,G,0.0001255952670934
FRA,B05_06,H49,0.0006572529593679
FRA,B05_06,H50,0.0008046289225659
FRA,B05_06,H51,0.0016595564294282
FRA,B05_06,H52,0.0001753789107519
FRA,B05_06,H53,9.207059690076206e-05
FRA,B05_06,HFCE,0.0002178823841422
FRA,B05_06,I,0.0002296783846391
FRA,B05_06,J58T60,6.211862746503438e-05
FRA,B05_06,J61,8.978034722917241e-05
FRA,B05_06,J62_63,4.1662262554035576e-05
FRA,B05_06,K,1.972274207474481e-05
FRA,B05_06,L,1.8722557347449627e-05
FRA,B05_06,M,6.909826527979609e-05
FRA,B05_06,N,0.0001252617457468
FRA,B05_06,O,0.0006015362944989
FRA,B05_06,P,0.0001332280790005
FRA,B05_06,Q,4.699004459193197e-05
FRA,B05_06,R,0.0001007127223548
FRA,B05_06,S,0.0001532620290257
FRA,B05_06,T,0.0
FRA,B07_08,A01_02,0.0022558354902286
FRA,B07_08,A03,0.0152833102999756
FRA,B07_08,B05_06,0.0003484320557491
FRA,B07_08,B07_08,0.0094786729857819
FRA,B07_08,B09,0.0042449969678593
FRA,B07_08,C10T12,0.0016810627450096
FRA,B07_08,C13T15,0.0006321008734484
FRA,B07_08,C16,0.0001151931542354
FRA,B07_08,C17_18,0.0029815674415917
FRA,B07_08,C19,0.0015114537072847
FRA,B07_08,C20,0.0120443851394058
FRA,B07_08,C21,0.0006109294391254
FRA,B07_08,C22,0.0010667333923768
FRA,B07_08,C23,0.0301335502677784
FRA,B07_08,C24,0.0410524527660859
FRA,B07_08,C25,0.0016254946413446
FRA,B07_08,C26,0.0005388838368529
FRA,B07_08,C27,0.0007063744523289
FRA,B07_08,C28,0.0004869245693603
FRA,B07_08,C29,0.0002476494649917
FRA,B07_08,C30,0.0002949553824954
FRA,B07_08,C31T33,0.0005000849312888
FRA,B07_08,D,0.0001708306956876
FRA,B07_08,E,0.0005463975218228
FRA,B07_08,F,0.0036503911807102
FRA,B07_08,G,0.0001050395768981
FRA,B07_08,H49,4.546411448259366e-05
FRA,B07_08,H50,6.15002998139616e-05
FRA,B07_08,H51,0.0001262705978912
FRA,B07_08,H52,4.4833706508008085e-05
FRA,B07_08,H53,9.915295050851298e-05
FRA,B07_08,HFCE,2.3589042272233468e-05
FRA,B07_08,I,0.0005534155363209
FRA,B07_08,J58T60,4.141241831002292e-05
FRA,B07_08,J61,9.861120105499266e-05
FRA,B07_08,J62_63,3.240398198647211e-05
FRA,B07_08,K,4.784591132947352e-05
FRA,B07_08,L,8.20714842627929e-06
FRA,B07_08,M,0.000107538597159
FRA,B07_08,N,0.0001684407092978
FRA,B07_08,O,8.235095506520137e-06
FRA,B07_08,P,8.093294518722904e-06
FRA,B07_08,Q,8.587835735766877e-05
FRA,B07_08,R,8.45267491192133e-05
FRA,B07_08,S,0.000261567196204
FRA,B07_08,T,0.0
FRA,B09,A01_02,0.0001127917745114
FRA,B09,A03,0.0012194130558491
FRA,B09,B05_06,0.0222996515679442
FRA,B09,B07_08,0.0193416164980146
FRA,B09,B09,0.0230442692540933
FRA,B09,C10T12,4.507158333252848e-05
FRA,B09,C13T15,8.209102252577659e-06
FRA,B09,C16,8.228082445386103e-06
FRA,B09,C17_18,0.0002465378763073
FRA,B09,C19,0.0138475832299765
FRA,B09,C20,0.0007769155137298
FRA,B09,C21,6.788104879171733e-05
FRA,B09,C22,6.914012728368195e-05
FRA,B09,C23,0.0020224617540053
FRA,B09,C24,0.0015477246560087
FRA,B09,C25,0.0002894984439458
FRA,B09,C26,1.010407194099222e-05
FRA,B09,C27,2.308413242905092e-05
FRA,B09,C28,3.5138886448688434e-05
FRA,B09,C29,1.1955491413395272e-05
FRA,B09,C30,1.90767162808034e-05
FRA,B09,C31T33,3.3259805406381366e-05
FRA,B09,D,0.000605672466529
FRA,B09,E,0.0001718508334765
FRA,B09,F,0.0009261951957947
FRA,B09,G,1.3361198626962118e-05
FRA,B09,H49,0.0003073769479149
FRA,B09,H50,0.0001076255246744
FRA,B09,H51,0.0002345025389409
FRA,B09,H52,0.0002426294705139
FRA,B09,H53,7.082353607750928e-06
FRA,B09,HFCE,4.2415628060482895e-06
FRA,B09,I,1.0937065935195696e-05
FRA,B09,J58T60,1.274228255693013e-05
FRA,B09,J61,4.41542691291012e-06
FRA,B09,J62_63,4.62914028378173e-06
FRA,B09,K,7.304719286942523e-06
FRA,B09,L,5.924535270220362e-05
FRA,B09,M,7.475819144605925e-05
FRA,B09,N,7.60975793274513e-05
FRA,B09,O,2.5453931565607696e-05
FRA,B09,P,8.715855635547742e-06
FRA,B09,Q,7.129524007051748e-06
FRA,B09,R,2.158129764745871e-05
FRA,B09,S,1.6347949762750378e-05
FRA,B09,T,0.0
FRA,C10T12,A01_02,0.0620146985491415
FRA,C10T12,A03,0.0273961466547435
FRA,C10T12,B05_06,0.0041811846689895
FRA,C10T12,B07_08,0.0058921480722428
FRA,C10T12,B09,0.0
FRA,C10T12,C10T12,0.1370991714340597
FRA,C10T12,C13T15,0.0145219018848098
FRA,C10T12,C16,0.0009050890689924
FRA,C10T12,C17_18,0.0048883838286561
FRA,C10T12,C19,0.0023560896025321
FRA,C10T12,C20,0.0248847063230095
FRA,C10T12,C21,0.0137355826555066
FRA,C10T12,C22,0.0028116985095363
FRA,C10T12,C23,0.0016948003525184
FRA,C10T12,C24,0.002702226584373
FRA,C10T12,C25,0.0015276911129845
FRA,C10T12,C26,0.0017075881580276
FRA,C10T12,C27,0.0018190296354092
FRA,C10T12,C28,0.0017519244815131
FRA,C10T12,C29,0.0018138188401465
FRA,C10T12,C30,0.0005517573324293
FRA,C10T12,C31T33,0.0024564741992998
FRA,C10T12,D,0.0004977015506398
FRA,C10T12,E,0.0030646731969983
FRA,C10T12,F,0.0013216987790634
FRA,C10T12,G,0.0057237319348886
FRA,C10T12,H49,0.0009379444487822
FRA,C10T12,H50,0.0059501540070007
FRA,C10T12,H51,0.0121760933680878
FRA,C10T12,H52,0.0020122422391535
FRA,C10T12,H53,0.0032578826595654
FRA,C10T12,HFCE,0.0833585408666762
FRA,C10T12,I,0.1732628111321832
FRA,C10T12,J58T60,0.0072726577693678
FRA,C10T12,J61,0.0043933497783455
FRA,C10T12,J62_63,0.0023330867030259
FRA,C10T12,K,0.0003984724371027
FRA,C10T12,L,0.0004057409003241
FRA,C10T12,M,0.0053450927732647
FRA,C10T12,N,0.0055230597041086
FRA,C10T12,O,0.0026648020414053
FRA,C10T12,P,0.0196181459133843
FRA,C10T12,Q,0.0136303536243907
FRA,C10T12,R,0.0230614149777802
FRA,C10T12,S,0.0057544783164881
FRA,C10T12,T,0.0
FRA,C13T15,A01_02,0.0011912394430856
FRA,C13T15,A03,0.0020730021949435
FRA,C13T15,B05_06,0.0020905923344947
FRA,C13T15,B07_08,0.0004696639767729
FRA,C13T15,B09,0.0006064281382656
FRA,C13T15,C10T12,0.0020373428799239
FRA,C13T15,C13T15,0.2615132659092402
FRA,C13T15,C16,0.0016867569013041
FRA,C13T15,C17_18,0.0209287544059014
FRA,C13T15,C19,0.0013514174323957
FRA,C13T15,C20,0.0024214598403445
FRA,C13T15,C21,0.0029336418477811
FRA,C13T15,C22,0.0041319457019533
FRA,C13T15,C23,0.0012089575847965
FRA,C13T15,C24,0.0015005379286914
FRA,C13T15,C25,0.0012812262215171
FRA,C13T15,C26,0.003452224579839
FRA,C13T15,C27,0.0025115536082807
FRA,C13T15,C28,0.003267916439728
FRA,C13T15,C29,0.0071750027753819
FRA,C13T15,C30,0.0025797590170501
FRA,C13T15,C31T33,0.0064345844959417
FRA,C13T15,D,0.0002344300023073
FRA,C13T15,E,0.0016039411124477
FRA,C13T15,F,0.0016895359749493
FRA,C13T15,G,0.0038268528436639
FRA,C13T15,H49,0.0002688312856362
FRA,C13T15,H50,0.0041358951624889
FRA,C13T15,H51,0.0012176093368087
FRA,C13T15,H52,0.0008083253555708
FRA,C13T15,H53,0.0015652001473129
FRA,C13T15,HFCE,0.0181614045615254
FRA,C13T15,I,0.0027102049387414
FRA,C13T15,J58T60,0.0098529699871462
FRA,C13T15,J61,0.0022813039050035
FRA,C13T15,J62_63,0.0001782219009255
FRA,C13T15,K,0.0002359424329682
FRA,C13T15,L,0.0002500615536131
FRA,C13T15,M,0.000746166932919
FRA,C13T15,N,0.0012137136388237
FRA,C13T15,O,0.0011439296303602
FRA,C13T15,P,0.0011579636772942
FRA,C13T15,Q,0.0027844031940267
FRA,C13T15,R,0.004091454345664
FRA,C13T15,S,0.0029078915640492
FRA,C13T15,T,0.0
FRA,C16,A01_02,0.0064835482313458
FRA,C16,A03,0.0141045443459881
FRA,C16,B05_06,0.0
FRA,C16,B07_08,0.0087314802954613
FRA,C16,B09,0.0
FRA,C16,C10T12,0.0024757176844796
FRA,C16,C13T15,0.0006197872200696
FRA,C16,C16,0.0575472086230304
FRA,C16,C17_18,0.0107860320884454
FRA,C16,C19,0.0001511453707284
FRA,C16,C20,0.0010885595898588
FRA,C16,C21,0.0026886798021414
FRA,C16,C22,0.0026141552887258
FRA,C16,C23,0.0123193154513065
FRA,C16,C24,0.0028815361481789
FRA,C16,C25,0.002482253549779
FRA,C16,C26,0.0021252231315886
FRA,C16,C27,0.0018928988591821
FRA,C16,C28,0.0026303966427303
FRA,C16,C29,0.0077095840342951
FRA,C16,C30,0.0028805841584013
FRA,C16,C31T33,0.0137256089810977
FRA,C16,D,4.880877019647748e-05
FRA,C16,E,0.00271215866679
FRA,C16,F,0.0153476140098813
FRA,C16,G,0.0010006509987084
FRA,C16,H49,7.610297424260246e-05
FRA,C16,H50,0.0012146309213257
FRA,C16,H51,0.0002976378378865
FRA,C16,H52,0.0015124782754319
FRA,C16,H53,0.0001345647185472
FRA,C16,HFCE,0.0011293719071472
FRA,C16,I,0.0007054407528201
FRA,C16,J58T60,0.0054170628720149
FRA,C16,J61,0.0022474522986712
FRA,C16,J62_63,0.0001921093217769
FRA,C16,K,4.1271663971225255e-05
FRA,C16,L,0.0008291784644425
FRA,C16,M,0.000156355460343
FRA,C16,N,0.0010452729295259
FRA,C16,O,5.539973340749911e-05
FRA,C16,P,0.0003100354361787
FRA,C16,Q,0.0002709219122679
FRA,C16,R,0.0027048559718148
FRA,C16,S,0.0024644534267346
FRA,C16,T,0.0
FRA,C17_18,A01_02,0.0018165412105525
FRA,C17_18,A03,0.0033737094545158
FRA,C17_18,B05_06,0.0
FRA,C17_18,B07_08,0.0047179881303104
FRA,C17_18,B09,0.0006064281382656
FRA,C17_18,C10T12,0.0077818234889483
FRA,C17_18,C13T15,0.0066452682734616
FRA,C17_18,C16,0.0014563705928333
FRA,C17_18,C17_18,0.1309886554055355
FRA,C17_18,C19,0.0010091176222165
FRA,C17_18,C20,0.0075189620057588
FRA,C17_18,C21,0.0159077762168415
FRA,C17_18,C22,0.0073782392972729
FRA,C17_18,C23,0.0063159559803855
FRA,C17_18,C24,0.0007895912371101
FRA,C17_18,C25,0.0012401487396059
FRA,C17_18,C26,0.0038260752416557
FRA,C17_18,C27,0.0041597606637149
FRA,C17_18,C28,0.002228809369031
FRA,C17_18,C29,0.0014688175165028
FRA,C17_18,C30,0.000924487019762
FRA,C17_18,C31T33,0.0030005095877328
FRA,C17_18,D,0.000256615806942
FRA,C17_18,E,0.0056997193103053
FRA,C17_18,F,0.0012072605403434
FRA,C17_18,G,0.0041092880269476
FRA,C17_18,H49,0.000417083832862
FRA,C17_18,H50,0.0020500099937987
FRA,C17_18,H51,0.000369792465253
FRA,C17_18,H52,0.0021230078669968
FRA,C17_18,H53,0.0007436471288138
FRA,C17_18,HFCE,0.0028445259618245
FRA,C17_18,I,0.0012566688759539
FRA,C17_18,J58T60,0.0654109147206812
FRA,C17_18,J61,0.0044360322385037
FRA,C17_18,J62_63,0.0020298780144382
FRA,C17_18,K,0.0063342873296722
FRA,C17_18,L,0.000839180926587
FRA,C17_18,M,0.006370718560643
FRA,C17_18,N,0.004800987729479
FRA,C17_18,O,0.0044087706761724
FRA,C17_18,P,0.0037366118231826
FRA,C17_18,Q,0.0016790029036606
FRA,C17_18,R,0.0083465668651546
FRA,C17_18,S,0.0056318686932675
FRA,C17_18,T,0.0
FRA,C19,A01_02,0.0130967080632267
FRA,C19,A03,0.0191447849768311
FRA,C19,B05_06,0.0017421602787456
FRA,C19,B07_08,0.0133213782502882
FRA,C19,B09,0.0060642813826561
FRA,C19,C10T12,0.0021044136884544
FRA,C19,C13T15,0.0021015301766598
FRA,C19,C16,0.0007076150903032
FRA,C19,C17_18,0.0034438259596679
FRA,C19,C19,0.0394667235684532
FRA,C19,C20,0.0345837137439426
FRA,C19,C21,0.0024319123567119
FRA,C19,C22,0.0039541568032239
FRA,C19,C23,0.0060937488230553
FRA,C19,C24,0.0047312558590186
FRA,C19,C25,0.0014005465261164
FRA,C19,C26,0.0017951567815162
FRA,C19,C27,0.0019113661651254
FRA,C19,C28,0.0018447915385561
FRA,C19,C29,0.0017489176010452
FRA,C19,C30,0.0007777430483712
FRA,C19,C31T33,0.001621415513561
FRA,C19,D,0.0031082312293302
FRA,C19,E,0.0050894285298822
FRA,C19,F,0.0030640524026528
FRA,C19,G,0.004881565307586
FRA,C19,H49,0.0329486344457875
FRA,C19,H50,0.0426299578210443
FRA,C19,H51,0.0928179087785123
FRA,C19,H52,0.0050042328293497
FRA,C19,H53,0.0029745885152553
FRA,C19,HFCE,0.0124293417027552
FRA,C19,I,0.0007743442682118
FRA,C19,J58T60,0.002685436048873
FRA,C19,J61,0.0030142647725466
FRA,C19,J62_63,0.001646430894265
FRA,C19,K,0.0008970195284365
FRA,C19,L,0.0002828901473183
FRA,C19,M,0.0020863902830387
FRA,C19,N,0.0026245114578158
FRA,C19,O,0.0027037315837997
FRA,C19,P,0.0010290935261114
FRA,C19,Q,0.0009138753499948
FRA,C19,R,0.0038666491618363
FRA,C19,S,0.0027709774847861
FRA,C19,T,0.0
FRA,C20,A01_02,0.0510887374444945
FRA,C20,A03,0.084261442159174
FRA,C20,B05_06,0.005574912891986
FRA,C20,B07_08,0.0227360061483284
FRA,C20,B09,0.0066707095209217
FRA,C20,C10T12,0.0073906665335981
FRA,C20,C13T15,0.0264456229066789
FRA,C20,C16,0.0031595836590282
FRA,C20,C17_18,0.0444615651302991
FRA,C20,C19,0.0211781337103076
FRA,C20,C20,0.1557679027085235
FRA,C20,C21,0.0772988064740812
FRA,C20,C22,0.1874421774530752
FRA,C20,C23,0.0126771066368381
FRA,C20,C24,0.0143070157226175
FRA,C20,C25,0.0191910083348166
FRA,C20,C26,0.0064194537065103
FRA,C20,C27,0.0236981703516636
FRA,C20,C28,0.0120250289268333
FRA,C20,C29,0.0151424838387375
FRA,C20,C30,0.0062454234223922
FRA,C20,C31T33,0.0141959976575594
FRA,C20,D,0.0217627952930596
FRA,C20,E,0.0044549023755072
FRA,C20,F,0.008221632914198
FRA,C20,G,0.0034451336767366
FRA,C20,H49,0.0009824202129499
FRA,C20,H50,0.0038847689382485
FRA,C20,H51,0.0019842522525772
FRA,C20,H52,0.0009705178820557
FRA,C20,H53,0.0014093883679424
FRA,C20,HFCE,0.0120395644048942
FRA,C20,I,0.0021349152705502
FRA,C20,J58T60,0.0098609339137443
FRA,C20,J61,0.0018603665393061
FRA,C20,J62_63,0.0016934938204834
FRA,C20,K,0.0002344814891108
FRA,C20,L,0.0027306721654561
FRA,C20,M,0.0026403555565617
FRA,C20,N,0.0026133960810601
FRA,C20,O,0.0014388957785028
FRA,C20,P,0.0013976497072717
FRA,C20,Q,0.0036820750803691
FRA,C20,R,0.0046183976965561
FRA,C20,S,0.0039030730058566
FRA,C20,T,0.0
FRA,C21,A01_02,0.0052873617806061
FRA,C21,A03,0.010080481261686
FRA,C21,B05_06,0.0003484320557491
FRA,C21,B07_08,0.0023483198838649
FRA,C21,B09,0.0
FRA,C21,C10T12,0.0005934425138782
FRA,C21,C13T15,0.0007634465094897
FRA,C21,C16,0.0001151931542354
FRA,C21,C17_18,0.0009938558138639
FRA,C21,C19,0.0005823542225126
FRA,C21,C20,0.004933632979844
FRA,C21,C21,0.0774670334210868
FRA,C21,C22,0.0035524855875758
FRA,C21,C23,0.0003954534155876
FRA,C21,C24,0.0004435552367829
FRA,C21,C25,0.0004890176418004
FRA,C21,C26,0.000367114613856
FRA,C21,C27,0.000678673493414
FRA,C21,C28,0.0004367261601479
FRA,C21,C29,0.0004748038018462
FRA,C21,C30,0.0003448483327683
FRA,C21,C31T33,0.0006556933065829
FRA,C21,D,0.0004407579854106
FRA,C21,E,0.0002335408762629
FRA,C21,F,0.0002552853017601
FRA,C21,G,0.0002643461759118
FRA,C21,H49,9.68583308542213e-05
FRA,C21,H50,0.0002613762742093
FRA,C21,H51,0.0001623479115745
FRA,C21,H52,0.0001687857186183
FRA,C21,H53,0.0001062353041162
FRA,C21,HFCE,0.0044575104422439
FRA,C21,I,0.0001301510846288
FRA,C21,J58T60,0.0003058147813663
FRA,C21,J61,0.0001648426047486
FRA,C21,J62_63,0.0001589338164098
FRA,C21,K,0.0001143188568406
FRA,C21,L,7.642906971972588e-05
FRA,C21,M,0.0007737590729795
FRA,C21,N,0.0003877556429775
FRA,C21,O,0.0004083858726187
FRA,C21,P,0.0001101933176779
FRA,C21,Q,0.0122284299491859
FRA,C21,R,0.0002409911570632
FRA,C21,S,0.0003249155015346
FRA,C21,T,0.0
FRA,C22,A01_02,0.0039773941538242
FRA,C22,A03,0.0073977725388179
FRA,C22,B05_06,0.0
FRA,C22,B07_08,0.0094573246232014
FRA,C22,B09,0.0018192844147968
FRA,C22,C10T12,0.0123581988966047
FRA,C22,C13T15,0.0187783214027713
FRA,C22,C16,0.001620932241741
FRA,C22,C17_18,0.0137059650609603
FRA,C22,C19,0.0204757522816282
FRA,C22,C20,0.0167658660486457
FRA,C22,C21,0.011008535304048
FRA,C22,C22,0.0512328343172083
FRA,C22,C23,0.0066925782809451
FRA,C22,C24,0.0059769854601964
FRA,C22,C25,0.0112200207734694
FRA,C22,C26,0.0239938028358761
FRA,C22,C27,0.0381396035992779
FRA,C22,C28,0.0245470221048694
FRA,C22,C29,0.0429082586826756
FRA,C22,C30,0.0101414758628178
FRA,C22,C31T33,0.0220084883774797
FRA,C22,D,0.0023546533985694
FRA,C22,E,0.003679370409049
FRA,C22,F,0.0134452354865432
FRA,C22,G,0.0079314130618666
FRA,C22,H49,0.0035718980378281
FRA,C22,H50,0.0044895218864191
FRA,C22,H51,0.0035987120399015
FRA,C22,H52,0.0008346981241049
FRA,C22,H53,0.0088104478880421
FRA,C22,HFCE,0.0043551176278382
FRA,C22,I,0.0004659190088393
FRA,C22,J58T60,0.0070671884631373
FRA,C22,J61,0.0065068674606585
FRA,C22,J62_63,0.0011264241357202
FRA,C22,K,0.0005171741255155
FRA,C22,L,0.0003134104805285
FRA,C22,M,0.0019922940105246
FRA,C22,N,0.0026180987404568
FRA,C22,O,5.577405593052275e-05
FRA,C22,P,0.0001201542955471
FRA,C22,Q,0.0014754874001866
FRA,C22,R,0.001125824360609
FRA,C22,S,0.0033472427139231
FRA,C22,T,0.0
FRA,C23,A01_02,0.0031096890113108
FRA,C23,A03,0.0082513616779123
FRA,C23,B05_06,0.0
FRA,C23,B07_08,0.0565731608385636
FRA,C23,B09,0.0024257125530624
FRA,C23,C10T12,0.0046225201239253
FRA,C23,C13T15,0.0012272607867603
FRA,C23,C16,0.0014481425103879
FRA,C23,C17_18,0.0024345615285348
FRA,C23,C19,0.0011291448283833
FRA,C23,C20,0.0059592785073858
FRA,C23,C21,0.0068884507773855
FRA,C23,C22,0.0040759751227237
FRA,C23,C23,0.118692518021377
FRA,C23,C24,0.0065086225879717
FRA,C23,C25,0.0058349585019629
FRA,C23,C26,0.0100973358930315
FRA,C23,C27,0.0057479489748336
FRA,C23,C28,0.0067065074707782
FRA,C23,C29,0.0097847157581916
FRA,C23,C30,0.0022495850814208
FRA,C23,C31T33,0.0063466835816534
FRA,C23,D,0.0021719902737432
FRA,C23,E,0.0077993839808584
FRA,C23,F,0.0433503995120655
FRA,C23,G,0.0021939088145471
FRA,C23,H49,0.0015200827842223
FRA,C23,H50,0.0007072534478605
FRA,C23,H51,0.0002705798526241
FRA,C23,H52,0.0010074397580034
FRA,C23,H53,7.082353607750927e-05
FRA,C23,HFCE,0.0020224069112768
FRA,C23,I,0.0013233849781586
FRA,C23,J58T60,0.000240510583262
FRA,C23,J61,0.0009272396517111
FRA,C23,J62_63,0.0002769768936462
FRA,C23,K,1.68008543599678e-05
FRA,C23,L,0.0005611637736468
FRA,C23,M,0.0016885446396018
FRA,C23,N,0.0021234644748283
FRA,C23,O,0.0001665735227455
FRA,C23,P,0.0013908015349866
FRA,C23,Q,0.002745514881261
FRA,C23,R,0.0012103511097283
FRA,C23,S,0.001890231691318
FRA,C23,T,0.0
FRA,C24,A01_02,3.957606123208194e-05
FRA,C24,A03,8.129420372327454e-05
FRA,C24,B05_06,0.0031358885017421
FRA,C24,B07_08,0.0044831561419239
FRA,C24,B09,0.0042449969678593
FRA,C24,C10T12,0.0004931045843165
FRA,C24,C13T15,0.0012559926446443
FRA,C24,C16,0.0002879828855885
FRA,C24,C17_18,0.0012827673876615
FRA,C24,C19,0.0051878425776509
FRA,C24,C20,0.0046541774937378
FRA,C24,C21,0.0071570236226049
FRA,C24,C22,0.0061337170061666
FRA,C24,C23,0.0208046158829156
FRA,C24,C24,0.2422975532108995
FRA,C24,C25,0.1202631306126999
FRA,C24,C26,0.0242565087063419
FRA,C24,C27,0.0659051980849403
FRA,C24,C28,0.0567995000238442
FRA,C24,C29,0.0412703563590404
FRA,C24,C30,0.0111496069462726
FRA,C24,C31T33,0.0377130557802572
FRA,C24,D,0.000419311707597
FRA,C24,E,0.030761299192301
FRA,C24,F,0.0140293735292406
FRA,C24,G,0.0005299256932355
FRA,C24,H49,0.0002836565403587
FRA,C24,H50,0.0005278775734031
FRA,C24,H51,6.313529894564051e-05
FRA,C24,H52,0.0006553632980729
FRA,C24,H53,0.0005878353494433
FRA,C24,HFCE,0.0001760620631422
FRA,C24,I,7.437204835933074e-05
FRA,C24,J58T60,0.0016564967324009
FRA,C24,J61,0.0001648426047486
FRA,C24,J62_63,0.0001527616293647
FRA,C24,K,2.556651750429883e-06
FRA,C24,L,3.3341540481759613e-06
FRA,C24,M,0.0006089137233871
FRA,C24,N,0.0015847962166677
FRA,C24,O,2.358231895048948e-05
FRA,C24,P,2.490244467299355e-06
FRA,C24,Q,3.661982785440216e-05
FRA,C24,R,7.733298323672705e-05
FRA,C24,S,0.0041932491141454
FRA,C24,T,0.0
FRA,C25,A01_02,0.0059156317526654
FRA,C25,A03,0.0098365986505162
FRA,C25,B05_06,0.0073170731707317
FRA,C25,B07_08,0.0251697194825156
FRA,C25,B09,0.0072771376591873
FRA,C25,C10T12,0.0077850428877578
FRA,C25,C13T15,0.0101505549353122
FRA,C25,C16,0.0058337104537787
FRA,C25,C17_18,0.0137637473757198
FRA,C25,C19,0.0157413458161627
FRA,C25,C20,0.0132002481447667
FRA,C25,C21,0.0048667760633713
FRA,C25,C22,0.0086853169416358
FRA,C25,C23,0.0116941224323774
FRA,C25,C24,0.0362425523615384
FRA,C25,C25,0.131344270375898
FRA,C25,C26,0.0336937118992287
FRA,C25,C27,0.0637814579014676
FRA,C25,C28,0.0786684369972315
FRA,C25,C29,0.05993629431004
FRA,C25,C30,0.0226646063813083
FRA,C25,C31T33,0.0485177411365588
FRA,C25,D,0.0036192442627509
FRA,C25,E,0.0147329041468928
FRA,C25,F,0.038913088244772
FRA,C25,G,0.0019281237403216
FRA,C25,H49,0.002080477412736
FRA,C25,H50,0.0015118823704265
FRA,C25,H51,0.002272870762043
FRA,C25,H52,0.0040060235403331
FRA,C25,H53,0.0019122354740927
FRA,C25,HFCE,0.0033185392087461
FRA,C25,I,0.0016263417045636
FRA,C25,J58T60,0.0020722137008207
FRA,C25,J61,0.0050203403999788
FRA,C25,J62_63,0.0015661924626794
FRA,C25,K,6.428152972509421e-05
FRA,C25,L,0.001170544544298
FRA,C25,M,0.0014897397330118
FRA,C25,N,0.0052242270751767
FRA,C25,O,0.003167517189826
FRA,C25,P,0.0002863781137394
FRA,C25,Q,0.0020471455978429
FRA,C25,R,0.0018883635441526
FRA,C25,S,0.004624426289138
FRA,C25,T,0.0
FRA,C26,A01_02,0.0002216259428996
FRA,C26,A03,0.0003658239167547
FRA,C26,B05_06,0.002787456445993
FRA,C26,B07_08,0.0023483198838649
FRA,C26,B09,0.0006064281382656
FRA,C26,C10T12,0.0004872023531659
FRA,C26,C13T15,0.0006977736914691
FRA,C26,C16,0.0004854568642777
FRA,C26,C17_18,0.0028621506577553
FRA,C26,C19,0.0030806982916127
FRA,C26,C20,0.0017454994498677
FRA,C26,C21,0.0006492969884425
FRA,C26,C22,0.0022552851042534
FRA,C26,C23,0.0043763511325032
FRA,C26,C24,0.0048382124409379
FRA,C26,C25,0.0067621359508165
FRA,C26,C26,0.0923411134687278
FRA,C26,C27,0.0621978864168348
FRA,C26,C28,0.0254882422776022
FRA,C26,C29,0.0197965858532378
FRA,C26,C30,0.0545359295276751
FRA,C26,C31T33,0.0163293766043401
FRA,C26,D,0.0021793855419548
FRA,C26,E,0.0019366267003318
FRA,C26,F,0.0053726237952938
FRA,C26,G,0.0028118128618186
FRA,C26,H49,0.0004101653806581
FRA,C26,H50,0.0022857611430855
FRA,C26,H51,0.0005050823915651
FRA,C26,H52,0.0032333014222834
FRA,C26,H53,0.0114804951981642
FRA,C26,HFCE,0.0089257364115768
FRA,C26,I,0.0006562239561117
FRA,C26,J58T60,0.0028240083716796
FRA,C26,J61,0.0224509740431769
FRA,C26,J62_63,0.0103515291979165
FRA,C26,K,0.0011727726815186
FRA,C26,L,0.000210051705035
FRA,C26,M,0.0052946250982822
FRA,C26,N,0.0040135060377871
FRA,C26,O,0.0026236265638727
FRA,C26,P,0.0009618569254943
FRA,C26,Q,0.0071016540495696
FRA,C26,R,0.0054007197362765
FRA,C26,S,0.0138589744113716
FRA,C26,T,0.0
FRA,C27,A01_02,0.0006154077521588
FRA,C27,A03,0.0012194130558491
FRA,C27,B05_06,0.0010452961672473
FRA,C27,B07_08,0.004525852867085
FRA,C27,B09,0.0012128562765312
FRA,C27,C10T12,0.001093522462282
FRA,C27,C13T15,0.0014119655874433
FRA,C27,C16,0.0009215452338832
FRA,C27,C17_18,0.0053198251121939
FRA,C27,C19,0.0051122698922866
FRA,C27,C20,0.0032247114731839
FRA,C27,C21,0.0009621400828739
FRA,C27,C22,0.0025285532263746
FRA,C27,C23,0.003528950956244
FRA,C27,C24,0.0088176264447003
FRA,C27,C25,0.0121139450226806
FRA,C27,C26,0.0294331615641103
FRA,C27,C27,0.0681351252775866
FRA,C27,C28,0.0249084506511988
FRA,C27,C29,0.0186983885705502
FRA,C27,C30,0.0107079075923863
FRA,C27,C31T33,0.0108331937609356
FRA,C27,D,0.0027140634336526
FRA,C27,E,0.0029941702909566
FRA,C27,F,0.0118761111748625
FRA,C27,G,0.0035203675028515
FRA,C27,H49,0.0009952687670428
FRA,C27,H50,0.0010557551468063
FRA,C27,H51,0.000739584930506
FRA,C27,H52,0.0045308416341622
FRA,C27,H53,0.0092141420436839
FRA,C27,HFCE,0.0063203750613073
FRA,C27,I,0.0010171471319731
FRA,C27,J58T60,0.0017074658626286
FRA,C27,J61,0.0148373062363489
FRA,C27,J62_63,0.0054153226086439
FRA,C27,K,0.0002797707486898
FRA,C27,L,0.0013223767901842
FRA,C27,M,0.0034292077659846
FRA,C27,N,0.0024526506325931
FRA,C27,O,0.0003290294977377
FRA,C27,P,0.0001326055178836
FRA,C27,Q,0.0003286062428704
FRA,C27,R,0.0013794046079667
FRA,C27,S,0.0048103842176892
FRA,C27,T,0.0
FRA,C28,A01_02,0.0021113828667315
FRA,C28,A03,0.0360539793512722
FRA,C28,B05_06,0.0048780487804878
FRA,C28,B07_08,0.0789889415481832
FRA,C28,B09,0.0084899939357186
FRA,C28,C10T12,0.0050802113213378
FRA,C28,C13T15,0.0056889078610363
FRA,C28,C16,0.0033076891430452
FRA,C28,C17_18,0.0073537625917294
FRA,C28,C19,0.0087353133376898
FRA,C28,C20,0.0059856146264953
FRA,C28,C21,0.0023905934574474
FRA,C28,C22,0.0107331816640382
FRA,C28,C23,0.012164900308077
FRA,C28,C24,0.014156018195202
FRA,C28,C25,0.0188076185036451
FRA,C28,C26,0.0220976053349499
FRA,C28,C27,0.0209326912866633
FRA,C28,C28,0.0807090023317161
FRA,C28,C29,0.0671796141792128
FRA,C28,C30,0.0323320992165339
FRA,C28,C31T33,0.056300535601652
FRA,C28,D,0.0059605861785395
FRA,C28,E,0.016275155216554
FRA,C28,F,0.0176791359284195
FRA,C28,G,0.0048501151015872
FRA,C28,H49,0.0027051148117143
FRA,C28,H50,0.0041102700375664
FRA,C28,H51,0.0026516825557169
FRA,C28,H52,0.0067514287447353
FRA,C28,H53,0.0022805178616957
FRA,C28,HFCE,0.0013382502719995
FRA,C28,I,0.0012665122352956
FRA,C28,J58T60,0.003801978557924
FRA,C28,J61,0.004416898721881
FRA,C28,J62_63,0.0013262486913034
FRA,C28,K,0.0002001493084622
FRA,C28,L,0.0001733760105051
FRA,C28,M,0.0024271650042991
FRA,C28,N,0.0036193376774505
FRA,C28,O,0.0014639753875454
FRA,C28,P,0.0005285543881842
FRA,C28,Q,0.0015150238514984
FRA,C28,R,0.0032479852959425
FRA,C28,S,0.0079410165972559
FRA,C28,T,0.0
FRA,C29,A01_02,0.0017710287401356
FRA,C29,A03,0.0014226485651573
FRA,C29,B05_06,0.0003484320557491
FRA,C29,B07_08,0.0027539387728961
FRA,C29,B09,0.0006064281382656
FRA,C29,C10T12,0.0015844807807256
FRA,C29,C13T15,0.0007347146516057
FRA,C29,C16,0.0003538075451516
FRA,C29,C17_18,0.0009938558138639
FRA,C29,C19,0.0015559082280872
FRA,C29,C20,0.0010461291757379
FRA,C29,C21,0.0003335025440636
FRA,C29,C22,0.0008790673326068
FRA,C29,C23,0.0022936298104083
FRA,C29,C24,0.0014879548014067
FRA,C29,C25,0.0020304012487554
FRA,C29,C26,0.0024115051699168
FRA,C29,C27,0.0029039838595746
FRA,C29,C28,0.0238040856485257
FRA,C29,C29,0.1402174191509893
FRA,C29,C30,0.0031902139380358
FRA,C29,C31T33,0.0056185314132922
FRA,C29,D,0.0005635194377229
FRA,C29,E,0.0060346081140031
FRA,C29,F,0.001132749928869
FRA,C29,G,0.0127233555602011
FRA,C29,H49,0.0048498349949149
FRA,C29,H50,0.0033466413148764
FRA,C29,H51,0.0040226204756793
FRA,C29,H52,0.0079316101366373
FRA,C29,H53,0.0022946825689113
FRA,C29,HFCE,0.0305553254941811
FRA,C29,I,0.000284363714315
FRA,C29,J58T60,0.0020403579944284
FRA,C29,J61,0.0020693634131838
FRA,C29,J62_63,0.0007013147529929
FRA,C29,K,0.0001793308584944
FRA,C29,L,0.0001095141368131
FRA,C29,M,0.0008607804377858
FRA,C29,N,0.0020584822722566
FRA,C29,O,0.0009859655256442
FRA,C29,P,0.0002396860299775
FRA,C29,Q,0.0009394768225655
FRA,C29,R,0.0019279292565063
FRA,C29,S,0.0033676776511265
FRA,C29,T,0.0
FRA,C30,A01_02,1.879862908523892e-05
FRA,C30,A03,0.0118283066417364
FRA,C30,B05_06,0.0
FRA,C30,B07_08,4.269672516118014e-05
FRA,C30,B09,0.0
FRA,C30,C10T12,7.941183730016924e-05
FRA,C30,C13T15,2.87318578840218e-05
FRA,C30,C16,8.228082445386103e-06
FRA,C30,C17_18,4.237369749032146e-05
FRA,C30,C19,4.445452080249301e-05
FRA,C30,C20,4.5356649577451606e-05
FRA,C30,C21,1.7708099684795822e-05
FRA,C30,C22,7.901728832420794e-05
FRA,C30,C23,9.038935213431858e-05
FRA,C30,C24,0.0003334528730425
FRA,C30,C25,0.0003051470084834
FRA,C30,C26,5.7256407665622575e-05
FRA,C30,C27,0.0001338879680884
FRA,C30,C28,0.0006174404333126
FRA,C30,C29,0.0049632368639038
FRA,C30,C30,0.3160762422977758
FRA,C30,C31T33,0.0028852881190035
FRA,C30,D,1.9227697350127493e-05
FRA,C30,E,7.490933766926206e-05
FRA,C30,F,4.81017871543077e-05
FRA,C30,G,0.0003593134646143
FRA,C30,H49,0.0025637807166923
FRA,C30,H50,0.008686917348722
FRA,C30,H51,0.0067464576587627
FRA,C30,H52,0.0012012796067292
FRA,C30,H53,0.0001487294257627
FRA,C30,HFCE,0.0037567596186552
FRA,C30,I,2.51552516509501e-05
FRA,C30,J58T60,4.778355958848799e-05
FRA,C30,J61,0.0001236319535614
FRA,C30,J62_63,3.394702874773269e-05
FRA,C30,K,1.1687550859108037e-05
FRA,C30,L,4.103574213139645e-06
FRA,C30,M,0.0002061156445547
FRA,C30,N,0.000169295738279
FRA,C30,O,0.0109227312218298
FRA,C30,P,7.470733401898065e-06
FRA,C30,Q,1.976822565591621e-05
FRA,C30,R,2.158129764745871e-05
FRA,C30,S,0.0002309147903988
FRA,C30,T,0.0
FRA,C31T33,A01_02,0.0365851004044673
FRA,C31T33,A03,0.0018291195837736
FRA,C31T33,B05_06,0.0059233449477351
FRA,C31T33,B07_08,0.0300584945134708
FRA,C31T33,B09,0.0072771376591873
FRA,C31T33,C10T12,0.0021366076765491
FRA,C31T33,C13T15,0.0016171931437577
FRA,C31T33,C16,0.0028633726909943
FRA,C31T33,C17_18,0.0028891157379764
FRA,C31T33,C19,0.0033607617726684
FRA,C31T33,C20,0.0042459676475407
FRA,C31T33,C21,0.0026178474034023
FRA,C31T33,C22,0.001902999693808
FRA,C31T33,C23,0.0036193403083783
FRA,C31T33,C24,0.0051748110958016
FRA,C31T33,C25,0.0112043722089318
FRA,C31T33,C26,0.0157185679162035
FRA,C31T33,C27,0.0088135217614116
FRA,C31T33,C28,0.0203654946174755
FRA,C31T33,C29,0.0343190920658235
FRA,C31T33,C30,0.0832845409628459
FRA,C31T33,C31T33,0.1127578674287913
FRA,C31T33,D,0.0008253119324131
FRA,C31T33,E,0.0033070269365165
FRA,C31T33,F,0.00940625731941
FRA,C31T33,G,0.0079634799385713
FRA,C31T33,H49,0.0021644871894973
FRA,C31T33,H50,0.0026086377171088
FRA,C31T33,H51,0.0222867605278111
FRA,C31T33,H52,0.0078168885935138
FRA,C31T33,H53,0.0021813649111872
FRA,C31T33,HFCE,0.0136437681061712
FRA,C31T33,I,0.0012971360199142
FRA,C31T33,J58T60,0.0023382088491966
FRA,C31T33,J61,0.0059593545234576
FRA,C31T33,J62_63,0.0008980532150536
FRA,C31T33,K,0.000788179211061
FRA,C31T33,L,9.77163609503878e-05
FRA,C31T33,M,0.0024347115725208
FRA,C31T33,N,0.0021499703732458
FRA,C31T33,O,0.0082687845335922
FRA,C31T33,P,0.0003828750868472
FRA,C31T33,Q,0.0147470963393134
FRA,C31T33,R,0.0104471465028406
FRA,C31T33,S,0.0045385995528835
FRA,C31T33,T,0.0
FRA,D,A01_02,0.0134984050847323
FRA,D,A03,0.0134948378180635
FRA,D,B05_06,0.002787456445993
FRA,D,B07_08,0.0273686008283164
FRA,D,B09,0.0066707095209217
FRA,D,C10T12,0.016245086392567
FRA,D,C13T15,0.0061034675247914
FRA,D,C16,0.0055868679804171
FRA,D,C17_18,0.0507829503649916
FRA,D,C19,0.0248634134848343
FRA,D,C20,0.0431648992204508
FRA,D,C21,0.0131689234655931
FRA,D,C22,0.0090606490611758
FRA,D,C23,0.0493525862653379
FRA,D,C24,0.0814348540042656
FRA,D,C25,0.011235669338007
FRA,D,C26,0.0104341382910646
FRA,D,C27,0.0090489799121879
FRA,D,C28,0.0075799597910742
FRA,D,C29,0.0100016225309775
FRA,D,C30,0.0041323102343647
FRA,D,C31T33,0.0027415582456402
FRA,D,D,0.3824773556887361
FRA,D,E,0.0134770711330257
FRA,D,F,0.0011821092790862
FRA,D,G,0.0099826653864582
FRA,D,H49,0.0184001178113575
FRA,D,H50,0.0005586277233101
FRA,D,H51,0.0011183967241799
FRA,D,H52,0.0064837451441139
FRA,D,H53,0.0055879769965154
FRA,D,HFCE,0.0300857026368307
FRA,D,I,0.0119542130671688
FRA,D,J58T60,0.0278387018162531
FRA,D,J61,0.0198797237708923
FRA,D,J62_63,0.0026725569905033
FRA,D,K,0.0024569423321631
FRA,D,L,0.0023736612089129
FRA,D,M,0.0053248113711689
FRA,D,N,0.0023000279594476
FRA,D,O,0.0088575938623084
FRA,D,P,0.0089841794768992
FRA,D,Q,0.0074059550969615
FRA,D,R,0.0213169267512773
FRA,D,S,0.0069989659921775
FRA,D,T,0.0
FRA,E,A01_02,0.0047985974243899
FRA,E,A03,0.0078855377611576
FRA,E,B05_06,0.0052264808362369
FRA,E,B07_08,0.0052090004696639
FRA,E,B09,0.0018192844147968
FRA,E,C10T12,0.0058909632548551
FRA,E,C13T15,0.0055165167137321
FRA,E,C16,0.003283004895709
FRA,E,C17_18,0.0195265702344035
FRA,E,C19,0.0133630289532293
FRA,E,C20,0.0077925650209518
FRA,E,C21,0.0072219533214492
FRA,E,C22,0.0034273748810625
FRA,E,C23,0.0137655450854556
FRA,E,C24,0.0730702201418118
FRA,E,C25,0.0071142286529128
FRA,E,C26,0.0038058670977737
FRA,E,C27,0.0039196856864528
FRA,E,C28,0.0043496921582555
FRA,E,C29,0.0043859574213712
FRA,E,C30,0.0015246698627503
FRA,E,C31T33,0.0031596815136062
FRA,E,D,0.004169452217693
FRA,E,E,0.1712030880272846
FRA,E,F,0.0046501538156821
FRA,E,G,0.0046745695073191
FRA,E,H49,0.00116625337151
FRA,E,H50,0.004725273035706
FRA,E,H51,0.0033281321872773
FRA,E,H52,0.0032253895917231
FRA,E,H53,0.0057933652511402
FRA,E,HFCE,0.0086199718226285
FRA,E,I,0.0035425156564098
FRA,E,J58T60,0.0080451586493817
FRA,E,J61,0.0046332546406136
FRA,E,J62_63,0.0039934050181423
FRA,E,K,0.0013517383040487
FRA,E,L,0.0032241269645861
FRA,E,M,0.0052587788992292
FRA,E,N,0.0050066221994594
FRA,E,O,0.0157717051850781
FRA,E,P,0.0049605669788603
FRA,E,Q,0.0047955771025614
FRA,E,R,0.0058683145186381
FRA,E,S,0.0031408498481684
FRA,E,T,0.0
FRA,F,A01_02,0.0042188081273399
FRA,F,A03,0.0051215348345662
FRA,F,B05_06,0.0174216027874564
FRA,F,B07_08,0.0088168737457836
FRA,F,B09,0.0060642813826561
FRA,F,C10T12,0.0009078704642695
FRA,F,C13T15,0.0017813751888093
FRA,F,C16,0.0006993870078578
FRA,F,C17_18,0.0021148327201987
FRA,F,C19,0.0081485136630969
FRA,F,C20,0.0014528759042067
FRA,F,C21,0.001165783229249
FRA,F,C22,0.0017680118262541
FRA,F,C23,0.0028547970382422
FRA,F,C24,0.003730897239891
FRA,F,C25,0.0034818056096191
FRA,F,C26,0.0029200767909467
FRA,F,C27,0.0033194982432975
FRA,F,C28,0.0108152472648141
FRA,F,C29,0.0027565947344599
FRA,F,C30,0.0042247589363409
FRA,F,C31T33,0.0033984394024163
FRA,F,D,0.0091501653581972
FRA,F,E,0.009694149580728
FRA,F,F,0.1634687361962804
FRA,F,G,0.0014401316550845
FRA,F,H49,0.0012650884029939
FRA,F,H50,0.0081641648003034
FRA,F,H51,0.0032379389030692
FRA,F,H52,0.0033730770955142
FRA,F,H53,0.0027196237853763
FRA,F,HFCE,0.0141220229158988
FRA,F,I,0.0007765316813988
FRA,F,J58T60,0.0079495915302047
FRA,F,J61,0.0087881713656621
FRA,F,J62_63,0.0015638778925375
FRA,F,K,0.0076582677004305
FRA,F,L,0.0170475296483236
FRA,F,M,0.006022161440904
FRA,F,N,0.0048197983670656
FRA,F,O,0.0230833470272989
FRA,F,P,0.0104534237126058
FRA,F,Q,0.005321541532718
FRA,F,R,0.0222161474865881
FRA,F,S,0.0031020234674818
FRA,F,T,0.0
FRA,G,A01_02,0.1182958152272853
FRA,G,A03,0.1292171368181448
FRA,G,B05_06,0.0149825783972125
FRA,G,B07_08,0.1123350838990649
FRA,G,B09,0.018799272286234
FRA,G,C10T12,0.1511706270637687
FRA,G,C13T15,0.2177177053917383
FRA,G,C16,0.0702513679187065
FRA,G,C17_18,0.1020204549394248
FRA,G,C19,0.1279934562945378
FRA,G,C20,0.1279642765175457
FRA,G,C21,0.1190397487810924
FRA,G,C22,0.1218677053050232
FRA,G,C23,0.1035297042008451
FRA,G,C24,0.0851374392077663
FRA,G,C25,0.0835594224897257
FRA,G,C26,0.099878751136708
FRA,G,C27,0.1140356141995115
FRA,G,C28,0.1107050617565929
FRA,G,C29,0.1428647065353839
FRA,G,C30,0.1018843393366292
FRA,G,C31T33,0.095756167615165
FRA,G,D,0.0466471332982304
FRA,G,E,0.0372277376058094
FRA,G,F,0.0626712840190458
FRA,G,G,0.0644953279999539
FRA,G,H49,0.0454453358266117
FRA,G,H50,0.0555655208819143
FRA,G,H51,0.0774309344926176
FRA,G,H52,0.0260998103797942
FRA,G,H53,0.0208362843140032
FRA,G,HFCE,0.1311384808493067
FRA,G,I,0.1063990585373643
FRA,G,J58T60,0.0603283367657856
FRA,G,J61,0.0340444133075079
FRA,G,J62_63,0.0179248027021834
FRA,G,K,0.0094738556792001
FRA,G,L,0.0061627990479707
FRA,G,M,0.0206533064109512
FRA,G,N,0.0214766179499654
FRA,G,O,0.0166027011861906
FRA,G,P,0.0176732649844235
FRA,G,Q,0.039039004977704
FRA,G,R,0.0497808599068047
FRA,G,S,0.0364620584520943
FRA,G,T,0.0
FRA,H49,A01_02,0.0163369980766034
FRA,H49,A03,0.0182099016340134
FRA,H49,B05_06,0.005574912891986
FRA,H49,B07_08,0.0180820631057597
FRA,H49,B09,0.007883565797453
FRA,H49,C10T12,0.0205209845780065
FRA,H49,C13T15,0.0176495698430419
FRA,H49,C16,0.012745299707903
FRA,H49,C17_18,0.0148847242820547
FRA,H49,C19,0.0359414800688156
FRA,H49,C20,0.0192502399513074
FRA,H49,C21,0.0127173669236308
FRA,H49,C22,0.0162841461688138
FRA,H49,C23,0.0208121483289268
FRA,H49,C24,0.0199190904915598
FRA,H49,C25,0.0144299325742475
FRA,H49,C26,0.0130847731635849
FRA,H49,C27,0.0155864062160951
FRA,H49,C28,0.0162893837894277
FRA,H49,C29,0.0202116121980171
FRA,H49,C30,0.012832760298125
FRA,H49,C31T33,0.0133478726196966
FRA,H49,D,0.0090569849787312
FRA,H49,E,0.0083171396971018
FRA,H49,F,0.0113375597931937
FRA,H49,G,0.0369087695302182
FRA,H49,H49,0.1011774217300676
FRA,H49,H50,0.0080565392756289
FRA,H49,H51,0.0103451696986642
FRA,H49,H52,0.0105240532835415
FRA,H49,H53,0.0039023768378707
FRA,H49,HFCE,0.0229791501887532
FRA,H49,I,0.0120810830320171
FRA,H49,J58T60,0.0131341077455557
FRA,H49,J61,0.0062169210933774
FRA,H49,J62_63,0.0023724343954381
FRA,H49,K,0.0014635005091389
FRA,H49,L,0.0006704214370716
FRA,H49,M,0.0036964034470837
FRA,H49,N,0.0032482550996066
FRA,H49,O,0.0089552920408176
FRA,H49,P,0.0072354052997382
FRA,H49,Q,0.0061469459711707
FRA,H49,R,0.0072764941901348
FRA,H49,S,0.0090199812815975
FRA,H49,T,0.0
FRA,H50,A01_02,0.0002107425260608
FRA,H50,A03,0.0002845297130314
FRA,H50,B05_06,0.0
FRA,H50,B07_08,0.0002988770761282
FRA,H50,B09,0.0006064281382656
FRA,H50,C10T12,0.0002296504484085
FRA,H50,C13T15,0.000455605175018
FRA,H50,C16,9.873698934463323e-05
FRA,H50,C17_18,0.0002889115737976
FRA,H50,C19,0.0012625083907908
FRA,H50,C20,0.0003687056675328
FRA,H50,C21,0.0002361079957972
FRA,H50,C22,0.0003522854104454
FRA,H50,C23,0.0002523369413749
FRA,H50,C24,0.0004341178913195
FRA,H50,C25,0.000291454514513
FRA,H50,C26,0.0003300663500724
FRA,H50,C27,0.0004108975572371
FRA,H50,C28,0.0003664483872506
FRA,H50,C29,0.0004679720924671
FRA,H50,C30,0.0003844692050438
FRA,H50,C31T33,0.0002898354471127
FRA,H50,D,0.0001981931880705
FRA,H50,E,0.0001189736539452
FRA,H50,F,0.0001776307826286
FRA,H50,G,0.0005288979087257
FRA,H50,H49,0.0003261556038968
FRA,H50,H50,0.0483956109286032
FRA,H50,H51,0.0002345025389409
FRA,H50,H52,0.0229007935566051
FRA,H50,H53,6.374118246975835e-05
FRA,H50,HFCE,0.0008292627352737
FRA,H50,I,0.0001345259110029
FRA,H50,J58T60,0.0001322011815281
FRA,H50,J61,0.0001030266279679
FRA,H50,J62_63,5.014901974096874e-05
FRA,H50,K,1.862703418170343e-05
FRA,H50,L,1.3336616192703844e-05
FRA,H50,M,5.494844986413819e-05
FRA,H50,N,0.0002612113537588
FRA,H50,O,5.1282185654239033e-05
FRA,H50,P,3.05054947244171e-05
FRA,H50,Q,7.680441771233018e-05
FRA,H50,R,8.992207353107797e-05
FRA,H50,S,9.604420485615848e-05
FRA,H50,T,0.0
FRA,H51,A01_02,0.0003265025051646
FRA,H51,A03,0.0008535891390943
FRA,H51,B05_06,0.0
FRA,H51,B07_08,0.0005764057896759
FRA,H51,B09,0.0
FRA,H51,C10T12,0.0005301276706254
FRA,H51,C13T15,0.0007059827937216
FRA,H51,C16,0.00021393014358
FRA,H51,C17_18,0.0004699628267108
FRA,H51,C19,0.0017070535988157
FRA,H51,C20,0.0006920546854882
FRA,H51,C21,0.0006227348389153
FRA,H51,C22,0.0005267819221613
FRA,H51,C23,0.0006214267959234
FRA,H51,C24,0.0006700515279062
FRA,H51,C25,0.0004792372889644
FRA,H51,C26,0.0004748913812266
FRA,H51,C27,0.000655589360985
FRA,H51,C28,0.0005597122627183
FRA,H51,C29,0.0006900026472873
FRA,H51,C30,0.0005811061267075
FRA,H51,C31T33,0.0004466316725999
FRA,H51,D,0.0002987688357481
FRA,H51,E,0.0002643858976562
FRA,H51,F,0.0003244512702172
FRA,H51,G,0.0004238583318276
FRA,H51,H49,0.0002806914894142
FRA,H51,H50,0.0007585036977055
FRA,H51,H51,0.0074950619176896
FRA,H51,H52,0.0007292070499684
FRA,H51,H53,0.000254964729879
FRA,H51,HFCE,0.002411142421782
FRA,H51,I,0.0004451385835624
FRA,H51,J58T60,0.0003440416290371
FRA,H51,J61,0.0002281303905003
FRA,H51,J62_63,0.0002507450987048
FRA,H51,K,0.0005244788448024
FRA,H51,L,4.847347039271205e-05
FRA,H51,M,0.0003598769720715
FRA,H51,N,0.0003407290490111
FRA,H51,O,0.0001568411371469
FRA,H51,P,0.0001326055178836
FRA,H51,Q,0.0002184226900342
FRA,H51,R,0.0003794711503011
FRA,H51,S,0.0003760028445432
FRA,H51,T,0.0
FRA,H52,A01_02,0.0019174601666943
FRA,H52,A03,0.0038208275749939
FRA,H52,B05_06,0.0094076655052264
FRA,H52,B07_08,0.0259382605354169
FRA,H52,B09,0.0036385688295936
FRA,H52,C10T12,0.0153463375582577
FRA,H52,C13T15,0.0087057529388586
FRA,H52,C16,0.0066647467807627
FRA,H52,C17_18,0.023690749051407
FRA,H52,C19,0.0270683577166379
FRA,H52,C20,0.012822763770864
FRA,H52,C21,0.0126819507242612
FRA,H52,C22,0.009347086731351
FRA,H52,C23,0.0275800510699839
FRA,H52,C24,0.0245213692959111
FRA,H52,C25,0.0116190591691785
FRA,H52,C26,0.0104341382910646
FRA,H52,C27,0.0106464018762782
FRA,H52,C28,0.0119848701994633
FRA,H52,C29,0.0118188572258136
FRA,H52,C30,0.0092375329990505
FRA,H52,C31T33,0.0084064158164628
FRA,H52,D,0.0033618889289876
FRA,H52,E,0.0088525211398557
FRA,H52,F,0.0083571353342209
FRA,H52,G,0.0263676060411529
FRA,H52,H49,0.1018494999441582
FRA,H52,H50,0.2413989268197682
FRA,H52,H51,0.0486412381734056
FRA,H52,H52,0.1676121304186149
FRA,H52,H53,0.0029179296863933
FRA,H52,HFCE,0.0089802814209949
FRA,H52,I,0.0112203359429172
FRA,H52,J58T60,0.0169950193603055
FRA,H52,J61,0.0048922930195044
FRA,H52,J62_63,0.0071311906071657
FRA,H52,K,0.001052244813284
FRA,H52,L,0.0028476240305305
FRA,H52,M,0.0083795206891526
FRA,H52,N,0.0109948176693449
FRA,H52,O,0.002518816257426
FRA,H52,P,0.0018820022561614
FRA,H52,Q,0.0018821943378616
FRA,H52,R,0.0099615673057728
FRA,H52,S,0.0040052476918738
FRA,H52,T,0.0
FRA,H53,A01_02,0.0001632512525823
FRA,H53,A03,4.064710186163727e-05
FRA,H53,B05_06,0.0006968641114982
FRA,H53,B07_08,0.0002775287135476
FRA,H53,B09,0.0006064281382656
FRA,H53,C10T12,0.0003916935218184
FRA,H53,C13T15,0.00039814145925
FRA,H53,C16,7.405274200847493e-05
FRA,H53,C17_18,0.0008128045609507
FRA,H53,C19,0.0002444998644137
FRA,H53,C20,0.0016621017393543
FRA,H53,C21,0.0006788104879171
FRA,H53,C22,0.0002337594779591
FRA,H53,C23,0.0004858427677219
FRA,H53,C24,0.0003334528730425
FRA,H53,C25,0.0002934105850802
FRA,H53,C26,0.0004681553332659
FRA,H53,C27,0.0004201312102087
FRA,H53,C28,0.0004793948079785
FRA,H53,C29,0.0003535409603675
FRA,H53,C30,0.0003389785739127
FRA,H53,C31T33,0.0003646700092771
FRA,H53,D,0.0004851295946801
FRA,H53,E,0.0006389325860025
FRA,H53,F,0.0003524320483658
FRA,H53,G,0.0036071125154758
FRA,H53,H49,0.0006127771952001
FRA,H53,H50,0.0026496379169848
FRA,H53,H51,0.0024712959873007
FRA,H53,H52,0.0007964576097304
FRA,H53,H53,0.0710218419785263
FRA,H53,HFCE,0.0012550561102949
FRA,H53,I,0.0010423023836241
FRA,H53,J58T60,0.0038115352698417
FRA,H53,J61,0.0122130708411093
FRA,H53,J62_63,0.0040829017302954
FRA,H53,K,0.0044281208317445
FRA,H53,L,0.0002103081784234
FRA,H53,M,0.0035716492411689
FRA,H53,N,0.0029823410864511
FRA,H53,O,0.0101422687613255
FRA,H53,P,0.0017332101492403
FRA,H53,Q,0.001125492585295
FRA,H53,R,0.0036166657974199
FRA,H53,S,0.0040195521479162
FRA,H53,T,0.0
FRA,I,A01_02,0.0002186577383072
FRA,I,A03,0.000447118120478
FRA,I,B05_06,0.0104529616724738
FRA,I,B07_08,0.0051876521070833
FRA,I,B09,0.0012128562765312
FRA,I,C10T12,0.0015796516825114
FRA,I,C13T15,0.0009604649635515
FRA,I,C16,0.0006747027605216
FRA,I,C17_18,0.0015138966466996
FRA,I,C19,0.0020493534089949
FRA,I,C20,0.0019927663459512
FRA,I,C21,0.0034265172890079
FRA,I,C22,0.0017943509223622
FRA,I,C23,0.0028209010311918
FRA,I,C24,0.0031615107302617
FRA,I,C25,0.0019834555551426
FRA,I,C26,0.0017783166616146
FRA,I,C27,0.0016620575348916
FRA,I,C28,0.0021811208802793
FRA,I,C29,0.001258742453096
FRA,I,C30,0.0021923549325784
FRA,I,C31T33,0.0016665538208983
FRA,I,D,0.0007979494400302
FRA,I,E,0.0026152171709827
FRA,I,F,0.0007435341609146
FRA,I,G,0.0118768722379576
FRA,I,H49,0.006125795251372
FRA,I,H50,0.0179580875456767
FRA,I,H51,0.0050057272735472
FRA,I,H52,0.003409998971462
FRA,I,H53,0.0035907532791297
FRA,I,HFCE,0.0427064355595361
FRA,I,I,0.0096639914603389
FRA,I,J58T60,0.0065272342397874
FRA,I,J61,0.0040813262764999
FRA,I,J62_63,0.0060657168185153
FRA,I,K,0.0024423328935892
FRA,I,L,0.0013644384258689
FRA,I,M,0.0060148507029392
FRA,I,N,0.0082805281685022
FRA,I,O,0.0011970834286296
FRA,I,P,0.0031601202290028
FRA,I,Q,0.0073476226278129
FRA,I,R,0.0071182313407201
FRA,I,S,0.0035945054540847
FRA,I,T,0.0
FRA,J58T60,A01_02,0.0016948448222639
FRA,J58T60,A03,0.0021136492968051
FRA,J58T60,B05_06,0.0003484320557491
FRA,J58T60,B07_08,0.0016224755561248
FRA,J58T60,B09,0.0006064281382656
FRA,J58T60,C10T12,0.0017068179354853
FRA,J58T60,C13T15,0.0010302423326984
FRA,J58T60,C16,0.0003291232978154
FRA,J58T60,C17_18,0.0012789152333442
FRA,J58T60,C19,0.0009913358138955
FRA,J58T60,C20,0.001814265983098
FRA,J58T60,C21,0.0029572526473609
FRA,J58T60,C22,0.000790172883242
FRA,J58T60,C23,0.0009264908593767
FRA,J58T60,C24,0.000909130946314
FRA,J58T60,C25,0.0008508906967327
FRA,J58T60,C26,0.0020915428917853
FRA,J58T60,C27,0.0012234590187396
FRA,J58T60,C28,0.0011194245254367
FRA,J58T60,C29,0.0011528509577202
FRA,J58T60,C30,0.0016479347987186
FRA,J58T60,C31T33,0.0009098932479031
FRA,J58T60,D,0.0011847219674963
FRA,J58T60,E,0.0018771398733591
FRA,J58T60,F,0.0008828092701261
FRA,J58T60,G,0.0049781770515041
FRA,J58T60,H49,0.0010654416393964
FRA,J58T60,H50,0.0036695178888997
FRA,J58T60,H51,0.0033732288293813
FRA,J58T60,H52,0.0024816775190609
FRA,J58T60,H53,0.0029320943936088
FRA,J58T60,HFCE,0.0104353607036172
FRA,J58T60,I,0.0012238576781483
FRA,J58T60,J58T60,0.0603299295511053
FRA,J58T60,J61,0.0124220677149871
FRA,J58T60,J62_63,0.0190072500052077
FRA,J58T60,K,0.0182482844866754
FRA,J58T60,L,0.0015362755960441
FRA,J58T60,M,0.0128791619913318
FRA,J58T60,N,0.008840572151193
FRA,J58T60,O,0.0066150276268738
FRA,J58T60,P,0.0053590060936282
FRA,J58T60,Q,0.0027973659649486
FRA,J58T60,R,0.0173459679841449
FRA,J58T60,S,0.0108570821361865
FRA,J58T60,T,0.0
FRA,J61,A01_02,0.0004214850521216
FRA,J61,A03,0.0004877652223396
FRA,J61,B05_06,0.0045296167247386
FRA,J61,B07_08,0.0016438239187054
FRA,J61,B09,0.0018192844147968
FRA,J61,C10T12,0.0013773661239833
FRA,J61,C13T15,0.0018716753135877
FRA,J61,C16,0.0002962109680338
FRA,J61,C17_18,0.0022612145842562
FRA,J61,C19,0.0022316169442851
FRA,J61,C20,0.0018713275745019
FRA,J61,C21,0.0034884956379047
FRA,J61,C22,0.0009119912027418
FRA,J61,C23,0.0016722030144848
FRA,J61,C24,0.0011607934920065
FRA,J61,C25,0.001337952267966
FRA,J61,C26,0.0020949109157657
FRA,J61,C27,0.0027285444531138
FRA,J61,C28,0.0028763688478712
FRA,J61,C29,0.001236539397614
FRA,J61,C30,0.0019957180109148
FRA,J61,C31T33,0.0014990669436733
FRA,J61,D,0.0016609772403225
FRA,J61,E,0.0018352787728969
FRA,J61,F,0.0016401766247321
FRA,J61,G,0.0130203852835236
FRA,J61,H49,0.0011237543079719
FRA,J61,H50,0.0044023964616827
FRA,J61,H51,0.0018760203115276
FRA,J61,H52,0.0028495776401119
FRA,J61,H53,0.0359429445593359
FRA,J61,HFCE,0.019065824813187
FRA,J61,I,0.0041418668696586
FRA,J61,J58T60,0.0078237614899551
FRA,J61,J61,0.1547489388257319
FRA,J61,J62_63,0.0154574709309278
FRA,J61,K,0.0292984985879977
FRA,J61,L,0.0018286552587303
FRA,J61,M,0.0110670422970999
FRA,J61,N,0.0121426940766157
FRA,J61,O,0.0063413978625435
FRA,J61,P,0.0036220605776869
FRA,J61,Q,0.0034866613087213
FRA,J61,R,0.0094921740819405
FRA,J61,S,0.0064370052190829
FRA,J61,T,0.0
FRA,J62_63,A01_02,0.0002364669658616
FRA,J62_63,A03,0.0044305341029184
FRA,J62_63,B05_06,0.0017421602787456
FRA,J62_63,B07_08,0.0008752828658041
FRA,J62_63,B09,0.0018192844147968
FRA,J62_63,C10T12,0.0054021512022844
FRA,J62_63,C13T15,0.0051553162146187
FRA,J62_63,C16,0.0016538445715226
FRA,J62_63,C17_18,0.0069454342340954
FRA,J62_63,C19,0.0097622127682274
FRA,J62_63,C20,0.006118758339771
FRA,J62_63,C21,0.0080247205071599
FRA,J62_63,C22,0.0047673763955605
FRA,J62_63,C23,0.0044177795855648
FRA,J62_63,C24,0.0039919971310469
FRA,J62_63,C25,0.0045752490566849
FRA,J62_63,C26,0.0172442827792933
FRA,J62_63,C27,0.0061357623996417
FRA,J62_63,C28,0.0062672713901696
FRA,J62_63,C29,0.0025396879616741
FRA,J62_63,C30,0.00688669457737
FRA,J62_63,C31T33,0.0041812326796593
FRA,J62_63,D,0.0050539262957988
FRA,J62_63,E,0.0062306943214315
FRA,J62_63,F,0.0037748899239331
FRA,J62_63,G,0.0125173875444439
FRA,J62_63,H49,0.0039069487945585
FRA,J62_63,H50,0.0145089457311104
FRA,J62_63,H51,0.0075040812461104
FRA,J62_63,H52,0.0054921290472309
FRA,J62_63,H53,0.0095965891385025
FRA,J62_63,HFCE,0.0018276670891114
FRA,J62_63,I,0.0031695617080197
FRA,J62_63,J58T60,0.0198747752181717
FRA,J62_63,J61,0.0246483848368352
FRA,J62_63,J62_63,0.161868691349757
FRA,J62_63,K,0.0376138257882887
FRA,J62_63,L,0.003650385735976
FRA,J62_63,M,0.0136022175590719
FRA,J62_63,N,0.0144457146374976
FRA,J62_63,O,0.0079255307799795
FRA,J62_63,P,0.0027417591584965
FRA,J62_63,Q,0.003830174738152
FRA,J62_63,R,0.0067927134345376
FRA,J62_63,S,0.0111125188512295
FRA,J62_63,T,0.0
FRA,K,A01_02,0.0202659115554183
FRA,K,A03,0.0430859279733355
FRA,K,B05_06,0.0693379790940766
FRA,K,B07_08,0.0187225139831774
FRA,K,B09,0.0103092783505154
FRA,K,C10T12,0.0176691337992876
FRA,K,C13T15,0.0145752610494516
FRA,K,C16,0.0043197432838277
FRA,K,C17_18,0.0206013212889308
FRA,K,C19,0.0171861177422438
FRA,K,C20,0.0169970386497179
FRA,K,C21,0.0151374738805529
FRA,K,C22,0.0077700333518804
FRA,K,C23,0.0157390459403882
FRA,K,C24,0.0134545088490842
FRA,K,C25,0.0104043393469462
FRA,K,C26,0.0148361456333569
FRA,K,C27,0.0134534323796508
FRA,K,C28,0.0171753857120267
FRA,K,C29,0.0076515145045729
FRA,K,C30,0.0105156729898643
FRA,K,C31T33,0.008813848432691
FRA,K,D,0.0065884444497033
FRA,K,E,0.0277318774483235
FRA,K,F,0.0177193779464309
FRA,K,G,0.038840182180971
FRA,K,H49,0.037008777539146
FRA,K,H50,0.0556885214815422
FRA,K,H51,0.0297457451318174
FRA,K,H52,0.0498893662359993
FRA,K,H53,0.0332799796028216
FRA,K,HFCE,0.0483188416991462
FRA,K,I,0.0168660493786652
FRA,K,J58T60,0.018590990250561
FRA,K,J61,0.0540507126499037
FRA,K,J62_63,0.0114339765009408
FRA,K,K,0.3387833843933212
FRA,K,L,0.0539776457794739
FRA,K,M,0.0378863666056809
FRA,K,N,0.0258419684135193
FRA,K,O,0.0174056229980763
FRA,K,P,0.0060662355223412
FRA,K,Q,0.010086980192886
FRA,K,R,0.0141825094373216
FRA,K,S,0.0361187515070766
FRA,K,T,0.0
FRA,L,A01_02,0.0001919438969755
FRA,L,A03,0.0003658239167547
FRA,L,B05_06,0.0024390243902439
FRA,L,B07_08,0.0142393578412535
FRA,L,B09,0.0018192844147968
FRA,L,C10T12,0.0036658221110456
FRA,L,C13T15,0.0026515400275825
FRA,L,C16,0.0022627226724811
FRA,L,C17_18,0.0076349698568924
FRA,L,C19,0.0037163979390884
FRA,L,C20,0.0045224968981904
FRA,L,C21,0.0106779841099318
FRA,L,C22,0.0031080133407521
FRA,L,C23,0.0081162105770606
FRA,L,C24,0.0089497492811888
FRA,L,C25,0.0032236042947485
FRA,L,C26,0.0033747600282914
FRA,L,C27,0.0016112724435477
FRA,L,C28,0.0047387298296516
FRA,L,C29,0.0013492626023688
FRA,L,C30,0.0052827829700686
FRA,L,C31T33,0.002431529345245
FRA,L,D,0.0012963905174912
FRA,L,E,0.003456845611855
FRA,L,F,0.0022378334703553
FRA,L,G,0.0437614199706341
FRA,L,H49,0.0103549462485681
FRA,L,H50,0.0171585836480952
FRA,L,H51,0.0104894789533971
FRA,L,H52,0.0163590283217161
FRA,L,H53,0.0188815547182639
FRA,L,HFCE,0.2081584153759479
FRA,L,I,0.0154136070224712
FRA,L,J58T60,0.0130608396208533
FRA,L,J61,0.0162325811408285
FRA,L,J62_63,0.0215617639184746
FRA,L,K,0.0309650702933137
FRA,L,L,0.0332594689974968
FRA,L,M,0.0261472080763373
FRA,L,N,0.0319515779987362
FRA,L,O,0.0090181782246855
FRA,L,P,0.0044874205300734
FRA,L,Q,0.0110747433371357
FRA,L,R,0.0130836616987718
FRA,L,S,0.014925678133391
FRA,L,T,0.0
FRA,M,A01_02,0.0191013859536643
FRA,M,A03,0.0459312251036501
FRA,M,B05_06,0.0696864111498257
FRA,M,B07_08,0.0385124460953844
FRA,M,B09,0.0278956943602183
FRA,M,C10T12,0.047235555898958
FRA,M,C13T15,0.0269258553884547
FRA,M,C16,0.0111655078783889
FRA,M,C17_18,0.0527860706099886
FRA,M,C19,0.0355725075461549
FRA,M,C20,0.0373431537795257
FRA,M,C21,0.0845886408443221
FRA,M,C22,0.0404074658167918
FRA,M,C23,0.0478837592931552
FRA,M,C24,0.0500022020472748
FRA,M,C25,0.0327896109180034
FRA,M,C26,0.0426694958068101
FRA,M,C27,0.0315975604688848
FRA,M,C28,0.0418679832036122
FRA,M,C29,0.0344403549073022
FRA,M,C30,0.0428712512418208
FRA,M,C31T33,0.0289776054603097
FRA,M,D,0.0181664763617646
FRA,M,E,0.0361723972309983
FRA,M,F,0.0508203241054403
FRA,M,G,0.0742913477194386
FRA,M,H49,0.0273842221732439
FRA,M,H50,0.1038125060859671
FRA,M,H51,0.0441676512766859
FRA,M,H52,0.0559709266599679
FRA,M,H53,0.0293492733505198
FRA,M,HFCE,0.0101109927690283
FRA,M,I,0.0360901301729587
FRA,M,J58T60,0.0633243659519838
FRA,M,J61,0.0572886923860378
FRA,M,J62_63,0.0598702143369103
FRA,M,K,0.0556513691235359
FRA,M,L,0.0235688784931675
FRA,M,M,0.2277584947237696
FRA,M,N,0.0790585446893722
FRA,M,O,0.0299735017085951
FRA,M,P,0.0163216847997967
FRA,M,Q,0.0260516047910401
FRA,M,R,0.0399397881795636
FRA,M,S,0.0442150736270787
FRA,M,T,0.0
FRA,N,A01_02,0.0070593799222726
FRA,N,A03,0.0143077798552963
FRA,N,B05_06,0.0578397212543554
FRA,N,B07_08,0.0309551257418556
FRA,N,B09,0.0181928441479684
FRA,N,C10T12,0.0313150922196788
FRA,N,C13T15,0.0261993498391015
FRA,N,C16,0.0087464516394454
FRA,N,C17_18,0.0384714651668945
FRA,N,C19,0.0208447248042889
FRA,N,C20,0.0204456071353325
FRA,N,C21,0.0319247523817394
FRA,N,C22,0.0361800408914467
FRA,N,C23,0.0522601104256585
FRA,N,C24,0.0484733520821929
FRA,N,C25,0.0379438568625801
FRA,N,C26,0.0200666868748105
FRA,N,C27,0.0336151136431839
FRA,N,C28,0.0329326663638029
FRA,N,C29,0.0189887362191612
FRA,N,C30,0.0280148915782167
FRA,N,C31T33,0.0209584288067926
FRA,N,D,0.016034420536364
FRA,N,E,0.0850573497076332
FRA,N,F,0.0403888384990356
FRA,N,G,0.0556088975716124
FRA,N,H49,0.0494491429520244
FRA,N,H50,0.1050527621322154
FRA,N,H51,0.0503278525880962
FRA,N,H52,0.057689112529966
FRA,N,H53,0.0412122156435026
FRA,N,HFCE,0.0059790408754942
FRA,N,I,0.0193881367833214
FRA,N,J58T60,0.0319305673023472
FRA,N,J61,0.045636380762868
FRA,N,J62_63,0.0311741737177474
FRA,N,K,0.0580243071838992
FRA,N,L,0.0176335713406376
FRA,N,M,0.0654969014262542
FRA,N,N,0.1076105274588282
FRA,N,O,0.0377960937947432
FRA,N,P,0.0270421872315205
FRA,N,Q,0.0282189800891838
FRA,N,R,0.0421608633957812
FRA,N,S,0.0633912186987849
FRA,N,T,0.0
FRA,O,A01_02,0.0019471422126184
FRA,O,A03,0.0022762377042516
FRA,O,B05_06,0.0045296167247386
FRA,O,B07_08,0.0033943896503138
FRA,O,B09,0.0012128562765312
FRA,O,C10T12,0.0030332102449855
FRA,O,C13T15,0.0030168450778222
FRA,O,C16,0.0087958201341177
FRA,O,C17_18,0.008663495059612
FRA,O,C19,0.0071838505616828
FRA,O,C20,0.003527576842943
FRA,O,C21,0.0041761601756643
FRA,O,C22,0.0025581847094962
FRA,O,C23,0.0067415391800179
FRA,O,C24,0.0277300667534902
FRA,O,C25,0.0036422033961297
FRA,O,C26,0.0023845609780741
FRA,O,C27,0.0025854228320537
FRA,O,C28,0.0028813886887924
FRA,O,C29,0.0024081775561267
FRA,O,C30,0.0018504414792379
FRA,O,C31T33,0.0019932126239967
FRA,O,D,0.0026844823608062
FRA,O,E,0.0578300086806703
FRA,O,F,0.003479991385693
FRA,O,G,0.0045810411169304
FRA,O,H49,0.002860285811144
FRA,O,H50,0.0055555270831945
FRA,O,H51,0.0031748036041236
FRA,O,H52,0.0037370213012851
FRA,O,H53,0.0035695062183064
FRA,O,HFCE,0.0054388741314749
FRA,O,I,0.0024094356255236
FRA,O,J58T60,0.0040520458531037
FRA,O,J61,0.0030495881878499
FRA,O,J62_63,0.0034001035384376
FRA,O,K,0.0032783580159798
FRA,O,L,0.0026155156140998
FRA,O,M,0.006465286493671
FRA,O,N,0.0048347613742367
FRA,O,O,0.0066794111008338
FRA,O,P,0.0018539870059043
FRA,O,Q,0.0022007544332676
FRA,O,R,0.0032515821788837
FRA,O,S,0.0027628035099048
FRA,O,T,0.0
FRA,P,A01_02,0.001359437703322
FRA,P,A03,0.0029672384358995
FRA,P,B05_06,0.0087108013937282
FRA,P,B07_08,0.005102258656761
FRA,P,B09,0.0
FRA,P,C10T12,0.0030643311001436
FRA,P,C13T15,0.0027993038681289
FRA,P,C16,0.0018842308799934
FRA,P,C17_18,0.003713476761879
FRA,P,C19,0.004583261094737
FRA,P,C20,0.0051823629936559
FRA,P,C21,0.0078328827605746
FRA,P,C22,0.0055246254086675
FRA,P,C23,0.005769853644574
FRA,P,C24,0.0036742731671102
FRA,P,C25,0.0043757298588303
FRA,P,C26,0.0063217810110807
FRA,P,C27,0.0063065849796167
FRA,P,C28,0.0061041265602293
FRA,P,C29,0.008090451832179
FRA,P,C30,0.005276913211213
FRA,P,C31T33,0.0053275081159864
FRA,P,D,0.004434942346489
FRA,P,E,0.0035097227913863
FRA,P,F,0.0026059850570069
FRA,P,G,0.0066440101849333
FRA,P,H49,0.0153431502875605
FRA,P,H50,0.0036336427140082
FRA,P,H51,0.0347244144201022
FRA,P,H52,0.0066907713771068
FRA,P,H53,0.0162752485906116
FRA,P,HFCE,0.0064753037238019
FRA,P,I,0.0023875614936532
FRA,P,J58T60,0.0031744211419952
FRA,P,J61,0.0105852501192165
FRA,P,J62_63,0.009069257339309
FRA,P,K,0.0042937139968648
FRA,P,L,0.000733770363987
FRA,P,M,0.0060061249834329
FRA,P,N,0.0047009493386778
FRA,P,O,0.003040621854521
FRA,P,P,0.0108145091603642
FRA,P,Q,0.0115187182412112
FRA,P,R,0.004305468880668
FRA,P,S,0.0022662345358612
FRA,P,T,0.0
FRA,Q,A01_02,0.0023023373621763
FRA,Q,A03,0.0004064710186163
FRA,Q,B05_06,0.0006968641114982
FRA,Q,B07_08,0.0008539345032236
FRA,Q,B09,0.0006064281382656
FRA,Q,C10T12,0.0011927872589072
FRA,Q,C13T15,0.0009645695146778
FRA,Q,C16,0.0006006500185131
FRA,Q,C17_18,0.0010246730484023
FRA,Q,C19,0.001195826609587
FRA,Q,C20,0.0007242432755109
FRA,Q,C21,0.0008263779852904
FRA,Q,C22,0.0008922368806608
FRA,Q,C23,0.0009942828734775
FRA,Q,C24,0.0014627885468375
FRA,Q,C25,0.0009350017311224
FRA,Q,C26,0.0008521100670236
FRA,Q,C27,0.0010803373976795
FRA,Q,C28,0.0010893054799093
FRA,Q,C29,0.0009256966208657
FRA,Q,C30,0.0009597055728958
FRA,Q,C31T33,0.0008861362440414
FRA,Q,D,0.0005073153993149
FRA,Q,E,0.0011699075971287
FRA,Q,F,0.0011814804975548
FRA,Q,G,0.001191613360623
FRA,Q,H49,0.0011929388300106
FRA,Q,H50,0.0021217603435816
FRA,Q,H51,0.0016505371010074
FRA,Q,H52,0.0018012600908805
FRA,Q,H53,0.0010481883339471
FRA,Q,HFCE,0.0434176042566835
FRA,Q,I,0.0018527389694221
FRA,Q,J58T60,0.0010337176724309
FRA,Q,J61,0.0013143254110762
FRA,Q,J62_63,0.0013370500186322
FRA,Q,K,0.0022220956070879
FRA,Q,L,0.0003375189790307
FRA,Q,M,0.0016913746026849
FRA,Q,N,0.002526183124977
FRA,Q,O,0.0016837027085603
FRA,Q,P,0.0005515891495068
FRA,Q,Q,0.0228413745722285
FRA,Q,R,0.0012085526682576
FRA,Q,S,0.0013221404370624
FRA,Q,T,0.0
FRA,R,A01_02,0.0001068553653266
FRA,R,A03,0.0001219413055849
FRA,R,B05_06,0.0003484320557491
FRA,R,B07_08,0.0004056188890312
FRA,R,B09,0.0
FRA,R,C10T12,0.0006422700624885
FRA,R,C13T15,0.000582846259933
FRA,R,C16,0.0004525445344962
FRA,R,C17_18,0.0009245170361524
FRA,R,C19,0.0009113176764511
FRA,R,C20,0.0007622843364468
FRA,R,C21,0.0014077939249412
FRA,R,C22,0.0006551850156882
FRA,R,C23,0.0011185682326621
FRA,R,C24,0.0019818425473282
FRA,R,C25,0.000727658250999
FRA,R,C26,0.0006197164123808
FRA,R,C27,0.0006325052285559
FRA,R,C28,0.0007881150246348
FRA,R,C29,0.0005465367503266
FRA,R,C30,0.0007234477789566
FRA,R,C31T33,0.0006248092015627
FRA,R,D,0.0003512752400504
FRA,R,E,0.0028729934211975
FRA,R,F,0.0003480305776458
FRA,R,G,0.0035082396456363
FRA,R,H49,0.0017424616050611
FRA,R,H50,0.0044587717365122
FRA,R,H51,0.0015332858315369
FRA,R,H52,0.0011010630862996
FRA,R,H53,0.0012677412957874
FRA,R,HFCE,0.0155727118089498
FRA,R,I,0.0043398277630856
FRA,R,J58T60,0.0064316671206104
FRA,R,J61,0.0013010791303375
FRA,R,J62_63,0.0019473250127108
FRA,R,K,0.0002607784785438
FRA,R,L,0.0006260515408921
FRA,R,M,0.0020944085117742
FRA,R,N,0.0029173588838793
FRA,R,O,0.0016578744544717
FRA,R,P,0.0011753953885652
FRA,R,Q,0.0008591076428497
FRA,R,R,0.0311292234149885
FRA,R,S,0.0052231699491987
FRA,R,T,0.0
FRA,S,A01_02,0.0001325798051274
FRA,S,A03,0.0385334525648321
FRA,S,B05_06,0.0006968641114982
FRA,S,B07_08,0.0044404594167627
FRA,S,B09,0.0006064281382656
FRA,S,C10T12,0.0032075943471649
FRA,S,C13T15,0.0029306495041702
FRA,S,C16,0.0004772287818323
FRA,S,C17_18,0.0020917197942949
FRA,S,C19,0.0065392600100467
FRA,S,C20,0.0033271297141653
FRA,S,C21,0.0028096851499876
FRA,S,C22,0.0016099772496057
FRA,S,C23,0.0039846639399212
FRA,S,C24,0.0022555255657688
FRA,S,C25,0.0013751176087428
FRA,S,C26,0.00213869522751
FRA,S,C27,0.0035180217821873
FRA,S,C28,0.0048566960913008
FRA,S,C29,0.0075387912998181
FRA,S,C30,0.0027176983501575
FRA,S,C31T33,0.005112507231038
FRA,S,D,0.0012852976151739
FRA,S,E,0.0041486553773888
FRA,S,F,0.0017429824051207
FRA,S,G,0.004164788390475
FRA,S,H49,0.0022801241763335
FRA,S,H50,0.0055965272830705
FRA,S,H51,0.0017948463557403
FRA,S,H52,0.006564182088143
FRA,S,H53,0.0019405648885237
FRA,S,HFCE,0.0138241461455021
FRA,S,I,0.0022453796364956
FRA,S,J58T60,0.0054759959288407
FRA,S,J61,0.0055222272590795
FRA,S,J62_63,0.0021888118308481
FRA,S,K,0.0040501016086452
FRA,S,L,0.0005793733842176
FRA,S,M,0.0035758941857936
FRA,S,N,0.0053400835021303
FRA,S,O,0.0006554387378143
FRA,S,P,0.000486842793357
FRA,S,Q,0.0008364227937363
FRA,S,R,0.0016293879723831
FRA,S,S,0.026771811230224
FRA,S,T,0.0
FRA,T,A01_02,0.0
FRA,T,A03,0.0
FRA,T,B05_06,0.0
FRA,T,B07_08,0.0
FRA,T,B09,0.0
FRA,T,C10T12,0.0
FRA,T,C13T15,0.0
FRA,T,C16,0.0
FRA,T,C17_18,0.0
FRA,T,C19,0.0
FRA,T,C20,0.0
FRA,T,C21,0.0
FRA,T,C22,0.0
FRA,T,C23,0.0
FRA,T,C24,0.0
FRA,T,C25,0.0
FRA,T,C26,0.0
FRA,T,C27,0.0
FRA,T,C28,0.0
FRA,T,C29,0.0
FRA,T,C30,0.0
FRA,T,C31T33,0.0
FRA,T,D,0.0
FRA,T,E,0.0
FRA,T,F,0.0
FRA,T,G,0.0
FRA,T,H49,0.0
FRA,T,H50,0.0
FRA,T,H51,0.0
FRA,T,H52,0.0
FRA,T,H53,0.0
FRA,T,HFCE,0.00076206745082
FRA,T,I,0.0
FRA,T,J58T60,0.0
FRA,T,J61,0.0
FRA,T,J62_63,0.0
FRA,T,K,0.0
FRA,T,L,0.0
FRA,T,M,0.0
FRA,T,N,0.0
FRA,T,O,0.0
FRA,T,P,0.0
FRA,T,Q,0.0
FRA,T,R,0.0
FRA,T,S,0.0
FRA,T,T,0.0
FRA,employees_compensation,A01_02,0.1041216488970151
FRA,employees_compensation,A03,0.2540443866352329
FRA,employees_compensation,B05_06,0.0
FRA,employees_compensation,B07_08,0.0
FRA,employees_compensation,B09,0.0
FRA,employees_compensation,C10T12,0.1551245853682616
FRA,employees_compensation,C13T15,0.1616372233532541
FRA,employees_compensation,C16,0.2100547167482618
FRA,employees_compensation,C17_18,0.2261676842774321
FRA,employees_compensation,C19,0.0388799238938603
FRA,employees_compensation,C20,0.148763958143128
FRA,employees_compensation,C21,0.1511829010589443
FRA,employees_compensation,C22,0.2643490457016241
FRA,employees_compensation,C23,0.1817654546961034
FRA,employees_compensation,C24,0.1203764871683559
FRA,employees_compensation,C25,0.2884695508275156
FRA,employees_compensation,C26,0.2314876561921121
FRA,employees_compensation,C27,0.2279004058190481
FRA,employees_compensation,C28,0.2192842208830402
FRA,employees_compensation,C29,0.1203268972937891
FRA,employees_compensation,C30,0.1285521212574784
FRA,employees_compensation,C31T33,0.0608796980959949
FRA,employees_compensation,D,0.104805741094618
FRA,employees_compensation,E,0.1815736248628498
FRA,employees_compensation,F,0.2582037912382438
FRA,employees_compensation,G,0.3189235889495076
FRA,employees_compensation,H49,0.3389379385186803
FRA,employees_compensation,H50,0.0492719902009522
FRA,employees_compensation,H51,0.357778719796524
FRA,employees_compensation,H52,0.2350789468826069
FRA,employees_compensation,H53,0.5574237230516446
FRA,employees_compensation,HFCE,0.0
FRA,employees_compensation,I,0.3543368747552831
FRA,employees_compensation,J58T60,0.169990013236046
FRA,employees_compensation,J61,0.2500235489435355
FRA,employees_compensation,J62_63,0.3852756305853471
FRA,employees_compensation,K,0.2251073428499216
FRA,employees_compensation,L,0.0479779638064754
FRA,employees_compensation,M,0.3311580350434329
FRA,employees_compensation,N,0.3579796862214645
FRA,employees_compensation,O,0.5272033278769587
FRA,employees_compensation,P,0.7098354695480457
FRA,employees_compensation,Q,0.5159555506585087
FRA,employees_compensation,R,0.4152043838809288
FRA,employees_compensation,S,0.436686434062588
FRA,employees_compensation,T,4.608046089249098
DEU,A01_02,A01_02,0.0555499696173535
DEU,A01_02,A03,0.0041042478965729
DEU,A01_02,B05_06,0.0043930452271945
DEU,A01_02,B07_08,0.0039155503284472
DEU,A01_02,B09,0.0003492839678658
DEU,A01_02,C10T12,0.1596772933668877
DEU,A01_02,C13T15,0.005040067309813
DEU,A01_02,C16,0.0828039770196112
DEU,A01_02,C17_18,0.0019082341726107
DEU,A01_02,C19,0.0006932159367643
DEU,A01_02,C20,0.0006160568387758
DEU,A01_02,C21,0.0004231235751634
DEU,A01_02,C22,0.0032092056966996
DEU,A01_02,C23,0.0005463135111135
DEU,A01_02,C24,0.0004418507233153
DEU,A01_02,C25,0.0004269692837331
DEU,A01_02,C26,0.000211054325194
DEU,A01_02,C27,0.0002222383184954
DEU,A01_02,C28,0.0003001743769171
DEU,A01_02,C29,0.0003721220442947
DEU,A01_02,C30,0.000224989022713
DEU,A01_02,C31T33,0.0011926612609682
DEU,A01_02,D,0.0013902537879418
DEU,A01_02,E,0.0006043540654694
DEU,A01_02,F,0.0005735367694016
DEU,A01_02,G,0.001491490636472
DEU,A01_02,H49,0.0007240910407438
DEU,A01_02,H50,0.001571416326626
DEU,A01_02,H51,0.0001918183818426
DEU,A01_02,H52,0.0004645143160647
DEU,A01_02,H53,0.0002388232350637
DEU,A01_02,HFCE,0.0156602920810952
DEU,A01_02,I,0.0065910784561282
DEU,A01_02,J58T60,0.0001762530942209
DEU,A01_02,J61,0.0002331282533229
DEU,A01_02,J62_63,9.436291262096306e-05
DEU,A01_02,K,0.0001461836618078
DEU,A01_02,L,0.0020381289879067
DEU,A01_02,M,0.0001858578146719
DEU,A01_02,N,0.0045588874903147
DEU,A01_02,O,0.0024288355923009
DEU,A01_02,P,0.0003814144821676
DEU,A01_02,Q,0.00128113308085
DEU,A01_02,R,0.0005991233393194
DEU,A01_02,S,0.0009786533975451
DEU,A01_02,T,0.0
DEU,A03,A01_02,1.8943616511256158e-05
DEU,A03,A03,0.1200492509747588
DEU,A03,B05_06,1.3232063937332946e-05
DEU,A03,B07_08,0.0
DEU,A03,B09,0.0
DEU,A03,C10T12,0.0014756475698512
DEU,A03,C13T15,8.168666628546223e-06
DEU,A03,C16,3.299883514111952e-06
DEU,A03,C17_18,1.505180328965523e-05
DEU,A03,C19,1.1253505466952955e-05
DEU,A03,C20,1.218010399244577e-05
DEU,A03,C21,7.693155912062099e-06
DEU,A03,C22,2.2124823831090247e-06
DEU,A03,C23,1.7343286067097707e-06
DEU,A03,C24,3.825547388011883e-06
DEU,A03,C25,1.379545343241228e-06
DEU,A03,C26,1.8928639030853684e-06
DEU,A03,C27,8.231048833166517e-06
DEU,A03,C28,5.656996502561913e-06
DEU,A03,C29,3.4229360184799427e-06
DEU,A03,C30,2.7216414037863475e-05
DEU,A03,C31T33,4.130428609413763e-05
DEU,A03,D,2.776065870490975e-06
DEU,A03,E,1.131749186272335e-06
DEU,A03,F,4.067636662422766e-06
DEU,A03,G,1.134796494950999e-05
DEU,A03,H49,1.6363639338843518e-06
DEU,A03,H50,0.0001246743531868
DEU,A03,H51,5.64171711302052e-06
DEU,A03,H52,1.8168747694840132e-06
DEU,A03,H53,0.0
DEU,A03,HFCE,0.000130829668985
DEU,A03,I,0.0010506802323074
DEU,A03,J58T60,1.3055784757110183e-06
DEU,A03,J61,0.0
DEU,A03,J62_63,5.100697979511516e-07
DEU,A03,K,6.19422295795826e-07
DEU,A03,L,1.936464596586013e-07
DEU,A03,M,6.833007892351882e-07
DEU,A03,N,2.1602689102739508e-06
DEU,A03,O,8.447205624783047e-06
DEU,A03,P,1.8097958821714292e-06
DEU,A03,Q,8.640199847593293e-05
DEU,A03,R,3.696390782433519e-05
DEU,A03,S,1.7585865184998909e-06
DEU,A03,T,0.0
DEU,B05_06,A01_02,0.0012284206706914
DEU,B05_06,A03,0.0018469115534578
DEU,B05_06,B05_06,0.1893243708153597
DEU,B05_06,B07_08,0.0284128395628352
DEU,B05_06,B09,0.0087320991966468
DEU,B05_06,C10T12,0.0046778367583979
DEU,B05_06,C13T15,0.004427417312672
DEU,B05_06,C16,0.0016763408251688
DEU,B05_06,C17_18,0.0079640763628153
DEU,B05_06,C19,0.3627184868086409
DEU,B05_06,C20,0.0093620125634567
DEU,B05_06,C21,0.0014514420820757
DEU,B05_06,C22,0.0020775209577393
DEU,B05_06,C23,0.0186527041651635
DEU,B05_06,C24,0.0424578376858498
DEU,B05_06,C25,0.0024417952575369
DEU,B05_06,C26,0.000788377815635
DEU,B05_06,C27,0.0010280579992624
DEU,B05_06,C28,0.0029183030707591
DEU,B05_06,C29,0.000668695000753
DEU,B05_06,C30,0.0013463052810729
DEU,B05_06,C31T33,0.0012589202199109
DEU,B05_06,D,0.0537668437796692
DEU,B05_06,E,0.001409027736909
DEU,B05_06,F,0.0008200807471073
DEU,B05_06,G,0.0017541806899654
DEU,B05_06,H49,0.0006406364801157
DEU,B05_06,H50,0.0043765892733303
DEU,B05_06,H51,0.0018504832130707
DEU,B05_06,H52,0.0005299218077661
DEU,B05_06,H53,0.0005052654837064
DEU,B05_06,HFCE,0.0051177942194994
DEU,B05_06,I,0.0014202043468353
DEU,B05_06,J58T60,0.0004465078386931
DEU,B05_06,J61,0.0002173435278375
DEU,B05_06,J62_63,0.0001530209393853
DEU,B05_06,K,0.0002874119452492
DEU,B05_06,L,2.8078736650497188e-05
DEU,B05_06,M,0.0003464335001422
DEU,B05_06,N,0.0005008223423651
DEU,B05_06,O,0.0019887889742848
DEU,B05_06,P,0.0006682671294918
DEU,B05_06,Q,0.0015600488159832
DEU,B05_06,R,0.000446647219544
DEU,B05_06,S,0.0005987987095492
DEU,B05_06,T,0.0
DEU,B07_08,A01_02,0.0007927174909325
DEU,B07_08,A03,0.0022573363431151
DEU,B07_08,B05_06,0.0003704977902453
DEU,B07_08,B07_08,0.0530822408995725
DEU,B07_08,B09,0.0185120502968913
DEU,B07_08,C10T12,0.0005327783947535
DEU,B07_08,C13T15,0.0002001323323993
DEU,B07_08,C16,0.0004058856722357
DEU,B07_08,C17_18,0.0011456094726015
DEU,B07_08,C19,0.0013391671505674
DEU,B07_08,C20,0.0016167485404709
DEU,B07_08,C21,0.0004103016486433
DEU,B07_08,C22,0.0005354207367123
DEU,B07_08,C23,0.03876397868857
DEU,B07_08,C24,0.0069500632171705
DEU,B07_08,C25,0.000629072676518
DEU,B07_08,C26,0.0004902517508991
DEU,B07_08,C27,0.0006988160459358
DEU,B07_08,C28,0.0010819005811149
DEU,B07_08,C29,0.0002738348814783
DEU,B07_08,C30,0.0002921228440064
DEU,B07_08,C31T33,0.0009594641457284
DEU,B07_08,D,0.0002876004241828
DEU,B07_08,E,0.0002263498372544
DEU,B07_08,F,0.0078842097508482
DEU,B07_08,G,0.0002767983342414
DEU,B07_08,H49,5.481819178512578e-05
DEU,B07_08,H50,0.000176622000348
DEU,B07_08,H51,2.82085855651026e-05
DEU,B07_08,H52,6.116811723929512e-05
DEU,B07_08,H53,5.198873144245985e-05
DEU,B07_08,HFCE,0.0001354125666817
DEU,B07_08,I,0.0002562033860726
DEU,B07_08,J58T60,7.1806816164106e-05
DEU,B07_08,J61,4.856838610895588e-05
DEU,B07_08,J62_63,7.140977171316122e-06
DEU,B07_08,K,5.884511810060347e-06
DEU,B07_08,L,7.55221192668545e-06
DEU,B07_08,M,5.329746156034468e-05
DEU,B07_08,N,9.865228023584374e-05
DEU,B07_08,O,0.0003468633809676
DEU,B07_08,P,1.176367323411429e-05
DEU,B07_08,Q,0.0002484343934957
DEU,B07_08,R,8.008846695272625e-05
DEU,B07_08,S,4.2206076443997375e-05
DEU,B07_08,T,0.0
DEU,B09,A01_02,3.060122667202917e-05
DEU,B09,A03,0.0002052123948286
DEU,B09,B05_06,0.0181808558498954
DEU,B09,B07_08,0.004058977080405
DEU,B09,B09,0.0139713587146349
DEU,B09,C10T12,1.3160263137338809e-05
DEU,B09,C13T15,8.168666628546223e-06
DEU,B09,C16,9.899650542335856e-06
DEU,B09,C17_18,6.187963574636039e-05
DEU,B09,C19,0.0030564520848244
DEU,B09,C20,0.0001557771194823
DEU,B09,C21,2.30794677361863e-05
DEU,B09,C22,2.1018582639535733e-05
DEU,B09,C23,0.0004439881233177
DEU,B09,C24,0.0002850032804068
DEU,B09,C25,6.759772181882018e-05
DEU,B09,C26,6.6250236607987884e-06
DEU,B09,C27,9.877258599799822e-06
DEU,B09,C28,1.591030266345538e-05
DEU,B09,C29,6.112385747285612e-06
DEU,B09,C30,1.270099321766962e-05
DEU,B09,C31T33,1.0326071523534409e-05
DEU,B09,D,0.0001560149019215
DEU,B09,E,2.716198047053604e-05
DEU,B09,F,0.0001977323377566
DEU,B09,G,6.134035107843238e-06
DEU,B09,H49,6.70909212892584e-05
DEU,B09,H50,3.376597065477412e-05
DEU,B09,H51,6.205888824322572e-05
DEU,B09,H52,6.359061693194048e-05
DEU,B09,H53,4.87394357273061e-06
DEU,B09,HFCE,6.609020888992424e-06
DEU,B09,I,4.926988193704541e-06
DEU,B09,J58T60,5.222313902844073e-06
DEU,B09,J61,2.4284193054477945e-06
DEU,B09,J62_63,3.570488585658061e-06
DEU,B09,K,4.026244922672869e-06
DEU,B09,L,1.5491716772688103e-05
DEU,B09,M,1.662698587138958e-05
DEU,B09,N,1.7282151282191606e-05
DEU,B09,O,8.711180800557516e-06
DEU,B09,P,3.1671427938000013e-06
DEU,B09,Q,3.437745297450912e-06
DEU,B09,R,6.160651304055866e-06
DEU,B09,S,5.275759555499672e-06
DEU,B09,T,0.0
DEU,C10T12,A01_02,0.0658538397982067
DEU,C10T12,A03,0.0008208495793145
DEU,C10T12,B05_06,0.0035991213909545
DEU,C10T12,B07_08,0.0027824789879808
DEU,C10T12,B09,0.0010478519035976
DEU,C10T12,C10T12,0.1556952524562994
DEU,C10T12,C13T15,0.0034921049837035
DEU,C10T12,C16,0.0010427631904593
DEU,C10T12,C17_18,0.0014399558480436
DEU,C10T12,C19,0.0016610174069222
DEU,C10T12,C20,0.0124378093506017
DEU,C10T12,C21,0.0125680523750054
DEU,C10T12,C22,0.002050971169142
DEU,C10T12,C23,0.0009434747620501
DEU,C10T12,C24,0.0009076111178058
DEU,C10T12,C25,0.0004628374626574
DEU,C10T12,C26,0.0005375733484762
DEU,C10T12,C27,0.0004675235737238
DEU,C10T12,C28,0.0004889766351901
DEU,C10T12,C29,0.0003073307553735
DEU,C10T12,C30,0.0004862665974764
DEU,C10T12,C31T33,0.0008338302755254
DEU,C10T12,D,0.0002692783894376
DEU,C10T12,E,0.00019126561248
DEU,C10T12,F,0.0009848200319354
DEU,C10T12,G,0.0003609879660965
DEU,C10T12,H49,0.0001350000245454
DEU,C10T12,H50,0.0189193330961057
DEU,C10T12,H51,0.0070521463912756
DEU,C10T12,H52,8.236498954994195e-05
DEU,C10T12,H53,9.910351931218908e-05
DEU,C10T12,HFCE,0.0735200991179465
DEU,C10T12,I,0.162828337572596
DEU,C10T12,J58T60,0.0006462613454769
DEU,C10T12,J61,0.0001068504494397
DEU,C10T12,J62_63,7.242991130906352e-05
DEU,C10T12,K,9.04356551861906e-05
DEU,C10T12,L,2.0139231804494536e-05
DEU,C10T12,M,0.0001849467469529
DEU,C10T12,N,0.0002865956754296
DEU,C10T12,O,0.0156875167459252
DEU,C10T12,P,0.0050203737771435
DEU,C10T12,Q,0.0281560507182022
DEU,C10T12,R,0.0023826318918436
DEU,C10T12,S,0.0035400346617402
DEU,C10T12,T,0.0
DEU,C13T15,A01_02,0.0012765083126046
DEU,C13T15,A03,0.0814693207469731
DEU,C13T15,B05_06,0.0004498901738693
DEU,C13T15,B07_08,0.0004876509566564
DEU,C13T15,B09,0.0017464198393293
DEU,C13T15,C10T12,0.0004266472404201
DEU,C13T15,C13T15,0.1068053161682418
DEU,C13T15,C16,0.0005081820611732
DEU,C13T15,C17_18,0.0007609522774214
DEU,C13T15,C19,0.0003871205880631
DEU,C13T15,C20,0.0006775984168429
DEU,C13T15,C21,0.0011373048823331
DEU,C13T15,C22,0.0072989793818766
DEU,C13T15,C23,0.0003538030357687
DEU,C13T15,C24,0.0002620499960788
DEU,C13T15,C25,0.0007656476654988
DEU,C13T15,C26,0.0009057353776263
DEU,C13T15,C27,0.0007770110098509
DEU,C13T15,C28,0.0008959268210932
DEU,C13T15,C29,0.002686271288217
DEU,C13T15,C30,0.0016493146906945
DEU,C13T15,C31T33,0.0057765765114572
DEU,C13T15,D,0.0001049352899045
DEU,C13T15,E,0.0001652353811957
DEU,C13T15,F,0.0010329537324408
DEU,C13T15,G,0.0002841591763708
DEU,C13T15,H49,0.0001464545720826
DEU,C13T15,H50,0.0002129853533608
DEU,C13T15,H51,0.0001354012107124
DEU,C13T15,H52,9.326623816684602e-05
DEU,C13T15,H53,0.0009163013916733
DEU,C13T15,HFCE,0.0187771449251668
DEU,C13T15,I,0.0018291443669128
DEU,C13T15,J58T60,0.0003041997848406
DEU,C13T15,J61,6.192469228891875e-05
DEU,C13T15,J62_63,0.00027135713251
DEU,C13T15,K,0.0001269815706381
DEU,C13T15,L,1.51044238533709e-05
DEU,C13T15,M,9.065123803853497e-05
DEU,C13T15,N,0.0007330512502196
DEU,C13T15,O,0.0003935869870797
DEU,C13T15,P,0.000232558770859
DEU,C13T15,Q,0.0008917511301587
DEU,C13T15,R,0.0022825213081526
DEU,C13T15,S,0.0008617073940649
DEU,C13T15,T,0.0
DEU,C16,A01_02,0.0013508255773795
DEU,C16,A03,0.0018469115534578
DEU,C16,B05_06,0.0023288432529705
DEU,C16,B07_08,0.0033131579702246
DEU,C16,B09,0.0006985679357317
DEU,C16,C10T12,0.0013037150998312
DEU,C16,C13T15,0.0016092273258236
DEU,C16,C16,0.179655558158797
DEU,C16,C17_18,0.0048667497303218
DEU,C16,C19,0.0004163797022772
DEU,C16,C20,0.0019084299781847
DEU,C16,C21,0.0009808773787879
DEU,C16,C22,0.0011305784977687
DEU,C16,C23,0.0021887227016677
DEU,C16,C24,0.0010338541816102
DEU,C16,C25,0.0024486929842531
DEU,C16,C26,0.0014272193829263
DEU,C16,C27,0.0011276536901438
DEU,C16,C28,0.0017625079728294
DEU,C16,C29,0.0012144088002707
DEU,C16,C30,0.011196832735177
DEU,C16,C31T33,0.0222320319901695
DEU,C16,D,0.0010571258834829
DEU,C16,E,0.0009008723522727
DEU,C16,F,0.0158274002333015
DEU,C16,G,0.0005450090193318
DEU,C16,H49,0.0001939091261652
DEU,C16,H50,0.0001272717355449
DEU,C16,H51,0.0001354012107124
DEU,C16,H52,0.0004021349489791
DEU,C16,H53,0.0002534450657819
DEU,C16,HFCE,0.0018231731858225
DEU,C16,I,0.0010790104144212
DEU,C16,J58T60,0.0002023646637352
DEU,C16,J61,0.0005184675217131
DEU,C16,J62_63,7.140977171316122e-05
DEU,C16,K,0.0001260524371944
DEU,C16,L,0.0002697495183044
DEU,C16,M,0.0004204577523093
DEU,C16,N,0.0017361361142234
DEU,C16,O,0.0006282609183432
DEU,C16,P,0.0008406501872686
DEU,C16,Q,0.0004292597961417
DEU,C16,R,0.0010303689306033
DEU,C16,S,0.00695169250763
DEU,C16,T,0.0
DEU,C17_18,A01_02,0.001071042933521
DEU,C17_18,A03,0.0127231684793761
DEU,C17_18,B05_06,0.0020509699102866
DEU,C17_18,B07_08,0.0144000458965606
DEU,C17_18,B09,0.0013971358714634
DEU,C17_18,C10T12,0.0165717429622308
DEU,C17_18,C13T15,0.0156144062604661
DEU,C17_18,C16,0.0047287330757224
DEU,C17_18,C17_18,0.1908384690643631
DEU,C17_18,C19,0.0010398239051464
DEU,C17_18,C20,0.0091979016886111
DEU,C17_18,C21,0.0197265339511792
DEU,C17_18,C22,0.0059902960522676
DEU,C17_18,C23,0.0059435441351943
DEU,C17_18,C24,0.0010042061893531
DEU,C17_18,C25,0.003414374724522
DEU,C17_18,C26,0.006396933560477
DEU,C17_18,C27,0.0058662685033977
DEU,C17_18,C28,0.0025343344331477
DEU,C17_18,C29,0.0017002212194649
DEU,C17_18,C30,0.0016710878219248
DEU,C17_18,C31T33,0.0067420641989076
DEU,C17_18,D,0.0006634797430473
DEU,C17_18,E,0.0011215634435958
DEU,C17_18,F,0.0016656972132621
DEU,C17_18,G,0.0097630836285209
DEU,C17_18,H49,0.0008386365161157
DEU,C17_18,H50,0.0004311654714378
DEU,C17_18,H51,0.0006600809022234
DEU,C17_18,H52,0.0007079755351756
DEU,C17_18,H53,0.006077807635195
DEU,C17_18,HFCE,0.0049951172843118
DEU,C17_18,I,0.001199721625167
DEU,C17_18,J58T60,0.0402287895720836
DEU,C17_18,J61,0.0042570190424499
DEU,C17_18,J62_63,0.0009308773812608
DEU,C17_18,K,0.003030523582181
DEU,C17_18,L,0.0001733135813944
DEU,C17_18,M,0.0054782501942282
DEU,C17_18,N,0.0054741214186341
DEU,C17_18,O,0.0025465685206963
DEU,C17_18,P,0.0013392489528068
DEU,C17_18,Q,0.0022693702623572
DEU,C17_18,R,0.0022209147951121
DEU,C17_18,S,0.003124128950115
DEU,C17_18,T,0.0
DEU,C19,A01_02,0.0213625706196165
DEU,C19,A03,0.0252411245639236
DEU,C19,B05_06,0.0097255669939397
DEU,C19,B07_08,0.0220590344511058
DEU,C19,B09,0.0230527418791477
DEU,C19,C10T12,0.0015304112454873
DEU,C19,C13T15,0.0037902613156454
DEU,C19,C16,0.0033361822327671
DEU,C19,C17_18,0.002573858362531
DEU,C19,C19,0.0690650137517836
DEU,C19,C20,0.0183784948083909
DEU,C19,C21,0.0046325620517133
DEU,C19,C22,0.0048486551425834
DEU,C19,C23,0.011509004634126
DEU,C19,C24,0.0088867465823516
DEU,C19,C25,0.0013567828450777
DEU,C19,C26,0.0014735945485519
DEU,C19,C27,0.0017285202549649
DEU,C19,C28,0.0012130721875181
DEU,C19,C29,0.0013405684420946
DEU,C19,C30,0.0015513356001582
DEU,C19,C31T33,0.0014774887338257
DEU,C19,D,0.0066831009766199
DEU,C19,E,0.0062506507557821
DEU,C19,F,0.0067425597275948
DEU,C19,G,0.0057744272996459
DEU,C19,H49,0.0218364585157197
DEU,C19,H50,0.0410853941397859
DEU,C19,H51,0.1114069878308161
DEU,C19,H52,0.0179125683523428
DEU,C19,H53,0.0122823378032811
DEU,C19,HFCE,0.0119160646628533
DEU,C19,I,0.0022368526399418
DEU,C19,J58T60,0.0016267507807359
DEU,C19,J61,0.0010090082214135
DEU,C19,J62_63,0.0006217750837024
DEU,C19,K,0.000324577282997
DEU,C19,L,0.0001715707632575
DEU,C19,M,0.00191187560828
DEU,C19,N,0.0024558657061631
DEU,C19,O,0.003616723883286
DEU,C19,P,0.0011166440592997
DEU,C19,Q,0.0012490474580738
DEU,C19,R,0.0026121161529196
DEU,C19,S,0.0032621779918172
DEU,C19,T,0.0
DEU,C20,A01_02,0.0431550156139116
DEU,C20,A03,0.009850194951775
DEU,C20,B05_06,0.0063116944981078
DEU,C20,B07_08,0.0114024267806431
DEU,C20,B09,0.0244498777506112
DEU,C20,C10T12,0.008046015072322
DEU,C20,C13T15,0.0804736192911231
DEU,C20,C16,0.0462016690810814
DEU,C20,C17_18,0.0419895139103748
DEU,C20,C19,0.0314648012856004
DEU,C20,C20,0.1864466213353112
DEU,C20,C21,0.0912215962272763
DEU,C20,C22,0.1543637896283251
DEU,C20,C23,0.0370643366539945
DEU,C20,C24,0.0201893263402327
DEU,C20,C25,0.0119820410787216
DEU,C20,C26,0.0098599280711716
DEU,C20,C27,0.0071684204288047
DEU,C20,C28,0.0094153635539514
DEU,C20,C29,0.010112819971169
DEU,C20,C30,0.008839891279498
DEU,C20,C31T33,0.0102133452427358
DEU,C20,D,0.0023152389359894
DEU,C20,E,0.0081531211379059
DEU,C20,F,0.0130702205156226
DEU,C20,G,0.0032265024667255
DEU,C20,H49,0.0023473640631571
DEU,C20,H50,0.0032129619769196
DEU,C20,H51,0.0057545514552809
DEU,C20,H52,0.0019355772544236
DEU,C20,H53,0.0015824070132798
DEU,C20,HFCE,0.0103633306821672
DEU,C20,I,0.0060799034310314
DEU,C20,J58T60,0.0025328222428793
DEU,C20,J61,0.0016088277898591
DEU,C20,J62_63,0.0026697053224763
DEU,C20,K,0.0015414323830879
DEU,C20,L,0.0006181194992302
DEU,C20,M,0.0026250138653118
DEU,C20,N,0.0087462087280624
DEU,C20,O,0.0032822673355797
DEU,C20,P,0.0016604877218922
DEU,C20,Q,0.0058006222318988
DEU,C20,R,0.0047668039465132
DEU,C20,S,0.0096467263472311
DEU,C20,T,0.0
DEU,C21,A01_02,0.0051686929050327
DEU,C21,A03,0.0018469115534578
DEU,C21,B05_06,0.0010321009871119
DEU,C21,B07_08,0.0019219184762341
DEU,C21,B09,0.0034928396786587
DEU,C21,C10T12,0.0021905470254409
DEU,C21,C13T15,0.0062490299708378
DEU,C21,C16,0.0036199722149808
DEU,C21,C17_18,0.003639191550921
DEU,C21,C19,0.0021651744518417
DEU,C21,C20,0.011344164223701
DEU,C21,C21,0.0837220514056678
DEU,C21,C22,0.0094461935346839
DEU,C21,C23,0.0032189138940533
DEU,C21,C24,0.0016832408507252
DEU,C21,C25,0.001361611253779
DEU,C21,C26,0.0014773802763581
DEU,C21,C27,0.001364707896539
DEU,C21,C28,0.0012060009418899
DEU,C21,C29,0.0011347032901261
DEU,C21,C30,0.0015005316272875
DEU,C21,C31T33,0.001677126116614
DEU,C21,D,0.0012014813087484
DEU,C21,E,0.0022510491314956
DEU,C21,F,0.0025895026952612
DEU,C21,G,0.001682259128326
DEU,C21,H49,0.0012051820373058
DEU,C21,H50,0.0011636272964106
DEU,C21,H51,0.0016925151339061
DEU,C21,H52,0.0011391804804664
DEU,C21,H53,0.0006904753394701
DEU,C21,HFCE,0.0086791881401554
DEU,C21,I,0.0027418689297965
DEU,C21,J58T60,0.001413941489195
DEU,C21,J61,0.0014436952770887
DEU,C21,J62_63,0.0006085132689557
DEU,C21,K,0.0011877422521884
DEU,C21,L,0.0006595598415971
DEU,C21,M,0.0016513102406517
DEU,C21,N,0.002741741291956
DEU,C21,O,0.0011065839368465
DEU,C21,P,0.0004981463165676
DEU,C21,Q,0.0121208023697524
DEU,C21,R,0.0015617251055781
DEU,C21,S,0.0042364349230662
DEU,C21,T,0.0
DEU,C22,A01_02,0.0043716038102898
DEU,C22,A03,0.0053355222655448
DEU,C22,B05_06,0.0022494508693466
DEU,C22,B07_08,0.0014199248443819
DEU,C22,B09,0.0059378274537198
DEU,C22,C10T12,0.0106678791089737
DEU,C22,C13T15,0.0159411529256079
DEU,C22,C16,0.0059925884616273
DEU,C22,C17_18,0.0141854883892061
DEU,C22,C19,0.0027841172525241
DEU,C22,C20,0.0079702754177935
DEU,C22,C21,0.0143990234820762
DEU,C22,C22,0.0721158632774386
DEU,C22,C23,0.0063840636012986
DEU,C22,C24,0.0016822844638782
DEU,C22,C25,0.0091167254008096
DEU,C22,C26,0.0086201022146507
DEU,C22,C27,0.0153146894589896
DEU,C22,C28,0.0218699484789043
DEU,C22,C29,0.0302206131162996
DEU,C22,C30,0.0090068186189302
DEU,C22,C31T33,0.0177427723953129
DEU,C22,D,0.0018349795403945
DEU,C22,E,0.005423342100617
DEU,C22,F,0.0350494692412095
DEU,C22,G,0.0057278086328263
DEU,C22,H49,0.0029880005432728
DEU,C22,H50,0.0004441523832281
DEU,C22,H51,0.0013314452386728
DEU,C22,H52,0.0017563122771678
DEU,C22,H53,0.000963416179543
DEU,C22,HFCE,0.0057254382130596
DEU,C22,I,0.0015125853754672
DEU,C22,J58T60,0.0007115402692625
DEU,C22,J61,0.00128827644154
DEU,C22,J62_63,0.0004871166570433
DEU,C22,K,0.0003626717541884
DEU,C22,L,0.0003156437292435
DEU,C22,M,0.0017665603071027
DEU,C22,N,0.0028220312864545
DEU,C22,O,0.0015323758953707
DEU,C22,P,0.0003814144821676
DEU,C22,Q,0.002322311539938
DEU,C22,R,0.0010334492562553
DEU,C22,S,0.0011641842752469
DEU,C22,T,0.0
DEU,C23,A01_02,0.0049049394751452
DEU,C23,A03,0.0010260619741432
DEU,C23,B05_06,0.0010453330510493
DEU,C23,B07_08,0.0029259057399386
DEU,C23,B09,0.0076842472930492
DEU,C23,C10T12,0.0021837546315635
DEU,C23,C13T15,0.0040720803143302
DEU,C23,C16,0.0229605894911909
DEU,C23,C17_18,0.0006422102736919
DEU,C23,C19,0.0009497958614108
DEU,C23,C20,0.0043418865442544
DEU,C23,C21,0.0077995779021789
DEU,C23,C22,0.0044736393786464
DEU,C23,C23,0.0981959513833004
DEU,C23,C24,0.0035386313339109
DEU,C23,C25,0.0035702633483082
DEU,C23,C26,0.0054334658338065
DEU,C23,C27,0.0056629615972185
DEU,C23,C28,0.0024371048057599
DEU,C23,C29,0.0043300140633771
DEU,C23,C30,0.0016347992698743
DEU,C23,C31T33,0.0051191499577921
DEU,C23,D,0.0049325138386883
DEU,C23,E,0.0014101594860953
DEU,C23,F,0.0547117469279174
DEU,C23,G,0.0005071313525409
DEU,C23,H49,0.000536727370314
DEU,C23,H50,0.0002753225299543
DEU,C23,H51,0.00029901100699
DEU,C23,H52,0.0007618761533369
DEU,C23,H53,0.000276190135788
DEU,C23,HFCE,0.0032949104798472
DEU,C23,I,0.0026322434424866
DEU,C23,J58T60,0.0002376152825794
DEU,C23,J61,0.0016282551443027
DEU,C23,J62_63,0.0001912761742316
DEU,C23,K,0.0002245405822259
DEU,C23,L,0.0002455437108471
DEU,C23,M,0.0004846880264974
DEU,C23,N,0.0017847421647046
DEU,C23,O,0.0011350932558302
DEU,C23,P,0.0001782648943938
DEU,C23,Q,0.0005525602608102
DEU,C23,R,0.0010688730012536
DEU,C23,S,0.0011870458999874
DEU,C23,T,0.0
DEU,C24,A01_02,0.0006163961372508
DEU,C24,A03,0.0
DEU,C24,B05_06,0.009699102866065
DEU,C24,B07_08,0.003284472619833
DEU,C24,B09,0.0129235068110373
DEU,C24,C10T12,0.0015265905239313
DEU,C24,C13T15,0.0007229269966263
DEU,C24,C16,0.0013100537551024
DEU,C24,C17_18,0.0049520432822965
DEU,C24,C19,0.000697717338951
DEU,C24,C20,0.0222043295782286
DEU,C24,C21,0.0032336898683701
DEU,C24,C22,0.0069173261707903
DEU,C24,C23,0.0030489496905957
DEU,C24,C24,0.3834288763793489
DEU,C24,C25,0.1112934410206428
DEU,C24,C26,0.0307637705848949
DEU,C24,C27,0.0636457619975767
DEU,C24,C28,0.0403584272984023
DEU,C24,C29,0.0307692608609759
DEU,C24,C30,0.0207987836077352
DEU,C24,C31T33,0.0389404762212085
DEU,C24,D,0.0022386195179639
DEU,C24,E,0.0007446909645671
DEU,C24,F,0.0117043985163069
DEU,C24,G,0.0009757716347801
DEU,C24,H49,0.0013802729782314
DEU,C24,H50,5.7142411877310045e-05
DEU,C24,H51,0.0001636097962775
DEU,C24,H52,0.0008575648911964
DEU,C24,H53,0.0002566943614971
DEU,C24,HFCE,2.80762785211211e-05
DEU,C24,I,1.7244458677965892e-05
DEU,C24,J58T60,0.0002363097041036
DEU,C24,J61,0.0005378948761566
DEU,C24,J62_63,4.590628181560365e-05
DEU,C24,K,1.238844591591652e-06
DEU,C24,L,3.291989814196222e-06
DEU,C24,M,0.000422507654677
DEU,C24,N,0.0001987447397452
DEU,C24,O,0.0003141304591716
DEU,C24,P,2.533714235040001e-05
DEU,C24,Q,3.208562277620851e-05
DEU,C24,R,5.3905698910488816e-05
DEU,C24,S,0.0001978409833312
DEU,C24,T,0.0
DEU,C25,A01_02,0.0050798036275568
DEU,C25,A03,0.0291401600656679
DEU,C25,B05_06,0.0140259877735729
DEU,C25,B07_08,0.0068844840939732
DEU,C25,B09,0.0241005937827453
DEU,C25,C10T12,0.004237604730223
DEU,C25,C13T15,0.0149895032633823
DEU,C25,C16,0.0089492840902716
DEU,C25,C17_18,0.0024166506392835
DEU,C25,C19,0.0047894919267351
DEU,C25,C20,0.004963712905974
DEU,C25,C21,0.0057698669340465
DEU,C25,C22,0.0153667963918837
DEU,C25,C23,0.0060458695229902
DEU,C25,C24,0.008698338373492
DEU,C25,C25,0.1457972496004491
DEU,C25,C26,0.0154542873367404
DEU,C25,C27,0.0239186048042985
DEU,C25,C28,0.0502991844025292
DEU,C25,C29,0.0366728475111343
DEU,C25,C30,0.0840642452525501
DEU,C25,C31T33,0.0441112565366184
DEU,C25,D,0.0042107367123607
DEU,C25,E,0.0112846711363214
DEU,C25,F,0.0413138556811551
DEU,C25,G,0.0035605006783476
DEU,C25,H49,0.0028120914203802
DEU,C25,H50,0.0013272623849684
DEU,C25,H51,0.0019576758382181
DEU,C25,H52,0.0024830621849614
DEU,C25,H53,0.0011258809653007
DEU,C25,HFCE,0.0051572553807198
DEU,C25,I,0.0020717985354527
DEU,C25,J58T60,0.0007428741526795
DEU,C25,J61,0.0014631226315322
DEU,C25,J62_63,0.0006687015051139
DEU,C25,K,0.0003710339551816
DEU,C25,L,0.0006702103968784
DEU,C25,M,0.0008422821061972
DEU,C25,N,0.003454269987528
DEU,C25,O,0.0020748448815873
DEU,C25,P,0.0004483769298079
DEU,C25,Q,0.0008867091037225
DEU,C25,R,0.0006114446419275
DEU,C25,S,0.0012705787596161
DEU,C25,T,0.0
DEU,C26,A01_02,0.0008990931836496
DEU,C26,A03,0.0026677611327724
DEU,C26,B05_06,0.0024082356365945
DEU,C26,B07_08,0.0028541923639597
DEU,C26,B09,0.0034928396786587
DEU,C26,C10T12,0.0011530088606778
DEU,C26,C13T15,0.0022014556563932
DEU,C26,C16,0.0012308565507637
DEU,C26,C17_18,0.0066261382926237
DEU,C26,C19,0.0015327274445989
DEU,C26,C20,0.002245626541344
DEU,C26,C21,0.007558525683601
DEU,C26,C22,0.0019326033616457
DEU,C26,C23,0.0018505286233593
DEU,C26,C24,0.0026884034269253
DEU,C26,C25,0.0041938178434533
DEU,C26,C26,0.1454968767745599
DEU,C26,C27,0.0480479244587262
DEU,C26,C28,0.0165039337339429
DEU,C26,C29,0.0064466109999471
DEU,C26,C30,0.0072286795684565
DEU,C26,C31T33,0.044393502491595
DEU,C26,D,0.0090322079162294
DEU,C26,E,0.0034427810246404
DEU,C26,F,0.0024148202985916
DEU,C26,G,0.0043758672950576
DEU,C26,H49,0.0015430911896529
DEU,C26,H50,0.0018051807388513
DEU,C26,H51,0.003317329662456
DEU,C26,H52,0.0011694617266245
DEU,C26,H53,0.0033857661351901
DEU,C26,HFCE,0.013922216069347
DEU,C26,I,0.0015827949572275
DEU,C26,J58T60,0.0075384101187554
DEU,C26,J61,0.0243024061992688
DEU,C26,J62_63,0.0069935669997082
DEU,C26,K,0.0017619467203912
DEU,C26,L,0.0002056525401574
DEU,C26,M,0.0053231409150718
DEU,C26,N,0.0036353725311726
DEU,C26,O,0.0076035409630078
DEU,C26,P,0.002354544442705
DEU,C26,Q,0.002563641259819
DEU,C26,R,0.0072218234911794
DEU,C26,S,0.0038354771968482
DEU,C26,T,0.0
DEU,C27,A01_02,0.0030513794595823
DEU,C27,A03,0.0018469115534578
DEU,C27,B05_06,0.0057162516209278
DEU,C27,B07_08,0.0047474254898023
DEU,C27,B09,0.0059378274537198
DEU,C27,C10T12,0.0021132835450862
DEU,C27,C13T15,0.0036513939829601
DEU,C27,C16,0.0022340211390537
DEU,C27,C17_18,0.0026942727888482
DEU,C27,C19,0.0028381340787655
DEU,C27,C20,0.002546282792526
DEU,C27,C21,0.0020797164815607
DEU,C27,C22,0.003257880309128
DEU,C27,C23,0.0037340094902461
DEU,C27,C24,0.0047513298559107
DEU,C27,C25,0.0064169551640865
DEU,C27,C26,0.0193204618587923
DEU,C27,C27,0.1178768503397777
DEU,C27,C28,0.0277394359125937
DEU,C27,C29,0.0131406513749445
DEU,C27,C30,0.0093570031462174
DEU,C27,C31T33,0.0222836623477872
DEU,C27,D,0.0189477599924491
DEU,C27,E,0.0020043278088883
DEU,C27,F,0.030124917121903
DEU,C27,G,0.0017722760935336
DEU,C27,H49,0.0033840006152728
DEU,C27,H50,0.0021558273571894
DEU,C27,H51,0.0050211282305882
DEU,C27,H52,0.0015098229334412
DEU,C27,H53,0.0012526034981917
DEU,C27,HFCE,0.0083475310699961
DEU,C27,I,0.0071355106515326
DEU,C27,J58T60,0.0011058249689272
DEU,C27,J61,0.004010534482947
DEU,C27,J62_63,0.0015245986260759
DEU,C27,K,0.0005940259816681
DEU,C27,L,0.000318161133219
DEU,C27,M,0.0008400044368997
DEU,C27,N,0.0021750307478274
DEU,C27,O,0.0015492703066203
DEU,C27,P,0.0004936218268622
DEU,C27,Q,0.0010306360401757
DEU,C27,R,0.0011643630964665
DEU,C27,S,0.0049671276215029
DEU,C27,T,0.0
DEU,C28,A01_02,0.028262418633524
DEU,C28,A03,0.0065667966345167
DEU,C28,B05_06,0.0298647683065604
DEU,C28,B07_08,0.0170677834829752
DEU,C28,B09,0.0352776807544533
DEU,C28,C10T12,0.0068429123067988
DEU,C28,C13T15,0.0121508916099625
DEU,C28,C16,0.0039037621971944
DEU,C28,C17_18,0.007131209914121
DEU,C28,C19,0.005295899672748
DEU,C28,C20,0.0052618049247365
DEU,C28,C21,0.004097887715825
DEU,C28,C22,0.0065323542361293
DEU,C28,C23,0.0083681355273746
DEU,C28,C24,0.0086667776075409
DEU,C28,C25,0.0218526880096126
DEU,C28,C26,0.0113609691463183
DEU,C28,C27,0.0218542577569404
DEU,C28,C28,0.146274372815869
DEU,C28,C29,0.031379276958555
DEU,C28,C30,0.0349349890590015
DEU,C28,C31T33,0.0277134549572457
DEU,C28,D,0.0073693444598053
DEU,C28,E,0.0080501319619551
DEU,C28,F,0.0119382876243962
DEU,C28,G,0.0030963075715615
DEU,C28,H49,0.0038773643413389
DEU,C28,H50,0.0101142069022838
DEU,C28,H51,0.0115260280619009
DEU,C28,H52,0.0017551010273215
DEU,C28,H53,0.0015255443382646
DEU,C28,HFCE,0.004325290605161
DEU,C28,I,0.0037383522919733
DEU,C28,J58T60,0.0016437233009201
DEU,C28,J61,0.0031824434997893
DEU,C28,J62_63,0.0028533304497387
DEU,C28,K,0.0010455848353033
DEU,C28,L,0.0018861165170747
DEU,C28,M,0.0016784145052913
DEU,C28,N,0.0025779208995935
DEU,C28,O,0.0024190685107972
DEU,C28,P,0.0007931430453616
DEU,C28,Q,0.0021859476431391
DEU,C28,R,0.0010072664882131
DEU,C28,S,0.0015967965587979
DEU,C28,T,0.0
DEU,C29,A01_02,0.0085770866757887
DEU,C29,A03,0.0018469115534578
DEU,C29,B05_06,0.0019980416545372
DEU,C29,B07_08,0.0035856687989443
DEU,C29,B09,0.0059378274537198
DEU,C29,C10T12,0.0013487147092685
DEU,C29,C13T15,0.0022913109893072
DEU,C29,C16,0.0028807983078197
DEU,C29,C17_18,0.0021808390544122
DEU,C29,C19,0.0011276012477886
DEU,C29,C20,0.0017225231277737
DEU,C29,C21,0.0045812743456329
DEU,C29,C22,0.0031715934961867
DEU,C29,C23,0.0033090989816022
DEU,C29,C24,0.0013580693227442
DEU,C29,C25,0.0052443416223315
DEU,C29,C26,0.003238690138179
DEU,C29,C27,0.0074400450402992
DEU,C29,C28,0.0322194235803413
DEU,C29,C29,0.2479621305918549
DEU,C29,C30,0.0034455980171935
DEU,C29,C31T33,0.0047431088531434
DEU,C29,D,0.0025378794188028
DEU,C29,E,0.0065460372933991
DEU,C29,F,0.0036292358221394
DEU,C29,G,0.0109823764570825
DEU,C29,H49,0.020034821824513
DEU,C29,H50,0.0017142723563193
DEU,C29,H51,0.001935108969766
DEU,C29,H52,0.0138052201234626
DEU,C29,H53,0.0184072602263459
DEU,C29,HFCE,0.0408707640698697
DEU,C29,I,0.0019018174427699
DEU,C29,J58T60,0.001915283623868
DEU,C29,J61,0.002229288922401
DEU,C29,J62_63,0.0018439023195934
DEU,C29,K,0.0013565348277928
DEU,C29,L,0.0004887636641783
DEU,C29,M,0.0017736210819248
DEU,C29,N,0.0034949550520048
DEU,C29,O,0.0022810094938671
DEU,C29,P,0.0007406589647786
DEU,C29,Q,0.0010228438175015
DEU,C29,R,0.0015909881992724
DEU,C29,S,0.0010103079548781
DEU,C29,T,0.0
DEU,C30,A01_02,0.000348271103553
DEU,C30,A03,0.0125179560845475
DEU,C30,B05_06,2.6464127874665893e-05
DEU,C30,B07_08,0.0002294828031324
DEU,C30,B09,0.0
DEU,C30,C10T12,1.4433836989339337e-05
DEU,C30,C13T15,4.901199977127733e-05
DEU,C30,C16,0.0001253955735362
DEU,C30,C17_18,1.67242258773947e-05
DEU,C30,C19,5.17661251479836e-05
DEU,C30,C20,2.628338229948824e-05
DEU,C30,C21,1.666850447613455e-05
DEU,C30,C22,0.0003761220051285
DEU,C30,C23,1.5608957460387935e-05
DEU,C30,C24,0.0001338941585804
DEU,C30,C25,6.001022243099342e-05
DEU,C30,C26,5.583948514101837e-05
DEU,C30,C27,0.0009169388400147
DEU,C30,C28,0.0001064222467044
DEU,C30,C29,0.0001075779891522
DEU,C30,C30,0.294015291995834
DEU,C30,C31T33,0.0225753738683271
DEU,C30,D,5.496610423572131e-05
DEU,C30,E,2.376673291171904e-05
DEU,C30,F,4.768174087617798e-05
DEU,C30,G,4.90722808627459e-05
DEU,C30,H49,0.0002323636786115
DEU,C30,H50,0.0004493471479443
DEU,C30,H51,0.0194018651516775
DEU,C30,H52,7.50974904720059e-05
DEU,C30,H53,9.74788714546122e-06
DEU,C30,HFCE,0.0030960609608368
DEU,C30,I,1.4780964581113622e-05
DEU,C30,J58T60,1.3055784757110182e-05
DEU,C30,J61,4.856838610895589e-06
DEU,C30,J62_63,4.080558383609213e-06
DEU,C30,K,2.787400331081217e-06
DEU,C30,L,1.355525217610209e-06
DEU,C30,M,5.899163480397125e-05
DEU,C30,N,0.0008086606620792
DEU,C30,O,0.0124591003462034
DEU,C30,P,1.357346911628572e-06
DEU,C30,Q,5.08786304022735e-05
DEU,C30,R,0.0001355343286892
DEU,C30,S,2.637879777749836e-06
DEU,C30,T,0.0
DEU,C31T33,A01_02,0.0020153093565436
DEU,C31T33,A03,0.0032833983172583
DEU,C31T33,B05_06,0.033741763040199
DEU,C31T33,B07_08,0.0433005364160523
DEU,C31T33,B09,0.0160670625218302
DEU,C31T33,C10T12,0.004208312531627
DEU,C31T33,C13T15,0.012248915609505
DEU,C31T33,C16,0.0147141805894251
DEU,C31T33,C17_18,0.0090845994966008
DEU,C31T33,C19,0.0040310056582625
DEU,C31T33,C20,0.0084933788313638
DEU,C31T33,C21,0.0025502811848485
DEU,C31T33,C22,0.0055643931935191
DEU,C31T33,C23,0.0115714404639675
DEU,C31T33,C24,0.017410066162842
DEU,C31T33,C25,0.0138913318337675
DEU,C31T33,C26,0.0155915199697141
DEU,C31T33,C27,0.0091348179950482
DEU,C31T33,C28,0.0138706018620004
DEU,C31T33,C29,0.011385174188324
DEU,C31T33,C30,0.0155242425671973
DEU,C31T33,C31T33,0.0384267541629127
DEU,C31T33,D,0.0112513949730999
DEU,C31T33,E,0.0012935893199092
DEU,C31T33,F,0.0021111034277974
DEU,C31T33,G,0.0009101374591262
DEU,C31T33,H49,0.0101258200228763
DEU,C31T33,H50,0.0190933577140957
DEU,C31T33,H51,0.0528459641976632
DEU,C31T33,H52,0.0011331242312348
DEU,C31T33,H53,0.000698598578758
DEU,C31T33,HFCE,0.0181052921228237
DEU,C31T33,I,0.001907976178012
DEU,C31T33,J58T60,0.0014204693815735
DEU,C31T33,J61,0.0057189274643295
DEU,C31T33,J62_63,0.0010976702051908
DEU,C31T33,K,0.0005559315104767
DEU,C31T33,L,0.0006297382868097
DEU,C31T33,M,0.0012800501451672
DEU,C31T33,N,0.0011089380406072
DEU,C31T33,O,0.003247950562729
DEU,C31T33,P,0.0009994597759291
DEU,C31T33,Q,0.0276254920272957
DEU,C31T33,R,0.0020468763957725
DEU,C31T33,S,0.0020892007839778
DEU,C31T33,T,0.0
DEU,D,A01_02,0.0209035522195361
DEU,D,A03,0.028524522881182
DEU,D,B05_06,0.0258157567417365
DEU,D,B07_08,0.0265339491121884
DEU,D,B09,0.0258470136220747
DEU,D,C10T12,0.0132663942916721
DEU,D,C13T15,0.0203971605714799
DEU,D,C16,0.0191360244983352
DEU,D,C17_18,0.0330771739403112
DEU,D,C19,0.0269026301692977
DEU,D,C20,0.0230928361115723
DEU,D,C21,0.0118179696735793
DEU,D,C22,0.0248882143275934
DEU,D,C23,0.0391854205400005
DEU,D,C24,0.0386801096401881
DEU,D,C25,0.0147342340384879
DEU,D,C26,0.0089551391254968
DEU,D,C27,0.0103381973344571
DEU,D,C28,0.0097618545897334
DEU,D,C29,0.0078336335737212
DEU,D,C30,0.0047737590222412
DEU,D,C31T33,0.0075354506942992
DEU,D,D,0.1680519235360416
DEU,D,E,0.0225998995006722
DEU,D,F,0.0066960078857916
DEU,D,G,0.0176528329351066
DEU,D,H49,0.0361390974798359
DEU,D,H50,0.001179211590559
DEU,D,H51,0.0018899752328618
DEU,D,H52,0.0084054683085562
DEU,D,H53,0.0133952215857212
DEU,D,HFCE,0.02402760197273
DEU,D,I,0.0296456879615202
DEU,D,J58T60,0.0080018904776328
DEU,D,J61,0.0141722550665933
DEU,D,J62_63,0.0031364191876016
DEU,D,K,0.0061855510458171
DEU,D,L,0.0060026529564973
DEU,D,M,0.0080508776656987
DEU,D,N,0.0068635343727587
DEU,D,O,0.0111761809919395
DEU,D,P,0.0083861416690118
DEU,D,Q,0.013827299135407
DEU,D,R,0.015882159061856
DEU,D,S,0.01506405211747
DEU,D,T,0.0
DEU,E,A01_02,0.018022665308555
DEU,E,A03,0.0114918941104042
DEU,E,B05_06,0.0278799587159605
DEU,E,B07_08,0.0266343478385588
DEU,E,B09,0.0069856793573174
DEU,E,C10T12,0.012977293027268
DEU,E,C13T15,0.0198947875738243
DEU,E,C16,0.0140872027217439
DEU,E,C17_18,0.0617558764748676
DEU,E,C19,0.0025680499475586
DEU,E,C20,0.0164533973194796
DEU,E,C21,0.0045274222542485
DEU,E,C22,0.0551737794287813
DEU,E,C23,0.0261051141881954
DEU,E,C24,0.0400190512259922
DEU,E,C25,0.0348342096895126
DEU,E,C26,0.0020991860685216
DEU,E,C27,0.0027351775272612
DEU,E,C28,0.0024791787172477
DEU,E,C29,0.0024290620959713
DEU,E,C30,0.0008382655523661
DEU,E,C31T33,0.0033215530067369
DEU,E,D,0.0027938326920621
DEU,E,E,0.1706926757719661
DEU,E,F,0.0021581072292298
DEU,E,G,0.0040765263817949
DEU,E,H49,0.0019415458075537
DEU,E,H50,0.0002155827357189
DEU,E,H51,0.0003441447438942
DEU,E,H52,0.0021657147252249
DEU,E,H53,0.0022095210863045
DEU,E,HFCE,0.0096233133067136
DEU,E,I,0.0156702859500772
DEU,E,J58T60,0.0022299280365144
DEU,E,J61,0.0022098615679574
DEU,E,J62_63,0.0011466369057941
DEU,E,K,0.0021252378968754
DEU,E,L,0.0011330254354624
DEU,E,M,0.0024229845986279
DEU,E,N,0.0042182850921282
DEU,E,O,0.0124854978637808
DEU,E,P,0.00259208015224
DEU,E,Q,0.005503601038199
DEU,E,R,0.0105778382890639
DEU,E,S,0.0070141223290368
DEU,E,T,0.0
DEU,F,A01_02,0.0179570912514007
DEU,F,A03,0.0119023189000615
DEU,F,B05_06,0.0148066795458755
DEU,F,B07_08,0.015791285390551
DEU,F,B09,0.0195599022004889
DEU,F,C10T12,0.0071044194710762
DEU,F,C13T15,0.0119956869440201
DEU,F,C16,0.009404668015219
DEU,F,C17_18,0.0112420246347847
DEU,F,C19,0.0073057757491458
DEU,F,C20,0.0092908551138166
DEU,F,C21,0.0141374561810661
DEU,F,C22,0.0067878959513784
DEU,F,C23,0.0138954407969586
DEU,F,C24,0.0131436244383618
DEU,F,C25,0.0071460448779895
DEU,F,C26,0.0056606095021767
DEU,F,C27,0.0059222396354633
DEU,F,C28,0.0057061416596779
DEU,F,C29,0.0052681430278705
DEU,F,C30,0.003073640358676
DEU,F,C31T33,0.0047508534067861
DEU,F,D,0.0348263015584833
DEU,F,E,0.060972987410422
DEU,F,F,0.0850556384901475
DEU,F,G,0.0075960823757976
DEU,F,H49,0.0119683658124301
DEU,F,H50,0.0014129760027843
DEU,F,H51,0.0032665542084388
DEU,F,H52,0.0305228905024082
DEU,F,H53,0.0166835088494568
DEU,F,HFCE,0.0032353810508179
DEU,F,I,0.0186511138072685
DEU,F,J58T60,0.0125479147300585
DEU,F,J61,0.0187510396670151
DEU,F,J62_63,0.0037158584780741
DEU,F,K,0.0076495556419305
DEU,F,L,0.0956917535655154
DEU,F,M,0.010378883454623
DEU,F,N,0.0119898524968388
DEU,F,O,0.0352578443523171
DEU,F,P,0.018201117186998
DEU,F,Q,0.0174802472884783
DEU,F,R,0.0146854525460431
DEU,F,S,0.0139526254377781
DEU,F,T,0.0
DEU,G,A01_02,0.077093233194462
DEU,G,A03,0.1541145085163143
DEU,G,B05_06,0.0828327202477042
DEU,G,B07_08,0.0501993631852213
DEU,G,B09,0.0468040516940272
DEU,G,C10T12,0.1376631448104412
DEU,G,C13T15,0.1677272318839396
DEU,G,C16,0.079850581274481
DEU,G,C17_18,0.0709307867912064
DEU,G,C19,0.1777873807691095
DEU,G,C20,0.0874775068737455
DEU,G,C21,0.0896842472375159
DEU,G,C22,0.0810863730997542
DEU,G,C23,0.0647685018175763
DEU,G,C24,0.071475571010767
DEU,G,C25,0.0487013994797734
DEU,G,C26,0.0720424001514291
DEU,G,C27,0.0647306142337881
DEU,G,C28,0.0610340423907032
DEU,G,C29,0.0725058532205916
DEU,G,C30,0.0618719812460763
DEU,G,C31T33,0.0793343470093545
DEU,G,D,0.0384340767637734
DEU,G,E,0.0200421463396967
DEU,G,F,0.0469066301121718
DEU,G,G,0.0436142164237869
DEU,G,H49,0.0527220095858199
DEU,G,H50,0.0474515782993898
DEU,G,H51,0.0615003582490366
DEU,G,H52,0.0630316251278625
DEU,G,H53,0.1070366748007369
DEU,G,HFCE,0.1118415660427155
DEU,G,I,0.0869588781247883
DEU,G,J58T60,0.0244521792715916
DEU,G,J61,0.0230529844666159
DEU,G,J62_63,0.0080942976236868
DEU,G,K,0.006367661200781
DEU,G,L,0.0015611777577676
DEU,G,M,0.0125315087076436
DEU,G,N,0.0191839080128694
DEU,G,O,0.0246661043995422
DEU,G,P,0.0125617932181518
DEU,G,Q,0.0443086407728051
DEU,G,R,0.0209092505259656
DEU,G,S,0.0169773942495979
DEU,G,T,0.0
DEU,H49,A01_02,0.0104554191129433
DEU,H49,A03,0.0182639031397496
DEU,H49,B05_06,0.0275491571175271
DEU,H49,B07_08,0.0259315567539657
DEU,H49,B09,0.0185120502968913
DEU,H49,C10T12,0.0221219778092492
DEU,H49,C13T15,0.0154387799279523
DEU,H49,C16,0.0216472358525744
DEU,H49,C17_18,0.017550402635738
DEU,H49,C19,0.0850855041345379
DEU,H49,C20,0.017329082690726
DEU,H49,C21,0.0097087627610223
DEU,H49,C22,0.0142959549184589
DEU,H49,C23,0.0315838582567916
DEU,H49,C24,0.0300936685277954
DEU,H49,C25,0.0101700082703743
DEU,H49,C26,0.0107798599280711
DEU,H49,C27,0.0107110638465995
DEU,H49,C28,0.0110979664511822
DEU,H49,C29,0.0138306174780981
DEU,H49,C30,0.0090249628949555
DEU,H49,C31T33,0.0131803697938313
DEU,H49,D,0.0137731732098539
DEU,H49,E,0.0023291398253484
DEU,H49,F,0.0085418110112732
DEU,H49,G,0.0202533571190768
DEU,H49,H49,0.0411005529273732
DEU,H49,H50,0.0193011483027404
DEU,H49,H51,0.0134554953145539
DEU,H49,H52,0.0782939788164514
DEU,H49,H53,0.0200351573796379
DEU,H49,HFCE,0.0157574495122663
DEU,H49,I,0.0079053525567989
DEU,H49,J58T60,0.0047588335439666
DEU,H49,J61,0.001393912681327
DEU,H49,J62_63,0.0006411577360245
DEU,H49,K,0.0006618527230578
DEU,H49,L,0.0003100279819134
DEU,H49,M,0.0012636509262256
DEU,H49,N,0.0081726573323847
DEU,H49,O,0.0054040997984549
DEU,H49,P,0.0120749581258477
DEU,H49,Q,0.0038541708444821
DEU,H49,R,0.001877458484911
DEU,H49,S,0.0059035749426041
DEU,H49,T,0.0
DEU,H50,A01_02,0.0008641203531672
DEU,H50,A03,0.0047198850810588
DEU,H50,B05_06,0.0020377378463492
DEU,H50,B07_08,0.0045896560626488
DEU,H50,B09,0.0013971358714634
DEU,H50,C10T12,0.0014849871114326
DEU,H50,C13T15,0.0014744443264525
DEU,H50,C16,0.0009008681993525
DEU,H50,C17_18,0.0010285398914597
DEU,H50,C19,0.0050865844710627
DEU,H50,C20,0.0016122611337369
DEU,H50,C21,0.000750082701426
DEU,H50,C22,0.0011106661563207
DEU,H50,C23,0.0014984599161972
DEU,H50,C24,0.0021595215005327
DEU,H50,C25,0.0007808226642745
DEU,H50,C26,0.0009890213893621
DEU,H50,C27,0.0010091265869462
DEU,H50,C28,0.0008538529096054
DEU,H50,C29,0.0016202712138904
DEU,H50,C30,0.0013227177222401
DEU,H50,C31T33,0.0011831956954049
DEU,H50,D,0.0012736590213812
DEU,H50,E,0.0002648293095877
DEU,H50,F,0.0006928541114993
DEU,H50,G,0.0019507765151718
DEU,H50,H49,0.0013729093405289
DEU,H50,H50,0.2106035537385422
DEU,H50,H51,0.0027982916880581
DEU,H50,H52,0.0026477921640613
DEU,H50,H53,0.0014264408189524
DEU,H50,HFCE,0.0029735287487343
DEU,H50,I,0.0005998608125835
DEU,H50,J58T60,0.0001880033005023
DEU,H50,J61,0.000219771947143
DEU,H50,J62_63,7.702053949062389e-05
DEU,H50,K,8.919681059459895e-05
DEU,H50,L,6.700167504187605e-05
DEU,H50,M,0.000159892384681
DEU,H50,N,0.0016360436547141
DEU,H50,O,0.0002560559205012
DEU,H50,P,9.637163072562862e-05
DEU,H50,Q,0.0002956460955807
DEU,H50,R,0.0001663375852095
DEU,H50,S,0.0001802551181462
DEU,H50,T,0.0
DEU,H51,A01_02,0.0003672147200643
DEU,H51,A03,0.0018469115534578
DEU,H51,B05_06,0.0027655013629025
DEU,H51,B07_08,0.0013625541435988
DEU,H51,B09,0.0013971358714634
DEU,H51,C10T12,0.0006822110600549
DEU,H51,C13T15,0.0009312279956542
DEU,H51,C16,0.0006368775182236
DEU,H51,C17_18,0.0006488999640429
DEU,H51,C19,0.0015709893631866
DEU,H51,C20,0.0008615820929393
DEU,H51,C21,0.0006628936010893
DEU,H51,C22,0.0006183888260789
DEU,H51,C23,0.0006937314426839
DEU,H51,C24,0.0008980472493357
DEU,H51,C25,0.0010146555999539
DEU,H51,C26,0.0042494794624266
DEU,H51,C27,0.0016955960596323
DEU,H51,C28,0.0019601492881377
DEU,H51,C29,0.0011087867745576
DEU,H51,C30,0.0020122002111993
DEU,H51,C31T33,0.0016685210570111
DEU,H51,D,0.0003403456757221
DEU,H51,E,0.0002093735994603
DEU,H51,F,0.0003319643476166
DEU,H51,G,0.0004864289840519
DEU,H51,H49,0.0003002727818677
DEU,H51,H50,0.0005584372069828
DEU,H51,H51,0.0305668233183451
DEU,H51,H52,0.0004233318212897
DEU,H51,H53,0.0063263787574043
DEU,H51,HFCE,0.0027593868237253
DEU,H51,I,0.000283301821138
DEU,H51,J58T60,0.0007611522513395
DEU,H51,J61,0.000369119734428
DEU,H51,J62_63,0.000563627126736
DEU,H51,K,0.00030940143675
DEU,H51,L,3.0596140626059005e-05
DEU,H51,M,0.0004211410530986
DEU,H51,N,0.0037678690243361
DEU,H51,O,0.0005358696068221
DEU,H51,P,8.144081469771433e-05
DEU,H51,Q,0.0001886176253201
DEU,H51,R,0.000442026731066
DEU,H51,S,0.0002075132091829
DEU,H51,T,0.0
DEU,H52,A01_02,0.0046470148503381
DEU,H52,A03,0.0178534783500923
DEU,H52,B05_06,0.0068012808637891
DEU,H52,B07_08,0.010312383465764
DEU,H52,B09,0.0108278030038421
DEU,H52,C10T12,0.0310815698580729
DEU,H52,C13T15,0.0080543052957465
DEU,H52,C16,0.0094904649865859
DEU,H52,C17_18,0.0055440808783563
DEU,H52,C19,0.0238934428074345
DEU,H52,C20,0.0074574289339011
DEU,H52,C21,0.0043068851181027
DEU,H52,C22,0.0095512864478816
DEU,H52,C23,0.0146498737408774
DEU,H52,C24,0.0079762663040047
DEU,H52,C25,0.0059989529250844
DEU,H52,C26,0.0100842324436872
DEU,H52,C27,0.0076384133171785
DEU,H52,C28,0.0114494073589039
DEU,H52,C29,0.0113472773966909
DEU,H52,C30,0.0033258457954269
DEU,H52,C31T33,0.0073461393830344
DEU,H52,D,0.0039447896019676
DEU,H52,E,0.0014542977043599
DEU,H52,F,0.0042314720279925
DEU,H52,G,0.0561816275527362
DEU,H52,H49,0.1292555689555579
DEU,H52,H50,0.2944184850507658
DEU,H52,H51,0.1760779910973704
DEU,H52,H52,0.2338638809535201
DEU,H52,H53,0.1682306610042273
DEU,H52,HFCE,0.0047591704144719
DEU,H52,I,0.0044453750977699
DEU,H52,J58T60,0.0015758332201831
DEU,H52,J61,0.001987661201509
DEU,H52,J62_63,0.0007467421842004
DEU,H52,K,0.0007631282684204
DEU,H52,L,0.0003139009111065
DEU,H52,M,0.0013169483877859
DEU,H52,N,0.0021624291791842
DEU,H52,O,0.001745139887045
DEU,H52,P,0.0009682407969617
DEU,H52,Q,0.0012809038978302
DEU,H52,R,0.0007562199475728
DEU,H52,S,0.0010173423009521
DEU,H52,T,0.0
DEU,H53,A01_02,0.0002229517943247
DEU,H53,A03,0.0006156371844859
DEU,H53,B05_06,0.0071850107179717
DEU,H53,B07_08,0.0046183414130403
DEU,H53,B09,0.0010478519035976
DEU,H53,C10T12,0.0021638019745489
DEU,H53,C13T15,0.0079031849631184
DEU,H53,C16,0.0004454842744051
DEU,H53,C17_18,0.0046777659779072
DEU,H53,C19,0.0028831481006333
DEU,H53,C20,0.0098928086742854
DEU,H53,C21,0.0190738978913059
DEU,H53,C22,0.0036804644443018
DEU,H53,C23,0.0016094569470266
DEU,H53,C24,0.000971689036555
DEU,H53,C25,0.0044876610015637
DEU,H53,C26,0.0135604770017035
DEU,H53,C27,0.0131548622451667
DEU,H53,C28,0.0110636709098854
DEU,H53,C29,0.003713152093761
DEU,H53,C30,0.0007747605862778
DEU,H53,C31T33,0.0083692809698246
DEU,H53,D,0.0033629261955127
DEU,H53,E,0.0006145398081458
DEU,H53,F,0.0005468711512812
DEU,H53,G,0.0346447235873432
DEU,H53,H49,0.0208947310717692
DEU,H53,H50,0.0006285665306504
DEU,H53,H51,0.0070521463912756
DEU,H53,H52,0.0053397949475135
DEU,H53,H53,0.0542827342173583
DEU,H53,HFCE,0.0013426925430899
DEU,H53,I,0.0114651015267504
DEU,H53,J58T60,0.0085763450069456
DEU,H53,J61,0.0336275363321883
DEU,H53,J62_63,0.0010986903447867
DEU,H53,K,0.0076569887094801
DEU,H53,L,0.0001891925910864
DEU,H53,M,0.0048605462807596
DEU,H53,N,0.0052962592783549
DEU,H53,O,0.0071579508663005
DEU,H53,P,9.727652866671432e-05
DEU,H53,Q,0.0025714334824932
DEU,H53,R,0.0084739758687288
DEU,H53,S,0.0025253302405658
DEU,H53,T,0.0
DEU,I,A01_02,3.4972830482319046e-05
DEU,I,A03,0.0012312743689718
DEU,I,B05_06,0.0004895863656813
DEU,I,B07_08,8.60560511746651e-05
DEU,I,B09,0.0041914076143904
DEU,I,C10T12,0.0002199037517787
DEU,I,C13T15,0.0004574453311985
DEU,I,C16,0.0001154959229939
DEU,I,C17_18,0.0002207597815816
DEU,I,C19,0.0005379175613203
DEU,I,C20,0.001420584760382
DEU,I,C21,0.000620581243573
DEU,I,C22,0.0004679400240275
DEU,I,C23,0.0002601492910064
DEU,I,C24,0.0001989284641766
DEU,I,C25,0.0015995828254882
DEU,I,C26,0.0010136286201022
DEU,I,C27,0.0009095308960649
DEU,I,C28,0.0017214947481858
DEU,I,C29,0.0004239550754317
DEU,I,C30,0.0002540198643533
DEU,I,C31T33,0.000634192892737
DEU,I,D,0.0002798274397454
DEU,I,E,0.0002105053486466
DEU,I,F,0.0020067007534618
DEU,I,G,0.0023370673760882
DEU,I,H49,0.0074880013614547
DEU,I,H50,0.0015895980031324
DEU,I,H51,0.022561226734969
DEU,I,H52,0.0067799710147911
DEU,I,H53,0.0003103077407971
DEU,I,HFCE,0.0287067405211082
DEU,I,I,0.0005161020132905
DEU,I,J58T60,0.0068647316252885
DEU,I,J61,0.0014582657929214
DEU,I,J62_63,0.0006824733896586
DEU,I,K,0.002011264194449
DEU,I,L,0.0001065055528122
DEU,I,M,0.0006983334065983
DEU,I,N,0.0174952978146719
DEU,I,O,0.0018037423760669
DEU,I,P,0.0001778124454233
DEU,I,Q,0.0003866317544533
DEU,I,R,0.0088466952726242
DEU,I,S,0.0042689687736584
DEU,I,T,0.0
DEU,J58T60,A01_02,0.0005785089042283
DEU,J58T60,A03,0.0004104247896572
DEU,J58T60,B05_06,0.0008468520919893
DEU,J58T60,B07_08,0.0019792891770172
DEU,J58T60,B09,0.0010478519035976
DEU,J58T60,C10T12,0.0032722357504066
DEU,J58T60,C13T15,0.002005407657308
DEU,J58T60,C16,0.0003959860216934
DEU,J58T60,C17_18,0.0026742037177954
DEU,J58T60,C19,0.0021651744518417
DEU,J58T60,C20,0.0027251380037835
DEU,J58T60,C21,0.0056878066043179
DEU,J58T60,C22,0.0013440830477387
DEU,J58T60,C23,0.0019042928101673
DEU,J58T60,C24,0.0010721096554903
DEU,J58T60,C25,0.0013595419357642
DEU,J58T60,C26,0.0031951542684081
DEU,J58T60,C27,0.0019293578464942
DEU,J58T60,C28,0.0013912675773488
DEU,J58T60,C29,0.001812689117215
DEU,J58T60,C30,0.0023315394692436
DEU,J58T60,C31T33,0.0016117276636316
DEU,J58T60,D,0.0011615059602134
DEU,J58T60,E,0.0053588323969995
DEU,J58T60,F,0.0006397488550732
DEU,J58T60,G,0.0039498585568179
DEU,J58T60,H49,0.0028366368793885
DEU,J58T60,H50,0.001745440944616
DEU,J58T60,H51,0.0021833445227389
DEU,J58T60,H52,0.0018035510211744
DEU,J58T60,H53,0.0032362985322931
DEU,J58T60,HFCE,0.0097890212392222
DEU,J58T60,I,0.0081406162430483
DEU,J58T60,J58T60,0.1139704730371933
DEU,J58T60,J61,0.0047172045008323
DEU,J58T60,J62_63,0.0089762083043443
DEU,J58T60,K,0.004444354972335
DEU,J58T60,L,0.0005298167136259
DEU,J58T60,M,0.0208005870920381
DEU,J58T60,N,0.0073477946534784
DEU,J58T60,O,0.0100115225164225
DEU,J58T60,P,0.0114754632398784
DEU,J58T60,Q,0.0053450063884766
DEU,J58T60,R,0.0227666868941384
DEU,J58T60,S,0.0083550445493929
DEU,J58T60,T,0.0
DEU,J61,A01_02,0.0018302447952413
DEU,J61,A03,0.0014364867638005
DEU,J61,B05_06,0.0126630851880276
DEU,J61,B07_08,0.0080605834600269
DEU,J61,B09,0.0048899755501222
DEU,J61,C10T12,0.0014862606852846
DEU,J61,C13T15,0.0011803723278249
DEU,J61,C16,0.0017588379130216
DEU,J61,C17_18,0.0026206861949877
DEU,J61,C19,0.0012964038297929
DEU,J61,C20,0.0024347386822794
DEU,J61,C21,0.0027464566606061
DEU,J61,C22,0.0027003347485845
DEU,J61,C23,0.0043583677886616
DEU,J61,C24,0.0016679386611731
DEU,J61,C25,0.0028515202244796
DEU,J61,C26,0.0060969146318379
DEU,J61,C27,0.004159148975399
DEU,J61,C28,0.0031102873895648
DEU,J61,C29,0.0024696483373332
DEU,J61,C30,0.0031480318903795
DEU,J61,C31T33,0.0028147149961234
DEU,J61,D,0.0018516359356174
DEU,J61,E,0.0032945218812387
DEU,J61,F,0.0015866042781594
DEU,J61,G,0.0050933960517976
DEU,J61,H49,0.0032310005874546
DEU,J61,H50,0.0012181723259299
DEU,J61,H51,0.0031311529977263
DEU,J61,H52,0.0029378865022556
DEU,J61,H53,0.0428874541443142
DEU,J61,HFCE,0.0134472349038505
DEU,J61,I,0.0107728596855349
DEU,J61,J58T60,0.0372246534994725
DEU,J61,J61,0.2246664262531554
DEU,J61,J62_63,0.00904200730828
DEU,J61,K,0.0078861749589245
DEU,J61,L,0.0014438280032145
DEU,J61,M,0.0081048584280483
DEU,J61,N,0.0096135566955374
DEU,J61,O,0.0078413825963806
DEU,J61,P,0.0011365518140036
DEU,J61,Q,0.0024804478236207
DEU,J61,R,0.0133793944695833
DEU,J61,S,0.0045178087660262
DEU,J61,T,0.0
DEU,J62_63,A01_02,0.0015810633780548
DEU,J62_63,A03,0.0032833983172583
DEU,J62_63,B05_06,0.0175589488448408
DEU,J62_63,B07_08,0.0122343019419982
DEU,J62_63,B09,0.0055885434858539
DEU,J62_63,C10T12,0.0062146158731452
DEU,J62_63,C13T15,0.0095287496221991
DEU,J62_63,C16,0.0053689104774601
DEU,J62_63,C17_18,0.013300776840292
DEU,J62_63,C19,0.0064572614369376
DEU,J62_63,C20,0.0173707514675422
DEU,J62_63,C21,0.0274979036150139
DEU,J62_63,C22,0.0081452538934158
DEU,J62_63,C23,0.0106418403307711
DEU,J62_63,C24,0.0086323476810488
DEU,J62_63,C25,0.0140755011370902
DEU,J62_63,C26,0.0219572212757902
DEU,J62_63,C27,0.0184614194279091
DEU,J62_63,C28,0.0172577285179093
DEU,J62_63,C29,0.0105974099132139
DEU,J62_63,C30,0.0131092394282375
DEU,J62_63,C31T33,0.0130865746441592
DEU,J62_63,D,0.008685199682418
DEU,J62_63,E,0.0316821867205077
DEU,J62_63,F,0.0038687744255932
DEU,J62_63,G,0.0179501802869593
DEU,J62_63,H49,0.019002276182232
DEU,J62_63,H50,0.0024285525047856
DEU,J62_63,H51,0.0298051915080874
DEU,J62_63,H52,0.0241474769362888
DEU,J62_63,H53,0.0462992146452256
DEU,J62_63,HFCE,0.0033343234000392
DEU,J62_63,I,0.006460513268995
DEU,J62_63,J58T60,0.0773463856365478
DEU,J62_63,J61,0.0638443577498752
DEU,J62_63,J62_63,0.2978394463498385
DEU,J62_63,K,0.0401150267203292
DEU,J62_63,L,0.0017956836204142
DEU,J62_63,M,0.0442009059201863
DEU,J62_63,N,0.0189567197324723
DEU,J62_63,O,0.0296824246647845
DEU,J62_63,P,0.0227649699528638
DEU,J62_63,Q,0.0164865097144952
DEU,J62_63,R,0.0183448794206523
DEU,J62_63,S,0.0106543964223315
DEU,J62_63,T,0.0
DEU,K,A01_02,0.0234696836561762
DEU,K,A03,0.0043094602914016
DEU,K,B05_06,0.0140524519014475
DEU,K,B07_08,0.0249562548406528
DEU,K,B09,0.030736989172197
DEU,K,C10T12,0.0101215159264655
DEU,K,C13T15,0.0089038466251153
DEU,K,C16,0.0143412937523305
DEU,K,C17_18,0.0136402786256031
DEU,K,C19,0.0109564129226253
DEU,K,C20,0.0110191477645342
DEU,K,C21,0.0124603481922365
DEU,K,C22,0.0101442317265548
DEU,K,C23,0.0126137719566001
DEU,K,C24,0.0072360228844244
DEU,K,C25,0.0086863072537183
DEU,K,C26,0.0090516751845542
DEU,K,C27,0.0092698071959121
DEU,K,C28,0.0089433579082689
DEU,K,C29,0.008845111167182
DEU,K,C30,0.0076459979170371
DEU,K,C31T33,0.0093528392824412
DEU,K,D,0.0153455369189
DEU,K,E,0.0158433568586264
DEU,K,F,0.0163543851608998
DEU,K,G,0.0184912021834711
DEU,K,H49,0.0468180085123651
DEU,K,H50,0.00890122934107
DEU,K,H51,0.0122425261352545
DEU,K,H52,0.0256669898685006
DEU,K,H53,0.0114732631702078
DEU,K,HFCE,0.0446092990467621
DEU,K,I,0.0179835069070215
DEU,K,J58T60,0.0119447374742801
DEU,K,J61,0.0123302990234111
DEU,K,J62_63,0.008801764433445
DEU,K,K,0.2686775179129185
DEU,K,L,0.0540110959421384
DEU,K,M,0.0150239622198438
DEU,K,N,0.0168274146765789
DEU,K,O,0.0189454983653337
DEU,K,P,0.0127097440315194
DEU,K,Q,0.0126518194266986
DEU,K,R,0.0102528639327749
DEU,K,S,0.0221995169162833
DEU,K,T,0.0
DEU,L,A01_02,0.0086601471481842
DEU,L,A03,0.0018469115534578
DEU,L,B05_06,0.0045518299944425
DEU,L,B07_08,0.0056653567023321
DEU,L,B09,0.0059378274537198
DEU,L,C10T12,0.0152726976331903
DEU,L,C13T15,0.0159983335920077
DEU,L,C16,0.0169383020779366
DEU,L,C17_18,0.0168228988100713
DEU,L,C19,0.0048435087529765
DEU,L,C20,0.0083850400116416
DEU,L,C21,0.0114410050338883
DEU,L,C22,0.0120480728172201
DEU,L,C23,0.0166616949246607
DEU,L,C24,0.006466131472587
DEU,L,C25,0.0149218522051687
DEU,L,C26,0.0103672155971985
DEU,L,C27,0.0114214033609018
DEU,L,C28,0.0126794505359297
DEU,L,C29,0.0130423642121281
DEU,L,C30,0.0082012127634095
DEU,L,C31T33,0.0135521083686786
DEU,L,D,0.016425426542521
DEU,L,E,0.0131701652806511
DEU,L,F,0.0615510260161521
DEU,L,G,0.051918013100152
DEU,L,H49,0.0091595471199176
DEU,L,H50,0.0021740090336958
DEU,L,H51,0.0038194424855148
DEU,L,H52,0.01723002906394
DEU,L,H53,0.0134634567957395
DEU,L,HFCE,0.1559045836840255
DEU,L,I,0.060698031052343
DEU,L,J58T60,0.02109814816749
DEU,L,J61,0.0624723008422972
DEU,L,J62_63,0.0067752571261851
DEU,L,K,0.0379228912155078
DEU,L,L,0.0320916722340023
DEU,L,M,0.0396309902417814
DEU,L,N,0.0296802946030721
DEU,L,O,0.0242062596433431
DEU,L,P,0.0042471384864858
DEU,L,Q,0.0172093529590392
DEU,L,R,0.0137444130593486
DEU,L,S,0.0175199181905551
DEU,L,T,0.0
DEU,M,A01_02,0.0206514563998094
DEU,M,A03,0.0053355222655448
DEU,M,B05_06,0.0452139624738666
DEU,M,B07_08,0.0691316944436476
DEU,M,B09,0.0771917568983583
DEU,M,C10T12,0.0435829707893101
DEU,M,C13T15,0.0375840351579411
DEU,M,C16,0.0176312776159001
DEU,M,C17_18,0.0254944099275004
DEU,M,C19,0.0336502320472827
DEU,M,C20,0.0430041008486968
DEU,M,C21,0.0645007013593806
DEU,M,C22,0.0320411698721848
DEU,M,C23,0.0456405916141743
DEU,M,C24,0.0184391384102172
DEU,M,C25,0.0197723336320049
DEU,M,C26,0.0353047510883967
DEU,M,C27,0.0458387109519043
DEU,M,C28,0.0406140528278618
DEU,M,C29,0.0300020342019767
DEU,M,C30,0.0283939775519017
DEU,M,C31T33,0.0327947426527849
DEU,M,D,0.027394773223179
DEU,M,E,0.0652317595983648
DEU,M,F,0.0157198338415619
DEU,M,G,0.03054412111775
DEU,M,H49,0.0309501874454886
DEU,M,H50,0.00418957774355
DEU,M,H51,0.0138899075322565
DEU,M,H52,0.0190608332066567
DEU,M,H53,0.013749394818673
DEU,M,HFCE,0.0061325442516159
DEU,M,I,0.0080199050323025
DEU,M,J58T60,0.0394780819485497
DEU,M,J61,0.0209681864928889
DEU,M,J62_63,0.0291897643273505
DEU,M,K,0.0828898527788058
DEU,M,L,0.0368063825873103
DEU,M,M,0.2005346600908835
DEU,M,N,0.0718854683030943
DEU,M,O,0.0224534644762006
DEU,M,P,0.008720501458243
DEU,M,Q,0.0096763362802449
DEU,M,R,0.0197310259640649
DEU,M,S,0.0140484684030363
DEU,M,T,0.0
DEU,N,A01_02,0.0776396836707482
DEU,N,A03,0.0102606197414323
DEU,N,B05_06,0.0282107603143938
DEU,N,B07_08,0.0480479619058546
DEU,N,B09,0.0544882989870764
DEU,N,C10T12,0.0269844827761872
DEU,N,C13T15,0.0244937468856958
DEU,N,C16,0.0288112829617114
DEU,N,C17_18,0.0337227290591786
DEU,N,C19,0.0142919519430302
DEU,N,C20,0.0290399321504101
DEU,N,C21,0.0505119795259477
DEU,N,C22,0.0243185001139428
DEU,N,C23,0.036535366428948
DEU,N,C24,0.0150850897377778
DEU,N,C25,0.0244814116611588
DEU,N,C26,0.0255744841945864
DEU,N,C27,0.0268192264131064
DEU,N,C28,0.0272090924904785
DEU,N,C29,0.0225549479029138
DEU,N,C30,0.0372864872318729
DEU,N,C31T33,0.028593752554627
DEU,N,D,0.0275852113418947
DEU,N,E,0.0426001711204769
DEU,N,F,0.0337376564175781
DEU,N,G,0.0460925199582333
DEU,N,H49,0.0419866439975716
DEU,N,H50,0.0319062448864034
DEU,N,H51,0.0449926939763386
DEU,N,H52,0.0457779766919192
DEU,N,H53,0.030847188871812
DEU,N,HFCE,0.0165088035293908
DEU,N,I,0.0290470588959851
DEU,N,J58T60,0.0567887469580021
DEU,N,J61,0.0273646429434384
DEU,N,J62_63,0.0165578857810902
DEU,N,K,0.0456836331595337
DEU,N,L,0.0075434978360008
DEU,N,M,0.0253156109403744
DEU,N,N,0.0745814839031162
DEU,N,O,0.0339282013919411
DEU,N,P,0.0137567109493555
DEU,N,Q,0.0292987572550749
DEU,N,R,0.0352035017142012
DEU,N,S,0.0251302013493634
DEU,N,T,0.0
DEU,O,A01_02,0.0077260811340523
DEU,O,A03,0.0043094602914016
DEU,O,B05_06,0.0190277079418847
DEU,O,B07_08,0.0193195834887123
DEU,O,B09,0.0010478519035976
DEU,O,C10T12,0.0080031380859713
DEU,O,C13T15,0.0070577279670639
DEU,O,C16,0.0080286165898343
DEU,O,C17_18,0.0089491332669939
DEU,O,C19,0.00563575553785
DEU,O,C20,0.0090869986364694
DEU,O,C21,0.0096382421651618
DEU,O,C22,0.0063276996156918
DEU,O,C23,0.012220079362877
DEU,O,C24,0.0052964703587024
DEU,O,C25,0.0044621394127137
DEU,O,C26,0.0054571266325951
DEU,O,C27,0.0061609400516251
DEU,O,C28,0.0033903087164416
DEU,O,C29,0.004055445695609
DEU,O,C30,0.0026907961345434
DEU,O,C31T33,0.0043059718253138
DEU,O,D,0.0713981933363314
DEU,O,E,0.0131203683164551
DEU,O,F,0.013082875385239
DEU,O,G,0.0035759891169949
DEU,O,H49,0.0064570920831076
DEU,O,H50,0.0020986849453121
DEU,O,H51,0.0028321419907363
DEU,O,H52,0.0040637432344125
DEU,O,H53,0.0027586520621655
DEU,O,HFCE,0.0067476173635477
DEU,O,I,0.0066095546618546
DEU,O,J58T60,0.005389427947735
DEU,O,J61,0.0029663141816044
DEU,O,J62_63,0.0047247765384215
DEU,O,K,0.002842528915407
DEU,O,L,0.0048423233702229
DEU,O,M,0.0220435112276569
DEU,O,N,0.0099591997211812
DEU,O,O,0.025888309463378
DEU,O,P,0.0024672042363702
DEU,O,Q,0.0029285006273885
DEU,O,R,0.0042739518421887
DEU,O,S,0.0081923752964317
DEU,O,T,0.0
DEU,P,A01_02,0.0005100204445338
DEU,P,A03,0.0020521239482864
DEU,P,B05_06,0.0002381771508719
DEU,P,B07_08,0.0001577694271535
DEU,P,B09,0.0006985679357317
DEU,P,C10T12,0.000875794285559
DEU,P,C13T15,0.0010946013282251
DEU,P,C16,0.0014420490956669
DEU,P,C17_18,9.03108197379314e-05
DEU,P,C19,0.0009948098832786
DEU,P,C20,0.0015487963813552
DEU,P,C21,0.0027246593855219
DEU,P,C22,0.0003008976041028
DEU,P,C23,9.885673058245692e-05
DEU,P,C24,5.355766343216635e-05
DEU,P,C25,0.001078114685743
DEU,P,C26,0.0011669505962521
DEU,P,C27,0.0025203471527155
DEU,P,C28,0.0014877900801737
DEU,P,C29,0.003794324576485
DEU,P,C30,0.0019686539487387
DEU,P,C31T33,0.000879437091421
DEU,P,D,0.0003547812182487
DEU,P,E,0.0004730711598618
DEU,P,F,7.140962140697744e-05
DEU,P,G,0.0001594849128039
DEU,P,H49,0.0011372729340496
DEU,P,H50,0.0006727220307374
DEU,P,H51,0.0031706450175175
DEU,P,H52,0.0002888830883479
DEU,P,H53,0.0026384281207048
DEU,P,HFCE,0.0093689383640299
DEU,P,I,3.6952411452784056e-05
DEU,P,J58T60,0.0021620379557774
DEU,P,J61,0.0033135781422835
DEU,P,J62_63,0.0051313021673885
DEU,P,K,0.00523628637751
DEU,P,L,0.0010880994568216
DEU,P,M,0.0059267232788962
DEU,P,N,0.0007604146564164
DEU,P,O,0.0147609638789568
DEU,P,P,0.0720968385580632
DEU,P,Q,0.0021304853523402
DEU,P,R,0.0027291685276967
DEU,P,S,0.0038143741586262
DEU,P,T,0.0
DEU,Q,A01_02,0.0016262366174278
DEU,Q,A03,0.0
DEU,Q,B05_06,0.0001984809590599
DEU,Q,B07_08,0.0002294828031324
DEU,Q,B09,0.0006985679357317
DEU,Q,C10T12,0.00016556460076
DEU,Q,C13T15,0.0001511203326281
DEU,Q,C16,9.56966219092466e-05
DEU,Q,C17_18,0.0001020177778521
DEU,Q,C19,0.000121537859043
DEU,Q,C20,0.0004000202574361
DEU,Q,C21,0.0005744223081006
DEU,Q,C22,0.0002699228507393
DEU,Q,C23,0.0001040597164025
DEU,Q,C24,0.0002304892301277
DEU,Q,C25,0.0001338158982943
DEU,Q,C26,0.0003397690706038
DEU,Q,C27,0.0002584549333614
DEU,Q,C28,0.0001944592547755
DEU,Q,C29,0.000387280760948
DEU,Q,C30,0.0001542263462145
DEU,Q,C31T33,0.0002538492582868
DEU,Q,D,0.0001460210647878
DEU,Q,E,0.0003168897721562
DEU,Q,F,4.564792254496659e-05
DEU,Q,G,0.0002847725798816
DEU,Q,H49,0.0001071818376694
DEU,Q,H50,0.0001168822061126
DEU,Q,H51,0.0003102944412161
DEU,Q,H52,8.17593646267806e-05
DEU,Q,H53,0.0001153499978879
DEU,Q,HFCE,0.0450000996177236
DEU,Q,I,0.0010137278208547
DEU,Q,J58T60,0.0002780882153264
DEU,Q,J61,0.000162704093465
DEU,Q,J62_63,0.0005911708958253
DEU,Q,K,0.0001523778847657
DEU,Q,L,1.0069615902247268e-05
DEU,Q,M,0.0004366292043212
DEU,Q,N,0.0002041454120208
DEU,Q,O,0.0014914597431257
DEU,Q,P,0.0024816826034275
DEU,Q,Q,0.0413329284433316
DEU,Q,R,0.0047714244349912
DEU,Q,S,0.0038644938744035
DEU,Q,T,0.0
DEU,R,A01_02,0.0002914402540193
DEU,R,A03,0.0004104247896572
DEU,R,B05_06,0.0003043374705586
DEU,R,B07_08,0.0004159375806775
DEU,R,B09,0.0003492839678658
DEU,R,C10T12,0.001629325481326
DEU,R,C13T15,0.0006249029970837
DEU,R,C16,0.0002738903316712
DEU,R,C17_18,0.000673986302859
DEU,R,C19,0.0001620504787241
DEU,R,C20,0.0003089900065452
DEU,R,C21,0.0005462140697564
DEU,R,C22,0.0001913797261389
DEU,R,C23,0.0001474179315703
DEU,R,C24,0.0001291122243454
DEU,R,C25,9.104999265392105e-05
DEU,R,C26,0.0001826613666477
DEU,R,C27,0.0001580361375967
DEU,R,C28,0.0001347072292172
DEU,R,C29,0.0002425394664522
DEU,R,C30,0.0001868860430599
DEU,R,C31T33,0.0002392206569618
DEU,R,D,0.000633498231646
DEU,R,E,0.0002546435669112
DEU,R,F,0.0002311773503143
DEU,R,G,0.0001455299829335
DEU,R,H49,0.000112090929471
DEU,R,H50,0.0001090900590385
DEU,R,H51,0.0002256686845208
DEU,R,H52,0.0001253643590943
DEU,R,H53,0.0003639211200972
DEU,R,HFCE,0.0127353902889748
DEU,R,I,0.0026716593480362
DEU,R,J58T60,0.0493913393146235
DEU,R,J61,0.0009482977387773
DEU,R,J62_63,0.0002060681983722
DEU,R,K,0.0017526553859542
DEU,R,L,0.0001669232482257
DEU,R,M,0.0011014808722471
DEU,R,N,0.0002815550479723
DEU,R,O,0.0146786036241151
DEU,R,P,0.0045742590921882
DEU,R,Q,0.0005220789191728
DEU,R,R,0.1054487880458722
DEU,R,S,0.0068197985187425
DEU,R,T,0.0
DEU,S,A01_02,0.0019832509286015
DEU,S,A03,0.0065667966345167
DEU,S,B05_06,0.0040622436287612
DEU,S,B07_08,0.0049338802673474
DEU,S,B09,0.0013971358714634
DEU,S,C10T12,0.0024906859298957
DEU,S,C13T15,0.0038678636486166
DEU,S,C16,0.001534445834062
DEU,S,C17_18,0.003286310384908
DEU,S,C19,0.0027323511273761
DEU,S,C20,0.0025494880830503
DEU,S,C21,0.0045004962085563
DEU,S,C22,0.001584137386306
DEU,S,C23,0.0021956600160945
DEU,S,C24,0.0016000351950359
DEU,S,C25,0.001212620356709
DEU,S,C26,0.0027531705470376
DEU,S,C27,0.0019770979297265
DEU,S,C28,0.0011823122690354
DEU,S,C29,0.000992895940789
DEU,S,C30,0.0009053993736595
DEU,S,C31T33,0.0014069272450815
DEU,S,D,0.0021786564951613
DEU,S,E,0.0047227893543144
DEU,S,F,0.0027743541835869
DEU,S,G,0.0042335576805557
DEU,S,H49,0.0024987277270414
DEU,S,H50,0.001005186972569
DEU,S,H51,0.002211553108304
DEU,S,H52,0.0037470013995991
DEU,S,H53,0.0002030809821971
DEU,S,HFCE,0.0231215872185974
DEU,S,I,0.0067512055724236
DEU,S,J58T60,0.0034127821355086
DEU,S,J61,0.0016986793041607
DEU,S,J62_63,0.0019821312348381
DEU,S,K,0.0030419828946533
DEU,S,L,0.0002501912258789
DEU,S,M,0.0080542941696449
DEU,S,N,0.0019618842153471
DEU,S,O,0.0013615839566447
DEU,S,P,0.0010234395713679
DEU,S,Q,0.0052182681785106
DEU,S,R,0.0104238220064625
DEU,S,S,0.0537846100818006
DEU,S,T,0.0
DEU,T,A01_02,0.0
DEU,T,A03,0.0
DEU,T,B05_06,0.0
DEU,T,B07_08,0.0
DEU,T,B09,0.0
DEU,T,C10T12,0.0
DEU,T,C13T15,0.0
DEU,T,C16,0.0
DEU,T,C17_18,0.0
DEU,T,C19,0.0
DEU,T,C20,0.0
DEU,T,C21,0.0
DEU,T,C22,0.0
DEU,T,C23,0.0
DEU,T,C24,0.0
DEU,T,C25,0.0
DEU,T,C26,0.0
DEU,T,C27,0.0
DEU,T,C28,0.0
DEU,T,C29,0.0
DEU,T,C30,0.0
DEU,T,C31T33,0.0
DEU,T,D,0.0
DEU,T,E,0.0
DEU,T,F,0.0
DEU,T,G,0.0
DEU,T,H49,0.0
DEU,T,H50,0.0
DEU,T,H51,0.0
DEU,T,H52,0.0
DEU,T,H53,0.0
DEU,T,HFCE,0.0041325676967557
DEU,T,I,0.0
DEU,T,J58T60,0.0
DEU,T,J61,0.0
DEU,T,J62_63,0.0
DEU,T,K,0.0
DEU,T,L,0.0
DEU,T,M,0.0
DEU,T,N,0.0
DEU,T,O,0.0
DEU,T,P,0.0
DEU,T,Q,0.0
DEU,T,R,0.0
DEU,T,S,0.0
DEU,T,T,0.0
DEU,employees_compensation,A01_02,0.1349499524223785
DEU,employees_compensation,A03,0.1945413502975579
DEU,employees_compensation,B05_06,0.0
DEU,employees_compensation,B07_08,0.0
DEU,employees_compensation,B09,0.0
DEU,employees_compensation,C10T12,0.1713215790957286
DEU,employees_compensation,C13T15,0.2284490152672379
DEU,employees_compensation,C16,0.1989730762504083
DEU,employees_compensation,C17_18,0.2086163211720337
DEU,employees_compensation,C19,0.043292235531368
DEU,employees_compensation,C20,0.1969952324508741
DEU,employees_compensation,C21,0.1578020140682178
DEU,employees_compensation,C22,0.2550085069947631
DEU,employees_compensation,C23,0.2273722146682576
DEU,employees_compensation,C24,0.157445184687864
DEU,employees_compensation,C25,0.3117703498458013
DEU,employees_compensation,C26,0.2696801060003785
DEU,employees_compensation,C27,0.2838584193752305
DEU,employees_compensation,C28,0.2883158979986961
DEU,employees_compensation,C29,0.1851170252925632
DEU,employees_compensation,C30,0.2330033494333542
DEU,employees_compensation,C31T33,0.1797665791532105
DEU,employees_compensation,D,0.1414244549194663
DEU,employees_compensation,E,0.1862621493275146
DEU,employees_compensation,F,0.2394723913681134
DEU,employees_compensation,G,0.350073677429189
DEU,employees_compensation,H49,0.2823014149638936
DEU,employees_compensation,H50,0.0350958304221006
DEU,employees_compensation,H51,0.2868192563088502
DEU,employees_compensation,H52,0.246149588144771
DEU,employees_compensation,H53,0.2876650236061333
DEU,employees_compensation,HFCE,0.0
DEU,employees_compensation,I,0.4089424835715737
DEU,employees_compensation,J58T60,0.1152421064725358
DEU,employees_compensation,J61,0.2380688723999219
DEU,employees_compensation,J62_63,0.4071326120266297
DEU,employees_compensation,K,0.2604738890273986
DEU,employees_compensation,L,0.0
DEU,employees_compensation,M,0.3751403328995892
DEU,employees_compensation,N,0.32901399566218
DEU,employees_compensation,O,0.4919312027896896
DEU,employees_compensation,P,0.649149803139453
DEU,employees_compensation,Q,0.5364888015446936
DEU,employees_compensation,R,0.3543313999155991
DEU,employees_compensation,S,0.4375143434712915
DEU,employees_compensation,T,0.9998599194536858
ITA,A01_02,A01_02,0.0841475773593379
ITA,A01_02,A03,0.0031453134829104
ITA,A01_02,B05_06,0.0015399462045459
ITA,A01_02,B07_08,0.0016195134849286
ITA,A01_02,B09,0.0017820773930753
ITA,A01_02,C10T12,0.1354066471642777
ITA,A01_02,C13T15,0.013127819167807
ITA,A01_02,C16,0.0484334881371627
ITA,A01_02,C17_18,0.0047935740196925
ITA,A01_02,C19,0.0008439189210386
ITA,A01_02,C20,0.0024431467000198
ITA,A01_02,C21,0.0037703084828562
ITA,A01_02,C22,0.010496589407878
ITA,A01_02,C23,0.0033075670904709
ITA,A01_02,C24,0.0031771615808866
ITA,A01_02,C25,0.0012136681555997
ITA,A01_02,C26,0.0036489860921059
ITA,A01_02,C27,0.0016047575218537
ITA,A01_02,C28,0.0004863962018268
ITA,A01_02,C29,0.0008216160592978
ITA,A01_02,C30,0.000854928071246
ITA,A01_02,C31T33,0.0022743681237874
ITA,A01_02,D,0.0167585742835146
ITA,A01_02,E,0.0024531332223489
ITA,A01_02,F,0.0007496298552903
ITA,A01_02,G,0.0072605436289945
ITA,A01_02,H49,0.0018102036132851
ITA,A01_02,H50,0.0015846849242222
ITA,A01_02,H51,0.0011635122556624
ITA,A01_02,H52,0.000892320201376
ITA,A01_02,H53,0.0013727206891706
ITA,A01_02,HFCE,0.0408956408705656
ITA,A01_02,I,0.0253585043844448
ITA,A01_02,J58T60,0.0012025091531194
ITA,A01_02,J61,0.0009667902799663
ITA,A01_02,J62_63,0.0003470879457996
ITA,A01_02,K,0.0003984468729136
ITA,A01_02,L,0.0001413843631794
ITA,A01_02,M,0.0016898073824527
ITA,A01_02,N,0.0066061671784349
ITA,A01_02,O,0.001584847495142
ITA,A01_02,P,0.0007724134148557
ITA,A01_02,Q,0.0011204546565349
ITA,A01_02,R,0.0052540947700735
ITA,A01_02,S,0.0031023858149665
ITA,A01_02,T,0.0
ITA,A03,A01_02,2.3636959932398292e-05
ITA,A03,A03,0.0060110435451177
ITA,A03,B05_06,0.0
ITA,A03,B07_08,0.0
ITA,A03,B09,0.0
ITA,A03,C10T12,0.0009811220931929
ITA,A03,C13T15,2.0272667376210025e-05
ITA,A03,C16,7.015279278268068e-06
ITA,A03,C17_18,2.69908447054759e-06
ITA,A03,C19,1.5686225298116713e-05
ITA,A03,C20,2.187892567181976e-05
ITA,A03,C21,4.054095142856177e-05
ITA,A03,C22,1.998588996168705e-06
ITA,A03,C23,3.054078569225272e-06
ITA,A03,C24,3.3164525896520047e-06
ITA,A03,C25,2.085340473539115e-06
ITA,A03,C26,3.8654513687563296e-06
ITA,A03,C27,2.384483687747092e-06
ITA,A03,C28,3.059095608974163e-06
ITA,A03,C29,3.215718431694121e-06
ITA,A03,C30,3.020947248219152e-06
ITA,A03,C31T33,6.387839929644629e-05
ITA,A03,D,3.0310317025709213e-06
ITA,A03,E,4.890616471987527e-05
ITA,A03,F,2.394983563227805e-06
ITA,A03,G,5.912210410828775e-05
ITA,A03,H49,3.956729209366369e-06
ITA,A03,H50,0.0039989364530709
ITA,A03,H51,0.0
ITA,A03,H52,7.793189531668275e-06
ITA,A03,H53,0.0
ITA,A03,HFCE,0.0021290569435358
ITA,A03,I,0.001321981511876
ITA,A03,J58T60,0.0001404993512235
ITA,A03,J61,2.3695840195253725e-06
ITA,A03,J62_63,5.465951902356235e-06
ITA,A03,K,1.254950780830376e-06
ITA,A03,L,1.8126200407621995e-06
ITA,A03,M,5.367566043020554e-06
ITA,A03,N,1.6002019810500527e-05
ITA,A03,O,5.286741088316772e-06
ITA,A03,P,2.285246789513917e-06
ITA,A03,Q,4.729874253665259e-06
ITA,A03,R,1.007013851475527e-05
ITA,A03,S,2.1249217910729675e-05
ITA,A03,T,0.0
ITA,B05_06,A01_02,9.307052973381828e-05
ITA,B05_06,A03,0.0001397917103515
ITA,B05_06,B05_06,0.0275958359854629
ITA,B05_06,B07_08,0.0379759386567953
ITA,B05_06,B09,0.0096741344195519
ITA,B05_06,C10T12,0.0036705143625718
ITA,B05_06,C13T15,0.0003205615528863
ITA,B05_06,C16,7.015279278268068e-05
ITA,B05_06,C17_18,0.0009932630851615
ITA,B05_06,C19,0.469739702777403
ITA,B05_06,C20,0.0150235289613162
ITA,B05_06,C21,0.0035067922985705
ITA,B05_06,C22,7.794497085057948e-05
ITA,B05_06,C23,0.0027639411051488
ITA,B05_06,C24,0.0272015441403257
ITA,B05_06,C25,0.000149101843858
ITA,B05_06,C26,7.73090273751266e-05
ITA,B05_06,C27,0.0001454535049525
ITA,B05_06,C28,0.0003127925260176
ITA,B05_06,C29,0.0004083962408251
ITA,B05_06,C30,0.0002024034656306
ITA,B05_06,C31T33,0.0004813163109778
ITA,B05_06,D,0.0429406261303222
ITA,B05_06,E,0.0028267763208087
ITA,B05_06,F,0.0003046419092425
ITA,B05_06,G,0.0006104294884091
ITA,B05_06,H49,0.0001810203613285
ITA,B05_06,H50,0.0013400691305503
ITA,B05_06,H51,0.0030716723549488
ITA,B05_06,H52,0.0125483340109078
ITA,B05_06,H53,0.005944853378298
ITA,B05_06,HFCE,0.0004965677450536
ITA,B05_06,I,0.0054982660572255
ITA,B05_06,J58T60,0.0005743944064728
ITA,B05_06,J61,0.0003151546745968
ITA,B05_06,J62_63,0.0001257168937541
ITA,B05_06,K,0.0007259890267103
ITA,B05_06,L,0.0003396849956388
ITA,B05_06,M,0.0007714656285468
ITA,B05_06,N,0.0011085843724274
ITA,B05_06,O,0.0033929129473464
ITA,B05_06,P,0.0021824106839857
ITA,B05_06,Q,0.0064809788106888
ITA,B05_06,R,0.0032979703635823
ITA,B05_06,S,0.0007673328689985
ITA,B05_06,T,0.0
ITA,B07_08,A01_02,0.0002275057393493
ITA,B07_08,A03,6.989585517578807e-05
ITA,B07_08,B05_06,0.0002258587766667
ITA,B07_08,B07_08,0.0003635642517186
ITA,B07_08,B09,0.0030549898167006
ITA,B07_08,C10T12,0.0001900147851373
ITA,B07_08,C13T15,5.321575186255132e-05
ITA,B07_08,C16,0.0003577792431916
ITA,B07_08,C17_18,0.0018569701157367
ITA,B07_08,C19,0.0001003918419079
ITA,B07_08,C20,0.0004156995877645
ITA,B07_08,C21,0.0001385149173809
ITA,B07_08,C22,0.0003137784723984
ITA,B07_08,C23,0.0122224224340395
ITA,B07_08,C24,0.0012055305163385
ITA,B07_08,C25,0.0009404885535661
ITA,B07_08,C26,0.0003942760396131
ITA,B07_08,C27,0.0006247347261897
ITA,B07_08,C28,0.0003357357430849
ITA,B07_08,C29,0.0005289856820136
ITA,B07_08,C30,0.0002839690413326
ITA,B07_08,C31T33,0.000306022098955
ITA,B07_08,D,7.880682426684395e-05
ITA,B07_08,E,0.0007022925253774
ITA,B07_08,F,0.0011160623404641
ITA,B07_08,G,0.0008558984776182
ITA,B07_08,H49,0.0016806207316783
ITA,B07_08,H50,0.0001063546929008
ITA,B07_08,H51,4.654049022649705e-05
ITA,B07_08,H52,0.0001013114639116
ITA,B07_08,H53,4.323529729671304e-05
ITA,B07_08,HFCE,0.0020087477515108
ITA,B07_08,I,6.975005503715282e-05
ITA,B07_08,J58T60,2.066166929758589e-05
ITA,B07_08,J61,1.6587088136677605e-05
ITA,B07_08,J62_63,7.379035068180918e-05
ITA,B07_08,K,2.760891717826827e-05
ITA,B07_08,L,3.8790068872311066e-05
ITA,B07_08,M,9.417638602754244e-05
ITA,B07_08,N,5.778507153791856e-05
ITA,B07_08,O,1.9972133000307803e-05
ITA,B07_08,P,1.9424597710868293e-05
ITA,B07_08,Q,7.567798805864414e-05
ITA,B07_08,R,5.538576183115399e-05
ITA,B07_08,S,0.0003140162202363
ITA,B07_08,T,0.0
ITA,B09,A01_02,2.659157992394808e-05
ITA,B09,A03,0.0002795834207031
ITA,B09,B05_06,0.0117857216187914
ITA,B09,B07_08,0.0039661554732945
ITA,B09,B09,0.0178207739307535
ITA,B09,C10T12,1.2419267002442248e-05
ITA,B09,C13T15,3.8011251330393793e-06
ITA,B09,C16,7.015279278268068e-06
ITA,B09,C17_18,6.207894282259457e-05
ITA,B09,C19,0.0031246960793848
ITA,B09,C20,0.0001732081615685
ITA,B09,C21,1.6892063095234072e-05
ITA,B09,C22,1.7987300965518345e-05
ITA,B09,C23,0.0005039229639221
ITA,B09,C24,0.0003283288063755
ITA,B09,C25,6.568822491648211e-05
ITA,B09,C26,3.8654513687563296e-06
ITA,B09,C27,7.153451063241276e-06
ITA,B09,C28,1.2236382435896652e-05
ITA,B09,C29,6.431436863388242e-06
ITA,B09,C30,6.041894496438304e-06
ITA,B09,C31T33,7.427720848423987e-06
ITA,B09,D,0.0001434688339216
ITA,B09,E,4.303742495349024e-05
ITA,B09,F,0.0002112375502766
ITA,B09,G,3.991365678196641e-06
ITA,B09,H49,7.221030807093624e-05
ITA,B09,H50,3.190640787024728e-05
ITA,B09,H51,7.756748371082842e-05
ITA,B09,H52,7.143757070695919e-05
ITA,B09,H53,1.0808824324178258e-05
ITA,B09,HFCE,2.59847067008712e-06
ITA,B09,I,5.449223049777563e-06
ITA,B09,J58T60,4.132333859517178e-06
ITA,B09,J61,2.3695840195253725e-06
ITA,B09,J62_63,2.732975951178117e-06
ITA,B09,K,1.254950780830376e-06
ITA,B09,L,1.0150672228268316e-05
ITA,B09,M,1.561473757969616e-05
ITA,B09,N,1.9558024212833976e-05
ITA,B09,O,8.223819470714978e-06
ITA,B09,P,3.427870184270875e-06
ITA,B09,Q,5.780957421146427e-06
ITA,B09,R,7.552603886066451e-06
ITA,B09,S,2.361024212303297e-06
ITA,B09,T,0.0
ITA,C10T12,A01_02,0.0592031980806788
ITA,C10T12,A03,0.0786328370727615
ITA,C10T12,B05_06,0.0002053261606061
ITA,C10T12,B07_08,0.0254164463246959
ITA,C10T12,B09,0.0010183299389002
ITA,C10T12,C10T12,0.2125445774064968
ITA,C10T12,C13T15,0.0154617099994931
ITA,C10T12,C16,0.0005892834593745
ITA,C10T12,C17_18,0.002242939195025
ITA,C10T12,C19,0.0017348965179717
ITA,C10T12,C20,0.018803113371123
ITA,C10T12,C21,0.0209698071264235
ITA,C10T12,C22,0.0028040203616246
ITA,C10T12,C23,0.0046299831109455
ITA,C10T12,C24,0.0053726531952362
ITA,C10T12,C25,0.0001824672914346
ITA,C10T12,C26,0.0003981414909819
ITA,C10T12,C27,0.0002909070099051
ITA,C10T12,C28,0.0003387948386938
ITA,C10T12,C29,0.0002106295572759
ITA,C10T12,C30,0.000235633885361
ITA,C10T12,C31T33,0.0005407380777652
ITA,C10T12,D,0.001991387828589
ITA,C10T12,E,0.0007805423889292
ITA,C10T12,F,0.0001844137343685
ITA,C10T12,G,0.0070649667107629
ITA,C10T12,H49,0.0081884510987837
ITA,C10T12,H50,0.0475299122573783
ITA,C10T12,H51,0.0011790257524045
ITA,C10T12,H52,0.0014339468738269
ITA,C10T12,H53,0.0005944853378298
ITA,C10T12,HFCE,0.1246783905332516
ITA,C10T12,I,0.1310004119612625
ITA,C10T12,J58T60,0.0003967040505136
ITA,C10T12,J61,7.819627264433728e-05
ITA,C10T12,J62_63,9.838713424241224e-05
ITA,C10T12,K,3.63935726440809e-05
ITA,C10T12,L,0.0002983572587094
ITA,C10T12,M,0.0012701613099984
ITA,C10T12,N,0.0010890263482146
ITA,C10T12,O,0.0003354143512698
ITA,C10T12,P,0.0004022034349544
ITA,C10T12,Q,0.0033219483508242
ITA,C10T12,R,0.0025603327173765
ITA,C10T12,S,0.0033432102846214
ITA,C10T12,T,0.0
ITA,C13T15,A01_02,0.0019781180843425
ITA,C13T15,A03,0.0183826099112322
ITA,C13T15,B05_06,0.0001847935445455
ITA,C13T15,B07_08,9.915388683236384e-05
ITA,C13T15,B09,0.0020366598778004
ITA,C13T15,C10T12,0.0004663434759417
ITA,C13T15,C13T15,0.2298426334194921
ITA,C13T15,C16,0.0149144837455979
ITA,C13T15,C17_18,0.0149502288823631
ITA,C13T15,C19,0.0004047046126914
ITA,C13T15,C20,0.0040330152988387
ITA,C13T15,C21,0.0025811072409517
ITA,C13T15,C22,0.0090675982756174
ITA,C13T15,C23,0.002061503034227
ITA,C13T15,C24,0.0008589612207198
ITA,C13T15,C25,0.0018465689893188
ITA,C13T15,C26,0.0011209808969393
ITA,C13T15,C27,0.0008560296439012
ITA,C13T15,C28,0.0010010890380367
ITA,C13T15,C29,0.0082370627627844
ITA,C13T15,C30,0.0031689736633818
ITA,C13T15,C31T33,0.0117343133963402
ITA,C13T15,D,0.0003394755506879
ITA,C13T15,E,0.0009174796501448
ITA,C13T15,F,0.0005609051505079
ITA,C13T15,G,0.0017362440700155
ITA,C13T15,H49,0.0006192281212658
ITA,C13T15,H50,0.0005317734645041
ITA,C13T15,H51,0.0001551349674216
ITA,C13T15,H52,0.0005442244022948
ITA,C13T15,H53,0.0012213971486321
ITA,C13T15,HFCE,0.0533666110810482
ITA,C13T15,I,0.0003563791874554
ITA,C13T15,J58T60,0.0004834830615635
ITA,C13T15,J61,0.0001871971375425
ITA,C13T15,J62_63,0.0001940412925336
ITA,C13T15,K,7.27871452881618e-05
ITA,C13T15,L,0.0003251840353127
ITA,C13T15,M,0.0008227014862302
ITA,C13T15,N,0.0017415531560428
ITA,C13T15,O,0.0004341001849184
ITA,C13T15,P,0.0003325034078742
ITA,C13T15,Q,0.000682678517279
ITA,C13T15,R,0.002620753548465
ITA,C13T15,S,0.0041742908073522
ITA,C13T15,T,0.0
ITA,C16,A01_02,0.0011966210965776
ITA,C16,A03,0.0023764590759767
ITA,C16,B05_06,0.0008623698745457
ITA,C16,B07_08,0.0013551031200423
ITA,C16,B09,0.0010183299389002
ITA,C16,C10T12,0.0025099338611935
ITA,C16,C13T15,0.000965485783792
ITA,C16,C16,0.1790509730192359
ITA,C16,C17_18,0.0242944593193988
ITA,C16,C19,0.0003199989960815
ITA,C16,C20,0.000596200724557
ITA,C16,C21,0.001952722493809
ITA,C16,C22,0.0013210673264675
ITA,C16,C23,0.0020370704056732
ITA,C16,C24,0.0012486444000039
ITA,C16,C25,0.0017078938478285
ITA,C16,C26,0.0012717335003208
ITA,C16,C27,0.0013305418977628
ITA,C16,C28,0.0012052836699358
ITA,C16,C29,0.0023185329892514
ITA,C16,C30,0.0025315537940076
ITA,C16,C31T33,0.0473071540836123
ITA,C16,D,0.0010467162812878
ITA,C16,E,0.0006064364425264
ITA,C16,F,0.0087100762227468
ITA,C16,G,0.0011582444277416
ITA,C16,H49,0.0009684094739924
ITA,C16,H50,0.0010741823982983
ITA,C16,H51,0.0005429723859757
ITA,C16,H52,0.000726065491367
ITA,C16,H53,0.0006593382837748
ITA,C16,HFCE,0.0028900190792708
ITA,C16,I,0.0004795316283804
ITA,C16,J58T60,0.0005000123970015
ITA,C16,J61,0.0001753492174448
ITA,C16,J62_63,0.0002090726602651
ITA,C16,K,0.000110435668713
ITA,C16,L,0.0002530417576904
ITA,C16,M,0.0007963516165645
ITA,C16,N,0.0012712715738342
ITA,C16,O,0.00099449474028
ITA,C16,P,9.369511837007058e-05
ITA,C16,Q,0.0007956699577832
ITA,C16,R,0.0006570765380877
ITA,C16,S,0.0027529542315456
ITA,C16,T,0.0
ITA,C17_18,A01_02,0.0014758326857791
ITA,C17_18,A03,0.0039840637450199
ITA,C17_18,B05_06,0.0010266308030306
ITA,C17_18,B07_08,0.0011237440507667
ITA,C17_18,B09,0.0022912423625254
ITA,C17_18,C10T12,0.0095951256860868
ITA,C17_18,C13T15,0.0019068977750747
ITA,C17_18,C16,0.0148373156735369
ITA,C17_18,C17_18,0.1901397046121955
ITA,C17_18,C19,0.0009254872925888
ITA,C17_18,C20,0.0055590703644482
ITA,C17_18,C21,0.005702760500951
ITA,C17_18,C22,0.0110481999708205
ITA,C17_18,C23,0.0046330371895147
ITA,C17_18,C24,0.0060376019394614
ITA,C17_18,C25,0.003868306578415
ITA,C17_18,C26,0.0016930676995152
ITA,C17_18,C27,0.0066240956845614
ITA,C17_18,C28,0.0036464419658972
ITA,C17_18,C29,0.0053075432715111
ITA,C17_18,C30,0.0019515319223495
ITA,C17_18,C31T33,0.0064769725798257
ITA,C17_18,D,0.003079528209812
ITA,C17_18,E,0.0051899222000731
ITA,C17_18,F,0.0020022062588584
ITA,C17_18,G,0.0029508665379617
ITA,C17_18,H49,0.0073110463966067
ITA,C17_18,H50,0.0041265620845519
ITA,C17_18,H51,0.0014427551970214
ITA,C17_18,H52,0.0101272497964029
ITA,C17_18,H53,0.0103224272295902
ITA,C17_18,HFCE,0.00833888215091
ITA,C17_18,I,0.006491114496895
ITA,C17_18,J58T60,0.0225294842020876
ITA,C17_18,J61,0.0115256566709714
ITA,C17_18,J62_63,0.0049699167672174
ITA,C17_18,K,0.0074148766885362
ITA,C17_18,L,0.0010270305150958
ITA,C17_18,M,0.0159480146349127
ITA,C17_18,N,0.0331410720286471
ITA,C17_18,O,0.0043480508373023
ITA,C17_18,P,0.0028108535511021
ITA,C17_18,Q,0.0028452821343715
ITA,C17_18,R,0.0185114321247488
ITA,C17_18,S,0.008509131261141
ITA,C17_18,T,0.0
ITA,C19,A01_02,0.0162533645735153
ITA,C19,A03,0.0227161529321311
ITA,C19,B05_06,0.0065293719072747
ITA,C19,B07_08,0.0571126388154415
ITA,C19,B09,0.0246945010183299
ITA,C19,C10T12,0.0013406598729136
ITA,C19,C13T15,0.0010237697024986
ITA,C19,C16,0.0033112118193425
ITA,C19,C17_18,0.0018812618759716
ITA,C19,C19,0.0752499600001254
ITA,C19,C20,0.0427751229322136
ITA,C19,C21,0.0022196170907137
ITA,C19,C22,0.0032237240508201
ITA,C19,C23,0.0055736933888361
ITA,C19,C24,0.0061055892175493
ITA,C19,C25,0.0017402166251683
ITA,C19,C26,0.0014495442632836
ITA,C19,C27,0.0009037193176561
ITA,C19,C28,0.0022361988901601
ITA,C19,C29,0.0011640900722732
ITA,C19,C30,0.0006132522913884
ITA,C19,C31T33,0.0023115067280295
ITA,C19,D,0.006279287343826
ITA,C19,E,0.0051644909944188
ITA,C19,F,0.0056531192026429
ITA,C19,G,0.0037169592878206
ITA,C19,H49,0.034900329991216
ITA,C19,H50,0.1274660994416378
ITA,C19,H51,0.0960130313372634
ITA,C19,H52,0.0029159517497658
ITA,C19,H53,0.0014916177567365
ITA,C19,HFCE,0.0200199172776862
ITA,C19,I,0.0010931141437853
ITA,C19,J58T60,0.0004173657198112
ITA,C19,J61,0.0002203713138158
ITA,C19,J62_63,0.0005616265579671
ITA,C19,K,0.0005967290962848
ITA,C19,L,0.0001435595072283
ITA,C19,M,0.0007865924055771
ITA,C19,N,0.0015086348676899
ITA,C19,O,0.0008822983460724
ITA,C19,P,0.00098722661307
ITA,C19,Q,0.0008986761081963
ITA,C19,R,0.0012914952645173
ITA,C19,S,0.0017141035781321
ITA,C19,T,0.0
ITA,C20,A01_02,0.0334522075443266
ITA,C20,A03,0.0076885440693366
ITA,C20,B05_06,0.0273699772087961
ITA,C20,B07_08,0.0189383923849814
ITA,C20,B09,0.0272403258655804
ITA,C20,C10T12,0.0147634036491532
ITA,C20,C13T15,0.0208326998124778
ITA,C20,C16,0.0355043284273146
ITA,C20,C17_18,0.0429262394195888
ITA,C20,C19,0.0316893123472553
ITA,C20,C20,0.2151956431766012
ITA,C20,C21,0.0638013223106991
ITA,C20,C22,0.1643159929090062
ITA,C20,C23,0.0291603421789628
ITA,C20,C24,0.0133188736000424
ITA,C20,C25,0.0136339560159987
ITA,C20,C26,0.0355119017247644
ITA,C20,C27,0.0221971586492376
ITA,C20,C28,0.0080316555213616
ITA,C20,C29,0.0168873453440416
ITA,C20,C30,0.0165185395532623
ITA,C20,C31T33,0.0251443206160848
ITA,C20,D,0.0035675243139259
ITA,C20,E,0.0084294665511177
ITA,C20,F,0.0055443869488723
ITA,C20,G,0.0039821356450658
ITA,C20,H49,0.0033335443588911
ITA,C20,H50,0.0026588673225206
ITA,C20,H51,0.0011014582686937
ITA,C20,H52,0.0019080325703367
ITA,C20,H53,0.00473426505399
ITA,C20,HFCE,0.0146453704672115
ITA,C20,I,0.0010996532114451
ITA,C20,J58T60,0.0023389009644867
ITA,C20,J61,0.0009928557041811
ITA,C20,J62_63,0.0025061389472303
ITA,C20,K,0.0003846424143245
ITA,C20,L,0.0011317999534519
ITA,C20,M,0.0045048517917423
ITA,C20,N,0.0032039599665024
ITA,C20,O,0.0003518619902113
ITA,C20,P,0.0008352577015673
ITA,C20,Q,0.0111104746218596
ITA,C20,R,0.0030084538812831
ITA,C20,S,0.0189590244247954
ITA,C20,T,0.0
ITA,C21,A01_02,0.0041379452981654
ITA,C21,A03,0.0006989585517578
ITA,C21,B05_06,0.0039422622836375
ITA,C21,B07_08,0.0020491803278688
ITA,C21,B09,0.0020366598778004
ITA,C21,C10T12,0.0044883230946826
ITA,C21,C13T15,0.004737468957478
ITA,C21,C16,0.0019502476393585
ITA,C21,C17_18,0.0023104163067887
ITA,C21,C19,0.0019419546919068
ITA,C21,C20,0.0222836857967484
ITA,C21,C21,0.0864062811447413
ITA,C21,C22,0.010152832100537
ITA,C21,C23,0.0030143755478253
ITA,C21,C24,0.0051670331346778
ITA,C21,C25,0.0008529042536774
ITA,C21,C26,0.0027328741177107
ITA,C21,C27,0.0013639246693913
ITA,C21,C28,0.0007624795805368
ITA,C21,C29,0.0020789619660902
ITA,C21,C30,0.0021599772824766
ITA,C21,C31T33,0.0020114268057532
ITA,C21,D,0.0003627134604076
ITA,C21,E,0.0010602856511268
ITA,C21,F,0.0005551571899562
ITA,C21,G,0.0006780332445836
ITA,C21,H49,0.0003640190872617
ITA,C21,H50,0.0010103695825578
ITA,C21,H51,0.0005895128762022
ITA,C21,H52,0.0003143253111106
ITA,C21,H53,0.0004755882702638
ITA,C21,HFCE,0.0167173909795389
ITA,C21,I,0.0008893132017236
ITA,C21,J58T60,0.0006983644222584
ITA,C21,J61,0.0004573297157683
ITA,C21,J62_63,0.000644982324478
ITA,C21,K,0.0001581237983846
ITA,C21,L,8.048032980984166e-05
ITA,C21,M,0.0012999269035097
ITA,C21,N,0.0004676145789068
ITA,C21,O,0.0001468539191199
ITA,C21,P,0.0001942459771086
ITA,C21,Q,0.0422651052475852
ITA,C21,R,0.0004657439063074
ITA,C21,S,0.0011120424039948
ITA,C21,T,0.0
ITA,C22,A01_02,0.0047790978363317
ITA,C22,A03,0.0076186482141609
ITA,C22,B05_06,0.0010882286512124
ITA,C22,B07_08,0.0014873083024854
ITA,C22,B09,0.0073828920570264
ITA,C22,C10T12,0.0110680507525765
ITA,C22,C13T15,0.014871268562161
ITA,C22,C16,0.0161351423400165
ITA,C22,C17_18,0.0183483762307825
ITA,C22,C19,0.0019576409172049
ITA,C22,C20,0.0143489287531017
ITA,C22,C21,0.0320949198809447
ITA,C22,C22,0.1207467527925284
ITA,C22,C23,0.0217206067843301
ITA,C22,C24,0.0097603199713458
ITA,C22,C25,0.0220284940922304
ITA,C22,C26,0.0119094556671382
ITA,C22,C27,0.0285804214813366
ITA,C22,C28,0.0228529737468414
ITA,C22,C29,0.0451117060190209
ITA,C22,C30,0.0112923008138431
ITA,C22,C31T33,0.0144290905201484
ITA,C22,D,0.0026945871835855
ITA,C22,E,0.0045013234008173
ITA,C22,F,0.0149561933556449
ITA,C22,G,0.0039227640806026
ITA,C22,H49,0.0150424952717085
ITA,C22,H50,0.0044243552246742
ITA,C22,H51,0.0020012410797393
ITA,C22,H52,0.0043719793272659
ITA,C22,H53,0.0046045591620999
ITA,C22,HFCE,0.0089612158763959
ITA,C22,I,0.0024140058110514
ITA,C22,J58T60,0.0024298123093961
ITA,C22,J61,0.0049097780884565
ITA,C22,J62_63,0.0031497547837327
ITA,C22,K,0.0020851007223496
ITA,C22,L,0.0007660132292261
ITA,C22,M,0.007312088832242
ITA,C22,N,0.012061966932715
ITA,C22,O,0.0004352750162714
ITA,C22,P,0.0005655985804046
ITA,C22,Q,0.0040104078255243
ITA,C22,R,0.00432008942283
ITA,C22,S,0.0058435349254506
ITA,C22,T,0.0
ITA,C23,A01_02,0.0053345663947431
ITA,C23,A03,0.0028657300622073
ITA,C23,B05_06,0.0008829024906063
ITA,C23,B07_08,0.0080314648334214
ITA,C23,B09,0.010183299389002
ITA,C23,C10T12,0.0079694436354671
ITA,C23,C13T15,0.0014647002179311
ITA,C23,C16,0.0100318493679233
ITA,C23,C17_18,0.0015438763171532
ITA,C23,C19,0.0011105847511066
ITA,C23,C20,0.0104818286406076
ITA,C23,C21,0.0038412551478562
ITA,C23,C22,0.0064194678556938
ITA,C23,C23,0.1446778099813395
ITA,C23,C24,0.009491687311584
ITA,C23,C25,0.0075416338225542
ITA,C23,C26,0.0103091588004731
ITA,C23,C27,0.0121179461011307
ITA,C23,C28,0.0032434061194148
ITA,C23,C29,0.0166429507432329
ITA,C23,C30,0.0106307133664831
ITA,C23,C31T33,0.0077352284915487
ITA,C23,D,0.0037271586502613
ITA,C23,E,0.0055420465860562
ITA,C23,F,0.0333659530094644
ITA,C23,G,0.0025799189902443
ITA,C23,H49,0.0013353961081611
ITA,C23,H50,0.0045307099175751
ITA,C23,H51,0.0007756748371082
ITA,C23,H52,0.0015612356361775
ITA,C23,H53,0.0006269118108023
ITA,C23,HFCE,0.0039553920540066
ITA,C23,I,0.0021153883879236
ITA,C23,J58T60,0.000735555426994
ITA,C23,J61,0.0003364809307726
ITA,C23,J62_63,0.0011109547241539
ITA,C23,K,0.0002258911405494
ITA,C23,L,0.0018158827568355
ITA,C23,M,0.0017732486363942
ITA,C23,N,0.0023727439374569
ITA,C23,O,0.0002243927884152
ITA,C23,P,0.0004947559299297
ITA,C23,Q,0.0009370406438094
ITA,C23,R,0.0020517907223813
ITA,C23,S,0.0023657462607279
ITA,C23,T,0.0
ITA,C24,A01_02,0.0006278567482043
ITA,C24,A03,0.0039141678898441
ITA,C24,B05_06,0.0099377861733363
ITA,C24,B07_08,0.0011567953463775
ITA,C24,B09,0.0162932790224032
ITA,C24,C10T12,0.0030501719757998
ITA,C24,C13T15,0.0015153818863716
ITA,C24,C16,0.004580977368709
ITA,C24,C17_18,0.0032874848851269
ITA,C24,C19,0.0005835275810899
ITA,C24,C20,0.0349315280788662
ITA,C24,C21,0.0104426734054737
ITA,C24,C22,0.0133765561513571
ITA,C24,C23,0.0332589156188632
ITA,C24,C24,0.3364856215197976
ITA,C24,C25,0.1129128452802489
ITA,C24,C26,0.0316928357724331
ITA,C24,C27,0.0952958905808125
ITA,C24,C28,0.0417711857666399
ITA,C24,C29,0.0472646295090401
ITA,C24,C30,0.0254847109859767
ITA,C24,C31T33,0.0336000380299307
ITA,C24,D,0.0005849891185961
ITA,C24,E,0.0079560548766293
ITA,C24,F,0.0085299734587921
ITA,C24,G,0.0019562681030261
ITA,C24,H49,0.0060340120442837
ITA,C24,H50,0.0002127093858016
ITA,C24,H51,0.0001085944771951
ITA,C24,H52,0.0037290411909032
ITA,C24,H53,7.56617702692478e-05
ITA,C24,HFCE,3.650851291472404e-05
ITA,C24,I,0.0001231524409249
ITA,C24,J58T60,2.066166929758589e-05
ITA,C24,J61,6.160918450765968e-05
ITA,C24,J62_63,0.0022519721837707
ITA,C24,K,9.725868551435414e-05
ITA,C24,L,0.0013511269783841
ITA,C24,M,0.0047356571315922
ITA,C24,N,0.0019726934421944
ITA,C24,O,2.9370783823982062e-06
ITA,C24,P,1.7139350921354376e-05
ITA,C24,Q,0.0089893887898826
ITA,C24,R,0.0005186121335098
ITA,C24,S,0.0018699311761442
ITA,C24,T,0.0
ITA,C25,A01_02,0.004764324736374
ITA,C25,A03,0.0091563570280282
ITA,C25,B05_06,0.0029772293287887
ITA,C25,B07_08,0.0019830777366472
ITA,C25,B09,0.0285132382892057
ITA,C25,C10T12,0.0034239919125733
ITA,C25,C13T15,0.0044523845725001
ITA,C25,C16,0.010130063277819
ITA,C25,C17_18,0.009986612541026
ITA,C25,C19,0.0010227418894372
ITA,C25,C20,0.0087041659297722
ITA,C25,C21,0.0034121967452372
ITA,C25,C22,0.0192504092110969
ITA,C25,C23,0.0168951626449542
ITA,C25,C24,0.0232450162008709
ITA,C25,C25,0.1843910180215123
ITA,C25,C26,0.0355621525925582
ITA,C25,C27,0.0521581961857798
ITA,C25,C28,0.1450561955863368
ITA,C25,C29,0.1153542515817315
ITA,C25,C30,0.0290222402136413
ITA,C25,C31T33,0.0278806929766442
ITA,C25,D,0.007211834764317
ITA,C25,E,0.0132222706936654
ITA,C25,F,0.0276898419646145
ITA,C25,G,0.0034300798797002
ITA,C25,H49,0.0098552232782292
ITA,C25,H50,0.0350864131879819
ITA,C25,H51,0.001784052125349
ITA,C25,H52,0.0059981582095406
ITA,C25,H53,0.0033615443648194
ITA,C25,HFCE,0.007444488546266
ITA,C25,I,0.0015345012108173
ITA,C25,J58T60,0.0016364042083688
ITA,C25,J61,0.0068552065684869
ITA,C25,J62_63,0.0051284293723857
ITA,C25,K,0.0007674024024777
ITA,C25,L,0.0018423470094306
ITA,C25,M,0.0055847084874882
ITA,C25,N,0.0072480259730561
ITA,C25,O,0.0006584929733336
ITA,C25,P,0.0003942050711911
ITA,C25,Q,0.0019586934826011
ITA,C25,R,0.0045995357666144
ITA,C25,S,0.0039358273619095
ITA,C25,T,0.0
ITA,C26,A01_02,0.0007386549978874
ITA,C26,A03,0.0067798979520514
ITA,C26,B05_06,0.0020737942221218
ITA,C26,B07_08,0.0012890005288207
ITA,C26,B09,0.0033095723014256
ITA,C26,C10T12,0.0006855435385348
ITA,C26,C13T15,0.000876792864021
ITA,C26,C16,0.000680482089992
ITA,C26,C17_18,0.0012118889272758
ITA,C26,C19,0.0003921556324529
ITA,C26,C20,0.0011723457672483
ITA,C26,C21,0.0053919465399987
ITA,C26,C22,0.0017667526726131
ITA,C26,C23,0.0022844507697805
ITA,C26,C24,0.0015504415856623
ITA,C26,C25,0.0033991049718687
ITA,C26,C26,0.0981979265718858
ITA,C26,C27,0.0152296973136406
ITA,C26,C28,0.0051645181618506
ITA,C26,C29,0.0194679593854762
ITA,C26,C30,0.0292306855737685
ITA,C26,C31T33,0.0085314801664997
ITA,C26,D,0.003792831003817
ITA,C26,E,0.0013537226394461
ITA,C26,F,0.0038482595893944
ITA,C26,G,0.0014925213032906
ITA,C26,H49,0.0020574991888705
ITA,C26,H50,0.0013826110077107
ITA,C26,H51,0.0084083152342538
ITA,C26,H52,0.0019872633305754
ITA,C26,H53,0.002853529621583
ITA,C26,HFCE,0.0150229282555751
ITA,C26,I,0.0006876919488819
ITA,C26,J58T60,0.0097357785730224
ITA,C26,J61,0.0109996090186367
ITA,C26,J62_63,0.0288725244362212
ITA,C26,K,0.0010635707867537
ITA,C26,L,0.0004092896052041
ITA,C26,M,0.0050674703051607
ITA,C26,N,0.002506983103645
ITA,C26,O,0.002147004297533
ITA,C26,P,0.0008558249226729
ITA,C26,Q,0.0052133725107065
ITA,C26,R,0.0044484836888931
ITA,C26,S,0.0030834976212681
ITA,C26,T,0.0
ITA,C27,A01_02,0.002047551654144
ITA,C27,A03,0.0101348990004892
ITA,C27,B05_06,0.0029566967127281
ITA,C27,B07_08,0.0028754627181385
ITA,C27,B09,0.0073828920570264
ITA,C27,C10T12,0.0014170383649786
ITA,C27,C13T15,0.0018536820232122
ITA,C27,C16,0.0014802239277145
ITA,C27,C17_18,0.002869126792192
ITA,C27,C19,0.0009819577036621
ITA,C27,C20,0.0031797371976378
ITA,C27,C21,0.0019324520180947
ITA,C27,C22,0.0043849042575941
ITA,C27,C23,0.0053110426318827
ITA,C27,C24,0.0068633986342848
ITA,C27,C25,0.0109949576467349
ITA,C27,C26,0.0526165240315111
ITA,C27,C27,0.1444544062874065
ITA,C27,C28,0.0171707036531719
ITA,C27,C29,0.0305203836352089
ITA,C27,C30,0.0322818422944698
ITA,C27,C31T33,0.0104418899687144
ITA,C27,D,0.0058458498103584
ITA,C27,E,0.0036112312029155
ITA,C27,F,0.0083877114351364
ITA,C27,G,0.0027587820646985
ITA,C27,H49,0.0028587368537672
ITA,C27,H50,0.0046264291411858
ITA,C27,H51,0.0079273968352466
ITA,C27,H52,0.0048304786447123
ITA,C27,H53,0.0023779413513192
ITA,C27,HFCE,0.0092447090265024
ITA,C27,I,0.0019083179120321
ITA,C27,J58T60,0.0035868657900609
ITA,C27,J61,0.0086110683269552
ITA,C27,J62_63,0.0046897867322216
ITA,C27,K,0.0005145298201404
ITA,C27,L,0.0006210036259651
ITA,C27,M,0.0043594395480314
ITA,C27,N,0.0047232628473994
ITA,C27,O,0.0014767630106698
ITA,C27,P,0.0005518870996676
ITA,C27,Q,0.0016323321590982
ITA,C27,R,0.0040884762369906
ITA,C27,S,0.0037256962070146
ITA,C27,T,0.0
ITA,C28,A01_02,0.0032500819907047
ITA,C28,A03,0.0033550010484378
ITA,C28,B05_06,0.0094860686200028
ITA,C28,B07_08,0.0130552617662612
ITA,C28,B09,0.0473523421588594
ITA,C28,C10T12,0.0052744626959372
ITA,C28,C13T15,0.006089402463129
ITA,C28,C16,0.0035357007562471
ITA,C28,C17_18,0.0151607574710658
ITA,C28,C19,0.0020329347986359
ITA,C28,C20,0.0071379995004311
ITA,C28,C21,0.0179224789440433
ITA,C28,C22,0.0188187139879245
ITA,C28,C23,0.0098799441714437
ITA,C28,C24,0.0219996882534565
ITA,C28,C25,0.0220639448802806
ITA,C28,C26,0.0225974287017495
ITA,C28,C27,0.030519006719475
ITA,C28,C28,0.1414510514111608
ITA,C28,C29,0.0647935106802048
ITA,C28,C30,0.0782757641486064
ITA,C28,C31T33,0.0229516574216301
ITA,C28,D,0.0042818374518318
ITA,C28,E,0.0106556751691664
ITA,C28,F,0.0133309575096386
ITA,C28,G,0.0047205382955321
ITA,C28,H49,0.0082042780156211
ITA,C28,H50,0.0163360808295666
ITA,C28,H51,0.0134346881787154
ITA,C28,H52,0.007352874323129
ITA,C28,H53,0.0082795594323205
ITA,C28,HFCE,0.0055824244640816
ITA,C28,I,0.0029404007576599
ITA,C28,J58T60,0.0063885881468135
ITA,C28,J61,0.0052936506996196
ITA,C28,J62_63,0.0057228516417669
ITA,C28,K,0.0014952738553593
ITA,C28,L,0.0007935650538456
ITA,C28,M,0.0070149208576784
ITA,C28,N,0.0108689274557321
ITA,C28,O,0.001166020117812
ITA,C28,P,0.0005301772551672
ITA,C28,Q,0.00320475257765
ITA,C28,R,0.0030613221084856
ITA,C28,S,0.0052816111629224
ITA,C28,T,0.0
ITA,C29,A01_02,0.0017668627549467
ITA,C29,A03,0.0018871880897462
ITA,C29,B05_06,0.0010266308030306
ITA,C29,B07_08,0.0014212057112638
ITA,C29,B09,0.005346232179226
ITA,C29,C10T12,0.0008302279991132
ITA,C29,C13T15,0.0012493031270589
ITA,C29,C16,0.0029464172968725
ITA,C29,C17_18,0.0016545387804456
ITA,C29,C19,0.0015309755890961
ITA,C29,C20,0.00946810508448
ITA,C29,C21,0.0020878589985709
ITA,C29,C22,0.0075067002696096
ITA,C29,C23,0.0169409738234925
ITA,C29,C24,0.0035369966868638
ITA,C29,C25,0.0099710554742272
ITA,C29,C26,0.0100926935238227
ITA,C29,C27,0.0116768166188975
ITA,C29,C28,0.0240253721389808
ITA,C29,C29,0.1039593533190233
ITA,C29,C30,0.0140625094404601
ITA,C29,C31T33,0.0207188845345938
ITA,C29,D,0.0007688717085521
ITA,C29,E,0.0171191138985451
ITA,C29,F,0.0076663423858922
ITA,C29,G,0.013394773755673
ITA,C29,H49,0.0064425443351507
ITA,C29,H50,0.0023504387131082
ITA,C29,H51,0.0013807012100527
ITA,C29,H52,0.0036329251866793
ITA,C29,H53,0.0027562502026654
ITA,C29,HFCE,0.0334015215345008
ITA,C29,I,0.0007683404500186
ITA,C29,J58T60,0.0014049935122358
ITA,C29,J61,0.0017108396620973
ITA,C29,J62_63,0.0016110893232195
ITA,C29,K,0.0003858973651053
ITA,C29,L,0.0001555227994973
ITA,C29,M,0.0016278363926833
ITA,C29,N,0.0019478014113781
ITA,C29,O,0.0006931504982459
ITA,C29,P,0.0002799427317154
ITA,C29,Q,0.0006280221925699
ITA,C29,R,0.0022783688389633
ITA,C29,S,0.0014378637452927
ITA,C29,T,0.0
ITA,C30,A01_02,4.43192998732468e-06
ITA,C30,A03,0.0492066820437548
ITA,C30,B05_06,0.0004927827854546
ITA,C30,B07_08,0.0003305129561078
ITA,C30,B09,0.000254582484725
ITA,C30,C10T12,5.526573816086801e-05
ITA,C30,C13T15,0.0001191019208352
ITA,C30,C16,0.0006313751350441
ITA,C30,C17_18,0.0001403523924684
ITA,C30,C19,1.882347035774005e-05
ITA,C30,C20,4.011136373166956e-05
ITA,C30,C21,6.756825238093629e-05
ITA,C30,C22,8.793791583142302e-05
ITA,C30,C23,0.0001649202427381
ITA,C30,C24,9.120244621543012e-05
ITA,C30,C25,0.0014983171302378
ITA,C30,C26,0.0001236944438002
ITA,C30,C27,8.345692907114822e-05
ITA,C30,C28,0.0001575434238621
ITA,C30,C29,0.0096777046201834
ITA,C30,C30,0.178471521530291
ITA,C30,C31T33,0.0122483116790511
ITA,C30,D,0.0003202790165716
ITA,C30,E,0.0015297848324376
ITA,C30,F,7.376549374741642e-05
ITA,C30,G,0.0026412862375466
ITA,C30,H49,0.0031386754453298
ITA,C30,H50,0.014974740760436
ITA,C30,H51,0.0988209742475954
ITA,C30,H52,0.0011352079417796
ITA,C30,H53,0.0006161029864781
ITA,C30,HFCE,0.0081716705632899
ITA,C30,I,0.0004010628164636
ITA,C30,J58T60,0.0005867914080514
ITA,C30,J61,4.502209637098208e-05
ITA,C30,J62_63,0.0029242842677605
ITA,C30,K,2.07066878837012e-05
ITA,C30,L,1.885124842392688e-05
ITA,C30,M,0.0012935834163679
ITA,C30,N,0.0020527035412469
ITA,C30,O,0.0013017131390788
ITA,C30,P,0.0004924706831402
ITA,C30,Q,0.0002443768364393
ITA,C30,R,0.0020971063456977
ITA,C30,S,0.0001865209127719
ITA,C30,T,0.0
ITA,C31T33,A01_02,0.008813631434793
ITA,C31T33,A03,0.0099951072901376
ITA,C31T33,B05_06,0.0042913167566679
ITA,C31T33,B07_08,0.0056187202538339
ITA,C31T33,B09,0.0157841140529531
ITA,C31T33,C10T12,0.0025509174423016
ITA,C31T33,C13T15,0.0074172621762708
ITA,C31T33,C16,0.02203499221304
ITA,C31T33,C17_18,0.0078381413024702
ITA,C31T33,C19,0.0017976414191641
ITA,C31T33,C20,0.0055408379263883
ITA,C31T33,C21,0.0138751406264252
ITA,C31T33,C22,0.006279566625962
ITA,C31T33,C23,0.0049109583393142
ITA,C31T33,C24,0.0049978940526055
ITA,C31T33,C25,0.0077626799127493
ITA,C31T33,C26,0.0088634799885582
ITA,C31T33,C27,0.0086199085312057
ITA,C31T33,C28,0.0119312376489014
ITA,C31T33,C29,0.0142520640892683
ITA,C31T33,C30,0.0087516841780908
ITA,C31T33,C31T33,0.0665716908760848
ITA,C31T33,D,0.0027158044055035
ITA,C31T33,E,0.0098927389995363
ITA,C31T33,F,0.009161291126059
ITA,C31T33,G,0.0047175447712735
ITA,C31T33,H49,0.0049904247153133
ITA,C31T33,H50,0.0109864397766551
ITA,C31T33,H51,0.0083462612472851
ITA,C31T33,H52,0.0057721557131223
ITA,C31T33,H53,0.0085930153377217
ITA,C31T33,HFCE,0.0228260057543132
ITA,C31T33,I,0.0020783336711851
ITA,C31T33,J58T60,0.0106986123622899
ITA,C31T33,J61,0.0027179128703956
ITA,C31T33,J62_63,0.0043249344427393
ITA,C31T33,K,0.0008816029235333
ITA,C31T33,L,0.0008765830517125
ITA,C31T33,M,0.0055427438802427
ITA,C31T33,N,0.0070124406814015
ITA,C31T33,O,0.0041148468137398
ITA,C31T33,P,0.0017699236384785
ITA,C31T33,Q,0.0275630794424424
ITA,C31T33,R,0.0076281299249271
ITA,C31T33,S,0.0066982256903044
ITA,C31T33,T,0.0
ITA,D,A01_02,0.0214564503786345
ITA,D,A03,0.0357866778500034
ITA,D,B05_06,0.0170626039463688
ITA,D,B07_08,0.0248545742993125
ITA,D,B09,0.0280040733197556
ITA,D,C10T12,0.0146472835026803
ITA,D,C13T15,0.0089035021032892
ITA,D,C16,0.0220840991679878
ITA,D,C17_18,0.021471216963206
ITA,D,C19,0.0110995730209473
ITA,D,C20,0.0270441753741752
ITA,D,C21,0.00960482707595
ITA,D,C22,0.026974955681289
ITA,D,C23,0.0437282969541674
ITA,D,C24,0.0439562626232476
ITA,D,C25,0.018808728401086
ITA,D,C26,0.0175878037278413
ITA,D,C27,0.0279866850430876
ITA,D,C28,0.0034774269335013
ITA,D,C29,0.0073913288152489
ITA,D,C30,0.0048153899136613
ITA,D,C31T33,0.0085433645198572
ITA,D,D,0.3454618383005207
ITA,D,E,0.0323093686605383
ITA,D,F,0.0045116700364085
ITA,D,G,0.0125333871502472
ITA,D,H49,0.0300958715487429
ITA,D,H50,0.002329167774528
ITA,D,H51,0.0055693453304374
ITA,D,H52,0.0043122315408564
ITA,D,H53,0.0105710301890463
ITA,D,HFCE,0.0236312718149732
ITA,D,I,0.0263600715809939
ITA,D,J58T60,0.0109878757324561
ITA,D,J61,0.0176486617774249
ITA,D,J62_63,0.0026140914973018
ITA,D,K,0.0039229761408757
ITA,D,L,0.0010317433272018
ITA,D,M,0.0094435005118706
ITA,D,N,0.0018766813233314
ITA,D,O,0.0185482374005211
ITA,D,P,0.0110777338121687
ITA,D,Q,0.0157231531023508
ITA,D,R,0.0115907294304833
ITA,D,S,0.0553754618753615
ITA,D,T,0.0
ITA,E,A01_02,0.0071590442395251
ITA,E,A03,0.000629062696582
ITA,E,B05_06,0.0442477876106194
ITA,E,B07_08,0.0630618720253834
ITA,E,B09,0.0066191446028513
ITA,E,C10T12,0.008375553666447
ITA,E,C13T15,0.0082915209568699
ITA,E,C16,0.0079202503051646
ITA,E,C17_18,0.0126587061668681
ITA,E,C19,0.0059764518385824
ITA,E,C20,0.0101354123174705
ITA,E,C21,0.0083683280573789
ITA,E,C22,0.0079423926707744
ITA,E,C23,0.0080566592656162
ITA,E,C24,0.0690120619380685
ITA,E,C25,0.0080389875254932
ITA,E,C26,0.004885930530108
ITA,E,C27,0.0054485452265021
ITA,E,C28,0.0055201380263938
ITA,E,C29,0.0068108916383281
ITA,E,C30,0.0059301194482541
ITA,E,C31T33,0.0060298237847505
ITA,E,D,0.0080675960483429
ITA,E,E,0.1267236977755519
ITA,E,F,0.0113498271061365
ITA,E,G,0.0049325795971863
ITA,E,H49,0.0051734234412465
ITA,E,H50,0.0076788088274395
ITA,E,H51,0.0203537077257213
ITA,E,H52,0.0069865944151406
ITA,E,H53,0.0122572067836181
ITA,E,HFCE,0.0140114735472437
ITA,E,I,0.0148676601690131
ITA,E,J58T60,0.0090870021570782
ITA,E,J61,0.0044500787886686
ITA,E,J62_63,0.0021535850495283
ITA,E,K,0.0009067019391499
ITA,E,L,0.0006083152856797
ITA,E,M,0.002655481309647
ITA,E,N,0.0044023334500888
ITA,E,O,0.0417893386404381
ITA,E,P,0.0024977747409387
ITA,E,Q,0.0050247030821437
ITA,E,R,0.0067696506165442
ITA,E,S,0.0049628728942615
ITA,E,T,0.0
ITA,F,A01_02,0.0118923454659878
ITA,F,A03,0.0031453134829104
ITA,F,B05_06,0.013818450608792
ITA,F,B07_08,0.0084941829719725
ITA,F,B09,0.0374236252545824
ITA,F,C10T12,0.0062692459828328
ITA,F,C13T15,0.0071929957934215
ITA,F,C16,0.0076887460889818
ITA,F,C17_18,0.0097652876144411
ITA,F,C19,0.0035011654865396
ITA,F,C20,0.0067769972268461
ITA,F,C21,0.0088987388385693
ITA,F,C22,0.0044508576944677
ITA,F,C23,0.0113520100418103
ITA,F,C24,0.0073409678071947
ITA,F,C25,0.0034345557599189
ITA,F,C26,0.0056744826093342
ITA,F,C27,0.0072845976660673
ITA,F,C28,0.0091000446627958
ITA,F,C29,0.0151283473619049
ITA,F,C30,0.0153887052824283
ITA,F,C31T33,0.0113153899404891
ITA,F,D,0.0055710362693253
ITA,F,E,0.0151746047892828
ITA,F,F,0.186357024031744
ITA,F,G,0.0100794456392209
ITA,F,H49,0.0190714347891459
ITA,F,H50,0.0059984046796064
ITA,F,H51,0.0125659323611542
ITA,F,H52,0.0120196959876763
ITA,F,H53,0.0090577947836613
ITA,F,HFCE,0.0139806816698032
ITA,F,I,0.0065706731534217
ITA,F,J58T60,0.0099010719274031
ITA,F,J61,0.0071277087307323
ITA,F,J62_63,0.0130062325516566
ITA,F,K,0.0041827509525076
ITA,F,L,0.0176973345059776
ITA,F,M,0.016476963870425
ITA,F,N,0.0136950619544867
ITA,F,O,0.0159383495499221
ITA,F,P,0.004273411496391
ITA,F,Q,0.0132536332003537
ITA,F,R,0.0093450885416928
ITA,F,S,0.0051234225406981
ITA,F,T,0.0
ITA,G,A01_02,0.0844548578384591
ITA,G,A03,0.086391276997274
ITA,G,B05_06,0.0618237069585035
ITA,G,B07_08,0.0857681121099947
ITA,G,B09,0.0639002036659877
ITA,G,C10T12,0.1701377482999576
ITA,G,C13T15,0.1518448127312351
ITA,G,C16,0.1053624794803081
ITA,G,C17_18,0.089245228018656
ITA,G,C19,0.1433407267741905
ITA,G,C20,0.1332134854404865
ITA,G,C21,0.1112004513559259
ITA,G,C22,0.1087951905954396
ITA,G,C23,0.0831136941828965
ITA,G,C24,0.0687036318472309
ITA,G,C25,0.0608085282084005
ITA,G,C26,0.1006254300314647
ITA,G,C27,0.0849210020554249
ITA,G,C28,0.0799295796190814
ITA,G,C29,0.0962191190539356
ITA,G,C30,0.0831123006930053
ITA,G,C31T33,0.1069725501148325
ITA,G,D,0.041267496630503
ITA,G,E,0.0366326736217753
ITA,G,F,0.0386732365855773
ITA,G,G,0.0684090142000317
ITA,G,H49,0.0595200883141959
ITA,G,H50,0.1600531773464504
ITA,G,H51,0.1124883648774433
ITA,G,H52,0.0444198814655872
ITA,G,H53,0.0499151507290552
ITA,G,HFCE,0.1795450987321411
ITA,G,I,0.0796589222308683
ITA,G,J58T60,0.06436109986198
ITA,G,J61,0.053145030389915
ITA,G,J62_63,0.0370687193138043
ITA,G,K,0.0301972531637309
ITA,G,L,0.0046990361936719
ITA,G,M,0.033293060322659
ITA,G,N,0.0455195233531699
ITA,G,O,0.0108413437251082
ITA,G,P,0.0072625142970752
ITA,G,Q,0.0513732664353933
ITA,G,R,0.0386089110655717
ITA,G,S,0.0312670436435325
ITA,G,T,0.0
ITA,H49,A01_02,0.0176966964393874
ITA,H49,A03,0.0162857342559586
ITA,H49,B05_06,0.0257684331560684
ITA,H49,B07_08,0.031630089899524
ITA,H49,B09,0.0241853360488798
ITA,H49,C10T12,0.0380743678127373
ITA,H49,C13T15,0.0172609092291318
ITA,H49,C16,0.0296606007885173
ITA,H49,C17_18,0.0271554888581793
ITA,H49,C19,0.0471465187560195
ITA,H49,C20,0.0235836586304157
ITA,H49,C21,0.0125778301807112
ITA,H49,C22,0.024025038322944
ITA,H49,C23,0.0349875240890447
ITA,H49,C24,0.0212020814056452
ITA,H49,C25,0.0149675312488269
ITA,H49,C26,0.0158483506119009
ITA,H49,C27,0.0206090925131981
ITA,H49,C28,0.0169190930393338
ITA,H49,C29,0.0191688975713286
ITA,H49,C30,0.0145367981584305
ITA,H49,C31T33,0.0188768097641847
ITA,H49,D,0.0316470020065429
ITA,H49,E,0.0161292531246148
ITA,H49,F,0.0108368216268931
ITA,H49,G,0.0316792199274918
ITA,H49,H49,0.0792443834228873
ITA,H49,H50,0.0377346450412124
ITA,H49,H51,0.0162891715792739
ITA,H49,H52,0.083374139339631
ITA,H49,H53,0.1035485370256277
ITA,H49,HFCE,0.030410032175563
ITA,H49,I,0.0124253183981027
ITA,H49,J58T60,0.0119589741894427
ITA,H49,J61,0.0030923071454806
ITA,H49,J62_63,0.0039997103045491
ITA,H49,K,0.0025456676589144
ITA,H49,L,0.000542335916196
ITA,H49,M,0.0059804444930236
ITA,H49,N,0.0120779689525255
ITA,H49,O,0.0031262262302246
ITA,H49,P,0.0018373384187691
ITA,H49,Q,0.0076802647047848
ITA,H49,R,0.0058255751307859
ITA,H49,S,0.0060631101771948
ITA,H49,T,0.0
ITA,H50,A01_02,0.0009912750071649
ITA,H50,A03,0.0018172922345704
ITA,H50,B05_06,0.0019916637578793
ITA,H50,B07_08,0.0035034373347435
ITA,H50,B09,0.0028004073319755
ITA,H50,C10T12,0.0021162430972161
ITA,H50,C13T15,0.0015381886371699
ITA,H50,C16,0.0018660642880193
ITA,H50,C17_18,0.0018218820176196
ITA,H50,C19,0.0047278283048523
ITA,H50,C20,0.0018779411201645
ITA,H50,C21,0.0012567694942854
ITA,H50,C22,0.0018626849444292
ITA,H50,C23,0.0019576643628733
ITA,H50,C24,0.0020180614008032
ITA,H50,C25,0.0012626736567279
ITA,H50,C26,0.0015307187420275
ITA,H50,C27,0.0016071420055415
ITA,H50,C28,0.0013322361377082
ITA,H50,C29,0.0015515841432924
ITA,H50,C30,0.0013261958419682
ITA,H50,C31T33,0.0015167405972481
ITA,H50,D,0.0010861196934212
ITA,H50,E,0.001870171738888
ITA,H50,F,0.0012976020945568
ITA,H50,G,0.0022548721478262
ITA,H50,H49,0.0034186140368925
ITA,H50,H50,0.0044030842860941
ITA,H50,H51,0.0027614024201054
ITA,H50,H52,0.003782294652703
ITA,H50,H53,0.0042802944323745
ITA,H50,HFCE,0.0040937606171887
ITA,H50,I,0.001418977682162
ITA,H50,J58T60,0.0028306486937692
ITA,H50,J61,0.0014833595962228
ITA,H50,J62_63,0.0012694673293222
ITA,H50,K,0.000276716647173
ITA,H50,L,9.135605005441486e-05
ITA,H50,M,0.0007773211551392
ITA,H50,N,0.0012792725837394
ITA,H50,O,0.0003641977194173
ITA,H50,P,0.0001771066261873
ITA,H50,Q,0.0009417705180631
ITA,H50,R,0.0011479957906821
ITA,H50,S,0.0007531667237247
ITA,H50,T,0.0
ITA,H51,A01_02,0.0003722821189352
ITA,H51,A03,0.0006989585517578
ITA,H51,B05_06,0.0019711311418187
ITA,H51,B07_08,0.0012890005288207
ITA,H51,B09,0.0012729124236252
ITA,H51,C10T12,0.0012071527526373
ITA,H51,C13T15,0.0008438497795347
ITA,H51,C16,0.0010522918917402
ITA,H51,C17_18,0.0012847642079806
ITA,H51,C19,0.0027074424864549
ITA,H51,C20,0.001081183576949
ITA,H51,C21,0.0006047358588093
ITA,H51,C22,0.0011671759737625
ITA,H51,C23,0.0015820126988586
ITA,H51,C24,0.0011193027490075
ITA,H51,C25,0.000615175439694
ITA,H51,C26,0.0007962829819638
ITA,H51,C27,0.0010467883389209
ITA,H51,C28,0.0007571261632211
ITA,H51,C29,0.0007926745934126
ITA,H51,C30,0.0006646083946082
ITA,H51,C31T33,0.0008170492933266
ITA,H51,D,0.0006102477161176
ITA,H51,E,0.0008900921979017
ITA,H51,F,0.0005623421406458
ITA,H51,G,0.0015631185837237
ITA,H51,H49,0.003883529718993
ITA,H51,H50,0.0027652220154214
ITA,H51,H51,0.0041731306236425
ITA,H51,H52,0.0042901508371833
ITA,H51,H53,0.0060205151485672
ITA,H51,HFCE,0.0051409442972338
ITA,H51,I,0.0004359378439822
ITA,H51,J58T60,0.0009504367876889
ITA,H51,J61,0.0003720246910654
ITA,H51,J62_63,0.0003211246742634
ITA,H51,K,0.0003965644467423
ITA,H51,L,2.6101728586975677e-05
ITA,H51,M,0.0003586510037836
ITA,H51,N,0.0007334259079812
ITA,H51,O,0.0004528974865658
ITA,H51,P,0.0001348295605813
ITA,H51,Q,0.0003799665650444
ITA,H51,R,0.0003449022441303
ITA,H51,S,0.0005312304477682
ITA,H51,T,0.0
ITA,H52,A01_02,0.0031378064310258
ITA,H52,A03,0.0026560424966799
ITA,H52,B05_06,0.0362400673469806
ITA,H52,B07_08,0.0194672131147541
ITA,H52,B09,0.0109470468431771
ITA,H52,C10T12,0.0190641958120989
ITA,H52,C13T15,0.0096219147534336
ITA,H52,C16,0.0152652477095113
ITA,H52,C17_18,0.0209152055622732
ITA,H52,C19,0.0166117125907056
ITA,H52,C20,0.0101171798794106
ITA,H52,C21,0.0038007141964276
ITA,H52,C22,0.0143878421834185
ITA,H52,C23,0.028091414679734
ITA,H52,C24,0.0111101161753342
ITA,H52,C25,0.0065229450012303
ITA,H52,C26,0.0066021909378358
ITA,H52,C27,0.0123492410188421
ITA,H52,C28,0.0092132312003279
ITA,H52,C29,0.0067112043669456
ITA,H52,C30,0.0051356103219725
ITA,H52,C31T33,0.0096664359121389
ITA,H52,D,0.0088384884446968
ITA,H52,E,0.0164539900583548
ITA,H52,F,0.0089883733127939
ITA,H52,G,0.035394931913538
ITA,H52,H49,0.0936933693131909
ITA,H52,H50,0.0313746344057431
ITA,H52,H51,0.0231616506360533
ITA,H52,H52,0.1028869870620065
ITA,H52,H53,0.1275657446739518
ITA,H52,HFCE,0.013886876878613
ITA,H52,I,0.0037011122954089
ITA,H52,J58T60,0.0103019083117763
ITA,H52,J61,0.0016042083812186
ITA,H52,J62_63,0.0025280027548397
ITA,H52,K,0.0017926971904161
ITA,H52,L,0.0003157584111007
ITA,H52,M,0.0046595352858912
ITA,H52,N,0.0115214542635603
ITA,H52,O,0.0018086528678808
ITA,H52,P,0.0009038151052527
ITA,H52,Q,0.0030344771045181
ITA,H52,R,0.0032299969286077
ITA,H52,S,0.0041223482746815
ITA,H52,T,0.0
ITA,H53,A01_02,0.0002334149793324
ITA,H53,A03,0.0001397917103515
ITA,H53,B05_06,0.0025871096236371
ITA,H53,B07_08,0.0012890005288207
ITA,H53,B09,0.0015274949083503
ITA,H53,C10T12,0.000615374679971
ITA,H53,C13T15,0.0005321575186255
ITA,H53,C16,0.0003858403603047
ITA,H53,C17_18,0.0011902962515114
ITA,H53,C19,0.0085678162578313
ITA,H53,C20,0.0003883509306748
ITA,H53,C21,0.0008074406159521
ITA,H53,C22,0.000391723443249
ITA,H53,C23,0.0005863830852912
ITA,H53,C24,0.0008888092940267
ITA,H53,C25,0.000176211270014
ITA,H53,C26,0.0001816762143315
ITA,H53,C27,0.0002551397545889
ITA,H53,C28,0.0005605792703445
ITA,H53,C29,0.0002765517851256
ITA,H53,C30,0.0004319954564953
ITA,H53,C31T33,0.0006996913039215
ITA,H53,D,0.0015347123854017
ITA,H53,E,0.0189755919113116
ITA,H53,F,0.0019423316697777
ITA,H53,G,0.0009793813532875
ITA,H53,H49,0.0018606519107045
ITA,H53,H50,0.0007551183195958
ITA,H53,H51,0.0018305926155755
ITA,H53,H52,0.0093933911155041
ITA,H53,H53,0.060821254472151
ITA,H53,HFCE,0.0013040425057832
ITA,H53,I,0.0010157351764785
ITA,H53,J58T60,0.0016983892162615
ITA,H53,J61,0.0004549601317488
ITA,H53,J62_63,0.0007201391631354
ITA,H53,K,0.0020066662985477
ITA,H53,L,0.0002871190144567
ITA,H53,M,0.0009568906373057
ITA,H53,N,0.0028545825339731
ITA,H53,O,0.009103180738405
ITA,H53,P,0.0038289309958305
ITA,H53,Q,0.0014052981949223
ITA,H53,R,0.0037561616660037
ITA,H53,S,0.0015936913433047
ITA,H53,T,0.0
ITA,I,A01_02,0.0020770978540594
ITA,I,A03,0.0008387502621094
ITA,I,B05_06,0.0129355481181857
ITA,I,B07_08,0.0046602326811211
ITA,I,B09,0.0043279022403258
ITA,I,C10T12,0.0028334557666071
ITA,I,C13T15,0.0037783183822411
ITA,I,C16,0.0039987091886127
ITA,I,C17_18,0.005249719295215
ITA,I,C19,0.0264344268723862
ITA,I,C20,0.0011140019654568
ITA,I,C21,0.0055878944719034
ITA,I,C22,0.000687514614682
ITA,I,C23,0.0022447477483805
ITA,I,C24,0.0070756516000225
ITA,I,C25,0.0006673089515325
ITA,I,C26,0.001252406243477
ITA,I,C27,0.0015809126849763
ITA,I,C28,0.0071796973942623
ITA,I,C29,0.0019085288892104
ITA,I,C30,0.0019847623420799
ITA,I,C31T33,0.0061620372158525
ITA,I,D,0.0053598743940462
ITA,I,E,0.0043526486600688
ITA,I,F,0.0127772373098203
ITA,I,G,0.0039222651598928
ITA,I,H49,0.0061685408374021
ITA,I,H50,0.0042967295931932
ITA,I,H51,0.0201675457648153
ITA,I,H52,0.021871586420627
ITA,I,H53,0.0147648540268275
ITA,I,HFCE,0.0838623927887241
ITA,I,I,0.0033861472031317
ITA,I,J58T60,0.0059505607577047
ITA,I,J61,0.0023672144355058
ITA,I,J62_63,0.0056299304594269
ITA,I,K,0.001091179703932
ITA,I,L,0.0011626144941448
ITA,I,M,0.0047215062756606
ITA,I,N,0.0143591457766224
ITA,I,O,0.0037295021299692
ITA,I,P,0.008753637827233
ITA,I,Q,0.00411236289277
ITA,I,R,0.0017798969824829
ITA,I,S,0.0067430851503382
ITA,I,T,0.0
ITA,J58T60,A01_02,0.0002304603593408
ITA,J58T60,A03,0.0002096875655273
ITA,J58T60,B05_06,0.0597704453524423
ITA,J58T60,B07_08,0.0200621364357482
ITA,J58T60,B09,0.0017820773930753
ITA,J58T60,C10T12,0.0016797058620803
ITA,J58T60,C13T15,0.0016357508489179
ITA,J58T60,C16,0.0004700237116439
ITA,J58T60,C17_18,0.0049582181723959
ITA,J58T60,C19,0.0017537199883294
ITA,J58T60,C20,0.0012416290318757
ITA,J58T60,C21,0.0023784024838089
ITA,J58T60,C22,0.0006435456567663
ITA,J58T60,C23,0.0005802749281528
ITA,J58T60,C24,0.0008390625051819
ITA,J58T60,C25,0.0005088230755435
ITA,J58T60,C26,0.0005643558998384
ITA,J58T60,C27,0.0006962692368221
ITA,J58T60,C28,0.0009146695870832
ITA,J58T60,C29,0.0006881637443825
ITA,J58T60,C30,0.0006192941858849
ITA,J58T60,C31T33,0.001427607947067
ITA,J58T60,D,0.000416261687153
ITA,J58T60,E,0.0016862845595412
ITA,J58T60,F,0.0010446918302799
ITA,J58T60,G,0.0044134525986659
ITA,J58T60,H49,0.0007132004399882
ITA,J58T60,H50,0.0028609412390321
ITA,J58T60,H51,0.0076946943841141
ITA,J58T60,H52,0.0013430263292908
ITA,J58T60,H53,0.0050801474323637
ITA,J58T60,HFCE,0.0114762756379732
ITA,J58T60,I,0.0020282008191272
ITA,J58T60,J58T60,0.0863037926560162
ITA,J58T60,J61,0.0389322654408018
ITA,J58T60,J62_63,0.0044793475839809
ITA,J58T60,K,0.0009644296750681
ITA,J58T60,L,0.0001790868600273
ITA,J58T60,M,0.0107605060346081
ITA,J58T60,N,0.0031097258498406
ITA,J58T60,O,0.0007906615005415
ITA,J58T60,P,0.0008432560653306
ITA,J58T60,Q,0.0004792939243714
ITA,J58T60,R,0.0112080641669226
ITA,J58T60,S,0.0015936913433047
ITA,J58T60,T,0.0
ITA,J61,A01_02,0.0006175155782339
ITA,J61,A03,0.0078283357796882
ITA,J61,B05_06,0.0069605568445475
ITA,J61,B07_08,0.0031398730830248
ITA,J61,B09,0.0061099796334012
ITA,J61,C10T12,0.0062375768519766
ITA,J61,C13T15,0.0046475089959961
ITA,J61,C16,0.0063768888639456
ITA,J61,C17_18,0.009330735014683
ITA,J61,C19,0.0009850949487217
ITA,J61,C20,0.0049409907142192
ITA,J61,C21,0.003753416419761
ITA,J61,C22,0.0085379721916327
ITA,J61,C23,0.0145404680680815
ITA,J61,C24,0.0084403718406643
ITA,J61,C25,0.0070057013208546
ITA,J61,C26,0.0090065016892022
ITA,J61,C27,0.003836634253585
ITA,J61,C28,0.0031263957123715
ITA,J61,C29,0.0053220140044537
ITA,J61,C30,0.0042897450924711
ITA,J61,C31T33,0.0038104207952415
ITA,J61,D,0.00313610746826
ITA,J61,E,0.0132437894061422
ITA,J61,F,0.0017560019485586
ITA,J61,G,0.005823153064134
ITA,J61,H49,0.0035501752831039
ITA,J61,H50,0.0032544536027652
ITA,J61,H51,0.0190195470058951
ITA,J61,H52,0.0056539590052253
ITA,J61,H53,0.005642206297221
ITA,J61,HFCE,0.0212159933271273
ITA,J61,I,0.0121942713407922
ITA,J61,J58T60,0.0156946039984462
ITA,J61,J61,0.2031586554980273
ITA,J61,J62_63,0.0053224706649193
ITA,J61,K,0.003746655556169
ITA,J61,L,0.0005075336114134
ITA,J61,M,0.0024949422889058
ITA,J61,N,0.0024607550464147
ITA,J61,O,0.0055704628600564
ITA,J61,P,0.0016762285201084
ITA,J61,Q,0.0046647070972814
ITA,J61,R,0.010654206548611
ITA,J61,S,0.0087334285613098
ITA,J61,T,0.0
ITA,J62_63,A01_02,0.0015112881256777
ITA,J62_63,A03,0.0030754176277346
ITA,J62_63,B05_06,0.0361374042666776
ITA,J62_63,B07_08,0.0126586462189317
ITA,J62_63,B09,0.0063645621181262
ITA,J62_63,C10T12,0.0057954509466896
ITA,J62_63,C13T15,0.0062135725508083
ITA,J62_63,C16,0.004868603819118
ITA,J62_63,C17_18,0.0086019822076351
ITA,J62_63,C19,0.0023843062453137
ITA,J62_63,C20,0.0042937391630946
ITA,J62_63,C21,0.0054460011419034
ITA,J62_63,C22,0.0076565944443223
ITA,J62_63,C23,0.0069449746664182
ITA,J62_63,C24,0.0030561110613643
ITA,J62_63,C25,0.0058942148484583
ITA,J62_63,C26,0.0112059435180245
ITA,J62_63,C27,0.0085936792106405
ITA,J62_63,C28,0.0093547143722429
ITA,J62_63,C29,0.0147263825579432
ITA,J62_63,C30,0.0100295448640875
ITA,J62_63,C31T33,0.0076475813855373
ITA,J62_63,D,0.0112602827750509
ITA,J62_63,E,0.0114479550376284
ITA,J62_63,F,0.0076941241952256
ITA,J62_63,G,0.0201648783269592
ITA,J62_63,H49,0.0119572356707051
ITA,J62_63,H50,0.0071895772400957
ITA,J62_63,H51,0.0066397766056469
ITA,J62_63,H52,0.0169566815559882
ITA,J62_63,H53,0.0190883837564988
ITA,J62_63,HFCE,0.0040847958933769
ITA,J62_63,I,0.0107698444355803
ITA,J62_63,J58T60,0.0257816309495276
ITA,J62_63,J61,0.0128241887136713
ITA,J62_63,J62_63,0.1187669359103474
ITA,J62_63,K,0.0312074885422993
ITA,J62_63,L,0.0015131752100282
ITA,J62_63,M,0.0251743727023157
ITA,J62_63,N,0.0177115689269223
ITA,J62_63,O,0.0085727443825438
ITA,J62_63,P,0.0037123834095653
ITA,J62_63,Q,0.006737968645138
ITA,J62_63,R,0.018380520324057
ITA,J62_63,S,0.0124638468167491
ITA,J62_63,T,0.0
ITA,K,A01_02,0.0155841431454293
ITA,K,A03,0.0208289648423848
ITA,K,B05_06,0.0190337350881875
ITA,K,B07_08,0.0116671073506081
ITA,K,B09,0.0394602851323828
ITA,K,C10T12,0.0176707540544249
ITA,K,C13T15,0.0229613298869798
ITA,K,C16,0.0196778583755419
ITA,K,C17_18,0.0186749654517187
ITA,K,C19,0.0060360594947153
ITA,K,C20,0.0142723525132504
ITA,K,C21,0.0168582789690436
ITA,K,C22,0.0171738752440776
ITA,K,C23,0.028024224951211
ITA,K,C24,0.0128910512159773
ITA,K,C25,0.0193269355087605
ITA,K,C26,0.0158560815146384
ITA,K,C27,0.016319406358941
ITA,K,C28,0.0190206917226991
ITA,K,C29,0.0119672961435496
ITA,K,C30,0.0282005425621257
ITA,K,C31T33,0.0217097424957736
ITA,K,D,0.0210020186671139
ITA,K,E,0.0179915998771477
ITA,K,F,0.0247808949287181
ITA,K,G,0.0530000975389987
ITA,K,H49,0.0255347519526458
ITA,K,H50,0.0727040680670034
ITA,K,H51,0.0267607818802358
ITA,K,H52,0.0223300857380734
ITA,K,H53,0.0187316925538009
ITA,K,HFCE,0.0566973307859659
ITA,K,I,0.0231613776507745
ITA,K,J58T60,0.0223228675091117
ITA,K,J61,0.0281956802483324
ITA,K,J62_63,0.0191595279057341
ITA,K,K,0.2436010059685459
ITA,K,L,0.0427676822897596
ITA,K,M,0.0201864399667015
ITA,K,N,0.0268753922717356
ITA,K,O,0.0280661336065207
ITA,K,P,0.0058513744045503
ITA,K,Q,0.0126560924196407
ITA,K,R,0.0283348522458926
ITA,K,S,0.0347283051387692
ITA,K,T,0.0
ITA,L,A01_02,0.0010178665870889
ITA,L,A03,0.0033550010484378
ITA,L,B05_06,0.0088290249060632
ITA,L,B07_08,0.0290851401374933
ITA,L,B09,0.0066191446028513
ITA,L,C10T12,0.0065896630714958
ITA,L,C13T15,0.0181300998428868
ITA,L,C16,0.0127607930071696
ITA,L,C17_18,0.0099110381758507
ITA,L,C19,0.0011105847511066
ITA,L,C20,0.0071215903061773
ITA,L,C21,0.0046486957638084
ITA,L,C22,0.011443920592062
ITA,L,C23,0.0109610879849495
ITA,L,C24,0.0040726037800926
ITA,L,C25,0.0118238804849667
ITA,L,C26,0.0065055546536169
ITA,L,C27,0.0081334738589053
ITA,L,C28,0.0085868813743904
ITA,L,C29,0.005455466319369
ITA,L,C30,0.006286591223544
ITA,L,C31T33,0.0135526194600344
ITA,L,D,0.0059095014761124
ITA,L,E,0.0118920230132848
ITA,L,F,0.010467994158156
ITA,L,G,0.0481119218849823
ITA,L,H49,0.0182563485720164
ITA,L,H50,0.0024461579367189
ITA,L,H51,0.0259695935463853
ITA,L,H52,0.0224326960669071
ITA,L,H53,0.0433974296615757
ITA,L,HFCE,0.2593962323474518
ITA,L,I,0.0516139508828831
ITA,L,J58T60,0.0315792953544302
ITA,L,J61,0.0280013743587313
ITA,L,J62_63,0.0256079846625389
ITA,L,K,0.0243466726234997
ITA,L,L,0.0083924307887289
ITA,L,M,0.0196633462577817
ITA,L,N,0.016679438649145
ITA,L,O,0.0110140439339932
ITA,L,P,0.0104150122432096
ITA,L,Q,0.0180576088173264
ITA,L,R,0.0281586248218844
ITA,L,S,0.0238156512295033
ITA,L,T,0.0
ITA,M,A01_02,0.0128245280733218
ITA,M,A03,0.0050325015726567
ITA,M,B05_06,0.0446789725478923
ITA,M,B07_08,0.0357945531464833
ITA,M,B09,0.080448065173116
ITA,M,C10T12,0.0308258626267619
ITA,M,C13T15,0.039965029648776
ITA,M,C16,0.0229680243570496
ITA,M,C17_18,0.0427588961824149
ITA,M,C19,0.0136878001951366
ITA,M,C20,0.0183345397129849
ITA,M,C21,0.0472133163511792
ITA,M,C22,0.0233055462843232
ITA,M,C23,0.0259718841526917
ITA,M,C24,0.0295296938582614
ITA,M,C25,0.0229085077720639
ITA,M,C26,0.0363545701231532
ITA,M,C27,0.0321952987519612
ITA,M,C28,0.0378662502217844
ITA,M,C29,0.054824783541953
ITA,M,C30,0.0478034692558198
ITA,M,C31T33,0.0345715839169046
ITA,M,D,0.021135384062027
ITA,M,E,0.0375384157923874
ITA,M,F,0.0684807230167979
ITA,M,G,0.0669878385582389
ITA,M,H49,0.0177419737747988
ITA,M,H50,0.0224195692634937
ITA,M,H51,0.0364101768538628
ITA,M,H52,0.069725666739836
ITA,M,H53,0.0230227958104996
ITA,M,HFCE,0.0148475314853442
ITA,M,I,0.0222960410304698
ITA,M,J58T60,0.0705306743142391
ITA,M,J61,0.0186652133218013
ITA,M,J62_63,0.1026300794066162
ITA,M,K,0.0321060333013739
ITA,M,L,0.0129116550743573
ITA,M,M,0.1283355763253252
ITA,M,N,0.0860588625408718
ITA,M,O,0.0322185750235553
ITA,M,P,0.0191332287452052
ITA,M,Q,0.0292416592609098
ITA,M,R,0.0678676985201931
ITA,M,S,0.037124744714257
ITA,M,T,0.0
ITA,N,A01_02,0.0070246090299096
ITA,N,A03,0.0011882295379883
ITA,N,B05_06,0.0332217727860706
ITA,N,B07_08,0.0351004759386568
ITA,N,B09,0.0463340122199592
ITA,N,C10T12,0.010724658019959
ITA,N,C13T15,0.028868278343723
ITA,N,C16,0.013427244538605
ITA,N,C17_18,0.024818081706685
ITA,N,C19,0.0166713202468384
ITA,N,C20,0.0095920856632869
ITA,N,C21,0.0216725169511853
ITA,N,C22,0.0130427917889969
ITA,N,C23,0.0145129813609584
ITA,N,C24,0.0313272111618528
ITA,N,C25,0.0207595644140818
ITA,N,C26,0.0163238011302579
ITA,N,C27,0.014490507370439
ITA,N,C28,0.0256925792458717
ITA,N,C29,0.0128226772463803
ITA,N,C30,0.0149446260369401
ITA,N,C31T33,0.0291939140226456
ITA,N,D,0.0092214087831216
ITA,N,E,0.0706439768145654
ITA,N,F,0.0530072132114957
ITA,N,G,0.0327805873943192
ITA,N,H49,0.0174610460009337
ITA,N,H50,0.0676415846849242
ITA,N,H51,0.1625814458578963
ITA,N,H52,0.0500024029001055
ITA,N,H53,0.0339072819049472
ITA,N,HFCE,0.0143264081924583
ITA,N,I,0.0209064891527765
ITA,N,J58T60,0.0560344471350529
ITA,N,J61,0.0254801369619563
ITA,N,J62_63,0.032760182726772
ITA,N,K,0.009510644492523
ITA,N,L,0.006758897607994
ITA,N,M,0.0302813678119751
ITA,N,N,0.0540743809440836
ITA,N,O,0.054747728463579
ITA,N,P,0.0138725906357442
ITA,N,Q,0.0247335635555831
ITA,N,R,0.0394170396813808
ITA,N,S,0.0176037965269333
ITA,N,T,0.0
ITA,O,A01_02,0.0022292607836243
ITA,O,A03,0.0003494792758789
ITA,O,B05_06,0.0159127774469745
ITA,O,B07_08,0.0216816499206768
ITA,O,B09,0.0033095723014256
ITA,O,C10T12,0.0035171364150916
ITA,O,C13T15,0.0052468197253053
ITA,O,C16,0.0076115780169208
ITA,O,C17_18,0.0090311366384522
ITA,O,C19,0.0339010701142898
ITA,O,C20,0.0044177197419016
ITA,O,C21,0.0082061642516647
ITA,O,C22,0.0029599103033258
ITA,O,C23,0.0038298145258084
ITA,O,C24,0.0234390286773655
ITA,O,C25,0.0028308496928293
ITA,O,C26,0.0018090312405779
ITA,O,C27,0.0022175698296047
ITA,O,C28,0.0024786322171713
ITA,O,C29,0.0028893230108771
ITA,O,C30,0.003694618484572
ITA,O,C31T33,0.0036499820249155
ITA,O,D,0.0021580945722304
ITA,O,E,0.0412787592701635
ITA,O,F,0.0050802391343188
ITA,O,G,0.0047389983617938
ITA,O,H49,0.003961675120878
ITA,O,H50,0.0051582026056899
ITA,O,H51,0.0124883648774433
ITA,O,H52,0.0052798859077052
ITA,O,H53,0.0234335311348184
ITA,O,HFCE,0.0094733744454701
ITA,O,I,0.0060224813146141
ITA,O,J58T60,0.0136243047348281
ITA,O,J61,0.0019383197279717
ITA,O,J62_63,0.0058772647830085
ITA,O,K,0.0015253926740993
ITA,O,L,0.0008294549306527
ITA,O,M,0.003509900231586
ITA,O,N,0.0048788380400014
ITA,O,O,0.0159630210083342
ITA,O,P,0.0023526615698045
ITA,O,Q,0.0040282762393715
ITA,O,R,0.0211951240389311
ITA,O,S,0.0028733664663731
ITA,O,T,0.0
ITA,P,A01_02,9.307052973381828e-05
ITA,P,A03,0.0
ITA,P,B05_06,0.0032646859536373
ITA,P,B07_08,0.0011898466419883
ITA,P,B09,0.0005091649694501
ITA,P,C10T12,0.0007954540515064
ITA,P,C13T15,0.0014583650093761
ITA,P,C16,0.0004910695494787
ITA,P,C17_18,0.0012091898428053
ITA,P,C19,0.0003733321620951
ITA,P,C20,0.0013656096106827
ITA,P,C21,0.004402071642618
ITA,P,C22,0.000865389035341
ITA,P,C23,0.0007971145065677
ITA,P,C24,0.0006931385912372
ITA,P,C25,0.0010916757378977
ITA,P,C26,0.0021221328014472
ITA,P,C27,0.001206548746
ITA,P,C28,0.0015433137347274
ITA,P,C29,0.0013698960519016
ITA,P,C30,0.0015316202548471
ITA,P,C31T33,0.0017128324276465
ITA,P,D,0.0007001683232938
ITA,P,E,0.0017664906696818
ITA,P,F,0.0015519493489716
ITA,P,G,0.002474397260127
ITA,P,H49,0.0006944059762437
ITA,P,H50,0.0041903749002924
ITA,P,H51,0.0032888613093391
ITA,P,H52,0.0042810587827297
ITA,P,H53,0.0013078677432255
ITA,P,HFCE,0.0135228311377338
ITA,P,I,0.0006375590968239
ITA,P,J58T60,0.0029380893741167
ITA,P,J61,0.0007061360378185
ITA,P,J62_63,0.0044561172883959
ITA,P,K,0.0006274753904151
ITA,P,L,6.235412940221966e-05
ITA,P,M,0.0027135486150215
ITA,P,N,0.0037569186510652
ITA,P,O,0.0038604958258242
ITA,P,P,0.0101167875371781
ITA,P,Q,0.0036115217634652
ITA,P,R,0.0026484464293806
ITA,P,S,0.0071609864359159
ITA,P,T,0.0
ITA,Q,A01_02,0.0008494532475705
ITA,Q,A03,0.0001397917103515
ITA,Q,B05_06,0.0044555776851528
ITA,Q,B07_08,0.0015864621893178
ITA,Q,B09,0.0007637474541751
ITA,Q,C10T12,0.0003936907639774
ITA,Q,C13T15,0.0004992144341391
ITA,Q,C16,0.0003367334053568
ITA,Q,C17_18,0.0006612756952841
ITA,Q,C19,0.0023058751188231
ITA,Q,C20,0.0004248158067945
ITA,Q,C21,0.0026689459690469
ITA,Q,C22,0.0002318363235555
ITA,Q,C23,0.0003298404854763
ITA,Q,C24,0.0011425179171351
ITA,Q,C25,0.0001689125783566
ITA,Q,C26,0.0002667161444441
ITA,Q,C27,0.0002837535588419
ITA,Q,C28,0.0013138815640544
ITA,Q,C29,0.0010000884322568
ITA,Q,C30,0.0007340901813172
ITA,Q,C31T33,0.0018910977280087
ITA,Q,D,0.0002849169800416
ITA,Q,E,0.0053953280918966
ITA,Q,F,0.0010992974555215
ITA,Q,G,0.0004891917559339
ITA,Q,H49,0.0005846067406838
ITA,Q,H50,0.0010848178675884
ITA,Q,H51,0.0013341607198262
ITA,Q,H52,0.0009936316652877
ITA,Q,H53,0.0020861030945664
ITA,Q,HFCE,0.0360728793068839
ITA,Q,I,0.0005569105956872
ITA,Q,J58T60,0.0009917601262841
ITA,Q,J61,0.0002061538096987
ITA,Q,J62_63,0.0013692209515402
ITA,Q,K,0.0004455075271947
ITA,Q,L,0.0001265208788452
ITA,Q,M,0.0068739002589118
ITA,Q,N,0.0138675281679998
ITA,Q,O,0.002437187641714
ITA,Q,P,0.0066260730661956
ITA,Q,Q,0.0903206276648243
ITA,Q,R,0.0160417306540051
ITA,Q,S,0.0011025983071456
ITA,Q,T,0.0
ITA,R,A01_02,0.0003914871488803
ITA,R,A03,0.0002096875655273
ITA,R,B05_06,0.0041681210603042
ITA,R,B07_08,0.0051890534108937
ITA,R,B09,0.0028004073319755
ITA,R,C10T12,0.004561596769997
ITA,R,C13T15,0.0068369570726268
ITA,R,C16,0.0008348182341139
ITA,R,C17_18,0.0093577258593884
ITA,R,C19,0.0214022857967504
ITA,R,C20,0.0011285879159047
ITA,R,C21,0.0119933647976161
ITA,R,C22,0.0007594638185441
ITA,R,C23,0.0014445791632435
ITA,R,C24,0.0035834270231189
ITA,R,C25,0.0005995353861424
ITA,R,C26,0.0006300685731072
ITA,R,C27,0.0009752538282885
ITA,R,C28,0.0011685745226281
ITA,R,C29,0.0005370249780929
ITA,R,C30,0.0011328552180821
ITA,R,C31T33,0.0025803902227424
ITA,R,D,0.0010285300910723
ITA,R,E,0.0021792586999176
ITA,R,F,0.0038707724348887
ITA,R,G,0.0027942054350925
ITA,R,H49,0.0010960139909944
ITA,R,H50,0.0060515820260568
ITA,R,H51,0.0044368600682593
ITA,R,H52,0.0026198105475624
ITA,R,H53,0.0057178680674902
ITA,R,HFCE,0.020075784397093
ITA,R,I,0.0096560232442058
ITA,R,J58T60,0.076034943015116
ITA,R,J61,0.00289563167186
ITA,R,J62_63,0.0055793704043301
ITA,R,K,0.0004680966412497
ITA,R,L,0.0006043275215901
ITA,R,M,0.0027950380267656
ITA,R,N,0.0058567392506431
ITA,R,O,0.0012071392151656
ITA,R,P,0.0012077529282581
ITA,R,Q,0.0020222840142337
ITA,R,R,0.13146565831013
ITA,R,S,0.0083721918568274
ITA,R,T,0.0
ITA,S,A01_02,0.0037833908991795
ITA,S,A03,0.0015377088138673
ITA,S,B05_06,0.0029156314806069
ITA,S,B07_08,0.0023466419883659
ITA,S,B09,0.0022912423625254
ITA,S,C10T12,0.001037629758054
ITA,S,C13T15,0.0021957832851857
ITA,S,C16,0.0007927265584442
ITA,S,C17_18,0.0022186474347901
ITA,S,C19,0.0093803627282737
ITA,S,C20,0.0007967575432154
ITA,S,C21,0.0030000304057135
ITA,S,C22,0.0004476839351417
ITA,S,C23,0.0007696277994447
ITA,S,C24,0.0012851253784901
ITA,S,C25,0.0004045560518665
ITA,S,C26,0.0009122465230264
ITA,S,C27,0.0006771933673201
ITA,S,C28,0.001385005536963
ITA,S,C29,0.0010386770534372
ITA,S,C30,0.0012325464772734
ITA,S,C31T33,0.0036514675690852
ITA,S,D,0.001483184846458
ITA,S,E,0.0082983980296684
ITA,S,F,0.0024462362114808
ITA,S,G,0.0011787001768424
ITA,S,H49,0.0007122112576859
ITA,S,H50,0.0011273597447487
ITA,S,H51,0.0017685386286068
ITA,S,H52,0.0026405923863136
ITA,S,H53,0.0103656625268869
ITA,S,HFCE,0.0341785941883904
ITA,S,I,0.0016674622532319
ITA,S,J58T60,0.0068472772052199
ITA,S,J61,0.0007511581341895
ITA,S,J62_63,0.0032467754299996
ITA,S,K,0.0007881090903614
ITA,S,L,0.0003143083150681
ITA,S,M,0.003736801887041
ITA,S,N,0.0109720515833998
ITA,S,O,0.0046670175496307
ITA,S,P,0.0025274829492023
ITA,S,Q,0.0079277947907267
ITA,S,R,0.0087962659926387
ITA,S,S,0.006811554852495
ITA,S,T,0.0
ITA,T,A01_02,0.0
ITA,T,A03,0.0
ITA,T,B05_06,0.0
ITA,T,B07_08,0.0
ITA,T,B09,0.0
ITA,T,C10T12,0.0
ITA,T,C13T15,0.0
ITA,T,C16,0.0
ITA,T,C17_18,0.0
ITA,T,C19,0.0
ITA,T,C20,0.0
ITA,T,C21,0.0
ITA,T,C22,0.0
ITA,T,C23,0.0
ITA,T,C24,0.0
ITA,T,C25,0.0
ITA,T,C26,0.0
ITA,T,C27,0.0
ITA,T,C28,0.0
ITA,T,C29,0.0
ITA,T,C30,0.0
ITA,T,C31T33,0.0
ITA,T,D,0.0
ITA,T,E,0.0
ITA,T,F,0.0
ITA,T,G,0.0
ITA,T,H49,0.0
ITA,T,H50,0.0
ITA,T,H51,0.0
ITA,T,H52,0.0
ITA,T,H53,0.0
ITA,T,HFCE,0.0262426049148773
ITA,T,I,0.0
ITA,T,J58T60,0.0
ITA,T,J61,0.0
ITA,T,J62_63,0.0
ITA,T,K,0.0
ITA,T,L,0.0
ITA,T,M,0.0
ITA,T,N,0.0
ITA,T,O,0.0
ITA,T,P,0.0
ITA,T,Q,0.0
ITA,T,R,0.0
ITA,T,S,0.0
ITA,T,T,0.0
ITA,employees_compensation,A01_02,0.1581297846377488
ITA,employees_compensation,A03,0.2729433144614524
ITA,employees_compensation,B05_06,0.0
ITA,employees_compensation,B07_08,0.0
ITA,employees_compensation,B09,0.0
ITA,employees_compensation,C10T12,0.1075756907751547
ITA,employees_compensation,C13T15,0.1677867315392022
ITA,employees_compensation,C16,0.1583839602654581
ITA,employees_compensation,C17_18,0.162406611677319
ITA,employees_compensation,C19,0.0390681127274894
ITA,employees_compensation,C20,0.1261484156922947
ITA,employees_compensation,C21,0.1809579151140045
ITA,employees_compensation,C22,0.165213359368286
ITA,employees_compensation,C23,0.1876700740003237
ITA,employees_compensation,C24,0.0964474159859647
ITA,employees_compensation,C25,0.2167523741601291
ITA,employees_compensation,C26,0.2301683017525956
ITA,employees_compensation,C27,0.1775868071286524
ITA,employees_compensation,C28,0.1939229536179924
ITA,employees_compensation,C29,0.1375829052408171
ITA,employees_compensation,C30,0.1542676921775592
ITA,employees_compensation,C31T33,0.1161992649527448
ITA,employees_compensation,D,0.0613642471624491
ITA,employees_compensation,E,0.214625681996467
ITA,employees_compensation,F,0.1718970712703998
ITA,employees_compensation,G,0.2080841120446194
ITA,employees_compensation,H49,0.2128542261824685
ITA,employees_compensation,H50,0.1810263227864929
ITA,employees_compensation,H51,0.1558796152652808
ITA,employees_compensation,H52,0.2161765832838682
ITA,employees_compensation,H53,0.396132602656809
ITA,employees_compensation,HFCE,0.0
ITA,employees_compensation,I,0.2684930282640301
ITA,employees_compensation,J58T60,0.0836714959875038
ITA,employees_compensation,J61,0.1937229719322773
ITA,employees_compensation,J62_63,0.2845478906208364
ITA,employees_compensation,K,0.2603640110234876
ITA,employees_compensation,L,0.0091385051975067
ITA,employees_compensation,M,0.1677559572663669
ITA,employees_compensation,N,0.3183735191464167
ITA,employees_compensation,O,0.4642798401289494
ITA,employees_compensation,P,0.7682634066859466
ITA,employees_compensation,Q,0.3700075520325583
ITA,employees_compensation,R,0.1928003544688757
ITA,employees_compensation,S,0.228693527252122
ITA,employees_compensation,T,0.9999950491373124
JPN,A01_02,A01_02,0.1300903259898691
JPN,A01_02,A03,0.0004054641827685
JPN,A01_02,B05_06,0.0002944640753828
JPN,A01_02,B07_08,0.0005802146794313
JPN,A01_02,B09,0.0002531805810494
JPN,A01_02,C10T12,0.1413262368500917
JPN,A01_02,C13T15,0.0044371052083962
JPN,A01_02,C16,0.112508108327252
JPN,A01_02,C17_18,0.0003743024706989
JPN,A01_02,C19,5.202747415740593e-05
JPN,A01_02,C20,0.0016871343708161
JPN,A01_02,C21,0.0018169582772543
JPN,A01_02,C22,0.0062720216978047
JPN,A01_02,C23,0.0002157832326344
JPN,A01_02,C24,8.459055585229971e-05
JPN,A01_02,C25,0.0003438693575523
JPN,A01_02,C26,0.0002865764856582
JPN,A01_02,C27,0.0002169416803563
JPN,A01_02,C28,0.0001238462603042
JPN,A01_02,C29,0.0001323869707194
JPN,A01_02,C30,0.0002266958455755
JPN,A01_02,C31T33,0.001625828025641
JPN,A01_02,D,7.533677272134761e-05
JPN,A01_02,E,8.706610150074464e-05
JPN,A01_02,F,0.0008795884242581
JPN,A01_02,G,0.0039746245392489
JPN,A01_02,H49,0.0001090335918735
JPN,A01_02,H50,0.0005258444583961
JPN,A01_02,H51,0.0001382436355562
JPN,A01_02,H52,0.000351893301336
JPN,A01_02,H53,0.0008237875148498
JPN,A01_02,HFCE,0.0178480829947959
JPN,A01_02,I,0.0288777687835749
JPN,A01_02,J58T60,0.0001485275410786
JPN,A01_02,J61,8.183774410246729e-05
JPN,A01_02,J62_63,7.344523619828298e-05
JPN,A01_02,K,0.0002373925814044
JPN,A01_02,L,2.227390076559573e-05
JPN,A01_02,M,0.0005081314792265
JPN,A01_02,N,0.0005523935532227
JPN,A01_02,O,0.0002096635349166
JPN,A01_02,P,0.0020947183614309
JPN,A01_02,Q,0.0029139212634577
JPN,A01_02,R,0.003779804744893
JPN,A01_02,S,0.0026289798557227
JPN,A01_02,T,0.0
JPN,A03,A01_02,6.506783815065373e-05
JPN,A03,A03,0.0421166704755726
JPN,A03,B05_06,0.0
JPN,A03,B07_08,0.0001115797460444
JPN,A03,B09,0.0
JPN,A03,C10T12,0.0207381392011209
JPN,A03,C13T15,3.020722153976277e-05
JPN,A03,C16,1.5203113597664802e-05
JPN,A03,C17_18,1.1097916920993933e-05
JPN,A03,C19,1.3691440567738402e-05
JPN,A03,C20,4.575279649670837e-05
JPN,A03,C21,7.445376707425332e-05
JPN,A03,C22,5.881101426513043e-05
JPN,A03,C23,1.6133325804447958e-05
JPN,A03,C24,1.1081732207724854e-05
JPN,A03,C25,3.787546546953616e-05
JPN,A03,C26,7.226174315088376e-05
JPN,A03,C27,5.092200214151433e-05
JPN,A03,C28,1.4904134477876232e-05
JPN,A03,C29,2.9072274876677093e-05
JPN,A03,C30,6.069022637454438e-05
JPN,A03,C31T33,0.0048298595516114
JPN,A03,D,1.5860373204494236e-05
JPN,A03,E,1.5580249742238513e-05
JPN,A03,F,2.1890209653482955e-05
JPN,A03,G,0.0001124847478723
JPN,A03,H49,3.81088282276325e-05
JPN,A03,H50,0.0002230855278044
JPN,A03,H51,2.9324407542237617e-05
JPN,A03,H52,5.999492350647253e-05
JPN,A03,H53,0.0001647575029699
JPN,A03,HFCE,0.0019136989950067
JPN,A03,I,0.0067878431083964
JPN,A03,J58T60,3.114287151649015e-05
JPN,A03,J61,1.4976842057967867e-05
JPN,A03,J62_63,2.873944025150204e-05
JPN,A03,K,5.0140284468737375e-05
JPN,A03,L,4.037144513764227e-06
JPN,A03,M,1.8157378250652157e-05
JPN,A03,N,1.701587955081398e-05
JPN,A03,O,3.2743423588996095e-05
JPN,A03,P,8.036490421834906e-05
JPN,A03,Q,0.000652056894989
JPN,A03,R,0.0001088894026745
JPN,A03,S,0.0002890447937721
JPN,A03,T,0.0
JPN,B05_06,A01_02,9.46441282191327e-05
JPN,B05_06,A03,0.0001695577491577
JPN,B05_06,B05_06,0.0031409501374165
JPN,B05_06,B07_08,0.001539800495414
JPN,B05_06,B09,0.0079118931577947
JPN,B05_06,C10T12,0.0002003153992551
JPN,B05_06,C13T15,0.0013492558954427
JPN,B05_06,C16,0.000101354090651
JPN,B05_06,C17_18,0.007246939749409
JPN,B05_06,C19,0.3881267827396572
JPN,B05_06,C20,0.007363340686189
JPN,B05_06,C21,0.0004281091606769
JPN,B05_06,C22,0.0006962186247563
JPN,B05_06,C23,0.01022852856002
JPN,B05_06,C24,0.0033119603658153
JPN,B05_06,C25,0.0002551610305316
JPN,B05_06,C26,9.326088218618331e-05
JPN,B05_06,C27,0.0003041368895027
JPN,B05_06,C28,8.623106376485534e-05
JPN,B05_06,C29,0.0001924536543489
JPN,B05_06,C30,0.0001053153928264
JPN,B05_06,C31T33,3.663425023977117e-05
JPN,B05_06,D,0.196651280452536
JPN,B05_06,E,0.0006470386069423
JPN,B05_06,F,8.275162588703025e-05
JPN,B05_06,G,0.0001196437597247
JPN,B05_06,H49,0.0003429794540486
JPN,B05_06,H50,0.0008732204945487
JPN,B05_06,H51,0.0004314877109786
JPN,B05_06,H52,6.34561690933844e-05
JPN,B05_06,H53,5.202868514841182e-05
JPN,B05_06,HFCE,6.342260993602592e-05
JPN,B05_06,I,7.800426815806903e-05
JPN,B05_06,J58T60,1.836630884305829e-05
JPN,B05_06,J61,2.0860601437883817e-05
JPN,B05_06,J62_63,2.2885109829899768e-05
JPN,B05_06,K,1.980850744443946e-05
JPN,B05_06,L,5.84689895096888e-06
JPN,B05_06,M,5.392191116860337e-05
JPN,B05_06,N,6.806351820325592e-05
JPN,B05_06,O,6.469466757503261e-05
JPN,B05_06,P,1.9972343060181423e-05
JPN,B05_06,Q,4.436675780338165e-05
JPN,B05_06,R,6.414033308224133e-05
JPN,B05_06,S,8.3751495015254e-05
JPN,B05_06,T,0.0
JPN,B07_08,A01_02,0.0001015452625684
JPN,B07_08,A03,7.372076050336535e-06
JPN,B07_08,B05_06,9.815469179426778e-05
JPN,B07_08,B07_08,0.0133449376269219
JPN,B07_08,B09,0.0161402620419013
JPN,B07_08,C10T12,4.75084309737952e-05
JPN,B07_08,C13T15,0.0002215196246249
JPN,B07_08,C16,8.615097705343388e-05
JPN,B07_08,C17_18,0.0009322250213634
JPN,B07_08,C19,0.0032521735161901
JPN,B07_08,C20,0.0029573463835559
JPN,B07_08,C21,0.0005254717791586
JPN,B07_08,C22,0.0006010831605039
JPN,B07_08,C23,0.0656344027039454
JPN,B07_08,C24,0.0911550046210823
JPN,B07_08,C25,0.0011990574989434
JPN,B07_08,C26,0.0015483776929851
JPN,B07_08,C27,0.0012828159169622
JPN,B07_08,C28,0.0003743776636704
JPN,B07_08,C29,0.0003971609121582
JPN,B07_08,C30,0.000430186604596
JPN,B07_08,C31T33,0.0009352724086213
JPN,B07_08,D,4.7581119613482704e-05
JPN,B07_08,E,7.331882231641655e-06
JPN,B07_08,F,0.0097852553849501
JPN,B07_08,G,2.373261463392245e-05
JPN,B07_08,H49,0.0001185607989304
JPN,B07_08,H50,3.5056297226409505e-05
JPN,B07_08,H51,8.378402154925035e-06
JPN,B07_08,H52,6.922491173823753e-06
JPN,B07_08,H53,0.0
JPN,B07_08,HFCE,1.5952137184720515e-05
JPN,B07_08,I,1.030245051144308e-05
JPN,B07_08,J58T60,1.1179492339252874e-05
JPN,B07_08,J61,9.627969894407915e-06
JPN,B07_08,J62_63,5.854330421602267e-06
JPN,B07_08,K,4.642618932290498e-06
JPN,B07_08,L,8.352712787098399e-07
JPN,B07_08,M,0.0010762373290386
JPN,B07_08,N,6.225321786883164e-06
JPN,B07_08,O,3.564808213318123e-05
JPN,B07_08,P,2.3776598881168366e-06
JPN,B07_08,Q,3.3611180154077014e-05
JPN,B07_08,R,7.309014700069362e-05
JPN,B07_08,S,8.068741592933009e-05
JPN,B07_08,T,0.0
JPN,B09,A01_02,6.211020914380583e-05
JPN,B09,A03,0.0006782309966309
JPN,B09,B05_06,0.0127601099332548
JPN,B09,B07_08,0.0111802905536587
JPN,B09,B09,0.033040065826951
JPN,B09,C10T12,2.2336053368276847e-05
JPN,B09,C13T15,3.3563579488625304e-06
JPN,B09,C16,1.5203113597664802e-05
JPN,B09,C17_18,0.0001200592830543
JPN,B09,C19,0.006001414782192
JPN,B09,C20,0.0004049122489958
JPN,B09,C21,2.4340654620428967e-05
JPN,B09,C22,3.459471427360614e-05
JPN,B09,C23,0.0009861495397968
JPN,B09,C24,0.0006959327826451
JPN,B09,C25,0.0001395411885719
JPN,B09,C26,7.411460835988077e-06
JPN,B09,C27,1.1160986770742869e-05
JPN,B09,C28,1.3484693099030876e-05
JPN,B09,C29,3.363734283251895e-06
JPN,B09,C30,7.140026632299339e-06
JPN,B09,C31T33,6.960507545556522e-06
JPN,B09,D,0.000534791958989
JPN,B09,E,0.0001099782334746
JPN,B09,F,0.0004713028472363
JPN,B09,G,6.668668574821186e-06
JPN,B09,H49,0.0001466131308201
JPN,B09,H50,4.461710556088482e-05
JPN,B09,H51,0.0001298652334013
JPN,B09,H52,0.0001303735837736
JPN,B09,H53,0.0
JPN,B09,HFCE,1.6295193898370415e-06
JPN,B09,I,6.377707459464764e-06
JPN,B09,J58T60,4.791211002536946e-06
JPN,B09,J61,3.209323298135972e-06
JPN,B09,J62_63,4.257694852074376e-06
JPN,B09,K,5.571142718748598e-06
JPN,B09,L,2.102099384753097e-05
JPN,B09,M,4.649389279333657e-05
JPN,B09,N,2.739141586228592e-05
JPN,B09,O,1.8484190735723603e-05
JPN,B09,P,4.279787798610306e-06
JPN,B09,Q,4.537509320800397e-06
JPN,B09,R,1.193308522460304e-05
JPN,B09,S,3.064079085923927e-06
JPN,B09,T,0.0
JPN,C10T12,A01_02,0.0524791832211734
JPN,C10T12,A03,0.0538087830914063
JPN,C10T12,B05_06,0.0007852375343541
JPN,C10T12,B07_08,0.0025886501082323
JPN,C10T12,B09,0.0005063611620988
JPN,C10T12,C10T12,0.1043426960396404
JPN,C10T12,C13T15,0.0043800471232656
JPN,C10T12,C16,0.0013581448147247
JPN,C10T12,C17_18,0.0014023731381983
JPN,C10T12,C19,0.0004381260981676
JPN,C10T12,C20,0.0047119661292047
JPN,C10T12,C21,0.0033375332894247
JPN,C10T12,C22,0.0007783810711561
JPN,C10T12,C23,0.0007501996499068
JPN,C10T12,C24,0.0002792596516346
JPN,C10T12,C25,0.0005033450016346
JPN,C10T12,C26,0.0007022359142098
JPN,C10T12,C27,0.000643151862664
JPN,C10T12,C28,0.0004577698446776
JPN,C10T12,C29,0.0003248406250683
JPN,C10T12,C30,0.0004623167244413
JPN,C10T12,C31T33,0.0011671672126391
JPN,C10T12,D,0.000409395883341
JPN,C10T12,E,0.0005077328445411
JPN,C10T12,F,0.0005484160857883
JPN,C10T12,G,0.005161451408256
JPN,C10T12,H49,0.000724067736325
JPN,C10T12,H50,0.0042641205171759
JPN,C10T12,H51,0.000670272172394
JPN,C10T12,H52,0.0018863788448669
JPN,C10T12,H53,0.004257680734645
JPN,C10T12,HFCE,0.099648841430296
JPN,C10T12,I,0.1514234552456644
JPN,C10T12,J58T60,0.0004966888739296
JPN,C10T12,J61,0.0014340326270504
JPN,C10T12,J62_63,0.0005524359070566
JPN,C10T12,K,0.0009752594837098
JPN,C10T12,L,0.0001710914002557
JPN,C10T12,M,0.0008910870932403
JPN,C10T12,N,0.0008723750930685
JPN,C10T12,O,0.0010609925482305
JPN,C10T12,P,0.0043525441911866
JPN,C10T12,Q,0.0075152918265508
JPN,C10T12,R,0.0021434804334693
JPN,C10T12,S,0.0042917534396841
JPN,C10T12,T,0.0
JPN,C13T15,A01_02,0.0032790246922587
JPN,C13T15,A03,0.0213347880896739
JPN,C13T15,B05_06,0.0017667844522968
JPN,C13T15,B07_08,0.0021869630224721
JPN,C13T15,B09,0.0013291980505095
JPN,C13T15,C10T12,0.0011182208305324
JPN,C13T15,C13T15,0.1802229964221224
JPN,C13T15,C16,0.0019206600178383
JPN,C13T15,C17_18,0.0050404720852077
JPN,C13T15,C19,0.0001049677110193
JPN,C13T15,C20,0.000725753734429
JPN,C13T15,C21,0.0005154491566679
JPN,C13T15,C22,0.0053699645231205
JPN,C13T15,C23,0.0044890979050876
JPN,C13T15,C24,0.0003047476357124
JPN,C13T15,C25,0.0010465589142898
JPN,C13T15,C26,0.0011209834514431
JPN,C13T15,C27,0.0019071336144506
JPN,C13T15,C28,0.0009701881824408
JPN,C13T15,C29,0.001242659550927
JPN,C13T15,C30,0.0015600958191574
JPN,C13T15,C31T33,0.0108726791286616
JPN,C13T15,D,0.0003608234904022
JPN,C13T15,E,0.0005847176079734
JPN,C13T15,F,0.0019616612878109
JPN,C13T15,G,0.0029685382023505
JPN,C13T15,H49,0.0014423132905597
JPN,C13T15,H50,0.0129102781876531
JPN,C13T15,H51,0.0021071681419636
JPN,C13T15,H52,0.0025151717931559
JPN,C13T15,H53,0.0055323835207811
JPN,C13T15,HFCE,0.0134004384665033
JPN,C13T15,I,0.0016753746903132
JPN,C13T15,J58T60,0.00087519454313
JPN,C13T15,J61,0.0017346392426424
JPN,C13T15,J62_63,0.0012448435323752
JPN,C13T15,K,0.0014026899334093
JPN,C13T15,L,5.972189642775356e-05
JPN,C13T15,M,0.0018165631604402
JPN,C13T15,N,0.0020672218546976
JPN,C13T15,O,0.0024755612592486
JPN,C13T15,P,0.0009125458650592
JPN,C13T15,Q,0.0020872542875681
JPN,C13T15,R,0.0071419515069249
JPN,C13T15,S,0.0065407874887522
JPN,C13T15,T,0.0
JPN,C16,A01_02,0.0012392465538692
JPN,C16,A03,0.0009731140386444
JPN,C16,B05_06,0.0002944640753828
JPN,C16,B07_08,8.92637968355984e-05
JPN,C16,B09,0.0004430660168365
JPN,C16,C10T12,0.0003045503149738
JPN,C16,C13T15,0.0002886467836021
JPN,C16,C16,0.1414447012081407
JPN,C16,C17_18,0.0165712077661204
JPN,C16,C19,1.9168016794833763e-05
JPN,C16,C20,0.0001955932050234
JPN,C16,C21,8.447638956501819e-05
JPN,C16,C22,0.0004419474748453
JPN,C16,C23,0.0023393322416449
JPN,C16,C24,0.000175091368882
JPN,C16,C25,0.0009837653794324
JPN,C16,C26,0.0002124618772983
JPN,C16,C27,0.000195317268488
JPN,C16,C28,0.0002196585533763
JPN,C16,C29,0.0001753947161981
JPN,C16,C30,0.0009282034621989
JPN,C16,C31T33,0.0237100530976823
JPN,C16,D,0.0012569345764561
JPN,C16,E,1.5580249742238513e-05
JPN,C16,F,0.0192073322915583
JPN,C16,G,0.0006956009735471
JPN,C16,H49,3.969669607045052e-05
JPN,C16,H50,0.0001211035722366
JPN,C16,H51,2.9324407542237617e-05
JPN,C16,H52,0.0053153194729676
JPN,C16,H53,0.0001560860554452
JPN,C16,HFCE,0.0002384672980758
JPN,C16,I,0.0006348271886574
JPN,C16,J58T60,9.901836071909688e-05
JPN,C16,J61,4.279097730847962e-05
JPN,C16,J62_63,4.151252480772516e-05
JPN,C16,K,9.285237864580996e-05
JPN,C16,L,5.01162767225904e-06
JPN,C16,M,0.000141957684505
JPN,C16,N,0.000176384117295
JPN,C16,O,5.201979392767928e-05
JPN,C16,P,4.993085765045357e-05
JPN,C16,Q,3.8484801276418175e-05
JPN,C16,R,0.0006354367882101
JPN,C16,S,0.000401394360256
JPN,C16,T,0.0
JPN,C17_18,A01_02,0.0288299816824176
JPN,C17_18,A03,0.0024475292487117
JPN,C17_18,B05_06,0.0007852375343541
JPN,C17_18,B07_08,0.0022762268193077
JPN,C17_18,B09,0.0011393126147224
JPN,C17_18,C10T12,0.0187629939104118
JPN,C17_18,C13T15,0.0063435165233501
JPN,C17_18,C16,0.0128415632854942
JPN,C17_18,C17_18,0.215577036190307
JPN,C17_18,C19,0.0003130776076489
JPN,C17_18,C20,0.0104808218574834
JPN,C17_18,C21,0.011165201454712
JPN,C17_18,C22,0.0071446733653565
JPN,C17_18,C23,0.0129147273064605
JPN,C17_18,C24,0.0007129247720302
JPN,C17_18,C25,0.0043197965090781
JPN,C17_18,C26,0.0082063400106478
JPN,C17_18,C27,0.0087334721481062
JPN,C17_18,C28,0.003019151812804
JPN,C17_18,C29,0.0020494752454384
JPN,C17_18,C30,0.0031558917714763
JPN,C17_18,C31T33,0.0138444495081119
JPN,C17_18,D,0.0019761033739474
JPN,C17_18,E,0.0021922327872608
JPN,C17_18,F,0.0028835376170815
JPN,C17_18,G,0.0135241579383928
JPN,C17_18,H49,0.0038225271869439
JPN,C17_18,H50,0.0092198061705457
JPN,C17_18,H51,0.0038582541923429
JPN,C17_18,H52,0.021363961510949
JPN,C17_18,H53,0.0307316100276619
JPN,C17_18,HFCE,0.0014059750588049
JPN,C17_18,I,0.0042284200456251
JPN,C17_18,J58T60,0.0425946643477205
JPN,C17_18,J61,0.0101794386144709
JPN,C17_18,J62_63,0.0136762480767194
JPN,C17_18,K,0.0177066390998271
JPN,C17_18,L,0.0003801876436927
JPN,C17_18,M,0.0104457196181668
JPN,C17_18,N,0.0071653453767025
JPN,C17_18,O,0.0097369435598438
JPN,C17_18,P,0.0128693219104211
JPN,C17_18,Q,0.0076618365720226
JPN,C17_18,R,0.0052550324057845
JPN,C17_18,S,0.0065377234096663
JPN,C17_18,T,0.0
JPN,C19,A01_02,0.0155709308447185
JPN,C19,A03,0.039956652192824
JPN,C19,B05_06,0.0087357675696898
JPN,C19,B07_08,0.0652964673852402
JPN,C19,B09,0.0293689474017342
JPN,C19,C10T12,0.0026108364603808
JPN,C19,C13T15,0.0052191366104812
JPN,C19,C16,0.0044038352387902
JPN,C19,C17_18,0.0032738854916932
JPN,C19,C19,0.0414330374460899
JPN,C19,C20,0.0403705518988268
JPN,C19,C21,0.0096890123421436
JPN,C19,C22,0.0023706027955988
JPN,C19,C23,0.010014761993111
JPN,C19,C24,0.0044755422476264
JPN,C19,C25,0.0027350072960107
JPN,C19,C26,0.0007442341922804
JPN,C19,C27,0.0014516258418697
JPN,C19,C28,0.000752303930788
JPN,C19,C29,0.0011513581918102
JPN,C19,C30,0.0018742569909785
JPN,C19,C31T33,0.0030274544398146
JPN,C19,D,0.0248021542351905
JPN,C19,E,0.0044696987054645
JPN,C19,F,0.012189364243636
JPN,C19,G,0.0095187398413131
JPN,C19,H49,0.041821263244141
JPN,C19,H50,0.1457672708035222
JPN,C19,H51,0.1284744186436204
JPN,C19,H52,0.0047349839628954
JPN,C19,H53,0.0100935649187918
JPN,C19,HFCE,0.0181615081848043
JPN,C19,I,0.0041950597296833
JPN,C19,J58T60,0.0021975687798302
JPN,C19,J61,0.0013949858602564
JPN,C19,J62_63,0.002978257549026
JPN,C19,K,0.0025184660168031
JPN,C19,L,0.00086102547647
JPN,C19,M,0.0070456129848363
JPN,C19,N,0.0137899178008511
JPN,C19,O,0.0112550237389821
JPN,C19,P,0.0032550163868319
JPN,C19,Q,0.002737294511748
JPN,C19,R,0.0130249625226542
JPN,C19,S,0.0080023532127379
JPN,C19,T,0.0
JPN,C20,A01_02,0.0592866593186017
JPN,C20,A03,0.0082419810242762
JPN,C20,B05_06,0.001864939144091
JPN,C20,B07_08,0.029992635736761
JPN,C20,B09,0.0215203493892018
JPN,C20,C10T12,0.0080452336989355
JPN,C20,C13T15,0.031640386383927
JPN,C20,C16,0.0441143679558907
JPN,C20,C17_18,0.0331696558737743
JPN,C20,C19,0.0020345480683659
JPN,C20,C20,0.2375999913069686
JPN,C20,C21,0.0715930242547464
JPN,C20,C22,0.1282452004158284
JPN,C20,C23,0.0268781207902102
JPN,C20,C24,0.0054559061569365
JPN,C20,C25,0.009362217030404
JPN,C20,C26,0.0109454924112817
JPN,C20,C27,0.0146076389978829
JPN,C20,C28,0.0061341159186802
JPN,C20,C29,0.0089641115981317
JPN,C20,C30,0.0100263823984063
JPN,C20,C31T33,0.0201151341216535
JPN,C20,D,0.0009397271123662
JPN,C20,E,0.0072365677626303
JPN,C20,F,0.0053111950346371
JPN,C20,G,0.0297352989691611
JPN,C20,H49,0.001134266929053
JPN,C20,H50,0.0030562717309206
JPN,C20,H51,0.0010137866607459
JPN,C20,H52,0.0019982924521771
JPN,C20,H53,0.0042663521821697
JPN,C20,HFCE,0.0073561222287056
JPN,C20,I,0.003611744793583
JPN,C20,J58T60,0.0041467931226957
JPN,C20,J61,0.0005520036072793
JPN,C20,J62_63,0.001317756556717
JPN,C20,K,0.0006481096029477
JPN,C20,L,0.000127518081883
JPN,C20,M,0.0056199836803685
JPN,C20,N,0.0046337145167033
JPN,C20,O,0.0010293053641121
JPN,C20,P,0.0007879564869219
JPN,C20,Q,0.0173623592762907
JPN,C20,R,0.0056279413190534
JPN,C20,S,0.0217416838340208
JPN,C20,T,0.0
JPN,C21,A01_02,0.0038922397730118
JPN,C21,A03,0.0021157858264465
JPN,C21,B05_06,9.815469179426778e-05
JPN,C21,B07_08,0.0020753832764276
JPN,C21,B09,0.0005063611620988
JPN,C21,C10T12,0.0011448113702566
JPN,C21,C13T15,0.0011310926287666
JPN,C21,C16,0.0026858834022541
JPN,C21,C17_18,0.0013024918859093
JPN,C21,C19,0.0001597334732902
JPN,C21,C20,0.0099111995410994
JPN,C21,C21,0.1333180607657283
JPN,C21,C22,0.003624661188017
JPN,C21,C23,0.0010325328514846
JPN,C21,C24,0.000120052098917
JPN,C21,C25,0.0005372335760021
JPN,C21,C26,0.0008146430702223
JPN,C21,C27,0.0006173420807567
JPN,C21,C28,0.0004432205705444
JPN,C21,C29,0.0003935569111404
JPN,C21,C30,0.0001231654594071
JPN,C21,C31T33,0.0016833437985174
JPN,C21,D,9.317969257640364e-05
JPN,C21,E,0.0003427654943292
JPN,C21,F,0.0002265305029292
JPN,C21,G,0.0035806827500569
JPN,C21,H49,0.0001063871454688
JPN,C21,H50,0.0003951800778249
JPN,C21,H51,0.0001466220377111
JPN,C21,H52,0.0001915222558091
JPN,C21,H53,0.0008584733049487
JPN,C21,HFCE,0.0075644434180695
JPN,C21,I,0.0003517550960335
JPN,C21,J58T60,0.00017008799059
JPN,C21,J61,0.0002166293226241
JPN,C21,J62_63,0.0002070304121821
JPN,C21,K,0.0001392785679687
JPN,C21,L,1.085852662322792e-05
JPN,C21,M,0.0012033389767932
JPN,C21,N,0.0007047064262751
JPN,C21,O,0.0004407159191131
JPN,C21,P,0.0001902127910493
JPN,C21,Q,0.0579177773061008
JPN,C21,R,0.0006249953386385
JPN,C21,S,0.0010468936876906
JPN,C21,T,0.0
JPN,C22,A01_02,0.0110289985665358
JPN,C22,A03,0.0163881250598981
JPN,C22,B05_06,0.0048095798979191
JPN,C22,B07_08,0.0085693244962174
JPN,C22,B09,0.0041141844420532
JPN,C22,C10T12,0.017005536504911
JPN,C22,C13T15,0.0140967033852226
JPN,C22,C16,0.0109513094948512
JPN,C22,C17_18,0.0305001024035061
JPN,C22,C19,0.0001998950322889
JPN,C22,C20,0.0140546871738326
JPN,C22,C21,0.0113527676756106
JPN,C22,C22,0.1638786209854996
JPN,C22,C23,0.0066065969169214
JPN,C22,C24,0.0018953455985945
JPN,C22,C25,0.0074684437569272
JPN,C22,C26,0.0296649896177786
JPN,C22,C27,0.0253633424365131
JPN,C22,C28,0.0148778748123675
JPN,C22,C29,0.0298665967009935
JPN,C22,C30,0.0146352695895555
JPN,C22,C31T33,0.0413153747354091
JPN,C22,D,6.145894616741516e-05
JPN,C22,E,0.014505212510024
JPN,C22,F,0.0118716245338173
JPN,C22,G,0.0076904458966015
JPN,C22,H49,0.0024326135351972
JPN,C22,H50,0.005994626825716
JPN,C22,H51,0.0018139240665412
JPN,C22,H52,0.0058068163463091
JPN,C22,H53,0.0019857614831643
JPN,C22,HFCE,0.0045480314991243
JPN,C22,I,0.0020163367429538
JPN,C22,J58T60,0.0017639641841006
JPN,C22,J61,0.0004209562392721
JPN,C22,J62_63,0.0107160857308146
JPN,C22,K,0.0040675532005441
JPN,C22,L,0.000909610422515
JPN,C22,M,0.0051902590617697
JPN,C22,N,0.005277412789467
JPN,C22,O,0.0023377220083337
JPN,C22,P,0.0010038480047629
JPN,C22,Q,0.0026993138781739
JPN,C22,R,0.009953684712972
JPN,C22,S,0.0112594692810751
JPN,C22,T,0.0
JPN,C23,A01_02,0.0032425472678409
JPN,C23,A03,0.000110581140755
JPN,C23,B05_06,0.0015704750687082
JPN,C23,B07_08,0.001093481511236
JPN,C23,B09,0.0072156465599088
JPN,C23,C10T12,0.0023325221446014
JPN,C23,C13T15,0.0006377080102838
JPN,C23,C16,0.0002989945674207
JPN,C23,C17_18,0.0005004151629829
JPN,C23,C19,0.0002811309129908
JPN,C23,C20,0.0044517470991297
JPN,C23,C21,0.0041980470204175
JPN,C23,C22,0.0031766596381738
JPN,C23,C23,0.069314817653085
JPN,C23,C24,0.0053598644778029
JPN,C23,C25,0.0031715718716858
JPN,C23,C26,0.00408865589452
JPN,C23,C27,0.0164847774603872
JPN,C23,C28,0.0052529976827619
JPN,C23,C29,0.0046469989123124
JPN,C23,C30,0.0044482365919224
JPN,C23,C31T33,0.0084211151026161
JPN,C23,D,0.0001030924258292
JPN,C23,E,0.0011126131286516
JPN,C23,F,0.0458875178210352
JPN,C23,G,0.0005409467038046
JPN,C23,H49,0.0003493309254199
JPN,C23,H50,0.0008286033889878
JPN,C23,H51,0.0001717572441759
JPN,C23,H52,0.0001084523617232
JPN,C23,H53,0.0003121721108904
JPN,C23,HFCE,0.0006492348305824
JPN,C23,I,0.0021914784016483
JPN,C23,J58T60,0.000107802247557
JPN,C23,J61,6.097714266458346e-05
JPN,C23,J62_63,7.291302434177367e-05
JPN,C23,K,0.0001231841556701
JPN,C23,L,0.0001244554205277
JPN,C23,M,0.0002019320550905
JPN,C23,N,0.0001734789671278
JPN,C23,O,0.0002954829919039
JPN,C23,P,0.0017024044798916
JPN,C23,Q,0.0012182372246845
JPN,C23,R,0.0016273744975052
JPN,C23,S,0.0021673252734435
JPN,C23,T,0.0
JPN,C24,A01_02,0.0001123899022602
JPN,C24,A03,0.0002653947378121
JPN,C24,B05_06,0.0097173144876325
JPN,C24,B07_08,0.0042400303496909
JPN,C24,B09,0.0132286853598328
JPN,C24,C10T12,0.0014568070363531
JPN,C24,C13T15,0.0012821287364654
JPN,C24,C16,0.0040288251033811
JPN,C24,C17_18,0.0009544208552054
JPN,C24,C19,8.39741688154622e-05
JPN,C24,C20,0.0060319343081347
JPN,C24,C21,0.0013401678073365
JPN,C24,C22,0.0103922521677912
JPN,C24,C23,0.0165911089241491
JPN,C24,C24,0.4038445484157186
JPN,C24,C25,0.2583435663538286
JPN,C24,C26,0.0490243429431158
JPN,C24,C27,0.0771489259294137
JPN,C24,C28,0.102012413014858
JPN,C24,C29,0.069860676528655
JPN,C24,C30,0.1198899721895962
JPN,C24,C31T33,0.0385729347624598
JPN,C24,D,0.0003003558175601
JPN,C24,E,0.0001842135410699
JPN,C24,F,0.0343583424003576
JPN,C24,G,0.0002532132685321
JPN,C24,H49,0.0006489086584316
JPN,C24,H50,0.0004174886306054
JPN,C24,H51,4.6081211852087686e-05
JPN,C24,H52,0.002120589796248
JPN,C24,H53,5.202868514841182e-05
JPN,C24,HFCE,0.0009836293622126
JPN,C24,I,0.0005371992052395
JPN,C24,J58T60,0.0002707034216433
JPN,C24,J61,1.9790827005171828e-05
JPN,C24,J62_63,2.3949533542918363e-05
JPN,C24,K,1.8570475729161997e-05
JPN,C24,L,2.50581383612952e-06
JPN,C24,M,5.089568146016134e-05
JPN,C24,N,2.448626569507378e-05
JPN,C24,O,0.0003276982957576
JPN,C24,P,2.9958514590272137e-05
JPN,C24,Q,0.0020795237161327
JPN,C24,R,5.0715612204562914e-05
JPN,C24,S,0.0012613792237053
JPN,C24,T,0.0
JPN,C25,A01_02,0.0021107612345537
JPN,C25,A03,0.001599740502923
JPN,C25,B05_06,0.0188457008244994
JPN,C25,B07_08,0.0047309812322867
JPN,C25,B09,0.0184821824166086
JPN,C25,C10T12,0.0116246748863343
JPN,C25,C13T15,0.0026213155580616
JPN,C25,C16,0.0119141733560366
JPN,C25,C17_18,0.0011854593074698
JPN,C25,C19,0.0005686511649134
JPN,C25,C20,0.0076990518304836
JPN,C25,C21,0.003792846711148
JPN,C25,C22,0.0062261837013922
JPN,C25,C23,0.0087664459089919
JPN,C25,C24,0.0011802044801226
JPN,C25,C25,0.0507979762540765
JPN,C25,C26,0.019050542457171
JPN,C25,C27,0.0201958055616592
JPN,C25,C28,0.0260769124311127
JPN,C25,C29,0.0079273606386866
JPN,C25,C30,0.018342728418377
JPN,C25,C31T33,0.0255783998599106
JPN,C25,D,0.0005828687152651
JPN,C25,E,0.0004646580364302
JPN,C25,F,0.0825241003745713
JPN,C25,G,0.0044195620293072
JPN,C25,H49,0.0019398452146426
JPN,C25,H50,0.0062687033313043
JPN,C25,H51,0.0003602712926617
JPN,C25,H52,0.0050061148672035
JPN,C25,H53,0.000260143425742
JPN,C25,HFCE,0.0015139950415154
JPN,C25,I,0.002985257683911
JPN,C25,J58T60,0.000285875589818
JPN,C25,J61,0.0007862842080433
JPN,C25,J62_63,0.000348066554157
JPN,C25,K,0.0002900089293037
JPN,C25,L,0.0004678911279572
JPN,C25,M,0.000522162180602
JPN,C25,N,0.0005889154410391
JPN,C25,O,0.0056028222718654
JPN,C25,P,0.0003609287710161
JPN,C25,Q,0.0005248385781059
JPN,C25,R,0.0003714172776157
JPN,C25,S,0.0060913892228167
JPN,C25,T,0.0
JPN,C26,A01_02,0.0002060481541437
JPN,C26,A03,0.0004054641827685
JPN,C26,B05_06,0.0002944640753828
JPN,C26,B07_08,0.000870322019147
JPN,C26,B09,0.0030381669725932
JPN,C26,C10T12,0.0002056335072
JPN,C26,C13T15,0.000268508635909
JPN,C26,C16,0.0002635206356928
JPN,C26,C17_18,0.0002290206491877
JPN,C26,C19,8.39741688154622e-05
JPN,C26,C20,0.0003969055096089
JPN,C26,C21,0.0003135649036396
JPN,C26,C22,0.0003874607998643
JPN,C26,C23,0.00023594988989
JPN,C26,C24,0.0002921883392103
JPN,C26,C25,0.0004714498728181
JPN,C26,C26,0.0220299497132382
JPN,C26,C27,0.0013476891525672
JPN,C26,C28,0.0012058154513291
JPN,C26,C29,0.0074477882365887
JPN,C26,C30,0.0047266976305821
JPN,C26,C31T33,0.0011693652676534
JPN,C26,D,0.0002562441545851
JPN,C26,E,0.0001906289380226
JPN,C26,F,0.0031900005522302
JPN,C26,G,0.0014108156781967
JPN,C26,H49,0.0008675051314595
JPN,C26,H50,0.0014341212501712
JPN,C26,H51,0.0005236501346828
JPN,C26,H52,0.0005272630777395
JPN,C26,H53,0.0008671447524735
JPN,C26,HFCE,0.0370103733774954
JPN,C26,I,0.0005911644222042
JPN,C26,J58T60,0.0008017293077578
JPN,C26,J61,0.0004669565398787
JPN,C26,J62_63,0.0011698016606074
JPN,C26,K,0.0009368805005362
JPN,C26,L,0.0002209292532187
JPN,C26,M,0.0024086037361281
JPN,C26,N,0.0014583853839404
JPN,C26,O,0.0047132045777418
JPN,C26,P,0.0002225489655277
JPN,C26,Q,0.0002403199381016
JPN,C26,R,0.0009755297171112
JPN,C26,S,0.0011102179887997
JPN,C26,T,0.0
JPN,C27,A01_02,0.000115347531267
JPN,C27,A03,0.0011131834836008
JPN,C27,B05_06,0.0001963093835885
JPN,C27,B07_08,0.0020307513780098
JPN,C27,B09,0.0020887397936578
JPN,C27,C10T12,9.324415929931448e-05
JPN,C27,C13T15,0.0004229011015566
JPN,C27,C16,0.0002229789994324
JPN,C27,C17_18,0.0002905636430223
JPN,C27,C19,5.476576227095361e-05
JPN,C27,C20,0.0007451986729401
JPN,C27,C21,0.0004581770281492
JPN,C27,C22,0.0020514665564248
JPN,C27,C23,8.066662902223979e-05
JPN,C27,C24,0.0017084337153575
JPN,C27,C25,0.0049547089170806
JPN,C27,C26,0.1362702070391584
JPN,C27,C27,0.1508093459312971
JPN,C27,C28,0.0284094094769003
JPN,C27,C29,0.031816361251607
JPN,C27,C30,0.0094908804009838
JPN,C27,C31T33,0.0158194019385379
JPN,C27,D,9.020587260056096e-05
JPN,C27,E,0.0001154771451483
JPN,C27,F,0.004591471474818
JPN,C27,G,0.0044049497996359
JPN,C27,H49,0.0005335235951868
JPN,C27,H50,0.0010899321501301
JPN,C27,H51,0.0002764872711125
JPN,C27,H52,0.0005953342409488
JPN,C27,H53,0.0008324589623745
JPN,C27,HFCE,0.0138136073960054
JPN,C27,I,0.0001829911447984
JPN,C27,J58T60,0.0046123391251089
JPN,C27,J61,0.0004017002994833
JPN,C27,J62_63,0.0007365812094088
JPN,C27,K,0.0002862948341579
JPN,C27,L,3.090503731226408e-05
JPN,C27,M,0.0002808891393017
JPN,C27,N,0.0002456926998556
JPN,C27,O,0.0041607913346113
JPN,C27,P,0.0004945532567283
JPN,C27,Q,0.0002036837517337
JPN,C27,R,0.0007100185708638
JPN,C27,S,0.0004984235313102
JPN,C27,T,0.0
JPN,C28,A01_02,0.0002277374335272
JPN,C28,A03,8.846491260403841e-05
JPN,C28,B05_06,0.0031409501374165
JPN,C28,B07_08,0.0023878065653522
JPN,C28,B09,0.0356351667827077
JPN,C28,C10T12,0.0001155802126675
JPN,C28,C13T15,0.0004967409764316
JPN,C28,C16,0.0003851455444741
JPN,C28,C17_18,9.685454767412884e-05
JPN,C28,C19,7.119549095223969e-05
JPN,C28,C20,0.0004472335857553
JPN,C28,C21,0.0003579508032416
JPN,C28,C22,0.0042992581163524
JPN,C28,C23,0.0036279816402752
JPN,C28,C24,0.0008780425819253
JPN,C28,C25,0.0069102790026393
JPN,C28,C26,0.0117385187207324
JPN,C28,C27,0.0180738229518717
JPN,C28,C28,0.152886966334399
JPN,C28,C29,0.0118814302886492
JPN,C28,C30,0.025786206182549
JPN,C28,C31T33,0.0245823145958912
JPN,C28,D,0.0001333262622502
JPN,C28,E,0.0017669836178256
JPN,C28,F,0.0086103149652915
JPN,C28,G,0.0097432189937802
JPN,C28,H49,0.0007346535219438
JPN,C28,H50,0.0007361822417545
JPN,C28,H51,0.0006786505745489
JPN,C28,H52,0.0009310750628792
JPN,C28,H53,0.0007110586970282
JPN,C28,HFCE,0.000884100033165
JPN,C28,I,0.0001005715407069
JPN,C28,J58T60,0.0009270993289908
JPN,C28,J61,0.000237489924062
JPN,C28,J62_63,0.0003411478000224
JPN,C28,K,0.0002423447082655
JPN,C28,L,4.0789080776997184e-05
JPN,C28,M,0.0008880608635318
JPN,C28,N,0.0011006368919209
JPN,C28,O,0.0071401788213423
JPN,C28,P,0.0001360021456002
JPN,C28,Q,0.0106164273634667
JPN,C28,R,0.0035247350482171
JPN,C28,S,0.0019640746940772
JPN,C28,T,0.0
JPN,C29,A01_02,3.45056717465588e-05
JPN,C29,A03,2.948830420134614e-05
JPN,C29,B05_06,0.0
JPN,C29,B07_08,0.0001115797460444
JPN,C29,B09,0.0017089689220836
JPN,C29,C10T12,1.808156701241459e-05
JPN,C29,C13T15,0.0010941726913291
JPN,C29,C16,0.0001418957269115
JPN,C29,C17_18,2.3204735380260037e-05
JPN,C29,C19,1.9168016794833763e-05
JPN,C29,C20,0.0003202695754769
JPN,C29,C21,0.0002391111365653
JPN,C29,C22,0.001228112356713
JPN,C29,C23,0.0001008332862777
JPN,C29,C24,0.0002829535623705
JPN,C29,C25,0.0034087918922582
JPN,C29,C26,0.0262131017334171
JPN,C29,C27,0.0088757747294332
JPN,C29,C28,0.0067508631977885
JPN,C29,C29,0.3999143689358178
JPN,C29,C30,0.0191192063146395
JPN,C29,C31T33,0.0174946862020027
JPN,C29,D,6.393712948061738e-05
JPN,C29,E,1.6496735021193723e-05
JPN,C29,F,5.2901339995917136e-05
JPN,C29,G,0.0084360618844598
JPN,C29,H49,0.0008420992459744
JPN,C29,H50,1.2747744445967092e-05
JPN,C29,H51,4.6081211852087686e-05
JPN,C29,H52,2.7689964695295013e-05
JPN,C29,H53,1.734289504947061e-05
JPN,C29,HFCE,0.0372435232965097
JPN,C29,I,1.2264822037432238e-05
JPN,C29,J58T60,2.5553125346863715e-05
JPN,C29,J61,0.0007814702230961
JPN,C29,J62_63,0.0004646209507326
JPN,C29,K,2.5689158092007426e-05
JPN,C29,L,7.378229628603587e-06
JPN,C29,M,7.868197241949267e-05
JPN,C29,N,0.0001394472080261
JPN,C29,O,0.0004882466952907
JPN,C29,P,1.5217023283947756e-05
JPN,C29,Q,3.747646587179587e-05
JPN,C29,R,2.8341077408432212e-05
JPN,C29,S,0.0206529143988225
JPN,C29,T,0.0
JPN,C30,A01_02,1.9717526712319316e-05
JPN,C30,A03,0.0711110455815462
JPN,C30,B05_06,0.0
JPN,C30,B07_08,0.0001115797460444
JPN,C30,B09,0.0001265902905247
JPN,C30,C10T12,9.927134830345265e-06
JPN,C30,C13T15,2.013814769317518e-05
JPN,C30,C16,5.067704532554934e-05
JPN,C30,C17_18,1.3115719997538282e-05
JPN,C30,C19,5.47657622709536e-06
JPN,C30,C20,3.774605710978441e-05
JPN,C30,C21,2.7204261046361786e-05
JPN,C30,C22,0.0001677843642269
JPN,C30,C23,7.864996329668379e-05
JPN,C30,C24,3.4353369843947054e-05
JPN,C30,C25,0.0005960402197574
JPN,C30,C26,0.0033555388934936
JPN,C30,C27,0.0009256643402984
JPN,C30,C28,0.0017867218356215
JPN,C30,C29,0.0012642835570336
JPN,C30,C30,0.2748874553302083
JPN,C30,C31T33,0.0006737038619093
JPN,C30,D,1.8338556517696455e-05
JPN,C30,E,8.248367510596862e-06
JPN,C30,F,1.9236850907606237e-05
JPN,C30,G,0.0003020514589771
JPN,C30,H49,0.0143511495633892
JPN,C30,H50,0.0820349224459097
JPN,C30,H51,0.1705633218688863
JPN,C30,H52,0.0021840459653413
JPN,C30,H53,8.671447524735305e-06
JPN,C30,HFCE,0.0010896767688197
JPN,C30,I,2.1095493904383447e-05
JPN,C30,J58T60,1.3575097840521348e-05
JPN,C30,J61,1.230240597618789e-05
JPN,C30,J62_63,1.3305296412732425e-05
JPN,C30,K,6.809174434026064e-06
JPN,C30,L,1.1136950382797869e-06
JPN,C30,M,2.888673812603752e-05
JPN,C30,N,3.361673764916909e-05
JPN,C30,O,0.0055170028148781
JPN,C30,P,0.0001478904450408
JPN,C30,Q,6.050012427733863e-06
JPN,C30,R,4.624070524533678e-05
JPN,C30,S,0.0004350992302011
JPN,C30,T,0.0
JPN,C31T33,A01_02,0.0169462283329028
JPN,C31T33,A03,0.0260160563816376
JPN,C31T33,B05_06,0.0215940321947389
JPN,C31T33,B07_08,0.0467742295418535
JPN,C31T33,B09,0.0227229571491866
JPN,C31T33,C10T12,0.005989253167465
JPN,C31T33,C13T15,0.0277738620268374
JPN,C31T33,C16,0.0210360415146355
JPN,C31T33,C17_18,0.006657741251058
JPN,C31T33,C19,0.0026780457750496
JPN,C31T33,C20,0.0097619310425289
JPN,C31T33,C21,0.0076587153861573
JPN,C31T33,C22,0.0093163565538821
JPN,C31T33,C23,0.0132595771455306
JPN,C31T33,C24,0.0058644526843279
JPN,C31T33,C25,0.0085748060377478
JPN,C31T33,C26,0.0166510820115198
JPN,C31T33,C27,0.0135654818581647
JPN,C31T33,C28,0.0083434764248529
JPN,C31T33,C29,0.0069898398405974
JPN,C31T33,C30,0.0090838988829428
JPN,C31T33,C31T33,0.081582277228956
JPN,C31T33,D,0.0159986558333709
JPN,C31T33,E,0.0130058425936533
JPN,C31T33,F,0.0361589779792782
JPN,C31T33,G,0.0112090511877192
JPN,C31T33,H49,0.0203337063058466
JPN,C31T33,H50,0.0217253434720394
JPN,C31T33,H51,0.0189309996690531
JPN,C31T33,H52,0.0176465837506057
JPN,C31T33,H53,0.0164670788494723
JPN,C31T33,HFCE,0.0346502718338516
JPN,C31T33,I,0.0213295067088576
JPN,C31T33,J58T60,0.0217840393582013
JPN,C31T33,J61,0.0187312154295706
JPN,C31T33,J62_63,0.0482157331404597
JPN,C31T33,K,0.0156536730079682
JPN,C31T33,L,0.002593517320394
JPN,C31T33,M,0.0449128253265714
JPN,C31T33,N,0.0500798086253078
JPN,C31T33,O,0.0205034565436675
JPN,C31T33,P,0.0246192415455169
JPN,C31T33,Q,0.0171716158289164
JPN,C31T33,R,0.0545685070964566
JPN,C31T33,S,0.0539727317388546
JPN,C31T33,T,0.0
JPN,D,A01_02,0.0084943105076671
JPN,D,A03,0.0058165680037155
JPN,D,B05_06,0.0393600314095013
JPN,D,B07_08,0.0546963915110129
JPN,D,B09,0.0159503766061143
JPN,D,C10T12,0.0090255382634321
JPN,D,C13T15,0.0155466500191312
JPN,D,C16,0.0184413767939674
JPN,D,C17_18,0.0274421218410031
JPN,D,C19,0.0065326426762202
JPN,D,C20,0.0234214284366212
JPN,D,C21,0.0068669282093869
JPN,D,C22,0.0200113124715674
JPN,D,C23,0.0298063194237176
JPN,D,C24,0.026473888853181
JPN,D,C25,0.0148880480978542
JPN,D,C26,0.0045203734882163
JPN,D,C27,0.0132459986118522
JPN,D,C28,0.0059999787083793
JPN,D,C29,0.0080004017259801
JPN,D,C30,0.0113472873253817
JPN,D,C31T33,0.0033366475118383
JPN,D,D,0.1169583571032416
JPN,D,E,0.0206200022912131
JPN,D,F,0.0024011238300968
JPN,D,G,0.016250368492973
JPN,D,H49,0.0192957700259245
JPN,D,H50,0.0002198985916929
JPN,D,H51,0.0050144736897226
JPN,D,H52,0.0155063802293652
JPN,D,H53,0.0058532270791963
JPN,D,HFCE,0.0232709091137275
JPN,D,I,0.0335899134103564
JPN,D,J58T60,0.002873928066355
JPN,D,J61,0.0063747858445307
JPN,D,J62_63,0.0011187093223825
JPN,D,K,0.0041492632937524
JPN,D,L,0.0033781154748621
JPN,D,M,0.0103816185707062
JPN,D,N,0.010793462914098
JPN,D,O,0.0123381973160955
JPN,D,P,0.0143662965759795
JPN,D,Q,0.009771610350294
JPN,D,R,0.0297611145501599
JPN,D,S,0.0189646068224784
JPN,D,T,0.0
JPN,E,A01_02,0.0015320518255472
JPN,E,A03,0.0004423245630201
JPN,E,B05_06,0.0064782096584216
JPN,E,B07_08,0.0062707817277007
JPN,E,B09,0.0041141844420532
JPN,E,C10T12,0.0026576358102952
JPN,E,C13T15,0.0020809419282947
JPN,E,C16,0.0013733479283223
JPN,E,C17_18,0.0033677133347525
JPN,E,C19,0.0008196609086552
JPN,E,C20,0.005496054679167
JPN,E,C21,0.0029323329801552
JPN,E,C22,0.0015922217244427
JPN,E,C23,0.0028858486532706
JPN,E,C24,0.0014029472974979
JPN,E,C25,0.0010744671520042
JPN,E,C26,0.0017633100572288
JPN,E,C27,0.002478436624778
JPN,E,C28,0.0011245524323902
JPN,E,C29,0.001021854421905
JPN,E,C30,0.0032665621842769
JPN,E,C31T33,0.0007110707971539
JPN,E,D,0.0067143898687901
JPN,E,E,0.0880091648527895
JPN,E,F,0.0021044451553234
JPN,E,G,0.0027667129093066
JPN,E,H49,0.0106006057186531
JPN,E,H50,0.0006915651361937
JPN,E,H51,0.0014327067684921
JPN,E,H52,0.0078201075293628
JPN,E,H53,0.0022025476712827
JPN,E,HFCE,0.0098236862879002
JPN,E,I,0.0272048470576691
JPN,E,J58T60,0.0030671735767907
JPN,E,J61,0.0094263174138417
JPN,E,J62_63,0.0002538650555549
JPN,E,K,0.0036846918925945
JPN,E,L,0.0006324395698631
JPN,E,M,0.0024856350377976
JPN,E,N,0.0025200102593303
JPN,E,O,0.0250722203738031
JPN,E,P,0.0121232122375301
JPN,E,Q,0.0094921333873128
JPN,E,R,0.0145598556096687
JPN,E,S,0.0130938312938482
JPN,E,T,0.0
JPN,F,A01_02,0.0063707328807503
JPN,F,A03,0.0016292288071243
JPN,F,B05_06,0.0039261876717707
JPN,F,B07_08,0.007542790832608
JPN,F,B09,0.0201911513386923
JPN,F,C10T12,0.0008282066772745
JPN,F,C13T15,0.0031918964093682
JPN,F,C16,0.0025287845617449
JPN,F,C17_18,0.0050404720852077
JPN,F,C19,0.0017716724094653
JPN,F,C20,0.0042338494058141
JPN,F,C21,0.0034134188597119
JPN,F,C22,0.0035122283666278
JPN,F,C23,0.0072720966063549
JPN,F,C24,0.0054067771441489
JPN,F,C25,0.0055048998891644
JPN,F,C26,0.0028027674394761
JPN,F,C27,0.0038979746296819
JPN,F,C28,0.002163583521705
JPN,F,C29,0.0009553005364435
JPN,F,C30,0.0031398267115536
JPN,F,C31T33,0.0016342539031961
JPN,F,D,0.0217391196600725
JPN,F,E,0.0176698361782563
JPN,F,F,0.0011583569274968
JPN,F,G,0.0047315184224911
JPN,F,H49,0.0098003203258728
JPN,F,H50,0.0011313623195795
JPN,F,H51,0.0003309468851195
JPN,F,H52,0.0182361492489097
JPN,F,H53,0.0026274485999947
JPN,F,HFCE,6.247920397348868e-05
JPN,F,I,0.002077660853141
JPN,F,J58T60,0.0088357916238452
JPN,F,J61,0.0072985360671775
JPN,F,J62_63,0.0009340318081738
JPN,F,K,0.0040387689631639
JPN,F,L,0.013872185396813
JPN,F,M,0.0027332356503065
JPN,F,N,0.0020921231418452
JPN,F,O,0.0131525579479379
JPN,F,P,0.0066136987447857
JPN,F,Q,0.0034753960279315
JPN,F,R,0.0078997024186872
JPN,F,S,0.0035768016529685
JPN,F,T,0.0
JPN,G,A01_02,0.1487864848184903
JPN,G,A03,0.1299328403871814
JPN,G,B05_06,0.0265999214762465
JPN,G,B07_08,0.0740889513735466
JPN,G,B09,0.0795619975947844
JPN,G,C10T12,0.1755876154738505
JPN,G,C13T15,0.2194789589920185
JPN,G,C16,0.1277821697883726
JPN,G,C17_18,0.132077318178287
JPN,G,C19,0.070323802569427
JPN,G,C20,0.1322204346858813
JPN,G,C21,0.1021276595744681
JPN,G,C22,0.1260060575344693
JPN,G,C23,0.082655061427638
JPN,G,C24,0.1026907184582503
JPN,G,C25,0.0779975440750811
JPN,G,C26,0.0968801455610908
JPN,G,C27,0.1068134336427019
JPN,G,C28,0.0922306876128899
JPN,G,C29,0.0843739886272144
JPN,G,C30,0.0996176515738403
JPN,G,C31T33,0.110749734584857
JPN,G,D,0.0466924430773683
JPN,G,E,0.0170658723794249
JPN,G,F,0.0862610244982954
JPN,G,G,0.0462486875962176
JPN,G,H49,0.0350114273555754
JPN,G,H50,0.1230922203702582
JPN,G,H51,0.1035654290370283
JPN,G,H52,0.0285656598287837
JPN,G,H53,0.0384925555623
JPN,G,HFCE,0.14650730100445
JPN,G,I,0.1497225697255133
JPN,G,J58T60,0.0410279383498909
JPN,G,J61,0.0177603951318844
JPN,G,J62_63,0.0300039756225681
JPN,G,K,0.0191557552225594
JPN,G,L,0.0025055354123699
JPN,G,M,0.0324722701069579
JPN,G,N,0.0321222453988646
JPN,G,O,0.02843238218969
JPN,G,P,0.023333878610001
JPN,G,Q,0.0555278543412452
JPN,G,R,0.0482752962761315
JPN,G,S,0.0576271567286666
JPN,G,T,0.0
JPN,H49,A01_02,0.024272275382865
JPN,H49,A03,0.0151053838271395
JPN,H49,B05_06,0.0057911268158617
JPN,H49,B07_08,0.0170047532971814
JPN,H49,B09,0.0301284891448825
JPN,H49,C10T12,0.024987661989568
JPN,H49,C13T15,0.0163622450007048
JPN,H49,C16,0.027771020838401
JPN,H49,C17_18,0.0236506698601763
JPN,H49,C19,0.0103151313237341
JPN,H49,C20,0.0183537343146545
JPN,H49,C21,0.0097276710288937
JPN,H49,C22,0.0164437325621018
JPN,H49,C23,0.0267994708269136
JPN,H49,C24,0.0285687056315146
JPN,H49,C25,0.0164389487365542
JPN,H49,C26,0.0156357118769895
JPN,H49,C27,0.0163689822226407
JPN,H49,C28,0.0141308937867502
JPN,H49,C29,0.0184769924179026
JPN,H49,C30,0.0161275351557061
JPN,H49,C31T33,0.0161469121356815
JPN,H49,D,0.0141484441717341
JPN,H49,E,0.0054979951884522
JPN,H49,F,0.0187761614953533
JPN,H49,G,0.0088584435837503
JPN,H49,H49,0.0054908470004647
JPN,H49,H50,0.0102364387901115
JPN,H49,H51,0.0112563832951417
JPN,H49,H52,0.0056118328449131
JPN,H49,H53,0.042160577865263
JPN,H49,HFCE,0.0286605444956135
JPN,H49,I,0.0174984668972453
JPN,H49,J58T60,0.006906530660157
JPN,H49,J61,0.0040972360772869
JPN,H49,J62_63,0.0050650602383989
JPN,H49,K,0.0087315281799231
JPN,H49,L,0.000442832989596
JPN,H49,M,0.0048771818428418
JPN,H49,N,0.0063502432440732
JPN,H49,O,0.0129183368453295
JPN,H49,P,0.0085001341000176
JPN,H49,Q,0.0069255836707475
JPN,H49,R,0.0064662405560817
JPN,H49,S,0.0120540871240247
JPN,H49,T,0.0
JPN,H50,A01_02,0.0043033502049636
JPN,H50,A03,0.0030078070285373
JPN,H50,B05_06,0.0010797016097369
JPN,H50,B07_08,0.0033027604829171
JPN,H50,B09,0.0037344135704791
JPN,H50,C10T12,0.0035131421083532
JPN,H50,C13T15,0.0030878493129535
JPN,H50,C16,0.0053312251682477
JPN,H50,C17_18,0.0036300277347032
JPN,H50,C19,0.0148369577619058
JPN,H50,C20,0.0040679955185135
JPN,H50,C21,0.0025529051287191
JPN,H50,C22,0.0026957931097707
JPN,H50,C23,0.0068526301354392
JPN,H50,C24,0.0080944665955958
JPN,H50,C25,0.0030280437920118
JPN,H50,C26,0.0026057461055861
JPN,H50,C27,0.0028746516551394
JPN,H50,C28,0.0024730217422933
JPN,H50,C29,0.0033908844242524
JPN,H50,C30,0.0038431193348351
JPN,H50,C31T33,0.0025625658042719
JPN,H50,D,0.0087940813052294
JPN,H50,E,0.0004234161988773
JPN,H50,F,0.0028376013437935
JPN,H50,G,0.0010496288199457
JPN,H50,H49,0.0022648288331394
JPN,H50,H50,0.1661541011087351
JPN,H50,H51,0.0039210922085049
JPN,H50,H52,0.0042123358792717
JPN,H50,H53,0.0022892621465301
JPN,H50,HFCE,0.0028082622579381
JPN,H50,I,0.0021939313660558
JPN,H50,J58T60,0.0006723666106893
JPN,H50,J61,0.0003011415028084
JPN,H50,J62_63,0.0006721835747712
JPN,H50,K,0.0004645714011578
JPN,H50,L,6.459431222022763e-05
JPN,H50,M,0.0006643949768988
JPN,H50,N,0.000796841188721
JPN,H50,O,0.0006617340283389
JPN,H50,P,0.0004664968700485
JPN,H50,Q,0.0011165634047184
JPN,H50,R,0.0010381784145404
JPN,H50,S,0.0013951773437906
JPN,H50,T,0.0
JPN,H51,A01_02,0.0008123621005475
JPN,H51,A03,0.0007445796810839
JPN,H51,B05_06,0.0019630938358853
JPN,H51,B07_08,0.005110352368838
JPN,H51,B09,0.0187986581429204
JPN,H51,C10T12,0.0009221599176331
JPN,H51,C13T15,0.0014163830544199
JPN,H51,C16,0.0013581448147247
JPN,H51,C17_18,0.0011683079813191
JPN,H51,C19,0.0014658969034525
JPN,H51,C20,0.0013068142499372
JPN,H51,C21,0.0010967612611322
JPN,H51,C22,0.0009755709425156
JPN,H51,C23,0.0013451160389458
JPN,H51,C24,0.0017446340405694
JPN,H51,C25,0.0011243032907799
JPN,H51,C26,0.0011697755686134
JPN,H51,C27,0.0011858548443914
JPN,H51,C28,0.0010298047203523
JPN,H51,C29,0.000955060269709
JPN,H51,C30,0.000883578295747
JPN,H51,C31T33,0.0008532116880842
JPN,H51,D,0.0010472802681592
JPN,H51,E,0.0008514148241493
JPN,H51,F,0.0007266886265269
JPN,H51,G,0.0023385451593409
JPN,H51,H49,0.0004509544673603
JPN,H51,H50,0.0007425561139775
JPN,H51,H51,0.0029198731509913
JPN,H51,H52,0.0005364930659713
JPN,H51,H53,0.0133627006356171
JPN,H51,HFCE,0.0047292512081099
JPN,H51,I,0.0009409571467118
JPN,H51,J58T60,0.0032851736774061
JPN,H51,J61,0.0008814941325546
JPN,H51,J62_63,0.0022597715427384
JPN,H51,K,0.000668227618321
JPN,H51,L,5.777293011076393e-05
JPN,H51,M,0.0012677151360455
JPN,H51,N,0.002764872916281
JPN,H51,O,0.0020733980808128
JPN,H51,P,0.0059855210023453
JPN,H51,Q,0.0006505443918821
JPN,H51,R,0.0010963522050104
JPN,H51,S,0.0010642568025109
JPN,H51,T,0.0
JPN,H52,A01_02,0.0098272153134199
JPN,H52,A03,0.0080871674272191
JPN,H52,B05_06,0.0031409501374165
JPN,H52,B07_08,0.0107786034678985
JPN,H52,B09,0.0092410912083043
JPN,H52,C10T12,0.011796627043217
JPN,H52,C13T15,0.0076793469869974
JPN,H52,C16,0.0110881375172301
JPN,H52,C17_18,0.0096783924566449
JPN,H52,C19,0.0059621659858978
JPN,H52,C20,0.0075709440002928
JPN,H52,C21,0.0044586352051774
JPN,H52,C22,0.0072078087189058
JPN,H52,C23,0.011150144796599
JPN,H52,C24,0.0132463638989671
JPN,H52,C25,0.0071146071716197
JPN,H52,C26,0.005950785429562
JPN,H52,C27,0.007177909616934
JPN,H52,C28,0.0061429874272979
JPN,H52,C29,0.0079415363760232
JPN,H52,C30,0.006440304022334
JPN,H52,C31T33,0.0075616755919911
JPN,H52,D,0.0075559809219535
JPN,H52,E,0.0012079275976629
JPN,H52,F,0.0072177991284711
JPN,H52,G,0.0060727053552742
JPN,H52,H49,0.0157542954471594
JPN,H52,H50,0.0207597018302574
JPN,H52,H51,0.1190947974311819
JPN,H52,H52,0.0058068163463091
JPN,H52,H53,0.0059312701069189
JPN,H52,HFCE,0.0098301186012811
JPN,H52,I,0.0092726960531802
JPN,H52,J58T60,0.003052001408616
JPN,H52,J61,0.0012901479658506
JPN,H52,J62_63,0.002606241461326
JPN,H52,K,0.0015911802620603
JPN,H52,L,0.0002601870033181
JPN,H52,M,0.0019951107132383
JPN,H52,N,0.0026752282825499
JPN,H52,O,0.0050181937248813
JPN,H52,P,0.0016971736281377
JPN,H52,Q,0.0025761289029092
JPN,H52,R,0.0045539636488391
JPN,H52,S,0.0040057727249978
JPN,H52,T,0.0
JPN,H53,A01_02,0.000153796708356
JPN,H53,A03,0.00022116228151
JPN,H53,B05_06,0.0012760109933254
JPN,H53,B07_08,0.0016067483430407
JPN,H53,B09,0.0007595417431483
JPN,H53,C10T12,0.0001180619963751
JPN,H53,C13T15,0.000315497647193
JPN,H53,C16,0.0002635206356928
JPN,H53,C17_18,0.0002330562553408
JPN,H53,C19,7.849759258836684e-05
JPN,H53,C20,0.0005158627805003
JPN,H53,C21,0.0005655622691217
JPN,H53,C22,0.0002265953784921
JPN,H53,C23,0.0001734332523978
JPN,H53,C24,0.0001056458470469
JPN,H53,C25,0.0002292462383682
JPN,H53,C26,0.0007948791746597
JPN,H53,C27,0.0005629322702493
JPN,H53,C28,0.0003388916291993
JPN,H53,C29,0.0002900019485632
JPN,H53,C30,0.0005087268975513
JPN,H53,C31T33,0.0001743790311413
JPN,H53,D,0.0016445224466409
JPN,H53,E,0.000632374842479
JPN,H53,F,0.0003686510307552
JPN,H53,G,0.0011443631411704
JPN,H53,H49,0.0003339815362727
JPN,H53,H50,0.0004557318639433
JPN,H53,H51,0.0009760838510487
JPN,H53,H52,0.0010741398804716
JPN,H53,H53,0.0168312796455112
JPN,H53,HFCE,0.000576592571467
JPN,H53,I,0.000991488213506
JPN,H53,J58T60,0.0014150043160825
JPN,H53,J61,0.0065234844906777
JPN,H53,J62_63,0.0008137519286027
JPN,H53,K,0.0065918998679948
JPN,H53,L,0.0001996298356116
JPN,H53,M,0.0010531279385378
JPN,H53,N,0.0009010115732882
JPN,H53,O,0.0047744664670374
JPN,H53,P,0.0012287746301787
JPN,H53,Q,0.0006236554477588
JPN,H53,R,0.0006697444082308
JPN,H53,S,0.0016740085406097
JPN,H53,T,0.0
JPN,I,A01_02,0.0014314924393143
JPN,I,A03,0.0121712975591056
JPN,I,B05_06,0.0104043973301923
JPN,I,B07_08,0.0286090468858092
JPN,I,B09,0.0049370213304639
JPN,I,C10T12,0.0036606309686898
JPN,I,C13T15,0.004467312429936
JPN,I,C16,0.0046572204654179
JPN,I,C17_18,0.0074144174047622
JPN,I,C19,0.0026506628939141
JPN,I,C20,0.0039970786839436
JPN,I,C21,0.0050199020646602
JPN,I,C22,0.0061578591407018
JPN,I,C23,0.0053542475013511
JPN,I,C24,0.0027741269626671
JPN,I,C25,0.0066650851998628
JPN,I,C26,0.0069513326424204
JPN,I,C27,0.00716605106849
JPN,I,C28,0.0056568287550434
JPN,I,C29,0.003331778807561
JPN,I,C30,0.0065509744351346
JPN,I,C31T33,0.0046906494007003
JPN,I,D,0.00444685213721
JPN,I,E,0.0059058311375873
JPN,I,F,0.006725601081111
JPN,I,G,0.0101678562721475
JPN,I,H49,0.0107604510814967
JPN,I,H50,0.010265121215115
JPN,I,H51,0.0080684012751928
JPN,I,H52,0.0143480167062786
JPN,I,H53,0.0163283356890765
JPN,I,HFCE,0.0601961615441485
JPN,I,I,0.0148968528466651
JPN,I,J58T60,0.0083766339027687
JPN,I,J61,0.0028498790887447
JPN,I,J62_63,0.0069006589314995
JPN,I,K,0.013498569299599
JPN,I,L,0.0017397308616728
JPN,I,M,0.0050917690403495
JPN,I,N,0.0058032449697324
JPN,I,O,0.0082421006490591
JPN,I,P,0.0062860572122032
JPN,I,Q,0.0068060959252998
JPN,I,R,0.0087633594618178
JPN,I,S,0.015908698614117
JPN,I,T,0.0
JPN,J58T60,A01_02,0.0009158791157872
JPN,J58T60,A03,0.0014006944495639
JPN,J58T60,B05_06,0.0004907734589713
JPN,J58T60,B07_08,0.0022315949208899
JPN,J58T60,B09,0.0017089689220836
JPN,J58T60,C10T12,0.0015450876282373
JPN,J58T60,C13T15,0.0023058179108685
JPN,J58T60,C16,0.0023311440849752
JPN,J58T60,C17_18,0.0016001178396996
JPN,J58T60,C19,0.0003714944207379
JPN,J58T60,C20,0.0018615669074598
JPN,J58T60,C21,0.0022665444861258
JPN,J58T60,C22,0.0012696260138413
JPN,J58T60,C23,0.0008873329192446
JPN,J58T60,C24,0.0005729255551393
JPN,J58T60,C25,0.0016725008173126
JPN,J58T60,C26,0.003495739027641
JPN,J58T60,C27,0.002836285763115
JPN,J58T60,C28,0.0015670632822452
JPN,J58T60,C29,0.0011775472658726
JPN,J58T60,C30,0.0021259429297671
JPN,J58T60,C31T33,0.0012810997308847
JPN,J58T60,D,0.0008257306799589
JPN,J58T60,E,0.0011731011570626
JPN,J58T60,F,0.0021092543680503
JPN,J58T60,G,0.0033332555321999
JPN,J58T60,H49,0.0040628245204903
JPN,J58T60,H50,0.0005162836500616
JPN,J58T60,H51,0.0042855527022441
JPN,J58T60,H52,0.0026651591019221
JPN,J58T60,H53,0.0084199755465179
JPN,J58T60,HFCE,0.0116277357808066
JPN,J58T60,I,0.0181637108445556
JPN,J58T60,J58T60,0.1337250946863074
JPN,J58T60,J61,0.0511817530714561
JPN,J58T60,J62_63,0.0105191673439062
JPN,J58T60,K,0.0047249480413564
JPN,J58T60,L,0.000557404366659
JPN,J58T60,M,0.059788395014314
JPN,J58T60,N,0.0238189111995199
JPN,J58T60,O,0.006924177849602
JPN,J58T60,P,0.0047672080756742
JPN,J58T60,Q,0.0045697760537483
JPN,J58T60,R,0.0200893489756192
JPN,J58T60,S,0.0065295525321038
JPN,J58T60,T,0.0
JPN,J61,A01_02,0.0005165991998627
JPN,J61,A03,0.0028677375835809
JPN,J61,B05_06,0.0094228504122497
JPN,J61,B07_08,0.0059583584387761
JPN,J61,B09,0.0039875941515285
JPN,J61,C10T12,0.0009891680777379
JPN,J61,C13T15,0.0015338555826301
JPN,J61,C16,0.00138855104192
JPN,J61,C17_18,0.0021217199349863
JPN,J61,C19,0.0004408643862811
JPN,J61,C20,0.004488349336327
JPN,J61,C21,0.0046232925746685
JPN,J61,C22,0.0012704908816981
JPN,J61,C23,0.0009740495454435
JPN,J61,C24,0.0007317637167834
JPN,J61,C25,0.0019246716795177
JPN,J61,C26,0.0048260962477009
JPN,J61,C27,0.003011373743081
JPN,J61,C28,0.0017633010528706
JPN,J61,C29,0.0013500587812566
JPN,J61,C30,0.0017725116114683
JPN,J61,C31T33,0.0012642479757745
JPN,J61,D,0.0007682368270926
JPN,J61,E,0.0016460075610035
JPN,J61,F,0.0041171835989925
JPN,J61,G,0.0166156742347555
JPN,J61,H49,0.004911804527117
JPN,J61,H50,0.0040282872449256
JPN,J61,H51,0.0046877160056805
JPN,J61,H52,0.0027009253063202
JPN,J61,H53,0.0052635686475143
JPN,J61,HFCE,0.0410674049552083
JPN,J61,I,0.0065857188412196
JPN,J61,J58T60,0.0343873199003747
JPN,J61,J61,0.1963496087032568
JPN,J61,J62_63,0.0133351002766969
JPN,J61,K,0.0160495336489282
JPN,J61,L,0.0019882240670889
JPN,J61,M,0.0134155514093151
JPN,J61,N,0.0114110148353568
JPN,J61,O,0.0104908344819937
JPN,J61,P,0.0016862363926524
JPN,J61,Q,0.0023452200952507
JPN,J61,R,0.0037275974970353
JPN,J61,S,0.008161685325206
JPN,J61,T,0.0
JPN,J62_63,A01_02,0.0039967426645871
JPN,J62_63,A03,0.0020273209138425
JPN,J62_63,B05_06,0.0034354142127993
JPN,J62_63,B07_08,0.0091272232264399
JPN,J62_63,B09,0.004240774732578
JPN,J62_63,C10T12,0.0039375271223505
JPN,J62_63,C13T15,0.0037289136811862
JPN,J62_63,C16,0.0050525014189572
JPN,J62_63,C17_18,0.0051746559897979
JPN,J62_63,C19,0.0011719873125984
JPN,J62_63,C20,0.0092414929823788
JPN,J62_63,C21,0.0098121474184588
JPN,J62_63,C22,0.0053102886409985
JPN,J62_63,C23,0.0057071640033234
JPN,J62_63,C24,0.0029074771402334
JPN,J62_63,C25,0.0053623685322659
JPN,J62_63,C26,0.0186540293024456
JPN,J62_63,C27,0.0140977214147945
JPN,J62_63,C28,0.0094286393589802
JPN,J62_63,C29,0.0044456553887864
JPN,J62_63,C30,0.0058994470049373
JPN,J62_63,C31T33,0.0040905803817728
JPN,J62_63,D,0.0173685955689091
JPN,J62_63,E,0.0116668576010997
JPN,J62_63,F,0.0035822001418551
JPN,J62_63,G,0.0219948380582484
JPN,J62_63,H49,0.0055480102428061
JPN,J62_63,H50,0.0019567787724559
JPN,J62_63,H51,0.0160613969309912
JPN,J62_63,H52,0.01830306666359
JPN,J62_63,H53,0.0047953104811786
JPN,J62_63,HFCE,0.0091176326891195
JPN,J62_63,I,0.0056114013785659
JPN,J62_63,J58T60,0.0213121050744514
JPN,J62_63,J61,0.0538577938148851
JPN,J62_63,J62_63,0.0299124351832485
JPN,J62_63,K,0.0570624292967825
JPN,J62_63,L,0.0016587095476379
JPN,J62_63,M,0.015612594177644
JPN,J62_63,N,0.0122294371396057
JPN,J62_63,O,0.0245715628647326
JPN,J62_63,P,0.0066336710878459
JPN,J62_63,Q,0.0078608147585347
JPN,J62_63,R,0.01856191406687
JPN,J62_63,S,0.0124350542903746
JPN,J62_63,T,0.0
JPN,K,A01_02,0.0116885498350628
JPN,K,A03,0.0148694773935287
JPN,K,B05_06,0.0323910482921083
JPN,K,B07_08,0.0372230032804445
JPN,K,B09,0.0258244192670422
JPN,K,C10T12,0.0060080438155368
JPN,K,C13T15,0.0114552496794678
JPN,K,C16,0.0095576907483986
JPN,K,C17_18,0.0079027257492859
JPN,K,C19,0.0052529493644889
JPN,K,C20,0.0062749960395235
JPN,K,C21,0.0048838807594284
JPN,K,C22,0.0037353642736926
JPN,K,C23,0.0077903796978228
JPN,K,C24,0.0052882026095263
JPN,K,C25,0.0101815231518766
JPN,K,C26,0.0063337109060881
JPN,K,C27,0.0066505529920164
JPN,K,C28,0.0061862803893527
JPN,K,C29,0.0040477736764246
JPN,K,C30,0.0127663676185512
JPN,K,C31T33,0.0150431221759572
JPN,K,D,0.0256055812653306
JPN,K,E,0.0054906633062206
JPN,K,F,0.0094340170209646
JPN,K,G,0.0172713612655093
JPN,K,H49,0.0261341875356608
JPN,K,H50,0.0172476982353934
JPN,K,H51,0.0336225278477141
JPN,K,H52,0.0101599095461153
JPN,K,H53,0.0002688148732667
JPN,K,HFCE,0.0672754798870279
JPN,K,I,0.0094051561311845
JPN,K,J58T60,0.0032053201606972
JPN,K,J61,0.0082105187710645
JPN,K,J62_63,0.0031490975549655
JPN,K,K,0.0493897277413504
JPN,K,L,0.0971355067556045
JPN,K,M,0.0097318045187662
JPN,K,N,0.0127079568742908
JPN,K,O,0.0218971645251411
JPN,K,P,0.0081834298029205
JPN,K,Q,0.0066363594655217
JPN,K,R,0.0159649763948657
JPN,K,S,0.0075090364799042
JPN,K,T,0.0
JPN,L,A01_02,0.0008784158150338
JPN,L,A03,0.0011426717878021
JPN,L,B05_06,0.0165881429132312
JPN,L,B07_08,0.0038829751623485
JPN,L,B09,0.0056965630736122
JPN,L,C10T12,0.0028976597488718
JPN,L,C13T15,0.0039403642319646
JPN,L,C16,0.0038058461039487
JPN,L,C17_18,0.0036572680762366
JPN,L,C19,0.0007941035529288
JPN,L,C20,0.0035281125198524
JPN,L,C21,0.0034764182010824
JPN,L,C22,0.0031576325453234
JPN,L,C23,0.0032932151298329
JPN,L,C24,0.0015181973124583
JPN,L,C25,0.0049467351348765
JPN,L,C26,0.0053418103975384
JPN,L,C27,0.0043995214726922
JPN,L,C28,0.0032757158420303
JPN,L,C29,0.0018070461103098
JPN,L,C30,0.0029756060990107
JPN,L,C31T33,0.0022552044447603
JPN,L,D,0.0077928952466957
JPN,L,E,0.0015369458128078
JPN,L,F,0.0051654261385355
JPN,L,G,0.0303899072447042
JPN,L,H49,0.0108668382269655
JPN,L,H50,0.0233315592722312
JPN,L,H51,0.0095430000544596
JPN,L,H52,0.0493942820222904
JPN,L,H53,0.017949896376202
JPN,L,HFCE,0.2485654297347093
JPN,L,I,0.013019353889175
JPN,L,J58T60,0.0125785259519936
JPN,L,J61,0.0230803833857611
JPN,L,J62_63,0.037328275191849
JPN,L,K,0.0198629808399116
JPN,L,L,0.0348551744011626
JPN,L,M,0.0096019517530948
JPN,L,N,0.0090632384787969
JPN,L,O,0.0025700946918685
JPN,L,P,0.002719567380028
JPN,L,Q,0.0194302871352703
JPN,L,R,0.009498735838784
JPN,L,S,0.0184488201763479
JPN,L,T,0.0
JPN,M,A01_02,0.0020309052513688
JPN,M,A03,0.005455336277249
JPN,M,B05_06,0.0215940321947389
JPN,M,B07_08,0.011314186248912
JPN,M,B09,0.0674093297044116
JPN,M,C10T12,0.01787026085674
JPN,M,C13T15,0.0113981915943371
JPN,M,C16,0.01176214222006
JPN,M,C17_18,0.010705454222606
JPN,M,C19,0.0021970198297697
JPN,M,C20,0.019110943096675
JPN,M,C21,0.0257481171787749
JPN,M,C22,0.0130889101454188
JPN,M,C23,0.0184262747344051
JPN,M,C24,0.0035882648888613
JPN,M,C25,0.0120055258310674
JPN,M,C26,0.0386655911813498
JPN,M,C27,0.0250773421505128
JPN,M,C28,0.0153044169467106
JPN,M,C29,0.0143206181774759
JPN,M,C30,0.0193512571801892
JPN,M,C31T33,0.0137572599925412
JPN,M,D,0.0265715771208168
JPN,M,E,0.0154656890823691
JPN,M,F,0.0555716139037988
JPN,M,G,0.0388960882178552
JPN,M,H49,0.015679136369266
JPN,M,H50,0.0021830512363718
JPN,M,H51,0.0460351306402356
JPN,M,H52,0.0502895908807716
JPN,M,H53,0.0040755803366255
JPN,M,HFCE,0.0012541724630148
JPN,M,I,0.017181543895798
JPN,M,J58T60,0.0524190425084225
JPN,M,J61,0.0809321800451765
JPN,M,J62_63,0.1107378531957459
JPN,M,K,0.0565916677370482
JPN,M,L,0.0147929327697108
JPN,M,M,0.0619386687780579
JPN,M,N,0.0248099824279917
JPN,M,O,0.0303114322079101
JPN,M,P,0.0158014520844468
JPN,M,Q,0.0164783852382385
JPN,M,R,0.0249759473750941
JPN,M,S,0.0235290633008098
JPN,M,T,0.0
JPN,N,A01_02,0.0026017276496905
JPN,N,A03,0.0057281030911114
JPN,N,B05_06,0.0140361209265802
JPN,N,B07_08,0.0431367298208029
JPN,N,B09,0.0545604152161529
JPN,N,C10T12,0.0064639829366733
JPN,N,C13T15,0.0092568352229628
JPN,N,C16,0.0055339333495499
JPN,N,C17_18,0.0069755452356138
JPN,N,C19,0.0012979485658216
JPN,N,C20,0.0133346525389656
JPN,N,C21,0.0159273789410383
JPN,N,C22,0.0070149431868304
JPN,N,C23,0.0130478272443472
JPN,N,C24,0.0029518040690643
JPN,N,C25,0.0081332578481951
JPN,N,C26,0.0247839250355441
JPN,N,C27,0.012626563846076
JPN,N,C28,0.009037938119453
JPN,N,C29,0.0089062073151129
JPN,N,C30,0.0096747360867656
JPN,N,C31T33,0.008353708082175
JPN,N,D,0.0099360281759529
JPN,N,E,0.011497307824493
JPN,N,F,0.0220593612735325
JPN,N,G,0.0316265529907115
JPN,N,H49,0.0148714409265526
JPN,N,H50,0.0016540198418642
JPN,N,H51,0.0328768500559258
JPN,N,H52,0.0485312781226203
JPN,N,H53,0.004682581663357
JPN,N,HFCE,0.0039027418207489
JPN,N,I,0.0083013221478156
JPN,N,J58T60,0.0377379734614822
JPN,N,J61,0.0369425204848431
JPN,N,J62_63,0.071444119617808
JPN,N,K,0.0400688964649551
JPN,N,L,0.0083212509022669
JPN,N,M,0.0274135144816096
JPN,N,N,0.0453477340243717
JPN,N,O,0.0466437990821278
JPN,N,P,0.0158523340060525
JPN,N,Q,0.0230881918714385
JPN,N,R,0.0167525600196895
JPN,N,S,0.0171465865648302
JPN,N,T,0.0
JPN,O,A01_02,0.0012086843874651
JPN,O,A03,0.0001179532168053
JPN,O,B05_06,9.815469179426778e-05
JPN,O,B07_08,0.0001338956952533
JPN,O,B09,0.0006329514526235
JPN,O,C10T12,0.0015440240066483
JPN,O,C13T15,6.377080102838808e-05
JPN,O,C16,0.0007601556798832
JPN,O,C17_18,6.759640306423575e-05
JPN,O,C19,9.401455856513704e-05
JPN,O,C20,8.292694365028392e-05
JPN,O,C21,9.020360241688382e-05
JPN,O,C22,7.091916426089257e-05
JPN,O,C23,0.0001310832721611
JPN,O,C24,0.0001592075527176
JPN,O,C25,7.276076261253e-05
JPN,O,C26,0.0001229067255301
JPN,O,C27,0.0001053318126488
JPN,O,C28,6.21005603244843e-05
JPN,O,C29,5.1897614655886384e-05
JPN,O,C30,8.74653262456669e-05
JPN,O,C31T33,4.8357210316497946e-05
JPN,O,D,0.0004019613334014
JPN,O,E,0.0001576354679802
JPN,O,F,0.0001739608327765
JPN,O,G,0.000142493756459
JPN,O,H49,0.0001545524700342
JPN,O,H50,0.0001211035722366
JPN,O,H51,0.0002639196678801
JPN,O,H52,0.000153448554353
JPN,O,H53,0.0001040573702968
JPN,O,HFCE,0.0039922367409223
JPN,O,I,0.0001152893271518
JPN,O,J58T60,0.0009223081179883
JPN,O,J61,0.004715030812178
JPN,O,J62_63,0.0001878707853477
JPN,O,K,0.0001872522969357
JPN,O,L,0.0001309983788776
JPN,O,M,0.0003216056844698
JPN,O,N,0.0002025304687999
JPN,O,O,0.0005664084161161
JPN,O,P,2.3301066903545e-05
JPN,O,Q,9.831270195067526e-05
JPN,O,R,0.0001939126348997
JPN,O,S,0.000159332112468
JPN,O,T,0.0
JPN,P,A01_02,3.943505342463863e-05
JPN,P,A03,7.372076050336535e-06
JPN,P,B05_06,0.0
JPN,P,B07_08,0.0010042177144004
JPN,P,B09,0.0003164757263117
JPN,P,C10T12,0.0001591886978151
JPN,P,C13T15,4.698901128407542e-05
JPN,P,C16,7.601556798832401e-05
JPN,P,C17_18,6.658750152596357e-05
JPN,P,C19,1.4604203272254295e-05
JPN,P,C20,0.0001286797401469
JPN,P,C21,0.0001975888433893
JPN,P,C22,7.437863568825319e-05
JPN,P,C23,0.0001814999153
JPN,P,C24,4.100240916858196e-05
JPN,P,C25,0.0002192790106131
JPN,P,C26,0.0007170588358818
JPN,P,C27,0.000634781122586
JPN,P,C28,0.0002324335257859
JPN,P,C29,0.0001158085660376
JPN,P,C30,0.0001838556857817
JPN,P,C31T33,6.410993791959955e-05
JPN,P,D,0.0004609420962556
JPN,P,E,6.323748424790927e-05
JPN,P,F,0.0001029834863243
JPN,P,G,0.0001448474041913
JPN,P,H49,0.0015460539896238
JPN,P,H50,2.230855278044241e-05
JPN,P,H51,8.797322262671286e-05
JPN,P,H52,0.0002457484366707
JPN,P,H53,0.0001474146079205
JPN,P,HFCE,0.0243030810009217
JPN,P,I,0.0002281256898962
JPN,P,J58T60,0.0011307257965987
JPN,P,J61,0.0035361393873294
JPN,P,J62_63,0.0019436376999719
JPN,P,K,0.0002086083440242
JPN,P,L,3.34108511483936e-06
JPN,P,M,0.0002885922694686
JPN,P,N,0.0001826094390819
JPN,P,O,0.0001307096344883
JPN,P,P,1.236383141820755e-05
JPN,P,Q,7.293626093434711e-05
JPN,P,R,0.000140213751389
JPN,P,S,0.0002042719390615
JPN,P,T,0.0
JPN,Q,A01_02,0.0001498532030136
JPN,Q,A03,0.0010689510272987
JPN,Q,B05_06,0.0008833922261484
JPN,Q,B07_08,0.0024993863113967
JPN,Q,B09,0.0003797708715741
JPN,Q,C10T12,0.0003446133948248
JPN,Q,C13T15,0.0004061193118123
JPN,Q,C16,0.0004155517716695
JPN,Q,C17_18,0.0006547770983386
JPN,Q,C19,0.000231841726947
JPN,Q,C20,0.0003683100117985
JPN,Q,C21,0.0005426534177142
JPN,Q,C22,0.000551785692664
JPN,Q,C23,0.0004739164455056
JPN,Q,C24,0.0002434287174963
JPN,Q,C25,0.0005800926553492
JPN,Q,C26,0.0006478852014126
JPN,Q,C27,0.0006494299177226
JPN,Q,C28,0.0005039016894901
JPN,Q,C29,0.0003060998197759
JPN,Q,C30,0.0005944072171389
JPN,Q,C31T33,0.0004278880428005
JPN,Q,D,0.0004267431665334
JPN,Q,E,0.0006085462252262
JPN,Q,F,0.0005943523590763
JPN,Q,G,0.0011054298849321
JPN,Q,H49,0.0009913588231993
JPN,Q,H50,0.0009560808334475
JPN,Q,H51,0.0007372993896334
JPN,Q,H52,0.0053130119759097
JPN,Q,H53,0.0014481317366307
JPN,Q,HFCE,0.0383902332439737
JPN,Q,I,0.0008619716927907
JPN,Q,J58T60,0.0009263007938238
JPN,Q,J61,0.0011853100714448
JPN,Q,J62_63,0.0006471696175153
JPN,Q,K,0.001333050649425
JPN,Q,L,0.0001561957291187
JPN,Q,M,0.0005890143459794
JPN,Q,N,0.000342807719731
JPN,Q,O,0.0008951629513443
JPN,Q,P,0.0003956426053826
JPN,Q,Q,0.0124171463402214
JPN,Q,R,0.0008442657796406
JPN,Q,S,0.0011725209302135
JPN,Q,T,0.0
JPN,R,A01_02,0.0001340791816437
JPN,R,A03,0.0009362536583927
JPN,R,B05_06,0.0007852375343541
JPN,R,B07_08,0.0023208587177255
JPN,R,B09,0.0001265902905247
JPN,R,C10T12,0.0003109320445075
JPN,R,C13T15,0.0003725557323237
JPN,R,C16,0.0003902132490067
JPN,R,C17_18,0.0005912163014274
JPN,R,C19,0.0002044588458115
JPN,R,C20,0.0003317077746011
JPN,R,C21,0.0004066321124824
JPN,R,C22,0.000486920603401
JPN,R,C23,0.0004214831366412
JPN,R,C24,0.0002293918566999
JPN,R,C25,0.0005242761799204
JPN,R,C26,0.000592916866879
JPN,R,C27,0.0005810688737518
JPN,R,C28,0.0004858038119098
JPN,R,C29,0.000267657142253
JPN,R,C30,0.0005140819175255
JPN,R,C31T33,0.0006553867367895
JPN,R,D,0.000365284220366
JPN,R,E,0.0004793218008935
JPN,R,F,0.0005213849935647
JPN,R,G,0.0008225018137797
JPN,R,H49,0.0008341599067604
JPN,R,H50,0.0007935470917614
JPN,R,H51,0.0006660829713165
JPN,R,H52,0.001136442301036
JPN,R,H53,0.0012660313386113
JPN,R,HFCE,0.020832247582658
JPN,R,I,0.0014084921627787
JPN,R,J58T60,0.0896283856892915
JPN,R,J61,0.0004236306753539
JPN,R,J62_63,0.0006578138546454
JPN,R,K,0.0010631597354945
JPN,R,L,0.0001378197609871
JPN,R,M,0.0005818614393958
JPN,R,N,0.0006681845384587
JPN,R,O,0.0006707120638391
JPN,R,P,0.0004940777247506
JPN,R,Q,0.0003866966276726
JPN,R,R,0.0219673182628411
JPN,R,S,0.0017107774896408
JPN,R,T,0.0
JPN,S,A01_02,0.0002878758899998
JPN,S,A03,0.0037966191659233
JPN,S,B05_06,0.0007852375343541
JPN,S,B07_08,0.0017852759367119
JPN,S,B09,0.0066459902525476
JPN,S,C10T12,0.0005623012800331
JPN,S,C13T15,0.0008189513395224
JPN,S,C16,0.0007145463390902
JPN,S,C17_18,0.0006002964152719
JPN,S,C19,0.0001789014900851
JPN,S,C20,0.0006897234071878
JPN,S,C21,0.0007116061968443
JPN,S,C22,0.0006832456069037
JPN,S,C23,0.0001431832665144
JPN,S,C24,0.0003867524540495
JPN,S,C25,0.000777443764901
JPN,S,C26,0.0017416932964571
JPN,S,C27,0.0014188404432306
JPN,S,C28,0.000662524263576
JPN,S,C29,0.0007205599368194
JPN,S,C30,0.0006372473769327
JPN,S,C31T33,0.000402610410135
JPN,S,D,0.0005888163552168
JPN,S,E,0.001165769274831
JPN,S,F,0.0011316575051164
JPN,S,G,0.0024904535067291
JPN,S,H49,0.004650335622333
JPN,S,H50,0.0006278264139638
JPN,S,H51,0.0024087906195409
JPN,S,H52,0.0016971640861157
JPN,S,H53,0.0014307888415813
JPN,S,HFCE,0.0242043235494797
JPN,S,I,0.0082483381166139
JPN,S,J58T60,0.0064753216699286
JPN,S,J61,0.0021384790909912
JPN,S,J62_63,0.0050368530100039
JPN,S,K,0.0014104276316298
JPN,S,L,0.0010297502747694
JPN,S,M,0.0082005322862945
JPN,S,N,0.0062854998974897
JPN,S,O,0.001796135219777
JPN,S,P,0.0020043672856824
JPN,S,Q,0.0099694121455007
JPN,S,R,0.0101759384252802
JPN,S,S,0.0535784868964657
JPN,S,T,0.0
JPN,T,A01_02,0.0
JPN,T,A03,0.0
JPN,T,B05_06,0.0
JPN,T,B07_08,0.0
JPN,T,B09,0.0
JPN,T,C10T12,0.0
JPN,T,C13T15,0.0
JPN,T,C16,0.0
JPN,T,C17_18,0.0
JPN,T,C19,0.0
JPN,T,C20,0.0
JPN,T,C21,0.0
JPN,T,C22,0.0
JPN,T,C23,0.0
JPN,T,C24,0.0
JPN,T,C25,0.0
JPN,T,C26,0.0
JPN,T,C27,0.0
JPN,T,C28,0.0
JPN,T,C29,0.0
JPN,T,C30,0.0
JPN,T,C31T33,0.0
JPN,T,D,0.0
JPN,T,E,0.0
JPN,T,F,0.0
JPN,T,G,0.0
JPN,T,H49,0.0
JPN,T,H50,0.0
JPN,T,H51,0.0
JPN,T,H52,0.0
JPN,T,H53,0.0
JPN,T,HFCE,0.0
JPN,T,I,0.0
JPN,T,J58T60,0.0
JPN,T,J61,0.0
JPN,T,J62_63,0.0
JPN,T,K,0.0
JPN,T,L,0.0
JPN,T,M,0.0
JPN,T,N,0.0
JPN,T,O,0.0
JPN,T,P,0.0
JPN,T,Q,0.0
JPN,T,R,0.0
JPN,T,S,0.0
JPN,T,T,0.0
JPN,employees_compensation,A01_02,0.0
JPN,employees_compensation,A03,0.0
JPN,employees_compensation,B05_06,0.0
JPN,employees_compensation,B07_08,0.0
JPN,employees_compensation,B09,0.0
JPN,employees_compensation,C10T12,0.2137089950241418
JPN,employees_compensation,C13T15,0.4209264442967647
JPN,employees_compensation,C16,0.0
JPN,employees_compensation,C17_18,0.1237104977213958
JPN,employees_compensation,C19,0.0216239569784511
JPN,employees_compensation,C20,0.18594279642236
JPN,employees_compensation,C21,0.0
JPN,employees_compensation,C22,0.0
JPN,employees_compensation,C23,0.324860648398364
JPN,employees_compensation,C24,0.0923176014600305
JPN,employees_compensation,C25,0.3425005249406617
JPN,employees_compensation,C26,0.2203431424017498
JPN,employees_compensation,C27,0.2177227169097087
JPN,employees_compensation,C28,0.3224786285357398
JPN,employees_compensation,C29,0.186892680778493
JPN,employees_compensation,C30,0.0
JPN,employees_compensation,C31T33,0.2834748514420096
JPN,employees_compensation,D,0.1494831913912537
JPN,employees_compensation,E,0.0
JPN,employees_compensation,F,0.3309442601742073
JPN,employees_compensation,G,0.349372331184126
JPN,employees_compensation,H49,0.0
JPN,employees_compensation,H50,0.0
JPN,employees_compensation,H51,0.0
JPN,employees_compensation,H52,0.0
JPN,employees_compensation,H53,0.0
JPN,employees_compensation,HFCE,0.0
JPN,employees_compensation,I,0.2228236890949378
JPN,employees_compensation,J58T60,0.0
JPN,employees_compensation,J61,0.5913069416414869
JPN,employees_compensation,J62_63,0.0
JPN,employees_compensation,K,0.3024913840730315
JPN,employees_compensation,L,0.0528742032730105
JPN,employees_compensation,M,0.7845598642341649
JPN,employees_compensation,N,0.0
JPN,employees_compensation,O,0.3874964131867977
JPN,employees_compensation,P,0.6182575113446078
JPN,employees_compensation,Q,0.439191185042263
JPN,employees_compensation,R,1.8301056823860204
JPN,employees_compensation,S,0.0
JPN,employees_compensation,T,0.0
