country,year,sector,7 final demand,7 final demand total,7 final demand sector ratio
CAN,2010,A01_02,26809.5,1969446.4,0.013612708627155327
CAN,2010,A03,1998.5,1969446.4,0.0010147521658878354
CAN,2010,B05_06,69759.2,1969446.4,0.03542071518168761
CAN,2010,B07_08,14487.6,1969446.4,0.007356178873413362
CAN,2010,B09,6028.5,1969446.4,0.0030610124753839454
CAN,2010,C10T12,73676.59999999999,1969446.4,0.03740980206417397
CAN,2010,C13T15,14035.6,1969446.4,0.007126672754333401
CAN,2010,C16,7256.9,1969446.4,0.0036847410521047945
CAN,2010,C17_18,22223.699999999997,1969446.4,0.011284237032294963
CAN,2010,C19,29070.900000000005,1969446.4,0.014760950082216001
CAN,2010,C20,20505.100000000002,1969446.4,0.010411606022890495
CAN,2010,C21,11615.399999999998,1969446.4,0.005897799503454371
CAN,2010,C22,12128.0,1969446.4,0.006158075690711868
CAN,2010,C23,3830.0999999999995,1969446.4,0.0019447597050622956
CAN,2010,C24,35174.5,1969446.4,0.01786009510083646
CAN,2010,C25,11049.5,1969446.4,0.005610459873393863
CAN,2010,C26,27806.9,1969446.4,0.0141191453598331
CAN,2010,C27,10749.400000000001,1969446.4,0.005458082027517987
CAN,2010,C28,34684.2,1969446.4,0.017611141892462774
CAN,2010,C29,85196.9,1969446.4,0.04325931388637944
CAN,2010,C30,19007.0,1969446.4,0.009650935410072597
CAN,2010,C31T33,14287.900000000001,1969446.4,0.007254779820359672
CAN,2010,D,24552.1,1969446.4,0.012466498199697133
CAN,2010,E,3920.6,1969446.4,0.00199071170456835
CAN,2010,F,218908.80000000002,1969446.4,0.11115245380630823
CAN,2010,G,182496.0,1969446.4,0.09266360333543477
CAN,2010,H49,27092.299999999996,1969446.4,0.013756302278650486
CAN,2010,H50,4630.8,1969446.4,0.002351320655388235
CAN,2010,H51,17720.5,1969446.4,0.008997706157425763
CAN,2010,H52,7551.4,1969446.4,0.0038342754593372027
CAN,2010,H53,2748.5,1969446.4,0.001395569841352372
CAN,2010,I,61492.399999999994,1969446.4,0.031223190435647294
CAN,2010,J58T60,26198.600000000002,1969446.4,0.013302519936566948
CAN,2010,J61,27690.5,1969446.4,0.014060042456601004
CAN,2010,J62_63,21379.7,1969446.4,0.010855690208172206
CAN,2010,K,85788.09999999999,1969446.4,0.04355949976602562
CAN,2010,L,194004.7,1969446.4,0.09850722517759307
CAN,2010,M,23934.199999999997,1969446.4,0.012152755210804417
CAN,2010,N,16368.400000000001,1969446.4,0.008311168052098297
CAN,2010,O,183564.69999999998,1969446.4,0.0932062431351267
CAN,2010,P,99747.29999999999,1969446.4,0.0506473798931517
CAN,2010,Q,141325.80000000002,1969446.4,0.07175915018555469
CAN,2010,R,21767.3,1969446.4,0.011052496782852278
CAN,2010,S,22423.9,1969446.4,0.011385889963798966
CAN,2010,T,2757.9,1969446.4,0.0014003427562181941
CAN,2010,employees_compensation,0.0,1969446.4,0.0
CAN,2011,A01_02,32184.0,2197101.9,0.01464838749627407
CAN,2011,A03,2047.0,2197101.9,0.0009316818669175063
CAN,2011,B05_06,89233.6,2197101.9,0.04061422913520762
CAN,2011,B07_08,18989.5,2197101.9,0.008642976459125542
CAN,2011,B09,7595.900000000001,2197101.9,0.0034572360981527535
CAN,2011,C10T12,81659.9,2197101.9,0.03716709725661791
CAN,2011,C13T15,16317.699999999999,2197101.9,0.007426919980361402
CAN,2011,C16,7716.4,2197101.9,0.003512081073708962
CAN,2011,C17_18,23429.4,2197101.9,0.010663774857233523
CAN,2011,C19,35629.3,2197101.9,0.01621649865215628
CAN,2011,C20,23946.5,2197101.9,0.01089913034984859
CAN,2011,C21,11381.7,2197101.9,0.0051803241351709725
CAN,2011,C22,13539.0,2197101.9,0.006162208498385988
CAN,2011,C23,4368.3,2197101.9,0.0019882100142920092
CAN,2011,C24,46571.299999999996,2197101.9,0.02119669551967526
CAN,2011,C25,12584.0,2197101.9,0.005727544999164581
CAN,2011,C26,29360.5,2197101.9,0.013363285517162404
CAN,2011,C27,11957.1,2197101.9,0.005442214582764687
CAN,2011,C28,42179.1,2197101.9,0.01919760753927708
CAN,2011,C29,92278.29999999999,2197101.9,0.04200000919392951
CAN,2011,C30,23813.200000000004,2197101.9,0.01083845951796774
CAN,2011,C31T33,17899.1,2197101.9,0.008146686323470022
CAN,2011,D,26913.399999999994,2197101.9,0.012249500125597267
CAN,2011,E,4286.900000000001,2197101.9,0.001951161209227483
CAN,2011,F,243840.6,2197101.9,0.11098283607146306
CAN,2011,G,198932.2,2197101.9,0.09054300121446349
CAN,2011,H49,30545.1,2197101.9,0.013902450314207093
CAN,2011,H50,5046.299999999999,2197101.9,0.002296798341487939
CAN,2011,H51,20171.4,2197101.9,0.009180912364601753
CAN,2011,H52,8250.699999999999,2197101.9,0.0037552650607602677
CAN,2011,H53,3028.1,2197101.9,0.0013782246513008797
CAN,2011,I,66354.1,2197101.9,0.03020073852742106
CAN,2011,J58T60,27609.699999999997,2197101.9,0.012566417606757337
CAN,2011,J61,30407.2,2197101.9,0.013839685815209573
CAN,2011,J62_63,24183.4,2197101.9,0.011006954206357021
CAN,2011,K,95030.8,2197101.9,0.043252795876240424
CAN,2011,L,211187.0,2197101.9,0.09612071247127865
CAN,2011,M,25504.300000000003,2197101.9,0.01160815527035865
CAN,2011,N,17788.3,2197101.9,0.008096256254659831
CAN,2011,O,200884.69999999998,2197101.9,0.0914316718764842
CAN,2011,P,108326.4,2197101.9,0.049304222075453125
CAN,2011,Q,154146.8,2197101.9,0.07015914919558351
CAN,2011,R,22933.500000000004,2197101.9,0.010438068439156147
CAN,2011,S,24087.4,2197101.9,0.010963260283922199
CAN,2011,T,2962.8,2197101.9,0.0013485036811446936
CAN,2011,employees_compensation,0.0,2197101.9,0.0
CAN,2012,A01_02,34539.3,2247729.5,0.015366306310434598
CAN,2012,A03,1752.7,2247729.5,0.0007797646469470637
CAN,2012,B05_06,85581.90000000001,2247729.5,0.03807482172565694
CAN,2012,B07_08,16753.3,2247729.5,0.0074534324526149606
CAN,2012,B09,7899.2,2247729.5,0.0035143018766270583
CAN,2012,C10T12,83129.79999999999,2247729.5,0.03698389864082844
CAN,2012,C13T15,16442.699999999997,2247729.5,0.0073152485652744235
CAN,2012,C16,8182.9,2247729.5,0.003640518131741386
CAN,2012,C17_18,22003.0,2247729.5,0.009788989288969157
CAN,2012,C19,36694.8,2247729.5,0.016325274015400876
CAN,2012,C20,22889.5,2247729.5,0.010183387280364475
CAN,2012,C21,11869.699999999999,2247729.5,0.005280751086818943
CAN,2012,C22,13613.099999999999,2247729.5,0.006056378225226834
CAN,2012,C23,4292.9,2247729.5,0.0019098828395498655
CAN,2012,C24,40463.799999999996,2247729.5,0.01800207720724402
CAN,2012,C25,12622.1,2247729.5,0.00561548887443974
CAN,2012,C26,28088.800000000003,2247729.5,0.012496521489796705
CAN,2012,C27,12002.8,2247729.5,0.005339966397202154
CAN,2012,C28,43218.1,2247729.5,0.019227447074926053
CAN,2012,C29,101336.0,2247729.5,0.04508371670167607
CAN,2012,C30,21301.4,2247729.5,0.009476852085626852
CAN,2012,C31T33,20329.8,2247729.5,0.00904459366663115
CAN,2012,D,27103.6,2247729.5,0.0120582125206792
CAN,2012,E,4360.700000000001,2247729.5,0.0019400466114806079
CAN,2012,F,266372.49999999994,2247729.5,0.11850736487642305
CAN,2012,G,203009.5,2247729.5,0.09031758492291889
CAN,2012,H49,31256.200000000004,2247729.5,0.013905676817428434
CAN,2012,H50,5028.2,2247729.5,0.0022370129501792808
CAN,2012,H51,20647.8,2247729.5,0.00918606976506737
CAN,2012,H52,8587.7,2247729.5,0.0038206109765432186
CAN,2012,H53,2984.3,2247729.5,0.0013276953476830731
CAN,2012,I,68062.0,2247729.5,0.03028033399926459
CAN,2012,J58T60,28234.299999999996,2247729.5,0.012561253478232143
CAN,2012,J61,30929.899999999998,2247729.5,0.013760508103844346
CAN,2012,J62_63,24777.2,2247729.5,0.011023212535138237
CAN,2012,K,96413.5,2247729.5,0.04289372898295814
CAN,2012,L,217823.7,2247729.5,0.09690832460044681
CAN,2012,M,26620.199999999997,2247729.5,0.01184315105532049
CAN,2012,N,18220.5,2247729.5,0.00810618003634334
CAN,2012,O,202268.19999999995,2247729.5,0.0899877854519416
CAN,2012,P,111087.5,2247729.5,0.049422094607024555
CAN,2012,Q,157939.19999999998,2247729.5,0.07026610630861052
CAN,2012,R,23513.300000000003,2247729.5,0.010460911777862951
CAN,2012,S,24460.0,2247729.5,0.010882092351415061
CAN,2012,T,3021.9,2247729.5,0.0013444233391962867
CAN,2012,employees_compensation,0.0,2247729.5,0.0
CAN,2013,A01_02,36481.5,2266708.5,0.01609448237389148
CAN,2013,A03,1691.1999999999998,2266708.5,0.0007461038770534455
CAN,2013,B05_06,94967.0,2266708.5,0.04189643264672101
CAN,2013,B07_08,16000.1,2266708.5,0.007058737371832329
CAN,2013,B09,7244.299999999999,2266708.5,0.0031959557216995477
CAN,2013,C10T12,82162.3,2266708.5,0.03624740455157776
CAN,2013,C13T15,15075.700000000003,2266708.5,0.006650921369024735
CAN,2013,C16,9729.800000000001,2266708.5,0.004292479602030875
CAN,2013,C17_18,19912.0,2266708.5,0.00878454375584686
CAN,2013,C19,35727.0,2266708.5,0.015761620870085414
CAN,2013,C20,23442.6,2266708.5,0.010342132656228182
CAN,2013,C21,11573.699999999999,2266708.5,0.005105949882836721
CAN,2013,C22,12521.7,2266708.5,0.005524177458195441
CAN,2013,C23,4460.4,2266708.5,0.001967787212162481
CAN,2013,C24,38636.6,2266708.5,0.01704524423850707
CAN,2013,C25,12243.8,2266708.5,0.005401576779722668
CAN,2013,C26,25598.199999999997,2266708.5,0.011293115105007988
CAN,2013,C27,10576.1,2266708.5,0.004665840358387504
CAN,2013,C28,38875.6,2266708.5,0.017150683469003624
CAN,2013,C29,98083.0,2266708.5,0.04327111315813215
CAN,2013,C30,24268.800000000003,2266708.5,0.01070662592918322
CAN,2013,C31T33,27790.4,2266708.5,0.012260244314608607
CAN,2013,D,28479.8,2266708.5,0.012564385760233396
CAN,2013,E,4441.899999999999,2266708.5,0.0019596255980863877
CAN,2013,F,273026.19999999995,2266708.5,0.12045051227363375
CAN,2013,G,213202.9,2266708.5,0.0940583670110206
CAN,2013,H49,36807.4,2266708.5,0.016238259132129253
CAN,2013,H50,4892.099999999999,2266708.5,0.002158239579548936
CAN,2013,H51,16073.1,2266708.5,0.007090942659808264
CAN,2013,H52,8890.6,2266708.5,0.003922251140806151
CAN,2013,H53,3135.2,2266708.5,0.001383150943317149
CAN,2013,I,60656.8,2266708.5,0.026759859064365798
CAN,2013,J58T60,21519.6,2266708.5,0.009493765960642931
CAN,2013,J61,31914.6,2266708.5,0.01407971073475041
CAN,2013,J62_63,23651.600000000002,2266708.5,0.010434336836871614
CAN,2013,K,91882.7,2266708.5,0.04053573717132132
CAN,2013,L,222797.6,2266708.5,0.09829124477187957
CAN,2013,M,36306.6,2266708.5,0.01601732203324777
CAN,2013,N,20201.9,2266708.5,0.008912438454260882
CAN,2013,O,202699.8,2266708.5,0.08942473194060903
CAN,2013,P,113103.5,2266708.5,0.04989768203542714
CAN,2013,Q,154830.40000000002,2266708.5,0.06830626875930453
CAN,2013,R,22134.800000000007,2266708.5,0.009765172716297666
CAN,2013,S,25977.600000000002,2266708.5,0.011460494368817164
CAN,2013,T,3020.0,2266708.5,0.0013323283518811527
CAN,2013,employees_compensation,0.0,2266708.5,0.0
CAN,2014,A01_02,35375.5,2228692.0,0.015872763037692063
CAN,2014,A03,1759.7000000000003,2228692.0,0.0007895662567999527
CAN,2014,B05_06,102311.90000000001,2228692.0,0.04590670222713592
CAN,2014,B07_08,14938.5,2228692.0,0.006702810437691704
CAN,2014,B09,6050.3,2228692.0,0.0027147313312023374
CAN,2014,C10T12,81682.4,2228692.0,0.03665037609503691
CAN,2014,C13T15,15357.7,2228692.0,0.0068909028255138
CAN,2014,C16,10038.7,2228692.0,0.004504301177551676
CAN,2014,C17_18,19198.2,2228692.0,0.008614110877590982
CAN,2014,C19,32260.6,2228692.0,0.014475127114917628
CAN,2014,C20,22501.1,2228692.0,0.010096101210934485
CAN,2014,C21,12966.2,2228692.0,0.005817851905960986
CAN,2014,C22,12085.4,2228692.0,0.005422642518571431
CAN,2014,C23,4233.799999999999,2228692.0,0.0018996792737623678
CAN,2014,C24,38860.299999999996,2228692.0,0.017436370750197872
CAN,2014,C25,11635.7,2228692.0,0.005220864973715525
CAN,2014,C26,24358.6,2228692.0,0.010929549708977283
CAN,2014,C27,10139.900000000001,2228692.0,0.0045497089772835375
CAN,2014,C28,37760.8,2228692.0,0.016943032056470794
CAN,2014,C29,100158.5,2228692.0,0.04494048527118148
CAN,2014,C30,25885.1,2228692.0,0.01161448060117773
CAN,2014,C31T33,26092.199999999997,2228692.0,0.011707405060905679
CAN,2014,D,27472.3,2228692.0,0.01232664719934383
CAN,2014,E,4314.6,2228692.0,0.0019359337225601386
CAN,2014,F,269204.6,2228692.0,0.12079040082703217
CAN,2014,G,208681.3,2228692.0,0.09363397903344203
CAN,2014,H49,36749.5,2228692.0,0.016489268144723453
CAN,2014,H50,4899.799999999999,2228692.0,0.002198509260140028
CAN,2014,H51,15734.0,2228692.0,0.007059746254753909
CAN,2014,H52,8931.5,2228692.0,0.004007507542540647
CAN,2014,H53,3242.5,2228692.0,0.001454889235479824
CAN,2014,I,59918.0,2228692.0,0.026884827513178132
CAN,2014,J58T60,22053.199999999997,2228692.0,0.009895131314690409
CAN,2014,J61,30734.100000000002,2228692.0,0.013790196222717183
CAN,2014,J62_63,23859.0,2228692.0,0.010705382349826714
CAN,2014,K,98205.6,2228692.0,0.04406423139671162
CAN,2014,L,218238.59999999998,2228692.0,0.0979222790766961
CAN,2014,M,29575.5,2228692.0,0.01327033973290163
CAN,2014,N,20031.1,2228692.0,0.008987827838032352
CAN,2014,O,193573.89999999997,2228692.0,0.08685538423434012
CAN,2014,P,108642.40000000001,2228692.0,0.04874715752558003
CAN,2014,Q,149869.6,2228692.0,0.06724554133096902
CAN,2014,R,21485.400000000005,2228692.0,0.009640363047024893
CAN,2014,S,24724.2,2228692.0,0.01109359211591373
CAN,2014,T,2900.2,2228692.0,0.0013013013911298643
CAN,2014,employees_compensation,0.0,2228692.0,0.0
CAN,2015,A01_02,32453.4,1936344.3,0.01676013919631958
CAN,2015,A03,1802.2,1936344.3,0.0009307229091437923
CAN,2015,B05_06,56249.4,1936344.3,0.029049275999108216
CAN,2015,B07_08,13150.9,1936344.3,0.006791612421406668
CAN,2015,B09,3945.1000000000004,1936344.3,0.002037395932118064
CAN,2015,C10T12,72900.29999999999,1936344.3,0.03764841820744378
CAN,2015,C13T15,14342.699999999999,1936344.3,0.007407102135710058
CAN,2015,C16,9390.3,1936344.3,0.004849499130913856
CAN,2015,C17_18,17595.8,1936344.3,0.00908712360709818
CAN,2015,C19,23392.5,1936344.3,0.012080754440209833
CAN,2015,C20,20058.5,1936344.3,0.010358953208889556
CAN,2015,C21,11877.6,1936344.3,0.006134033084921933
CAN,2015,C22,10660.400000000001,1936344.3,0.005505425868736258
CAN,2015,C23,3925.3,1936344.3,0.002027170477894866
CAN,2015,C24,33546.5,1936344.3,0.017324656570631577
CAN,2015,C25,10888.9,1936344.3,0.005623431741968616
CAN,2015,C26,22043.1,1936344.3,0.011383874241786442
CAN,2015,C27,8941.900000000001,1936344.3,0.004617928743354166
CAN,2015,C28,30873.9,1936344.3,0.015944426825332664
CAN,2015,C29,97035.30000000002,1936344.3,0.05011262718102355
CAN,2015,C30,24798.1,1936344.3,0.01280665840264048
CAN,2015,C31T33,21487.2,1936344.3,0.011096786867913934
CAN,2015,D,24597.999999999996,1936344.3,0.012703319342536342
CAN,2015,E,3882.9,1936344.3,0.0020052735456189273
CAN,2015,F,221139.19999999998,1936344.3,0.11420448315932243
CAN,2015,G,187664.4,1936344.3,0.09691685512746881
CAN,2015,H49,32331.1,1936344.3,0.016696978941193465
CAN,2015,H50,4453.0,1936344.3,0.002299694326055547
CAN,2015,H51,14159.3,1936344.3,0.0073123875748749845
CAN,2015,H52,8309.3,1936344.3,0.004291230645293814
CAN,2015,H53,2819.3999999999996,1936344.3,0.0014560427089335298
CAN,2015,I,54546.10000000001,1936344.3,0.028169628717372223
CAN,2015,J58T60,17435.5,1936344.3,0.009004338742856836
CAN,2015,J61,27151.500000000004,1936344.3,0.014022041431371477
CAN,2015,J62_63,20617.1,1936344.3,0.010647434962883407
CAN,2015,K,89003.4,1936344.3,0.045964656182270885
CAN,2015,L,197177.5,1936344.3,0.10182977273204977
CAN,2015,M,25300.6,1936344.3,0.013066168036335273
CAN,2015,N,18172.5,1936344.3,0.009384952872275865
CAN,2015,O,171026.6,1936344.3,0.08832447824490718
CAN,2015,P,97242.40000000001,1936344.3,0.05021958130070154
CAN,2015,Q,134310.9,1936344.3,0.06936312927406556
CAN,2015,R,19001.699999999997,1936344.3,0.00981318250065342
CAN,2015,S,22079.200000000004,1936344.3,0.01140251762044591
CAN,2015,T,2563.4,1936344.3,0.0013238348159467302
CAN,2015,employees_compensation,0.0,1936344.3,0.0
CAN,2016,A01_02,31226.399999999998,1892766.9,0.01649775257587186
CAN,2016,A03,1876.3,1892766.9,0.0009913000908881068
CAN,2016,B05_06,47982.1,1892766.9,0.025350242547035242
CAN,2016,B07_08,10898.8,1892766.9,0.005758131125391088
CAN,2016,B09,2668.8999999999996,1892766.9,0.0014100521305608206
CAN,2016,C10T12,72713.4,1892766.9,0.038416457937847495
CAN,2016,C13T15,13954.4,1892766.9,0.0073724873358679294
CAN,2016,C16,10528.7,1892766.9,0.005562597274920647
CAN,2016,C17_18,16391.0,1892766.9,0.008659809086898129
CAN,2016,C19,19985.8,1892766.9,0.010559039256233823
CAN,2016,C20,19006.1,1892766.9,0.010041437220822068
CAN,2016,C21,11374.2,1892766.9,0.006009297816862711
CAN,2016,C22,10485.5,1892766.9,0.0055397735452791365
CAN,2016,C23,3958.7,1892766.9,0.00209148839194092
CAN,2016,C24,31926.1,1892766.9,0.016867423030273828
CAN,2016,C25,10544.4,1892766.9,0.0055708920099986955
CAN,2016,C26,21033.7,1892766.9,0.011112673198162965
CAN,2016,C27,8857.2,1892766.9,0.004679498568999701
CAN,2016,C28,28211.300000000003,1892766.9,0.014904793611933939
CAN,2016,C29,97222.29999999999,1892766.9,0.051365173387171975
CAN,2016,C30,21556.0,1892766.9,0.011388618429453727
CAN,2016,C31T33,22874.0,1892766.9,0.012084953514349813
CAN,2016,D,23974.699999999997,1892766.9,0.012666483125840799
CAN,2016,E,3890.1000000000004,1892766.9,0.0020552451545935214
CAN,2016,F,204327.09999999998,1892766.9,0.107951539093377
CAN,2016,G,186883.5,1892766.9,0.09873561292729707
CAN,2016,H49,31633.7,1892766.9,0.016712940193533605
CAN,2016,H50,4167.200000000001,1892766.9,0.0022016445870857108
CAN,2016,H51,14515.6,1892766.9,0.007668984490377553
CAN,2016,H52,8485.3,1892766.9,0.0044830137297941965
CAN,2016,H53,2815.8,1892766.9,0.0014876633778834573
CAN,2016,I,55643.4,1892766.9,0.02939791476700063
CAN,2016,J58T60,18289.7,1892766.9,0.009662943704267018
CAN,2016,J61,27188.899999999998,1892766.9,0.014364632010418188
CAN,2016,J62_63,22079.1,1892766.9,0.011664986322404518
CAN,2016,K,87863.90000000002,1892766.9,0.04642087728816476
CAN,2016,L,199577.1,1892766.9,0.10544198548696092
CAN,2016,M,25027.699999999997,1892766.9,0.013222811535852618
CAN,2016,N,17889.4,1892766.9,0.009451454376130522
CAN,2016,O,169403.40000000002,1892766.9,0.08950040282297837
CAN,2016,P,97132.29999999999,1892766.9,0.05131762395041883
CAN,2016,Q,133368.69999999998,1892766.9,0.07046229517221586
CAN,2016,R,18598.3,1892766.9,0.009825985439622808
CAN,2016,S,22230.700000000004,1892766.9,0.011745080706979822
CAN,2016,T,2506.0,1892766.9,0.0013239876500376248
CAN,2016,employees_compensation,0.0,1892766.9,0.0
CAN,2017,A01_02,32802.899999999994,2038459.9000000001,0.016092001613571105
CAN,2017,A03,2091.8,2038459.9000000001,0.0010261668625416668
CAN,2017,B05_06,62670.6,2038459.9000000001,0.03074409263581785
CAN,2017,B07_08,13181.3,2038459.9000000001,0.006466303310651339
CAN,2017,B09,3162.7999999999997,2038459.9000000001,0.0015515635112567088
CAN,2017,C10T12,78173.3,2038459.9000000001,0.03834919686180729
CAN,2017,C13T15,15299.7,2038459.9000000001,0.007505519240285276
CAN,2017,C16,11315.2,2038459.9000000001,0.005550857291821144
CAN,2017,C17_18,17286.7,2038459.9000000001,0.008480274740749132
CAN,2017,C19,24535.3,2038459.9000000001,0.012036194580035643
CAN,2017,C20,20004.7,2038459.9000000001,0.009813634303034365
CAN,2017,C21,11302.900000000001,2038459.9000000001,0.00554482332470705
CAN,2017,C22,11082.699999999999,2038459.9000000001,0.0054368005963717995
CAN,2017,C23,4286.9,2038459.9000000001,0.002103009237513085
CAN,2017,C24,35226.9,2038459.9000000001,0.017281134644836525
CAN,2017,C25,11181.0,2038459.9000000001,0.00548502327664135
CAN,2017,C26,23408.299999999996,2038459.9000000001,0.011483326211126348
CAN,2017,C27,9496.8,2038459.9000000001,0.004658811291799264
CAN,2017,C28,32410.100000000002,2038459.9000000001,0.01589930711906572
CAN,2017,C29,98975.20000000001,2038459.9000000001,0.04855391072446409
CAN,2017,C30,26752.9,2038459.9000000001,0.013124074699727966
CAN,2017,C31T33,22623.8,2038459.9000000001,0.011098476845190821
CAN,2017,D,25195.3,2038459.9000000001,0.012359968425182166
CAN,2017,E,4215.099999999999,2038459.9000000001,0.0020677865676925994
CAN,2017,F,217147.80000000002,2038459.9000000001,0.1065254214713765
CAN,2017,G,199592.30000000002,2038459.9000000001,0.09791328247369498
CAN,2017,H49,34036.1,2038459.9000000001,0.016696968137563068
CAN,2017,H50,4476.7,2038459.9000000001,0.002196118746314313
CAN,2017,H51,15968.099999999999,2038459.9000000001,0.007833413843460937
CAN,2017,H52,9411.9,2038459.9000000001,0.004617162201719052
CAN,2017,H53,3202.8,2038459.9000000001,0.0015711861685383166
CAN,2017,I,59555.49999999999,2038459.9000000001,0.029215929143369457
CAN,2017,J58T60,20429.199999999997,2038459.9000000001,0.010021879753435423
CAN,2017,J61,29370.499999999996,2038459.9000000001,0.014408181392236362
CAN,2017,J62_63,24765.2,2038459.9000000001,0.012148975802761683
CAN,2017,K,93573.0,2038459.9000000001,0.045903772745296584
CAN,2017,L,212147.50000000003,2038459.9000000001,0.10407244214124596
CAN,2017,M,27230.4,2038459.9000000001,0.013358320171027156
CAN,2017,N,19905.199999999997,2038459.9000000001,0.009764822943046363
CAN,2017,O,183221.1,2038459.9000000001,0.08988212130147863
CAN,2017,P,101779.19999999998,2038459.9000000001,0.049929458999904766
CAN,2017,Q,140530.70000000004,2038459.9000000001,0.06893964409111017
CAN,2017,R,20125.100000000002,2038459.9000000001,0.009872698501452004
CAN,2017,S,22713.700000000004,2038459.9000000001,0.011142578767431237
CAN,2017,T,2595.7,2038459.9000000001,0.0012733632876467179
CAN,2017,employees_compensation,0.0,2038459.9000000001,0.0
CAN,2018,A01_02,36630.700000000004,2148019.3000000003,0.01705324528508659
CAN,2018,A03,1941.8,2148019.3000000003,0.0009039956019017147
CAN,2018,B05_06,75636.5,2148019.3000000003,0.03521220689218202
CAN,2018,B07_08,13012.8,2148019.3000000003,0.0060580461264942995
CAN,2018,B09,3539.5999999999995,2148019.3000000003,0.0016478436669540163
CAN,2018,C10T12,78867.8,2148019.3000000003,0.0367165229846864
CAN,2018,C13T15,14903.099999999999,2148019.3000000003,0.0069380661523851285
CAN,2018,C16,11490.5,2148019.3000000003,0.005349346721419123
CAN,2018,C17_18,19257.8,2148019.3000000003,0.008965375683542507
CAN,2018,C19,27505.7,2148019.3000000003,0.01280514565208981
CAN,2018,C20,23236.800000000003,2148019.3000000003,0.010817779896111735
CAN,2018,C21,12561.3,2148019.3000000003,0.005847852484379446
CAN,2018,C22,13776.3,2148019.3000000003,0.00641348986017025
CAN,2018,C23,5287.7,2148019.3000000003,0.0024616631703448843
CAN,2018,C24,37269.6,2148019.3000000003,0.017350682091171153
CAN,2018,C25,13439.5,2148019.3000000003,0.006256694248510709
CAN,2018,C26,25618.500000000004,2148019.3000000003,0.011926568816211288
CAN,2018,C27,9249.2,2148019.3000000003,0.0043059203425220615
CAN,2018,C28,36494.899999999994,2148019.3000000003,0.016990024251644288
CAN,2018,C29,96075.20000000001,2148019.3000000003,0.04472734486137997
CAN,2018,C30,25802.5,2148019.3000000003,0.012012229126619112
CAN,2018,C31T33,26703.699999999997,2148019.3000000003,0.012431778429551352
CAN,2018,D,27296.199999999997,2148019.3000000003,0.012707613939967855
CAN,2018,E,4253.2,2148019.3000000003,0.001980056696883496
CAN,2018,F,227990.0,2148019.3000000003,0.1061396422276094
CAN,2018,G,207073.4,2148019.3000000003,0.09640202022393372
CAN,2018,H49,35795.100000000006,2148019.3000000003,0.0166642357449954
CAN,2018,H50,5008.9,2148019.3000000003,0.0023318691782704183
CAN,2018,H51,16790.0,2148019.3000000003,0.007816503324714074
CAN,2018,H52,10054.2,2148019.3000000003,0.004680684200556298
CAN,2018,H53,3457.8999999999996,2148019.3000000003,0.0016098086269522808
CAN,2018,I,62828.799999999996,2148019.3000000003,0.029249644079082524
CAN,2018,J58T60,23122.3,2148019.3000000003,0.010764474974689471
CAN,2018,J61,31428.099999999995,2148019.3000000003,0.014631200008305322
CAN,2018,J62_63,32228.7,2148019.3000000003,0.015003915467612417
CAN,2018,K,90582.3,2148019.3000000003,0.042170151823123746
CAN,2018,L,219419.1,2148019.3000000003,0.10214950117068314
CAN,2018,M,29466.600000000006,2148019.3000000003,0.013718033166647992
CAN,2018,N,20547.4,2148019.3000000003,0.009565742728661702
CAN,2018,O,195221.60000000003,2148019.3000000003,0.09088447203430622
CAN,2018,P,105539.5,2148019.3000000003,0.049133403968949434
CAN,2018,Q,144980.50000000003,2148019.3000000003,0.067494970831966
CAN,2018,R,20375.9,2148019.3000000003,0.009485901732819626
CAN,2018,S,23582.6,2148019.3000000003,0.010978765414258613
CAN,2018,T,2675.5,2148019.3000000003,0.0012455660896529186
CAN,2018,employees_compensation,0.0,2148019.3000000003,0.0
CAN,2019,A01_02,36073.7,2160167.4,0.016699492826342994
CAN,2019,A03,1977.3,2160167.4,0.0009153457273727953
CAN,2019,B05_06,74912.79999999999,2160167.4,0.03467916421662506
CAN,2019,B07_08,13938.5,2160167.4,0.00645250918979705
CAN,2019,B09,3196.1,2160167.4,0.0014795612599282815
CAN,2019,C10T12,82073.0,2160167.4,0.037993814738617016
CAN,2019,C13T15,15380.8,2160167.4,0.007120188926098968
CAN,2019,C16,9375.4,2160167.4,0.004340126603151219
CAN,2019,C17_18,17442.0,2160167.4,0.00807437423599671
CAN,2019,C19,26340.6,2160167.4,0.012193777204488875
CAN,2019,C20,21675.800000000003,2160167.4,0.010034314933185273
CAN,2019,C21,12998.899999999998,2160167.4,0.006017542899684533
CAN,2019,C22,13513.7,2160167.4,0.006255857763615913
CAN,2019,C23,5456.5,2160167.4,0.0025259616453798908
CAN,2019,C24,36788.1,2160167.4,0.017030207936662687
CAN,2019,C25,13605.699999999999,2160167.4,0.006298447055538381
CAN,2019,C26,26160.5,2160167.4,0.012110404036279781
CAN,2019,C27,9441.4,2160167.4,0.004370679790834729
CAN,2019,C28,35648.6,2160167.4,0.016502702522036023
CAN,2019,C29,96944.5,2160167.4,0.044878234899758236
CAN,2019,C30,27382.2,2160167.4,0.012675962057384998
CAN,2019,C31T33,26005.400000000005,2160167.4,0.012038604045223535
CAN,2019,D,27271.699999999997,2160167.4,0.012624808614369423
CAN,2019,E,4339.5,2160167.4,0.002008872090190788
CAN,2019,F,225377.9,2160167.4,0.10433353452144496
CAN,2019,G,207568.2,2160167.4,0.09608894199588422
CAN,2019,H49,34817.3,2160167.4,0.016117871235349635
CAN,2019,H50,4986.2,2160167.4,0.0023082470367805754
CAN,2019,H51,16832.2,2160167.4,0.007792081298884522
CAN,2019,H52,9508.8,2160167.4,0.004401881076438798
CAN,2019,H53,3173.9,2160167.4,0.0014692842786165556
CAN,2019,I,63646.2,2160167.4,0.029463549908215446
CAN,2019,J58T60,23349.6,2160167.4,0.010809162289922531
CAN,2019,J61,31193.3,2160167.4,0.014440223475273259
CAN,2019,J62_63,33035.700000000004,2160167.4,0.015293120338729307
CAN,2019,K,90057.6,2160167.4,0.04169010235040118
CAN,2019,L,226518.30000000002,2160167.4,0.10486145657044914
CAN,2019,M,29820.600000000002,2160167.4,0.013804763464164862
CAN,2019,N,21559.399999999998,2160167.4,0.009980430220361625
CAN,2019,O,196638.8,2160167.4,0.09102942670091216
CAN,2019,P,107745.19999999998,2160167.4,0.04987817147874743
CAN,2019,Q,148615.69999999998,2160167.4,0.06879823295176105
CAN,2019,R,20864.799999999996,2160167.4,0.009658881066346986
CAN,2019,S,24214.499999999996,2160167.4,0.011209547926702345
CAN,2019,T,2700.5,2160167.4,0.0012501345960502877
CAN,2019,employees_compensation,0.0,2160167.4,0.0
CAN,2020,A01_02,33075.00000000001,2038643.7,0.016224021882784132
CAN,2020,A03,1657.4,2038643.7,0.0008129915001822046
CAN,2020,B05_06,60487.2,2038643.7,0.02967031463124233
CAN,2020,B07_08,12423.199999999999,2038643.7,0.006093855439280537
CAN,2020,B09,2833.2,2038643.7,0.0013897475071293723
CAN,2020,C10T12,80319.8,2038643.7,0.03939864528558865
CAN,2020,C13T15,13983.400000000001,2038643.7,0.006859168181276602
CAN,2020,C16,8419.2,2038643.7,0.004129804536221803
CAN,2020,C17_18,14815.800000000001,2038643.7,0.00726747886352088
CAN,2020,C19,18171.3,2038643.7,0.008913426117570225
CAN,2020,C20,17667.6,2038643.7,0.008666350083636488
CAN,2020,C21,11747.900000000001,2038643.7,0.005762605795215712
CAN,2020,C22,11983.099999999999,2038643.7,0.005877976617493287
CAN,2020,C23,4748.2,2038643.7,0.002329097526948922
CAN,2020,C24,31573.600000000002,2038643.7,0.01548755184635746
CAN,2020,C25,11096.5,2038643.7,0.005443079631815996
CAN,2020,C26,22201.0,2038643.7,0.010890083441260481
CAN,2020,C27,8144.799999999999,2038643.7,0.00399520524356463
CAN,2020,C28,28005.9,2038643.7,0.013737515780712443
CAN,2020,C29,82285.0,2038643.7,0.04036261952002697
CAN,2020,C30,23556.699999999997,2038643.7,0.011555084392628295
CAN,2020,C31T33,24414.7,2038643.7,0.01197595244328374
CAN,2020,D,26089.099999999995,2038643.7,0.01279728282092648
CAN,2020,E,4208.4,2038643.7,0.002064313641466628
CAN,2020,F,221291.0,2038643.7,0.10854814894824437
CAN,2020,G,195117.69999999998,2038643.7,0.09570956415777802
CAN,2020,H49,33733.3,2038643.7,0.016546932649388415
CAN,2020,H50,5366.3,2038643.7,0.002632289300970052
CAN,2020,H51,6921.700000000001,2038643.7,0.0033952475363890223
CAN,2020,H52,9348.0,2038643.7,0.004585401558889373
CAN,2020,H53,3469.3,2038643.7,0.0017017686808146026
CAN,2020,I,43421.99999999999,2038643.7,0.02129945512303106
CAN,2020,J58T60,22449.4,2038643.7,0.011011929156625066
CAN,2020,J61,30716.4,2038643.7,0.015067076213464864
CAN,2020,J62_63,35150.3,2038643.7,0.017242002611834527
CAN,2020,K,91583.99999999999,2038643.7,0.04492398549094184
CAN,2020,L,236845.0,2038643.7,0.11617773130243407
CAN,2020,M,29863.900000000005,2038643.7,0.014648906034929009
CAN,2020,N,21637.699999999997,2038643.7,0.0106137722839945
CAN,2020,O,202139.2,2038643.7,0.09915376581008246
CAN,2020,P,106803.3,2038643.7,0.05238939006359964
CAN,2020,Q,147805.09999999998,2038643.7,0.07250168334957206
CAN,2020,R,15238.0,2038643.7,0.007474577337864385
CAN,2020,S,23624.0,2038643.7,0.01158809653692796
CAN,2020,T,2210.1,2038643.7,0.0010841031220904368
CAN,2020,employees_compensation,0.0,2038643.7,0.0
USA,2010,A01_02,147921.4,16778104.200000003,0.008816335757409349
USA,2010,A03,4746.0,16778104.200000003,0.00028286866879751523
USA,2010,B05_06,79309.7,16778104.200000003,0.004726976245623744
USA,2010,B07_08,16631.1,16778104.200000003,0.0009912383307286883
USA,2010,B09,72862.2,16778104.200000003,0.004342695642574445
USA,2010,C10T12,559692.6,16778104.200000003,0.03335851257855461
USA,2010,C13T15,133937.49999999997,16778104.200000003,0.007982874489478969
USA,2010,C16,18467.9,16778104.200000003,0.0011007143464992902
USA,2010,C17_18,68903.59999999999,16778104.200000003,0.004106757186547928
USA,2010,C19,297496.0,16778104.200000003,0.01773120469713139
USA,2010,C20,213170.8,16778104.200000003,0.012705297181310863
USA,2010,C21,223474.40000000002,16778104.200000003,0.01331940708772091
USA,2010,C22,67321.8,16778104.200000003,0.004012479550579975
USA,2010,C23,25201.799999999996,16778104.200000003,0.0015020648161190935
USA,2010,C24,59361.100000000006,16778104.200000003,0.00353800997373708
USA,2010,C25,84679.5,16778104.200000003,0.005047024323522796
USA,2010,C26,413142.1,16778104.200000003,0.024623884502994083
USA,2010,C27,89797.1,16778104.200000003,0.005352040905789582
USA,2010,C28,268991.5,16778104.200000003,0.01603229404189777
USA,2010,C29,401879.20000000007,16778104.200000003,0.023952598887781375
USA,2010,C30,197810.59999999998,16778104.200000003,0.011789806383488782
USA,2010,C31T33,207937.7,16778104.200000003,0.01239339662701582
USA,2010,D,174064.7,16778104.200000003,0.010374515375819396
USA,2010,E,34372.100000000006,16778104.200000003,0.0020486283545670197
USA,2010,F,803347.4,16778104.200000003,0.04788070156341024
USA,2010,G,1557328.3000000003,16778104.200000003,0.09281908619926202
USA,2010,H49,178281.1,16778104.200000003,0.010625819095818941
USA,2010,H50,52475.49999999999,16778104.200000003,0.003127617958171936
USA,2010,H51,116623.0,16778104.200000003,0.006950904500879186
USA,2010,H52,30327.0,16778104.200000003,0.0018075343697054875
USA,2010,H53,24167.299999999996,16778104.200000003,0.0014404070753118812
USA,2010,I,528330.6,16778104.200000003,0.03148929066729719
USA,2010,J58T60,316473.89999999997,16778104.200000003,0.018862315803235975
USA,2010,J61,270642.0,16778104.200000003,0.016130666300189025
USA,2010,J62_63,235668.7,16778104.200000003,0.014046205530181412
USA,2010,K,850234.0,16778104.200000003,0.05067521275735073
USA,2010,L,1746403.0,16778104.200000003,0.10408821993130783
USA,2010,M,472030.49999999994,16778104.200000003,0.02813372085268131
USA,2010,N,154415.5,16778104.200000003,0.00920339378986572
USA,2010,O,2197703.7000000007,16778104.200000003,0.13098641382856593
USA,2010,P,1113781.9000000001,16778104.200000003,0.0663830601314301
USA,2010,Q,1753933.2000000002,16778104.200000003,0.1045370310669545
USA,2010,R,178415.3,16778104.200000003,0.010633817615699393
USA,2010,S,321028.4000000001,16778104.200000003,0.019133770786809157
USA,2010,T,15321.5,16778104.200000003,0.0009131842201814432
USA,2010,employees_compensation,0.0,16778104.200000003,0.0
USA,2011,A01_02,163964.30000000002,17586334.3,0.009323392652668953
USA,2011,A03,5603.300000000001,17586334.3,0.00031861671138595386
USA,2011,B05_06,107747.5,17586334.3,0.006126774241974918
USA,2011,B07_08,27748.199999999997,17586334.3,0.0015778273929433944
USA,2011,B09,86358.90000000001,17586334.3,0.004910568542985106
USA,2011,C10T12,584349.6,17586334.3,0.033227481636124705
USA,2011,C13T15,148841.99999999997,17586334.3,0.008463503391949052
USA,2011,C16,18728.8,17586334.3,0.0010649632652553408
USA,2011,C17_18,70326.2,17586334.3,0.0039989118141578826
USA,2011,C19,404045.4,17586334.3,0.022974964145882296
USA,2011,C20,227084.40000000002,17586334.3,0.012912548807854744
USA,2011,C21,227400.9,17586334.3,0.012930545736299348
USA,2011,C22,70023.3,17586334.3,0.003981688213444231
USA,2011,C23,24529.7,17586334.3,0.0013948159736733765
USA,2011,C24,73748.0,17586334.3,0.004193483345758985
USA,2011,C25,87902.2,17586334.3,0.004998324181748325
USA,2011,C26,413541.4,17586334.3,0.0235149288615536
USA,2011,C27,94721.79999999999,17586334.3,0.005386102548954729
USA,2011,C28,316863.0,17586334.3,0.01801756947154132
USA,2011,C29,458940.5,17586334.3,0.02609642761084099
USA,2011,C30,205406.9,17586334.3,0.011679915580815497
USA,2011,C31T33,206855.8,17586334.3,0.01176230341532857
USA,2011,D,168494.09999999998,17586334.3,0.009580967649409461
USA,2011,E,35146.5,17586334.3,0.0019985119923485134
USA,2011,F,793934.6000000001,17586334.3,0.045144973731108935
USA,2011,G,1651523.2,17586334.3,0.09390946241707687
USA,2011,H49,199149.89999999997,17586334.3,0.011324127962243954
USA,2011,H50,53297.4,17586334.3,0.0030306145152716674
USA,2011,H51,134282.30000000002,17586334.3,0.007635604879864021
USA,2011,H52,33978.3,17586334.3,0.0019320854147529768
USA,2011,H53,24088.4,17586334.3,0.0013697226260506149
USA,2011,I,560309.2999999999,17586334.3,0.031860494088298996
USA,2011,J58T60,331139.79999999993,17586334.3,0.018829381629575863
USA,2011,J61,280588.5,17586334.3,0.015954916767390234
USA,2011,J62_63,260803.3,17586334.3,0.014829884133386454
USA,2011,K,906989.7000000002,17586334.3,0.0515735504925549
USA,2011,L,1780201.9,17586334.3,0.10122643352685498
USA,2011,M,494579.70000000007,17586334.3,0.02812295567473661
USA,2011,N,162392.69999999998,17586334.3,0.009234027809877353
USA,2011,O,2212275.8000000007,17586334.3,0.125795163577665
USA,2011,P,1130100.0000000002,17586334.3,0.06426012270220521
USA,2011,Q,1826155.9000000001,17586334.3,0.10383948518481194
USA,2011,R,181192.1,17586334.3,0.010303005555853673
USA,2011,S,324650.39999999997,17586334.3,0.018460379204778336
USA,2011,T,16328.4,17586334.3,0.0009284709207421355
USA,2011,employees_compensation,0.0,17586334.3,0.0
USA,2012,A01_02,165492.6,18273083.0,0.009056632643763508
USA,2012,A03,5376.6,18273083.0,0.00029423606295664507
USA,2012,B05_06,107283.0,18273083.0,0.005871094658739306
USA,2012,B07_08,19100.9,18273083.0,0.0010453025359760037
USA,2012,B09,113339.3,18273083.0,0.0062025275099992705
USA,2012,C10T12,608195.6,18273083.0,0.03328368836282306
USA,2012,C13T15,151036.9,18273083.0,0.008265540084286817
USA,2012,C16,19492.5,18273083.0,0.0010667329645468145
USA,2012,C17_18,72176.0,18273083.0,0.0039498534538479355
USA,2012,C19,410406.0,18273083.0,0.02245959261499551
USA,2012,C20,232131.8,18273083.0,0.012703483041148557
USA,2012,C21,226347.9,18273083.0,0.012386957362367368
USA,2012,C22,74291.1,18273083.0,0.004065602941769597
USA,2012,C23,25147.700000000004,18273083.0,0.0013762154968595067
USA,2012,C24,79598.0,18273083.0,0.00435602465112209
USA,2012,C25,101109.50000000001,18273083.0,0.005533248001992877
USA,2012,C26,421743.1000000001,18273083.0,0.02308001884520527
USA,2012,C27,100924.40000000001,18273083.0,0.005523118348447277
USA,2012,C28,354604.7,18273083.0,0.019405849576669684
USA,2012,C29,497127.4,18273083.0,0.027205447487979997
USA,2012,C30,229877.9,18273083.0,0.012580137681200266
USA,2012,C31T33,219708.1,18273083.0,0.01202359229693205
USA,2012,D,155457.3,18273083.0,0.008507447812719943
USA,2012,E,35584.100000000006,18273083.0,0.001947350646850343
USA,2012,F,841589.1000000001,18273083.0,0.04605621831849612
USA,2012,G,1770432.2999999996,18273083.0,0.09688744367877054
USA,2012,H49,213808.99999999997,18273083.0,0.011700762263269968
USA,2012,H50,54465.2,18273083.0,0.0029806245612740883
USA,2012,H51,142774.4,18273083.0,0.00781337227002143
USA,2012,H52,37507.899999999994,18273083.0,0.0020526311843491324
USA,2012,H53,23410.5,18273083.0,0.0012811467008604952
USA,2012,I,590140.3999999999,18273083.0,0.03229561207596988
USA,2012,J58T60,345073.99999999994,18273083.0,0.018884279133411692
USA,2012,J61,290474.9,18273083.0,0.015896326854094627
USA,2012,J62_63,286078.7,18273083.0,0.01565574347798891
USA,2012,K,928806.0000000001,18273083.0,0.050829189579010836
USA,2012,L,1832849.6,18273083.0,0.10030324932032543
USA,2012,M,500517.49999999994,18273083.0,0.027390971736953196
USA,2012,N,168769.9,18273083.0,0.009235983878582503
USA,2012,O,2204591.3,18273083.0,0.12064692641083061
USA,2012,P,1148548.2,18273083.0,0.06285464800876786
USA,2012,Q,1911734.2,18273083.0,0.10462023294044032
USA,2012,R,191868.09999999998,18273083.0,0.010500039867383078
USA,2012,S,346759.4000000001,18273083.0,0.01897651315872642
USA,2012,T,17330.0,18273083.0,0.0009483894972731203
USA,2012,employees_compensation,0.0,18273083.0,0.0
USA,2013,A01_02,176668.7,18829698.5,0.009382449750855013
USA,2013,A03,5659.0,18829698.5,0.00030053587953094416
USA,2013,B05_06,119663.0,18829698.5,0.00635501412834624
USA,2013,B07_08,22941.6,18829698.5,0.0012183731991247762
USA,2013,B09,109829.50000000001,18829698.5,0.005832780593911263
USA,2013,C10T12,622318.6,18829698.5,0.03304984410663824
USA,2013,C13T15,155757.30000000002,18829698.5,0.00827189559089329
USA,2013,C16,21299.9,18829698.5,0.0011311864605798123
USA,2013,C17_18,72202.5,18829698.5,0.0038345011206631905
USA,2013,C19,404147.4,18829698.5,0.021463296398505798
USA,2013,C20,239560.3,18829698.5,0.012722471366177211
USA,2013,C21,244917.5,18829698.5,0.01300697937356777
USA,2013,C22,76990.90000000001,18829698.5,0.00408880152807545
USA,2013,C23,26760.899999999998,18829698.5,0.0014212070363208416
USA,2013,C24,75287.8,18829698.5,0.003998353983203714
USA,2013,C25,104769.7,18829698.5,0.005564066785243534
USA,2013,C26,414203.9,18829698.5,0.021997372926603153
USA,2013,C27,103701.20000000001,18829698.5,0.005507321320094425
USA,2013,C28,344362.8,18829698.5,0.018288280080533417
USA,2013,C29,537550.5,18829698.5,0.028548014191517725
USA,2013,C30,239966.6,18829698.5,0.012744048981984496
USA,2013,C31T33,224363.69999999998,18829698.5,0.011915416489541773
USA,2013,D,165882.19999999998,18829698.5,0.008809604678481707
USA,2013,E,36213.299999999996,18829698.5,0.0019232012663399785
USA,2013,F,907774.3,18829698.5,0.04820970978372278
USA,2013,G,1842207.9,18829698.5,0.09783523087212469
USA,2013,H49,225876.2,18829698.5,0.011995741726825845
USA,2013,H50,54720.899999999994,18829698.5,0.002906095389684545
USA,2013,H51,145867.09999999998,18829698.5,0.007746650855827563
USA,2013,H52,38946.3,18829698.5,0.00206834432319774
USA,2013,H53,23305.199999999997,18829698.5,0.001237683120629892
USA,2013,I,613232.7000000002,18829698.5,0.03256731381014944
USA,2013,J58T60,359520.5,18829698.5,0.019093269071727304
USA,2013,J61,298048.8,18829698.5,0.015828654930401566
USA,2013,J62_63,299347.80000000005,18829698.5,0.0158976416961748
USA,2013,K,973624.2000000001,18829698.5,0.05170683959703338
USA,2013,L,1905215.1999999997,18829698.5,0.10118139703617664
USA,2013,M,509454.50000000006,18829698.5,0.027055903205247818
USA,2013,N,176616.1,18829698.5,0.009379656291363348
USA,2013,O,2215788.0,18829698.5,0.11767517148508777
USA,2013,P,1184293.8,18829698.5,0.0628949953712748
USA,2013,Q,1943091.3,18829698.5,0.10319290561131396
USA,2013,R,198877.6,18829698.5,0.010561911015197614
USA,2013,S,350638.9,18829698.5,0.018621588656876267
USA,2013,T,18232.4,18829698.5,0.0009682789132284832
USA,2013,employees_compensation,0.0,18829698.5,0.0
USA,2014,A01_02,177765.6,19614114.6,0.009063146801436554
USA,2014,A03,5809.7,19614114.6,0.00029619996204162077
USA,2014,B05_06,136926.9,19614114.6,0.006981039052356714
USA,2014,B07_08,25124.800000000003,19614114.6,0.0012809550934305238
USA,2014,B09,137913.0,19614114.6,0.007031314072163114
USA,2014,C10T12,643381.8,19614114.6,0.032801980263743334
USA,2014,C13T15,159960.39999999997,19614114.6,0.008155371948321336
USA,2014,C16,23027.0,19614114.6,0.0011740015019592064
USA,2014,C17_18,71414.6,19614114.6,0.003640980052191599
USA,2014,C19,384650.1,19614114.6,0.01961088266507834
USA,2014,C20,240030.0,19614114.6,0.012237615864648816
USA,2014,C21,263107.89999999997,19614114.6,0.013414212436588902
USA,2014,C22,77837.1,19614114.6,0.003968422821390062
USA,2014,C23,28075.699999999997,19614114.6,0.0014314028735204797
USA,2014,C24,66931.7,19614114.6,0.003412425254209537
USA,2014,C25,107453.70000000001,19614114.6,0.005478386467671602
USA,2014,C26,416870.6,19614114.6,0.021253602749929885
USA,2014,C27,103832.70000000001,19614114.6,0.005293774514807822
USA,2014,C28,358193.8,19614114.6,0.018262042784230492
USA,2014,C29,597644.0999999999,19614114.6,0.03047010340196543
USA,2014,C30,255935.6,19614114.6,0.013048542094273273
USA,2014,C31T33,224728.2,19614114.6,0.011457473588942934
USA,2014,D,178144.1,19614114.6,0.009082444129290445
USA,2014,E,37551.9,19614114.6,0.0019145345464638
USA,2014,F,1000837.6,19614114.6,0.05102639708243572
USA,2014,G,1928328.2000000002,19614114.6,0.09831329322405408
USA,2014,H49,244607.30000000002,19614114.6,0.012470983523263396
USA,2014,H50,56925.2,19614114.6,0.0029022569287935123
USA,2014,H51,152316.1,19614114.6,0.007765637302843127
USA,2014,H52,41443.100000000006,19614114.6,0.002112922293214296
USA,2014,H53,23416.1,19614114.6,0.001193839256960393
USA,2014,I,653847.6999999998,19614114.6,0.033335570497788354
USA,2014,J58T60,376390.4,19614114.6,0.01918977265484112
USA,2014,J61,312819.0,19614114.6,0.01594866790469349
USA,2014,J62_63,310916.80000000005,19614114.6,0.015851686723600565
USA,2014,K,1034955.9,19614114.6,0.05276587402013038
USA,2014,L,1960573.7000000002,19614114.6,0.09995728790123415
USA,2014,M,529851.7,19614114.6,0.027013796483069386
USA,2014,N,180934.2,19614114.6,0.009224693731523318
USA,2014,O,2245629.2,19614114.6,0.11449047004140579
USA,2014,P,1217309.6,19614114.6,0.06206293910406743
USA,2014,Q,2016327.0999999999,19614114.6,0.10279980213840495
USA,2014,R,208604.9,19614114.6,0.010635448209321668
USA,2014,S,374924.89999999997,19614114.6,0.019115056052542892
USA,2014,T,20844.9,19614114.6,0.0010627499851560977
USA,2014,employees_compensation,0.0,19614114.6,0.0
USA,2015,A01_02,168060.9,20152840.599999998,0.008339315699246884
USA,2015,A03,6369.5,20152840.599999998,0.00031605966257679827
USA,2015,B05_06,85031.59999999999,20152840.599999998,0.004219335709924684
USA,2015,B07_08,23779.6,20152840.599999998,0.0011799626897262315
USA,2015,B09,109017.09999999999,20152840.599999998,0.00540951532162667
USA,2015,C10T12,655405.6000000001,20152840.599999998,0.0325217478274502
USA,2015,C13T15,165250.0,20152840.599999998,0.008199836602687168
USA,2015,C16,25082.600000000002,20152840.599999998,0.0012446185874164064
USA,2015,C17_18,73667.29999999999,20152840.599999998,0.0036554300935620954
USA,2015,C19,258581.5,20152840.599999998,0.012831019960531025
USA,2015,C20,227059.19999999998,20152840.599999998,0.011266858330631565
USA,2015,C21,291816.89999999997,20152840.599999998,0.01448018697671831
USA,2015,C22,79752.4,20152840.599999998,0.003957377601646887
USA,2015,C23,29658.0,20152840.599999998,0.0014716535791981604
USA,2015,C24,66579.29999999999,20152840.599999998,0.0033037178887823882
USA,2015,C25,109661.5,20152840.599999998,0.005441490962817421
USA,2015,C26,423539.6,20152840.599999998,0.021016372252753292
USA,2015,C27,104439.20000000001,20152840.599999998,0.005182356277853953
USA,2015,C28,325677.7,20152840.599999998,0.016160386838965028
USA,2015,C29,643894.4,20152840.599999998,0.03195055291609859
USA,2015,C30,268397.9,20152840.599999998,0.013318117546168655
USA,2015,C31T33,238161.19999999995,20152840.599999998,0.011817748412102261
USA,2015,D,172640.5,20152840.599999998,0.008566559098373458
USA,2015,E,37441.200000000004,20152840.599999998,0.0018578621616249973
USA,2015,F,1119618.7,20152840.599999998,0.055556371541985006
USA,2015,G,2043175.0999999999,20152840.599999998,0.10138397561681702
USA,2015,H49,254868.10000000003,20152840.599999998,0.012646758095233485
USA,2015,H50,56757.4,20152840.599999998,0.0028163473887646393
USA,2015,H51,151648.30000000002,20152840.599999998,0.0075249094164918885
USA,2015,H52,43677.899999999994,20152840.599999998,0.002167332182441814
USA,2015,H53,22388.8,20152840.599999998,0.0011109500861134188
USA,2015,I,697980.8,20152840.599999998,0.03463436315771783
USA,2015,J58T60,379139.60000000003,20152840.599999998,0.018813208893241586
USA,2015,J61,316645.0,20152840.599999998,0.015712177071454635
USA,2015,J62_63,327133.4,20152840.599999998,0.01623261983226325
USA,2015,K,1080866.3,20152840.599999998,0.05363344659213948
USA,2015,L,2029412.2999999998,20152840.599999998,0.10070105452032405
USA,2015,M,559912.1,20152840.599999998,0.027783284307821104
USA,2015,N,186569.8,20152840.599999998,0.009257742057464595
USA,2015,O,2283650.9,20152840.599999998,0.11331657632423293
USA,2015,P,1254250.1999999997,20152840.599999998,0.062236893790545825
USA,2015,Q,2128975.6999999997,20152840.599999998,0.10564146971916206
USA,2015,R,219340.9,20152840.599999998,0.01088387013789014
USA,2015,S,386550.89999999997,20152840.599999998,0.01918096350149269
USA,2015,T,21313.7,20152840.599999998,0.0010576027679194764
USA,2015,employees_compensation,0.0,20152840.599999998,0.0
USA,2016,A01_02,170265.09999999998,20570430.6,0.008277177241005348
USA,2016,A03,6569.7,20570430.6,0.0003193759103905195
USA,2016,B05_06,75828.4,20570430.6,0.00368628160851431
USA,2016,B07_08,17831.6,20570430.6,0.0008668559422377865
USA,2016,B09,53595.100000000006,20570430.6,0.0026054437577014066
USA,2016,C10T12,657934.6,20570430.6,0.031984483591704686
USA,2016,C13T15,161041.3,20570430.6,0.007828776321289064
USA,2016,C16,26429.6,20570430.6,0.0012848345527584628
USA,2016,C17_18,70855.0,20570430.6,0.003444507379442023
USA,2016,C19,214117.69999999998,20570430.6,0.010409004272375318
USA,2016,C20,222582.30000000002,20570430.6,0.010820497846068424
USA,2016,C21,302553.7,20570430.6,0.014708185058605433
USA,2016,C22,78561.6,20570430.6,0.003819151943275315
USA,2016,C23,28785.4,20570430.6,0.0013993581641407156
USA,2016,C24,58786.5,20570430.6,0.002857815723118601
USA,2016,C25,106668.40000000001,20570430.6,0.005185521007032298
USA,2016,C26,418246.2,20570430.6,0.020332398875500448
USA,2016,C27,98096.7,20570430.6,0.004768820930758737
USA,2016,C28,302548.29999999993,20570430.6,0.01470792254587028
USA,2016,C29,650264.6,20570430.6,0.03161161828085407
USA,2016,C30,247294.59999999998,20570430.6,0.012021848487702536
USA,2016,C31T33,235627.1,20570430.6,0.011454650832637407
USA,2016,D,167792.80000000002,20570430.6,0.008156990160429603
USA,2016,E,39208.799999999996,20570430.6,0.0019060758018356696
USA,2016,F,1222489.6,20570430.6,0.05942946084949724
USA,2016,G,2100774.2,20570430.6,0.1021259224393679
USA,2016,H49,251361.7,20570430.6,0.012219564329392307
USA,2016,H50,56401.8,20570430.6,0.002741887182468606
USA,2016,H51,150599.9,20570430.6,0.007321183641143612
USA,2016,H52,42889.3,20570430.6,0.0020849976762275456
USA,2016,H53,22264.0,20570430.6,0.001082330284325696
USA,2016,I,728940.1999999998,20570430.6,0.03543631215964919
USA,2016,J58T60,396078.6,20570430.6,0.019254754929631853
USA,2016,J61,328010.19999999995,20570430.6,0.01594571384422064
USA,2016,J62_63,352009.8,20570430.6,0.01711241766616203
USA,2016,K,1103325.2,20570430.6,0.05363646592794221
USA,2016,L,2116217.4000000004,20570430.6,0.10287666997111865
USA,2016,M,567382.9,20570430.6,0.02758245128811256
USA,2016,N,194976.69999999998,20570430.6,0.00947849385321083
USA,2016,O,2331446.8000000003,20570430.6,0.11333971783750604
USA,2016,P,1295249.4,20570430.6,0.06296656716558961
USA,2016,Q,2240215.8000000003,20570430.6,0.10890466240410156
USA,2016,R,229583.7,20570430.6,0.011160860191230026
USA,2016,S,408681.1,20570430.6,0.01986740617865335
USA,2016,T,20047.2,20570430.6,0.0009745639452000581
USA,2016,employees_compensation,0.0,20570430.6,0.0
USA,2017,A01_02,178280.0,21496544.6,0.0082934259118091
USA,2017,A03,5960.799999999999,21496544.6,0.0002772910768179924
USA,2017,B05_06,114977.0,21496544.6,0.005348627053298602
USA,2017,B07_08,23437.0,21496544.6,0.0010902682471116776
USA,2017,B09,76805.6,21496544.6,0.003572927716019997
USA,2017,C10T12,664995.0,21496544.6,0.030934971753553357
USA,2017,C13T15,161469.50000000006,21496544.6,0.0075114165092374915
USA,2017,C16,25918.1,21496544.6,0.0012056867967515112
USA,2017,C17_18,69108.1,21496544.6,0.003214846910791421
USA,2017,C19,260837.7,21496544.6,0.012133936167582952
USA,2017,C20,228214.1,21496544.6,0.010616315517052912
USA,2017,C21,304987.70000000007,21496544.6,0.014187754621735814
USA,2017,C22,78901.1,21496544.6,0.0036704084990477957
USA,2017,C23,27383.7,21496544.6,0.0012738651959906151
USA,2017,C24,64220.6,21496544.6,0.002987484788601792
USA,2017,C25,103987.5,21496544.6,0.0048374053567660355
USA,2017,C26,433919.8,21496544.6,0.020185560427232567
USA,2017,C27,100233.0,21496544.6,0.004662749379730545
USA,2017,C28,320037.8,21496544.6,0.014887871793125299
USA,2017,C29,649212.9999999999,21496544.6,0.030200807249738167
USA,2017,C30,260637.4,21496544.6,0.012124618390994801
USA,2017,C31T33,246672.09999999995,21496544.6,0.011474965143932944
USA,2017,D,171548.09999999995,21496544.6,0.007980263953677465
USA,2017,E,41859.4,21496544.6,0.0019472617938791892
USA,2017,F,1286528.0000000002,21496544.6,0.05984813019670148
USA,2017,G,2195994.4000000004,21496544.6,0.10215569250138928
USA,2017,H49,266664.5,21496544.6,0.012404993684426845
USA,2017,H50,59813.700000000004,21496544.6,0.002782479747931209
USA,2017,H51,157274.3,21496544.6,0.007316259562943897
USA,2017,H52,45180.4,21496544.6,0.002101751739207426
USA,2017,H53,23387.1,21496544.6,0.0010879469438078897
USA,2017,I,763373.7000000001,21496544.6,0.03551146075820948
USA,2017,J58T60,424139.60000000003,21496544.6,0.019730594283511035
USA,2017,J61,320173.30000000005,21496544.6,0.014894175131755828
USA,2017,J62_63,390950.0,21496544.6,0.018186643819956067
USA,2017,K,1196781.1,21496544.6,0.05567318479640677
USA,2017,L,2200179.4000000004,21496544.6,0.10235037495281916
USA,2017,M,617339.6,21496544.6,0.02871808523124223
USA,2017,N,204672.39999999997,21496544.6,0.009521176719722664
USA,2017,O,2393937.0,21496544.6,0.11136380495309929
USA,2017,P,1327716.7,21496544.6,0.061764191627337164
USA,2017,Q,2329568.6999999997,21496544.6,0.1083694492927947
USA,2017,R,243109.59999999998,21496544.6,0.011309240834920044
USA,2017,S,417472.89999999997,21496544.6,0.019420465370978735
USA,2017,T,18684.1,21496544.6,0.0008691675963587188
USA,2017,employees_compensation,0.0,21496544.6,0.0
USA,2018,A01_02,178682.7,22679128.8,0.007878728569150329
USA,2018,A03,6581.1,22679128.8,0.000290183104388031
USA,2018,B05_06,147173.1,22679128.8,0.00648936303055874
USA,2018,B07_08,25262.9,22679128.8,0.0011139272686700383
USA,2018,B09,89225.20000000001,22679128.8,0.003934242835641906
USA,2018,C10T12,683439.2000000001,22679128.8,0.030135161100191824
USA,2018,C13T15,163916.90000000002,22679128.8,0.007227654176910007
USA,2018,C16,27935.200000000004,22679128.8,0.0012317580735288212
USA,2018,C17_18,67374.29999999999,22679128.8,0.0029707622631430174
USA,2018,C19,321892.8,22679128.8,0.014193349437655647
USA,2018,C20,249974.5,22679128.8,0.011022226744441787
USA,2018,C21,322841.20000000007,22679128.8,0.014235167622488217
USA,2018,C22,84767.6,22679128.8,0.0037376920757202984
USA,2018,C23,28377.300000000003,22679128.8,0.0012512517676604932
USA,2018,C24,68158.0,22679128.8,0.0030053182642536076
USA,2018,C25,111530.5,22679128.8,0.004917759451147877
USA,2018,C26,458862.7,22679128.8,0.020232818643368698
USA,2018,C27,105678.0,22679128.8,0.004659702801282208
USA,2018,C28,346412.5,22679128.8,0.015274506488097549
USA,2018,C29,672654.0,22679128.8,0.029659604913924206
USA,2018,C30,258755.8,22679128.8,0.011409424157421778
USA,2018,C31T33,262697.49999999994,22679128.8,0.01158322712995924
USA,2018,D,187983.90000000002,22679128.8,0.008288850143132484
USA,2018,E,44190.8,22679128.8,0.0019485228198007323
USA,2018,F,1356981.2000000002,22679128.8,0.059833920957316496
USA,2018,G,2307673.3000000003,22679128.8,0.10175317228234976
USA,2018,H49,292337.0,22679128.8,0.01289013359278598
USA,2018,H50,63365.6,22679128.8,0.0027940050325037176
USA,2018,H51,172020.2,22679128.8,0.0075849562616355885
USA,2018,H52,48358.9,22679128.8,0.002132308539118134
USA,2018,H53,25290.1,22679128.8,0.0011151266092725748
USA,2018,I,803860.5999999999,22679128.8,0.03544495060145343
USA,2018,J58T60,457013.80000000005,22679128.8,0.020151294347779358
USA,2018,J61,320373.2,22679128.8,0.014126345100169808
USA,2018,J62_63,441183.60000000003,22679128.8,0.019453286935783885
USA,2018,K,1267287.0,22679128.8,0.05587899831496173
USA,2018,L,2278599.6999999997,22679128.8,0.10047121827713239
USA,2018,M,656288.3999999999,22679128.8,0.028937989893156737
USA,2018,N,217074.59999999998,22679128.8,0.00957155814556686
USA,2018,O,2517090.9,22679128.8,0.11098710722962161
USA,2018,P,1386255.2000000002,22679128.8,0.06112471128079665
USA,2018,Q,2434543.2,22679128.8,0.10734729810256204
USA,2018,R,257528.5,22679128.8,0.011355308322072759
USA,2018,S,439679.6,22679128.8,0.019386970455408322
USA,2018,T,21956.5,22679128.8,0.000968136836014618
USA,2018,employees_compensation,0.0,22679128.8,0.0
USA,2019,A01_02,178617.40000000002,23468111.799999997,0.007611068224074168
USA,2019,A03,6447.700000000001,23468111.799999997,0.00027474302385077274
USA,2019,B05_06,142169.8,23468111.799999997,0.0060579990930501705
USA,2019,B07_08,28956.6,23468111.799999997,0.0012338700380658662
USA,2019,B09,91030.6,23468111.799999997,0.00387890601407481
USA,2019,C10T12,701307.7,23468111.799999997,0.029883431013823618
USA,2019,C13T15,169457.59999999998,23468111.799999997,0.007220759873830156
USA,2019,C16,26709.7,23468111.799999997,0.0011381273545833374
USA,2019,C17_18,69508.6,23468111.799999997,0.0029618318078747184
USA,2019,C19,299575.1,23468111.799999997,0.012765198263628522
USA,2019,C20,241245.9,23468111.799999997,0.010279732006390051
USA,2019,C21,338374.7,23468111.799999997,0.014418488495525237
USA,2019,C22,87509.7,23468111.799999997,0.0037288769009528925
USA,2019,C23,28052.8,23468111.799999997,0.0011953582051709845
USA,2019,C24,60266.8,23468111.799999997,0.002568029354624091
USA,2019,C25,113524.20000000001,23468111.799999997,0.004837381079802084
USA,2019,C26,456278.6,23468111.799999997,0.019442493025791707
USA,2019,C27,109788.20000000001,23468111.799999997,0.004678186337939639
USA,2019,C28,354781.2,23468111.799999997,0.015117586068428397
USA,2019,C29,679282.2999999999,23468111.799999997,0.028944906424043883
USA,2019,C30,246542.0,23468111.799999997,0.010505404188503995
USA,2019,C31T33,261626.40000000002,23468111.799999997,0.0111481657420773
USA,2019,D,186731.9,23468111.799999997,0.007956835283186268
USA,2019,E,46194.299999999996,23468111.799999997,0.001968385884372683
USA,2019,F,1426572.4,23468111.799999997,0.06078769404873894
USA,2019,G,2369793.6999999997,23468111.799999997,0.10097930844184917
USA,2019,H49,299376.3,23468111.799999997,0.01275672719438809
USA,2019,H50,65477.6,23468111.799999997,0.002790066817390908
USA,2019,H51,185663.0,23468111.799999997,0.00791128837216465
USA,2019,H52,49414.5,23468111.799999997,0.002105601866103263
USA,2019,H53,25185.3,23468111.799999997,0.0010731711274700848
USA,2019,I,844760.7,23468111.799999997,0.03599610855782612
USA,2019,J58T60,487064.7,23468111.799999997,0.020754319910816176
USA,2019,J61,324632.3,23468111.799999997,0.013832910920426074
USA,2019,J62_63,482290.0,23468111.799999997,0.02055086511050284
USA,2019,K,1280049.5999999999,23468111.799999997,0.05454420921925214
USA,2019,L,2387159.0,23468111.799999997,0.10171926145332238
USA,2019,M,713684.4,23468111.799999997,0.030410814729457704
USA,2019,N,234458.0,23468111.799999997,0.009990492716163046
USA,2019,O,2630296.4999999995,23468111.799999997,0.11207959645053335
USA,2019,P,1440500.7999999998,23468111.799999997,0.0613811972721214
USA,2019,Q,2558157.8,23468111.799999997,0.10900569341927202
USA,2019,R,268432.6,23468111.799999997,0.011438184813828951
USA,2019,S,448189.89999999997,23468111.799999997,0.01909782533079632
USA,2019,T,22972.9,23468111.799999997,0.0009788985239110718
USA,2019,employees_compensation,0.0,23468111.799999997,0.0
USA,2020,A01_02,202276.5,23015653.2,0.008788649109467812
USA,2020,A03,6199.499999999999,23015653.2,0.0002693601587636018
USA,2020,B05_06,103568.1,23015653.2,0.004499898356132686
USA,2020,B07_08,25797.800000000003,23015653.2,0.001120880636140277
USA,2020,B09,51459.799999999996,23015653.2,0.0022358609400666496
USA,2020,C10T12,745555.0000000001,23015653.2,0.03239338868731304
USA,2020,C13T15,155222.19999999998,23015653.2,0.006744201376826446
USA,2020,C16,28753.899999999998,23015653.2,0.0012493193110852052
USA,2020,C17_18,67495.7,23015653.2,0.0029325998012517847
USA,2020,C19,181938.9,23015653.2,0.007905007014964929
USA,2020,C20,225884.8,23015653.2,0.009814398837048864
USA,2020,C21,338220.30000000005,23015653.2,0.014695229245112195
USA,2020,C22,85606.4,23015653.2,0.003719486006158626
USA,2020,C23,29145.4,23015653.2,0.0012663294735428148
USA,2020,C24,55743.8,23015653.2,0.0024219951315568138
USA,2020,C25,107684.70000000001,23015653.2,0.0046787592367789075
USA,2020,C26,463764.30000000005,23015653.2,0.02014995168592478
USA,2020,C27,109391.9,23015653.2,0.004752934841753698
USA,2020,C28,313093.6,23015653.2,0.013603507025383923
USA,2020,C29,601427.9,23015653.2,0.026131254880048332
USA,2020,C30,196181.09999999998,23015653.2,0.008523811959418991
USA,2020,C31T33,266284.4,23015653.2,0.01156970856686353
USA,2020,D,186149.09999999998,23015653.2,0.008087934693072278
USA,2020,E,47250.00000000001,23015653.2,0.00205295064143563
USA,2020,F,1490964.4,23015653.2,0.06478045124524208
USA,2020,G,2388135.9,23015653.2,0.10376137836487734
USA,2020,H49,262235.5,23015653.2,0.011393789162586097
USA,2020,H50,48425.799999999996,23015653.2,0.002104037612106529
USA,2020,H51,86223.69999999998,23015653.2,0.0037463068830043017
USA,2020,H52,47655.4,23015653.2,0.002070564740695693
USA,2020,H53,26278.300000000003,23015653.2,0.0011417577320812257
USA,2020,I,667402.6000000001,23015653.2,0.028997769222556764
USA,2020,J58T60,526441.7000000001,23015653.2,0.022873202660179122
USA,2020,J61,321278.00000000006,23015653.2,0.013959108490564155
USA,2020,J62_63,535287.6,23015653.2,0.023257545434339444
USA,2020,K,1317479.5999999996,23015653.2,0.057242763807372615
USA,2020,L,2506496.9,23015653.2,0.10890400885950088
USA,2020,M,737438.3,23015653.2,0.032040728698501594
USA,2020,N,212626.59999999998,23015653.2,0.009238347404365651
USA,2020,O,2716493.1,23015653.2,0.11802806882752301
USA,2020,P,1432488.4,23015653.2,0.06223974560061584
USA,2020,Q,2489585.8000000003,23015653.2,0.10816924370410658
USA,2020,R,169962.49999999997,23015653.2,0.00738464811417996
USA,2020,S,416186.39999999997,23015653.2,0.018082754218767948
USA,2020,T,22471.6,23015653.2,0.0009763616007213734
USA,2020,employees_compensation,0.0,23015653.2,0.0
GBR,2010,A01_02,26463.0,2904717.3,0.009110353010945335
GBR,2010,A03,1158.2,2904717.3,0.0003987307129681777
GBR,2010,B05_06,28685.6,2904717.3,0.009875522137730925
GBR,2010,B07_08,2317.5,2904717.3,0.0007978401202760765
GBR,2010,B09,1283.6000000000001,2904717.3,0.00044190186769638487
GBR,2010,C10T12,101297.2,2904717.3,0.03487334206327067
GBR,2010,C13T15,27547.6,2904717.3,0.009483745629910353
GBR,2010,C16,2680.6,2904717.3,0.0009228436791422009
GBR,2010,C17_18,8838.9,2904717.3,0.0030429467266917852
GBR,2010,C19,37918.9,2904717.3,0.01305424799859181
GBR,2010,C20,37594.799999999996,2904717.3,0.012942670875406704
GBR,2010,C21,33756.8,2904717.3,0.01162137189736158
GBR,2010,C22,13673.1,2904717.3,0.004707205069491616
GBR,2010,C23,6641.5,2904717.3,0.0022864531429616234
GBR,2010,C24,11684.099999999999,2904717.3,0.004022456849759527
GBR,2010,C25,19304.3,2904717.3,0.006645844674798474
GBR,2010,C26,32591.9,2904717.3,0.01122033459159692
GBR,2010,C27,17937.9,2904717.3,0.0061754374513485364
GBR,2010,C28,36795.9,2904717.3,0.012667635504494706
GBR,2010,C29,73555.3,2904717.3,0.025322705242262305
GBR,2010,C30,47432.7,2904717.3,0.016329540916081575
GBR,2010,C31T33,35313.2,2904717.3,0.012157189961308799
GBR,2010,D,41062.7,2904717.3,0.014136556421514755
GBR,2010,E,24340.6,2904717.3,0.00837967949583252
GBR,2010,F,160981.7,2904717.3,0.055420780535166025
GBR,2010,G,303134.30000000005,2904717.3,0.10435931235029311
GBR,2010,H49,35662.7,2904717.3,0.012277511481065644
GBR,2010,H50,16994.3,2904717.3,0.005850586561384132
GBR,2010,H51,22339.5,2904717.3,0.0076907656383635
GBR,2010,H52,13207.7,2904717.3,0.004546982937031429
GBR,2010,H53,3053.4,2904717.3,0.0010511866335495025
GBR,2010,I,93172.30000000002,2904717.3,0.03207620238981605
GBR,2010,J58T60,58498.59999999999,2904717.3,0.020139171546917835
GBR,2010,J61,36881.799999999996,2904717.3,0.012697208089751109
GBR,2010,J62_63,46122.0,2904717.3,0.01587830939692479
GBR,2010,K,208803.59999999998,2904717.3,0.07188431039399255
GBR,2010,L,337472.0,2904717.3,0.11618066928578558
GBR,2010,M,101124.2,2904717.3,0.03481378377165999
GBR,2010,N,60233.8,2904717.3,0.02073654465444882
GBR,2010,O,208281.80000000002,2904717.3,0.07170467156993214
GBR,2010,P,173812.1,2904717.3,0.059837871313673116
GBR,2010,Q,251601.69999999998,2904717.3,0.0866183087765546
GBR,2010,R,51886.6,2904717.3,0.01786287429761237
GBR,2010,S,48239.700000000004,2904717.3,0.01660736485440425
GBR,2010,T,3337.6,2904717.3,0.0011490274802301759
GBR,2010,employees_compensation,0.0,2904717.3,0.0
GBR,2011,A01_02,31118.899999999998,3126232.9,0.009954120820620882
GBR,2011,A03,1354.8000000000002,3126232.9,0.00043336502536327356
GBR,2011,B05_06,32580.0,3126232.9,0.01042148843101229
GBR,2011,B07_08,2973.8999999999996,3126232.9,0.0009512726962856797
GBR,2011,B09,1446.3000000000002,3126232.9,0.0004626334781391368
GBR,2011,C10T12,109541.8,3126232.9,0.03503955191566182
GBR,2011,C13T15,30896.5,3126232.9,0.009882980887316489
GBR,2011,C16,2778.6,3126232.9,0.0008888013429837553
GBR,2011,C17_18,9105.7,3126232.9,0.0029126748682095954
GBR,2011,C19,50818.0,3126232.9,0.016255346810533533
GBR,2011,C20,41233.5,3126232.9,0.013189516366486962
GBR,2011,C21,35867.9,3126232.9,0.01147320150075831
GBR,2011,C22,15663.3,3126232.9,0.005010279304526544
GBR,2011,C23,6933.799999999999,3126232.9,0.0022179409601888584
GBR,2011,C24,15093.9,3126232.9,0.004828143162334451
GBR,2011,C25,21847.699999999997,3126232.9,0.006988506838374069
GBR,2011,C26,34146.600000000006,3126232.9,0.01092260272739117
GBR,2011,C27,20470.1,3126232.9,0.006547848690351892
GBR,2011,C28,44799.5,3126232.9,0.014330186340243557
GBR,2011,C29,84192.59999999998,3126232.9,0.026931006963684626
GBR,2011,C30,40304.8,3126232.9,0.012892449567656972
GBR,2011,C31T33,37176.399999999994,3126232.9,0.011891756369143193
GBR,2011,D,38712.69999999999,3126232.9,0.012383178489356949
GBR,2011,E,25531.5,3126232.9,0.008166857945868333
GBR,2011,F,181488.7,3126232.9,0.05805348027653347
GBR,2011,G,319671.6,3126232.9,0.10225456970912179
GBR,2011,H49,39110.299999999996,3126232.9,0.012510360312566603
GBR,2011,H50,19435.8,3126232.9,0.006217003218154348
GBR,2011,H51,26064.6,3126232.9,0.008337382669090329
GBR,2011,H52,14494.800000000001,3126232.9,0.004636506768257733
GBR,2011,H53,3013.0999999999995,3126232.9,0.0009638117492781806
GBR,2011,I,100817.09999999999,3126232.9,0.03224874896556811
GBR,2011,J58T60,61612.200000000004,3126232.9,0.019708128591443077
GBR,2011,J61,38536.7,3126232.9,0.012326880700411028
GBR,2011,J62_63,48673.3,3126232.9,0.015569313469895351
GBR,2011,K,235025.5,3126232.9,0.07517849997676117
GBR,2011,L,356604.50000000006,3126232.9,0.11406843680776313
GBR,2011,M,109219.20000000001,3126232.9,0.03493636062751435
GBR,2011,N,64604.600000000006,3126232.9,0.020665318953044097
GBR,2011,O,214707.10000000003,3126232.9,0.06867917614199506
GBR,2011,P,180978.0,3126232.9,0.057890120726450035
GBR,2011,Q,269197.3,3126232.9,0.08610916352393323
GBR,2011,R,56830.600000000006,3126232.9,0.01817862002539862
GBR,2011,S,48108.0,3126232.9,0.015388488810286656
GBR,2011,T,3451.1,3126232.9,0.0011039164740413293
GBR,2011,employees_compensation,0.0,3126232.9,0.0
GBR,2012,A01_02,29911.2,3159559.8000000003,0.009466888393756622
GBR,2012,A03,1382.0,3159559.8000000003,0.00043740270400959014
GBR,2012,B05_06,30168.0,3159559.8000000003,0.009548165538756379
GBR,2012,B07_08,2892.6,3159559.8000000003,0.0009155072804762232
GBR,2012,B09,1871.1999999999998,3159559.8000000003,0.000592234399234982
GBR,2012,C10T12,108740.4,3159559.8000000003,0.03441631331048078
GBR,2012,C13T15,31322.8,3159559.8000000003,0.009913659491426622
GBR,2012,C16,2452.0999999999995,3159559.8000000003,0.000776089124820489
GBR,2012,C17_18,8549.899999999998,3159559.8000000003,0.0027060415188217032
GBR,2012,C19,51040.59999999999,3159559.8000000003,0.016154338968358817
GBR,2012,C20,36995.2,3159559.8000000003,0.011708972876538052
GBR,2012,C21,34987.2,3159559.8000000003,0.011073441306602266
GBR,2012,C22,15261.5,3159559.8000000003,0.004830261481362055
GBR,2012,C23,6484.4,3159559.8000000003,0.002052311211201003
GBR,2012,C24,10606.8,3159559.8000000003,0.003357049928284313
GBR,2012,C25,23168.0,3159559.8000000003,0.007332667037984215
GBR,2012,C26,32589.0,3159559.8000000003,0.010314411520237723
GBR,2012,C27,20915.5,3159559.8000000003,0.006619751270414314
GBR,2012,C28,45277.2,3159559.8000000003,0.014330224102737347
GBR,2012,C29,86241.79999999999,3159559.8000000003,0.027295511229127545
GBR,2012,C30,38063.3,3159559.8000000003,0.012047026297777303
GBR,2012,C31T33,35145.9,3159559.8000000003,0.01112366982261263
GBR,2012,D,46994.79999999999,3159559.8000000003,0.014873844134869668
GBR,2012,E,24487.600000000002,3159559.8000000003,0.007750320155358351
GBR,2012,F,185918.30000000002,3159559.8000000003,0.058843102130872786
GBR,2012,G,320395.3,3159559.8000000003,0.10140504382920683
GBR,2012,H49,40639.49999999999,3159559.8000000003,0.012862393046018623
GBR,2012,H50,19447.100000000002,3159559.8000000003,0.00615500298490948
GBR,2012,H51,27549.8,3159559.8000000003,0.008719505799510424
GBR,2012,H52,15646.099999999999,3159559.8000000003,0.004951987298990194
GBR,2012,H53,3679.5,3159559.8000000003,0.001164560961941597
GBR,2012,I,103416.59999999999,3159559.8000000003,0.0327313317507078
GBR,2012,J58T60,60603.3,3159559.8000000003,0.019180931470263674
GBR,2012,J61,39416.700000000004,3159559.8000000003,0.012475377107912312
GBR,2012,J62_63,52388.799999999996,3159559.8000000003,0.016581043979607538
GBR,2012,K,227547.40000000002,3159559.8000000003,0.07201870336494344
GBR,2012,L,369680.80000000005,3159559.8000000003,0.11700389402346492
GBR,2012,M,111215.6,3159559.8000000003,0.03519971358035382
GBR,2012,N,69601.1,3159559.8000000003,0.022028733243156216
GBR,2012,O,213947.5,3159559.8000000003,0.06771433792770752
GBR,2012,P,183974.30000000002,3159559.8000000003,0.05822782654722978
GBR,2012,Q,277075.1,3159559.8000000003,0.08769420980732821
GBR,2012,R,59610.4,3159559.8000000003,0.018866678832918433
GBR,2012,S,48757.100000000006,3159559.8000000003,0.015431611707428359
GBR,2012,T,3500.5,3159559.8000000003,0.0011079075002789944
GBR,2012,employees_compensation,0.0,3159559.8000000003,0.0
GBR,2013,A01_02,30914.100000000002,3247004.3,0.009520806609341417
GBR,2013,A03,1578.5,3247004.3,0.00048614040948452087
GBR,2013,B05_06,30855.8,3247004.3,0.009502851597701919
GBR,2013,B07_08,2602.2,3247004.3,0.000801415631017181
GBR,2013,B09,2117.3,3247004.3,0.0006520779784615624
GBR,2013,C10T12,113551.59999999999,3247004.3,0.03497118867381851
GBR,2013,C13T15,30083.899999999998,3247004.3,0.009265124779785477
GBR,2013,C16,2837.5,3247004.3,0.000873882427565618
GBR,2013,C17_18,9516.7,3247004.3,0.002930916968603953
GBR,2013,C19,46545.4,3247004.3,0.014334874764409767
GBR,2013,C20,36539.1,3247004.3,0.011253172655176343
GBR,2013,C21,33008.2,3247004.3,0.01016573954028949
GBR,2013,C22,15997.099999999999,3247004.3,0.0049267258438801574
GBR,2013,C23,7169.6,3247004.3,0.002208066062616548
GBR,2013,C24,10423.3,3247004.3,0.0032101281787646537
GBR,2013,C25,26037.700000000004,3247004.3,0.008018991536290853
GBR,2013,C26,33638.8,3247004.3,0.01035994932313456
GBR,2013,C27,20281.199999999997,3247004.3,0.006246126622006629
GBR,2013,C28,44874.600000000006,3247004.3,0.01382030815296426
GBR,2013,C29,94464.0,3247004.3,0.029092662427333407
GBR,2013,C30,38137.9,3247004.3,0.011745564981235166
GBR,2013,C31T33,37604.1,3247004.3,0.011581167293187755
GBR,2013,D,49952.00000000001,3247004.3,0.015384026439385993
GBR,2013,E,24987.700000000004,3247004.3,0.007695616541068334
GBR,2013,F,191308.1,3247004.3,0.058918338974789784
GBR,2013,G,331265.39999999997,3247004.3,0.10202185442131997
GBR,2013,H49,42260.8,3247004.3,0.013015319998190333
GBR,2013,H50,19518.5,3247004.3,0.0060112331850007104
GBR,2013,H51,28274.899999999994,3247004.3,0.008707995859444964
GBR,2013,H52,15691.099999999999,3247004.3,0.004832485130986737
GBR,2013,H53,3501.4,3247004.3,0.0010783478174020281
GBR,2013,I,108320.0,3247004.3,0.033359980459526956
GBR,2013,J58T60,64218.00000000001,3247004.3,0.01977761470780929
GBR,2013,J61,39024.1,3247004.3,0.012018493477202971
GBR,2013,J62_63,54191.5,3247004.3,0.016689691479620156
GBR,2013,K,233257.1,3247004.3,0.07183763199820832
GBR,2013,L,382731.2,3247004.3,0.11787209521096108
GBR,2013,M,116074.6,3247004.3,0.035748212590910336
GBR,2013,N,75525.1,3247004.3,0.023259932239695528
GBR,2013,O,209788.2,3247004.3,0.06460976968832471
GBR,2013,P,183178.3,3247004.3,0.05641455417844688
GBR,2013,Q,289465.39999999997,3247004.3,0.08914844984960445
GBR,2013,R,61529.8,3247004.3,0.018949713124802453
GBR,2013,S,50448.0,3247004.3,0.01553678262760539
GBR,2013,T,3714.5,3247004.3,0.0011439775426229032
GBR,2013,employees_compensation,0.0,3247004.3,0.0
GBR,2014,A01_02,35063.6,3540721.2,0.009902954234295543
GBR,2014,A03,1766.2,3540721.2,0.0004988249286614263
GBR,2014,B05_06,29994.5,3540721.2,0.008471296751633536
GBR,2014,B07_08,2054.6,3540721.2,0.000580277261028064
GBR,2014,B09,2246.2,3540721.2,0.0006343905303812115
GBR,2014,C10T12,122229.90000000001,3540721.2,0.034521187378435784
GBR,2014,C13T15,36340.2,3540721.2,0.010263502249202788
GBR,2014,C16,3303.3999999999996,3540721.2,0.0009329737681690384
GBR,2014,C17_18,9988.800000000001,3540721.2,0.0028211201717887307
GBR,2014,C19,40618.899999999994,3540721.2,0.011471928374366214
GBR,2014,C20,38176.899999999994,3540721.2,0.010782238375616806
GBR,2014,C21,36432.4,3540721.2,0.010289542141866465
GBR,2014,C22,17206.6,3540721.2,0.004859631421982617
GBR,2014,C23,8027.5,3540721.2,0.0022671934745949495
GBR,2014,C24,9319.0,3540721.2,0.0026319496717222466
GBR,2014,C25,28013.800000000003,3540721.2,0.007911890944703582
GBR,2014,C26,34512.5,3540721.2,0.009747307977821015
GBR,2014,C27,21950.6,3540721.2,0.006199471452313161
GBR,2014,C28,49428.3,3540721.2,0.013959952565595958
GBR,2014,C29,110436.19999999998,3540721.2,0.031190312301346963
GBR,2014,C30,41101.0,3540721.2,0.011608087075593526
GBR,2014,C31T33,41916.2,3540721.2,0.011838322655847626
GBR,2014,D,45488.1,3540721.2,0.01284712843247867
GBR,2014,E,26325.4,3540721.2,0.007435038940654237
GBR,2014,F,216908.59999999998,3540721.2,0.06126113516082542
GBR,2014,G,365251.8,3540721.2,0.10315745842965551
GBR,2014,H49,45213.9,3540721.2,0.012769686582496245
GBR,2014,H50,20550.2,3540721.2,0.005803958809295688
GBR,2014,H51,31377.199999999997,3540721.2,0.008861810413087593
GBR,2014,H52,17024.600000000002,3540721.2,0.004808229464663866
GBR,2014,H53,3350.0,3540721.2,0.0009461349286693343
GBR,2014,I,119843.90000000001,3540721.2,0.03384731336655369
GBR,2014,J58T60,69458.20000000001,3540721.2,0.01961696391119414
GBR,2014,J61,42184.0,3540721.2,0.01191395696447379
GBR,2014,J62_63,58488.100000000006,3540721.2,0.016518696812389523
GBR,2014,K,258268.30000000002,3540721.2,0.07294228644717918
GBR,2014,L,421807.2,3540721.2,0.11913030599528705
GBR,2014,M,128851.1,3540721.2,0.03639120188282546
GBR,2014,N,82824.9,3540721.2,0.02339209876225216
GBR,2014,O,223698.6,3540721.2,0.06317882356848656
GBR,2014,P,199195.8,3540721.2,0.05625853851469581
GBR,2014,Q,317591.89999999997,3540721.2,0.08969695213506218
GBR,2014,R,68951.0,3540721.2,0.01947371625871023
GBR,2014,S,53648.1,3540721.2,0.015151743661715018
GBR,2014,T,4293.0,3540721.2,0.001212464850381329
GBR,2014,employees_compensation,0.0,3540721.2,0.0
GBR,2015,A01_02,30748.899999999998,3363184.2,0.009142793903468028
GBR,2015,A03,1394.9,3363184.2,0.0004147557543830041
GBR,2015,B05_06,18594.7,3363184.2,0.00552889728727912
GBR,2015,B07_08,1931.4,3363184.2,0.0005742771983764672
GBR,2015,B09,1906.1,3363184.2,0.0005667545655096737
GBR,2015,C10T12,112179.40000000001,3363184.2,0.033355116261547614
GBR,2015,C13T15,35137.9,3363184.2,0.010447807170359565
GBR,2015,C16,2806.2999999999997,3363184.2,0.0008344175736791341
GBR,2015,C17_18,9335.8,3363184.2,0.002775881261573481
GBR,2015,C19,24119.3,3363184.2,0.007171566755100716
GBR,2015,C20,35456.399999999994,3363184.2,0.01054250909004627
GBR,2015,C21,33938.600000000006,3363184.2,0.010091210585492167
GBR,2015,C22,15780.699999999999,3363184.2,0.004692190216640527
GBR,2015,C23,6968.0,3363184.2,0.002071846079676516
GBR,2015,C24,8200.099999999999,3363184.2,0.002438195326916676
GBR,2015,C25,25386.499999999996,3363184.2,0.007548352540428798
GBR,2015,C26,33441.9,3363184.2,0.009943523164743697
GBR,2015,C27,19046.2,3363184.2,0.0056631450635382975
GBR,2015,C28,43169.8,3363184.2,0.012835990368889102
GBR,2015,C29,107672.0,3363184.2,0.03201489826218855
GBR,2015,C30,38693.899999999994,3363184.2,0.0115051384934551
GBR,2015,C31T33,38515.0,3363184.2,0.011451944856306115
GBR,2015,D,44069.2,3363184.2,0.013103415507244592
GBR,2015,E,26328.700000000004,3363184.2,0.007828503713831673
GBR,2015,F,224248.09999999998,3363184.2,0.06667731728758715
GBR,2015,G,349910.69999999995,3363184.2,0.10404149139378091
GBR,2015,H49,42346.80000000001,3363184.2,0.012591281797767724
GBR,2015,H50,19207.0,3363184.2,0.005710956896146218
GBR,2015,H51,30220.9,3363184.2,0.008985799826247995
GBR,2015,H52,16328.5,3363184.2,0.004855071571756313
GBR,2015,H53,4052.5,3363184.2,0.001204959276390511
GBR,2015,I,115645.99999999999,3363184.2,0.03438586563293202
GBR,2015,J58T60,68147.7,3363184.2,0.02026285090183285
GBR,2015,J61,40625.59999999999,3363184.2,0.012079504893011803
GBR,2015,J62_63,57435.0,3363184.2,0.017077565956690684
GBR,2015,K,235773.59999999998,3363184.2,0.07010427796372258
GBR,2015,L,410599.50000000006,3363184.2,0.12208653335134009
GBR,2015,M,129468.5,3363184.2,0.0384958100124281
GBR,2015,N,82182.79999999999,3363184.2,0.024436009184391382
GBR,2015,O,209330.80000000002,3363184.2,0.06224184806767349
GBR,2015,P,187162.5,3363184.2,0.05565038632139149
GBR,2015,Q,305121.60000000003,3363184.2,0.09072402278769032
GBR,2015,R,64306.100000000006,3363184.2,0.01912060005515012
GBR,2015,S,52350.9,3363184.2,0.015565873555186183
GBR,2015,T,3897.4,3363184.2,0.001158842266207126
GBR,2015,employees_compensation,0.0,3363184.2,0.0
GBR,2016,A01_02,28636.2,3038686.5,0.009423874427322463
GBR,2016,A03,1272.6,3038686.5,0.00041879937268948276
GBR,2016,B05_06,14817.5,3038686.5,0.004876284539388976
GBR,2016,B07_08,1560.9,3038686.5,0.0005136758925279064
GBR,2016,B09,1537.7,3038686.5,0.0005060410147608186
GBR,2016,C10T12,101790.5,3038686.5,0.03349819074787742
GBR,2016,C13T15,32181.100000000002,3038686.5,0.010590464004759952
GBR,2016,C16,2568.4,3038686.5,0.0008452336231460535
GBR,2016,C17_18,7572.600000000001,3038686.5,0.0024920635939245464
GBR,2016,C19,10602.2,3038686.5,0.0034890733216473633
GBR,2016,C20,29714.1,3038686.5,0.009778600062889014
GBR,2016,C21,31380.600000000002,3038686.5,0.010327027812839529
GBR,2016,C22,14620.8,3038686.5,0.004811552623148192
GBR,2016,C23,6343.5,3038686.5,0.002087579617048353
GBR,2016,C24,4421.9,3038686.5,0.001455201120615766
GBR,2016,C25,21854.6,3038686.5,0.007192120674508542
GBR,2016,C26,29679.8,3038686.5,0.009767312291017845
GBR,2016,C27,17153.6,3038686.5,0.005645070657996473
GBR,2016,C28,38208.3,3038686.5,0.012573952594319949
GBR,2016,C29,104569.8,3038686.5,0.034412829359001
GBR,2016,C30,43724.3,3038686.5,0.01438921060135687
GBR,2016,C31T33,36294.5,3038686.5,0.011944140996446985
GBR,2016,D,36233.2,3038686.5,0.011923967806484808
GBR,2016,E,21342.9,3038686.5,0.007023725547206005
GBR,2016,F,196651.80000000002,3038686.5,0.06471605412404341
GBR,2016,G,311196.6,3038686.5,0.10241155183333324
GBR,2016,H49,39625.50000000001,3038686.5,0.01304033831723016
GBR,2016,H50,17483.2,3038686.5,0.005753538576618549
GBR,2016,H51,27933.5,3038686.5,0.009192623194265023
GBR,2016,H52,14733.7,3038686.5,0.004848706834350961
GBR,2016,H53,3271.5,3038686.5,0.001076616492027065
GBR,2016,I,107132.3,3038686.5,0.03525612135374939
GBR,2016,J58T60,64212.9,3038686.5,0.021131794938372223
GBR,2016,J61,35404.9,3038686.5,0.011651382924826236
GBR,2016,J62_63,52156.50000000001,3038686.5,0.01716415958013438
GBR,2016,K,216476.19999999998,3038686.5,0.07124005717601996
GBR,2016,L,380496.89999999997,3038686.5,0.12521755699378662
GBR,2016,M,112624.80000000002,3038686.5,0.03706364575615155
GBR,2016,N,77063.4,3038686.5,0.025360760315353358
GBR,2016,O,188989.59999999995,3038686.5,0.06219450410563905
GBR,2016,P,163578.9,3038686.5,0.05383210805063306
GBR,2016,Q,281434.5,3038686.5,0.09261715547161578
GBR,2016,R,57873.2,3038686.5,0.019045465861647785
GBR,2016,S,47956.5,3038686.5,0.015781983432644336
GBR,2016,T,4308.5,3038686.5,0.0014178823646335348
GBR,2016,employees_compensation,0.0,3038686.5,0.0
GBR,2017,A01_02,29315.7,3110131.0,0.009425873058080191
GBR,2017,A03,1566.1,3110131.0,0.0005035479212933474
GBR,2017,B05_06,22048.2,3110131.0,0.007089154765506662
GBR,2017,B07_08,1985.4,3110131.0,0.0006383653936120376
GBR,2017,B09,1569.8,3110131.0,0.0005047375817931785
GBR,2017,C10T12,102231.5,3110131.0,0.03287048037526394
GBR,2017,C13T15,32750.3,3110131.0,0.010530199531788211
GBR,2017,C16,2946.4000000000005,3110131.0,0.0009473555937032879
GBR,2017,C17_18,8861.1,3110131.0,0.0028491082851494036
GBR,2017,C19,25268.899999999998,3110131.0,0.008124706001129856
GBR,2017,C20,31448.8,3110131.0,0.010111728412726024
GBR,2017,C21,29969.0,3110131.0,0.009635928518766573
GBR,2017,C22,15396.0,3110131.0,0.004950273798756386
GBR,2017,C23,6647.200000000001,3110131.0,0.0021372733174261794
GBR,2017,C24,4621.400000000001,3110131.0,0.0014859181172754462
GBR,2017,C25,21298.7,3110131.0,0.006848168131824673
GBR,2017,C26,31866.4,3110131.0,0.010245999284274521
GBR,2017,C27,17043.4,3110131.0,0.005479962098059536
GBR,2017,C28,40546.8,3110131.0,0.013037007122851097
GBR,2017,C29,103800.8,3110131.0,0.033375057192124705
GBR,2017,C30,41670.0,3110131.0,0.01339814946701602
GBR,2017,C31T33,37343.6,3110131.0,0.012007082659862237
GBR,2017,D,35633.8,3110131.0,0.011457330896994371
GBR,2017,E,23123.699999999997,3110131.0,0.00743496013511971
GBR,2017,F,214613.0,3110131.0,0.06900448887844274
GBR,2017,G,321095.80000000005,3110131.0,0.10324188916801255
GBR,2017,H49,39341.200000000004,3110131.0,0.01264937071782507
GBR,2017,H50,16621.800000000003,3110131.0,0.0053444051070517615
GBR,2017,H51,28275.600000000002,3110131.0,0.009091449845681741
GBR,2017,H52,15657.099999999999,3110131.0,0.005034225246460679
GBR,2017,H53,3938.5,3110131.0,0.001266345372590415
GBR,2017,I,110177.99999999999,3110131.0,0.035425517446049694
GBR,2017,J58T60,63853.40000000001,3110131.0,0.02053077507024624
GBR,2017,J61,36623.2,3110131.0,0.011775452545246486
GBR,2017,J62_63,59879.100000000006,3110131.0,0.019252918928495295
GBR,2017,K,219048.4,3110131.0,0.07043060244086181
GBR,2017,L,366913.19999999995,3110131.0,0.11797355159637969
GBR,2017,M,130544.0,3110131.0,0.041973794672957504
GBR,2017,N,84000.40000000001,3110131.0,0.02700863725675864
GBR,2017,O,184768.50000000003,3110131.0,0.05940859082784617
GBR,2017,P,157790.1,3110131.0,0.050734229522807886
GBR,2017,Q,274596.50000000006,3110131.0,0.08829097552482518
GBR,2017,R,59623.200000000004,3110131.0,0.019170639436088065
GBR,2017,S,49666.30000000001,3110131.0,0.015969198725069782
GBR,2017,T,4150.7,3110131.0,0.001334574009905049
GBR,2017,employees_compensation,0.0,3110131.0,0.0
GBR,2018,A01_02,31086.999999999996,3361506.2,0.00924793772505908
GBR,2018,A03,1472.8000000000002,3361506.2,0.0004381369280235152
GBR,2018,B05_06,31612.6,3361506.2,0.009404296205076164
GBR,2018,B07_08,2092.6,3361506.2,0.0006225185602811025
GBR,2018,B09,1691.7,3361506.2,0.0005032565461280422
GBR,2018,C10T12,110779.59999999999,3361506.2,0.0329553460291104
GBR,2018,C13T15,33443.5,3361506.2,0.009948962759610557
GBR,2018,C16,3139.6000000000004,3361506.2,0.000933986080406456
GBR,2018,C17_18,10012.8,3361506.2,0.002978664742608536
GBR,2018,C19,32430.899999999998,3361506.2,0.00964772874730976
GBR,2018,C20,34801.8,3361506.2,0.01035303757583431
GBR,2018,C21,31711.4,3361506.2,0.00943368779150251
GBR,2018,C22,16471.8,3361506.2,0.0049001248309463175
GBR,2018,C23,7098.4,3361506.2,0.002111672440169826
GBR,2018,C24,4801.3,3361506.2,0.0014283180557572673
GBR,2018,C25,24241.2,3361506.2,0.007211410170833539
GBR,2018,C26,33780.700000000004,3361506.2,0.010049274935146632
GBR,2018,C27,17626.4,3361506.2,0.005243601811592673
GBR,2018,C28,44361.1,3361506.2,0.013196792556860373
GBR,2018,C29,106714.79999999999,3361506.2,0.03174612618593414
GBR,2018,C30,39032.100000000006,3361506.2,0.01161149130113162
GBR,2018,C31T33,39100.0,3361506.2,0.011631690579657416
GBR,2018,D,39806.0,3361506.2,0.011841715478614913
GBR,2018,E,24398.9,3361506.2,0.007258323664552515
GBR,2018,F,235644.49999999997,3361506.2,0.07010086728383841
GBR,2018,G,348014.4,3361506.2,0.10352930480984983
GBR,2018,H49,42877.0,3361506.2,0.012755294040510769
GBR,2018,H50,18007.3,3361506.2,0.005356914111894245
GBR,2018,H51,32057.0,3361506.2,0.00953649884685621
GBR,2018,H52,16275.5,3361506.2,0.004841728389493971
GBR,2018,H53,4493.0,3361506.2,0.0013366032167365927
GBR,2018,I,117165.20000000001,3361506.2,0.03485497066761323
GBR,2018,J58T60,69644.0,3361506.2,0.02071809357364862
GBR,2018,J61,37803.8,3361506.2,0.011246089624942534
GBR,2018,J62_63,68817.9,3361506.2,0.02047234064301294
GBR,2018,K,234777.4,3361506.2,0.06984291743980718
GBR,2018,L,390524.2,3361506.2,0.11617536210404729
GBR,2018,M,142474.1,3361506.2,0.04238400631240841
GBR,2018,N,95663.3,3361506.2,0.028458463054448626
GBR,2018,O,195744.1,3361506.2,0.05823106915584448
GBR,2018,P,171882.39999999997,3361506.2,0.0511325548053429
GBR,2018,Q,295074.80000000005,3361506.2,0.08778053123924032
GBR,2018,R,63819.399999999994,3361506.2,0.01898535840868001
GBR,2018,S,54241.59999999999,3361506.2,0.01613609994234132
GBR,2018,T,4796.3,3361506.2,0.0014268306272943955
GBR,2018,employees_compensation,0.0,3361506.2,0.0
GBR,2019,A01_02,31532.200000000004,3324312.7,0.009485329102764612
GBR,2019,A03,1588.2,3324312.7,0.0004777528900936425
GBR,2019,B05_06,27786.100000000002,3324312.7,0.008358449552594736
GBR,2019,B07_08,1713.1,3324312.7,0.0005153245661877716
GBR,2019,B09,1844.9,3324312.7,0.000554971859295908
GBR,2019,C10T12,111173.3,3324312.7,0.03344249173671297
GBR,2019,C13T15,33237.6,3324312.7,0.009998337400690373
GBR,2019,C16,3550.2,3324312.7,0.0010679500758156715
GBR,2019,C17_18,10178.300000000001,3324312.7,0.0030617757469085264
GBR,2019,C19,27492.3,3324312.7,0.008270070381766432
GBR,2019,C20,33882.3,3324312.7,0.010192272225173042
GBR,2019,C21,30610.500000000004,3324312.7,0.009208068783661658
GBR,2019,C22,16470.1,3324312.7,0.004954437649623032
GBR,2019,C23,6718.7,3324312.7,0.002021079424928948
GBR,2019,C24,6783.5,3324312.7,0.0020405721760170152
GBR,2019,C25,23240.8,3324312.7,0.006991159405672035
GBR,2019,C26,30534.399999999994,3324312.7,0.009185176833695576
GBR,2019,C27,18292.499999999996,3324312.7,0.0055026411925689165
GBR,2019,C28,43229.0,3324312.7,0.013003890999784707
GBR,2019,C29,101595.4,3324312.7,0.030561324751429066
GBR,2019,C30,37300.200000000004,3324312.7,0.011220424600850577
GBR,2019,C31T33,38449.399999999994,3324312.7,0.011566120118603761
GBR,2019,D,37316.2,3324312.7,0.011225237625810592
GBR,2019,E,23327.899999999998,3324312.7,0.007017360310298124
GBR,2019,F,226747.1,3324312.7,0.0682087157444605
GBR,2019,G,348636.39999999997,3324312.7,0.10487473094814455
GBR,2019,H49,44507.6,3324312.7,0.013388511856902029
GBR,2019,H50,17896.0,3324312.7,0.0053833684177785075
GBR,2019,H51,31552.099999999995,3324312.7,0.00949131530255863
GBR,2019,H52,20960.800000000003,3324312.7,0.006305303348869678
GBR,2019,H53,4496.8,3324312.7,0.0013527006650126505
GBR,2019,I,117787.0,3324312.7,0.03543198568534181
GBR,2019,J58T60,68175.6,3324312.7,0.020508179029006507
GBR,2019,J61,38071.3,3324312.7,0.011452382322517373
GBR,2019,J62_63,69107.5,3324312.7,0.02078850765152147
GBR,2019,K,223074.5,3324312.7,0.0671039460277007
GBR,2019,L,380818.7,3324312.7,0.11455561927131584
GBR,2019,M,146810.40000000002,3324312.7,0.04416263247437584
GBR,2019,N,97951.1,3324312.7,0.0294650680725673
GBR,2019,O,197145.90000000002,3324312.7,0.05930425859155789
GBR,2019,P,173015.19999999998,3324312.7,0.052045404753890925
GBR,2019,Q,299040.30000000005,3324312.7,0.08995552674692728
GBR,2019,R,63650.3,3324312.7,0.019146905163283826
GBR,2019,S,52021.299999999996,3324312.7,0.015648738459531797
GBR,2019,T,4999.7,3324312.7,0.0015039800557871705
GBR,2019,employees_compensation,0.0,3324312.7,0.0
GBR,2020,A01_02,32461.399999999998,3127960.4,0.010377816803563113
GBR,2020,A03,1258.8000000000002,3127960.4,0.00040243476228151744
GBR,2020,B05_06,17976.8,3127960.4,0.005747131581333318
GBR,2020,B07_08,1156.1,3127960.4,0.0003696018658036719
GBR,2020,B09,1756.1000000000001,3127960.4,0.0005614201509712207
GBR,2020,C10T12,111915.6,3127960.4,0.03577909745916221
GBR,2020,C13T15,32048.499999999996,3127960.4,0.010245813853653645
GBR,2020,C16,3244.8,3127960.4,0.001037353286186104
GBR,2020,C17_18,8217.8,3127960.4,0.0026272071730831376
GBR,2020,C19,15172.5,3127960.4,0.0048506048861743905
GBR,2020,C20,31052.3,3127960.4,0.009927331560847127
GBR,2020,C21,29224.399999999998,3127960.4,0.009342957155084188
GBR,2020,C22,14686.900000000001,3127960.4,0.004695359954045454
GBR,2020,C23,5599.200000000001,3127960.4,0.0017900482371835656
GBR,2020,C24,5071.2,3127960.4,0.0016212481462361224
GBR,2020,C25,20201.2,3127960.4,0.0064582659038778115
GBR,2020,C26,28570.4,3127960.4,0.009133875224251561
GBR,2020,C27,18135.5,3127960.4,0.005797867517760136
GBR,2020,C28,36504.7,3127960.4,0.01167044825759303
GBR,2020,C29,78116.90000000001,3127960.4,0.024973749667674825
GBR,2020,C30,32475.6,3127960.4,0.010382356502978746
GBR,2020,C31T33,37319.1,3127960.4,0.011930809609993783
GBR,2020,D,36957.399999999994,3127960.4,0.011815175153751944
GBR,2020,E,23460.499999999996,3127960.4,0.00750025479862213
GBR,2020,F,204169.1,3127960.4,0.06527227774366964
GBR,2020,G,324499.1,3127960.4,0.10374143483402155
GBR,2020,H49,33539.6,3127960.4,0.0107225142620092
GBR,2020,H50,13951.199999999999,3127960.4,0.004460158766715844
GBR,2020,H51,8921.0,3127960.4,0.002852018203299505
GBR,2020,H52,19900.8,3127960.4,0.006362228882437259
GBR,2020,H53,4389.700000000001,3127960.4,0.0014033745439999818
GBR,2020,I,71422.00000000001,3127960.4,0.022833409272061123
GBR,2020,J58T60,63015.600000000006,3127960.4,0.02014590721800698
GBR,2020,J61,39373.7,3127960.4,0.01258765935783586
GBR,2020,J62_63,73090.3,3127960.4,0.02336676001396949
GBR,2020,K,224520.90000000002,3127960.4,0.07177869003712452
GBR,2020,L,385442.69999999995,3127960.4,0.12322492957391659
GBR,2020,M,147422.5,3127960.4,0.047130551908521605
GBR,2020,N,83685.4,3127960.4,0.026753983202600647
GBR,2020,O,203722.8,3127960.4,0.06512959690921918
GBR,2020,P,170404.0,3127960.4,0.05447767177615164
GBR,2020,Q,339327.3,3127960.4,0.10848196799422397
GBR,2020,R,47383.700000000004,3127960.4,0.015148433464822638
GBR,2020,S,43191.399999999994,3127960.4,0.013808167136642777
GBR,2020,T,4003.9,3127960.4,0.0012800353866372477
GBR,2020,employees_compensation,0.0,3127960.4,0.0
FRA,2010,A01_02,45735.799999999996,3095429.4,0.014775268335953648
FRA,2010,A03,1974.3000000000002,3095429.4,0.0006378113485644351
FRA,2010,B05_06,428.29999999999995,3095429.4,0.000138365294327178
FRA,2010,B07_08,667.5999999999999,3095429.4,0.00021567282393841706
FRA,2010,B09,78.1,3095429.4,2.523074827679804e-05
FRA,2010,C10T12,140571.1,3095429.4,0.045412471691326575
FRA,2010,C13T15,29306.5,3095429.4,0.009467668685966477
FRA,2010,C16,3275.7,3095429.4,0.0010582376713227574
FRA,2010,C17_18,11072.400000000001,3095429.4,0.0035770158414855147
FRA,2010,C19,38065.799999999996,3095429.4,0.012297421482137501
FRA,2010,C20,56895.5,3095429.4,0.018380487049712714
FRA,2010,C21,37051.5,3095429.4,0.011969744811495297
FRA,2010,C22,18557.8,3095429.4,0.005995226381192865
FRA,2010,C23,6820.300000000001,3095429.4,0.002203345358159356
FRA,2010,C24,22187.4,3095429.4,0.007167793909303828
FRA,2010,C25,20303.4,3095429.4,0.006559154603881453
FRA,2010,C26,40787.0,3095429.4,0.013176524071264555
FRA,2010,C27,26248.699999999997,3095429.4,0.008479825125392942
FRA,2010,C28,40029.3,3095429.4,0.012931743815575313
FRA,2010,C29,97822.70000000001,3095429.4,0.03160230370623217
FRA,2010,C30,61600.90000000001,3095429.4,0.01990059925127028
FRA,2010,C31T33,59262.600000000006,3095429.4,0.01914519517066033
FRA,2010,D,41663.5,3095429.4,0.013459683493346674
FRA,2010,E,12621.6,3095429.4,0.004077495677982512
FRA,2010,F,268898.3,3095429.4,0.08686946631701566
FRA,2010,G,330247.3,3095429.4,0.10668868752102698
FRA,2010,H49,59797.4,3095429.4,0.019317966030819506
FRA,2010,H50,17264.7,3095429.4,0.005577481431170745
FRA,2010,H51,23372.4,3095429.4,0.00755061640236408
FRA,2010,H52,16648.2,3095429.4,0.005378316817692563
FRA,2010,H53,3564.3,3095429.4,0.0011514719088731276
FRA,2010,I,94606.1,3095429.4,0.030563158701018996
FRA,2010,J58T60,42094.700000000004,3095429.4,0.013598985652846745
FRA,2010,J61,43107.7,3095429.4,0.013926242349445927
FRA,2010,J62_63,56920.1,3095429.4,0.018388434250834473
FRA,2010,K,84352.5,3095429.4,0.027250661895244648
FRA,2010,L,291726.7,3095429.4,0.09424433973522382
FRA,2010,M,150353.5,3095429.4,0.04857274405935409
FRA,2010,N,51840.3,3095429.4,0.016747369524887243
FRA,2010,O,246692.69999999998,3095429.4,0.07969579277110955
FRA,2010,P,139957.8,3095429.4,0.04521434086010813
FRA,2010,Q,267041.2,3095429.4,0.08626951724371423
FRA,2010,R,50518.59999999999,3095429.4,0.016320385145918687
FRA,2010,S,38107.5,3095429.4,0.01231089295720975
FRA,2010,T,5289.6,3095429.4,0.0017088420753514845
FRA,2010,employees_compensation,0.0,3095429.4,0.0
FRA,2011,A01_02,51985.399999999994,3405768.9,0.015263924689664057
FRA,2011,A03,2172.7,3405768.9,0.0006379469846001588
FRA,2011,B05_06,1427.7,3405768.9,0.0004192004924350563
FRA,2011,B07_08,1178.3,3405768.9,0.0003459718009639468
FRA,2011,B09,65.8,3405768.9,1.9320159979145973e-05
FRA,2011,C10T12,161789.19999999998,3405768.9,0.047504456335836526
FRA,2011,C13T15,34634.2,3405768.9,0.010169274844220933
FRA,2011,C16,3985.1000000000004,3405768.9,0.001170102880439128
FRA,2011,C17_18,12937.5,3405768.9,0.0037987016676322345
FRA,2011,C19,50904.40000000001,3405768.9,0.014946522061435234
FRA,2011,C20,69654.3,3405768.9,0.020451857435188864
FRA,2011,C21,38510.899999999994,3405768.9,0.011307549376001405
FRA,2011,C22,22264.4,3405768.9,0.006537260939813033
FRA,2011,C23,8296.4,3405768.9,0.002435984426306788
FRA,2011,C24,29741.1,3405768.9,0.008732565500847694
FRA,2011,C25,23666.699999999997,3405768.9,0.0069490034981527955
FRA,2011,C26,44998.899999999994,3405768.9,0.013212552384279508
FRA,2011,C27,29692.399999999998,3405768.9,0.008718266233507506
FRA,2011,C28,49542.1,3405768.9,0.014546524281198292
FRA,2011,C29,110313.8,3405768.9,0.03239027756698348
FRA,2011,C30,53723.0,3405768.9,0.015774117850450745
FRA,2011,C31T33,66466.3,3405768.9,0.01951579862039377
FRA,2011,D,43337.6,3405768.9,0.012724762387723958
FRA,2011,E,13560.000000000002,3405768.9,0.003981479776857438
FRA,2011,F,293941.0,3405768.9,0.08630679550805694
FRA,2011,G,362754.30000000005,3405768.9,0.10651171898363393
FRA,2011,H49,65788.0,3405768.9,0.019316636545715124
FRA,2011,H50,18241.0,3405768.9,0.005355912434340451
FRA,2011,H51,26099.4,3405768.9,0.007663291540421314
FRA,2011,H52,17374.4,3405768.9,0.0051014618167427635
FRA,2011,H53,3816.5,3405768.9,0.0011205986407357234
FRA,2011,I,103063.9,3405768.9,0.03026156589779183
FRA,2011,J58T60,44303.299999999996,3405768.9,0.013008310693071394
FRA,2011,J61,44082.799999999996,3405768.9,0.012943567603779575
FRA,2011,J62_63,64866.6,3405768.9,0.019046095582116566
FRA,2011,K,91680.6,3405768.9,0.026919207583344838
FRA,2011,L,315027.0,3405768.9,0.09249805528496076
FRA,2011,M,165352.9,3405768.9,0.0485508279789624
FRA,2011,N,61210.59999999999,3405768.9,0.017972622863518424
FRA,2011,O,264534.49999999994,3405768.9,0.07767247507603935
FRA,2011,P,149900.0,3405768.9,0.04401355594033406
FRA,2011,Q,289804.0,3405768.9,0.08509209183277233
FRA,2011,R,54333.40000000001,3405768.9,0.015953343164299846
FRA,2011,S,39265.0,3405768.9,0.011528967805184902
FRA,2011,T,5481.5,3405768.9,0.0016094750292657849
FRA,2011,employees_compensation,0.0,3405768.9,0.0
FRA,2012,A01_02,50132.100000000006,3190371.4,0.015713562377095033
FRA,2012,A03,1985.3000000000002,3190371.4,0.0006222786475580869
FRA,2012,B05_06,913.6999999999999,3190371.4,0.00028639298860314504
FRA,2012,B07_08,1135.6,3190371.4,0.00035594601932552425
FRA,2012,B09,67.0,3190371.4,2.1000689762953618e-05
FRA,2012,C10T12,150628.9,3190371.4,0.04721359400350693
FRA,2012,C13T15,32295.199999999997,3190371.4,0.010122708597500592
FRA,2012,C16,3515.6000000000004,3190371.4,0.0011019406706065634
FRA,2012,C17_18,11363.9,3190371.4,0.0035619363939884867
FRA,2012,C19,48392.5,3190371.4,0.015168296706772133
FRA,2012,C20,64657.5,3190371.4,0.020266449229077218
FRA,2012,C21,36227.7,3190371.4,0.011355323709333653
FRA,2012,C22,19934.0,3190371.4,0.006248175369174887
FRA,2012,C23,7319.9,3190371.4,0.002294372373072301
FRA,2012,C24,25208.8,3190371.4,0.007901525195467838
FRA,2012,C25,21404.100000000002,3190371.4,0.006708968115749785
FRA,2012,C26,41659.9,3190371.4,0.013058009484413007
FRA,2012,C27,26806.300000000003,3190371.4,0.008402250596905428
FRA,2012,C28,46013.7,3190371.4,0.014422678187248043
FRA,2012,C29,93077.9,3190371.4,0.02917462838339135
FRA,2012,C30,56198.6,3190371.4,0.017615065130034704
FRA,2012,C31T33,62911.1,3190371.4,0.019719052145464946
FRA,2012,D,44434.4,3190371.4,0.01392765745079084
FRA,2012,E,12630.9,3190371.4,0.0039590688406998635
FRA,2012,F,270597.3,3190371.4,0.08481686489541625
FRA,2012,G,341934.7,3190371.4,0.10717708289385995
FRA,2012,H49,62091.09999999999,3190371.4,0.019462028778216855
FRA,2012,H50,18876.9,3190371.4,0.005916834635616406
FRA,2012,H51,24941.4,3190371.4,0.007817710502294498
FRA,2012,H52,16064.300000000001,3190371.4,0.00503524448595546
FRA,2012,H53,3526.7,3190371.4,0.0011054198893583362
FRA,2012,I,97270.59999999999,3190371.4,0.03048880139785606
FRA,2012,J58T60,40052.9,3190371.4,0.012554306373232911
FRA,2012,J61,38391.2,3190371.4,0.01203345792279858
FRA,2012,J62_63,63398.1,3190371.4,0.019871698950159847
FRA,2012,K,78737.2,3190371.4,0.02467963447766614
FRA,2012,L,298265.69999999995,3190371.4,0.09348933481537602
FRA,2012,M,156612.2,3190371.4,0.04908901828796485
FRA,2012,N,59665.7,3190371.4,0.018701803808797934
FRA,2012,O,250910.9,3190371.4,0.07864629804542506
FRA,2012,P,140247.69999999998,3190371.4,0.043959678174146116
FRA,2012,Q,275644.39999999997,3190371.4,0.08639884372082823
FRA,2012,R,51807.9,3190371.4,0.016238830375673505
FRA,2012,S,37473.49999999999,3190371.4,0.011745811161672273
FRA,2012,T,4946.4,3190371.4,0.0015504151021413996
FRA,2012,employees_compensation,0.0,3190371.4,0.0
FRA,2013,A01_02,53138.9,3338000.1999999997,0.015919381910162858
FRA,2013,A03,2090.1,3338000.1999999997,0.0006261533477439576
FRA,2013,B05_06,892.5,3338000.1999999997,0.00026737565803620987
FRA,2013,B07_08,980.1,3338000.1999999997,0.0002936189159006042
FRA,2013,B09,73.9,3338000.1999999997,2.2139004065967404e-05
FRA,2013,C10T12,158815.0,3338000.1999999997,0.04757788810198394
FRA,2013,C13T15,33685.1,3338000.1999999997,0.0100914014325104
FRA,2013,C16,3627.6000000000004,3338000.1999999997,0.0010867584729323866
FRA,2013,C17_18,11663.7,3338000.1999999997,0.003494217885307497
FRA,2013,C19,46229.70000000001,3338000.1999999997,0.013849519841251063
FRA,2013,C20,66202.2,3338000.1999999997,0.01983289276016221
FRA,2013,C21,38213.2,3338000.1999999997,0.011447932208032821
FRA,2013,C22,20124.0,3338000.1999999997,0.006028759375149229
FRA,2013,C23,7415.799999999999,3338000.1999999997,0.002221629585282829
FRA,2013,C24,23975.1,3338000.1999999997,0.007182474105304128
FRA,2013,C25,22163.3,3338000.1999999997,0.006639694029976392
FRA,2013,C26,42492.9,3338000.1999999997,0.012730047170158949
FRA,2013,C27,27458.4,3338000.1999999997,0.008226003102096879
FRA,2013,C28,45939.7,3338000.1999999997,0.013762641476174868
FRA,2013,C29,92136.50000000001,3338000.1999999997,0.027602305116698322
FRA,2013,C30,61541.3,3338000.1999999997,0.018436577685046276
FRA,2013,C31T33,64697.3,3338000.1999999997,0.019382053961530622
FRA,2013,D,48891.0,3338000.1999999997,0.014646793610138192
FRA,2013,E,12947.6,3338000.1999999997,0.003878849378139642
FRA,2013,F,279796.39999999997,3338000.1999999997,0.0838215647800141
FRA,2013,G,355817.69999999995,3338000.1999999997,0.10659606910748537
FRA,2013,H49,66924.9,3338000.1999999997,0.02004939963754346
FRA,2013,H50,20262.4,3338000.1999999997,0.006070221325930419
FRA,2013,H51,24202.199999999997,3338000.1999999997,0.0072505088525758625
FRA,2013,H52,18061.3,3338000.1999999997,0.005410814535002125
FRA,2013,H53,3718.5,3338000.1999999997,0.001113990346675234
FRA,2013,I,101267.40000000001,3338000.1999999997,0.030337745336264516
FRA,2013,J58T60,42873.0,3338000.1999999997,0.012843917744522605
FRA,2013,J61,36861.2,3338000.1999999997,0.011042899278436233
FRA,2013,J62_63,68222.2,3338000.1999999997,0.020438045510003267
FRA,2013,K,86652.1,3338000.1999999997,0.025959285442822926
FRA,2013,L,315167.5,3338000.1999999997,0.09441805905224332
FRA,2013,M,165665.4,3338000.1999999997,0.04963013483342512
FRA,2013,N,63577.7,3338000.1999999997,0.019046643556222674
FRA,2013,O,264352.89999999997,3338000.1999999997,0.07919499225913766
FRA,2013,P,147520.90000000002,3338000.1999999997,0.04419439519506321
FRA,2013,Q,292935.0,3338000.1999999997,0.08775763404687634
FRA,2013,R,55262.3,3338000.1999999997,0.016555511290862118
FRA,2013,S,38570.2,3338000.1999999997,0.011554882471247306
FRA,2013,T,4894.1,3338000.1999999997,0.0014661772638599605
FRA,2013,employees_compensation,0.0,3338000.1999999997,0.0
FRA,2014,A01_02,52726.8,3396771.6,0.015522621538639808
FRA,2014,A03,2093.8,3396771.6,0.0006164088277233595
FRA,2014,B05_06,1175.7000000000003,3396771.6,0.0003461227713985834
FRA,2014,B07_08,1175.7,3396771.6,0.0003461227713985833
FRA,2014,B09,197.60000000000002,3396771.6,5.817288392307567e-05
FRA,2014,C10T12,160292.09999999998,3396771.6,0.047189543153269405
FRA,2014,C13T15,35274.8,3396771.6,0.010384801851263713
FRA,2014,C16,3858.4,3396771.6,0.0011359021018663722
FRA,2014,C17_18,11828.0,3396771.6,0.003482129914180865
FRA,2014,C19,42455.200000000004,3396771.6,0.012498691404508917
FRA,2014,C20,68168.4,3396771.6,0.020068585123592057
FRA,2014,C21,39594.899999999994,3396771.6,0.01165662713383496
FRA,2014,C22,20520.8,3396771.6,0.006041265771298841
FRA,2014,C23,7838.4,3396771.6,0.00230760290153156
FRA,2014,C24,24753.699999999997,3396771.6,0.007287419619264362
FRA,2014,C25,22307.4,3396771.6,0.006567235783530456
FRA,2014,C26,43392.1,3396771.6,0.012774512127927589
FRA,2014,C27,27567.3,3396771.6,0.00811573554135933
FRA,2014,C28,47004.5,3396771.6,0.013837992522075961
FRA,2014,C29,94390.1,3396771.6,0.027788179811677655
FRA,2014,C30,62415.5,3396771.6,0.01837494755314134
FRA,2014,C31T33,70005.5,3396771.6,0.020609422193708874
FRA,2014,D,44900.8,3396771.6,0.013218669162212732
FRA,2014,E,13138.2,3396771.6,0.0038678491070756717
FRA,2014,F,274723.2,3396771.6,0.08087773696647722
FRA,2014,G,365733.9,3396771.6,0.10767103092830851
FRA,2014,H49,68444.7,3396771.6,0.020149927066041178
FRA,2014,H50,20745.199999999997,3396771.6,0.0061073284998025765
FRA,2014,H51,24915.7,3396771.6,0.007335111963371338
FRA,2014,H52,19328.299999999996,3396771.6,0.005690197127178052
FRA,2014,H53,3884.0999999999995,3396771.6,0.001143468109542602
FRA,2014,I,104032.30000000002,3396771.6,0.030626816357037373
FRA,2014,J58T60,43934.1,3396771.6,0.012934075402655862
FRA,2014,J61,35796.7,3396771.6,0.01053844774255649
FRA,2014,J62_63,73298.7,3396771.6,0.021578931006135355
FRA,2014,K,84117.20000000001,3396771.6,0.024763866961205167
FRA,2014,L,320535.89999999997,3396771.6,0.09436486692246249
FRA,2014,M,173300.10000000003,3396771.6,0.05101906174674801
FRA,2014,N,69987.2,3396771.6,0.020604034725207897
FRA,2014,O,264983.0,3396771.6,0.07801024949690465
FRA,2014,P,150053.7,3396771.6,0.0441753870057086
FRA,2014,Q,300741.19999999995,3396771.6,0.08853736294780608
FRA,2014,R,56710.1,3396771.6,0.016695293849018286
FRA,2014,S,39644.0,3396771.6,0.011671082035659978
FRA,2014,T,4786.6,3396771.6,0.0014091615697681883
FRA,2014,employees_compensation,0.0,3396771.6,0.0
FRA,2015,A01_02,47670.0,2907328.4,0.016396496522374286
FRA,2015,A03,1717.3,2907328.4,0.0005906797457074337
FRA,2015,B05_06,998.1999999999999,2907328.4,0.00034333926638628094
FRA,2015,B07_08,832.0,2907328.4,0.0002861733817204826
FRA,2015,B09,94.8,2907328.4,3.2607255513343456e-05
FRA,2015,C10T12,135467.5,2907328.4,0.04659518339930226
FRA,2015,C13T15,31233.4,2907328.4,0.010742990024793897
FRA,2015,C16,3364.4,2907328.4,0.0011572136123322017
FRA,2015,C17_18,10254.099999999999,2907328.4,0.0035269837421875007
FRA,2015,C19,28235.699999999997,2907328.4,0.00971190595462143
FRA,2015,C20,57715.100000000006,2907328.4,0.01985159296074018
FRA,2015,C21,34115.4,2907328.4,0.011734278109070857
FRA,2015,C22,17639.600000000002,2907328.4,0.006067288442544022
FRA,2015,C23,6775.1,2907328.4,0.002330352498190435
FRA,2015,C24,20907.0,2907328.4,0.007191138090901599
FRA,2015,C25,19305.8,2907328.4,0.006640391914446266
FRA,2015,C26,39826.8,2907328.4,0.013698762066232354
FRA,2015,C27,23415.2,2907328.4,0.008053854528439238
FRA,2015,C28,39652.7,2907328.4,0.013638878910273775
FRA,2015,C29,84339.7,2907328.4,0.029009347550830514
FRA,2015,C30,62380.399999999994,2907328.4,0.02145626204456297
FRA,2015,C31T33,57898.70000000001,2907328.4,0.01991474372141792
FRA,2015,D,39347.6,2907328.4,0.013533937205029883
FRA,2015,E,11086.0,2907328.4,0.0038131227280688348
FRA,2015,F,220780.4,2907328.4,0.07593927125673178
FRA,2015,G,323227.6,2907328.4,0.11117684538148494
FRA,2015,H49,59035.00000000001,2907328.4,0.020305583641669105
FRA,2015,H50,17434.8,2907328.4,0.005996845763966671
FRA,2015,H51,21333.700000000004,2907328.4,0.0073379051365507954
FRA,2015,H52,17249.0,2907328.4,0.005932938294827651
FRA,2015,H53,3624.9,2907328.4,0.001246814773315598
FRA,2015,I,87830.5,2907328.4,0.030210037503847174
FRA,2015,J58T60,37288.4,2907328.4,0.01282565808527169
FRA,2015,J61,30219.4,2907328.4,0.01039421621582206
FRA,2015,J62_63,66229.6,2907328.4,0.02278022668509
FRA,2015,K,75969.4,2907328.4,0.026130312626533692
FRA,2015,L,273400.3,2907328.4,0.09403832742114719
FRA,2015,M,150982.3,2907328.4,0.051931629051606275
FRA,2015,N,63447.2,2907328.4,0.021823196856605536
FRA,2015,O,220914.8,2907328.4,0.07598549926454816
FRA,2015,P,121858.0,2907328.4,0.041914081670305976
FRA,2015,Q,256619.99999999997,2907328.4,0.08826660242441135
FRA,2015,R,47684.1,2907328.4,0.01640134633569431
FRA,2015,S,34076.5,2907328.4,0.01172089812764186
FRA,2015,T,3850.0,2907328.4,0.0013242398072402142
FRA,2015,employees_compensation,0.0,2907328.4,0.0
FRA,2016,A01_02,45295.600000000006,2937070.1,0.01542203572192574
FRA,2016,A03,1812.0,2937070.1,0.0006169413525404109
FRA,2016,B05_06,721.4000000000001,2937070.1,0.00024561892479175085
FRA,2016,B07_08,575.4,2937070.1,0.0001959095222139914
FRA,2016,B09,95.3,2937070.1,3.244730181959225e-05
FRA,2016,C10T12,133499.8,2937070.1,0.04545339248116686
FRA,2016,C13T15,31013.400000000005,2937070.1,0.010559298533596459
FRA,2016,C16,3345.9,2937070.1,0.0011391965074309938
FRA,2016,C17_18,9694.599999999999,2937070.1,0.0033007724262352467
FRA,2016,C19,22191.199999999997,2937070.1,0.007555556811531327
FRA,2016,C20,54273.2,2937070.1,0.01847868731495377
FRA,2016,C21,33954.2,2937070.1,0.011560568472642174
FRA,2016,C22,17168.8,2937070.1,0.005845553362856405
FRA,2016,C23,6482.200000000001,2937070.1,0.0022070293793804924
FRA,2016,C24,17112.2,2937070.1,0.005826282457473521
FRA,2016,C25,18786.4,2937070.1,0.006396306305389171
FRA,2016,C26,37506.2,2937070.1,0.012769936951794238
FRA,2016,C27,23078.4,2937070.1,0.007857626551031248
FRA,2016,C28,39135.899999999994,2937070.1,0.013324809646184472
FRA,2016,C29,89033.8,2937070.1,0.030313815117998036
FRA,2016,C30,76946.9,2937070.1,0.026198523487743788
FRA,2016,C31T33,58129.100000000006,2937070.1,0.019791526256046802
FRA,2016,D,39352.9,2937070.1,0.01339869279933087
FRA,2016,E,10969.1,2937070.1,0.003734708272710277
FRA,2016,F,221142.2,2937070.1,0.07529347018309165
FRA,2016,G,327911.80000000005,2937070.1,0.11164588819313506
FRA,2016,H49,60501.799999999996,2937070.1,0.020599372143007413
FRA,2016,H50,15268.5,2937070.1,0.005198548036017254
FRA,2016,H51,20655.6,2937070.1,0.007032722848528538
FRA,2016,H52,17325.0,2937070.1,0.005898735614107406
FRA,2016,H53,3814.4,2937070.1,0.001298709213647982
FRA,2016,I,89721.0,2937070.1,0.030547789785473626
FRA,2016,J58T60,38729.8,2937070.1,0.013186542602439077
FRA,2016,J61,29579.799999999996,2937070.1,0.010071193057326074
FRA,2016,J62_63,71450.5,2937070.1,0.02432713471837121
FRA,2016,K,78704.5,2937070.1,0.026796942980693583
FRA,2016,L,278313.5,2937070.1,0.09475888913921393
FRA,2016,M,156738.5,2937070.1,0.05336559723242561
FRA,2016,N,64022.0,2937070.1,0.02179791350570761
FRA,2016,O,221109.89999999997,2937070.1,0.07528247282895971
FRA,2016,P,122550.3,2937070.1,0.04172535752551497
FRA,2016,Q,261766.19999999998,2937070.1,0.08912494121267313
FRA,2016,R,48886.3,2937070.1,0.01664458059751451
FRA,2016,S,34967.7,2937070.1,0.011905640250125455
FRA,2016,T,3736.9,2937070.1,0.001272322373238555
FRA,2016,employees_compensation,0.0,2937070.1,0.0
FRA,2017,A01_02,47017.799999999996,3105551.9,0.015139917642335972
FRA,2017,A03,1865.6000000000001,3105551.9,0.0006007305818975365
FRA,2017,B05_06,795.6,3105551.9,0.00025618634806908234
FRA,2017,B07_08,785.4000000000001,3105551.9,0.00025290190770922233
FRA,2017,B09,97.0,3105551.9,3.123438381435519e-05
FRA,2017,C10T12,141065.30000000002,3105551.9,0.04542358477409443
FRA,2017,C13T15,33290.9,3105551.9,0.010719801527065125
FRA,2017,C16,3513.0,3105551.9,0.0011311999004106163
FRA,2017,C17_18,9983.1,3105551.9,0.0032145977016194774
FRA,2017,C19,26039.299999999996,3105551.9,0.008384757633578752
FRA,2017,C20,59192.0,3105551.9,0.019060058213807345
FRA,2017,C21,35509.399999999994,3105551.9,0.01143416730533468
FRA,2017,C22,18370.8,3105551.9,0.005915470290482024
FRA,2017,C23,6874.799999999999,3105551.9,0.00221371280254566
FRA,2017,C24,20997.1,3105551.9,0.006761149282354611
FRA,2017,C25,19976.6,3105551.9,0.0064325442443901835
FRA,2017,C26,39584.9,3105551.9,0.012746494431472874
FRA,2017,C27,24816.3,3105551.9,0.007990946794352399
FRA,2017,C28,41545.899999999994,3105551.9,0.013377944190853804
FRA,2017,C29,97883.59999999999,3105551.9,0.031518906510626984
FRA,2017,C30,78556.2,3105551.9,0.025295407235023184
FRA,2017,C31T33,61787.899999999994,3105551.9,0.01989594828539172
FRA,2017,D,40130.19999999999,3105551.9,0.012922083189142642
FRA,2017,E,11734.7,3105551.9,0.0037786198324362254
FRA,2017,F,238440.60000000003,3105551.9,0.07677881667345506
FRA,2017,G,344768.10000000003,3105551.9,0.11101669239531951
FRA,2017,H49,63600.5,3105551.9,0.02047961265757626
FRA,2017,H50,17837.4,3105551.9,0.005743713379898756
FRA,2017,H51,22119.0,3105551.9,0.00712240552154353
FRA,2017,H52,18448.4,3105551.9,0.0059404577975335085
FRA,2017,H53,4373.4,3105551.9,0.001408252104883515
FRA,2017,I,96451.6,3105551.9,0.031057796844419186
FRA,2017,J58T60,41698.3,3105551.9,0.013427017593877598
FRA,2017,J61,28942.800000000007,3105551.9,0.009319696122289892
FRA,2017,J62_63,79182.00000000001,3105551.9,0.025496917311219308
FRA,2017,K,79980.0,3105551.9,0.025753876468784825
FRA,2017,L,291476.49999999994,3105551.9,0.0938565863285041
FRA,2017,M,167525.4,3105551.9,0.053943841672715244
FRA,2017,N,65218.2,3105551.9,0.021000518458570924
FRA,2017,O,230980.09999999998,3105551.9,0.07437650615338291
FRA,2017,P,128837.40000000001,3105551.9,0.04148615259014026
FRA,2017,Q,272306.2,3105551.9,0.0876836738745213
FRA,2017,R,51460.99999999999,3105551.9,0.016570645623407546
FRA,2017,S,36672.2,3105551.9,0.011808593506358725
FRA,2017,T,3819.4,3105551.9,0.0012298619127891568
FRA,2017,employees_compensation,0.0,3105551.9,0.0
FRA,2018,A01_02,51923.799999999996,3350258.7,0.015498444940983212
FRA,2018,A03,1854.6999999999998,3350258.7,0.0005535990399786141
FRA,2018,B05_06,1006.3,3350258.7,0.00030036486436107155
FRA,2018,B07_08,1010.8000000000001,3350258.7,0.00030170804421760026
FRA,2018,B09,109.0,3350258.7,3.2534800969250524e-05
FRA,2018,C10T12,147584.0,3350258.7,0.04405152354354008
FRA,2018,C13T15,36330.0,3350258.7,0.010843938708374967
FRA,2018,C16,3822.8,3350258.7,0.0011410462123417513
FRA,2018,C17_18,10714.099999999999,3350258.7,0.0031979918446297887
FRA,2018,C19,32443.300000000003,3350258.7,0.009683819342070509
FRA,2018,C20,62935.7,3350258.7,0.018785325443673943
FRA,2018,C21,37726.700000000004,3350258.7,0.011260831887400218
FRA,2018,C22,20196.4,3350258.7,0.006028310589865792
FRA,2018,C23,7449.200000000001,3350258.7,0.0022234700860563395
FRA,2018,C24,22816.9,3350258.7,0.006810488992984333
FRA,2018,C25,21786.2,3350258.7,0.00650284110895675
FRA,2018,C26,41914.2,3350258.7,0.012510735365003304
FRA,2018,C27,26207.3,3350258.7,0.007822470545334305
FRA,2018,C28,44844.200000000004,3350258.7,0.013385294693809766
FRA,2018,C29,106739.59999999999,3350258.7,0.03186010680309553
FRA,2018,C30,79570.6,3350258.7,0.02375058379820042
FRA,2018,C31T33,65943.2,3350258.7,0.019683017314453953
FRA,2018,D,44429.8,3350258.7,0.0132616027532441
FRA,2018,E,12390.599999999999,3350258.7,0.003698400962289867
FRA,2018,F,259610.00000000003,3350258.7,0.07748953834520302
FRA,2018,G,371545.30000000005,3350258.7,0.11090048061064658
FRA,2018,H49,70768.79999999999,3350258.7,0.021123383695712806
FRA,2018,H50,19840.0,3350258.7,0.005921930745228719
FRA,2018,H51,22841.899999999998,3350258.7,0.00681795110329838
FRA,2018,H52,20080.0,3350258.7,0.005993567004243582
FRA,2018,H53,4258.4,3350258.7,0.0012710660224537285
FRA,2018,I,107020.99999999999,3350258.7,0.03194410031679046
FRA,2018,J58T60,44616.59999999999,3350258.7,0.013317359641510665
FRA,2018,J61,31924.899999999998,3350258.7,0.009529085022598404
FRA,2018,J62_63,91641.30000000002,3350258.7,0.027353499596911728
FRA,2018,K,90453.9,3350258.7,0.026999079205435685
FRA,2018,L,310157.9,3350258.7,0.09257729858294227
FRA,2018,M,184809.59999999998,3350258.7,0.05516278489180551
FRA,2018,N,70829.59999999999,3350258.7,0.021141531547996573
FRA,2018,O,245258.1,3350258.7,0.07320571990455543
FRA,2018,P,136350.3,3350258.7,0.04069843919814311
FRA,2018,Q,290338.0,3350258.7,0.08666136737440604
FRA,2018,R,55298.7,3350258.7,0.016505799984938476
FRA,2018,S,39010.899999999994,3350258.7,0.011644145570012247
FRA,2018,T,1854.1,3350258.7,0.000553419949331077
FRA,2018,employees_compensation,0.0,3350258.7,0.0
FRA,2019,A01_02,50195.3,3265486.9,0.015371459612960017
FRA,2019,A03,1764.1,3265486.9,0.0005402257164161339
FRA,2019,B05_06,842.3,3265486.9,0.00025794009463029846
FRA,2019,B07_08,794.2,3265486.9,0.00024321028511858372
FRA,2019,B09,106.5,3265486.9,3.2613819397039994e-05
FRA,2019,C10T12,142860.0,3265486.9,0.04374845294893083
FRA,2019,C13T15,35918.0,3265486.9,0.010999278545566973
FRA,2019,C16,3689.5,3265486.9,0.0011298468231490991
FRA,2019,C17_18,10048.0,3265486.9,0.0030770296460230786
FRA,2019,C19,29800.300000000003,3265486.9,0.009125836640165362
FRA,2019,C20,60537.1,3265486.9,0.018538460527892486
FRA,2019,C21,36642.2,3265486.9,0.011221052517466844
FRA,2019,C22,18919.699999999997,3265486.9,0.005793837360058005
FRA,2019,C23,7158.9,3265486.9,0.002192291752877649
FRA,2019,C24,20302.699999999997,3265486.9,0.006217357662650552
FRA,2019,C25,21225.3,3265486.9,0.006499888270873173
FRA,2019,C26,41141.7,3265486.9,0.012598948107861035
FRA,2019,C27,25859.300000000003,3265486.9,0.00791897220595189
FRA,2019,C28,43298.7,3265486.9,0.013259492788043338
FRA,2019,C29,102153.90000000001,3265486.9,0.03128289995589938
FRA,2019,C30,77692.20000000001,3265486.9,0.023791919055011372
FRA,2019,C31T33,66613.0,3265486.9,0.02039910189197207
FRA,2019,D,43230.600000000006,3265486.9,0.013238638317611994
FRA,2019,E,12054.9,3265486.9,0.003691608746003544
FRA,2019,F,257969.30000000002,3265486.9,0.0789987245087402
FRA,2019,G,363829.6,3265486.9,0.11141664662626574
FRA,2019,H49,70985.0,3265486.9,0.021737952769003605
FRA,2019,H50,19451.1,3265486.9,0.005956569600692625
FRA,2019,H51,22246.8,3265486.9,0.006812705327343374
FRA,2019,H52,19927.699999999997,3265486.9,0.0061025202704074535
FRA,2019,H53,4065.0,3265486.9,0.0012448373319151886
FRA,2019,I,106650.8,3265486.9,0.03265999934037402
FRA,2019,J58T60,43176.7,3265486.9,0.013222132356433583
FRA,2019,J61,29787.399999999998,3265486.9,0.009121886233872199
FRA,2019,J62_63,93061.5,3265486.9,0.028498506608616313
FRA,2019,K,85073.70000000001,3265486.9,0.026052378283924524
FRA,2019,L,303111.99999999994,3265486.9,0.09282291103357357
FRA,2019,M,183623.80000000002,3265486.9,0.05623167558871543
FRA,2019,N,69132.9,3265486.9,0.02117077854454109
FRA,2019,O,234982.0,3265486.9,0.07195925361084744
FRA,2019,P,131804.6,3265486.9,0.040362924132385895
FRA,2019,Q,279571.3,3265486.9,0.08561397076803462
FRA,2019,R,54659.9,3265486.9,0.016738667670049452
FRA,2019,S,37878.4,3265486.9,0.011599617808909293
FRA,2019,T,1649.0,3265486.9,0.0005049782928236522
FRA,2019,employees_compensation,0.0,3265486.9,0.0
FRA,2020,A01_02,48331.5,3120378.3,0.015488987344899816
FRA,2020,A03,1592.8999999999996,3120378.3,0.000510482975734064
FRA,2020,B05_06,513.3000000000001,3120378.3,0.00016449928523089654
FRA,2020,B07_08,690.8000000000001,3120378.3,0.0002213834136713488
FRA,2020,B09,99.8,3120378.3,3.198330151187118e-05
FRA,2020,C10T12,143351.0,3120378.3,0.04594026307643532
FRA,2020,C13T15,30268.799999999996,3120378.3,0.009700362292610482
FRA,2020,C16,3424.7999999999997,3120378.3,0.0010975592286358356
FRA,2020,C17_18,8888.0,3120378.3,0.0028483725835421942
FRA,2020,C19,20773.199999999997,3120378.3,0.006657269729122266
FRA,2020,C20,54644.59999999999,3120378.3,0.01751217152099795
FRA,2020,C21,38579.399999999994,3120378.3,0.012363693209890607
FRA,2020,C22,17103.0,3120378.3,0.005481066189955238
FRA,2020,C23,6607.4,3120378.3,0.0021174996634222205
FRA,2020,C24,17333.399999999998,3120378.3,0.005554903391040759
FRA,2020,C25,18897.800000000003,3120378.3,0.0060562528588280476
FRA,2020,C26,36247.3,3120378.3,0.01161631588067383
FRA,2020,C27,23415.6,3120378.3,0.00750409012907185
FRA,2020,C28,39216.2,3120378.3,0.012567771029557537
FRA,2020,C29,86575.6,3120378.3,0.027745225634981507
FRA,2020,C30,61687.8,3120378.3,0.019769333737515098
FRA,2020,C31T33,63575.1,3120378.3,0.02037416424796955
FRA,2020,D,42948.5,3120378.3,0.01376387600182965
FRA,2020,E,11977.1,3120378.3,0.0038383487027838902
FRA,2020,F,236986.09999999998,3120378.3,0.07594787465353159
FRA,2020,G,350088.7,3120378.3,0.11219431310620255
FRA,2020,H49,65589.7,3120378.3,0.021019791093919608
FRA,2020,H50,18352.7,3120378.3,0.005881562501572326
FRA,2020,H51,14078.099999999999,3120378.3,0.004511664499141017
FRA,2020,H52,18999.9,3120378.3,0.006088973250454922
FRA,2020,H53,3896.7999999999997,3120378.3,0.0012488229391929818
FRA,2020,I,70647.90000000001,3120378.3,0.022640812493792822
FRA,2020,J58T60,41736.9,3120378.3,0.01337558974820457
FRA,2020,J61,29799.899999999994,3120378.3,0.009550092051338773
FRA,2020,J62_63,93821.29999999999,3120378.3,0.030067283829015218
FRA,2020,K,85162.59999999999,3120378.3,0.027292395925199196
FRA,2020,L,308284.8,3120378.3,0.09879725160247398
FRA,2020,M,180841.40000000002,3120378.3,0.057954960140570146
FRA,2020,N,61983.0,3120378.3,0.01986393765140592
FRA,2020,O,247402.7,3120378.3,0.07928612373698408
FRA,2020,P,135791.2,3120378.3,0.043517544010609234
FRA,2020,Q,296300.19999999995,3120378.3,0.09495649934496724
FRA,2020,R,47649.6,3120378.3,0.015270456149499565
FRA,2020,S,35197.799999999996,3120378.3,0.011279978456458308
FRA,2020,T,1024.1,3120378.3,0.00032819738555418105
FRA,2020,employees_compensation,0.0,3120378.3,0.0
DEU,2010,A01_02,35037.2,4123342.1,0.008497281852990077
DEU,2010,A03,478.6,4123342.1,0.00011607089307481909
DEU,2010,B05_06,15128.7,4123342.1,0.0036690382784392303
DEU,2010,B07_08,3445.5,4123342.1,0.0008356085710181553
DEU,2010,B09,521.2,4123342.1,0.00012640231815836965
DEU,2010,C10T12,181663.6,4123342.1,0.04405736792976746
DEU,2010,C13T15,41717.19999999999,4123342.1,0.010117326913039786
DEU,2010,C16,13245.5,4123342.1,0.0032123213836659343
DEU,2010,C17_18,32557.4,4123342.1,0.00789587650270396
DEU,2010,C19,54501.100000000006,4123342.1,0.013217700272795702
DEU,2010,C20,117932.40000000001,4123342.1,0.028601167970030913
DEU,2010,C21,50703.9,4123342.1,0.01229679681440936
DEU,2010,C22,46005.4,4123342.1,0.011157308533774096
DEU,2010,C23,21309.100000000002,4123342.1,0.00516791948938702
DEU,2010,C24,63363.299999999996,4123342.1,0.015366976220576022
DEU,2010,C25,63779.6,4123342.1,0.015467938010770437
DEU,2010,C26,101787.7,4123342.1,0.024685727628566155
DEU,2010,C27,89116.4,4123342.1,0.021612662213984134
DEU,2010,C28,210506.4,4123342.1,0.051052373267791676
DEU,2010,C29,310515.69999999995,4123342.1,0.07530680027737692
DEU,2010,C30,55583.0,4123342.1,0.013480084516877704
DEU,2010,C31T33,82990.3,4123342.1,0.02012694993219214
DEU,2010,D,64013.29999999999,4123342.1,0.015524615335700617
DEU,2010,E,22262.7,4123342.1,0.005399188197360583
DEU,2010,F,193020.49999999997,4123342.1,0.046811662801395974
DEU,2010,G,404223.19999999995,4123342.1,0.09803290393974343
DEU,2010,H49,56711.0,4123342.1,0.013753649012047776
DEU,2010,H50,35822.3,4123342.1,0.008687685651889035
DEU,2010,H51,38145.8,4123342.1,0.009251184858030578
DEU,2010,H52,20489.300000000003,4123342.1,0.0049691001869575655
DEU,2010,H53,5764.1,4123342.1,0.0013979194207533738
DEU,2010,I,84329.20000000001,4123342.1,0.020451662257177258
DEU,2010,J58T60,49311.0,4123342.1,0.011958988316783126
DEU,2010,J61,41118.39999999999,4123342.1,0.009972104909752694
DEU,2010,J62_63,43485.9,4123342.1,0.010546275071379597
DEU,2010,K,151234.1,4123342.1,0.036677553385638315
DEU,2010,L,290284.1,4123342.1,0.07040019793652338
DEU,2010,M,130308.2,4123342.1,0.03160256821766014
DEU,2010,N,53095.8,4123342.1,0.012876884505896321
DEU,2010,O,243474.6,4123342.1,0.059047877691254386
DEU,2010,P,156166.70000000004,4123342.1,0.03787381599989
DEU,2010,Q,312450.50000000006,4123342.1,0.07577603129267398
DEU,2010,R,48280.4,4123342.1,0.011709045436710187
DEU,2010,S,79532.69999999998,4123342.1,0.01928840684841551
DEU,2010,T,7929.1,4123342.1,0.001922978934976072
DEU,2010,employees_compensation,0.0,4123342.1,0.0
DEU,2011,A01_02,38873.8,4635620.4,0.008385889405439668
DEU,2011,A03,507.0,4635620.4,0.00010937047390679357
DEU,2011,B05_06,15028.8,4635620.4,0.0032420255981270595
DEU,2011,B07_08,5389.599999999999,4635620.4,0.0011626491245918236
DEU,2011,B09,633.3000000000001,4635620.4,0.0001366160179983676
DEU,2011,C10T12,198919.9,4635620.4,0.04291117107000392
DEU,2011,C13T15,50543.9,4635620.4,0.010903373365083992
DEU,2011,C16,14945.1,4635620.4,0.003223969762493926
DEU,2011,C17_18,35867.3,4635620.4,0.007737324652380941
DEU,2011,C19,70105.0,4635620.4,0.015123110598098151
DEU,2011,C20,133547.0,4635620.4,0.028808873133788087
DEU,2011,C21,56950.7,4635620.4,0.012285453744228063
DEU,2011,C22,52772.899999999994,4635620.4,0.011384215152733385
DEU,2011,C23,24912.6,4635620.4,0.005374167392998787
DEU,2011,C24,83585.1,4635620.4,0.01803104930679829
DEU,2011,C25,77408.9,4635620.4,0.01669871415700906
DEU,2011,C26,113729.70000000001,4635620.4,0.024533868217509785
DEU,2011,C27,103129.2,4635620.4,0.022247119285263302
DEU,2011,C28,255687.2,4635620.4,0.055157061609272404
DEU,2011,C29,374365.0,4635620.4,0.08075833819352421
DEU,2011,C30,50359.3,4635620.4,0.010863551295097416
DEU,2011,C31T33,96592.0,4635620.4,0.020836908906518747
DEU,2011,D,66126.1,4635620.4,0.014264778884828447
DEU,2011,E,23643.199999999997,4635620.4,0.005100331338605723
DEU,2011,F,232129.9,4635620.4,0.05007526069218264
DEU,2011,G,440458.6,4635620.4,0.09501610615053811
DEU,2011,H49,65979.5,4635620.4,0.014233154207363484
DEU,2011,H50,41497.8,4635620.4,0.008951940931142679
DEU,2011,H51,40893.5,4635620.4,0.008821580817963437
DEU,2011,H52,23083.2,4635620.4,0.004979527659339837
DEU,2011,H53,6061.700000000001,4635620.4,0.0013076351117964707
DEU,2011,I,91402.70000000001,4635620.4,0.019717468669350063
DEU,2011,J58T60,52207.19999999999,4635620.4,0.011262181864589254
DEU,2011,J61,42487.3,4635620.4,0.009165396717988383
DEU,2011,J62_63,60104.8,4635620.4,0.012965858895607587
DEU,2011,K,157194.69999999998,4635620.4,0.03391017521624505
DEU,2011,L,321682.39999999997,4635620.4,0.06939360263407245
DEU,2011,M,147452.2,4635620.4,0.031808514778302384
DEU,2011,N,55940.200000000004,4635620.4,0.012067467819409889
DEU,2011,O,257385.10000000003,4635620.4,0.055523334050389464
DEU,2011,P,169372.49999999997,4635620.4,0.03653718065439525
DEU,2011,Q,339962.3,4635620.4,0.07333695830659473
DEU,2011,R,51730.4,4635620.4,0.011159326160528588
DEU,2011,S,86358.4,4635620.4,0.018629307956277003
DEU,2011,T,8613.4,4635620.4,0.0018580900196228317
DEU,2011,employees_compensation,0.0,4635620.4,0.0
DEU,2012,A01_02,35928.9,4352240.1,0.008255266064020687
DEU,2012,A03,448.80000000000007,4352240.1,0.00010311931090382631
DEU,2012,B05_06,15506.300000000001,4352240.1,0.0035628319310784355
DEU,2012,B07_08,4031.6,4352240.1,0.0009263275709444431
DEU,2012,B09,629.6,4352240.1,0.0001446611366868294
DEU,2012,C10T12,187596.5,4352240.1,0.043103435401001894
DEU,2012,C13T15,44290.4,4352240.1,0.010176460623116819
DEU,2012,C16,13252.3,4352240.1,0.003044937709204049
DEU,2012,C17_18,32509.800000000003,4352240.1,0.007469670618585589
DEU,2012,C19,72178.20000000001,4352240.1,0.016584149390103733
DEU,2012,C20,124871.8,4352240.1,0.028691385845188093
DEU,2012,C21,54391.200000000004,4352240.1,0.012497288465312383
DEU,2012,C22,49981.0,4352240.1,0.011483971208298
DEU,2012,C23,22828.2,4352240.1,0.005245160991922298
DEU,2012,C24,72635.40000000001,4352240.1,0.016689198741585975
DEU,2012,C25,70428.2,4352240.1,0.016182057602934178
DEU,2012,C26,104412.20000000001,4352240.1,0.023990450343031402
DEU,2012,C27,93341.1,4352240.1,0.021446679837355483
DEU,2012,C28,237937.8,4352240.1,0.05467019156410971
DEU,2012,C29,346597.5,4352240.1,0.07963657611628551
DEU,2012,C30,44641.0,4352240.1,0.010257016840592045
DEU,2012,C31T33,90512.5,4352240.1,0.020796761649248166
DEU,2012,D,64011.399999999994,4352240.1,0.014707690414414406
DEU,2012,E,21883.199999999997,4352240.1,0.005028031426850738
DEU,2012,F,221887.59999999998,4352240.1,0.05098238950557898
DEU,2012,G,394981.60000000003,4352240.1,0.0907536328246229
DEU,2012,H49,63210.3,4352240.1,0.014523624282584963
DEU,2012,H50,39608.0,4352240.1,0.009100600860692407
DEU,2012,H51,39906.7,4352240.1,0.00916923218459386
DEU,2012,H52,22151.799999999996,4352240.1,0.005089746772012876
DEU,2012,H53,6357.8,4352240.1,0.0014608109511237675
DEU,2012,I,88153.0,4352240.1,0.020254627036775844
DEU,2012,J58T60,50429.399999999994,4352240.1,0.011586998612507613
DEU,2012,J61,41293.200000000004,4352240.1,0.009487803763399912
DEU,2012,J62_63,51460.3,4352240.1,0.011823865140160813
DEU,2012,K,153652.7,4352240.1,0.035304279283672794
DEU,2012,L,303105.39999999997,4352240.1,0.06964353827813866
DEU,2012,M,145712.7,4352240.1,0.03347993140360065
DEU,2012,N,53294.5,4352240.1,0.01224530328646161
DEU,2012,O,247747.80000000002,4352240.1,0.05692420323961448
DEU,2012,P,163223.19999999998,4352240.1,0.0375032618260192
DEU,2012,Q,323078.5,4352240.1,0.07423269226346221
DEU,2012,R,48673.8,4352240.1,0.011183620131619118
DEU,2012,S,81510.20000000001,4352240.1,0.018728332566027326
DEU,2012,T,7956.7,4352240.1,0.0018281849845554249
DEU,2012,employees_compensation,0.0,4352240.1,0.0
DEU,2013,A01_02,39658.0,4581883.3,0.008655392859962191
DEU,2013,A03,518.6,4581883.3,0.0001131848993185837
DEU,2013,B05_06,17537.5,4581883.3,0.0038275745696098374
DEU,2013,B07_08,4190.3,4581883.3,0.0009145366055045532
DEU,2013,B09,580.3,4581883.3,0.00012665097777588528
DEU,2013,C10T12,199894.4,4581883.3,0.043627125989874074
DEU,2013,C13T15,47436.00000000001,4581883.3,0.010352948098874541
DEU,2013,C16,14424.3,4581883.3,0.003148115972312084
DEU,2013,C17_18,33787.3,4581883.3,0.007374107498547596
DEU,2013,C19,76799.69999999998,4581883.3,0.016761601064784862
DEU,2013,C20,127931.9,4581883.3,0.027921248016072344
DEU,2013,C21,57820.40000000001,4581883.3,0.01261935239598966
DEU,2013,C22,53175.399999999994,4581883.3,0.011605577121529917
DEU,2013,C23,24434.0,4581883.3,0.005332741669784562
DEU,2013,C24,57504.1,4581883.3,0.012550319646945177
DEU,2013,C25,74741.9,4581883.3,0.016312484431892885
DEU,2013,C26,107147.8,4581883.3,0.023385100183586083
DEU,2013,C27,96965.4,4581883.3,0.02116278256148514
DEU,2013,C28,244556.8,4581883.3,0.05337473348568262
DEU,2013,C29,362146.30000000005,4581883.3,0.07903874374102894
DEU,2013,C30,46027.5,4581883.3,0.010045541753540515
DEU,2013,C31T33,93534.2,4581883.3,0.020413920188670016
DEU,2013,D,67094.3,4581883.3,0.014643389105959989
DEU,2013,E,23619.000000000004,4581883.3,0.005154867213662994
DEU,2013,F,232776.09999999998,4581883.3,0.05080358550380364
DEU,2013,G,415241.7,4581883.3,0.0906268607932463
DEU,2013,H49,70996.2,4581883.3,0.015494982161592811
DEU,2013,H50,42402.4,4581883.3,0.009254360537729104
DEU,2013,H51,41910.1,4581883.3,0.009146915636197019
DEU,2013,H52,23526.100000000002,4581883.3,0.005134591708173799
DEU,2013,H53,5922.9,4581883.3,0.0012926780566410324
DEU,2013,I,93188.4,4581883.3,0.020338449039066533
DEU,2013,J58T60,55790.8,4581883.3,0.012176390437530351
DEU,2013,J61,42102.6,4581883.3,0.009188928927980336
DEU,2013,J62_63,56826.2,4581883.3,0.012402367384607984
DEU,2013,K,159335.59999999998,4581883.3,0.034775132749452604
DEU,2013,L,322373.6000000001,4581883.3,0.0703583175066899
DEU,2013,M,157761.69999999998,4581883.3,0.03443162771081489
DEU,2013,N,56555.79999999999,4581883.3,0.012343352350331575
DEU,2013,O,264257.3,4581883.3,0.05767438467933044
DEU,2013,P,174239.3,4581883.3,0.038027878187120126
DEU,2013,Q,348675.8,4581883.3,0.0760987954450957
DEU,2013,R,51921.8,4581883.3,0.011331977835402313
DEU,2013,S,85999.1,4581883.3,0.01876937808520789
DEU,2013,T,8554.4,4581883.3,0.0018670052115906139
DEU,2013,employees_compensation,0.0,4581883.3,0.0
DEU,2014,A01_02,40313.5,4748757.3,0.008489273604275377
DEU,2014,A03,495.19999999999993,4748757.3,0.0001042799133996593
DEU,2014,B05_06,14543.199999999999,4748757.3,0.003062527537467539
DEU,2014,B07_08,4231.0,4748757.3,0.0008909699385984624
DEU,2014,B09,608.9,4748757.3,0.0001282230195255504
DEU,2014,C10T12,202268.39999999997,4748757.3,0.042593964530467786
DEU,2014,C13T15,50689.6,4748757.3,0.010674287355136048
DEU,2014,C16,14853.000000000002,4748757.3,0.0031277656577648224
DEU,2014,C17_18,33374.700000000004,4748757.3,0.007028091328230231
DEU,2014,C19,67005.3,4748757.3,0.01411007043884934
DEU,2014,C20,131029.6,4748757.3,0.027592397699499196
DEU,2014,C21,60754.7,4748757.3,0.012793810288009454
DEU,2014,C22,52433.600000000006,4748757.3,0.011041541331244704
DEU,2014,C23,24967.600000000002,4748757.3,0.005257712370350029
DEU,2014,C24,54614.1,4748757.3,0.01150071409208468
DEU,2014,C25,76776.4,4748757.3,0.016167682437676904
DEU,2014,C26,110015.3,4748757.3,0.023167176810657393
DEU,2014,C27,98596.09999999999,4748757.3,0.020762505592778976
DEU,2014,C28,251266.7,4748757.3,0.05291209554971361
DEU,2014,C29,394589.5,4748757.3,0.08309321261796218
DEU,2014,C30,49352.100000000006,4748757.3,0.010392634721509142
DEU,2014,C31T33,96203.9,4748757.3,0.02025875274779783
DEU,2014,D,63549.0,4748757.3,0.013382237917275748
DEU,2014,E,25185.600000000002,4748757.3,0.005303619117363611
DEU,2014,F,241864.69999999998,4748757.3,0.050932209148696644
DEU,2014,G,445590.0,4748757.3,0.09383296973294467
DEU,2014,H49,75787.9,4748757.3,0.01595952271555339
DEU,2014,H50,38745.399999999994,4748757.3,0.008159060897890064
DEU,2014,H51,42888.9,4748757.3,0.0090316049632606
DEU,2014,H52,25094.4,4748757.3,0.005284414092924901
DEU,2014,H53,5561.1,4748757.3,0.0011710642698038074
DEU,2014,I,97557.40000000001,4748757.3,0.020543774683957846
DEU,2014,J58T60,56695.3,4748757.3,0.011938976119078565
DEU,2014,J61,43921.9,4748757.3,0.009249135558054315
DEU,2014,J62_63,60577.700000000004,4748757.3,0.01275653737873696
DEU,2014,K,164461.9,4748757.3,0.03463261851684861
DEU,2014,L,332347.8,4748757.3,0.0699862677757821
DEU,2014,M,172015.0,4748757.3,0.03622316095202423
DEU,2014,N,60478.3,4748757.3,0.012735605586750033
DEU,2014,O,271617.60000000003,4748757.3,0.057197616732276475
DEU,2014,P,178669.4,4748757.3,0.0376244538755434
DEU,2014,Q,367847.1,4748757.3,0.07746176036412726
DEU,2014,R,53909.7,4748757.3,0.011352380548064648
DEU,2014,S,86749.6,4748757.3,0.01826785293912578
DEU,2014,T,8659.2,4748757.3,0.001823466530917468
DEU,2014,employees_compensation,0.0,4748757.3,0.0
DEU,2015,A01_02,36588.5,4096823.7,0.008930943257333724
DEU,2015,A03,403.9000000000001,4096823.7,9.858857241037736e-05
DEU,2015,B05_06,13514.8,4096823.7,0.003298848324862014
DEU,2015,B07_08,4666.099999999999,4096823.7,0.0011389555279130022
DEU,2015,B09,391.3,4096823.7,9.551301902495829e-05
DEU,2015,C10T12,166250.5,4096823.7,0.04058034032560395
DEU,2015,C13T15,44082.600000000006,4096823.7,0.010760189656196337
DEU,2015,C16,12288.599999999999,4096823.7,0.002999543280322265
DEU,2015,C17_18,28265.6,4096823.7,0.006899393791341325
DEU,2015,C19,42572.7,4096823.7,0.010391635842176951
DEU,2015,C20,109152.1,4096823.7,0.02664310402226974
DEU,2015,C21,57741.6,4096823.7,0.014094235980913701
DEU,2015,C22,43853.0,4096823.7,0.010704146238950921
DEU,2015,C23,21330.800000000003,4096823.7,0.0052066677899759274
DEU,2015,C24,44045.4,4096823.7,0.010751109450963194
DEU,2015,C25,66598.0,4096823.7,0.01625600828270936
DEU,2015,C26,104757.1,4096823.7,0.02557032171045095
DEU,2015,C27,84079.3,4096823.7,0.02052304569513206
DEU,2015,C28,216113.89999999997,4096823.7,0.052751574347707456
DEU,2015,C29,344837.1,4096823.7,0.08417181827961012
DEU,2015,C30,45754.3,4096823.7,0.011168237481149116
DEU,2015,C31T33,82510.9,4096823.7,0.020140212526108946
DEU,2015,D,55542.200000000004,4096823.7,0.01355738105108111
DEU,2015,E,20660.500000000004,4096823.7,0.005043053231702404
DEU,2015,F,199504.8,4096823.7,0.04869743357518655
DEU,2015,G,389652.6,4096823.7,0.09511090262439166
DEU,2015,H49,62833.0,4096823.7,0.015337003640161523
DEU,2015,H50,35777.399999999994,4096823.7,0.008732960610435834
DEU,2015,H51,30635.199999999997,4096823.7,0.007477793101030927
DEU,2015,H52,21576.699999999997,4096823.7,0.005266689899299302
DEU,2015,H53,3826.2000000000007,4096823.7,0.0009339430447055851
DEU,2015,I,74194.1,4096823.7,0.018110152018501552
DEU,2015,J58T60,49648.100000000006,4096823.7,0.012118681113859013
DEU,2015,J61,30562.500000000004,4096823.7,0.007460047646180137
DEU,2015,J62_63,52247.299999999996,4096823.7,0.012753123840794026
DEU,2015,K,143691.7,4096823.7,0.03507392812631893
DEU,2015,L,282337.10000000003,4096823.7,0.06891609712177754
DEU,2015,M,153846.59999999998,4096823.7,0.03755265329088971
DEU,2015,N,80010.6,4096823.7,0.019529910452334084
DEU,2015,O,240064.3,4096823.7,0.05859766433200432
DEU,2015,P,150218.9,4096823.7,0.03666716241658141
DEU,2015,Q,320297.5000000001,4096823.7,0.07818190956081418
DEU,2015,R,46078.4,4096823.7,0.011247347548785171
DEU,2015,S,76245.3,4096823.7,0.018610832582324693
DEU,2015,T,7574.6,4096823.7,0.0018488957677139
DEU,2015,employees_compensation,0.0,4096823.7,0.0
DEU,2016,A01_02,36706.5,4209204.8,0.00872053077578929
DEU,2016,A03,415.0,4209204.8,9.859344453850286e-05
DEU,2016,B05_06,12453.500000000002,4209204.8,0.002958634847133122
DEU,2016,B07_08,3317.3,4209204.8,0.0007881061049821098
DEU,2016,B09,356.4,4209204.8,8.467157502053595e-05
DEU,2016,C10T12,170160.69999999998,4209204.8,0.040425854308633304
DEU,2016,C13T15,44531.299999999996,4209204.8,0.01057950423319863
DEU,2016,C16,12181.3,4209204.8,0.0028939670504984694
DEU,2016,C17_18,28415.100000000002,4209204.8,0.006750705026279549
DEU,2016,C19,36327.6,4209204.8,0.00863051377305281
DEU,2016,C20,107199.80000000002,4209204.8,0.025467945869490603
DEU,2016,C21,61595.600000000006,4209204.8,0.014633547885339295
DEU,2016,C22,44872.5,4209204.8,0.010660564674828843
DEU,2016,C23,21712.0,4209204.8,0.005158218958602347
DEU,2016,C24,43232.7,4209204.8,0.010270989902890921
DEU,2016,C25,66215.9,4209204.8,0.015731213648715787
DEU,2016,C26,107249.29999999999,4209204.8,0.025479705810465672
DEU,2016,C27,86090.2,4209204.8,0.02045284182893643
DEU,2016,C28,220986.2,4209204.8,0.052500700369818076
DEU,2016,C29,354261.7,4209204.8,0.08416356932786925
DEU,2016,C30,46059.6,4209204.8,0.01094258944112199
DEU,2016,C31T33,85152.2,4209204.8,0.0202299968868229
DEU,2016,D,57090.8,4209204.8,0.013563321984237974
DEU,2016,E,21115.0,4209204.8,0.0050163869432059945
DEU,2016,F,208394.4,4209204.8,0.04950920896032429
DEU,2016,G,408526.69999999995,4209204.8,0.09705555310589781
DEU,2016,H49,65099.8,4209204.8,0.015466056676548504
DEU,2016,H50,35766.8,4209204.8,0.008497281956915
DEU,2016,H51,31862.800000000003,4209204.8,0.007569790854557613
DEU,2016,H52,21877.6,4209204.8,0.005197561306591687
DEU,2016,H53,3701.0,4209204.8,0.0008792634656313231
DEU,2016,I,77632.19999999998,4209204.8,0.018443436156872193
DEU,2016,J58T60,51615.399999999994,4209204.8,0.012262506210199132
DEU,2016,J61,31427.300000000003,4209204.8,0.007466327131433473
DEU,2016,J62_63,55787.09999999999,4209204.8,0.01325359602364798
DEU,2016,K,141991.0,4209204.8,0.03373345008064231
DEU,2016,L,288348.9,4209204.8,0.06850436452985134
DEU,2016,M,161399.80000000002,4209204.8,0.03834448730078423
DEU,2016,N,81145.9,4209204.8,0.019278201906450358
DEU,2016,O,249051.10000000003,4209204.8,0.05916820678338104
DEU,2016,P,155716.8,4209204.8,0.03699435104701962
DEU,2016,Q,337722.3,4209204.8,0.0802342285649774
DEU,2016,R,48295.4,4209204.8,0.011473758653891112
DEU,2016,S,78386.0,4209204.8,0.018622519864084544
DEU,2016,T,7758.3,4209204.8,0.0018431747488266668
DEU,2016,employees_compensation,0.0,4209204.8,0.0
DEU,2017,A01_02,40205.0,4518081.7,0.008898688131292534
DEU,2017,A03,406.60000000000014,4518081.7,8.999394588194368e-05
DEU,2017,B05_06,12641.1,4518081.7,0.002797890972179631
DEU,2017,B07_08,3904.1,4518081.7,0.0008641056667921698
DEU,2017,B09,322.7,4518081.7,7.14241178949907e-05
DEU,2017,C10T12,183053.1,4518081.7,0.04051566840856375
DEU,2017,C13T15,46655.100000000006,4518081.7,0.010326307290990334
DEU,2017,C16,13101.3,4518081.7,0.0028997483600174826
DEU,2017,C17_18,30172.5,4518081.7,0.0066781660898252455
DEU,2017,C19,38357.700000000004,4518081.7,0.008489819916271103
DEU,2017,C20,124848.2,4518081.7,0.02763301070894756
DEU,2017,C21,61241.29999999999,4518081.7,0.01355471283310348
DEU,2017,C22,48918.100000000006,4518081.7,0.010827183581031748
DEU,2017,C23,23709.699999999997,4518081.7,0.005247736002649088
DEU,2017,C24,50611.0,4518081.7,0.011201878000568249
DEU,2017,C25,72829.2,4518081.7,0.016119496024164414
DEU,2017,C26,114864.4,4518081.7,0.02542326757836185
DEU,2017,C27,94246.29999999999,4518081.7,0.02085980428375166
DEU,2017,C28,242837.8,4518081.7,0.05374798777985798
DEU,2017,C29,378961.5,4518081.7,0.08387663729055629
DEU,2017,C30,54380.4,4518081.7,0.012036170129460032
DEU,2017,C31T33,92315.4,4518081.7,0.02043243264060497
DEU,2017,D,60489.8,4518081.7,0.013388381179561228
DEU,2017,E,22012.300000000003,4518081.7,0.004872045585187183
DEU,2017,F,218983.19999999998,4518081.7,0.04846818064401093
DEU,2017,G,440009.69999999995,4518081.7,0.09738861074601637
DEU,2017,H49,69488.0,4518081.7,0.015379978631196509
DEU,2017,H50,38844.1,4518081.7,0.008597476225363521
DEU,2017,H51,33676.3,4518081.7,0.007453672207831036
DEU,2017,H52,25347.9,4518081.7,0.005610323514070142
DEU,2017,H53,4039.5,4518081.7,0.000894074137703176
DEU,2017,I,81308.9,4518081.7,0.01799633238150607
DEU,2017,J58T60,53111.2,4518081.7,0.011755254447922001
DEU,2017,J61,33280.6,4518081.7,0.007366090790257289
DEU,2017,J62_63,60929.8,4518081.7,0.013485767643378383
DEU,2017,K,145362.4,4518081.7,0.032173477518124556
DEU,2017,L,305374.70000000007,4518081.7,0.06758945948232854
DEU,2017,M,174507.2,4518081.7,0.03862417981507506
DEU,2017,N,90422.7,4518081.7,0.020013515913180586
DEU,2017,O,266953.5999999999,4518081.7,0.059085607061952844
DEU,2017,P,165195.69999999998,4518081.7,0.03656323877454451
DEU,2017,Q,357320.2,4518081.7,0.07908670620099677
DEU,2017,R,52478.7,4518081.7,0.011615261406184841
DEU,2017,S,82290.00000000001,4518081.7,0.018213482062531098
DEU,2017,T,8072.7,4518081.7,0.0017867538783107883
DEU,2017,employees_compensation,0.0,4518081.7,0.0
DEU,2018,A01_02,41085.9,4892392.5,0.008397915743677558
DEU,2018,A03,448.9,4892392.5,9.175469874912939e-05
DEU,2018,B05_06,15800.0,4892392.5,0.0032295037652845717
DEU,2018,B07_08,5334.799999999999,4892392.5,0.0010904276384202615
DEU,2018,B09,192.1,4892392.5,3.9265042614630775e-05
DEU,2018,C10T12,192522.7,4892392.5,0.039351442060300765
DEU,2018,C13T15,47748.600000000006,4892392.5,0.009759764777662465
DEU,2018,C16,14514.1,4892392.5,0.002966667126564355
DEU,2018,C17_18,32366.6,4892392.5,0.006615699782877191
DEU,2018,C19,46447.5,4892392.5,0.009493821274560452
DEU,2018,C20,125385.2,4892392.5,0.02562860604499741
DEU,2018,C21,79492.1,4892392.5,0.016248103560783402
DEU,2018,C22,52260.40000000001,4892392.5,0.010681972061726448
DEU,2018,C23,26245.300000000003,4892392.5,0.005364512352596404
DEU,2018,C24,56287.5,4892392.5,0.011505107163826288
DEU,2018,C25,79249.5,4892392.5,0.01619851637005821
DEU,2018,C26,123297.0,4892392.5,0.025201780110651384
DEU,2018,C27,98921.0,4892392.5,0.020219350757323742
DEU,2018,C28,267046.1,4892392.5,0.05458394844649116
DEU,2018,C29,393683.3,4892392.5,0.0804684620050415
DEU,2018,C30,56157.7,4892392.5,0.011478576177197556
DEU,2018,C31T33,97718.9,4892392.5,0.019973642752497883
DEU,2018,D,63937.399999999994,4892392.5,0.013068738863449732
DEU,2018,E,23603.199999999997,4892392.5,0.004824469827390177
DEU,2018,F,256402.30000000002,4892392.5,0.05240836666314079
DEU,2018,G,472438.1,4892392.5,0.0965658622034107
DEU,2018,H49,73618.7,4892392.5,0.01504758663578198
DEU,2018,H50,43242.3,4892392.5,0.008838681687947155
DEU,2018,H51,37386.100000000006,4892392.5,0.0076416804252725035
DEU,2018,H52,28143.4,4892392.5,0.0057524820422727736
DEU,2018,H53,4460.5,4892392.5,0.0009117216167754325
DEU,2018,I,89571.2,4892392.5,0.018308261244370724
DEU,2018,J58T60,58420.9,4892392.5,0.0119411719317287
DEU,2018,J61,35374.9,4892392.5,0.007230593211807925
DEU,2018,J62_63,70154.59999999999,4892392.5,0.014339528155191962
DEU,2018,K,156359.3,4892392.5,0.03195968025868734
DEU,2018,L,329777.2,4892392.5,0.0674061208294306
DEU,2018,M,187333.7,4892392.5,0.03829081579206901
DEU,2018,N,99956.90000000001,4892392.5,0.02043108765292237
DEU,2018,O,285767.89999999997,4892392.5,0.058410665129586384
DEU,2018,P,181674.30000000005,4892392.5,0.03713404024717969
DEU,2018,Q,387188.0,4892392.5,0.07914082935905081
DEU,2018,R,58084.4,4892392.5,0.011872391677487038
DEU,2018,S,88580.10000000002,4892392.5,0.01810568142273949
DEU,2018,T,8711.9,4892392.5,0.0017807034084039658
DEU,2018,employees_compensation,0.0,4892392.5,0.0
DEU,2019,A01_02,42472.80000000001,4786413.6,0.008873616772273924
DEU,2019,A03,372.40000000000003,4786413.6,7.780355629943891e-05
DEU,2019,B05_06,16264.800000000001,4786413.6,0.003398118374057771
DEU,2019,B07_08,6152.0,4786413.6,0.001285304721681386
DEU,2019,B09,191.29999999999998,4786413.6,3.996729409259576e-05
DEU,2019,C10T12,184888.3,4786413.6,0.03862773162770555
DEU,2019,C13T15,46202.6,4786413.6,0.009652864098497464
DEU,2019,C16,14004.6,4786413.6,0.0029259067791383513
DEU,2019,C17_18,29814.199999999997,4786413.6,0.006228922632177044
DEU,2019,C19,44678.40000000001,4786413.6,0.009334421078863727
DEU,2019,C20,118304.29999999999,4786413.6,0.024716689757023923
DEU,2019,C21,77808.1,4786413.6,0.016256033536257715
DEU,2019,C22,50268.600000000006,4786413.6,0.010502351907072972
DEU,2019,C23,26072.4,4786413.6,0.005447168209617322
DEU,2019,C24,52663.299999999996,4786413.6,0.011002663873427068
DEU,2019,C25,74639.70000000001,4786413.6,0.015594076533628438
DEU,2019,C26,119537.4,4786413.6,0.02497431479803584
DEU,2019,C27,95185.8,4786413.6,0.01988666420302667
DEU,2019,C28,253272.30000000002,4786413.6,0.052914837948814124
DEU,2019,C29,382715.80000000005,4786413.6,0.07995878166483567
DEU,2019,C30,58678.600000000006,4786413.6,0.012259408589345478
DEU,2019,C31T33,94828.6,4786413.6,0.019812036302086392
DEU,2019,D,63491.9,4786413.6,0.013265025822256565
DEU,2019,E,22717.600000000002,4786413.6,0.0047462676438993915
DEU,2019,F,253206.0,4786413.6,0.05290098624155673
DEU,2019,G,463277.0,4786413.6,0.09679000577802137
DEU,2019,H49,74820.8,4786413.6,0.01563191279583528
DEU,2019,H50,43276.9,4786413.6,0.009041613119267421
DEU,2019,H51,34142.2,4786413.6,0.007133148710759137
DEU,2019,H52,27833.0,4786413.6,0.005815001027073799
DEU,2019,H53,4386.3,4786413.6,0.0009164063882820324
DEU,2019,I,88295.20000000001,4786413.6,0.018447047701853434
DEU,2019,J58T60,55685.3,4786413.6,0.011634034300754955
DEU,2019,J61,33596.1,4786413.6,0.0070190549349934996
DEU,2019,J62_63,72910.5,4786413.6,0.015232803951584963
DEU,2019,K,150591.9,4786413.6,0.03146236672902651
DEU,2019,L,319975.6999999999,4786413.6,0.06685082542804072
DEU,2019,M,186410.90000000002,4786413.6,0.03894584036782781
DEU,2019,N,98321.09999999999,4786413.6,0.02054170579826198
DEU,2019,O,285174.2,4786413.6,0.05957993266607801
DEU,2019,P,182054.49999999997,4786413.6,0.03803568082791675
DEU,2019,Q,384856.5,4786413.6,0.08040602675874062
DEU,2019,R,57402.9,4786413.6,0.011992883356340122
DEU,2019,S,86450.50000000001,4786413.6,0.018061644317574232
DEU,2019,T,8520.3,4786413.6,0.0017801010760958894
DEU,2019,employees_compensation,0.0,4786413.6,0.0
DEU,2020,A01_02,40178.5,4723510.2,0.008506068220197767
DEU,2020,A03,362.6,4723510.2,7.676494484970097e-05
DEU,2020,B05_06,12681.999999999998,4723510.2,0.0026848677070708976
DEU,2020,B07_08,5567.0,4723510.2,0.001178572664032778
DEU,2020,B09,178.2,4723510.2,3.772618083898707e-05
DEU,2020,C10T12,192177.1,4723510.2,0.04068523023407465
DEU,2020,C13T15,44818.5,4723510.2,0.009488388529361068
DEU,2020,C16,14057.699999999999,4723510.2,0.002976112976320025
DEU,2020,C17_18,27508.1,4723510.2,0.005823656313899777
DEU,2020,C19,34081.4,4723510.2,0.007215269694982346
DEU,2020,C20,113567.70000000001,4723510.2,0.024043072882535536
DEU,2020,C21,77663.6,4723510.2,0.01644192490576182
DEU,2020,C22,47004.5,4723510.2,0.009951179950876363
DEU,2020,C23,24887.6,4723510.2,0.005268878216882013
DEU,2020,C24,48085.3,4723510.2,0.010179992836683194
DEU,2020,C25,70297.5,4723510.2,0.014882470244268763
DEU,2020,C26,117554.4,4723510.2,0.024887085032652197
DEU,2020,C27,92760.4,4723510.2,0.019638022587523996
DEU,2020,C28,234402.3,4723510.2,0.04962459909581649
DEU,2020,C29,346292.1,4723510.2,0.07331244886482938
DEU,2020,C30,51934.0,4723510.2,0.010994789425880778
DEU,2020,C31T33,93129.40000000001,4723510.2,0.019716142456938063
DEU,2020,D,64880.6,4723510.2,0.013735674795409566
DEU,2020,E,23720.4,4723510.2,0.00502177384945628
DEU,2020,F,273262.5,4723510.2,0.05785157402645177
DEU,2020,G,476997.80000000005,4723510.2,0.10098375568237368
DEU,2020,H49,70367.0,4723510.2,0.014897183878209895
DEU,2020,H50,40375.8,4723510.2,0.008547838004033526
DEU,2020,H51,22608.1,4723510.2,0.004786292194309223
DEU,2020,H52,26978.9,4723510.2,0.005711620988983998
DEU,2020,H53,4559.700000000001,4723510.2,0.0009653202400198058
DEU,2020,I,66088.0,4723510.2,0.013991289782755205
DEU,2020,J58T60,53035.299999999996,4723510.2,0.011227942304432833
DEU,2020,J61,35529.299999999996,4723510.2,0.007521800206973194
DEU,2020,J62_63,73810.1,4723510.2,0.015626112123140964
DEU,2020,K,149922.6,4723510.2,0.03173965835831158
DEU,2020,L,332781.4,4723510.2,0.07045213959736978
DEU,2020,M,185851.69999999998,4723510.2,0.03934609900916483
DEU,2020,N,70670.5,4723510.2,0.014961436941535554
DEU,2020,O,312738.1,4723510.2,0.06620883342222908
DEU,2020,P,188711.1,4723510.2,0.03995145389968672
DEU,2020,Q,415587.00000000006,4723510.2,0.08798266170781213
DEU,2020,R,49326.3,4723510.2,0.01044272117799174
DEU,2020,S,87951.59999999999,4723510.2,0.01861996614297562
DEU,2020,T,8566.5,4723510.2,0.001813587700096424
DEU,2020,employees_compensation,0.0,4723510.2,0.0
ITA,2010,A01_02,39449.29999999999,2528333.0,0.015602889334593183
ITA,2010,A03,2945.6999999999994,2528333.0,0.0011650759611174634
ITA,2010,B05_06,3681.0,2528333.0,0.0014558999941858925
ITA,2010,B07_08,1642.2,2528333.0,0.0006495188727117828
ITA,2010,B09,167.60000000000002,2528333.0,6.628873649159349e-05
ITA,2010,C10T12,124272.30000000002,2528333.0,0.049151872004201985
ITA,2010,C13T15,89201.40000000001,2528333.0,0.03528071658282355
ITA,2010,C16,7921.199999999999,2528333.0,0.00313297338602154
ITA,2010,C17_18,13547.1,2528333.0,0.0053581154064753335
ITA,2010,C19,37066.799999999996,2528333.0,0.01466056884120881
ITA,2010,C20,36693.0,2528333.0,0.014512724391921476
ITA,2010,C21,30064.699999999997,2528333.0,0.011891115608584786
ITA,2010,C22,23658.199999999997,2528333.0,0.009357232611368834
ITA,2010,C23,17077.4,2528333.0,0.006754410910271709
ITA,2010,C24,27286.399999999998,2528333.0,0.01079224928045475
ITA,2010,C25,41479.0,2528333.0,0.01640567124662772
ITA,2010,C26,35088.2,2528333.0,0.013877997874488842
ITA,2010,C27,37386.4,2528333.0,0.014786976240867007
ITA,2010,C28,106324.70000000001,2528333.0,0.04205328174730149
ITA,2010,C29,63492.799999999996,2528333.0,0.025112514846738935
ITA,2010,C30,27215.3,2528333.0,0.01076412798472353
ITA,2010,C31T33,56136.3,2528333.0,0.022202890204731734
ITA,2010,D,25132.6,2528333.0,0.009940383644084857
ITA,2010,E,14065.200000000003,2528333.0,0.005563033034018858
ITA,2010,F,198738.6,2528333.0,0.0786045983658007
ITA,2010,G,268465.2,2528333.0,0.10618269033390776
ITA,2010,H49,51872.4,2528333.0,0.020516443047652346
ITA,2010,H50,13218.2,2528333.0,0.005228029693873394
ITA,2010,H51,10224.8,2528333.0,0.004044087547012201
ITA,2010,H52,22160.6,2528333.0,0.008764905572169489
ITA,2010,H53,2594.5,2528333.0,0.0010261702078009504
ITA,2010,I,104541.40000000001,2528333.0,0.041347955352400184
ITA,2010,J58T60,21327.500000000007,2528333.0,0.008435399925563605
ITA,2010,J61,35435.8,2528333.0,0.01401547976473036
ITA,2010,J62_63,26473.100000000002,2528333.0,0.010470574880761356
ITA,2010,K,51529.40000000001,2528333.0,0.020380780538006665
ITA,2010,L,223508.80000000002,2528333.0,0.08840164646033573
ITA,2010,M,49499.2,2528333.0,0.019577800867211715
ITA,2010,N,30532.199999999997,2528333.0,0.012076020049574166
ITA,2010,O,189969.0,2528333.0,0.07513606791510453
ITA,2010,P,96698.2,2528333.0,0.038245832333003604
ITA,2010,Q,172055.1,2528333.0,0.06805080659865612
ITA,2010,R,31362.9,2528333.0,0.012404576454130053
ITA,2010,S,43261.799999999996,2528333.0,0.017110799882768604
ITA,2010,T,23869.5,2528333.0,0.009440805463520826
ITA,2010,employees_compensation,0.0,2528333.0,0.0
ITA,2011,A01_02,43737.799999999996,2697629.4,0.016213420568444277
ITA,2011,A03,3192.5,2697629.4,0.0011834464734110624
ITA,2011,B05_06,4273.8,2697629.4,0.0015842798866293497
ITA,2011,B07_08,1827.4,2697629.4,0.0006774095804264293
ITA,2011,B09,197.2,2697629.4,7.310121990811637e-05
ITA,2011,C10T12,134987.80000000002,2697629.4,0.050039416088807465
ITA,2011,C13T15,100597.8,2697629.4,0.03729118610584538
ITA,2011,C16,8443.9,2697629.4,0.0031301186145139136
ITA,2011,C17_18,14937.0,2697629.4,0.005537083781782627
ITA,2011,C19,39854.8,2697629.4,0.014774008616602415
ITA,2011,C20,40511.7,2697629.4,0.015017518714764897
ITA,2011,C21,32711.3,2697629.4,0.01212594287413979
ITA,2011,C22,26528.0,2697629.4,0.00983381927851172
ITA,2011,C23,17754.6,2697629.4,0.006581556384283178
ITA,2011,C24,37036.8,2697629.4,0.013729387735765337
ITA,2011,C25,45530.6,2697629.4,0.01687800407276107
ITA,2011,C26,36445.0,2697629.4,0.013510009936872723
ITA,2011,C27,40191.0,2697629.4,0.014898636558453878
ITA,2011,C28,121172.1,2697629.4,0.04491799355389588
ITA,2011,C29,69847.9,2697629.4,0.025892326054868766
ITA,2011,C30,30385.299999999996,2697629.4,0.011263704347231684
ITA,2011,C31T33,58842.100000000006,2697629.4,0.021812521764479585
ITA,2011,D,25573.4,2697629.4,0.009479953028388556
ITA,2011,E,14756.599999999999,2697629.4,0.0054702102520086705
ITA,2011,F,209100.80000000002,2697629.4,0.07751279697648611
ITA,2011,G,282856.5,2697629.4,0.10485372824006145
ITA,2011,H49,57408.59999999999,2697629.4,0.021281129275948725
ITA,2011,H50,12542.900000000001,2697629.4,0.004649600868080694
ITA,2011,H51,11316.0,2697629.4,0.004194794140366353
ITA,2011,H52,17736.5,2697629.4,0.006574846789555304
ITA,2011,H53,2938.2999999999997,2697629.4,0.0010892155905477601
ITA,2011,I,112774.3,2697629.4,0.04180496401766677
ITA,2011,J58T60,21581.400000000005,2697629.4,0.008000135229842916
ITA,2011,J61,34893.0,2697629.4,0.012934689991145559
ITA,2011,J62_63,27069.100000000002,2697629.4,0.010034402798249457
ITA,2011,K,54614.200000000004,2697629.4,0.020245256816966782
ITA,2011,L,242518.4,2697629.4,0.08990056232334953
ITA,2011,M,44245.40000000001,2697629.4,0.016401585777497833
ITA,2011,N,31638.7,2697629.4,0.01172833451474098
ITA,2011,O,200194.8,2697629.4,0.07421137981369864
ITA,2011,P,98376.20000000003,2697629.4,0.03646764822477099
ITA,2011,Q,182428.59999999998,2697629.4,0.06762552335765616
ITA,2011,R,32228.0,2697629.4,0.011946785574030295
ITA,2011,S,46680.299999999996,2697629.4,0.017304193081525577
ITA,2011,T,25151.0,2697629.4,0.00932337110501539
ITA,2011,employees_compensation,0.0,2697629.4,0.0
ITA,2012,A01_02,39416.700000000004,2421946.6,0.016274801434515526
ITA,2012,A03,2630.6,2421946.6,0.001086151114975037
ITA,2012,B05_06,3286.7999999999997,2421946.6,0.001357090201741029
ITA,2012,B07_08,1715.9999999999995,2421946.6,0.0007085209888607781
ITA,2012,B09,199.0,2421946.6,8.21653128107779e-05
ITA,2012,C10T12,123007.59999999999,2421946.6,0.050788733327150976
ITA,2012,C13T15,85700.70000000001,2421946.6,0.03538504936483736
ITA,2012,C16,6627.1,2421946.6,0.002736270073006564
ITA,2012,C17_18,13193.5,2421946.6,0.005447477661150745
ITA,2012,C19,36001.5,2421946.6,0.014864696025915683
ITA,2012,C20,36696.2,2421946.6,0.015151531416918934
ITA,2012,C21,29196.2,2421946.6,0.012054848773296652
ITA,2012,C22,21962.5,2421946.6,0.009068119008073918
ITA,2012,C23,15349.0,2421946.6,0.006337464252927789
ITA,2012,C24,34987.7,2421946.6,0.014446107110701779
ITA,2012,C25,39249.5,2421946.6,0.016205766056113704
ITA,2012,C26,31183.6,2421946.6,0.012875428384754643
ITA,2012,C27,33303.5,2421946.6,0.01375071605624996
ITA,2012,C28,108080.80000000002,2421946.6,0.04462559166250817
ITA,2012,C29,53488.8,2421946.6,0.02208504514509114
ITA,2012,C30,25274.799999999996,2421946.6,0.010435737930803261
ITA,2012,C31T33,52297.90000000001,2421946.6,0.02159333323038584
ITA,2012,D,27063.999999999996,2421946.6,0.011174482542265794
ITA,2012,E,14649.5,2421946.6,0.0060486469850326175
ITA,2012,F,180363.1,2421946.6,0.07447030417598803
ITA,2012,G,252302.8,2421946.6,0.10417356022630721
ITA,2012,H49,51224.0,2421946.6,0.021149929564921042
ITA,2012,H50,11348.3,2421946.6,0.004685611152615833
ITA,2012,H51,10821.199999999999,2421946.6,0.004467976296422059
ITA,2012,H52,19019.4,2421946.6,0.00785293944961462
ITA,2012,H53,1878.5999999999997,2421946.6,0.0007756570685745093
ITA,2012,I,104950.6,2421946.6,0.04333316019436597
ITA,2012,J58T60,18446.9,2421946.6,0.007616559341151453
ITA,2012,J61,31677.700000000004,2421946.6,0.013079437837316481
ITA,2012,J62_63,26177.4,2421946.6,0.010808413364687727
ITA,2012,K,45486.6,2421946.6,0.01878100863165191
ITA,2012,L,227211.7,2421946.6,0.09381367037572175
ITA,2012,M,40867.0,2421946.6,0.016873617279588245
ITA,2012,N,30078.0,2421946.6,0.012418936073982803
ITA,2012,O,181426.5,2421946.6,0.07490937248575175
ITA,2012,P,90658.80000000002,2421946.6,0.037432204326883184
ITA,2012,Q,167625.9,2421946.6,0.06921122868687525
ITA,2012,R,29042.0,2421946.6,0.011991180978143778
ITA,2012,S,43058.399999999994,2421946.6,0.017778426658952757
ITA,2012,T,23718.2,2421946.6,0.009793031770394938
ITA,2012,employees_compensation,0.0,2421946.6,0.0
ITA,2013,A01_02,42151.89999999999,2466856.4,0.017087293771943915
ITA,2013,A03,2513.2,2466856.4,0.0010187865009086057
ITA,2013,B05_06,3079.4,2466856.4,0.0012483093867968968
ITA,2013,B07_08,2105.6,2466856.4,0.0008535559670194017
ITA,2013,B09,199.9,2466856.4,8.103430746921468e-05
ITA,2013,C10T12,128153.5,2466856.4,0.05195012567411707
ITA,2013,C13T15,87838.5,2466856.4,0.035607463815080606
ITA,2013,C16,6551.0,2466856.4,0.0026556065444263395
ITA,2013,C17_18,13721.6,2466856.4,0.005562382958327044
ITA,2013,C19,31928.299999999996,2466856.4,0.012942909850772018
ITA,2013,C20,37362.9,2466856.4,0.01514595661101311
ITA,2013,C21,31204.600000000006,2466856.4,0.01264954052453155
ITA,2013,C22,22261.4,2466856.4,0.009024197760356055
ITA,2013,C23,15394.3,2466856.4,0.006240452423578445
ITA,2013,C24,30686.1,2466856.4,0.012439353989149915
ITA,2013,C25,39330.1,2466856.4,0.015943408785367482
ITA,2013,C26,30791.700000000004,2466856.4,0.012482161507252714
ITA,2013,C27,35615.4,2466856.4,0.014437565153772227
ITA,2013,C28,112689.3,2466856.4,0.04568133759224899
ITA,2013,C29,56961.7,2466856.4,0.023090804961326487
ITA,2013,C30,21616.699999999997,2466856.4,0.008762852997847787
ITA,2013,C31T33,53110.7,2466856.4,0.021529708822937563
ITA,2013,D,29354.900000000005,2466856.4,0.011899719821551026
ITA,2013,E,15728.699999999999,2466856.4,0.006376009564237302
ITA,2013,F,169378.60000000003,2466856.4,0.06866171861483304
ITA,2013,G,255374.3,2466856.4,0.10352215880908187
ITA,2013,H49,52954.4,2466856.4,0.021466348831654734
ITA,2013,H50,12227.4,2466856.4,0.0049566727921414476
ITA,2013,H51,11852.8,2466856.4,0.004804819607659367
ITA,2013,H52,21694.3,2466856.4,0.008794310037665752
ITA,2013,H53,2322.6,2466856.4,0.0009415221737268533
ITA,2013,I,108487.5,2466856.4,0.04397803617592009
ITA,2013,J58T60,17784.8,2466856.4,0.007209499507146018
ITA,2013,J61,29300.6,2466856.4,0.011877708001162937
ITA,2013,J62_63,28882.9,2466856.4,0.011708383187606706
ITA,2013,K,48445.8,2466856.4,0.019638678603262034
ITA,2013,L,237476.69999999998,2466856.4,0.09626693308941696
ITA,2013,M,40544.100000000006,2466856.4,0.016435533093859863
ITA,2013,N,28227.800000000003,2466856.4,0.011442822533164072
ITA,2013,O,188325.9,2466856.4,0.07634246565791182
ITA,2013,P,92739.40000000001,2466856.4,0.0375941623517283
ITA,2013,Q,172033.00000000003,2466856.4,0.06973774395623517
ITA,2013,R,28712.100000000002,2466856.4,0.011639145270069227
ITA,2013,S,44818.39999999999,2466856.4,0.018168224141461978
ITA,2013,T,24921.6,2466856.4,0.01010257427226003
ITA,2013,employees_compensation,0.0,2466856.4,0.0
ITA,2014,A01_02,40783.8,2484957.2,0.016412274625896978
ITA,2014,A03,2452.4,2484957.2,0.0009868982854111129
ITA,2014,B05_06,3214.4999999999995,2484957.2,0.001293583648040296
ITA,2014,B07_08,2131.5999999999995,2484957.2,0.0008578014945287586
ITA,2014,B09,200.6,2484957.2,8.07257364432675e-05
ITA,2014,C10T12,129238.6,2484957.2,0.05200838066748192
ITA,2014,C13T15,89197.5,2484957.2,0.03589498442870565
ITA,2014,C16,6669.8,2484957.2,0.0026840703735259504
ITA,2014,C17_18,13974.599999999999,2484957.2,0.005623678347458055
ITA,2014,C19,28841.4,2484957.2,0.011606397084022212
ITA,2014,C20,37277.4,2484957.2,0.01500122416595344
ITA,2014,C21,30899.7,2484957.2,0.012434701088614322
ITA,2014,C22,23138.9,2484957.2,0.009311588948091339
ITA,2014,C23,15396.3,2484957.2,0.006195800877375272
ITA,2014,C24,29892.699999999997,2484957.2,0.012029462720726133
ITA,2014,C25,39814.299999999996,2484957.2,0.01602212706118238
ITA,2014,C26,30780.1,2484957.2,0.012386571487026012
ITA,2014,C27,36625.4,2484957.2,0.014738845401441924
ITA,2014,C28,117703.19999999998,2484957.2,0.04736628864271786
ITA,2014,C29,61803.40000000001,2484957.2,0.024871011862900496
ITA,2014,C30,24144.9,2484957.2,0.009716424894561565
ITA,2014,C31T33,54735.299999999996,2484957.2,0.022026657038600097
ITA,2014,D,26405.099999999995,2484957.2,0.010625977783440292
ITA,2014,E,15449.5,2484957.2,0.006217209696810874
ITA,2014,F,157754.59999999998,2484957.2,0.06348382982209913
ITA,2014,G,264994.4,2484957.2,0.10663942220010872
ITA,2014,H49,56050.600000000006,2484957.2,0.022555961929646113
ITA,2014,H50,12361.8,2484957.2,0.004974653084568216
ITA,2014,H51,11853.099999999999,2484957.2,0.004769941309250718
ITA,2014,H52,23379.4,2484957.2,0.009408371299111309
ITA,2014,H53,2342.0,2484957.2,0.0009424709608680583
ITA,2014,I,110779.3,2484957.2,0.04457996298688766
ITA,2014,J58T60,16741.399999999998,2484957.2,0.006737097926676563
ITA,2014,J61,26724.699999999997,2484957.2,0.010754591668621092
ITA,2014,J62_63,31917.0,2484957.2,0.012844084397107523
ITA,2014,K,51876.3,2484957.2,0.020876134204645454
ITA,2014,L,238599.9,2484957.2,0.09601771008369882
ITA,2014,M,39505.2,2484957.2,0.015897738600890186
ITA,2014,N,27505.399999999998,2484957.2,0.011068762069624377
ITA,2014,O,184915.39999999997,2484957.2,0.07441391747109365
ITA,2014,P,92641.0,2484957.2,0.03728072258145935
ITA,2014,Q,175489.40000000002,2484957.2,0.07062069318537961
ITA,2014,R,28187.8,2484957.2,0.011343374445241953
ITA,2014,S,45383.6,2484957.2,0.018263332664240652
ITA,2014,T,25183.9,2484957.2,0.01013454074782455
ITA,2014,employees_compensation,0.0,2484957.2,0.0
ITA,2015,A01_02,35320.899999999994,2157393.0,0.01637202864753895
ITA,2015,A03,2143.2000000000003,2157393.0,0.0009934212264524824
ITA,2015,B05_06,2569.7,2157393.0,0.001191113533788234
ITA,2015,B07_08,1724.5,2157393.0,0.0007993443939050512
ITA,2015,B09,170.79999999999998,2157393.0,7.916962741605261e-05
ITA,2015,C10T12,111167.69999999998,2157393.0,0.05152872008020791
ITA,2015,C13T15,75123.69999999998,2157393.0,0.03482151837889526
ITA,2015,C16,5587.9,2157393.0,0.00259011686790492
ITA,2015,C17_18,12047.2,2157393.0,0.005584147162802512
ITA,2015,C19,25812.699999999997,2157393.0,0.011964764880575768
ITA,2015,C20,33085.1,2157393.0,0.015335685246035376
ITA,2015,C21,27283.4,2157393.0,0.012646467287137763
ITA,2015,C22,20378.8,2157393.0,0.009446030463619748
ITA,2015,C23,13594.2,2157393.0,0.006301216329152825
ITA,2015,C24,23601.300000000003,2157393.0,0.010939731425845919
ITA,2015,C25,34176.899999999994,2157393.0,0.01584175901191855
ITA,2015,C26,28571.5,2157393.0,0.013243530501860347
ITA,2015,C27,31812.1,2157393.0,0.014745621219685054
ITA,2015,C28,99774.5,2157393.0,0.04624771657273385
ITA,2015,C29,62609.399999999994,2157393.0,0.029020859898961384
ITA,2015,C30,22260.899999999998,2157393.0,0.010318425989145232
ITA,2015,C31T33,47824.9,2157393.0,0.022167912846662616
ITA,2015,D,23958.4,2157393.0,0.011105255278013789
ITA,2015,E,12520.0,2157393.0,0.00580330055766381
ITA,2015,F,129869.5,2157393.0,0.06019742346433867
ITA,2015,G,234142.89999999997,2157393.0,0.10853048100183878
ITA,2015,H49,45973.6,2157393.0,0.021309793811326912
ITA,2015,H50,11317.400000000001,2157393.0,0.005245868508890129
ITA,2015,H51,10932.899999999998,2157393.0,0.005067644142722257
ITA,2015,H52,24764.3,2157393.0,0.011478807987232739
ITA,2015,H53,1936.0,2157393.0,0.0008973793833575987
ITA,2015,I,95482.79999999999,2157393.0,0.04425841745106246
ITA,2015,J58T60,14930.699999999999,2157393.0,0.006920714028459348
ITA,2015,J61,23908.1,2157393.0,0.011081940100853204
ITA,2015,J62_63,29176.6,2157393.0,0.013524007911400472
ITA,2015,K,47099.8,2157393.0,0.0218318127480714
ITA,2015,L,204458.69999999998,2157393.0,0.0947711891157522
ITA,2015,M,40747.7,2157393.0,0.01888747205539278
ITA,2015,N,25912.1,2157393.0,0.012010839008006422
ITA,2015,O,152351.9,2157393.0,0.07061851966702404
ITA,2015,P,76966.4,2157393.0,0.03567565112151564
ITA,2015,Q,148909.20000000004,2157393.0,0.06902275107038915
ITA,2015,R,25959.8,2157393.0,0.012032949026904232
ITA,2015,S,38527.8,2157393.0,0.017858498660188477
ITA,2015,T,20905.1,2157393.0,0.009689982307349658
ITA,2015,employees_compensation,0.0,2157393.0,0.0
ITA,2016,A01_02,35932.700000000004,2181270.2,0.016473291571122185
ITA,2016,A03,2143.3999999999996,2181270.2,0.000982638464505681
ITA,2016,B05_06,2447.9,2181270.2,0.001122236025596462
ITA,2016,B07_08,1564.3000000000002,2181270.2,0.0007171509517711287
ITA,2016,B09,174.3,2181270.2,7.990756945196427e-05
ITA,2016,C10T12,114596.3,2181270.2,0.0525364991462314
ITA,2016,C13T15,76681.0,2181270.2,0.0351542876256229
ITA,2016,C16,5991.9,2181270.2,0.0027469774262720865
ITA,2016,C17_18,12721.0,2181270.2,0.005831923069411575
ITA,2016,C19,23484.199999999997,2181270.2,0.010766295711553752
ITA,2016,C20,33892.100000000006,2181270.2,0.015537781609999532
ITA,2016,C21,25606.199999999997,2181270.2,0.011739123378662578
ITA,2016,C22,21010.7,2181270.2,0.009632323404959184
ITA,2016,C23,13688.3,2181270.2,0.006275380280719004
ITA,2016,C24,23563.2,2181270.2,0.010802513141196353
ITA,2016,C25,33590.3,2181270.2,0.01539942185979527
ITA,2016,C26,29202.699999999997,2181270.2,0.013387933324353854
ITA,2016,C27,31614.9,2181270.2,0.014493802739339675
ITA,2016,C28,103156.9,2181270.2,0.04729212364428762
ITA,2016,C29,71185.20000000001,2181270.2,0.03263474648853682
ITA,2016,C30,24208.4,2181270.2,0.011098304098226803
ITA,2016,C31T33,49481.3,2181270.2,0.02268462659967573
ITA,2016,D,18276.899999999994,2181270.2,0.008379016959934626
ITA,2016,E,12197.3,2181270.2,0.005591833602274491
ITA,2016,F,126352.99999999999,2181270.2,0.057926340349765
ITA,2016,G,238763.50000000003,2181270.2,0.10946076281608762
ITA,2016,H49,46742.3,2181270.2,0.021428936222573435
ITA,2016,H50,11329.0,2181270.2,0.005193762790139433
ITA,2016,H51,10413.099999999999,2181270.2,0.004773869830523517
ITA,2016,H52,27079.200000000004,2181270.2,0.012414417984530298
ITA,2016,H53,1852.5,2181270.2,0.0008492758026951452
ITA,2016,I,98003.09999999999,2181270.2,0.044929371886160634
ITA,2016,J58T60,16448.899999999998,2181270.2,0.007540973144913453
ITA,2016,J61,24466.399999999998,2181270.2,0.011216583805160862
ITA,2016,J62_63,27770.399999999998,2181270.2,0.01273129757147922
ITA,2016,K,49060.700000000004,2181270.2,0.022491803170464623
ITA,2016,L,207673.10000000003,2181270.2,0.09520741630266623
ITA,2016,M,48973.9,2181270.2,0.02245200984270541
ITA,2016,N,28002.7,2181270.2,0.012837795152567525
ITA,2016,O,140572.80000000005,2181270.2,0.06444538599573772
ITA,2016,P,76813.59999999998,2181270.2,0.035215077893605284
ITA,2016,Q,151422.4,2181270.2,0.0694193685862485
ITA,2016,R,26549.300000000007,2181270.2,0.012171486136838987
ITA,2016,S,36157.5,2181270.2,0.016576350788636823
ITA,2016,T,20411.4,2181270.2,0.00935757523299956
ITA,2016,employees_compensation,0.0,2181270.2,0.0
ITA,2017,A01_02,38119.49999999999,2312423.4,0.016484654151138582
ITA,2017,A03,2113.5,2312423.4,0.0009139762207907081
ITA,2017,B05_06,1958.0,2312423.4,0.000846730750086684
ITA,2017,B07_08,3370.3,2312423.4,0.0014574753049117217
ITA,2017,B09,194.7,2312423.4,8.419738357603543e-05
ITA,2017,C10T12,118930.8,2312423.4,0.05143123876016823
ITA,2017,C13T15,81450.79999999999,2312423.4,0.03522313431009217
ITA,2017,C16,6510.4,2312423.4,0.002815401366376071
ITA,2017,C17_18,13821.5,2312423.4,0.00597706285103325
ITA,2017,C19,27884.1,2312423.4,0.012058388615164506
ITA,2017,C20,36211.9,2312423.4,0.01565971871760163
ITA,2017,C21,27749.300000000003,2312423.4,0.012000094792329124
ITA,2017,C22,22553.8,2312423.4,0.009753317666652222
ITA,2017,C23,14045.3,2312423.4,0.006073844435236212
ITA,2017,C24,26726.6,2312423.4,0.011557831494007543
ITA,2017,C25,36141.5,2312423.4,0.01562927446591312
ITA,2017,C26,31833.4,2312423.4,0.013766250592343947
ITA,2017,C27,33284.2,2312423.4,0.014393644347311137
ITA,2017,C28,113209.20000000001,2312423.4,0.0489569513956657
ITA,2017,C29,79532.9,2312423.4,0.034393744674958746
ITA,2017,C30,26402.7,2312423.4,0.01141776198943498
ITA,2017,C31T33,52458.5,2312423.4,0.0226855081988878
ITA,2017,D,19467.600000000002,2312423.4,0.00841870048538689
ITA,2017,E,12832.199999999999,2312423.4,0.005549243274393435
ITA,2017,F,131918.4,2312423.4,0.057047684260589995
ITA,2017,G,255426.8,2312423.4,0.11045849129532247
ITA,2017,H49,48531.09999999999,2312423.4,0.020987116805685324
ITA,2017,H50,12303.2,2312423.4,0.005320478939972672
ITA,2017,H51,11245.8,2312423.4,0.004863209739185306
ITA,2017,H52,28101.600000000002,2312423.4,0.012152445784798753
ITA,2017,H53,2113.9,2312423.4,0.0009141491994934839
ITA,2017,I,105014.2,2312423.4,0.04541305022255007
ITA,2017,J58T60,16546.6,2312423.4,0.007155523508367887
ITA,2017,J61,25577.3,2312423.4,0.011060820436257477
ITA,2017,J62_63,33498.2,2312423.4,0.014486187953296096
ITA,2017,K,51272.100000000006,2312423.4,0.0221724533664553
ITA,2017,L,214712.1,2312423.4,0.09285155132057564
ITA,2017,M,51427.9,2312423.4,0.022239828571186403
ITA,2017,N,29720.700000000004,2312423.4,0.012852620328958791
ITA,2017,O,144879.30000000002,2312423.4,0.0626525834326015
ITA,2017,P,79610.7,2312423.4,0.03442738903264861
ITA,2017,Q,157643.80000000002,2312423.4,0.06817255006155015
ITA,2017,R,27927.0,2312423.4,0.012076940581037194
ITA,2017,S,37699.09999999999,2312423.4,0.0163028535345214
ITA,2017,T,20450.9,2312423.4,0.00884392538148507
ITA,2017,employees_compensation,0.0,2312423.4,0.0
ITA,2018,A01_02,40574.600000000006,2487956.8000000003,0.01630840213945837
ITA,2018,A03,2257.7000000000003,2487956.8000000003,0.0009074514477100245
ITA,2018,B05_06,2536.4000000000005,2487956.8000000003,0.0010194710776328592
ITA,2018,B07_08,3052.0,2487956.8000000003,0.0012267094026713003
ITA,2018,B09,212.7,2487956.8000000003,8.549183812194809e-05
ITA,2018,C10T12,126066.29999999999,2487956.8000000003,0.05067061453800161
ITA,2018,C13T15,88894.5,2487956.8000000003,0.035729921033998656
ITA,2018,C16,6941.299999999999,2487956.8000000003,0.002789960018598393
ITA,2018,C17_18,14865.0,2487956.8000000003,0.0059747821987905896
ITA,2018,C19,35046.899999999994,2487956.8000000003,0.014086619188886235
ITA,2018,C20,38131.6,2487956.8000000003,0.015326471906586156
ITA,2018,C21,29371.1,2487956.8000000003,0.011805309481257872
ITA,2018,C22,24673.5,2487956.8000000003,0.009917173803017801
ITA,2018,C23,15267.8,2487956.8000000003,0.006136682116023879
ITA,2018,C24,29882.2,2487956.8000000003,0.01201073909321898
ITA,2018,C25,41108.4,2487956.8000000003,0.016522955704054026
ITA,2018,C26,34109.4,2487956.8000000003,0.013709803964441825
ITA,2018,C27,35543.600000000006,2487956.8000000003,0.01428626091899988
ITA,2018,C28,125005.2,2487956.8000000003,0.050244119994366454
ITA,2018,C29,82709.5,2487956.8000000003,0.03324394539326406
ITA,2018,C30,29333.6,2487956.8000000003,0.011790236872280096
ITA,2018,C31T33,56572.299999999996,2487956.8000000003,0.022738457516625687
ITA,2018,D,21277.000000000004,2487956.8000000003,0.008551997365870662
ITA,2018,E,13845.4,2487956.8000000003,0.005564968009090832
ITA,2018,F,142182.1,2487956.8000000003,0.05714813858504295
ITA,2018,G,272363.60000000003,2487956.8000000003,0.1094728011354538
ITA,2018,H49,51499.0,2487956.8000000003,0.020699314393240267
ITA,2018,H50,13054.599999999999,2487956.8000000003,0.005247116830967482
ITA,2018,H51,13030.0,2487956.8000000003,0.005237229199478061
ITA,2018,H52,30217.100000000002,2487956.8000000003,0.01214534753979651
ITA,2018,H53,2513.1,2487956.8000000003,0.0010101059632546673
ITA,2018,I,113288.90000000001,2487956.8000000003,0.04553491443259786
ITA,2018,J58T60,17938.0,2487956.8000000003,0.007209932262489445
ITA,2018,J61,25865.399999999998,2487956.8000000003,0.010396241606767446
ITA,2018,J62_63,37072.7,2487956.8000000003,0.01490086162267769
ITA,2018,K,54441.8,2487956.8000000003,0.02188213235856828
ITA,2018,L,228653.40000000002,2487956.8000000003,0.09190408772370967
ITA,2018,M,56826.9,2487956.8000000003,0.022840790483178806
ITA,2018,N,32976.399999999994,2487956.8000000003,0.01325441020519327
ITA,2018,O,154925.40000000002,2487956.8000000003,0.062270132664682926
ITA,2018,P,85285.29999999999,2487956.8000000003,0.03427925275872956
ITA,2018,Q,168300.69999999998,2487956.8000000003,0.06764615044762834
ITA,2018,R,29154.3,2487956.8000000003,0.011718169704554355
ITA,2018,S,39763.799999999996,2487956.8000000003,0.01598251223654687
ITA,2018,T,21326.3,2487956.8000000003,0.008571812822473443
ITA,2018,employees_compensation,0.0,2487956.8000000003,0.0
ITA,2019,A01_02,39129.0,2376584.4,0.01646438477000859
ITA,2019,A03,2047.3999999999999,2376584.4,0.0008614884453503945
ITA,2019,B05_06,2022.5,2376584.4,0.0008510112243436421
ITA,2019,B07_08,2555.6,2376584.4,0.0010753247391508587
ITA,2019,B09,209.3,2376584.4,8.806756452663748e-05
ITA,2019,C10T12,122763.6,2376584.4,0.05165547665801392
ITA,2019,C13T15,84658.19999999998,2376584.4,0.03562179403348772
ITA,2019,C16,6474.799999999999,2376584.4,0.002724414079298004
ITA,2019,C17_18,13962.100000000002,2376584.4,0.005874859735677808
ITA,2019,C19,31797.099999999995,2376584.4,0.013379327071237191
ITA,2019,C20,35288.8,2376584.4,0.014848536412172025
ITA,2019,C21,30579.6,2376584.4,0.01286703724891908
ITA,2019,C22,23471.7,2376584.4,0.009876232462015657
ITA,2019,C23,14596.0,2376584.4,0.006141587060825612
ITA,2019,C24,29222.8,2376584.4,0.01229613389703307
ITA,2019,C25,37822.0,2376584.4,0.015914435860136085
ITA,2019,C26,32020.4,2376584.4,0.013473285442755579
ITA,2019,C27,33488.8,2376584.4,0.014091146941804383
ITA,2019,C28,117425.29999999999,2376584.4,0.049409269874867476
ITA,2019,C29,74710.5,2376584.4,0.031436081125500955
ITA,2019,C30,30709.5,2376584.4,0.012921695522363944
ITA,2019,C31T33,54785.5,2376584.4,0.023052200460459138
ITA,2019,D,21126.0,2376584.4,0.008889227750548224
ITA,2019,E,13479.3,2376584.4,0.0056717110488480865
ITA,2019,F,139779.40000000002,2376584.4,0.05881524763017044
ITA,2019,G,269860.1,2376584.4,0.11354955456242159
ITA,2019,H49,49707.6,2376584.4,0.02091556268735922
ITA,2019,H50,12526.0,2376584.4,0.005270589169902824
ITA,2019,H51,12478.2,2376584.4,0.005250476271745283
ITA,2019,H52,29407.0,2376584.4,0.01237364008616736
ITA,2019,H53,2174.3,2376584.4,0.0009148844030113134
ITA,2019,I,109852.5,2376584.4,0.04622284821864522
ITA,2019,J58T60,16252.999999999998,2376584.4,0.006838806145491824
ITA,2019,J61,22421.3,2376584.4,0.009434253628863338
ITA,2019,J62_63,35711.5,2376584.4,0.015026396706130025
ITA,2019,K,53004.5,2376584.4,0.022302805656723153
ITA,2019,L,212104.0,2376584.4,0.08924740901269906
ITA,2019,M,52725.09999999999,2376584.4,0.022185241980044974
ITA,2019,N,31048.800000000003,2376584.4,0.013064463437528246
ITA,2019,O,145849.40000000002,2376584.4,0.061369333233021316
ITA,2019,P,81547.50000000001,2376584.4,0.03431289879711405
ITA,2019,Q,160732.1,2376584.4,0.06763155560559937
ITA,2019,R,27389.600000000002,2376584.4,0.011524774798656425
ITA,2019,S,37486.80000000001,2376584.4,0.015773393109876514
ITA,2019,T,20179.9,2376584.4,0.008491135429484433
ITA,2019,employees_compensation,0.0,2376584.4,0.0
ITA,2020,A01_02,37865.9,2228077.4,0.016994876389841755
ITA,2020,A03,1716.2,2228077.4,0.0007702604945411681
ITA,2020,B05_06,1370.6999999999998,2228077.4,0.0006151940682132496
ITA,2020,B07_08,2057.9999999999995,2228077.4,0.0009236662963324342
ITA,2020,B09,190.20000000000002,2228077.4,8.536507753276435e-05
ITA,2020,C10T12,120902.8,2228077.4,0.054263285467551534
ITA,2020,C13T15,73286.4,2228077.4,0.03289221460618917
ITA,2020,C16,5679.5,2228077.4,0.0025490586637609627
ITA,2020,C17_18,12910.3,2228077.4,0.005794367825821491
ITA,2020,C19,19360.399999999998,2228077.4,0.008689285210648427
ITA,2020,C20,33192.3,2228077.4,0.014897283191328993
ITA,2020,C21,29814.8,2228077.4,0.013381402279831032
ITA,2020,C22,22387.1,2228077.4,0.010047720963374073
ITA,2020,C23,13303.300000000001,2228077.4,0.005970753080660484
ITA,2020,C24,26345.100000000002,2228077.4,0.011824140400149476
ITA,2020,C25,34569.8,2228077.4,0.015515529218150144
ITA,2020,C26,32004.1,2228077.4,0.0143639983063425
ITA,2020,C27,31354.3,2228077.4,0.014072356732311005
ITA,2020,C28,105359.9,2228077.4,0.04728736084302996
ITA,2020,C29,65317.1,2228077.4,0.029315453762961737
ITA,2020,C30,29278.2,2228077.4,0.013140566840272247
ITA,2020,C31T33,49365.9,2228077.4,0.022156276976733395
ITA,2020,D,20335.9,2228077.4,0.00912710662564954
ITA,2020,E,14125.900000000001,2228077.4,0.006339950308728055
ITA,2020,F,134317.5,2228077.4,0.060284036811288515
ITA,2020,G,256504.09999999998,2228077.4,0.11512351411131408
ITA,2020,H49,44838.2,2228077.4,0.020124166243057802
ITA,2020,H50,8840.9,2228077.4,0.003967950125969591
ITA,2020,H51,7672.799999999999,2228077.4,0.0034436864715741023
ITA,2020,H52,27730.0,2228077.4,0.01244570767604393
ITA,2020,H53,2226.0,2228077.4,0.0009990676266452862
ITA,2020,I,73082.3,2228077.4,0.032800610966207906
ITA,2020,J58T60,15833.2,2228077.4,0.007106216328032411
ITA,2020,J61,22373.700000000004,2228077.4,0.010041706809646741
ITA,2020,J62_63,35650.4,2228077.4,0.016000521346341022
ITA,2020,K,53844.99999999999,2228077.4,0.024166575182711335
ITA,2020,L,211108.90000000002,2228077.4,0.09474935655287381
ITA,2020,M,54236.899999999994,2228077.4,0.024342466738363756
ITA,2020,N,24876.8,2228077.4,0.011165141749563996
ITA,2020,O,150120.5,2228077.4,0.06737669885256231
ITA,2020,P,80253.3,2228077.4,0.0360190808452166
ITA,2020,Q,166544.19999999998,2228077.4,0.07474794188029554
ITA,2020,R,23051.4,2228077.4,0.010345870390319476
ITA,2020,S,32678.700000000004,2228077.4,0.014666770552943988
ITA,2020,T,20198.5,2228077.4,0.009065439109072244
ITA,2020,employees_compensation,0.0,2228077.4,0.0
JPN,2010,A01_02,44209.49999999999,6290778.8,0.007027667226194632
JPN,2010,A03,5553.3,6290778.8,0.0008827682829986011
JPN,2010,B05_06,1562.0,6290778.8,0.0002482999402236175
JPN,2010,B07_08,723.8,6290778.8,0.00011505729624446499
JPN,2010,B09,250.0,6290778.8,3.974070746216669e-05
JPN,2010,C10T12,291267.6,6290778.8,0.046300721939229524
JPN,2010,C13T15,43763.4,6290778.8,0.006956753907799143
JPN,2010,C16,1618.8,6290778.8,0.00025732902895902175
JPN,2010,C17_18,5779.6,6290778.8,0.0009187415713933544
JPN,2010,C19,98677.6,6290778.8,0.0156860705386748
JPN,2010,C20,63009.0,6290778.8,0.010016088945934644
JPN,2010,C21,44091.50000000001,6290778.8,0.007008909612272491
JPN,2010,C22,51955.5,6290778.8,0.008258993306202406
JPN,2010,C23,12378.5,6290778.8,0.0019677213892817214
JPN,2010,C24,69298.1,6290778.8,0.011015822079135894
JPN,2010,C25,14363.7,6290778.8,0.0022832943990972947
JPN,2010,C26,242643.0,6290778.8,0.038571217922970046
JPN,2010,C27,146909.7,6290778.8,0.02335318164421868
JPN,2010,C28,269057.30000000005,6290778.8,0.042770109799441694
JPN,2010,C29,287825.0,6290778.8,0.045753476501192505
JPN,2010,C30,50516.5,6290778.8,0.008030245794050175
JPN,2010,C31T33,31212.3,6290778.8,0.0049615955340855415
JPN,2010,D,98413.40000000001,6290778.8,0.015644072559028784
JPN,2010,E,63021.9,6290778.8,0.01001813956643969
JPN,2010,F,476234.8,6290778.8,0.07570363148041384
JPN,2010,G,609066.2,6290778.8,0.09681888671717402
JPN,2010,H49,139263.90000000002,6290778.8,0.022137783639761745
JPN,2010,H50,27158.5,6290778.8,0.0043171920144450164
JPN,2010,H51,25118.1,6290778.8,0.003992844256421796
JPN,2010,H52,44620.9,6290778.8,0.007093064534394375
JPN,2010,H53,3080.2,6290778.8,0.0004896373084998633
JPN,2010,I,246341.3,6290778.8,0.03915911015659937
JPN,2010,J58T60,39307.600000000006,6290778.8,0.006248447330559455
JPN,2010,J61,104388.79999999999,6290778.8,0.0165939390525065
JPN,2010,J62_63,137233.7,6290778.8,0.02181505730260298
JPN,2010,K,213540.3,6290778.8,0.03394497037473325
JPN,2010,L,689814.8999999999,6290778.8,0.10965492857577505
JPN,2010,M,158337.0,6290778.8,0.02516969758974835
JPN,2010,N,82687.6,6290778.8,0.013144254889394618
JPN,2010,O,406731.3,6290778.8,0.06465515843602702
JPN,2010,P,236715.49999999997,6290778.8,0.03762896574904207
JPN,2010,Q,539559.0,6290778.8,0.08576982551031678
JPN,2010,R,74994.59999999999,6290778.8,0.011921353839368822
JPN,2010,S,98483.6,6290778.8,0.015655231749684157
JPN,2010,T,0.0,6290778.8,0.0
JPN,2010,employees_compensation,0.0,6290778.8,0.0
JPN,2011,A01_02,50882.5,6928995.9,0.007343416092943567
JPN,2011,A03,5533.500000000001,6928995.9,0.0007986005591372916
JPN,2011,B05_06,1204.5,6928995.9,0.00017383471102934265
JPN,2011,B07_08,613.0,6928995.9,8.846880685843673e-05
JPN,2011,B09,271.0,6928995.9,3.911100596841167e-05
JPN,2011,C10T12,310061.4000000001,6928995.9,0.04474838843532871
JPN,2011,C13T15,52993.8,6928995.9,0.007648121136859093
JPN,2011,C16,1157.0,6928995.9,0.00016697946090572804
JPN,2011,C17_18,8135.1,6928995.9,0.0011740662164340435
JPN,2011,C19,109278.30000000002,6928995.9,0.015771159570176684
JPN,2011,C20,68133.7,6928995.9,0.0098331274809962
JPN,2011,C21,45320.49999999999,6928995.9,0.006540702383732106
JPN,2011,C22,35110.1,6928995.9,0.005067126681370961
JPN,2011,C23,11973.8,6928995.9,0.0017280714511607662
JPN,2011,C24,75083.0,6928995.9,0.010836057790133776
JPN,2011,C25,15387.900000000001,6928995.9,0.0022207979658351363
JPN,2011,C26,326576.1,6928995.9,0.0471318073662015
JPN,2011,C27,102177.5,6928995.9,0.014746364621171156
JPN,2011,C28,296103.3,6928995.9,0.04273394071426712
JPN,2011,C29,275760.1,6928995.9,0.03979798862343099
JPN,2011,C30,58128.3,6928995.9,0.008389137594958023
JPN,2011,C31T33,78819.00000000001,6928995.9,0.011375241252487971
JPN,2011,D,105668.1,6928995.9,0.015250131696570928
JPN,2011,E,66960.90000000001,6928995.9,0.009663867747417777
JPN,2011,F,588229.2,6928995.9,0.08489385886344657
JPN,2011,G,669570.5,6928995.9,0.09663312111355124
JPN,2011,H49,145924.19999999998,6928995.9,0.021059934528176005
JPN,2011,H50,28476.6,6928995.9,0.004109772961476279
JPN,2011,H51,24617.9,6928995.9,0.003552881305644877
JPN,2011,H52,46564.60000000001,6928995.9,0.006720252208548718
JPN,2011,H53,2989.9,6928995.9,0.0004315055230441109
JPN,2011,I,259664.19999999998,6928995.9,0.03747501135049019
JPN,2011,J58T60,67163.8,6928995.9,0.009693150489524752
JPN,2011,J61,112741.8,6928995.9,0.016271015544979613
JPN,2011,J62_63,127846.40000000001,6928995.9,0.01845092735586696
JPN,2011,K,210110.0,6928995.9,0.030323296915213932
JPN,2011,L,777077.3,6928995.9,0.11214861593438091
JPN,2011,M,165246.9,6928995.9,0.023848606982145852
JPN,2011,N,81042.59999999999,6928995.9,0.01169615355090627
JPN,2011,O,449593.39999999997,6928995.9,0.06488579391423799
JPN,2011,P,263781.60000000003,6928995.9,0.03806923886331063
JPN,2011,Q,616999.6,6928995.9,0.0890460333509506
JPN,2011,R,73317.99999999999,6928995.9,0.010581331127645779
JPN,2011,S,116705.0,6928995.9,0.016842988751082966
JPN,2011,T,0.0,6928995.9,0.0
JPN,2011,employees_compensation,0.0,6928995.9,0.0
JPN,2012,A01_02,51885.100000000006,7014392.0,0.0073969490156809035
JPN,2012,A03,6095.6,7014392.0,0.0008690133086374414
JPN,2012,B05_06,1134.5,7014392.0,0.00016173889340658464
JPN,2012,B07_08,555.0,7014392.0,7.912303732098234e-05
JPN,2012,B09,214.5,7014392.0,3.057998469432561e-05
JPN,2012,C10T12,314893.5,7014392.0,0.044892486761504063
JPN,2012,C13T15,55269.0,7014392.0,0.00787937144088896
JPN,2012,C16,1185.6,7014392.0,0.00016902391540136335
JPN,2012,C17_18,7715.200000000001,7014392.0,0.001099910013583501
JPN,2012,C19,111212.59999999999,7014392.0,0.015854916577231495
JPN,2012,C20,65771.6,7014392.0,0.009376664435064366
JPN,2012,C21,44269.6,7014392.0,0.006311252636008937
JPN,2012,C22,35283.1,7014392.0,0.005030100969549463
JPN,2012,C23,11253.2,7014392.0,0.0016043015560008624
JPN,2012,C24,72928.8,7014392.0,0.010397023719233256
JPN,2012,C25,16398.6,7014392.0,0.002337850522183533
JPN,2012,C26,293123.4,7014392.0,0.04178885354568151
JPN,2012,C27,107644.6,7014392.0,0.015346248113877869
JPN,2012,C28,299646.6,7014392.0,0.0427188272340639
JPN,2012,C29,322373.5,7014392.0,0.045958865714947214
JPN,2012,C30,55199.7,7014392.0,0.007869491753526178
JPN,2012,C31T33,78296.80000000002,7014392.0,0.011162307438763048
JPN,2012,D,111102.3,7014392.0,0.015839191764589148
JPN,2012,E,68574.6,7014392.0,0.009776271414543129
JPN,2012,F,593665.7999999999,7014392.0,0.08463538963890241
JPN,2012,G,686284.2000000001,7014392.0,0.09783944210702795
JPN,2012,H49,151561.9,7014392.0,0.02160727544169188
JPN,2012,H50,28471.200000000004,7014392.0,0.004058969045357032
JPN,2012,H51,24978.500000000004,7014392.0,0.0035610356535534377
JPN,2012,H52,49109.399999999994,7014392.0,0.007001234034254144
JPN,2012,H53,3225.0,7014392.0,0.0004597690006489515
JPN,2012,I,264249.3,7014392.0,0.03767244545215038
JPN,2012,J58T60,66301.0,7014392.0,0.009452137833186398
JPN,2012,J61,114166.7,7014392.0,0.016276064981825936
JPN,2012,J62_63,134499.9,7014392.0,0.01917484794120431
JPN,2012,K,204283.40000000002,7014392.0,0.029123465013075975
JPN,2012,L,780298.5000000001,7014392.0,0.11124249970631811
JPN,2012,M,160699.39999999997,7014392.0,0.022909954276863907
JPN,2012,N,76767.1,7014392.0,0.010944227240222674
JPN,2012,O,444340.70000000007,7014392.0,0.06334700142221879
JPN,2012,P,261722.10000000003,7014392.0,0.037312157632479054
JPN,2012,Q,645059.9,7014392.0,0.09196233971525972
JPN,2012,R,76902.49999999999,7014392.0,0.010963530410048368
JPN,2012,S,115778.49999999999,7014392.0,0.016505849687328565
JPN,2012,T,0.0,7014392.0,0.0
JPN,2012,employees_compensation,0.0,7014392.0,0.0
JPN,2013,A01_02,44947.9,5942458.0,0.007563856572482297
JPN,2013,A03,4947.400000000001,5942458.0,0.0008325511093221022
JPN,2013,B05_06,1416.4,5942458.0,0.00023835254704366443
JPN,2013,B07_08,664.0,5942458.0,0.00011173827396003472
JPN,2013,B09,264.1,5942458.0,4.444288878440538e-05
JPN,2013,C10T12,264638.10000000003,5942458.0,0.04453344053925161
JPN,2013,C13T15,50688.69999999999,5942458.0,0.008529921456743993
JPN,2013,C16,1270.1,5942458.0,0.00021373310505518086
JPN,2013,C17_18,7032.799999999999,5942458.0,0.0011834833329911628
JPN,2013,C19,98777.50000000001,5942458.0,0.01662233035555321
JPN,2013,C20,64587.7,5942458.0,0.010868852585916466
JPN,2013,C21,36687.5,5942458.0,0.006173792057091527
JPN,2013,C22,32115.9,5942458.0,0.005404480772098011
JPN,2013,C23,9915.8,5942458.0,0.0016686361098387232
JPN,2013,C24,64876.399999999994,5942458.0,0.010917435175814451
JPN,2013,C25,14468.3,5942458.0,0.0024347332366505578
JPN,2013,C26,250761.40000000002,5942458.0,0.04219826206596665
JPN,2013,C27,95725.0,5942458.0,0.016108654028349885
JPN,2013,C28,241319.4,5942458.0,0.04060935727269759
JPN,2013,C29,274632.9,5942458.0,0.04621537081120305
JPN,2013,C30,43390.0,5942458.0,0.0073016923300088955
JPN,2013,C31T33,64792.50000000001,5942458.0,0.010903316439089684
JPN,2013,D,93801.70000000001,5942458.0,0.01578500007909185
JPN,2013,E,56093.200000000004,5942458.0,0.009439393597733464
JPN,2013,F,534155.9,5942458.0,0.08988803959573631
JPN,2013,G,591233.2999999999,5942458.0,0.09949305489411955
JPN,2013,H49,124725.99999999999,5942458.0,0.020988957767980855
JPN,2013,H50,26371.199999999997,5942458.0,0.00443775959375733
JPN,2013,H51,21109.700000000004,5942458.0,0.003552351568997207
JPN,2013,H52,42017.9,5942458.0,0.0070707946105803355
JPN,2013,H53,2621.6,5942458.0,0.0004411642455024503
JPN,2013,I,216223.0,5942458.0,0.036386121702500884
JPN,2013,J58T60,42421.6,5942458.0,0.00713872946178164
JPN,2013,J61,99751.4,5942458.0,0.01678621876671236
JPN,2013,J62_63,116656.7,5942458.0,0.019631051662460215
JPN,2013,K,179899.4,5942458.0,0.03027356693139438
JPN,2013,L,644634.7999999999,5942458.0,0.1084794877809822
JPN,2013,M,133885.0,5942458.0,0.022530239170390435
JPN,2013,N,71554.7,5942458.0,0.01204126305983147
JPN,2013,O,366569.89999999997,5942458.0,0.06168657818027489
JPN,2013,P,212470.8,5942458.0,0.03575469948630684
JPN,2013,Q,540649.6,5942458.0,0.09098080289334817
JPN,2013,R,66511.09999999998,5942458.0,0.011192523363227805
JPN,2013,S,91179.7,5942458.0,0.01534376852137617
JPN,2013,T,0.0,5942458.0,0.0
JPN,2013,employees_compensation,0.0,5942458.0,0.0
JPN,2014,A01_02,42143.30000000001,5655340.2,0.007451947806782695
JPN,2014,A03,4712.6,5655340.2,0.0008333008861252945
JPN,2014,B05_06,1227.2,5655340.2,0.00021699843981092418
JPN,2014,B07_08,662.2,5655340.2,0.00011709286737515809
JPN,2014,B09,316.0,5655340.2,5.587639095522494e-05
JPN,2014,C10T12,249031.49999999997,5655340.2,0.04403475143723449
JPN,2014,C13T15,47830.399999999994,5655340.2,0.008457563702356933
JPN,2014,C16,1226.8000000000002,5655340.2,0.00021692771020212013
JPN,2014,C17_18,6836.2,5655340.2,0.0012088043792661668
JPN,2014,C19,93308.90000000002,5655340.2,0.01649925498734807
JPN,2014,C20,63993.399999999994,5655340.2,0.011315570370107884
JPN,2014,C21,34078.200000000004,5655340.2,0.006025844386868186
JPN,2014,C22,31447.8,5655340.2,0.00556072647937254
JPN,2014,C23,9441.5,5655340.2,0.0016694840038093551
JPN,2014,C24,61441.1,5655340.2,0.010864262418731237
JPN,2014,C25,14799.2,5655340.2,0.0026168540665334333
JPN,2014,C26,256855.2,5655340.2,0.045418169538235735
JPN,2014,C27,96523.9,5655340.2,0.017067744218110872
JPN,2014,C28,237592.0,5655340.2,0.04201197303744875
JPN,2014,C29,267801.9,5655340.2,0.047353809059974855
JPN,2014,C30,44970.399999999994,5655340.2,0.007951846999407744
JPN,2014,C31T33,64739.8,5655340.2,0.011447551820136303
JPN,2014,D,89942.0,5655340.2,0.015903906187641904
JPN,2014,E,53423.700000000004,5655340.2,0.009446593504666615
JPN,2014,F,497253.3,5655340.2,0.08792632846384732
JPN,2014,G,542809.0,5655340.2,0.09598167056333763
JPN,2014,H49,120577.8,5655340.2,0.021321051561142158
JPN,2014,H50,27876.699999999997,5655340.2,0.004929270214371895
JPN,2014,H51,19881.2,5655340.2,0.003515473746389298
JPN,2014,H52,42456.49999999999,5655340.2,0.007507329090476289
JPN,2014,H53,2700.7000000000003,5655340.2,0.000477548636242962
JPN,2014,I,204288.39999999997,5655340.2,0.036123096538029656
JPN,2014,J58T60,50119.299999999996,5655340.2,0.008862296206336091
JPN,2014,J61,96586.49999999999,5655340.2,0.01707881340188871
JPN,2014,J62_63,112408.5,5655340.2,0.019876523078134183
JPN,2014,K,162914.80000000002,5655340.2,0.02880725018098823
JPN,2014,L,594704.6000000001,5655340.2,0.10515805927997048
JPN,2014,M,133172.9,5655340.2,0.023548167800762895
JPN,2014,N,82338.6,5655340.2,0.014559442418689507
JPN,2014,O,340833.80000000005,5655340.2,0.06026760335302199
JPN,2014,P,198650.0,5655340.2,0.03512609197232732
JPN,2014,Q,506538.4,5655340.2,0.08956815719061428
JPN,2014,R,62641.200000000004,5655340.2,0.011076468927545685
JPN,2014,S,82242.8,5655340.2,0.01454250267738093
JPN,2014,T,0.0,5655340.2,0.0
JPN,2014,employees_compensation,0.0,5655340.2,0.0
JPN,2015,A01_02,37777.7,5027930.3,0.007513568754125331
JPN,2015,A03,4338.1,5027930.3,0.0008628003455020052
JPN,2015,B05_06,819.8000000000001,5027930.3,0.00016304919740036972
JPN,2015,B07_08,440.9,5027930.3,8.769015751869113e-05
JPN,2015,B09,297.8,5027930.3,5.922914245648951e-05
JPN,2015,C10T12,227389.10000000003,5027930.3,0.045225189378619676
JPN,2015,C13T15,45186.799999999996,5027930.3,0.00898715720064775
JPN,2015,C16,1249.3,5027930.3,0.0002484720203858037
JPN,2015,C17_18,6728.1,5027930.3,0.0013381450415094259
JPN,2015,C19,61132.4,5027930.3,0.012158561545692071
JPN,2015,C20,52755.5,5027930.3,0.01049248833063577
JPN,2015,C21,32785.9,5027930.3,0.006520754673150502
JPN,2015,C22,27757.4,5027930.3,0.005520641366090537
JPN,2015,C23,8316.9,5027930.3,0.0016541398754075806
JPN,2015,C24,51275.7,5027930.3,0.010198172397099458
JPN,2015,C25,13389.3,5027930.3,0.0026629844093105266
JPN,2015,C26,236106.2,5027930.3,0.04695892462948423
JPN,2015,C27,81002.20000000001,5027930.3,0.016110446081561636
JPN,2015,C28,218823.7,5027930.3,0.04352162558816697
JPN,2015,C29,237047.69999999998,5027930.3,0.047146178617472084
JPN,2015,C30,42762.6,5027930.3,0.008505010501040557
JPN,2015,C31T33,58918.2,5027930.3,0.011718181534855406
JPN,2015,D,76679.4,5027930.3,0.01525068873767005
JPN,2015,E,48094.0,5027930.3,0.009565367284427154
JPN,2015,F,440304.10000000003,5027930.3,0.08757163956707993
JPN,2015,G,481550.6000000001,5027930.3,0.09577511446409671
JPN,2015,H49,106468.9,5027930.3,0.021175492428763383
JPN,2015,H50,26096.5,5027930.3,0.005190306635714501
JPN,2015,H51,17648.8,5027930.3,0.0035101520798727064
JPN,2015,H52,39155.8,5027930.3,0.007787657676957058
JPN,2015,H53,2221.9999999999995,5027930.3,0.0004419313449909995
JPN,2015,I,183453.9,5027930.3,0.036486961643044255
JPN,2015,J58T60,49768.899999999994,5027930.3,0.009898486460721223
JPN,2015,J61,85209.59999999998,5027930.3,0.016947251635528834
JPN,2015,J62_63,103555.9,5027930.3,0.020596128788817936
JPN,2015,K,153874.5,5027930.3,0.030603944529620866
JPN,2015,L,518240.3999999999,5027930.3,0.10307231188149127
JPN,2015,M,118793.4,5027930.3,0.023626699837107926
JPN,2015,N,74533.3,5027930.3,0.014823853067334686
JPN,2015,O,300340.30000000005,5027930.3,0.05973438016831698
JPN,2015,P,174352.9,5027930.3,0.034676872907327294
JPN,2015,Q,456114.2,5027930.3,0.09071609445341755
JPN,2015,R,54940.700000000004,5027930.3,0.01092710056064222
JPN,2015,S,70230.90000000001,5027930.3,0.01396815305892367
JPN,2015,T,0.0,5027930.3,0.0
JPN,2015,employees_compensation,0.0,5027930.3,0.0
JPN,2016,A01_02,44077.100000000006,5523585.1,0.00797979920685933
JPN,2016,A03,4959.099999999999,5523585.1,0.0008978045798552103
JPN,2016,B05_06,497.6,5523585.1,9.008641869209185e-05
JPN,2016,B07_08,315.3,5523585.1,5.708249158685e-05
JPN,2016,B09,315.70000000000005,5523585.1,5.715490832213304e-05
JPN,2016,C10T12,249821.69999999998,5523585.1,0.04522817979214261
JPN,2016,C13T15,43634.799999999996,5523585.1,0.007899724401820114
JPN,2016,C16,1282.0,5523585.1,0.00023209563658211767
JPN,2016,C17_18,6899.099999999999,5523585.1,0.0012490257459779157
JPN,2016,C19,56347.2,5523585.1,0.010201200665850157
JPN,2016,C20,54247.1,5523585.1,0.009820994701430417
JPN,2016,C21,38040.899999999994,5523585.1,0.006886994463070732
JPN,2016,C22,27605.300000000003,5523585.1,0.004997714256271711
JPN,2016,C23,8100.6,5523585.1,0.0014665475145843234
JPN,2016,C24,47140.5,5523585.1,0.00853440277402443
JPN,2016,C25,13827.8,5523585.1,0.002503410330366776
JPN,2016,C26,232936.89999999997,5523585.1,0.042171324562375254
JPN,2016,C27,86237.0,5523585.1,0.015612505001507083
JPN,2016,C28,235309.2,5523585.1,0.042600810115155104
JPN,2016,C29,260119.0,5523585.1,0.04709242191271752
JPN,2016,C30,46725.59999999999,5523585.1,0.008459288515352102
JPN,2016,C31T33,61741.00000000001,5523585.1,0.011177704132774203
JPN,2016,D,77937.8,5523585.1,0.014110002577854736
JPN,2016,E,53354.799999999996,5523585.1,0.009659451069197793
JPN,2016,F,510152.0,5523585.1,0.0923588558452734
JPN,2016,G,527923.0,5523585.1,0.0955761503520603
JPN,2016,H49,119911.90000000001,5523585.1,0.021709070798963524
JPN,2016,H50,25182.1,5523585.1,0.004559013673927102
JPN,2016,H51,19041.8,5523585.1,0.0034473624747810984
JPN,2016,H52,43682.8,5523585.1,0.00790841441005408
JPN,2016,H53,2410.8,5523585.1,0.0004364556635508341
JPN,2016,I,207882.40000000002,5523585.1,0.03763541182700345
JPN,2016,J58T60,55568.29999999999,5523585.1,0.01006018717807027
JPN,2016,J61,98537.70000000001,5523585.1,0.017839446340747068
JPN,2016,J62_63,116063.6,5523585.1,0.021012367492989292
JPN,2016,K,168960.0,5523585.1,0.03058882898355273
JPN,2016,L,575040.8,5523585.1,0.10410644347635743
JPN,2016,M,130607.69999999998,5523585.1,0.023645458092064156
JPN,2016,N,80994.0,5523585.1,0.014663302643784742
JPN,2016,O,338358.60000000003,5523585.1,0.06125706291734331
JPN,2016,P,194370.60000000003,5523585.1,0.03518921071751027
JPN,2016,Q,522418.19999999995,5523585.1,0.09457955124109521
JPN,2016,R,58321.200000000004,5523585.1,0.01055857725447192
JPN,2016,S,76684.50000000001,5523585.1,0.013883102842029177
JPN,2016,T,0.0,5523585.1,0.0
JPN,2016,employees_compensation,0.0,5523585.1,0.0
JPN,2017,A01_02,42494.70000000001,5524477.1,0.007692076413892641
JPN,2017,A03,4990.500000000001,5524477.1,0.0009033434132616825
JPN,2017,B05_06,758.9,5524477.1,0.0001373704671524478
JPN,2017,B07_08,494.1,5524477.1,8.943832892347405e-05
JPN,2017,B09,328.40000000000003,5524477.1,5.944454000904449e-05
JPN,2017,C10T12,247004.9,5524477.1,0.04471100079317914
JPN,2017,C13T15,44289.0,5524477.1,0.008016867333923785
JPN,2017,C16,1339.2000000000003,5524477.1,0.00024241208276526305
JPN,2017,C17_18,7786.099999999999,5524477.1,0.0014093822562863008
JPN,2017,C19,63485.8,5524477.1,0.011491730140396457
JPN,2017,C20,60297.0,5524477.1,0.010914517140454796
JPN,2017,C21,37098.2,5524477.1,0.006715241882349372
JPN,2017,C22,29028.5,5524477.1,0.005254524450829926
JPN,2017,C23,8379.2,5524477.1,0.0015167408332636587
JPN,2017,C24,54538.9,5524477.1,0.009872228450363204
JPN,2017,C25,14281.9,5524477.1,0.0025852039462703176
JPN,2017,C26,244863.0,5524477.1,0.04432328989109214
JPN,2017,C27,89422.9,5524477.1,0.016186672219168037
JPN,2017,C28,252657.19999999998,5524477.1,0.045734138349491936
JPN,2017,C29,266976.60000000003,5524477.1,0.048326130268509945
JPN,2017,C30,46714.8,5524477.1,0.008455967715025917
JPN,2017,C31T33,61568.6,5524477.1,0.011144692771013568
JPN,2017,D,76993.7,5524477.1,0.013936830329154591
JPN,2017,E,53004.5,5524477.1,0.009594482706788667
JPN,2017,F,509485.39999999997,5524477.1,0.09222328028113286
JPN,2017,G,524876.9,5524477.1,0.09500933581569196
JPN,2017,H49,119819.5,5524477.1,0.02168884001709411
JPN,2017,H50,26486.000000000004,5524477.1,0.0047942998985370045
JPN,2017,H51,19756.799999999996,5524477.1,0.003576229866171406
JPN,2017,H52,43056.799999999996,5524477.1,0.007793823600065244
JPN,2017,H53,2670.4,5524477.1,0.0004833760646776869
JPN,2017,I,203776.30000000002,5524477.1,0.03688607922729918
JPN,2017,J58T60,50627.7,5524477.1,0.009164251943410173
JPN,2017,J61,95852.9,5524477.1,0.01735058327963745
JPN,2017,J62_63,116101.2,5524477.1,0.02101578084195516
JPN,2017,K,169586.50000000003,5524477.1,0.03069729440999946
JPN,2017,L,557089.5,5524477.1,0.1008402225072125
JPN,2017,M,128627.4,5524477.1,0.02328318095480928
JPN,2017,N,83258.9,5524477.1,0.015070910512055521
JPN,2017,O,326772.19999999995,5524477.1,0.05914988768801304
JPN,2017,P,189595.40000000002,5524477.1,0.03431915755429596
JPN,2017,Q,515187.7,5524477.1,0.0932554684677759
JPN,2017,R,56976.9,5524477.1,0.010313537185265915
JPN,2017,S,76076.1,5524477.1,0.01377073316133395
JPN,2017,T,0.0,5524477.1,0.0
JPN,2017,employees_compensation,0.0,5524477.1,0.0
JPN,2018,A01_02,41703.899999999994,5722021.0,0.007288316488177865
JPN,2018,A03,4889.1,5722021.0,0.0008544358715216181
JPN,2018,B05_06,1104.0,5722021.0,0.00019293882353804714
JPN,2018,B07_08,560.4,5722021.0,9.793742455681305e-05
JPN,2018,B09,332.2,5722021.0,5.8056410488531934e-05
JPN,2018,C10T12,256082.99999999997,5722021.0,0.04475394270660663
JPN,2018,C13T15,46394.399999999994,5722021.0,0.008108044343073889
JPN,2018,C16,1441.3000000000002,5722021.0,0.0002518865275048799
JPN,2018,C17_18,8456.2,5722021.0,0.0014778344923935093
JPN,2018,C19,72681.4,5722021.0,0.0127020505517194
JPN,2018,C20,67333.7,5722021.0,0.011767468172521561
JPN,2018,C21,38434.4,5722021.0,0.006716927463216231
JPN,2018,C22,31172.4,5722021.0,0.005447795455486794
JPN,2018,C23,9391.300000000001,5722021.0,0.0016412557730913608
JPN,2018,C24,59543.8,5722021.0,0.01040607855161664
JPN,2018,C25,15775.0,5722021.0,0.002756893062783237
JPN,2018,C26,254837.8,5722021.0,0.044536327287159554
JPN,2018,C27,97240.7,5722021.0,0.016994117987333496
JPN,2018,C28,271269.3,5722021.0,0.04740795253984562
JPN,2018,C29,273143.1,5722021.0,0.047735424249578946
JPN,2018,C30,50679.2,5722021.0,0.008856870675588222
JPN,2018,C31T33,62934.49999999999,5722021.0,0.010998648903944952
JPN,2018,D,80418.09999999999,5722021.0,0.014054142758301654
JPN,2018,E,53866.0,5722021.0,0.009413806765127217
JPN,2018,F,518029.50000000006,5722021.0,0.09053261076811847
JPN,2018,G,548603.0,5722021.0,0.0958757404071044
JPN,2018,H49,122319.9,5722021.0,0.021377044928706134
JPN,2018,H50,26919.699999999997,5722021.0,0.004704579028982941
JPN,2018,H51,20710.8,5722021.0,0.0036194903863512556
JPN,2018,H52,43606.6,5722021.0,0.007620838860954896
JPN,2018,H53,2443.6,5722021.0,0.0004270519105050471
JPN,2018,I,203891.9,5722021.0,0.035632847205559016
JPN,2018,J58T60,51522.7,5722021.0,0.009004283626362084
JPN,2018,J61,102389.29999999999,5722021.0,0.01789390496819218
JPN,2018,J62_63,119801.5,5722021.0,0.020936920713852676
JPN,2018,K,177439.10000000003,5722021.0,0.031009865220697378
JPN,2018,L,565742.1999999998,5722021.0,0.09887104573716173
JPN,2018,M,134048.19999999998,5722021.0,0.02342672283097178
JPN,2018,N,85254.2,5722021.0,0.01489931616818603
JPN,2018,O,336718.10000000003,5722021.0,0.058846009128592856
JPN,2018,P,194772.7,5722021.0,0.03403914456098641
JPN,2018,Q,534011.5,5722021.0,0.09332567986031509
JPN,2018,R,57441.000000000015,5722021.0,0.010038586017073341
JPN,2018,S,76670.3,5722021.0,0.01339916438614958
JPN,2018,T,0.0,5722021.0,0.0
JPN,2018,employees_compensation,0.0,5722021.0,0.0
JPN,2019,A01_02,40654.4,5777141.8,0.007037113058225437
JPN,2019,A03,4786.1,5777141.8,0.0008284546520911085
JPN,2019,B05_06,692.1,5777141.8,0.00011979972518590422
JPN,2019,B07_08,429.9,5777141.8,7.441396020433496e-05
JPN,2019,B09,348.3,5777141.8,6.028932853959029e-05
JPN,2019,C10T12,259426.3,5777141.8,0.04490564867215134
JPN,2019,C13T15,42569.0,5777141.8,0.007368522614418085
JPN,2019,C16,1389.7,5777141.8,0.00024055147824136844
JPN,2019,C17_18,7877.3,5777141.8,0.001363528933979083
JPN,2019,C19,67833.9,5777141.8,0.01174177514562651
JPN,2019,C20,65348.100000000006,5777141.8,0.011311493167780651
JPN,2019,C21,40215.2,5777141.8,0.006961089305441663
JPN,2019,C22,30554.4,5777141.8,0.005288843697760717
JPN,2019,C23,8826.6,5777141.8,0.0015278489442651384
JPN,2019,C24,53333.3,5777141.8,0.009231779631928025
JPN,2019,C25,15275.6,5777141.8,0.0026441448953183045
JPN,2019,C26,244294.5,5777141.8,0.042286394978222626
JPN,2019,C27,95239.4,5777141.8,0.016485556923667686
JPN,2019,C28,258841.8,5777141.8,0.044804474074013556
JPN,2019,C29,269592.3,5777141.8,0.04666534236705078
JPN,2019,C30,50017.0,5777141.8,0.008657741445778603
JPN,2019,C31T33,64466.19999999999,5777141.8,0.01115883982629611
JPN,2019,D,81978.50000000001,5777141.8,0.014190148491768025
JPN,2019,E,55801.40000000001,5777141.8,0.009658997810993667
JPN,2019,F,539664.7999999999,5777141.8,0.09341380542191295
JPN,2019,G,548439.4,5777141.8,0.09493265337541136
JPN,2019,H49,125381.59999999999,5777141.8,0.021703050460004286
JPN,2019,H50,25807.3,5777141.8,0.00446713978874467
JPN,2019,H51,20318.200000000004,5777141.8,0.003516998665326166
JPN,2019,H52,44027.399999999994,5777141.8,0.007620965786230138
JPN,2019,H53,2497.3,5777141.8,0.0004322725815731233
JPN,2019,I,205129.09999999998,5777141.8,0.03550702182868352
JPN,2019,J58T60,56524.8,5777141.8,0.009784215440237248
JPN,2019,J61,102023.0,5777141.8,0.01765977078838536
JPN,2019,J62_63,128953.09999999999,5777141.8,0.022321262739301292
JPN,2019,K,179968.9,5777141.8,0.03115189244619199
JPN,2019,L,573984.8000000002,5777141.8,0.09935445932796737
JPN,2019,M,137802.4,5777141.8,0.02385304096222807
JPN,2019,N,87839.30000000002,5777141.8,0.015204629389571157
JPN,2019,O,349085.1,5777141.8,0.060425226190570565
JPN,2019,P,198205.40000000002,5777141.8,0.034308557217688516
JPN,2019,Q,554160.7999999999,5777141.8,0.09592300469412053
JPN,2019,R,58126.4,5777141.8,0.010061445955853118
JPN,2019,S,79411.4,5777141.8,0.0137457938110503
JPN,2019,T,0.0,5777141.8,0.0
JPN,2019,employees_compensation,0.0,5777141.8,0.0
JPN,2020,A01_02,43621.299999999996,5604394.8,0.0077834095485207425
JPN,2020,A03,4728.4,5604394.8,0.0008436950230558347
JPN,2020,B05_06,179.00000000000003,5604394.8,3.193922027049201e-05
JPN,2020,B07_08,126.6,5604394.8,2.258941500695133e-05
JPN,2020,B09,311.9,5604394.8,5.565275308584613e-05
JPN,2020,C10T12,236183.0,5604394.8,0.04214246291142801
JPN,2020,C13T15,34813.9,5604394.8,0.006211892852373641
JPN,2020,C16,814.1000000000001,5604394.8,0.00014526100124138296
JPN,2020,C17_18,5959.9,5604394.8,0.0010634332898888565
JPN,2020,C19,45952.7,5604394.8,0.008199404510189039
JPN,2020,C20,54479.2,5604394.8,0.00972079982659323
JPN,2020,C21,34178.5,5604394.8,0.006098517541983302
JPN,2020,C22,26005.9,5604394.8,0.004640269097387644
JPN,2020,C23,6764.5,5604394.8,0.0012069991928477274
JPN,2020,C24,46705.700000000004,5604394.8,0.008333763353002899
JPN,2020,C25,12086.9,5604394.8,0.0021566824664101107
JPN,2020,C26,231025.90000000002,5604394.8,0.04122227434798134
JPN,2020,C27,86363.7,5604394.8,0.01540999574119939
JPN,2020,C28,220226.8,5604394.8,0.03929537583612061
JPN,2020,C29,242125.59999999998,5604394.8,0.04320280933812871
JPN,2020,C30,38279.299999999996,5604394.8,0.006830229019554439
JPN,2020,C31T33,118877.70000000001,5604394.8,0.02121151422094675
JPN,2020,D,82600.79999999999,5604394.8,0.014738576233066234
JPN,2020,E,55381.399999999994,5604394.8,0.009881780634012436
JPN,2020,F,555490.4,5604394.8,0.09911692873599841
JPN,2020,G,543425.0,5604394.8,0.09696408254464871
JPN,2020,H49,94461.70000000001,5604394.8,0.016854933203492375
JPN,2020,H50,23491.399999999998,5604394.8,0.004191603346716402
JPN,2020,H51,13453.400000000001,5604394.8,0.0024005089719946215
JPN,2020,H52,37892.399999999994,5604394.8,0.006761193911606655
JPN,2020,H53,1865.6,5604394.8,0.0003328816164057536
JPN,2020,I,145621.89999999997,5604394.8,0.025983519219595304
JPN,2020,J58T60,57894.399999999994,5604394.8,0.010330178737586437
JPN,2020,J61,97444.90000000001,5604394.8,0.01738722975048082
JPN,2020,J62_63,123614.1,5604394.8,0.022056636695187856
JPN,2020,K,180988.89999999997,5604394.8,0.03229410247829078
JPN,2020,L,600212.7,5604394.8,0.10709679125389239
JPN,2020,M,132167.40000000002,5604394.8,0.023582813973062715
JPN,2020,N,80778.5,5604394.8,0.014413420696200776
JPN,2020,O,377036.80000000005,5604394.8,0.06727520338146058
JPN,2020,P,209014.0,5604394.8,0.03729466025484143
JPN,2020,Q,582579.6,5604394.8,0.10395049256701187
JPN,2020,R,50091.90000000001,5604394.8,0.008937967753449492
JPN,2020,S,69077.1,5604394.8,0.012325523533781026
JPN,2020,T,0.0,5604394.8,0.0
JPN,2020,employees_compensation,0.0,5604394.8,0.0
