country,year,sector,9 final demand,9 final demand total,9 final demand sector ratio
CAN,1995,A01_02,10089.5,580224.5,0.0173889589288284
CAN,1995,A03,1059.5,580224.5,0.0018260173432869
CAN,1995,B05_06,7667.200000000001,580224.5,0.0132141955398298
CAN,1995,B07_08,4068.6,580224.5,0.0070121134147213
CAN,1995,B09,1374.1999999999998,580224.5,0.0023683936131618
CAN,1995,C10T12,27759.9,580224.5,0.0478433778649471
CAN,1995,C13T15,4301.299999999999,580224.5,0.0074131650766212
CAN,1995,C16,8525.9,580224.5,0.0146941399406608
CAN,1995,C17_18,18915.7,580224.5,0.032600657159427
CAN,1995,C19,4566.4,580224.5,0.0078700571933794
CAN,1995,C20,5272.099999999999,580224.5,0.009086310557379
CAN,1995,C21,1725.6,580224.5,0.0029740212624596
CAN,1995,C22,2575.4,580224.5,0.0044386267729128
CAN,1995,C23,1372.1,580224.5,0.0023647743244209
CAN,1995,C24,6583.8,580224.5,0.0113469872437306
CAN,1995,C25,1361.0,580224.5,0.0023456437982194
CAN,1995,C26,610.1999999999971,580224.5,0.0010516618998335
CAN,1995,C27,1589.7999999999995,580224.5,0.0027399739238863
CAN,1995,C28,2995.4999999999964,580224.5,0.0051626568681605
CAN,1995,C29,31189.6,580224.5,0.0537543657670436
CAN,1995,C30,3936.5,580224.5,0.0067844429182152
CAN,1995,C31T33,1736.4,580224.5,0.0029926347474124
CAN,1995,D,9333.100000000002,580224.5,0.0160853255938003
CAN,1995,E,1077.0000000000002,580224.5,0.0018561780827938
CAN,1995,F,50788.9,580224.5,0.0875331875851502
CAN,1995,G,36193.3,580224.5,0.0623780967539288
CAN,1995,H49,11095.0,580224.5,0.0191219088473513
CAN,1995,H50,337.0000000000002,580224.5,0.0005808096693607
CAN,1995,H51,4535.3,580224.5,0.0078164572505986
CAN,1995,H52,2017.2,580224.5,0.0034765853561854
CAN,1995,H53,417.5000000000001,580224.5,0.0007195490710923
CAN,1995,I,23768.8,580224.5,0.0409648334394704
CAN,1995,J58T60,5850.100000000001,580224.5,0.01008247669652
CAN,1995,J61,4651.4000000000015,580224.5,0.0080165522138413
CAN,1995,J62_63,3427.399999999999,580224.5,0.0059070239191898
CAN,1995,K,30063.10000000001,580224.5,0.0518128758782161
CAN,1995,L,76095.0,580224.5,0.1311475127299864
CAN,1995,M,2441.7,580224.5,0.0042081987230804
CAN,1995,N,842.2999999999993,580224.5,0.001451679479236
CAN,1995,O,64917.5,580224.5,0.1118834175392455
CAN,1995,P,40096.6,580224.5,0.0691053204406225
CAN,1995,Q,48032.1,580224.5,0.0827819232038633
CAN,1995,R,6292.099999999999,580224.5,0.0108442508029219
CAN,1995,S,7836.0,580224.5,0.0135051174157589
CAN,1995,T,839.9,580224.5,0.0014475431492465
CAN,1995,employees_compensation,0.0,580224.5,0.0
CAN,1996,A01_02,10193.7,597955.1,0.0170476010656987
CAN,1996,A03,939.7,597955.1,0.0015715226778733
CAN,1996,B05_06,8170.800000000001,597955.1,0.0136645711358595
CAN,1996,B07_08,3805.6,597955.1,0.0063643574576084
CAN,1996,B09,1583.9,597955.1,0.0026488610934165
CAN,1996,C10T12,28684.9,597955.1,0.0479716620863339
CAN,1996,C13T15,4293.4,597955.1,0.0071801377728862
CAN,1996,C16,9375.000000000002,597955.1,0.0156784347185934
CAN,1996,C17_18,17162.600000000002,597955.1,0.0287021550614753
CAN,1996,C19,5121.199999999999,597955.1,0.0085645226539584
CAN,1996,C20,4854.6,597955.1,0.0081186697797209
CAN,1996,C21,1934.8,597955.1,0.0032356944526436
CAN,1996,C22,2773.7,597955.1,0.0046386426004226
CAN,1996,C23,1191.7,597955.1,0.001992959003109
CAN,1996,C24,5054.7,597955.1,0.0084533102903545
CAN,1996,C25,769.6999999999998,597955.1,0.0012872203949761
CAN,1996,C26,1116.9000000000017,597955.1,0.0018678659986343
CAN,1996,C27,1740.0000000000005,597955.1,0.0029099174837709
CAN,1996,C28,4400.700000000003,597955.1,0.0073595826843855
CAN,1996,C29,30158.500000000004,597955.1,0.0504360611691413
CAN,1996,C30,5231.7,597955.1,0.0087493191378416
CAN,1996,C31T33,2407.3,597955.1,0.0040258875624607
CAN,1996,D,9251.3,597955.1,0.0154715629986264
CAN,1996,E,1153.5,597955.1,0.0019290746077757
CAN,1996,F,53686.3,597955.1,0.0897831626488343
CAN,1996,G,40603.9,597955.1,0.0679045968501648
CAN,1996,H49,11254.9,597955.1,0.018822316257525
CAN,1996,H50,299.0,597955.1,0.000500037544625
CAN,1996,H51,4789.5,597955.1,0.008009798729035
CAN,1996,H52,2511.2,597955.1,0.004199646428302
CAN,1996,H53,392.6,597955.1,0.0006565710368554
CAN,1996,I,24475.6,597955.1,0.0409321703251632
CAN,1996,J58T60,5580.699999999999,597955.1,0.0093329750009657
CAN,1996,J61,5339.999999999999,597955.1,0.0089304364157108
CAN,1996,J62_63,4032.900000000001,597955.1,0.0067444863335056
CAN,1996,K,32586.10000000001,597955.1,0.0544958977689127
CAN,1996,L,77981.29999999997,597955.1,0.1304133036075785
CAN,1996,M,3379.699999999999,597955.1,0.0056520966206325
CAN,1996,N,1224.9999999999995,597955.1,0.0020486488032295
CAN,1996,O,65749.0,597955.1,0.1099564164600318
CAN,1996,P,41879.3,597955.1,0.0700375329184415
CAN,1996,Q,44529.3,597955.1,0.0744693037988972
CAN,1996,R,6986.599999999999,597955.1,0.0116841548805253
CAN,1996,S,8425.8,597955.1,0.0140910245602052
CAN,1996,T,876.5,597955.1,0.0014658291232903
CAN,1996,employees_compensation,0.0,597955.1,0.0
CAN,1997,A01_02,9886.5,622547.8,0.0158807082765371
CAN,1997,A03,798.8999999999999,622547.8,0.0012832749549512
CAN,1997,B05_06,9499.6,622547.8,0.0152592298936724
CAN,1997,B07_08,3607.6,622547.8,0.0057948963918915
CAN,1997,B09,1787.4999999999998,622547.8,0.0028712654674869
CAN,1997,C10T12,28646.7,622547.8,0.0460152617999774
CAN,1997,C13T15,4400.899999999998,622547.8,0.0070691760536299
CAN,1997,C16,10880.2,622547.8,0.017476890931106
CAN,1997,C17_18,16235.8,622547.8,0.0260796038472869
CAN,1997,C19,4879.8,622547.8,0.0078384342535625
CAN,1997,C20,4058.2000000000007,622547.8,0.0065186962350521
CAN,1997,C21,1743.6000000000008,622547.8,0.0028007487939078
CAN,1997,C22,2985.0,622547.8,0.0047948125429083
CAN,1997,C23,1099.1999999999998,622547.8,0.001765647553489
CAN,1997,C24,4205.499999999999,622547.8,0.0067553045725966
CAN,1997,C25,675.0999999999995,622547.8,0.0010844147228534
CAN,1997,C26,268.8999999999978,622547.8,0.0004319347044516
CAN,1997,C27,1574.5,622547.8,0.0025291230649277
CAN,1997,C28,5999.599999999999,622547.8,0.0096371716356559
CAN,1997,C29,31354.699999999997,622547.8,0.0503651285893227
CAN,1997,C30,5824.799999999999,622547.8,0.0093563899832269
CAN,1997,C31T33,3062.0,622547.8,0.0049184978245847
CAN,1997,D,8981.799999999997,622547.8,0.0144274865319578
CAN,1997,E,1155.0,622547.8,0.0018552792251454
CAN,1997,F,59646.100000000006,622547.8,0.0958096711609935
CAN,1997,G,44249.7,622547.8,0.0710783975142149
CAN,1997,H49,12057.500000000002,622547.8,0.0193679906988668
CAN,1997,H50,206.29999999999995,622547.8,0.000331380176751
CAN,1997,H51,5092.400000000001,622547.8,0.008179934135178
CAN,1997,H52,3068.8,622547.8,0.0049294206806288
CAN,1997,H53,347.9999999999998,622547.8,0.0005589932210827
CAN,1997,I,25995.3,622547.8,0.041756311724176
CAN,1997,J58T60,5476.8,622547.8,0.0087973967621442
CAN,1997,J61,6679.099999999999,622547.8,0.0107286540888908
CAN,1997,J62_63,5398.8,622547.8,0.0086721051781084
CAN,1997,K,34523.700000000004,622547.8,0.0554555007663668
CAN,1997,L,78966.3,622547.8,0.1268437540057165
CAN,1997,M,5168.699999999999,622547.8,0.0083024950052028
CAN,1997,N,1181.9000000000003,622547.8,0.0018984887586141
CAN,1997,O,66778.09999999999,622547.8,0.1072658195884717
CAN,1997,P,40819.9,622547.8,0.0655691016818307
CAN,1997,Q,45442.3,622547.8,0.072994073708075
CAN,1997,R,7746.699999999998,622547.8,0.0124435424878218
CAN,1997,S,9172.4,622547.8,0.0147336477616658
CAN,1997,T,917.6,622547.8,0.0014739430450159
CAN,1997,employees_compensation,0.0,622547.8,0.0
CAN,1998,A01_02,8684.699999999999,602330.8,0.0144184889764893
CAN,1998,A03,750.6999999999999,602330.8,0.0012463251090596
CAN,1998,B05_06,6037.499999999998,602330.8,0.0100235618035803
CAN,1998,B07_08,1387.6000000000004,602330.8,0.0023037174921156
CAN,1998,B09,1776.4999999999998,602330.8,0.0029493759907346
CAN,1998,C10T12,27627.4,602330.8,0.0458674867697285
CAN,1998,C13T15,4307.8,602330.8,0.0071518839813604
CAN,1998,C16,9770.6,602330.8,0.0162213189164492
CAN,1998,C17_18,14858.199999999995,602330.8,0.0246678403295996
CAN,1998,C19,3229.4,602330.8,0.0053615056709701
CAN,1998,C20,3069.000000000002,602330.8,0.0050952068199069
CAN,1998,C21,1336.0,602330.8,0.0022180502806763
CAN,1998,C22,2890.6000000000004,602330.8,0.0047990240578765
CAN,1998,C23,845.4000000000001,602330.8,0.0014035476850926
CAN,1998,C24,3854.7999999999993,602330.8,0.0063998055553526
CAN,1998,C25,1011.8999999999996,602330.8,0.0016799738615392
CAN,1998,C26,2143.0999999999985,602330.8,0.0035580116440998
CAN,1998,C27,1427.699999999999,602330.8,0.0023702922048814
CAN,1998,C28,6278.799999999996,602330.8,0.0104241722322683
CAN,1998,C29,34474.8,602330.8,0.0572356585451051
CAN,1998,C30,5893.599999999999,602330.8,0.0097846565375703
CAN,1998,C31T33,3395.4,602330.8,0.0056371017387787
CAN,1998,D,7845.2,602330.8,0.0130247365733248
CAN,1998,E,1111.4,602330.8,0.0018451654804967
CAN,1998,F,56701.40000000001,602330.8,0.094136643850854
CAN,1998,G,44095.70000000002,602330.8,0.0732084429353438
CAN,1998,H49,11292.3,602330.8,0.0187476715452704
CAN,1998,H50,151.5,602330.8,0.0002515229173072
CAN,1998,H51,5232.300000000001,602330.8,0.0086867548529811
CAN,1998,H52,3227.5999999999995,602330.8,0.0053585172798734
CAN,1998,H53,330.79999999999995,602330.8,0.000549199874886
CAN,1998,I,25580.3,602330.8,0.0424688559841203
CAN,1998,J58T60,5827.7,602330.8,0.0096752482190849
CAN,1998,J61,7384.1,602330.8,0.0122592103873818
CAN,1998,J62_63,5496.800000000001,602330.8,0.0091258823224713
CAN,1998,K,34288.399999999994,602330.8,0.056926194044867
CAN,1998,L,76099.00000000001,602330.8,0.1263408744829253
CAN,1998,M,5279.500000000001,602330.8,0.0087651171084062
CAN,1998,N,1010.3000000000002,602330.8,0.0016773175138976
CAN,1998,O,64832.7,602330.8,0.1076363685868296
CAN,1998,P,39106.30000000001,602330.8,0.0649249548586922
CAN,1998,Q,44675.00000000001,602330.8,0.0741702068033047
CAN,1998,R,7935.2,602330.8,0.0131741561281608
CAN,1998,S,8888.6,602330.8,0.0147570072790566
CAN,1998,T,887.2,602330.8,0.0014729447672275
CAN,1998,employees_compensation,0.0,602330.8,0.0
CAN,1999,A01_02,7994.400000000001,642480.2000000001,0.0124430293727339
CAN,1999,A03,813.0999999999999,642480.2000000001,0.0012655642928762
CAN,1999,B05_06,6992.0,642480.2000000001,0.0108828256497243
CAN,1999,B07_08,889.6999999999998,642480.2000000001,0.001384789756945
CAN,1999,B09,1819.7,642480.2000000001,0.0028323051823231
CAN,1999,C10T12,28673.500000000004,642480.2000000001,0.0446293909135254
CAN,1999,C13T15,4219.200000000002,642480.2000000001,0.0065670506266185
CAN,1999,C16,11749.7,642480.2000000001,0.0182880344016827
CAN,1999,C17_18,15260.4,642480.2000000001,0.023752327309075
CAN,1999,C19,3737.500000000001,642480.2000000001,0.0058172998950006
CAN,1999,C20,3133.800000000001,642480.2000000001,0.0048776600430643
CAN,1999,C21,1423.6000000000004,642480.2000000001,0.002215788128568
CAN,1999,C22,3535.7,642480.2000000001,0.0055032046123756
CAN,1999,C23,997.7000000000004,642480.2000000001,0.0015528883224728
CAN,1999,C24,2492.6000000000004,642480.2000000001,0.0038796526336531
CAN,1999,C25,556.0000000000018,642480.2000000001,0.0008653963188281
CAN,1999,C26,5093.599999999999,642480.2000000001,0.0079280264201137
CAN,1999,C27,1791.1000000000004,642480.2000000001,0.0027877901918222
CAN,1999,C28,4998.200000000003,642480.2000000001,0.0077795393538976
CAN,1999,C29,46298.8,642480.2000000001,0.072062609867199
CAN,1999,C30,6858.7,642480.2000000001,0.0106753484387534
CAN,1999,C31T33,3849.3,642480.2000000001,0.0059913130396858
CAN,1999,D,8469.099999999999,642480.2000000001,0.0131818848269565
CAN,1999,E,1148.9,642480.2000000001,0.0017882263142117
CAN,1999,F,59089.50000000001,642480.2000000001,0.0919709276643856
CAN,1999,G,45820.00000000001,642480.2000000001,0.0713173728933592
CAN,1999,H49,11633.399999999998,642480.2000000001,0.0181070171501004
CAN,1999,H50,15.5,642480.2000000001,2.4125257089634826e-05
CAN,1999,H51,5522.3,642480.2000000001,0.0085952843371671
CAN,1999,H52,3803.8,642480.2000000001,0.0059204937366163
CAN,1999,H53,327.1999999999998,642480.2000000001,0.0005092763948211
CAN,1999,I,26978.9,642480.2000000001,0.0419917999029386
CAN,1999,J58T60,6270.3,642480.2000000001,0.0097595225502669
CAN,1999,J61,8348.4,642480.2000000001,0.0129940191152972
CAN,1999,J62_63,5496.2,642480.2000000001,0.0085546605171645
CAN,1999,K,37237.7,642480.2000000001,0.0579592958662383
CAN,1999,L,78354.40000000001,642480.2000000001,0.1219561318776827
CAN,1999,M,5720.0,642480.2000000001,0.0089029981001749
CAN,1999,N,920.8000000000002,642480.2000000001,0.0014331959179442
CAN,1999,O,67296.0,642480.2000000001,0.1047440839421977
CAN,1999,P,40196.2,642480.2000000001,0.0625641070339599
CAN,1999,Q,47725.19999999999,642480.2000000001,0.0742827561067251
CAN,1999,R,8787.100000000002,642480.2000000001,0.0136768417143438
CAN,1999,S,9192.4,642480.2000000001,0.0143076782755328
CAN,1999,T,948.6,642480.2000000001,0.0014764657338856
CAN,1999,employees_compensation,0.0,642480.2000000001,0.0
CAN,2000,A01_02,8394.099999999999,707412.7,0.0118659164586669
CAN,2000,A03,1194.0,707412.7,0.0016878407752645
CAN,2000,B05_06,19947.7,707412.7,0.0281981084026339
CAN,2000,B07_08,1820.5999999999997,707412.7,0.0025736037817811
CAN,2000,B09,1950.8,707412.7,0.0027576547607923
CAN,2000,C10T12,30844.300000000003,707412.7,0.0436015638396087
CAN,2000,C13T15,5006.0,707412.7,0.007076491558605
CAN,2000,C16,11494.6,707412.7,0.0162487894265963
CAN,2000,C17_18,18667.0,707412.7,0.0263877083348941
CAN,2000,C19,6496.900000000001,707412.7,0.0091840307645028
CAN,2000,C20,4009.0,707412.7,0.0056671303752392
CAN,2000,C21,1750.6999999999994,707412.7,0.0024747930027266
CAN,2000,C22,4806.5,707412.7,0.0067944779617329
CAN,2000,C23,1110.1000000000004,707412.7,0.0015692395683594
CAN,2000,C24,4421.1,707412.7,0.0062496757550436
CAN,2000,C25,1430.8999999999996,707412.7,0.0020227230865377
CAN,2000,C26,6967.300000000003,707412.7,0.0098489891402854
CAN,2000,C27,2437.9000000000005,707412.7,0.0034462202897968
CAN,2000,C28,5866.600000000002,707412.7,0.0082930374306257
CAN,2000,C29,45851.59999999999,707412.7,0.064815912974138
CAN,2000,C30,6993.100000000002,707412.7,0.0098854600716102
CAN,2000,C31T33,5525.6,707412.7,0.0078109991522628
CAN,2000,D,9983.4,707412.7,0.0141125541003151
CAN,2000,E,1177.0,707412.7,0.0016638095414458
CAN,2000,F,63341.70000000001,707412.7,0.0895399531277852
CAN,2000,G,48550.99999999999,707412.7,0.0686317901841456
CAN,2000,H49,13153.7,707412.7,0.0185940964871001
CAN,2000,H50,67.49999999999977,707412.7,9.541813428003167e-05
CAN,2000,H51,5919.0,707412.7,0.0083671101748668
CAN,2000,H52,4286.4,707412.7,0.0060592635670804
CAN,2000,H53,328.4000000000001,707412.7,0.0004642268932972
CAN,2000,I,29074.300000000003,707412.7,0.0410994883184879
CAN,2000,J58T60,6693.200000000002,707412.7,0.009461520835009
CAN,2000,J61,9024.000000000002,707412.7,0.0127563443517482
CAN,2000,J62_63,5620.0,707412.7,0.0079444431800559
CAN,2000,K,39820.2,707412.7,0.05628991393567
CAN,2000,L,80126.0,707412.7,0.1132662729973606
CAN,2000,M,5503.300000000001,707412.7,0.0077794758279007
CAN,2000,N,747.0000000000009,707412.7,0.0010559606860323
CAN,2000,O,72634.99999999999,707412.7,0.1026769804952611
CAN,2000,P,42285.09999999999,707412.7,0.0597743014791789
CAN,2000,Q,51714.6,707412.7,0.0731038614376021
CAN,2000,R,9666.6,707412.7,0.0136647249900941
CAN,2000,S,9666.8,707412.7,0.013665007710492
CAN,2000,T,1042.1,707412.7,0.0014731146330847
CAN,2000,employees_compensation,0.0,707412.7,0.0
CAN,2001,A01_02,8519.4,703001.0,0.0121186171854663
CAN,2001,A03,1115.0,703001.0,0.0015860574878271
CAN,2001,B05_06,18726.2,703001.0,0.0266375154516138
CAN,2001,B07_08,617.4000000000005,703001.0,0.0008782348816004
CAN,2001,B09,2158.3,703001.0,0.0030701236555851
CAN,2001,C10T12,30854.3,703001.0,0.0438894112526155
CAN,2001,C13T15,4856.599999999999,703001.0,0.0069083827761269
CAN,2001,C16,9909.0,703001.0,0.0140952857819547
CAN,2001,C17_18,17161.700000000004,703001.0,0.0244120563128644
CAN,2001,C19,6093.000000000002,703001.0,0.008667128496261
CAN,2001,C20,3308.0999999999985,703001.0,0.0047056832067095
CAN,2001,C21,2017.1999999999996,703001.0,0.0028694127035381
CAN,2001,C22,4389.1,703001.0,0.0062433766097061
CAN,2001,C23,923.2999999999996,703001.0,0.0013133693977675
CAN,2001,C24,2078.9,703001.0,0.0029571792927748
CAN,2001,C25,1475.0,703001.0,0.0020981477977982
CAN,2001,C26,4355.399999999998,703001.0,0.0061954392668004
CAN,2001,C27,2307.199999999999,703001.0,0.0032819298976815
CAN,2001,C28,5721.499999999998,703001.0,0.0081386797458325
CAN,2001,C29,40630.3,703001.0,0.0577955081144977
CAN,2001,C30,8527.5,703001.0,0.0121301392174406
CAN,2001,C31T33,5075.8,703001.0,0.0072201888759759
CAN,2001,D,9300.2,703001.0,0.0132292841688703
CAN,2001,E,1186.6999999999998,703001.0,0.0016880488078964
CAN,2001,F,67695.59999999999,703001.0,0.0962951688546673
CAN,2001,G,51857.9,703001.0,0.07376646690403
CAN,2001,H49,13246.9,703001.0,0.0188433586865452
CAN,2001,H50,91.89999999999986,703001.0,0.0001307252763509
CAN,2001,H51,5351.1,703001.0,0.0076117957157955
CAN,2001,H52,4450.300000000001,703001.0,0.0063304319624011
CAN,2001,H53,391.4000000000001,703001.0,0.0005567559647852
CAN,2001,I,29141.900000000005,703001.0,0.041453568344853
CAN,2001,J58T60,7400.5,703001.0,0.0105270120526144
CAN,2001,J61,9260.5,703001.0,0.0131728119874651
CAN,2001,J62_63,6424.3,703001.0,0.0091383938287427
CAN,2001,K,38762.7,703001.0,0.0551388973842142
CAN,2001,L,80961.49999999999,703001.0,0.1151655545297943
CAN,2001,M,5213.199999999999,703001.0,0.0074156366776149
CAN,2001,N,1150.1000000000004,703001.0,0.0016359862930493
CAN,2001,O,73056.8,703001.0,0.1039213315486037
CAN,2001,P,43024.50000000001,703001.0,0.0612011931704222
CAN,2001,Q,53293.49999999999,703001.0,0.0758085692623481
CAN,2001,R,9817.7,703001.0,0.0139654139894537
CAN,2001,S,10062.5,703001.0,0.0143136354002341
CAN,2001,T,1039.1,703001.0,0.0014780917808082
CAN,2001,employees_compensation,0.0,703001.0,0.0
CAN,2002,A01_02,8483.1,725539.5,0.0116921270309886
CAN,2002,A03,2474.2,725539.5,0.003410152031695
CAN,2002,B05_06,13101.4,725539.5,0.0180574593113124
CAN,2002,B07_08,-672.1999999999994,725539.5,-0.0009264829826632
CAN,2002,B09,2200.2,725539.5,0.0030325020209099
CAN,2002,C10T12,30492.5,725539.5,0.0420273465469488
CAN,2002,C13T15,4408.700000000001,725539.5,0.0060764438049203
CAN,2002,C16,9915.8,725539.5,0.0136667955362871
CAN,2002,C17_18,15845.899999999998,725539.5,0.0218401617003622
CAN,2002,C19,6549.100000000001,725539.5,0.0090265244001188
CAN,2002,C20,3674.500000000002,725539.5,0.0050645071701816
CAN,2002,C21,2383.1000000000004,725539.5,0.0032845902945325
CAN,2002,C22,4923.299999999999,725539.5,0.0067857091171466
CAN,2002,C23,1024.8000000000002,725539.5,0.0014124661717246
CAN,2002,C24,3825.699999999999,725539.5,0.0052729038184688
CAN,2002,C25,1998.699999999999,725539.5,0.0027547776516647
CAN,2002,C26,1722.0,725539.5,0.0023734062721602
CAN,2002,C27,1759.3999999999987,725539.5,0.0024249541203476
CAN,2002,C28,5344.299999999997,725539.5,0.0073659669804331
CAN,2002,C29,43868.0,725539.5,0.0604625936975175
CAN,2002,C30,14900.1,725539.5,0.0205365800207983
CAN,2002,C31T33,6174.9,725539.5,0.0085107702613021
CAN,2002,D,8798.800000000001,725539.5,0.012127251514218
CAN,2002,E,1328.0,725539.5,0.0018303620960678
CAN,2002,F,71178.0,725539.5,0.0981035491520447
CAN,2002,G,52081.59999999999,725539.5,0.0717832729989201
CAN,2002,H49,12662.699999999995,725539.5,0.017452805808643
CAN,2002,H50,7.500000000000455,725539.5,1.0337135331708963e-05
CAN,2002,H51,5039.500000000002,725539.5,0.0069458658005525
CAN,2002,H52,4932.0,725539.5,0.0067977001941314
CAN,2002,H53,385.79999999999984,725539.5,0.000531742241463
CAN,2002,I,30300.6,725539.5,0.0417628537109282
CAN,2002,J58T60,6932.9,725539.5,0.00955551007216
CAN,2002,J61,9834.499999999996,725539.5,0.0135547409892914
CAN,2002,J62_63,5731.0,725539.5,0.007898949678136
CAN,2002,K,41223.8,725539.5,0.0568181332649704
CAN,2002,L,84633.50000000003,725539.5,0.116649059079485
CAN,2002,M,5301.600000000001,725539.5,0.0073071142232779
CAN,2002,N,1621.7999999999995,725539.5,0.0022353021441286
CAN,2002,O,76375.49999999999,725539.5,0.1052671839369186
CAN,2002,P,44651.40000000001,725539.5,0.0615423419400322
CAN,2002,Q,55943.9,725539.5,0.0771066220378077
CAN,2002,R,10533.9,725539.5,0.0145187133160909
CAN,2002,S,10579.100000000002,725539.5,0.0145810117850234
CAN,2002,T,1064.6,725539.5,0.0014673219032182
CAN,2002,employees_compensation,0.0,725539.5,0.0
CAN,2003,A01_02,9600.0,850637.8999999999,0.0112856481000905
CAN,2003,A03,1388.0,850637.8999999999,0.001631716621138
CAN,2003,B05_06,24970.3,850637.8999999999,0.0293547936201761
CAN,2003,B07_08,-190.59999999999943,850637.8999999999,-0.0002240671383205
CAN,2003,B09,2787.2,850637.8999999999,0.0032765998317262
CAN,2003,C10T12,36181.3,850637.8999999999,0.042534314542063
CAN,2003,C13T15,4980.199999999999,850637.8999999999,0.0058546650695907
CAN,2003,C16,10526.4,850637.8999999999,0.0123747131417492
CAN,2003,C17_18,17694.699999999997,850637.8999999999,0.0208016830663199
CAN,2003,C19,8544.5,850637.8999999999,0.0100448146032524
CAN,2003,C20,4624.600000000002,850637.8999999999,0.0054366258545498
CAN,2003,C21,3153.699999999999,850637.8999999999,0.0037074529597141
CAN,2003,C22,5739.699999999999,850637.8999999999,0.006747524416676
CAN,2003,C23,1497.1999999999998,850637.8999999999,0.0017600908682766
CAN,2003,C24,4081.500000000002,850637.8999999999,0.0047981638250541
CAN,2003,C25,2297.7000000000007,850637.8999999999,0.002701149337456
CAN,2003,C26,1356.199999999997,850637.8999999999,0.0015943329118065
CAN,2003,C27,1691.7000000000007,850637.8999999999,0.0019887428011378
CAN,2003,C28,7116.199999999999,850637.8999999999,0.0083657217718608
CAN,2003,C29,46878.3,850637.8999999999,0.0551095830552577
CAN,2003,C30,6511.000000000001,850637.8999999999,0.0076542557062176
CAN,2003,C31T33,4943.299999999999,850637.8999999999,0.0058112858597059
CAN,2003,D,10191.2,850637.8999999999,0.0119806559289211
CAN,2003,E,1531.2000000000005,850637.8999999999,0.0018000608719644
CAN,2003,F,86738.9,850637.8999999999,0.1019692397905148
CAN,2003,G,65054.59999999999,850637.8999999999,0.0764774294679322
CAN,2003,H49,14712.8,850637.8999999999,0.0172961961840637
CAN,2003,H50,-47.30000000000018,850637.8999999999,-5.560532865982128e-05
CAN,2003,H51,5000.799999999999,850637.8999999999,0.0058788821894721
CAN,2003,H52,5560.0,850637.8999999999,0.0065362711913024
CAN,2003,H53,546.2,850637.8999999999,0.0006421063533614
CAN,2003,I,33881.3,850637.8999999999,0.0398304613514163
CAN,2003,J58T60,8406.8,850637.8999999999,0.0098829360883167
CAN,2003,J61,12503.8,850637.8999999999,0.0146993215326991
CAN,2003,J62_63,5878.799999999999,850637.8999999999,0.0069110487552929
CAN,2003,K,49781.1,850637.8999999999,0.0585220808995225
CAN,2003,L,99435.7,850637.8999999999,0.1168954498735596
CAN,2003,M,6647.900000000001,850637.8999999999,0.0078151937504783
CAN,2003,N,2260.4000000000005,850637.8999999999,0.0026572998922338
CAN,2003,O,91021.9,850637.8999999999,0.1070042846668365
CAN,2003,P,52396.8,850637.8999999999,0.0615970673302941
CAN,2003,Q,66747.79999999999,850637.8999999999,0.0784679356515857
CAN,2003,R,12216.2,850637.8999999999,0.0143612223250339
CAN,2003,S,12542.0,850637.8999999999,0.0147442290074307
CAN,2003,T,1255.9,850637.8999999999,0.0014764214009274
CAN,2003,employees_compensation,0.0,850637.8999999999,0.0
CAN,2004,A01_02,9989.4,975655.3,0.010238657033893
CAN,2004,A03,1568.1,975655.3,0.0016072274706036
CAN,2004,B05_06,30722.9,975655.3,0.0314895024912999
CAN,2004,B07_08,3790.1,975655.3,0.0038846711538388
CAN,2004,B09,3579.8,975655.3,0.0036691237161321
CAN,2004,C10T12,39812.1,975655.3,0.0408054975973584
CAN,2004,C13T15,4866.800000000003,975655.3,0.0049882371366198
CAN,2004,C16,13771.3,975655.3,0.0141149235800799
CAN,2004,C17_18,18765.7,975655.3,0.0192339446113806
CAN,2004,C19,10600.7,975655.3,0.0108652102848208
CAN,2004,C20,4833.800000000003,975655.3,0.0049544137155817
CAN,2004,C21,3061.4,975655.3,0.0031377885201874
CAN,2004,C22,6340.199999999999,975655.3,0.0064984016383655
CAN,2004,C23,1363.8999999999996,975655.3,0.0013979322410281
CAN,2004,C24,6362.300000000003,975655.3,0.0065210530809395
CAN,2004,C25,1414.1000000000004,975655.3,0.0014493848390922
CAN,2004,C26,1452.199999999997,975655.3,0.001488435516109
CAN,2004,C27,1719.6000000000004,975655.3,0.0017625077217332
CAN,2004,C28,8309.599999999999,975655.3,0.008516942407836
CAN,2004,C29,48311.59999999999,975655.3,0.0495170784189866
CAN,2004,C30,7893.199999999999,975655.3,0.0080901523314637
CAN,2004,C31T33,7440.299999999999,975655.3,0.007625951501519
CAN,2004,D,11627.6,975655.3,0.0119177336503988
CAN,2004,E,1744.5,975655.3,0.0017880290303347
CAN,2004,F,106113.80000000002,975655.3,0.108761567738114
CAN,2004,G,72771.29999999999,975655.3,0.0745871005876768
CAN,2004,H49,18253.2,975655.3,0.0187086566331367
CAN,2004,H50,-252.50000000000043,975655.3,-0.0002588004185494
CAN,2004,H51,5546.4,975655.3,0.0056847946195751
CAN,2004,H52,6552.800000000001,975655.3,0.0067163064660234
CAN,2004,H53,620.9999999999998,975655.3,0.0006364952868087
CAN,2004,I,38277.1,975655.3,0.0392321960430082
CAN,2004,J58T60,9910.8,975655.3,0.010158095794693
CAN,2004,J61,14660.5,975655.3,0.0150263110342351
CAN,2004,J62_63,6922.700000000001,975655.3,0.0070954362672964
CAN,2004,K,58969.4,975655.3,0.0604408134717251
CAN,2004,L,111917.9,975655.3,0.1147104925274326
CAN,2004,M,8071.199999999999,975655.3,0.0082725938146392
CAN,2004,N,2328.0,975655.3,0.0023860886114183
CAN,2004,O,101168.8,975655.3,0.1036931793431553
CAN,2004,P,59144.90000000001,975655.3,0.0606206925745188
CAN,2004,Q,75589.50000000001,975655.3,0.0774756207443346
CAN,2004,R,14141.9,975655.3,0.0144947708478598
CAN,2004,S,14167.499999999998,975655.3,0.0145210096229682
CAN,2004,T,1437.9,975655.3,0.0014737787003258
CAN,2004,employees_compensation,0.0,975655.3,0.0
CAN,2005,A01_02,10697.5,1116464.7,0.0095815837258446
CAN,2005,A03,1617.8000000000002,1116464.7,0.0014490382006703
CAN,2005,B05_06,44527.2,1116464.7,0.039882317819811
CAN,2005,B07_08,4750.2,1116464.7,0.0042546799733121
CAN,2005,B09,3929.5,1116464.7,0.0035195917972149
CAN,2005,C10T12,42980.2,1116464.7,0.0384966940737132
CAN,2005,C13T15,4181.200000000001,1116464.7,0.0037450355573266
CAN,2005,C16,13142.5,1116464.7,0.0117715320511253
CAN,2005,C17_18,18125.5,1116464.7,0.0162347273496421
CAN,2005,C19,14657.0,1116464.7,0.013128046054658
CAN,2005,C20,5532.299999999999,1116464.7,0.004955194732086
CAN,2005,C21,2810.7000000000007,1116464.7,0.0025175001054668
CAN,2005,C22,7041.8,1116464.7,0.0063072303136856
CAN,2005,C23,1366.2000000000005,1116464.7,0.0012236840089973
CAN,2005,C24,5721.6,1116464.7,0.0051247477864727
CAN,2005,C25,1298.5,1116464.7,0.0011630461760232
CAN,2005,C26,862.5000000000036,1116464.7,0.0007725277834579
CAN,2005,C27,2248.1000000000004,1116464.7,0.0020135880695556
CAN,2005,C28,9380.100000000006,1116464.7,0.0084016091149142
CAN,2005,C29,48674.29999999999,1116464.7,0.043596810539554
CAN,2005,C30,10547.5,1116464.7,0.0094472310678519
CAN,2005,C31T33,7474.899999999999,1116464.7,0.0066951512215298
CAN,2005,D,14152.3,1116464.7,0.012675994144732
CAN,2005,E,2042.4999999999995,1116464.7,0.0018294353596669
CAN,2005,F,129248.7,1116464.7,0.1157660425806566
CAN,2005,G,84276.6,1116464.7,0.0754852347772392
CAN,2005,H49,21329.800000000003,1116464.7,0.0191047688296817
CAN,2005,H50,-376.5999999999999,1116464.7,-0.0003373147400002
CAN,2005,H51,6513.599999999999,1116464.7,0.0058341298206741
CAN,2005,H52,7467.499999999998,1116464.7,0.0066885231570689
CAN,2005,H53,670.0,1116464.7,0.0006001085390339
CAN,2005,I,42830.6,1116464.7,0.0383626996894751
CAN,2005,J58T60,11843.700000000004,1116464.7,0.010608217169786
CAN,2005,J61,17108.5,1116464.7,0.0153238163284517
CAN,2005,J62_63,9103.8,1116464.7,0.0081541315188917
CAN,2005,K,68018.09999999999,1116464.7,0.0609227501774126
CAN,2005,L,126163.3,1116464.7,0.1130024979741858
CAN,2005,M,10630.8,1116464.7,0.0095218415772572
CAN,2005,N,3504.5999999999995,1116464.7,0.0031390155013409
CAN,2005,O,114499.1,1116464.7,0.1025550561517977
CAN,2005,P,67240.5,1116464.7,0.0602262659983786
CAN,2005,Q,85554.20000000001,1116464.7,0.0766295611495822
CAN,2005,R,15246.499999999998,1116464.7,0.0136560520005692
CAN,2005,S,16189.099999999997,1116464.7,0.0145003241033952
CAN,2005,T,1640.4,1116464.7,0.0014692806678079
CAN,2005,employees_compensation,0.0,1116464.7,0.0
CAN,2006,A01_02,12352.3,1257341.0,0.0098241447626379
CAN,2006,A03,1503.8,1257341.0,0.0011960160370178
CAN,2006,B05_06,45888.2,1257341.0,0.0364962249699962
CAN,2006,B07_08,5390.3,1257341.0,0.0042870629367848
CAN,2006,B09,4727.0,1257341.0,0.0037595210845745
CAN,2006,C10T12,45905.7,1257341.0,0.0365101432308339
CAN,2006,C13T15,3901.599999999999,1257341.0,0.003103056370547
CAN,2006,C16,11285.5,1257341.0,0.0089756875819686
CAN,2006,C17_18,18335.5,1257341.0,0.0145827583766058
CAN,2006,C19,15909.8,1257341.0,0.0126535283586552
CAN,2006,C20,4719.899999999998,1257341.0,0.0037538742473203
CAN,2006,C21,3499.1000000000013,1257341.0,0.0027829363712787
CAN,2006,C22,6744.199999999999,1257341.0,0.0053638591281124
CAN,2006,C23,1159.9999999999995,1257341.0,0.0009225818612452
CAN,2006,C24,13459.499999999996,1257341.0,0.0107047332426127
CAN,2006,C25,1155.2000000000007,1257341.0,0.0009187642811297
CAN,2006,C26,946.6999999999972,1257341.0,0.0007529381448628
CAN,2006,C27,2806.2000000000007,1257341.0,0.0022318527750228
CAN,2006,C28,10801.399999999994,1257341.0,0.0085906687207368
CAN,2006,C29,47659.8,1257341.0,0.0379052301642911
CAN,2006,C30,11267.5,1257341.0,0.0089613716565354
CAN,2006,C31T33,7292.9,1257341.0,0.0058002562550652
CAN,2006,D,14772.800000000005,1257341.0,0.0117492390687967
CAN,2006,E,2303.8,1257341.0,0.0018322793896007
CAN,2006,F,157436.7,1257341.0,0.1252140032019953
CAN,2006,G,96821.7,1257341.0,0.0770051243059758
CAN,2006,H49,25032.700000000004,1257341.0,0.019909237032754
CAN,2006,H50,-199.49999999999957,1257341.0,-0.0001586681735503
CAN,2006,H51,7835.0,1257341.0,0.0062314042093592
CAN,2006,H52,8534.800000000001,1257341.0,0.0067879755770312
CAN,2006,H53,788.1000000000001,1257341.0,0.0006267989352132
CAN,2006,I,47566.49999999999,1257341.0,0.0378310259507961
CAN,2006,J58T60,13365.899999999998,1257341.0,0.0106302904303605
CAN,2006,J61,19127.0,1257341.0,0.0152122614310676
CAN,2006,J62_63,10075.399999999998,1257341.0,0.0080132597282678
CAN,2006,K,79147.49999999999,1257341.0,0.0629483171231988
CAN,2006,L,141681.80000000002,1257341.0,0.1126836713349839
CAN,2006,M,12245.999999999998,1257341.0,0.0097396012696635
CAN,2006,N,4000.0,1257341.0,0.0031813167629147
CAN,2006,O,129131.60000000002,1257341.0,0.1027021309255007
CAN,2006,P,77009.0,1257341.0,0.0612475056488255
CAN,2006,Q,96563.8,1257341.0,0.0768000089076869
CAN,2006,R,17298.199999999997,1257341.0,0.0137577634070629
CAN,2006,S,18242.9,1257341.0,0.0145091108935443
CAN,2006,T,1847.2,1257341.0,0.001469132081114
CAN,2006,employees_compensation,0.0,1257341.0,0.0
CAN,2007,A01_02,15915.9,1401238.8,0.0113584493949211
CAN,2007,A03,1529.6,1401238.8,0.0010916055136355
CAN,2007,B05_06,49770.7,1401238.8,0.0355190706965864
CAN,2007,B07_08,8484.7,1401238.8,0.0060551420642933
CAN,2007,B09,5262.8,1401238.8,0.0037558194934368
CAN,2007,C10T12,48387.000000000015,1401238.8,0.0345315873354349
CAN,2007,C13T15,3513.400000000001,1401238.8,0.0025073527795547
CAN,2007,C16,8277.199999999999,1401238.8,0.0059070588111034
CAN,2007,C17_18,20812.0,1401238.8,0.0148525718813952
CAN,2007,C19,18125.6,1401238.8,0.0129354111519035
CAN,2007,C20,4572.9000000000015,1401238.8,0.0032634694386138
CAN,2007,C21,3165.9,1401238.8,0.0022593579338511
CAN,2007,C22,6097.099999999999,1401238.8,0.0043512212193952
CAN,2007,C23,1087.6,1401238.8,0.000776170342985
CAN,2007,C24,13574.0,1401238.8,0.0096871425484364
CAN,2007,C25,991.1999999999988,1401238.8,0.000707374074997
CAN,2007,C26,891.5999999999985,1401238.8,0.0006362941134658
CAN,2007,C27,2954.500000000002,1401238.8,0.0021084914291554
CAN,2007,C28,12240.4,1401238.8,0.0087354132643201
CAN,2007,C29,46774.50000000001,1401238.8,0.0333808198859466
CAN,2007,C30,12554.3,1401238.8,0.0089594293278204
CAN,2007,C31T33,7350.999999999999,1401238.8,0.005246072261202
CAN,2007,D,17260.4,1401238.8,0.0123179575101688
CAN,2007,E,2546.7000000000003,1401238.8,0.0018174632332476
CAN,2007,F,183224.1,1401238.8,0.1307586544135089
CAN,2007,G,110887.69999999998,1401238.8,0.0791354764084465
CAN,2007,H49,27104.6,1401238.8,0.0193433125031936
CAN,2007,H50,-178.80000000000018,1401238.8,-0.0001276013767246
CAN,2007,H51,8378.8,1401238.8,0.005979566081099
CAN,2007,H52,9678.7,1401238.8,0.0069072452175888
CAN,2007,H53,827.2,1401238.8,0.0005903347809095
CAN,2007,I,52933.29999999999,1401238.8,0.0377760735714711
CAN,2007,J58T60,14077.8,1401238.8,0.0100466815506393
CAN,2007,J61,21237.3,1401238.8,0.0151560890263672
CAN,2007,J62_63,11468.1,1401238.8,0.0081842581007605
CAN,2007,K,90301.8,1401238.8,0.0644442617489609
CAN,2007,L,158425.70000000004,1401238.8,0.113061171300709
CAN,2007,M,15502.800000000005,1401238.8,0.0110636388315824
CAN,2007,N,4268.400000000001,1401238.8,0.0030461617248965
CAN,2007,O,144697.79999999996,1401238.8,0.1032641973659307
CAN,2007,P,83816.2,1401238.8,0.0598157858603401
CAN,2007,Q,110354.0,1401238.8,0.0787545991446996
CAN,2007,R,19089.1,1401238.8,0.0136230170046675
CAN,2007,S,20786.4,1401238.8,0.0148343023330498
CAN,2007,T,2216.8,1401238.8,0.0015820287020313
CAN,2007,employees_compensation,0.0,1401238.8,0.0
CAN,2008,A01_02,23198.5,1486465.2,0.0156064871212592
CAN,2008,A03,1374.1,1486465.2,0.0009244077829739
CAN,2008,B05_06,75939.0,1486465.2,0.0510869679290171
CAN,2008,B07_08,9467.6,1486465.2,0.006369203934273
CAN,2008,B09,5462.799999999999,1486465.2,0.0036750271718436
CAN,2008,C10T12,54127.59999999999,1486465.2,0.036413634170514
CAN,2008,C13T15,2858.099999999995,1486465.2,0.0019227493519525
CAN,2008,C16,5411.4,1486465.2,0.0036404484948588
CAN,2008,C17_18,17846.9,1486465.2,0.0120062682933983
CAN,2008,C19,24641.8,1486465.2,0.0165774482981505
CAN,2008,C20,5833.599999999999,1486465.2,0.003924478016707
CAN,2008,C21,3181.699999999999,1486465.2,0.0021404470148376
CAN,2008,C22,4072.7000000000007,1486465.2,0.0027398555983685
CAN,2008,C23,818.1000000000004,1486465.2,0.0005503660630602
CAN,2008,C24,17986.700000000004,1486465.2,0.0121003169129018
CAN,2008,C25,-3209.999999999998,1486465.2,-0.0021594854692864
CAN,2008,C26,58.20000000000073,1486465.2,3.915328794781117e-05
CAN,2008,C27,2172.6000000000004,1486465.2,0.0014615882026703
CAN,2008,C28,13550.899999999998,1486465.2,0.0091161905438485
CAN,2008,C29,36608.59999999999,1486465.2,0.0246279563086979
CAN,2008,C30,13592.5,1486465.2,0.0091441763991514
CAN,2008,C31T33,7834.699999999999,1486465.2,0.0052706918399435
CAN,2008,D,20081.2,1486465.2,0.0135093643631885
CAN,2008,E,2964.000000000001,1486465.2,0.0019939921903318
CAN,2008,F,202921.6,1486465.2,0.136512849409458
CAN,2008,G,116521.2,1486465.2,0.0783881116086673
CAN,2008,H49,25321.8,1486465.2,0.0170349093944479
CAN,2008,H50,-23.100000000000364,1486465.2,-1.554022253598696e-05
CAN,2008,H51,11637.899999999998,1486465.2,0.0078292448420588
CAN,2008,H52,6472.9,1486465.2,0.0043545587209172
CAN,2008,H53,1133.7000000000005,1486465.2,0.0007626818306947
CAN,2008,I,57387.7,1486465.2,0.0386068237588071
CAN,2008,J58T60,19616.3,1486465.2,0.0131966089754405
CAN,2008,J61,22001.9,1486465.2,0.0148014901391569
CAN,2008,J62_63,13164.8,1486465.2,0.0088564468243185
CAN,2008,K,61990.000000000015,1486465.2,0.0417029608227626
CAN,2008,L,168043.10000000003,1486465.2,0.1130487952223839
CAN,2008,M,16007.5,1486465.2,0.0107688360279137
CAN,2008,N,4882.4,1486465.2,0.0032845706714156
CAN,2008,O,158900.1,1486465.2,0.1068979616879022
CAN,2008,P,89406.8,1486465.2,0.0601472540359505
CAN,2008,Q,121353.8,1486465.2,0.0816391799821482
CAN,2008,R,19915.3,1486465.2,0.0133977573104301
CAN,2008,S,21471.5,1486465.2,0.0144446704840449
CAN,2008,T,2464.7,1486465.2,0.0016580946530063
CAN,2008,employees_compensation,0.0,1486465.2,0.0
CAN,2009,A01_02,18922.8,1313388.2,0.0144076214480988
CAN,2009,A03,1168.1,1313388.2,0.0008893790883761
CAN,2009,B05_06,36290.2,1313388.2,0.02763097765002
CAN,2009,B07_08,4301.199999999999,1313388.2,0.003274888566838
CAN,2009,B09,4516.4,1313388.2,0.0034387395897115
CAN,2009,C10T12,52032.39999999999,1313388.2,0.039616923617861
CAN,2009,C13T15,2769.2999999999997,1313388.2,0.0021085159741803
CAN,2009,C16,3710.9,1313388.2,0.0028254403382031
CAN,2009,C17_18,14355.7,1313388.2,0.0109302794101545
CAN,2009,C19,15859.500000000002,1313388.2,0.0120752569575392
CAN,2009,C20,2485.300000000001,1313388.2,0.001892281352916
CAN,2009,C21,4050.6,1313388.2,0.0030840843552576
CAN,2009,C22,3127.0999999999995,1313388.2,0.0023809411413929
CAN,2009,C23,555.0000000000005,1313388.2,0.0004225711788791
CAN,2009,C24,7265.899999999998,1313388.2,0.0055321800515643
CAN,2009,C25,-2292.600000000002,1313388.2,-0.0017455615940511
CAN,2009,C26,1526.6000000000022,1313388.2,0.0011623372282467
CAN,2009,C27,2254.2,1313388.2,0.0017163242368098
CAN,2009,C28,9928.899999999998,1313388.2,0.0075597603206728
CAN,2009,C29,23567.8,1313388.2,0.0179442757289885
CAN,2009,C30,11756.3,1313388.2,0.008951123513977
CAN,2009,C31T33,6435.499999999998,1313388.2,0.0048999222012197
CAN,2009,D,18402.7,1313388.2,0.0140116227631708
CAN,2009,E,3174.3,1313388.2,0.0024168787263354
CAN,2009,F,171412.8,1313388.2,0.1305119080558208
CAN,2009,G,105973.3,1313388.2,0.0806869591184084
CAN,2009,H49,20067.7,1313388.2,0.0152793362998083
CAN,2009,H50,134.79999999999973,1313388.2,0.0001026353061493
CAN,2009,H51,9608.9,1313388.2,0.0073161156769948
CAN,2009,H52,5582.900000000001,1313388.2,0.0042507615037199
CAN,2009,H53,1060.7999999999995,1313388.2,0.0008076819937928
CAN,2009,I,53106.7,1313388.2,0.040434884370059
CAN,2009,J58T60,16758.59999999999,1313388.2,0.0127598222673235
CAN,2009,J61,22121.000000000004,1313388.2,0.016842697383759
CAN,2009,J62_63,12162.100000000002,1313388.2,0.0092600953777413
CAN,2009,K,56315.49999999999,1313388.2,0.042878031034541
CAN,2009,L,165272.1,1313388.2,0.1258364434825895
CAN,2009,M,11824.9,1313388.2,0.0090033548344655
CAN,2009,N,7216.7,1313388.2,0.0054947196875988
CAN,2009,O,158299.89999999997,1313388.2,0.1205278835305509
CAN,2009,P,87186.69999999998,1313388.2,0.0663830389217749
CAN,2009,Q,121638.3,1313388.2,0.0926141258159621
CAN,2009,R,18749.1,1313388.2,0.0142753680899523
CAN,2009,S,20327.500000000004,1313388.2,0.0154771452948945
CAN,2009,T,2403.8,1313388.2,0.0018302281077293
CAN,2009,employees_compensation,0.0,1313388.2,0.0
CAN,2010,A01_02,20566.700000000004,1543884.9,0.0133213946195082
CAN,2010,A03,1734.4,1543884.9,0.0011233998078483
CAN,2010,B05_06,42571.2,1543884.9,0.0275740762799092
CAN,2010,B07_08,7737.9,1543884.9,0.0050119668895006
CAN,2010,B09,5929.7,1543884.9,0.0038407655907509
CAN,2010,C10T12,58094.29999999999,1543884.9,0.0376286470578214
CAN,2010,C13T15,2404.800000000001,1543884.9,0.001557629069369
CAN,2010,C16,4993.3,1543884.9,0.0032342436926483
CAN,2010,C17_18,16700.7,1543884.9,0.0108173219389606
CAN,2010,C19,19569.900000000005,1543884.9,0.0126757506340012
CAN,2010,C20,2486.400000000001,1543884.9,0.0016104827503656
CAN,2010,C21,3257.199999999997,1543884.9,0.0021097427664458
CAN,2010,C22,3241.100000000002,1543884.9,0.0020993145279159
CAN,2010,C23,606.6999999999998,1543884.9,0.0003929697090761
CAN,2010,C24,12485.5,1543884.9,0.0080870665941483
CAN,2010,C25,-3438.7999999999997,1543884.9,-0.0022273681153303
CAN,2010,C26,2000.800000000003,1543884.9,0.0012959515311018
CAN,2010,C27,1251.4000000000017,1543884.9,0.0008105526519496
CAN,2010,C28,11357.499999999993,1543884.9,0.0073564421803723
CAN,2010,C29,38474.19999999999,1543884.9,0.0249203810465404
CAN,2010,C30,8930.100000000002,1543884.9,0.0057841747140606
CAN,2010,C31T33,5901.9000000000015,1543884.9,0.0038227590670781
CAN,2010,D,22303.7,1543884.9,0.0144464784907216
CAN,2010,E,3877.1,1543884.9,0.0025112623356831
CAN,2010,F,218746.7,1543884.9,0.1416858860398207
CAN,2010,G,118272.7,1543884.9,0.0766072004460954
CAN,2010,H49,18569.6,1543884.9,0.0120278396401182
CAN,2010,H50,96.90000000000056,1543884.9,6.276374618341079e-05
CAN,2010,H51,11740.8,1543884.9,0.0076047119833868
CAN,2010,H52,4803.799999999999,1543884.9,0.0031115013820006
CAN,2010,H53,1272.3999999999996,1543884.9,0.0008241547022061
CAN,2010,I,61398.0,1543884.9,0.0397685086498352
CAN,2010,J58T60,21098.700000000004,1543884.9,0.013665979892672
CAN,2010,J61,25796.6,1543884.9,0.0167088880783794
CAN,2010,J62_63,14281.8,1543884.9,0.0092505600644193
CAN,2010,K,71501.7,1543884.9,0.0463128436582286
CAN,2010,L,193579.0,1543884.9,0.1253843469807885
CAN,2010,M,12296.8,1543884.9,0.0079648424568437
CAN,2010,N,8713.500000000002,1543884.9,0.0056438792814153
CAN,2010,O,182396.4,1543884.9,0.1181411904475521
CAN,2010,P,99311.6,1543884.9,0.0643257797261959
CAN,2010,Q,141072.5,1543884.9,0.0913750111812091
CAN,2010,R,20803.3,1543884.9,0.013474644385731
CAN,2010,S,22336.500000000004,1543884.9,0.0144677235977889
CAN,2010,T,2757.9,1543884.9,0.0017863378286814
CAN,2010,employees_compensation,0.0,1543884.9,0.0
CAN,2011,A01_02,25016.6,1714221.7,0.0145935616145799
CAN,2011,A03,1750.8000000000004,1714221.7,0.0010213381384683
CAN,2011,B05_06,57163.6,1714221.7,0.0333466785538883
CAN,2011,B07_08,11027.1,1714221.7,0.006432715208307
CAN,2011,B09,7407.6,1714221.7,0.0043212613631014
CAN,2011,C10T12,64115.1,1714221.7,0.0374018716482238
CAN,2011,C13T15,2478.9,1714221.7,0.0014460789989999
CAN,2011,C16,5378.599999999999,1714221.7,0.0031376338311433
CAN,2011,C17_18,17854.699999999997,1714221.7,0.0104156306036727
CAN,2011,C19,21054.7,1714221.7,0.0122823669773868
CAN,2011,C20,4987.200000000001,1714221.7,0.0029093086384334
CAN,2011,C21,2669.300000000001,1714221.7,0.0015571498132359
CAN,2011,C22,3480.400000000001,1714221.7,0.0020303091484607
CAN,2011,C23,1023.3000000000002,1714221.7,0.0005969472910067
CAN,2011,C24,19340.4,1714221.7,0.0112823213006812
CAN,2011,C25,-4172.4,1714221.7,-0.0024339908892764
CAN,2011,C26,963.5000000000036,1714221.7,0.0005620626550229
CAN,2011,C27,1370.2000000000007,1714221.7,0.0007993131810197
CAN,2011,C28,14559.700000000004,1714221.7,0.008493475493864
CAN,2011,C29,41405.59999999999,1714221.7,0.02415416862358
CAN,2011,C30,13658.7,1714221.7,0.0079678725336401
CAN,2011,C31T33,4040.2000000000007,1714221.7,0.0023568713428373
CAN,2011,D,24994.899999999998,1714221.7,0.0145809028085457
CAN,2011,E,4240.400000000001,1714221.7,0.0024736590372178
CAN,2011,F,243652.2,1714221.7,0.1421357575860812
CAN,2011,G,126959.00000000004,1714221.7,0.0740621822719897
CAN,2011,H49,20746.6,1714221.7,0.0121026352659052
CAN,2011,H50,57.29999999999927,1714221.7,3.3426248191817475e-05
CAN,2011,H51,13637.6,1714221.7,0.007955563740676
CAN,2011,H52,5084.399999999999,1714221.7,0.0029660107557849
CAN,2011,H53,1377.7000000000005,1714221.7,0.0008036883443955
CAN,2011,I,66248.4,1714221.7,0.0386463431188626
CAN,2011,J58T60,22113.0,1714221.7,0.0128997316974811
CAN,2011,J61,28098.1,1714221.7,0.0163911704069549
CAN,2011,J62_63,15732.000000000002,1714221.7,0.0091773426972718
CAN,2011,K,80813.90000000001,1714221.7,0.047143202072404
CAN,2011,L,211004.7,1714221.7,0.1230906714108216
CAN,2011,M,13198.8,1714221.7,0.0076995875154304
CAN,2011,N,9400.1,1714221.7,0.0054835964332968
CAN,2011,O,199670.1,1714221.7,0.1164785745041029
CAN,2011,P,107848.1,1714221.7,0.0629137409706107
CAN,2011,Q,153870.8,1714221.7,0.0897613185039018
CAN,2011,R,21941.9,1714221.7,0.0127999196369991
CAN,2011,S,23995.1,1714221.7,0.0139976643627834
CAN,2011,T,2962.8,1714221.7,0.0017283645400125
CAN,2011,employees_compensation,0.0,1714221.7,0.0
CAN,2012,A01_02,27322.1,1746831.9,0.0156409440427553
CAN,2012,A03,1431.1,1746831.9,0.0008192545602126
CAN,2012,B05_06,52555.0,1746831.9,0.0300858943553755
CAN,2012,B07_08,8340.5,1746831.9,0.004774643742194
CAN,2012,B09,7640.1,1746831.9,0.0043736893057654
CAN,2012,C10T12,65481.3,1746831.9,0.0374857477700058
CAN,2012,C13T15,2116.0,1746831.9,0.0012113357902383
CAN,2012,C16,5892.9,1746831.9,0.003373478581425
CAN,2012,C17_18,16402.400000000005,1746831.9,0.0093897987551063
CAN,2012,C19,22982.2,1746831.9,0.0131565034964154
CAN,2012,C20,2708.400000000001,1746831.9,0.0015504640143107
CAN,2012,C21,3290.499999999998,1746831.9,0.001883695849612
CAN,2012,C22,3109.7000000000007,1746831.9,0.0017801941904083
CAN,2012,C23,556.1999999999998,1746831.9,0.0003184049936344
CAN,2012,C24,14545.0,1746831.9,0.0083265023955653
CAN,2012,C25,-5358.100000000002,1746831.9,-0.0030673243372759
CAN,2012,C26,-1292.0999999999983,1746831.9,-0.0007396819350505
CAN,2012,C27,542.7999999999993,1746831.9,0.0003107339635828
CAN,2012,C28,14609.9,1746831.9,0.008363655369472
CAN,2012,C29,46650.0,1746831.9,0.0267054889483069
CAN,2012,C30,12272.4,1746831.9,0.0070255185974105
CAN,2012,C31T33,4597.9,1746831.9,0.0026321364980797
CAN,2012,D,25184.8,1746831.9,0.0144174147495245
CAN,2012,E,4314.8,1746831.9,0.0024700716766163
CAN,2012,F,266179.6,1746831.9,0.1523784858749144
CAN,2012,G,125986.9,1746831.9,0.0721230817916709
CAN,2012,H49,21438.1,1746831.9,0.0122725603992004
CAN,2012,H50,317.39999999999964,1746831.9,0.0001817003685357
CAN,2012,H51,14228.300000000005,1746831.9,0.00814520275248
CAN,2012,H52,5398.9000000000015,1746831.9,0.0030906809063883
CAN,2012,H53,1504.1,1746831.9,0.000861044500046
CAN,2012,I,67929.3,1746831.9,0.0388871419167465
CAN,2012,J58T60,22379.5,1746831.9,0.012811478883572
CAN,2012,J61,28651.5,1746831.9,0.0164019789196659
CAN,2012,J62_63,15369.9,1746831.9,0.0087987287156823
CAN,2012,K,82378.4,1746831.9,0.0471587449255993
CAN,2012,L,217643.1,1746831.9,0.1245930418376261
CAN,2012,M,13389.499999999998,1746831.9,0.0076650191698468
CAN,2012,N,9151.000000000002,1746831.9,0.0052386265673302
CAN,2012,O,200934.49999999997,1746831.9,0.1150279543211913
CAN,2012,P,110604.6,1746831.9,0.0633172545108662
CAN,2012,Q,157658.19999999998,1746831.9,0.090253790304608
CAN,2012,R,22400.6,1746831.9,0.0128235578935786
CAN,2012,S,24370.8,1746831.9,0.013951428297136
CAN,2012,T,3021.9,1746831.9,0.0017299317696224
CAN,2012,employees_compensation,0.0,1746831.9,0.0
CAN,2013,A01_02,29021.1,1767409.2999999998,0.0164201353925205
CAN,2013,A03,1340.7,1767409.2999999998,0.0007585679219861
CAN,2013,B05_06,67472.29999999999,1767409.2999999998,0.0381758203942912
CAN,2013,B07_08,8682.699999999999,1767409.2999999998,0.0049126707661886
CAN,2013,B09,7013.499999999999,1767409.2999999998,0.0039682375780188
CAN,2013,C10T12,63940.5,1767409.2999999998,0.0361775283178605
CAN,2013,C13T15,1197.100000000004,1767409.2999999998,0.0006773190567685
CAN,2013,C16,7419.100000000001,1767409.2999999998,0.0041977260162657
CAN,2013,C17_18,14190.1,1767409.2999999998,0.0080287571192479
CAN,2013,C19,20179.4,1767409.2999999998,0.0114175024426996
CAN,2013,C20,4116.200000000001,1767409.2999999998,0.0023289455362716
CAN,2013,C21,2466.999999999998,1767409.2999999998,0.0013958283460429
CAN,2013,C22,2577.300000000001,1767409.2999999998,0.0014582360746885
CAN,2013,C23,515.3999999999996,1767409.2999999998,0.0002916132669438
CAN,2013,C24,15398.7,1767409.2999999998,0.0087125828748326
CAN,2013,C25,-6074.399999999998,1767409.2999999998,-0.0034368948946913
CAN,2013,C26,-4354.9000000000015,1767409.2999999998,-0.0024640019716994
CAN,2013,C27,-1766.3999999999996,1767409.2999999998,-0.0009994289381638
CAN,2013,C28,10361.4,1767409.2999999998,0.0058624790533805
CAN,2013,C29,44256.30000000001,1767409.2999999998,0.0250402099841842
CAN,2013,C30,12893.7,1767409.2999999998,0.0072952541327014
CAN,2013,C31T33,11631.8,1767409.2999999998,0.0065812712426035
CAN,2013,D,26356.3,1767409.2999999998,0.0149123918268394
CAN,2013,E,4394.599999999999,1767409.2999999998,0.0024864642276126
CAN,2013,F,272826.19999999995,1767409.2999999998,0.1543650358748253
CAN,2013,G,135592.3,1767409.2999999998,0.0767181093819071
CAN,2013,H49,26146.8,1767409.2999999998,0.0147938567484057
CAN,2013,H50,96.39999999999964,1767409.2999999998,5.454311007642635e-05
CAN,2013,H51,9684.7,1767409.2999999998,0.0054796022630411
CAN,2013,H52,5548.2,1767409.2999999998,0.0031391709888592
CAN,2013,H53,1814.4,1767409.2999999998,0.0010265873332227
CAN,2013,I,60528.7,1767409.2999999998,0.0342471322290767
CAN,2013,J58T60,15625.799999999996,1767409.2999999998,0.0088410760314546
CAN,2013,J61,29792.5,1767409.2999999998,0.0168565934331113
CAN,2013,J62_63,13735.500000000004,1767409.2999999998,0.0077715444860451
CAN,2013,K,76634.4,1767409.2999999998,0.0433597356311297
CAN,2013,L,222585.1,1767409.2999999998,0.1259386266667262
CAN,2013,M,21928.899999999998,1767409.2999999998,0.0124073693626032
CAN,2013,N,13155.100000000002,1767409.2999999998,0.0074431542257925
CAN,2013,O,201306.4,1767409.2999999998,0.1138991403971904
CAN,2013,P,112589.7,1767409.2999999998,0.0637032406698323
CAN,2013,Q,154542.5,1767409.2999999998,0.0874401305911426
CAN,2013,R,21140.300000000007,1767409.2999999998,0.0119611795637829
CAN,2013,S,25885.900000000005,1767409.2999999998,0.0146462395552631
CAN,2013,T,3020.0,1767409.2999999998,0.0017087156891162
CAN,2013,employees_compensation,0.0,1767409.2999999998,0.0
CAN,2014,A01_02,27196.9,1729083.1,0.0157290878616533
CAN,2014,A03,1440.6,1729083.1,0.0008331583369243
CAN,2014,B05_06,80747.9,1729083.1,0.0466998376191404
CAN,2014,B07_08,7854.9,1729083.1,0.0045428123148043
CAN,2014,B09,5866.200000000001,1729083.1,0.0033926651645603
CAN,2014,C10T12,62991.40000000001,1729083.1,0.0364305220495186
CAN,2014,C13T15,950.8999999999996,1729083.1,0.0005499446498551
CAN,2014,C16,7747.9,1729083.1,0.004480929806092
CAN,2014,C17_18,13563.4,1729083.1,0.0078442730716643
CAN,2014,C19,16626.699999999997,1729083.1,0.0096159056785645
CAN,2014,C20,3008.300000000003,1729083.1,0.0017398238407396
CAN,2014,C21,3006.7000000000007,1729083.1,0.0017388984948149
CAN,2014,C22,1964.8999999999976,1729083.1,0.0011363826296145
CAN,2014,C23,244.69999999999985,1729083.1,0.0001415200923541
CAN,2014,C24,14253.3,1729083.1,0.0082432706675578
CAN,2014,C25,-6654.1,1729083.1,-0.0038483401983398
CAN,2014,C26,-4326.200000000001,1729083.1,-0.0025020197120658
CAN,2014,C27,-2031.4,1729083.1,-0.0011748423196085
CAN,2014,C28,9872.8,1729083.1,0.0057098470281734
CAN,2014,C29,44744.9,1729083.1,0.0258778192904667
CAN,2014,C30,14672.7,1729083.1,0.0084858269680618
CAN,2014,C31T33,9636.499999999996,1729083.1,0.0055731850019238
CAN,2014,D,25196.0,1729083.1,0.0145718849487338
CAN,2014,E,4265.400000000001,1729083.1,0.0024668565669284
CAN,2014,F,269021.5,1729083.1,0.1555862179209316
CAN,2014,G,129648.0,1729083.1,0.074980780275974
CAN,2014,H49,24980.10000000001,1729083.1,0.0144470210830237
CAN,2014,H50,123.39999999999964,1729083.1,7.136730444013919e-05
CAN,2014,H51,9639.600000000002,1729083.1,0.0055749778596529
CAN,2014,H52,5435.999999999999,1729083.1,0.0031438627790648
CAN,2014,H53,1659.6,1729083.1,0.0009598150603634
CAN,2014,I,59783.8,1729083.1,0.0345754348070373
CAN,2014,J58T60,16545.299999999996,1729083.1,0.0095688287046469
CAN,2014,J61,28922.3,1729083.1,0.0167269577731689
CAN,2014,J62_63,14037.7,1729083.1,0.0081185803042086
CAN,2014,K,82588.4,1729083.1,0.0477642746031119
CAN,2014,L,218052.0,1729083.1,0.1261084559787785
CAN,2014,M,14660.100000000004,1729083.1,0.008478539868905
CAN,2014,N,13377.6,1729083.1,0.0077368172761621
CAN,2014,O,192147.19999999995,1729083.1,0.1111266427854161
CAN,2014,P,108116.7,1729083.1,0.0625283423335755
CAN,2014,Q,149585.3,1729083.1,0.0865113423409204
CAN,2014,R,20388.000000000004,1729083.1,0.0117912204451018
CAN,2014,S,24629.0,1729083.1,0.014243965486679
CAN,2014,T,2900.2,1729083.1,0.0016773051567041
CAN,2014,employees_compensation,0.0,1729083.1,0.0
CAN,2015,A01_02,24787.4,1485199.3,0.0166896119598224
CAN,2015,A03,1496.1,1485199.3,0.0010073395536881
CAN,2015,B05_06,43268.5,1485199.3,0.0291331271163405
CAN,2015,B07_08,7600.2,1485199.3,0.0051172930124596
CAN,2015,B09,3794.3000000000006,1485199.3,0.0025547413064361
CAN,2015,C10T12,55828.7,1485199.3,0.037590039262744
CAN,2015,C13T15,514.8999999999996,1485199.3,0.0003466874782394
CAN,2015,C16,7430.5999999999985,1485199.3,0.0050030995840086
CAN,2015,C17_18,12144.4,1485199.3,0.008176949719812
CAN,2015,C19,12577.9,1485199.3,0.0084688297388774
CAN,2015,C20,2700.600000000002,1485199.3,0.0018183418211953
CAN,2015,C21,3332.7999999999997,1485199.3,0.0022440085987112
CAN,2015,C22,1000.0,1485199.3,0.0006733103092628
CAN,2015,C23,-10.400000000000093,1485199.3,-7.002427216333923e-06
CAN,2015,C24,15197.599999999997,1485199.3,0.0102327007560534
CAN,2015,C25,-5760.799999999999,1485199.3,-0.0038788060296015
CAN,2015,C26,-4440.0,1485199.3,-0.0029894977731271
CAN,2015,C27,-1765.199999999999,1485199.3,-0.0011885273579108
CAN,2015,C28,7394.9000000000015,1485199.3,0.004979062405968
CAN,2015,C29,40012.50000000001,1485199.3,0.0269408287493806
CAN,2015,C30,11871.299999999996,1485199.3,0.0079930686743523
CAN,2015,C31T33,7337.0999999999985,1485199.3,0.0049401450700926
CAN,2015,D,22509.4,1485199.3,0.0151558110753216
CAN,2015,E,3839.4,1485199.3,0.0025851076013838
CAN,2015,F,220982.3,1485199.3,0.1487896607546205
CAN,2015,G,113018.0,1485199.3,0.0760961845322711
CAN,2015,H49,21902.6,1485199.3,0.0147472463796609
CAN,2015,H50,24.400000000000546,1485199.3,1.6428771546014428e-05
CAN,2015,H51,8683.199999999999,1485199.3,0.0058464880773913
CAN,2015,H52,5167.0,1485199.3,0.0034789943679612
CAN,2015,H53,1453.2999999999995,1485199.3,0.0009785218724517
CAN,2015,I,54436.400000000016,1485199.3,0.0366525893191573
CAN,2015,J58T60,12532.2,1485199.3,0.0084380594577441
CAN,2015,J61,25146.500000000004,1485199.3,0.0169313976918787
CAN,2015,J62_63,12168.2,1485199.3,0.0081929745051724
CAN,2015,K,72115.3,1485199.3,0.0485559749455847
CAN,2015,L,197030.4,1485199.3,0.1326625995581872
CAN,2015,M,11811.899999999994,1485199.3,0.0079530740419821
CAN,2015,N,12626.2,1485199.3,0.0085013506268148
CAN,2015,O,169785.0,1485199.3,0.1143179908581966
CAN,2015,P,96794.2,1485199.3,0.0651725327368522
CAN,2015,Q,134048.1,1485199.3,0.0902559676671003
CAN,2015,R,18256.099999999995,1485199.3,0.0122920203369339
CAN,2015,S,21992.4,1485199.3,0.0148077096454327
CAN,2015,T,2563.4,1485199.3,0.0017259636467644
CAN,2015,employees_compensation,0.0,1485199.3,0.0
CAN,2016,A01_02,23764.5,1455697.7,0.0163251614672469
CAN,2016,A03,1546.7,1455697.7,0.0010625145591698
CAN,2016,B05_06,35615.99999999999,1455697.7,0.0244666183095569
CAN,2016,B07_08,4962.000000000001,1455697.7,0.0034086747543806
CAN,2016,B09,2550.9999999999995,1455697.7,0.0017524242842452
CAN,2016,C10T12,55566.1,1455697.7,0.0381714555157983
CAN,2016,C13T15,580.1000000000004,1455697.7,0.0003985030683224
CAN,2016,C16,8655.800000000001,1455697.7,0.0059461521440887
CAN,2016,C17_18,11292.500000000002,1455697.7,0.0077574485416855
CAN,2016,C19,10879.7,1455697.7,0.0074738731812243
CAN,2016,C20,3010.5999999999985,1455697.7,0.0020681491768517
CAN,2016,C21,3467.0999999999995,1455697.7,0.0023817445064315
CAN,2016,C22,1173.699999999999,1455697.7,0.0008062800401484
CAN,2016,C23,319.5999999999999,1455697.7,0.0002195510784965
CAN,2016,C24,14671.7,1455697.7,0.0100788096319723
CAN,2016,C25,-4632.100000000002,1455697.7,-0.0031820480309888
CAN,2016,C26,-4068.5,1455697.7,-0.002794879733615
CAN,2016,C27,-1534.1000000000004,1455697.7,-0.0010538589158999
CAN,2016,C28,5061.4000000000015,1455697.7,0.0034769581623986
CAN,2016,C29,41114.9,1455697.7,0.028244119641049
CAN,2016,C30,9594.700000000004,1455697.7,0.0065911349588585
CAN,2016,C31T33,9503.600000000002,1455697.7,0.0065285532841056
CAN,2016,D,21869.9,1455697.7,0.015023654980014
CAN,2016,E,3843.400000000001,1455697.7,0.0026402459796426
CAN,2016,F,204177.7,1455697.7,0.1402610583227548
CAN,2016,G,113849.2,1455697.7,0.0782093699811437
CAN,2016,H49,21612.2,1455697.7,0.0148466264664703
CAN,2016,H50,-221.79999999999927,1455697.7,-0.0001523667997826
CAN,2016,H51,8985.2,1455697.7,0.0061724353895729
CAN,2016,H52,5436.800000000001,1455697.7,0.0037348413753762
CAN,2016,H53,1037.8000000000004,1455697.7,0.0007129227448803
CAN,2016,I,55528.000000000015,1455697.7,0.0381452824992441
CAN,2016,J58T60,13217.7,1455697.7,0.0090799758768595
CAN,2016,J61,25572.0,1455697.7,0.0175668341029871
CAN,2016,J62_63,13450.7,1455697.7,0.009240036581771
CAN,2016,K,70125.10000000003,1455697.7,0.0481728452274122
CAN,2016,L,199454.0,1455697.7,0.1370160851391054
CAN,2016,M,11792.699999999995,1455697.7,0.0081010638403838
CAN,2016,N,12450.7,1455697.7,0.0085530807667003
CAN,2016,O,168168.30000000002,1455697.7,0.115524191595549
CAN,2016,P,96704.5,1455697.7,0.0664317186185016
CAN,2016,Q,133111.99999999997,1455697.7,0.091442062455687
CAN,2016,R,17783.700000000004,1455697.7,0.0122166161284722
CAN,2016,S,22144.9,1455697.7,0.0152125678291584
CAN,2016,T,2506.0,1455697.7,0.001721511272567
CAN,2016,employees_compensation,0.0,1455697.7,0.0
CAN,2017,A01_02,24933.999999999996,1569957.9,0.0158819545415835
CAN,2017,A03,1798.1,1569957.9,0.0011453173362164
CAN,2017,B05_06,46550.2,1569957.9,0.0296506040066424
CAN,2017,B07_08,7401.0,1569957.9,0.0047141391498459
CAN,2017,B09,3030.9,1569957.9,0.0019305613226953
CAN,2017,C10T12,60340.4,1569957.9,0.0384344064258028
CAN,2017,C13T15,497.6000000000004,1569957.9,0.0003169511742958
CAN,2017,C16,9361.6,1569957.9,0.0059629624463178
CAN,2017,C17_18,11893.100000000002,1569957.9,0.0075754260671575
CAN,2017,C19,14053.1,1569957.9,0.0089512591388597
CAN,2017,C20,2669.0999999999985,1569957.9,0.0017001092831852
CAN,2017,C21,2554.9,1569957.9,0.0016273684791165
CAN,2017,C22,738.2999999999993,1569957.9,0.0004702673874248
CAN,2017,C23,389.09999999999945,1569957.9,0.000247841040833
CAN,2017,C24,18148.3,1569957.9,0.011559736729246
CAN,2017,C25,-5552.799999999999,1569957.9,-0.0035369101298831
CAN,2017,C26,-4783.000000000004,1569957.9,-0.0030465785101625
CAN,2017,C27,-2032.1000000000004,1569957.9,-0.0012943659189841
CAN,2017,C28,8244.600000000002,1569957.9,0.0052514783995163
CAN,2017,C29,39020.2,1569957.9,0.0248542970483475
CAN,2017,C30,13691.899999999998,1569957.9,0.0087211892752028
CAN,2017,C31T33,11336.7,1569957.9,0.0072210216592432
CAN,2017,D,22961.9,1569957.9,0.0146258062079244
CAN,2017,E,4165.0,1569957.9,0.0026529373813144
CAN,2017,F,216973.1,1569957.9,0.1382031327082082
CAN,2017,G,122477.7,1569957.9,0.0780133658361157
CAN,2017,H49,23035.3,1569957.9,0.014672559053972
CAN,2017,H50,-283.5,1569957.9,-0.0001805780906609
CAN,2017,H51,9957.3,1569957.9,0.0063423993726201
CAN,2017,H52,6079.5,1569957.9,0.0038723968330615
CAN,2017,H53,1004.1999999999998,1569957.9,0.0006396349863903
CAN,2017,I,59424.40000000001,1569957.9,0.0378509512898403
CAN,2017,J58T60,14973.299999999996,1569957.9,0.009537389505795
CAN,2017,J61,27569.7,1569957.9,0.0175607893689378
CAN,2017,J62_63,15061.5,1569957.9,0.0095935693562228
CAN,2017,K,75467.9,1569957.9,0.0480700151258833
CAN,2017,L,212014.3,1569957.9,0.1350445766730432
CAN,2017,M,12448.100000000006,1569957.9,0.0079289387314143
CAN,2017,N,14415.2,1569957.9,0.0091819022662964
CAN,2017,O,181946.8,1569957.9,0.1158927892270232
CAN,2017,P,101380.0,1569957.9,0.0645749800042408
CAN,2017,Q,140267.60000000003,1569957.9,0.0893448161890201
CAN,2017,R,19113.1,1569957.9,0.0121742755012729
CAN,2017,S,22624.60000000001,1569957.9,0.014410959682422
CAN,2017,T,2595.7,1569957.9,0.0016533564371375
CAN,2017,employees_compensation,0.0,1569957.9,0.0
CAN,2018,A01_02,28488.60000000001,1643418.7000000002,0.0173349615651811
CAN,2018,A03,1624.9,1643418.7000000002,0.0009887315995613
CAN,2018,B05_06,58661.3,1643418.7000000002,0.0356946771994258
CAN,2018,B07_08,9586.3,1643418.7000000002,0.0058331452599389
CAN,2018,B09,3360.7,1643418.7000000002,0.0020449444806731
CAN,2018,C10T12,60838.8,1643418.7000000002,0.0370196590801844
CAN,2018,C13T15,445.8999999999997,1643418.7000000002,0.000271324647821
CAN,2018,C16,9438.7,1643418.7000000002,0.0057433324812477
CAN,2018,C17_18,13628.4,1643418.7000000002,0.0082927132324829
CAN,2018,C19,12811.5,1643418.7000000002,0.007795639662613
CAN,2018,C20,4070.7000000000007,1643418.7000000002,0.0024769707196346
CAN,2018,C21,2249.7999999999997,1643418.7000000002,0.0013689755386135
CAN,2018,C22,3429.900000000001,1643418.7000000002,0.0020870518267803
CAN,2018,C23,1091.199999999999,1643418.7000000002,0.0006639817351475
CAN,2018,C24,19650.800000000003,1643418.7000000002,0.0119572693191333
CAN,2018,C25,-621.8999999999996,1643418.7000000002,-0.0003784184760706
CAN,2018,C26,-4545.199999999997,1643418.7000000002,-0.0027656981145462
CAN,2018,C27,-3029.6000000000004,1643418.7000000002,-0.0018434742162785
CAN,2018,C28,5945.000000000004,1643418.7000000002,0.0036174591417269
CAN,2018,C29,31496.40000000001,1643418.7000000002,0.0191651707504606
CAN,2018,C30,11024.200000000004,1643418.7000000002,0.006708089666985
CAN,2018,C31T33,14148.7,1643418.7000000002,0.0086093093622459
CAN,2018,D,24915.1,1643418.7000000002,0.0151605309103516
CAN,2018,E,4199.2,1643418.7000000002,0.00255516138401
CAN,2018,F,227795.4,1643418.7000000002,0.1386106900207475
CAN,2018,G,123965.3,1643418.7000000002,0.0754313553813157
CAN,2018,H49,24449.800000000003,1643418.7000000002,0.0148774016019167
CAN,2018,H50,-866.2999999999993,1643418.7000000002,-0.000527132860299
CAN,2018,H51,10349.2,1643418.7000000002,0.0062973604961413
CAN,2018,H52,6509.800000000001,1643418.7000000002,0.0039611329723825
CAN,2018,H53,1433.5999999999997,1643418.7000000002,0.0008723279101059
CAN,2018,I,62690.4,1643418.7000000002,0.0381463348323832
CAN,2018,J58T60,17115.0,1643418.7000000002,0.0104142663096142
CAN,2018,J61,29659.099999999995,1643418.7000000002,0.0180471963718071
CAN,2018,J62_63,19748.9,1643418.7000000002,0.0120169619586292
CAN,2018,K,72511.1,1643418.7000000002,0.0441221095999455
CAN,2018,L,219291.2,1643418.7000000002,0.1334359892582456
CAN,2018,M,12708.200000000004,1643418.7000000002,0.0077327828872824
CAN,2018,N,14132.500000000002,1643418.7000000002,0.0085994518621456
CAN,2018,O,193857.10000000003,1643418.7000000002,0.1179596532520897
CAN,2018,P,105018.4,1643418.7000000002,0.0639024005264148
CAN,2018,Q,144689.7,1643418.7000000002,0.0880418970527717
CAN,2018,R,19291.7,1643418.7000000002,0.0117387614002445
CAN,2018,S,23483.7,1643418.7000000002,0.0142895416730988
CAN,2018,T,2675.5,1643418.7000000002,0.0016280087356922
CAN,2018,employees_compensation,0.0,1643418.7000000002,0.0
CAN,2019,A01_02,27659.3,1662385.0,0.0166383238539808
CAN,2019,A03,1634.6,1662385.0,0.000983286061893
CAN,2019,B05_06,58533.99999999999,1662385.0,0.0352108566908387
CAN,2019,B07_08,10781.7,1662385.0,0.0064856817163292
CAN,2019,B09,2857.4,1662385.0,0.001718855740397
CAN,2019,C10T12,63497.4,1662385.0,0.038196566980573
CAN,2019,C13T15,368.3999999999997,1662385.0,0.0002216093143285
CAN,2019,C16,7406.8,1662385.0,0.0044555262469283
CAN,2019,C17_18,11779.100000000002,1662385.0,0.0070856630684227
CAN,2019,C19,14543.2,1662385.0,0.0087483946257936
CAN,2019,C20,3587.2000000000007,1662385.0,0.0021578635514637
CAN,2019,C21,2711.4999999999964,1662385.0,0.0016310902709059
CAN,2019,C22,3175.6000000000004,1662385.0,0.0019102674771487
CAN,2019,C23,1279.0,1662385.0,0.0007693765283012
CAN,2019,C24,19295.4,1662385.0,0.0116070585333722
CAN,2019,C25,-611.4000000000015,1662385.0,-0.000367784839252
CAN,2019,C26,-3855.800000000003,1662385.0,-0.0023194386378606
CAN,2019,C27,-3078.100000000002,1662385.0,-0.0018516168035683
CAN,2019,C28,5335.499999999996,1662385.0,0.003209545321932
CAN,2019,C29,34290.5,1662385.0,0.020627291511894
CAN,2019,C30,12574.000000000002,1662385.0,0.00756383148308
CAN,2019,C31T33,13659.400000000009,1662385.0,0.0082167488277384
CAN,2019,D,25024.399999999998,1662385.0,0.0150533119584211
CAN,2019,E,4286.3,1662385.0,0.0025784039196696
CAN,2019,F,225188.9,1662385.0,0.1354613401829299
CAN,2019,G,124271.5,1662385.0,0.0747549454548735
CAN,2019,H49,23563.1,1662385.0,0.0141742737091588
CAN,2019,H50,-843.3999999999996,1662385.0,-0.0005073433651049
CAN,2019,H51,10695.7,1662385.0,0.0064339488145044
CAN,2019,H52,6045.600000000001,1662385.0,0.0036367026892085
CAN,2019,H53,1359.6,1662385.0,0.0008178610851276
CAN,2019,I,63514.8,1662385.0,0.038207033870012
CAN,2019,J58T60,17380.799999999996,1662385.0,0.0104553397678636
CAN,2019,J61,29667.3,1662385.0,0.0178462269570526
CAN,2019,J62_63,19807.200000000004,1662385.0,0.0119149294537667
CAN,2019,K,72833.40000000001,1662385.0,0.0438125945554128
CAN,2019,L,226407.3,1662385.0,0.1361942630618058
CAN,2019,M,12017.500000000004,1662385.0,0.007229071484644
CAN,2019,N,16209.499999999998,1662385.0,0.0097507496759174
CAN,2019,O,195322.9,1662385.0,0.1174955861608472
CAN,2019,P,107233.3,1662385.0,0.0645056951307909
CAN,2019,Q,148330.5,1662385.0,0.089227525513043
CAN,2019,R,19828.099999999995,1662385.0,0.0119275017520008
CAN,2019,S,24115.5,1662385.0,0.0145065673715775
CAN,2019,T,2700.5,1662385.0,0.0016244732718353
CAN,2019,employees_compensation,0.0,1662385.0,0.0
CAN,2020,A01_02,25524.40000000001,1575603.7,0.016199758860683
CAN,2020,A03,1375.5,1575603.7,0.0008729987115414
CAN,2020,B05_06,46642.3,1575603.7,0.0296028119253591
CAN,2020,B07_08,9629.6,1575603.7,0.0061116891258887
CAN,2020,B09,2524.5,1575603.7,0.0016022430005717
CAN,2020,C10T12,64154.600000000006,1575603.7,0.0407174722933184
CAN,2020,C13T15,-211.29999999999927,1575603.7,-0.0001341073266075
CAN,2020,C16,6624.599999999999,1575603.7,0.0042044836528373
CAN,2020,C17_18,9889.7,1575603.7,0.0062767687077657
CAN,2020,C19,9061.3,1575603.7,0.0057510019810184
CAN,2020,C20,2014.5999999999983,1575603.7,0.001278621013647
CAN,2020,C21,2899.2000000000007,1575603.7,0.0018400566081432
CAN,2020,C22,2337.300000000001,1575603.7,0.0014834313983903
CAN,2020,C23,865.1000000000004,1575603.7,0.0005490593859356
CAN,2020,C24,15267.8,1575603.7,0.0096901270287699
CAN,2020,C25,-1908.4,1575603.7,-0.001211218277794
CAN,2020,C26,-5884.0,1575603.7,-0.0037344415984806
CAN,2020,C27,-3826.5,1575603.7,-0.0024285929260003
CAN,2020,C28,721.2000000000044,1575603.7,0.0004577293135323
CAN,2020,C29,23318.2,1575603.7,0.0147995336644614
CAN,2020,C30,9615.7,1575603.7,0.0061028671105557
CAN,2020,C31T33,13028.2,1575603.7,0.0082687036086548
CAN,2020,D,24115.399999999998,1575603.7,0.0153054984575118
CAN,2020,E,4153.4,1575603.7,0.0026360689556644
CAN,2020,F,221106.0,1575603.7,0.1403309728201323
CAN,2020,G,119495.59999999996,1575603.7,0.0758411521882056
CAN,2020,H49,22817.9,1575603.7,0.0144820045802126
CAN,2020,H50,-484.6999999999998,1575603.7,-0.0003076281174003
CAN,2020,H51,4353.700000000001,1575603.7,0.0027631948312891
CAN,2020,H52,6275.8,1575603.7,0.0039831081889437
CAN,2020,H53,1202.7000000000005,1575603.7,0.000763326463374
CAN,2020,I,43312.19999999999,1575603.7,0.0274892728418954
CAN,2020,J58T60,15929.2,1575603.7,0.0101099026360499
CAN,2020,J61,29076.800000000003,1575603.7,0.0184543867217372
CAN,2020,J62_63,19990.000000000007,1575603.7,0.0126872004679857
CAN,2020,K,71274.79999999999,1575603.7,0.0452365020468027
CAN,2020,L,236731.1,1575603.7,0.1502478700703736
CAN,2020,M,11622.200000000004,1575603.7,0.0073763472375699
CAN,2020,N,16129.499999999998,1575603.7,0.0102370285116746
CAN,2020,O,200977.2,1575603.7,0.1275556791342899
CAN,2020,P,106425.2,1575603.7,0.067545665194871
CAN,2020,Q,147541.79999999996,1575603.7,0.0936414404205829
CAN,2020,R,14148.4,1575603.7,0.0089796691896572
CAN,2020,S,23535.8,1575603.7,0.0149376394584501
CAN,2020,T,2210.1,1575603.7,0.0014027004379337
CAN,2020,employees_compensation,0.0,1575603.7,0.0
USA,1995,A01_02,55599.2,7449123.5,0.007463857996179
USA,1995,A03,-703.0000000000005,7449123.5,-9.437351924692891e-05
USA,1995,B05_06,-46775.4,7449123.5,-0.0062793159490509
USA,1995,B07_08,1220.3999999999996,7449123.5,0.0001638313554608
USA,1995,B09,14909.1,7449123.5,0.0020014569499351
USA,1995,C10T12,296006.89999999985,7449123.5,0.0397371449137606
USA,1995,C13T15,94260.7,7449123.5,0.0126539317008235
USA,1995,C16,8858.499999999996,7449123.5,0.0011892003132986
USA,1995,C17_18,28638.999999999996,7449123.5,0.003844613396462
USA,1995,C19,51416.8,7449123.5,0.0069023959664516
USA,1995,C20,66843.9,7449123.5,0.0089733912989897
USA,1995,C21,47010.50000000001,7449123.5,0.0063108767091859
USA,1995,C22,21288.000000000004,7449123.5,0.0028577858858159
USA,1995,C23,3565.7000000000007,7449123.5,0.0004786737661148
USA,1995,C24,-13353.0,7449123.5,-0.0017925598897642
USA,1995,C25,31855.299999999992,7449123.5,0.0042763823153153
USA,1995,C26,209510.40000000005,7449123.5,0.0281255103368872
USA,1995,C27,35447.600000000006,7449123.5,0.0047586269713477
USA,1995,C28,143227.90000000002,7449123.5,0.0192274836093132
USA,1995,C29,225374.0,7449123.5,0.0302551031675068
USA,1995,C30,74791.7,7449123.5,0.0100403356180092
USA,1995,C31T33,101558.7,7449123.5,0.0136336442804311
USA,1995,D,83928.6,7449123.5,0.0112669094558574
USA,1995,E,13571.399999999998,7449123.5,0.0018218787754022
USA,1995,F,553224.2000000001,7449123.5,0.0742670194688006
USA,1995,G,662759.8000000002,7449123.5,0.0889715145681233
USA,1995,H49,75471.2,7449123.5,0.0101315544036825
USA,1995,H50,11018.600000000002,7449123.5,0.0014791807385123
USA,1995,H51,56820.39999999999,7449123.5,0.0076277967468253
USA,1995,H52,8447.5,7449123.5,0.0011340260367545
USA,1995,H53,10190.2,7449123.5,0.0013679730239403
USA,1995,I,257457.9,7449123.5,0.0345621736570752
USA,1995,J58T60,202026.4,7449123.5,0.0271208283766539
USA,1995,J61,109163.3,7449123.5,0.0146545160648766
USA,1995,J62_63,58618.3,7449123.5,0.0078691540018097
USA,1995,K,338089.2,7449123.5,0.0453864404315487
USA,1995,L,809948.2,7449123.5,0.1087306714675894
USA,1995,M,174140.9,7449123.5,0.0233773678205227
USA,1995,N,63786.3,7449123.5,0.0085629269000574
USA,1995,O,1064733.5,7449123.5,0.1429340646587481
USA,1995,P,485726.8,7449123.5,0.0652058997276659
USA,1995,Q,714113.7,7449123.5,0.095865466588116
USA,1995,R,82417.7,7449123.5,0.0110640802236665
USA,1995,S,152309.59999999998,7449123.5,0.0204466471793627
USA,1995,T,10606.9,7449123.5,0.001423912491181
USA,1995,employees_compensation,0.0,7449123.5,0.0
USA,1996,A01_02,63935.8,7873716.0,0.0081201557180878
USA,1996,A03,-807.6000000000004,7873716.0,-0.0001025691046006
USA,1996,B05_06,-48962.3,7873716.0,-0.0062184488239098
USA,1996,B07_08,2130.1000000000004,7873716.0,0.0002705329986501
USA,1996,B09,16987.399999999994,7873716.0,0.0021574819310221
USA,1996,C10T12,311224.1,7873716.0,0.0395269654125193
USA,1996,C13T15,94223.5,7873716.0,0.0119668400536671
USA,1996,C16,8641.400000000001,7873716.0,0.0010974995796139
USA,1996,C17_18,28975.0,7873716.0,0.003679965088911
USA,1996,C19,60791.79999999999,7873716.0,0.0077208525174136
USA,1996,C20,74069.30000000002,7873716.0,0.0094071592117368
USA,1996,C21,53103.9,7873716.0,0.0067444520478005
USA,1996,C22,24951.9,7873716.0,0.0031690119379464
USA,1996,C23,4939.1,7873716.0,0.0006272895796597
USA,1996,C24,-15518.1,7873716.0,-0.001970873727221
USA,1996,C25,38153.5,7873716.0,0.0048456789653068
USA,1996,C26,226465.0,7873716.0,0.028762149917523
USA,1996,C27,38530.30000000001,7873716.0,0.004893534387067
USA,1996,C28,145465.8,7873716.0,0.0184748599009667
USA,1996,C29,232267.2,7873716.0,0.0294990573701159
USA,1996,C30,81974.7,7873716.0,0.0104111832329233
USA,1996,C31T33,106457.0,7873716.0,0.0135205537004382
USA,1996,D,91061.4,7873716.0,0.0115652380654826
USA,1996,E,15334.2,7873716.0,0.0019475175380976
USA,1996,F,599886.3999999999,7873716.0,0.0761884731427955
USA,1996,G,696151.2000000001,7873716.0,0.0884145681657809
USA,1996,H49,81100.6,7873716.0,0.0103001683068071
USA,1996,H50,12506.700000000004,7873716.0,0.0015884113676439
USA,1996,H51,60536.49999999999,7873716.0,0.007688428183084
USA,1996,H52,8781.8,7873716.0,0.0011153310584227
USA,1996,H53,11217.8,7873716.0,0.0014247148360443
USA,1996,I,275253.0999999999,7873716.0,0.0349584744992072
USA,1996,J58T60,194066.8,7873716.0,0.024647421878056
USA,1996,J61,120178.9,7873716.0,0.0152633013433555
USA,1996,J62_63,66845.8,7873716.0,0.0084897397874142
USA,1996,K,368189.6,7873716.0,0.0467618593304609
USA,1996,L,872674.5,7873716.0,0.1108338807241714
USA,1996,M,192570.3,7873716.0,0.0244573591427478
USA,1996,N,70620.90000000001,7873716.0,0.0089691957393434
USA,1996,O,1056825.8000000005,7873716.0,0.1342219861625692
USA,1996,P,519343.9,7873716.0,0.0659591862343015
USA,1996,Q,748249.1999999998,7873716.0,0.0950312660502359
USA,1996,R,88639.69999999998,7873716.0,0.0112576704569989
USA,1996,S,164519.29999999996,7873716.0,0.0208947465212105
USA,1996,T,11162.8,7873716.0,0.0014177295701292
USA,1996,employees_compensation,0.0,7873716.0,0.0
USA,1997,A01_02,70363.8,8282709.0,0.0084952640494794
USA,1997,A03,-930.6999999999998,8282709.0,-0.0001123666182163
USA,1997,B05_06,-49283.9,8282709.0,-0.0059502150805974
USA,1997,B07_08,3553.7,8282709.0,0.0004290504471423
USA,1997,B09,18661.2,8282709.0,0.0022530309829791
USA,1997,C10T12,330667.60000000003,8282709.0,0.0399226388371244
USA,1997,C13T15,97138.90000000002,8282709.0,0.0117279141401683
USA,1997,C16,8616.899999999998,8282709.0,0.0010403480310608
USA,1997,C17_18,30179.899999999998,8282709.0,0.003643723327718
USA,1997,C19,47615.39999999998,8282709.0,0.0057487713259031
USA,1997,C20,85818.4,8282709.0,0.0103611511644318
USA,1997,C21,60193.09999999999,8282709.0,0.0072673203899835
USA,1997,C22,29091.999999999996,8282709.0,0.0035123774117864
USA,1997,C23,5738.6,8282709.0,0.0006928409533644
USA,1997,C24,-16836.800000000003,8282709.0,-0.0020327648840494
USA,1997,C25,45356.8,8282709.0,0.0054760827647089
USA,1997,C26,243554.3,8282709.0,0.0294051499334336
USA,1997,C27,41474.70000000001,8282709.0,0.0050073834538917
USA,1997,C28,154112.5,8282709.0,0.0186065332006714
USA,1997,C29,253982.5000000001,8282709.0,0.0306641824552812
USA,1997,C30,91581.5,8282709.0,0.0110569500872238
USA,1997,C31T33,111898.19999999998,8282709.0,0.0135098552900989
USA,1997,D,94232.0,8282709.0,0.0113769540859156
USA,1997,E,17891.300000000003,8282709.0,0.0021600783028837
USA,1997,F,614480.5999999999,8282709.0,0.0741883603540822
USA,1997,G,728655.9999999999,8282709.0,0.0879731498474713
USA,1997,H49,89265.0,8282709.0,0.0107772710595048
USA,1997,H50,13123.7,8282709.0,0.0015844695256105
USA,1997,H51,66028.9,8282709.0,0.0079718966343016
USA,1997,H52,10096.2,8282709.0,0.001218949017767
USA,1997,H53,12241.6,8282709.0,0.001477970552871
USA,1997,I,298284.5,8282709.0,0.036012915581122
USA,1997,J58T60,179201.0,8282709.0,0.021635554261293
USA,1997,J61,123498.8,8282709.0,0.0149104357040673
USA,1997,J62_63,77480.30000000002,8282709.0,0.009354463618123
USA,1997,K,407814.2,8282709.0,0.0492368137043085
USA,1997,L,932985.1,8282709.0,0.1126425062138486
USA,1997,M,216904.8,8282709.0,0.0261876639635655
USA,1997,N,75889.0,8282709.0,0.0091623404854619
USA,1997,O,1059325.4,8282709.0,0.1278960060047986
USA,1997,P,544448.7,8282709.0,0.0657331677353387
USA,1997,Q,783985.8,8282709.0,0.094653307269397
USA,1997,R,92338.30000000002,8282709.0,0.0111483211591763
USA,1997,S,169794.3,8282709.0,0.0204998509545608
USA,1997,T,12194.9,8282709.0,0.0014723323009416
USA,1997,employees_compensation,0.0,8282709.0,0.0
USA,1998,A01_02,69081.7,8756424.6,0.007889258819176
USA,1998,A03,-1647.6000000000004,8756424.6,-0.000188158989001
USA,1998,B05_06,-32704.300000000003,8756424.6,-0.0037348919786278
USA,1998,B07_08,2544.6000000000004,8756424.6,0.0002905980598519
USA,1998,B09,19717.2,8756424.6,0.0022517409674263
USA,1998,C10T12,340824.5999999999,8756424.6,0.0389228041774036
USA,1998,C13T15,89569.2,8756424.6,0.0102289694814479
USA,1998,C16,8975.6,8756424.6,0.0010250302389402
USA,1998,C17_18,31696.7,8756424.6,0.0036198221817612
USA,1998,C19,33093.39999999998,8756424.6,0.0037793279234083
USA,1998,C20,84409.2,8756424.6,0.0096396878698641
USA,1998,C21,67118.2,8756424.6,0.0076650234617448
USA,1998,C22,30128.7,8756424.6,0.0034407536610319
USA,1998,C23,6337.4000000000015,8756424.6,0.0007237428847385
USA,1998,C24,-17799.699999999997,8756424.6,-0.0020327588956798
USA,1998,C25,46518.3,8756424.6,0.0053124765101043
USA,1998,C26,241933.4,8756424.6,0.0276292449317727
USA,1998,C27,43605.600000000006,8756424.6,0.0049798407445888
USA,1998,C28,158426.99999999997,8756424.6,0.0180926585035632
USA,1998,C29,263358.69999999995,8756424.6,0.0300760541008941
USA,1998,C30,109452.10000000002,8756424.6,0.0124996336975253
USA,1998,C31T33,120036.30000000002,8756424.6,0.0137083690528209
USA,1998,D,93137.69999999998,8756424.6,0.0106364988285287
USA,1998,E,19224.1,8756424.6,0.002195428028924
USA,1998,F,675224.2,8756424.6,0.0771118613868952
USA,1998,G,761321.0,8756424.6,0.0869442763202689
USA,1998,H49,97980.30000000002,8756424.6,0.0111895327688883
USA,1998,H50,13346.200000000004,8756424.6,0.0015241609001007
USA,1998,H51,62545.100000000006,8756424.6,0.0071427669233856
USA,1998,H52,10826.599999999997,8756424.6,0.0012364178868164
USA,1998,H53,12574.000000000002,8756424.6,0.001435974221716
USA,1998,I,313183.5,8756424.6,0.0357661390700492
USA,1998,J58T60,198568.60000000003,8756424.6,0.0226769039957244
USA,1998,J61,133745.3,8756424.6,0.0152739623887128
USA,1998,J62_63,91210.4,8756424.6,0.0104163975785276
USA,1998,K,442315.9,8756424.6,0.0505132996862669
USA,1998,L,999767.2,8756424.6,0.1141752765163991
USA,1998,M,236328.4,8756424.6,0.0269891434912829
USA,1998,N,80887.90000000001,8756424.6,0.0092375488507032
USA,1998,O,1089049.1,8756424.6,0.1243714358026905
USA,1998,P,580417.9,8756424.6,0.0662848053302486
USA,1998,Q,832766.1999999998,8756424.6,0.09510345124196
USA,1998,R,95616.8,8756424.6,0.0109196166663731
USA,1998,S,187579.0,8756424.6,0.0214218712052862
USA,1998,T,14132.9,8756424.6,0.0016140035054946
USA,1998,employees_compensation,0.0,8756424.6,0.0
USA,1999,A01_02,74992.09999999999,9409888.8,0.0079694990657062
USA,1999,A03,-1774.0,9409888.8,-0.0001885250758754
USA,1999,B05_06,-45140.2,9409888.8,-0.0047971023844617
USA,1999,B07_08,3201.5,9409888.8,0.0003402271873818
USA,1999,B09,14496.9,9409888.8,0.0015406026902252
USA,1999,C10T12,353956.0,9409888.8,0.0376153222979638
USA,1999,C13T15,93546.89999999998,9409888.8,0.009941339583099
USA,1999,C16,8531.899999999998,9409888.8,0.0009066950929324
USA,1999,C17_18,33611.4,9409888.8,0.0035719231878701
USA,1999,C19,56834.0,9409888.8,0.006039816325991
USA,1999,C20,88457.1,9409888.8,0.009400440523803
USA,1999,C21,75510.8,9409888.8,0.0080246219275194
USA,1999,C22,33678.8,9409888.8,0.0035790858654992
USA,1999,C23,7580.800000000001,9409888.8,0.0008056205722643
USA,1999,C24,-14871.300000000005,9409888.8,-0.0015803906205565
USA,1999,C25,49342.0,9409888.8,0.0052436326346385
USA,1999,C26,253855.9,9409888.8,0.0269775664086487
USA,1999,C27,45533.500000000015,9409888.8,0.0048388988401223
USA,1999,C28,155788.09999999998,9409888.8,0.0165557854413752
USA,1999,C29,296194.8999999999,9409888.8,0.0314769819596592
USA,1999,C30,112148.7,9409888.8,0.0119181748460194
USA,1999,C31T33,121505.9,9409888.8,0.0129125755449947
USA,1999,D,101161.0,9409888.8,0.0107504989857053
USA,1999,E,21225.800000000003,9409888.8,0.0022556908430203
USA,1999,F,732464.6999999998,9409888.8,0.0778398890324825
USA,1999,G,842498.4,9409888.8,0.0895333003297552
USA,1999,H49,108196.7,9409888.8,0.0114981911369664
USA,1999,H50,13168.3,9409888.8,0.0013994107985633
USA,1999,H51,68089.5,9409888.8,0.0072359516086948
USA,1999,H52,12033.999999999998,9409888.8,0.0012788673974553
USA,1999,H53,12756.300000000005,9409888.8,0.0013556270718098
USA,1999,I,335276.4,9409888.8,0.0356302191371273
USA,1999,J58T60,220756.10000000003,9409888.8,0.0234600115572035
USA,1999,J61,159686.4,9409888.8,0.0169700623879848
USA,1999,J62_63,109355.9,9409888.8,0.0116213806904923
USA,1999,K,485924.79999999993,9409888.8,0.0516398025872526
USA,1999,L,1055433.4999999995,9409888.8,0.1121621649769123
USA,1999,M,251519.1,9409888.8,0.0267292319118585
USA,1999,N,97518.0,9409888.8,0.0103633530717174
USA,1999,O,1153555.7,9409888.8,0.1225897270964562
USA,1999,P,620485.2,9409888.8,0.0659396952703628
USA,1999,Q,875884.2999999999,9409888.8,0.0930812593662105
USA,1999,R,102876.6,9409888.8,0.0109328178245847
USA,1999,S,200155.9,9409888.8,0.0212708039652923
USA,1999,T,12884.5,9409888.8,0.0013692510372704
USA,1999,employees_compensation,0.0,9409888.8,0.0
USA,2000,A01_02,79753.7,10019428.9,0.0079599047806008
USA,2000,A03,-1895.6000000000004,10019428.9,-0.0001891924199392
USA,2000,B05_06,-78228.4,10019428.9,-0.0078076705549554
USA,2000,B07_08,3525.3,10019428.9,0.0003518464011456
USA,2000,B09,17459.899999999998,10019428.9,0.0017426043115092
USA,2000,C10T12,370572.9000000001,10019428.9,0.0369854313752353
USA,2000,C13T15,91180.30000000005,10019428.9,0.0091003490228869
USA,2000,C16,7285.4000000000015,10019428.9,0.000727127271695
USA,2000,C17_18,32773.6,10019428.9,0.003271004797489
USA,2000,C19,76482.99999999999,10019428.9,0.0076334690093963
USA,2000,C20,90128.7,10019428.9,0.0089953929410088
USA,2000,C21,82321.39999999998,10019428.9,0.0082161768721169
USA,2000,C22,36549.7,10019428.9,0.0036478825654424
USA,2000,C23,7918.499999999996,10019428.9,0.0007903145058497
USA,2000,C24,-16680.799999999996,10019428.9,-0.001664845388543
USA,2000,C25,50509.2,10019428.9,0.0050411256473909
USA,2000,C26,287829.00000000006,10019428.9,0.0287270864310439
USA,2000,C27,48255.7,10019428.9,0.0048162126286459
USA,2000,C28,170195.59999999998,10019428.9,0.016986556988293
USA,2000,C29,277248.9,10019428.9,0.0276711280420384
USA,2000,C30,102865.3,10019428.9,0.0102665831582476
USA,2000,C31T33,131328.10000000003,10019428.9,0.0131073438726632
USA,2000,D,112121.7,10019428.9,0.0111904282288983
USA,2000,E,22323.8,10019428.9,0.0022280511417172
USA,2000,F,794762.2,10019428.9,0.079322105873719
USA,2000,G,893560.6999999998,10019428.9,0.0891827976343042
USA,2000,H49,111371.3,10019428.9,0.0111155337406506
USA,2000,H50,14118.1,10019428.9,0.0014090723274656
USA,2000,H51,74693.3,10019428.9,0.0074548460541498
USA,2000,H52,12070.9,10019428.9,0.0012047493046235
USA,2000,H53,13166.700000000004,10019428.9,0.0013141168155801
USA,2000,I,362777.7,10019428.9,0.0362074229600052
USA,2000,J58T60,240819.8,10019428.9,0.0240352820907786
USA,2000,J61,176771.80000000002,10019428.9,0.0176429017825556
USA,2000,J62_63,125078.30000000002,10019428.9,0.0124835757854422
USA,2000,K,540659.2,10019428.9,0.0539610795581372
USA,2000,L,1102806.2,10019428.9,0.1100667723686327
USA,2000,M,283211.2,10019428.9,0.0282662018790312
USA,2000,N,105698.1,10019428.9,0.0105493138436263
USA,2000,O,1219811.3000000005,10019428.9,0.1217445936464502
USA,2000,P,671779.1,10019428.9,0.0670476438033309
USA,2000,Q,933691.2,10019428.9,0.0931880658387625
USA,2000,R,108595.7,10019428.9,0.0108385119634912
USA,2000,S,218394.8,10019428.9,0.021797130572981
USA,2000,T,13766.4,10019428.9,0.0013739705264039
USA,2000,employees_compensation,0.0,10019428.9,0.0
USA,2001,A01_02,82542.0,10352069.8,0.0079734779222605
USA,2001,A03,-2199.9,10352069.8,-0.0002125082270987
USA,2001,B05_06,-66538.7,10352069.8,-0.0064275745126834
USA,2001,B07_08,3553.3999999999987,10352069.8,0.0003432550271251
USA,2001,B09,25058.1,10352069.8,0.0024205883928641
USA,2001,C10T12,380061.7,10352069.8,0.0367135951884713
USA,2001,C13T15,75713.59999999999,10352069.8,0.0073138610406201
USA,2001,C16,4391.599999999999,10352069.8,0.0004242243420731
USA,2001,C17_18,32421.000000000007,10352069.8,0.0031318374611423
USA,2001,C19,75474.20000000001,10352069.8,0.0072907352305526
USA,2001,C20,89086.90000000001,10352069.8,0.0086057089761894
USA,2001,C21,90197.29999999996,10352069.8,0.008712972549702
USA,2001,C22,35080.1,10352069.8,0.0033887039672008
USA,2001,C23,8722.400000000001,10352069.8,0.0008425754625418
USA,2001,C24,-8739.2,10352069.8,-0.0008441983264061
USA,2001,C25,45716.19999999999,10352069.8,0.004416141011723
USA,2001,C26,251209.00000000003,10352069.8,0.0242665481254772
USA,2001,C27,43261.600000000006,10352069.8,0.0041790290092518
USA,2001,C28,153494.5,10352069.8,0.014827421275695
USA,2001,C29,272819.4,10352069.8,0.0263540920096964
USA,2001,C30,116775.2,10352069.8,0.0112803721628693
USA,2001,C31T33,123300.9,10352069.8,0.0119107485152389
USA,2001,D,127270.7,10352069.8,0.0122942273824312
USA,2001,E,23001.9,10352069.8,0.0022219614477483
USA,2001,F,831073.4,10352069.8,0.0802808922327784
USA,2001,G,893294.9,10352069.8,0.086291429371931
USA,2001,H49,111297.6,10352069.8,0.0107512412638485
USA,2001,H50,14624.300000000005,10352069.8,0.0014126933340422
USA,2001,H51,70018.49999999999,10352069.8,0.0067637198504979
USA,2001,H52,12069.400000000003,10352069.8,0.0011658924479044
USA,2001,H53,12854.6,10352069.8,0.0012417420137565
USA,2001,I,371198.2,10352069.8,0.0358573896014495
USA,2001,J58T60,239384.2,10352069.8,0.0231242838026459
USA,2001,J61,182591.7,10352069.8,0.0176381828491921
USA,2001,J62_63,126554.19999999995,10352069.8,0.0122250141705961
USA,2001,K,519099.2,10352069.8,0.0501444841494403
USA,2001,L,1176614.6999999995,10352069.8,0.1136598499364832
USA,2001,M,303765.10000000003,10352069.8,0.0293434169077955
USA,2001,N,104361.2,10352069.8,0.010081191685937
USA,2001,O,1303306.7000000002,10352069.8,0.1258981754547289
USA,2001,P,722439.5,10352069.8,0.0697869618305703
USA,2001,Q,1017486.2,10352069.8,0.0982881896719823
USA,2001,R,113104.5,10352069.8,0.0109257860684053
USA,2001,S,232189.8,10352069.8,0.0224293116725314
USA,2001,T,13068.0,10352069.8,0.0012623562487957
USA,2001,employees_compensation,0.0,10352069.8,0.0
USA,2002,A01_02,81651.9,10682129.6,0.0076437848123467
USA,2002,A03,-2182.0999999999995,10682129.6,-0.0002042757466638
USA,2002,B05_06,-68927.59999999999,10682129.6,-0.0064526084761225
USA,2002,B07_08,4058.2,10682129.6,0.0003799055199629
USA,2002,B09,21204.099999999995,10682129.6,0.001985006809878
USA,2002,C10T12,377343.1,10682129.6,0.0353247071632607
USA,2002,C13T15,71911.69999999998,10682129.6,0.0067319628850037
USA,2002,C16,4343.399999999998,10682129.6,0.0004066043160532
USA,2002,C17_18,33639.1,10682129.6,0.0031491005314146
USA,2002,C19,74354.30000000002,10682129.6,0.0069606251547444
USA,2002,C20,94947.0,10682129.6,0.0088883961864682
USA,2002,C21,97176.59999999998,10682129.6,0.0090971186120041
USA,2002,C22,33880.8,10682129.6,0.003171727105801
USA,2002,C23,8888.7,10682129.6,0.0008321093576696
USA,2002,C24,-9651.1,10682129.6,-0.0009034808939221
USA,2002,C25,46166.8,10682129.6,0.0043218722978234
USA,2002,C26,208726.4,10682129.6,0.0195397741663797
USA,2002,C27,40790.8,10682129.6,0.0038186018638081
USA,2002,C28,142032.89999999997,10682129.6,0.0132963093801071
USA,2002,C29,275103.49999999994,10682129.6,0.0257536193906503
USA,2002,C30,115237.2,10682129.6,0.0107878488948495
USA,2002,C31T33,130159.5,10682129.6,0.012184789444981
USA,2002,D,116107.9,10682129.6,0.0108693588589301
USA,2002,E,23125.300000000003,10682129.6,0.0021648585877482
USA,2002,F,835630.5,10682129.6,0.0782269576658197
USA,2002,G,959980.8,10682129.6,0.0898679229654731
USA,2002,H49,112755.19999999995,10682129.6,0.0105554982220024
USA,2002,H50,14513.499999999998,10682129.6,0.0013586710275449
USA,2002,H51,61567.7,10682129.6,0.005763616648126
USA,2002,H52,12538.200000000004,10682129.6,0.0011737547164752
USA,2002,H53,13212.2,10682129.6,0.0012368507493112
USA,2002,I,384250.70000000007,10682129.6,0.0359713572469669
USA,2002,J58T60,244411.0,10682129.6,0.0228803627321653
USA,2002,J61,183008.8,10682129.6,0.0171322392493721
USA,2002,J62_63,122037.5,10682129.6,0.0114244541650196
USA,2002,K,521378.70000000007,10682129.6,0.0488084978860395
USA,2002,L,1249174.6000000003,10682129.6,0.1169405958152764
USA,2002,M,294263.7,10682129.6,0.0275472879490247
USA,2002,N,103816.1,10682129.6,0.0097186707040139
USA,2002,O,1411709.1,10682129.6,0.1321561479651024
USA,2002,P,754048.0,10682129.6,0.0705896696853406
USA,2002,Q,1105223.6999999995,10682129.6,0.1034647342230335
USA,2002,R,116619.7,10682129.6,0.010917270653597
USA,2002,S,249128.9,10682129.6,0.0233220256005881
USA,2002,T,12772.6,10682129.6,0.0011956979065297
USA,2002,employees_compensation,0.0,10682129.6,0.0
USA,2003,A01_02,88982.2,11197287.8,0.0079467636796832
USA,2003,A03,-2525.4,11197287.8,-0.0002255367589997
USA,2003,B05_06,-90095.2,11197287.8,-0.0080461627502331
USA,2003,B07_08,4175.5,11197287.8,0.0003729028024089
USA,2003,B09,25352.199999999997,11197287.8,0.0022641375708856
USA,2003,C10T12,388379.29999999993,11197287.8,0.0346851225883467
USA,2003,C13T15,64878.59999999999,11197287.8,0.0057941352547891
USA,2003,C16,3191.499999999998,11197287.8,0.00028502437885
USA,2003,C17_18,34186.59999999999,11197287.8,0.0030531143443504
USA,2003,C19,87573.30000000002,11197287.8,0.0078209385669268
USA,2003,C20,96929.8,11197287.8,0.0086565427031356
USA,2003,C21,105061.5,11197287.8,0.009382763208069
USA,2003,C22,32159.699999999997,11197287.8,0.0028720972948467
USA,2003,C23,8771.800000000001,11197287.8,0.0007833861339171
USA,2003,C24,-7716.5999999999985,11197287.8,-0.0006891490276779
USA,2003,C25,46372.600000000006,11197287.8,0.0041414136019617
USA,2003,C26,210639.70000000007,11197287.8,0.0188116715192405
USA,2003,C27,38515.7,11197287.8,0.0034397347543393
USA,2003,C28,141996.90000000002,11197287.8,0.012681365571402
USA,2003,C29,281608.4,11197287.8,0.0251496974115463
USA,2003,C30,110857.30000000002,11197287.8,0.0099003706951249
USA,2003,C31T33,133129.1,11197287.8,0.0118894059327473
USA,2003,D,128458.40000000002,11197287.8,0.0114722781350676
USA,2003,E,24318.6,11197287.8,0.0021718295032123
USA,2003,F,896991.1,11197287.8,0.0801078900553042
USA,2003,G,1008636.3,11197287.8,0.0900786260044151
USA,2003,H49,113423.10000000002,11197287.8,0.0101295154707017
USA,2003,H50,15227.7,11197287.8,0.0013599453967772
USA,2003,H51,67729.5,11197287.8,0.0060487415532893
USA,2003,H52,12113.2,11197287.8,0.0010817976831853
USA,2003,H53,14360.6,11197287.8,0.0012825070013829
USA,2003,I,403567.6,11197287.8,0.036041549275888
USA,2003,J58T60,254318.7,11197287.8,0.0227125268674437
USA,2003,J61,187365.2,11197287.8,0.0167330878107821
USA,2003,J62_63,119440.9,11197287.8,0.010666949187463
USA,2003,K,550045.8,11197287.8,0.0491231278345815
USA,2003,L,1305148.2999999998,11197287.8,0.1165593243035156
USA,2003,M,310785.5,11197287.8,0.0277554266310811
USA,2003,N,108328.79999999996,11197287.8,0.0096745570833679
USA,2003,O,1506961.2000000002,11197287.8,0.1345826977850832
USA,2003,P,786715.2999999999,11197287.8,0.0702594515789796
USA,2003,Q,1183526.6999999995,11197287.8,0.1056976225975007
USA,2003,R,126941.7,11197287.8,0.0113368256909499
USA,2003,S,256279.9,11197287.8,0.0228876764246427
USA,2003,T,14179.2,11197287.8,0.0012663066497228
USA,2003,employees_compensation,0.0,11197287.8,0.0
USA,2004,A01_02,99712.0,11937240.4,0.0083530193460793
USA,2004,A03,-2712.8,11937240.4,-0.0002272552038074
USA,2004,B05_06,-123859.9,11937240.4,-0.0103759240703571
USA,2004,B07_08,4391.199999999999,11937240.4,0.0003678572143022
USA,2004,B09,36042.4,11937240.4,0.0030193242987717
USA,2004,C10T12,409198.3,11937240.4,0.0342791370776113
USA,2004,C13T15,61525.00000000003,11937240.4,0.0051540387843743
USA,2004,C16,925.6000000000022,11937240.4,7.753885898117643e-05
USA,2004,C17_18,35169.5,11937240.4,0.0029462001954823
USA,2004,C19,108499.8,11937240.4,0.0090891861405421
USA,2004,C20,109509.2,11937240.4,0.0091737450474734
USA,2004,C21,115306.5,11937240.4,0.0096593933050054
USA,2004,C22,34007.3,11937240.4,0.0028488410101885
USA,2004,C23,8566.099999999999,11937240.4,0.0007175946628334
USA,2004,C24,-24478.300000000007,11937240.4,-0.002050582813093
USA,2004,C25,48138.59999999999,11937240.4,0.00403264057579
USA,2004,C26,215862.19999999995,11937240.4,0.0180830906278807
USA,2004,C27,39575.60000000001,11937240.4,0.0033153056044678
USA,2004,C28,150282.1,11937240.4,0.0125893502153144
USA,2004,C29,293978.8,11937240.4,0.0246270318892128
USA,2004,C30,113875.89999999998,11937240.4,0.009539549861122
USA,2004,C31T33,135048.99999999994,11937240.4,0.0113132512603164
USA,2004,D,134098.3,11937240.4,0.0112336097378084
USA,2004,E,25566.4,11937240.4,0.0021417345335526
USA,2004,F,996143.1,11937240.4,0.0834483571261578
USA,2004,G,1088294.9,11937240.4,0.0911680475162416
USA,2004,H49,121738.8,11937240.4,0.0101982364366223
USA,2004,H50,16306.100000000006,11937240.4,0.0013659857264833
USA,2004,H51,70966.30000000002,11937240.4,0.0059449502248442
USA,2004,H52,12905.000000000004,11937240.4,0.001081070630026
USA,2004,H53,15487.199999999995,11937240.4,0.0012973852817775
USA,2004,I,434499.2,11937240.4,0.0363986302897946
USA,2004,J58T60,266249.6,11937240.4,0.0223041164522413
USA,2004,J61,196407.3,11937240.4,0.0164533253431002
USA,2004,J62_63,126590.7,11937240.4,0.0106046871603591
USA,2004,K,599278.3000000002,11937240.4,0.0502024152918961
USA,2004,L,1391532.7999999998,11937240.4,0.1165707276867775
USA,2004,M,341451.1000000001,11937240.4,0.0286038555443685
USA,2004,N,119497.09999999998,11937240.4,0.010010445965384
USA,2004,O,1599359.5999999996,11937240.4,0.133980681163127
USA,2004,P,830064.4999999999,11937240.4,0.0695357111179565
USA,2004,Q,1260418.1,11937240.4,0.1055870584628588
USA,2004,R,136013.09999999998,11937240.4,0.0113940153203247
USA,2004,S,270697.0,11937240.4,0.0226766816223287
USA,2004,T,15111.8,11937240.4,0.0012659374774759
USA,2004,employees_compensation,0.0,11937240.4,0.0
USA,2005,A01_02,97975.09999999998,12747903.0,0.0076855856214155
USA,2005,A03,-2827.7999999999997,12747903.0,-0.0002218247189361
USA,2005,B05_06,-172814.1,12747903.0,-0.0135562766676213
USA,2005,B07_08,5846.099999999999,12747903.0,0.0004585930721311
USA,2005,B09,53114.8,12747903.0,0.0041665519419154
USA,2005,C10T12,431594.00000000006,12747903.0,0.0338560781330074
USA,2005,C13T15,63814.80000000002,12747903.0,0.0050059056771925
USA,2005,C16,3204.7000000000007,12747903.0,0.0002513903659292
USA,2005,C17_18,35944.700000000004,12747903.0,0.0028196559073284
USA,2005,C19,137495.19999999995,12747903.0,0.0107857111871654
USA,2005,C20,113529.1,12747903.0,0.0089057078642659
USA,2005,C21,121676.5,12747903.0,0.0095448247449011
USA,2005,C22,34606.600000000006,12747903.0,0.0027146896238542
USA,2005,C23,8001.0,12747903.0,0.000627632638874
USA,2005,C24,-27904.2,12747903.0,-0.0021889247196185
USA,2005,C25,51166.4,12747903.0,0.0040137111178207
USA,2005,C26,223684.3,12747903.0,0.0175467525913869
USA,2005,C27,40780.4,12747903.0,0.0031989888846816
USA,2005,C28,170753.89999999997,12747903.0,0.013394665773657
USA,2005,C29,300325.5,12747903.0,0.0235588159087812
USA,2005,C30,138998.80000000002,12747903.0,0.0109036599980404
USA,2005,C31T33,148804.90000000002,12747903.0,0.0116728923964984
USA,2005,D,152324.3,12747903.0,0.0119489691755577
USA,2005,E,27090.6,12747903.0,0.0021251024580278
USA,2005,F,1105004.5,12747903.0,0.0866812761283169
USA,2005,G,1138177.1,12747903.0,0.0892834766627891
USA,2005,H49,131665.19999999998,12747903.0,0.0103283810678509
USA,2005,H50,15625.4,12747903.0,0.0012257231640372
USA,2005,H51,76087.79999999997,12747903.0,0.0059686522559828
USA,2005,H52,14752.6,12747903.0,0.0011572570014064
USA,2005,H53,17106.0,12747903.0,0.0013418677566027
USA,2005,I,463854.00000000006,12747903.0,0.0363866904227307
USA,2005,J58T60,278965.50000000006,12747903.0,0.0218832462092
USA,2005,J61,203774.5,12747903.0,0.0159849427784318
USA,2005,J62_63,134936.50000000003,12747903.0,0.0105849958224501
USA,2005,K,659571.2000000001,12747903.0,0.051739584149644
USA,2005,L,1497721.4,12747903.0,0.1174876683639654
USA,2005,M,367167.7,12747903.0,0.0288022037820651
USA,2005,N,129817.5,12747903.0,0.0101834395821806
USA,2005,O,1695586.2,12747903.0,0.133009029014419
USA,2005,P,873958.6,12747903.0,0.0685570481670593
USA,2005,Q,1346869.8,12747903.0,0.105654224071206
USA,2005,R,145805.4,12747903.0,0.0114375987956607
USA,2005,S,278978.6,12747903.0,0.0218842738291937
USA,2005,T,15291.9,12747903.0,0.0011995619985498
USA,2005,employees_compensation,0.0,12747903.0,0.0
USA,2006,A01_02,99996.6,13496604.7,0.0074090189512626
USA,2006,A03,-3476.7,13496604.7,-0.0002575981202146
USA,2006,B05_06,-205662.1,13496604.7,-0.0152380620586746
USA,2006,B07_08,11315.0,13496604.7,0.0008383589985413
USA,2006,B09,76587.29999999999,13496604.7,0.0056745605063175
USA,2006,C10T12,445559.9,13496604.7,0.033012739863382
USA,2006,C13T15,61625.90000000002,13496604.7,0.0045660298549012
USA,2006,C16,3437.5999999999985,13496604.7,0.0002547010953058
USA,2006,C17_18,38915.0,13496604.7,0.0028833177576876
USA,2006,C19,176741.59999999998,13496604.7,0.0130952638777365
USA,2006,C20,122916.09999999998,13496604.7,0.0091071867875036
USA,2006,C21,135333.59999999998,13496604.7,0.0100272329973478
USA,2006,C22,37285.7,13496604.7,0.0027625985074601
USA,2006,C23,8009.5,13496604.7,0.00059344555005
USA,2006,C24,-38685.49999999999,13496604.7,-0.002866313481049
USA,2006,C25,56666.7,13496604.7,0.0041985892940911
USA,2006,C26,242481.2,13496604.7,0.0179660889082718
USA,2006,C27,41828.19999999998,13496604.7,0.0030991646365696
USA,2006,C28,188733.9,13496604.7,0.0139838058678565
USA,2006,C29,301813.2,13496604.7,0.022362157498767
USA,2006,C30,148161.1,13496604.7,0.0109776572177445
USA,2006,C31T33,152611.5,13496604.7,0.011307399408386
USA,2006,D,159323.60000000003,13496604.7,0.0118047170782144
USA,2006,E,29233.700000000004,13496604.7,0.0021660040172918
USA,2006,F,1155426.2999999998,13496604.7,0.0856086642294561
USA,2006,G,1220263.3,13496604.7,0.0904126131811506
USA,2006,H49,144230.1,13496604.7,0.0106863987799835
USA,2006,H50,18556.600000000013,13496604.7,0.0013749087576077
USA,2006,H51,82663.79999999999,13496604.7,0.0061247848505187
USA,2006,H52,16644.2,13496604.7,0.0012332138615573
USA,2006,H53,19240.9,13496604.7,0.001425610398147
USA,2006,I,490535.79999999993,13496604.7,0.0363451261190156
USA,2006,J58T60,294994.10000000003,13496604.7,0.0218569119091114
USA,2006,J61,219697.2,13496604.7,0.0162779606340548
USA,2006,J62_63,146724.4,13496604.7,0.0108712082232059
USA,2006,K,691976.7999999999,13496604.7,0.0512704354451456
USA,2006,L,1559929.7000000002,13496604.7,0.1155794167995451
USA,2006,M,386075.8,13496604.7,0.0286054017718989
USA,2006,N,133720.2,13496604.7,0.0099076918211881
USA,2006,O,1794495.1,13496604.7,0.1329590026445688
USA,2006,P,929795.3,13496604.7,0.0688910522807265
USA,2006,Q,1426566.1,13496604.7,0.1056981464382668
USA,2006,R,160285.5,13496604.7,0.011875986854679
USA,2006,S,297638.10000000003,13496604.7,0.022052813030821
USA,2006,T,16392.8,13496604.7,0.001214586954599
USA,2006,employees_compensation,0.0,13496604.7,0.0
USA,2007,A01_02,111827.5,14151214.1,0.0079023254972871
USA,2007,A03,-3359.2,14151214.1,-0.0002373789256711
USA,2007,B05_06,-229628.1,14151214.1,-0.0162267419867529
USA,2007,B07_08,12488.7,14151214.1,0.0008825179176675
USA,2007,B09,83450.00000000001,14151214.1,0.0058970205249032
USA,2007,C10T12,472244.8000000001,14151214.1,0.0333713274820709
USA,2007,C13T15,47426.89999999998,14151214.1,0.0033514368212406
USA,2007,C16,5789.999999999996,14151214.1,0.000409152173028
USA,2007,C17_18,39930.3,14151214.1,0.0028216872218758
USA,2007,C19,199584.30000000005,14151214.1,0.014103687400221
USA,2007,C20,131998.60000000003,14151214.1,0.0093277226298201
USA,2007,C21,147640.59999999998,14151214.1,0.0104330694848295
USA,2007,C22,36097.3,14151214.1,0.002550827070025
USA,2007,C23,8604.399999999998,14151214.1,0.0006080326351644
USA,2007,C24,-37230.5,14151214.1,-0.0026309050048221
USA,2007,C25,57771.09999999999,14151214.1,0.0040824129711951
USA,2007,C26,259210.09999999992,14151214.1,0.0183171633308833
USA,2007,C27,44369.20000000002,14151214.1,0.0031353634879992
USA,2007,C28,207561.9,14151214.1,0.0146674270160324
USA,2007,C29,287460.9,14151214.1,0.0203135150078748
USA,2007,C30,177620.8,14151214.1,0.0125516297573365
USA,2007,C31T33,153586.7,14151214.1,0.0108532525135069
USA,2007,D,167138.40000000002,14151214.1,0.0118108876608686
USA,2007,E,30034.9,14151214.1,0.0021224256652296
USA,2007,F,1130476.7000000002,14151214.1,0.0798854919451752
USA,2007,G,1274329.1,14151214.1,0.0900508670842595
USA,2007,H49,149306.8,14151214.1,0.010550812032446
USA,2007,H50,21290.0,14151214.1,0.0015044645533276
USA,2007,H51,86619.9,14151214.1,0.0061210225064717
USA,2007,H52,18003.0,14151214.1,0.0012721876633892
USA,2007,H53,21158.1,14151214.1,0.0014951437982978
USA,2007,I,512620.8,14151214.1,0.036224510234779
USA,2007,J58T60,302411.10000000003,14151214.1,0.0213699755980654
USA,2007,J61,238200.7,14151214.1,0.0168325274649049
USA,2007,J62_63,172837.9,14151214.1,0.012213644622902
USA,2007,K,736707.9000000001,14151214.1,0.0520596957119036
USA,2007,L,1634211.9,14151214.1,0.1154820984582517
USA,2007,M,395144.3,14151214.1,0.0279229963738588
USA,2007,N,145120.8,14151214.1,0.0102550070244502
USA,2007,O,1893250.1,14151214.1,0.133787114421511
USA,2007,P,997621.4,14151214.1,0.0704972303401162
USA,2007,Q,1510903.6,14151214.1,0.1067684786141423
USA,2007,R,172831.09999999998,14151214.1,0.0122131640987609
USA,2007,S,308506.3,14151214.1,0.0218006948251881
USA,2007,T,18043.0,14151214.1,0.0012750142759835
USA,2007,employees_compensation,0.0,14151214.1,0.0
USA,2008,A01_02,127008.0,14448733.8,0.0087902512260278
USA,2008,A03,-3853.8,14448733.8,-0.0002667223338283
USA,2008,B05_06,-302493.1,14448733.8,-0.0209356130569725
USA,2008,B07_08,10318.500000000002,14448733.8,0.0007141456229195
USA,2008,B09,97062.3,14448733.8,0.0067177028342788
USA,2008,C10T12,495158.3000000001,14448733.8,0.0342700133350093
USA,2008,C13T15,37373.2,14448733.8,0.0025866072776563
USA,2008,C16,6363.599999999999,14448733.8,0.0004404261361642
USA,2008,C17_18,43834.59999999999,14448733.8,0.0030338021730319
USA,2008,C19,236601.6000000001,14448733.8,0.0163752480511475
USA,2008,C20,127465.2,14448733.8,0.0088218941371873
USA,2008,C21,143801.9,14448733.8,0.0099525606873593
USA,2008,C22,34202.7,14448733.8,0.002367176285025
USA,2008,C23,7956.199999999997,14448733.8,0.000550650327574
USA,2008,C24,-37737.100000000006,14448733.8,-0.0026117928755805
USA,2008,C25,59288.9,14448733.8,0.0041033976278253
USA,2008,C26,257156.0,14448733.8,0.017797822533072
USA,2008,C27,45170.89999999999,14448733.8,0.0031262877858542
USA,2008,C28,214825.8,14448733.8,0.0148681402103207
USA,2008,C29,221599.1,14448733.8,0.0153369217723424
USA,2008,C30,180440.3,14448733.8,0.0124883122976492
USA,2008,C31T33,151549.59999999998,14448733.8,0.010488780684713
USA,2008,D,176705.00000000003,14448733.8,0.0122297913745216
USA,2008,E,32187.2,14448733.8,0.0022276830928949
USA,2008,F,1061757.6,14448733.8,0.0734844737744424
USA,2008,G,1242673.2999999998,14448733.8,0.0860056886091983
USA,2008,H49,149233.80000000002,14448733.8,0.0103285036644525
USA,2008,H50,20930.10000000001,14448733.8,0.0014485767604078
USA,2008,H51,93374.0,14448733.8,0.0064624347913448
USA,2008,H52,18326.9,14448733.8,0.0012684087238149
USA,2008,H53,23692.8,14448733.8,0.0016397838265938
USA,2008,I,524917.9,14448733.8,0.0363296817053962
USA,2008,J58T60,299159.2,14448733.8,0.0207048731149022
USA,2008,J61,254023.4,14448733.8,0.0175810146076606
USA,2008,J62_63,187752.2,14448733.8,0.0129943704824847
USA,2008,K,747064.5,14448733.8,0.0517044960714827
USA,2008,L,1699466.1000000003,14448733.8,0.1176204173683371
USA,2008,M,404016.5,14448733.8,0.0279620695897933
USA,2008,N,152559.7,14448733.8,0.0105586899247877
USA,2008,O,2029167.9,14448733.8,0.1404391504534466
USA,2008,P,1050850.7000000002,14448733.8,0.0727296048599082
USA,2008,Q,1604849.2999999998,14448733.8,0.1110719681194486
USA,2008,R,179387.40000000005,14448733.8,0.0124154408602918
USA,2008,S,324439.1000000001,14448733.8,0.022454500476713
USA,2008,T,19106.5,14448733.8,0.0013223650088978
USA,2008,employees_compensation,0.0,14448733.8,0.0
USA,2009,A01_02,109366.80000000005,14163280.9,0.0077218548987473
USA,2009,A03,-3359.1000000000004,14163280.9,-0.0002371696236004
USA,2009,B05_06,-163942.7,14163280.9,-0.0115751922988408
USA,2009,B07_08,8498.8,14163280.9,0.0006000587053244
USA,2009,B09,63168.9,14163280.9,0.0044600471067406
USA,2009,C10T12,501442.7000000001,14163280.9,0.0354044167831198
USA,2009,C13T15,34815.999999999985,14163280.9,0.0024581874952434
USA,2009,C16,5590.499999999998,14163280.9,0.000394717865124
USA,2009,C17_18,44721.2,14163280.9,0.0031575452266854
USA,2009,C19,168328.6,14163280.9,0.0118848592489611
USA,2009,C20,124937.1,14163280.9,0.0088211976364883
USA,2009,C21,143272.89999999997,14163280.9,0.0101157988047811
USA,2009,C22,32912.8,14163280.9,0.0023238118506849
USA,2009,C23,10364.4,14163280.9,0.0007317795977625
USA,2009,C24,-16548.1,14163280.9,-0.0011683804138912
USA,2009,C25,54701.19999999999,14163280.9,0.0038621842203242
USA,2009,C26,213282.3,14163280.9,0.0150588201636246
USA,2009,C27,40779.09999999999,14163280.9,0.002879212824198
USA,2009,C28,177854.29999999996,14163280.9,0.0125574223413164
USA,2009,C29,183807.5,14163280.9,0.0129777486796862
USA,2009,C30,160553.10000000003,14163280.9,0.0113358692193981
USA,2009,C31T33,141781.5,14163280.9,0.010010498344349
USA,2009,D,164240.90000000002,14163280.9,0.0115962467425185
USA,2009,E,31914.4,14163280.9,0.0022533197092772
USA,2009,F,892661.2000000001,14163280.9,0.0630264418465357
USA,2009,G,1187048.4,14163280.9,0.0838116823623825
USA,2009,H49,134062.69999999998,14163280.9,0.0094655116244993
USA,2009,H50,23004.6,14163280.9,0.0016242423039142
USA,2009,H51,82755.6,14163280.9,0.0058429682066109
USA,2009,H52,18212.0,14163280.9,0.0012858602557264
USA,2009,H53,21306.1,14163280.9,0.0015043195252873
USA,2009,I,514723.7,14163280.9,0.0363421232434922
USA,2009,J58T60,288612.9,14163280.9,0.0203775454315814
USA,2009,J61,257591.2,14163280.9,0.018187254903629
USA,2009,J62_63,192121.50000000003,14163280.9,0.0135647595607596
USA,2009,K,678217.9,14163280.9,0.0478856491506851
USA,2009,L,1712397.2000000002,14163280.9,0.1209039919557057
USA,2009,M,400898.0,14163280.9,0.028305447221625
USA,2009,N,142985.00000000003,14163280.9,0.0100954715937322
USA,2009,O,2116777.3,14163280.9,0.1494552932294098
USA,2009,P,1080774.1,14163280.9,0.0763081737650207
USA,2009,Q,1683850.6,14163280.9,0.1188884561344822
USA,2009,R,176874.1,14163280.9,0.0124882152129031
USA,2009,S,308511.3,14163280.9,0.0217824741441087
USA,2009,T,17410.4,14163280.9,0.0012292631998847
USA,2009,employees_compensation,0.0,14163280.9,0.0
USA,2010,A01_02,124547.5,14710000.400000002,0.0084668590491676
USA,2010,A03,-4402.2,14710000.400000002,-0.0002992657974366
USA,2010,B05_06,-209783.2,14710000.400000002,-0.0142612640581573
USA,2010,B07_08,10055.6,14710000.400000002,0.0006835893763809
USA,2010,B09,71994.99999999999,14710000.400000002,0.0048942894658248
USA,2010,C10T12,509460.5,14710000.400000002,0.0346336156455848
USA,2010,C13T15,30466.299999999974,14710000.400000002,0.0020711284277055
USA,2010,C16,6437.5,14710000.400000002,0.0004376274524098
USA,2010,C17_18,48388.49999999999,14710000.400000002,0.0032894968514072
USA,2010,C19,223421.6,14710000.400000002,0.0151884156304985
USA,2010,C20,149655.4,14710000.400000002,0.0101737182821558
USA,2010,C21,147804.2,14710000.400000002,0.0100478719225595
USA,2010,C22,35335.30000000001,14710000.400000002,0.0024021277388952
USA,2010,C23,10938.6,14710000.400000002,0.0007436165671348
USA,2010,C24,-19710.800000000003,14710000.400000002,-0.0013399591749841
USA,2010,C25,56376.09999999999,14710000.400000002,0.0038325015953092
USA,2010,C26,210156.1,14710000.400000002,0.0142866141594394
USA,2010,C27,40977.5,14710000.400000002,0.0027856899310485
USA,2010,C28,196490.9,14710000.400000002,0.0133576406972769
USA,2010,C29,230742.30000000005,14710000.400000002,0.0156860838698549
USA,2010,C30,169833.40000000002,14710000.400000002,0.0115454381632783
USA,2010,C31T33,134460.2,14710000.400000002,0.0091407339458671
USA,2010,D,171230.2,14710000.400000002,0.0116403939730688
USA,2010,E,34018.40000000001,14710000.400000002,0.0023126036080869
USA,2010,F,802028.9,14710000.400000002,0.0545226973617213
USA,2010,G,1325131.3000000005,14710000.400000002,0.0900837025130196
USA,2010,H49,146152.0,14710000.400000002,0.009935553774696
USA,2010,H50,25545.39999999999,14710000.400000002,0.0017366009045111
USA,2010,H51,94495.19999999998,14710000.400000002,0.0064238747403433
USA,2010,H52,19309.7,14710000.400000002,0.0013126920105318
USA,2010,H53,23113.599999999995,14710000.400000002,0.0015712847975177
USA,2010,I,528076.8999999999,14710000.400000002,0.0358991764541352
USA,2010,J58T60,302253.8,14710000.400000002,0.0205475045398367
USA,2010,J61,269408.4,14710000.400000002,0.0183146426019131
USA,2010,J62_63,197448.4,14710000.400000002,0.0134227324698101
USA,2010,K,737768.1,14710000.400000002,0.0501541862636523
USA,2010,L,1744733.7,14710000.400000002,0.1186086779440196
USA,2010,M,395551.5,14710000.400000002,0.0268899720764113
USA,2010,N,147787.8,14710000.400000002,0.0100467570347584
USA,2010,O,2194479.900000001,14710000.400000002,0.1491828579420025
USA,2010,P,1111374.4,14710000.400000002,0.0755523025002773
USA,2010,Q,1753215.0000000002,14710000.400000002,0.1191852448895922
USA,2010,R,177784.7,14710000.400000002,0.0120859751982059
USA,2010,S,320125.3000000001,14710000.400000002,0.0217624263286899
USA,2010,T,15321.5,14710000.400000002,0.0010415703319763
USA,2010,employees_compensation,0.0,14710000.400000002,0.0
USA,2011,A01_02,135229.80000000002,15241318.8,0.0088725786642557
USA,2011,A03,-5445.200000000001,15241318.8,-0.0003572656717868
USA,2011,B05_06,-247917.4,15241318.8,-0.0162661383344333
USA,2011,B07_08,20548.5,15241318.8,0.0013482101037083
USA,2011,B09,85325.5,15241318.8,0.0055983016377821
USA,2011,C10T12,525404.3999999999,15241318.8,0.0344723712491336
USA,2011,C13T15,31650.59999999996,15241318.8,0.0020766313214313
USA,2011,C16,6478.699999999997,15241318.8,0.0004250747645275
USA,2011,C17_18,49262.99999999999,15241318.8,0.0032322006150806
USA,2011,C19,307873.7,15241318.8,0.0201999383412936
USA,2011,C20,151387.50000000003,15241318.8,0.0099327034613303
USA,2011,C21,150437.09999999998,15241318.8,0.0098703466526794
USA,2011,C22,33991.00000000001,15241318.8,0.0022301875871791
USA,2011,C23,8744.9,15241318.8,0.0005737626851555
USA,2011,C24,-32258.399999999998,15241318.8,-0.0021165097602971
USA,2011,C25,55834.59999999999,15241318.8,0.003663370652676
USA,2011,C26,206162.8,15241318.8,0.0135265722543642
USA,2011,C27,42296.09999999999,15241318.8,0.0027750945016647
USA,2011,C28,222954.8,15241318.8,0.0146283141849903
USA,2011,C29,265744.5,15241318.8,0.0174357943355925
USA,2011,C30,172490.9,15241318.8,0.0113173211756452
USA,2011,C31T33,129990.49999999996,15241318.8,0.0085288223221208
USA,2011,D,165578.49999999997,15241318.8,0.010863790868281
USA,2011,E,34754.4,15241318.8,0.0022802751163501
USA,2011,F,792484.5000000001,15241318.8,0.0519957957968834
USA,2011,G,1392141.0,15241318.8,0.0913399305052263
USA,2011,H49,163492.19999999995,15241318.8,0.0107269063881794
USA,2011,H50,26383.1,15241318.8,0.0017310247457063
USA,2011,H51,110193.8,15241318.8,0.007229938658589
USA,2011,H52,21960.3,15241318.8,0.0014408398832258
USA,2011,H53,22859.700000000004,15241318.8,0.0014998505247459
USA,2011,I,560034.6,15241318.8,0.0367444974643532
USA,2011,J58T60,315739.3,15241318.8,0.0207160091684454
USA,2011,J61,279343.1,15241318.8,0.0183280137149286
USA,2011,J62_63,214198.9,15241318.8,0.0140538297775124
USA,2011,K,795520.8000000002,15241318.8,0.0521950108411878
USA,2011,L,1779550.9,15241318.8,0.1167583280260498
USA,2011,M,413034.0,15241318.8,0.0270996234262877
USA,2011,N,155801.49999999997,15241318.8,0.010222310945953
USA,2011,O,2208824.2000000007,15241318.8,0.1449234301168216
USA,2011,P,1127366.0000000002,15241318.8,0.0739677461506808
USA,2011,Q,1825387.2,15241318.8,0.1197656990154946
USA,2011,R,180453.4,15241318.8,0.0118397497203457
USA,2011,S,323701.1,15241318.8,0.0212383917853617
USA,2011,T,16328.4,15241318.8,0.0010713246152951
USA,2011,employees_compensation,0.0,15241318.8,0.0
USA,2012,A01_02,136384.6,15871277.4,0.0085931709567372
USA,2012,A03,-5447.1,15871277.4,-0.0003432048891036
USA,2012,B05_06,-238315.50000000003,15871277.4,-0.0150155210569251
USA,2012,B07_08,12559.1,15871277.4,0.0007913099672745
USA,2012,B09,112064.0,15871277.4,0.0070608053262303
USA,2012,C10T12,546069.1,15871277.4,0.0344061215891797
USA,2012,C13T15,29362.199999999983,15871277.4,0.0018500212213542
USA,2012,C16,7488.200000000001,15871277.4,0.000471808274235
USA,2012,C17_18,52314.7,15871277.4,0.0032961871109379
USA,2012,C19,332294.80000000005,15871277.4,0.020936865485068
USA,2012,C20,156519.9,15871277.4,0.0098618338055133
USA,2012,C21,148436.90000000002,15871277.4,0.009352549026709
USA,2012,C22,35716.8,15871277.4,0.0022504048728932
USA,2012,C23,7978.500000000007,15871277.4,0.0005027005576753
USA,2012,C24,-17504.70000000001,15871277.4,-0.0011029168956494
USA,2012,C25,66091.90000000001,15871277.4,0.0041642457840224
USA,2012,C26,210964.40000000008,15871277.4,0.0132922130136796
USA,2012,C27,43790.500000000015,15871277.4,0.0027591036875204
USA,2012,C28,251681.9,15871277.4,0.0158576964951794
USA,2012,C29,265522.30000000005,15871277.4,0.0167297372043916
USA,2012,C30,193067.2,15871277.4,0.0121645659094837
USA,2012,C31T33,133944.8,15871277.4,0.0084394467202747
USA,2012,D,152592.09999999998,15871277.4,0.009614355300727
USA,2012,E,35208.600000000006,15871277.4,0.0022183847659294
USA,2012,F,840179.8,15871277.4,0.0529371252751212
USA,2012,G,1504710.5999999996,15871277.4,0.0948071514394928
USA,2012,H49,176350.69999999995,15871277.4,0.0111113110530095
USA,2012,H50,28467.2,15871277.4,0.0017936300451783
USA,2012,H51,116683.4,15871277.4,0.0073518594035789
USA,2012,H52,25025.799999999992,15871277.4,0.0015767980969194
USA,2012,H53,21994.3,15871277.4,0.00138579267728
USA,2012,I,589859.2999999999,15871277.4,0.0371652063746299
USA,2012,J58T60,329330.99999999994,15871277.4,0.0207501256326097
USA,2012,J61,289182.2,15871277.4,0.0182204741755695
USA,2012,J62_63,239205.60000000003,15871277.4,0.0150716034992873
USA,2012,K,817170.4000000001,15871277.4,0.0514873742928845
USA,2012,L,1832044.9,15871277.4,0.1154314711933647
USA,2012,M,418773.29999999993,15871277.4,0.0263856077520263
USA,2012,N,161552.99999999997,15871277.4,0.0101789538377043
USA,2012,O,2201031.0,15871277.4,0.1386801417761118
USA,2012,P,1145736.2,15871277.4,0.0721892870450364
USA,2012,Q,1910954.0,15871277.4,0.1204032890257466
USA,2012,R,191074.4,15871277.4,0.0120390057576587
USA,2012,S,345835.1000000001,15871277.4,0.0217899978233636
USA,2012,T,17330.0,15871277.4,0.0010919095900875
USA,2012,employees_compensation,0.0,15871277.4,0.0
USA,2013,A01_02,147725.9,16436901.1,0.0089874544539298
USA,2013,A03,-5754.000000000001,16436901.1,-0.0003500659865867
USA,2013,B05_06,-174231.3,16436901.1,-0.0106000090248155
USA,2013,B07_08,17066.100000000002,16436901.1,0.0010382796547945
USA,2013,B09,108334.80000000002,16436901.1,0.0065909504073124
USA,2013,C10T12,559902.4,16436901.1,0.0340637445339377
USA,2013,C13T15,28376.800000000017,16436901.1,0.0017264081487963
USA,2013,C16,5725.800000000003,16436901.1,0.0003483503347233
USA,2013,C17_18,51970.3,16436901.1,0.0031618064551109
USA,2013,C19,320045.0,16436901.1,0.0194711276811174
USA,2013,C20,158224.2,16436901.1,0.0096261575729746
USA,2013,C21,169705.40000000002,16436901.1,0.0103246590684907
USA,2013,C22,36378.90000000001,16436901.1,0.0022132456585749
USA,2013,C23,8206.5,16436901.1,0.0004992729438519
USA,2013,C24,-14367.599999999991,16436901.1,-0.0008741063727639
USA,2013,C25,69276.59999999999,16436901.1,0.0042146995701032
USA,2013,C26,201541.3,16436901.1,0.0122615144286534
USA,2013,C27,42730.500000000015,16436901.1,0.0025996688633723
USA,2013,C28,244993.1,16436901.1,0.0149050662597221
USA,2013,C29,300216.0,16436901.1,0.0182647567308171
USA,2013,C30,198422.8,16436901.1,0.0120717888848281
USA,2013,C31T33,139584.19999999998,16436901.1,0.0084921238590405
USA,2013,D,162549.8,16436901.1,0.0098893215339721
USA,2013,E,35817.59999999999,16436901.1,0.0021790968858479
USA,2013,F,906390.7,16436901.1,0.0551436487015183
USA,2013,G,1566238.0000000002,16436901.1,0.0952879128779329
USA,2013,H49,183335.3,16436901.1,0.0111538847185738
USA,2013,H50,28861.7,16436901.1,0.0017559088434254
USA,2013,H51,120380.1,16436901.1,0.0073237710239675
USA,2013,H52,26803.400000000005,16436901.1,0.0016306845090161
USA,2013,H53,21911.7,16436901.1,0.0013330797494425
USA,2013,I,612890.7000000002,16436901.1,0.0372874848045414
USA,2013,J58T60,344108.8,16436901.1,0.0209351384367701
USA,2013,J61,296768.19999999995,16436901.1,0.0180549969969704
USA,2013,J62_63,248486.4,16436901.1,0.0151175941552632
USA,2013,K,866928.1000000001,16436901.1,0.0527427946865239
USA,2013,L,1904466.2,16436901.1,0.1158652831463468
USA,2013,M,426227.9,16436901.1,0.0259311592499634
USA,2013,N,168964.5,16436901.1,0.0102795836619105
USA,2013,O,2212357.7,16436901.1,0.1345970074614612
USA,2013,P,1181372.5,16436901.1,0.0718731890404816
USA,2013,Q,1942077.9,16436901.1,0.1181535307771609
USA,2013,R,198019.7,16436901.1,0.0120472647973771
USA,2013,S,349638.10000000003,16436901.1,0.0212715339632967
USA,2013,T,18232.4,16436901.1,0.0011092358522495
USA,2013,employees_compensation,0.0,16436901.1,0.0
USA,2014,A01_02,146049.7,17122209.2,0.0085298397125062
USA,2014,A03,-6962.5,17122209.2,-0.0004066356110168
USA,2014,B05_06,-137588.1,17122209.2,-0.0080356511471662
USA,2014,B07_08,18618.1,17122209.2,0.0010873655252384
USA,2014,B09,136586.6,17122209.2,0.007977159863226
USA,2014,C10T12,577694.7,17122209.2,0.033739495485197
USA,2014,C13T15,24836.29999999996,17122209.2,0.0014505312784053
USA,2014,C16,6324.599999999999,17122209.2,0.0003693799045511
USA,2014,C17_18,49979.4,17122209.2,0.0029189808053507
USA,2014,C19,311447.5,17122209.2,0.0181896796354993
USA,2014,C20,160362.7,17122209.2,0.0093657715617678
USA,2014,C21,192563.09999999995,17122209.2,0.0112463933684445
USA,2014,C22,35058.8,17122209.2,0.0020475628810796
USA,2014,C23,7108.799999999996,17122209.2,0.00041518006917
USA,2014,C24,-30802.60000000001,17122209.2,-0.0017989851449776
USA,2014,C25,68844.00000000001,17122209.2,0.0040207428373203
USA,2014,C26,187454.20000000004,17122209.2,0.0109480148157517
USA,2014,C27,38193.500000000015,17122209.2,0.0022306408918307
USA,2014,C28,243467.2,17122209.2,0.0142193800552325
USA,2014,C29,332612.4999999999,17122209.2,0.0194257934893121
USA,2014,C30,209703.9,17122209.2,0.0122474791395493
USA,2014,C31T33,136975.2,17122209.2,0.007999855532661
USA,2014,D,174482.8,17122209.2,0.0101904373414617
USA,2014,E,37115.1,17122209.2,0.0021676583650198
USA,2014,F,999467.6,17122209.2,0.0583725843041329
USA,2014,G,1644147.4000000004,17122209.2,0.0960242560288307
USA,2014,H49,199780.10000000003,17122209.2,0.0116678927156199
USA,2014,H50,32034.199999999997,17122209.2,0.0018709151153228
USA,2014,H51,123916.3,17122209.2,0.0072371677365091
USA,2014,H52,28638.4,17122209.2,0.0016725879041356
USA,2014,H53,22161.7,17122209.2,0.0012943248000964
USA,2014,I,653529.8999999998,17122209.2,0.0381685501191049
USA,2014,J58T60,360298.4,17122209.2,0.0210427518897503
USA,2014,J61,311630.2,17122209.2,0.0182003499875471
USA,2014,J62_63,256554.70000000004,17122209.2,0.0149837381965873
USA,2014,K,926737.6,17122209.2,0.0541248847724626
USA,2014,L,1959767.6,17122209.2,0.1144576366932837
USA,2014,M,436541.6,17122209.2,0.0254956352244545
USA,2014,N,172811.3,17122209.2,0.0100928155929785
USA,2014,O,2241997.0000000005,17122209.2,0.1309408718122659
USA,2014,P,1214320.6,17122209.2,0.0709207898242476
USA,2014,Q,2015281.9,17122209.2,0.1176998760183353
USA,2014,R,207743.4,17122209.2,0.0121329787280019
USA,2014,S,373878.9,17122209.2,0.0218359030445674
USA,2014,T,20844.9,17122209.2,0.0012174188363496
USA,2014,employees_compensation,0.0,17122209.2,0.0
USA,2015,A01_02,137248.3,17758219.7,0.0077287195630314
USA,2015,A03,-5988.6,17758219.7,-0.00033722975057
USA,2015,B05_06,-55048.500000000015,17758219.7,-0.0030998884420829
USA,2015,B07_08,17923.4,17758219.7,0.0010093016249821
USA,2015,B09,107854.2,17758219.7,0.0060734804401592
USA,2015,C10T12,586290.1000000001,17758219.7,0.0330151394624315
USA,2015,C13T15,23591.0,17758219.7,0.0013284552392377
USA,2015,C16,7767.700000000001,17758219.7,0.0004374143428352
USA,2015,C17_18,52397.3,17758219.7,0.0029505941972325
USA,2015,C19,207966.7,17758219.7,0.0117110106482126
USA,2015,C20,155089.69999999998,17758219.7,0.0087334036080204
USA,2015,C21,185265.69999999995,17758219.7,0.0104326730454855
USA,2015,C22,37926.8,17758219.7,0.0021357321083261
USA,2015,C23,6937.099999999999,17758219.7,0.0003906416362221
USA,2015,C24,-9555.300000000005,17758219.7,-0.0005380775866851
USA,2015,C25,67779.20000000001,17758219.7,0.0038167789984037
USA,2015,C26,193266.7999999999,17758219.7,0.0108832305977158
USA,2015,C27,37394.59999999999,17758219.7,0.0021057628879318
USA,2015,C28,213091.9,17758219.7,0.0119996206601723
USA,2015,C29,362990.2,17758219.7,0.0204406864050679
USA,2015,C30,219714.7,17758219.7,0.0123725634501526
USA,2015,C31T33,139604.99999999994,17758219.7,0.0078614299382724
USA,2015,D,169026.90000000002,17758219.7,0.0095182345333862
USA,2015,E,36969.2,17758219.7,0.0020818077839187
USA,2015,F,1118253.2999999998,17758219.7,0.0629710251867195
USA,2015,G,1749994.7999999998,17758219.7,0.0985456216649915
USA,2015,H49,212834.20000000004,17758219.7,0.0119851090703647
USA,2015,H50,31514.500000000004,17758219.7,0.0017746429840599
USA,2015,H51,120030.1,17758219.7,0.00675912912599
USA,2015,H52,31129.8,17758219.7,0.0017529797764581
USA,2015,H53,21220.9,17758219.7,0.0011949902838514
USA,2015,I,697644.2000000001,17758219.7,0.0392857061003699
USA,2015,J58T60,362783.9,17758219.7,0.0204290692495487
USA,2015,J61,315389.4,17758219.7,0.0177601924814569
USA,2015,J62_63,271834.9,17758219.7,0.0153075536057254
USA,2015,K,974147.4,17758219.7,0.0548561407875813
USA,2015,L,2028507.3,17758219.7,0.1142292039556194
USA,2015,M,463341.6,17758219.7,0.0260916695382476
USA,2015,N,179094.9,17758219.7,0.0100851832574185
USA,2015,O,2280445.5,17758219.7,0.1284163355631871
USA,2015,P,1251385.7999999998,17758219.7,0.0704679760212674
USA,2015,Q,2127874.2,17758219.7,0.1198247479729063
USA,2015,R,218410.8,17758219.7,0.012299138297067
USA,2015,S,385564.4,17758219.7,0.0217118836523911
USA,2015,T,21313.7,17758219.7,0.0012002160329168
USA,2015,employees_compensation,0.0,17758219.7,0.0
USA,2016,A01_02,138495.09999999998,18243363.3,0.0075915333002221
USA,2016,A03,-6256.6,18243363.3,-0.0003429521134406
USA,2016,B05_06,-49790.100000000006,18243363.3,-0.0027292171504362
USA,2016,B07_08,12797.3,18243363.3,0.0007014770132873
USA,2016,B09,52807.90000000001,18243363.3,0.0028946362099799
USA,2016,C10T12,587966.2,18243363.3,0.0322290462745978
USA,2016,C13T15,28652.399999999998,18243363.3,0.0015705656642818
USA,2016,C16,7558.4000000000015,18243363.3,0.000414309569771
USA,2016,C17_18,50249.80000000002,18243363.3,0.00275441535498
USA,2016,C19,176217.3,18243363.3,0.0096592551001821
USA,2016,C20,151211.7,18243363.3,0.0082885867870646
USA,2016,C21,193236.00000000003,18243363.3,0.0105921258499522
USA,2016,C22,37488.400000000016,18243363.3,0.0020549061805944
USA,2016,C23,7466.5,18243363.3,0.0004092721214404
USA,2016,C24,-5636.4000000000015,18243363.3,-0.0003089561890158
USA,2016,C25,65732.9,18243363.3,0.0036031130290542
USA,2016,C26,195980.8,18243363.3,0.0107425805635301
USA,2016,C27,33343.09999999999,18243363.3,0.0018276838240676
USA,2016,C28,193929.9,18243363.3,0.0106301615996431
USA,2016,C29,371153.6,18243363.3,0.0203445819664184
USA,2016,C30,206487.9,18243363.3,0.0113185215140675
USA,2016,C31T33,135981.90000000002,18243363.3,0.0074537736142107
USA,2016,D,164894.50000000003,18243363.3,0.009038601999446
USA,2016,E,38712.3,18243363.3,0.0021219935909515
USA,2016,F,1221164.0,18243363.3,0.0669374380106764
USA,2016,G,1808876.5,18243363.3,0.0991525778582724
USA,2016,H49,211038.2,18243363.3,0.0115679437244995
USA,2016,H50,31366.8,18243363.3,0.0017193540184555
USA,2016,H51,119572.19999999998,18243363.3,0.0065542848669795
USA,2016,H52,30412.6,18243363.3,0.0016670500663657
USA,2016,H53,21328.4,18243363.3,0.0011691046025488
USA,2016,I,728594.4999999999,18243363.3,0.0399375097682783
USA,2016,J58T60,377898.4,18243363.3,0.0207142944963443
USA,2016,J61,326844.1,18243363.3,0.0179157809130512
USA,2016,J62_63,296711.3,18243363.3,0.016264067930939
USA,2016,K,996522.7999999998,18243363.3,0.0546238532672316
USA,2016,L,2115426.7,18243363.3,0.1159559597215278
USA,2016,M,467980.2,18243363.3,0.0256520791865171
USA,2016,N,186188.8,18243363.3,0.0102058374291104
USA,2016,O,2328117.4000000004,18243363.3,0.1276144843314061
USA,2016,P,1291385.2,18243363.3,0.0707865747540093
USA,2016,Q,2239000.8000000003,18243363.3,0.1227296065523181
USA,2016,R,228516.50000000003,18243363.3,0.012526007197368
USA,2016,S,407689.9,18243363.3,0.0223472993052766
USA,2016,T,20047.2,18243363.3,0.0010988763239725
USA,2016,employees_compensation,0.0,18243363.3,0.0
USA,2017,A01_02,144696.39999999997,19004934.7,0.0076136225819286
USA,2017,A03,-7221.800000000001,19004934.7,-0.0003799960438695
USA,2017,B05_06,-39191.4,19004934.7,-0.0020621696742793
USA,2017,B07_08,16913.199999999997,19004934.7,0.000889937285604
USA,2017,B09,75598.00000000001,19004934.7,0.0039778089845265
USA,2017,C10T12,592151.8,19004934.7,0.0311577918760226
USA,2017,C13T15,24201.300000000047,19004934.7,0.0012734218971033
USA,2017,C16,5336.699999999997,19004934.7,0.0002808060161343
USA,2017,C17_18,48281.99999999999,19004934.7,0.0025404980739028
USA,2017,C19,218729.3,19004934.7,0.0115090792708695
USA,2017,C20,153449.2,19004934.7,0.0080741766505517
USA,2017,C21,195375.5000000001,19004934.7,0.0102802510550062
USA,2017,C22,34721.399999999994,19004934.7,0.0018269676033141
USA,2017,C23,4141.299999999999,19004934.7,0.0002179065629728
USA,2017,C24,-16208.000000000007,19004934.7,-0.0008528311333792
USA,2017,C25,60356.99999999999,19004934.7,0.0031758593729869
USA,2017,C26,194148.4,19004934.7,0.0102156836140036
USA,2017,C27,25871.0,19004934.7,0.0013612780263854
USA,2017,C28,200845.59999999995,19004934.7,0.0105680763007304
USA,2017,C29,368137.9999999999,19004934.7,0.0193706532440755
USA,2017,C30,220135.5,19004934.7,0.0115830705800846
USA,2017,C31T33,140073.49999999994,19004934.7,0.0073703752320706
USA,2017,D,168511.99999999994,19004934.7,0.0088667497500004
USA,2017,E,41325.1,19004934.7,0.0021744405151784
USA,2017,F,1284992.7000000004,19004934.7,0.0676136340526337
USA,2017,G,1890367.3000000005,19004934.7,0.0994671820682446
USA,2017,H49,223469.8,19004934.7,0.0117585144872926
USA,2017,H50,33521.3,19004934.7,0.0017638208459616
USA,2017,H51,124571.39999999998,19004934.7,0.0065546870834552
USA,2017,H52,31883.4,19004934.7,0.0016776379663119
USA,2017,H53,22410.9,19004934.7,0.0011792147857261
USA,2017,I,763020.0000000001,19004934.7,0.0401485199525573
USA,2017,J58T60,403502.3000000001,19004934.7,0.0212314489036365
USA,2017,J61,318844.60000000003,19004934.7,0.0167769374129972
USA,2017,J62_63,324910.5,19004934.7,0.0170961124112675
USA,2017,K,1084510.0,19004934.7,0.0570646527925192
USA,2017,L,2199265.2000000007,19004934.7,0.1157207448863268
USA,2017,M,513163.29999999993,19004934.7,0.0270015818575793
USA,2017,N,194634.19999999995,19004934.7,0.0102412453961233
USA,2017,O,2390815.2,19004934.7,0.1257997061152754
USA,2017,P,1324976.2,19004934.7,0.0697174823757747
USA,2017,Q,2328478.3999999994,19004934.7,0.1225196737981951
USA,2017,R,242048.1,19004934.7,0.012736065859779
USA,2017,S,416484.79999999993,19004934.7,0.0219145609587387
USA,2017,T,18684.1,19004934.7,0.0009831183476784
USA,2017,employees_compensation,0.0,19004934.7,0.0
USA,2018,A01_02,144642.7,20020146.6,0.0072248571846122
USA,2018,A03,-7226.0,20020146.6,-0.0003609364179181
USA,2018,B05_06,-36469.19999999998,20020146.6,-0.0018216250224661
USA,2018,B07_08,17465.300000000003,20020146.6,0.0008723862191898
USA,2018,B09,88255.5,20020146.6,0.0044083343525566
USA,2018,C10T12,605982.1,20020146.6,0.030268614516539
USA,2018,C13T15,24113.300000000017,20020146.6,0.0012044517196492
USA,2018,C16,5851.700000000004,20020146.6,0.0002922905669432
USA,2018,C17_18,44231.49999999999,20020146.6,0.0022093494560124
USA,2018,C19,262749.0,20020146.6,0.0131242295698274
USA,2018,C20,165810.3,20020146.6,0.0082821721195588
USA,2018,C21,199219.5000000001,20020146.6,0.0099509511084199
USA,2018,C22,32976.1,20020146.6,0.0016471457806407
USA,2018,C23,2828.400000000001,20020146.6,0.0001412776867478
USA,2018,C24,-15620.0,20020146.6,-0.0007802140669639
USA,2018,C25,62901.7,20020146.6,0.0031419200496763
USA,2018,C26,216263.9,20020146.6,0.0108023135055364
USA,2018,C27,24932.09999999999,20020146.6,0.0012453505210596
USA,2018,C28,213463.6,20020146.6,0.0106624394049142
USA,2018,C29,389296.7,20020146.6,0.0194452472191187
USA,2018,C30,217844.7,20020146.6,0.0108812739662955
USA,2018,C31T33,147209.59999999998,20020146.6,0.0073530730289457
USA,2018,D,184716.4,20020146.6,0.0092265258437218
USA,2018,E,43575.7,20020146.6,0.0021765924531241
USA,2018,F,1355408.6000000003,20020146.6,0.0677022315111319
USA,2018,G,1975828.1000000003,20020146.6,0.0986919895981181
USA,2018,H49,243635.60000000003,20020146.6,0.0121695212761329
USA,2018,H50,36009.5,20020146.6,0.0017986631526464
USA,2018,H51,135583.4,20020146.6,0.0067723480106784
USA,2018,H52,33311.700000000004,20020146.6,0.0016639088946531
USA,2018,H53,24435.1,20020146.6,0.0012205255280198
USA,2018,I,803486.9999999998,20020146.6,0.040133921896456
USA,2018,J58T60,435747.9,20020146.6,0.0217654699891158
USA,2018,J61,318927.4,20020146.6,0.0159303229078252
USA,2018,J62_63,376326.1,20020146.6,0.0187973698454336
USA,2018,K,1165052.2000000002,20020146.6,0.0581939894486087
USA,2018,L,2277687.9,20020146.6,0.1137697912761537
USA,2018,M,546933.4,20020146.6,0.027319150600026
USA,2018,N,207187.19999999995,20020146.6,0.0103489352070978
USA,2018,O,2515134.8,20020146.6,0.1256301889417732
USA,2018,P,1383358.1000000003,20020146.6,0.0690983002092502
USA,2018,Q,2433674.4000000004,20020146.6,0.1215612676882196
USA,2018,R,256392.70000000004,20020146.6,0.0128067343922446
USA,2018,S,439054.4,20020146.6,0.0219306286198723
USA,2018,T,21956.5,20020146.6,0.0010967202407998
USA,2018,employees_compensation,0.0,20020146.6,0.0
USA,2019,A01_02,142546.30000000002,20846557.0,0.0068378821500356
USA,2019,A03,-6979.700000000001,20846557.0,-0.0003348130820835
USA,2019,B05_06,-32586.300000000017,20846557.0,-0.0015631502122868
USA,2019,B07_08,21303.8,20846557.0,0.0010219337418644
USA,2019,B09,90040.5,20846557.0,0.0043192024467157
USA,2019,C10T12,621237.9999999999,20846557.0,0.0298005085444085
USA,2019,C13T15,26272.899999999998,20846557.0,0.0012602992426998
USA,2019,C16,7724.500000000004,20846557.0,0.0003705408044119
USA,2019,C17_18,46933.90000000001,20846557.0,0.0022513981565397
USA,2019,C19,243010.19999999995,20846557.0,0.0116570904250519
USA,2019,C20,162917.6,20846557.0,0.0078150842846614
USA,2019,C21,213297.2,20846557.0,0.0102317711265222
USA,2019,C22,34288.0,20846557.0,0.0016447799989226
USA,2019,C23,3035.900000000001,20846557.0,0.000145630762912
USA,2019,C24,-13100.299999999996,20846557.0,-0.0006284155220451
USA,2019,C25,65253.9,20846557.0,0.0031302003491511
USA,2019,C26,237035.19999999992,20846557.0,0.0113704723518612
USA,2019,C27,30427.60000000002,20846557.0,0.0014595983403878
USA,2019,C28,220354.7,20846557.0,0.0105703162397512
USA,2019,C29,399672.0999999999,20846557.0,0.0191720915832767
USA,2019,C30,208126.1,20846557.0,0.009983715776183
USA,2019,C31T33,149282.7,20846557.0,0.0071610242401179
USA,2019,D,183704.4,20846557.0,0.0088122177681427
USA,2019,E,45563.6,20846557.0,0.0021856654794362
USA,2019,F,1424937.4999999998,20846557.0,0.0683536135007809
USA,2019,G,2033712.2,20846557.0,0.0975562631277673
USA,2019,H49,250243.20000000004,20846557.0,0.0120040541946567
USA,2019,H50,36615.19999999999,20846557.0,0.0017564147403333
USA,2019,H51,148463.5,20846557.0,0.0071217275831208
USA,2019,H52,34315.4,20846557.0,0.0016460943646473
USA,2019,H53,24394.0,20846557.0,0.00117016925145
USA,2019,I,844392.3,20846557.0,0.0405051203419346
USA,2019,J58T60,465702.50000000006,20846557.0,0.0223395402895547
USA,2019,J61,323202.5,20846557.0,0.0155038791297766
USA,2019,J62_63,414377.0,20846557.0,0.0198774790484587
USA,2019,K,1174595.1999999995,20846557.0,0.0563448055235212
USA,2019,L,2386399.7,20846557.0,0.1144745244982181
USA,2019,M,600042.8,20846557.0,0.0287837842958911
USA,2019,N,224723.0,20846557.0,0.010779861633746
USA,2019,O,2628354.8,20846557.0,0.1260810022489564
USA,2019,P,1437665.1999999995,20846557.0,0.0689641555677515
USA,2019,Q,2557283.3,20846557.0,0.1226717342340991
USA,2019,R,267238.6,20846557.0,0.012819315918691
USA,2019,S,447563.4,20846557.0,0.0214694157888998
USA,2019,T,22972.9,20846557.0,0.001101999721105
USA,2019,employees_compensation,0.0,20846557.0,0.0
USA,2020,A01_02,167433.2,20563316.5,0.0081423247072037
USA,2020,A03,-6000.900000000001,20563316.5,-0.0002918254941998
USA,2020,B05_06,-42826.7,20563316.5,-0.0020826747475291
USA,2020,B07_08,19500.6,20563316.5,0.0009483197907302
USA,2020,B09,50289.9,20563316.5,0.0024456123116132
USA,2020,C10T12,665626.8000000002,20563316.5,0.0323696228670117
USA,2020,C13T15,18301.399999999998,20563316.5,0.0008900023495723
USA,2020,C16,7452.699999999997,20563316.5,0.0003624269460619
USA,2020,C17_18,47831.99999999999,20563316.5,0.0023260839271719
USA,2020,C19,152659.30000000002,20563316.5,0.0074238656979286
USA,2020,C20,155340.2,20563316.5,0.0075542386365545
USA,2020,C21,212140.20000000007,20563316.5,0.0103164389849273
USA,2020,C22,32060.899999999987,20563316.5,0.0015591307948793
USA,2020,C23,7326.5,20563316.5,0.0003562898037386
USA,2020,C24,-676.5,20563316.5,-3.2898389712573846e-05
USA,2020,C25,61403.70000000001,20563316.5,0.0029860796044256
USA,2020,C26,229643.5000000001,20563316.5,0.0111676295017878
USA,2020,C27,26328.300000000003,20563316.5,0.0012803528069025
USA,2020,C28,196733.1,20563316.5,0.0095671872774024
USA,2020,C29,369493.9,20563316.5,0.0179685947060144
USA,2020,C30,161785.69999999998,20563316.5,0.0078676851567207
USA,2020,C31T33,151711.2,20563316.5,0.0073777593220432
USA,2020,D,183500.6,20563316.5,0.0089236869937784
USA,2020,E,46645.90000000001,20563316.5,0.0022684035427845
USA,2020,F,1489381.7999999998,20563316.5,0.0724290656130298
USA,2020,G,2079184.4,20563316.5,0.1011113358100576
USA,2020,H49,215221.6,20563316.5,0.0104662883538265
USA,2020,H50,19070.9,20563316.5,0.0009274233560525
USA,2020,H51,54957.199999999975,20563316.5,0.0026725844539717
USA,2020,H52,34167.3,20563316.5,0.0016615656331506
USA,2020,H53,25241.8,20563316.5,0.0012275159991823
USA,2020,I,667137.5000000001,20563316.5,0.0324430886428266
USA,2020,J58T60,505004.1,20563316.5,0.0245584947350297
USA,2020,J61,319930.60000000003,20563316.5,0.0155583171615337
USA,2020,J62_63,463964.4,20563316.5,0.022562722311841
USA,2020,K,1208470.6999999995,20563316.5,0.0587682779672237
USA,2020,L,2505660.6,20563316.5,0.1218509961659151
USA,2020,M,620057.5000000001,20563316.5,0.0301535746920979
USA,2020,N,201695.6,20563316.5,0.0098085150807263
USA,2020,O,2714717.9000000004,20563316.5,0.1320175128365115
USA,2020,P,1430122.7,20563316.5,0.0695472785238704
USA,2020,Q,2488716.9000000004,20563316.5,0.1210270191581207
USA,2020,R,168854.39999999997,20563316.5,0.0082114380722584
USA,2020,S,415581.5,20563316.5,0.0202098479591071
USA,2020,T,22471.6,20563316.5,0.0010928003758537
USA,2020,employees_compensation,0.0,20563316.5,0.0
GBR,1995,A01_02,10539.999999999996,1238332.5,0.0085114458354278
GBR,1995,A03,454.2000000000001,1238332.5,0.0003667835577278
GBR,1995,B05_06,5178.9,1238332.5,0.0041821562464039
GBR,1995,B07_08,-857.0,1238332.5,-0.0006920596851007
GBR,1995,B09,32.900000000000034,1238332.5,2.656798557737929e-05
GBR,1995,C10T12,47901.3,1238332.5,0.038682098709353
GBR,1995,C13T15,17160.9,1238332.5,0.0138580712369254
GBR,1995,C16,-1917.3,1238332.5,-0.0015482917552434
GBR,1995,C17_18,-648.2000000000007,1238332.5,-0.0005234458435032
GBR,1995,C19,956.6000000000008,1238332.5,0.0007724904256328
GBR,1995,C20,11925.299999999996,1238332.5,0.0096301276111222
GBR,1995,C21,14937.4,1238332.5,0.0120625114821746
GBR,1995,C22,3488.2999999999997,1238332.5,0.0028169332550021
GBR,1995,C23,2564.6,1238332.5,0.0020710108149467
GBR,1995,C24,-1002.3000000000002,1238332.5,-0.0008093948919211
GBR,1995,C25,10233.600000000002,1238332.5,0.0082640163284093
GBR,1995,C26,11064.6,1238332.5,0.0089350800370659
GBR,1995,C27,9153.1,1238332.5,0.0073914719996446
GBR,1995,C28,24865.6,1238332.5,0.020079905841121
GBR,1995,C29,25025.4,1238332.5,0.0202089503424968
GBR,1995,C30,14743.500000000002,1238332.5,0.0119059299501547
GBR,1995,C31T33,15598.4,1238332.5,0.0125962938063888
GBR,1995,D,14702.6,1238332.5,0.011872901664133
GBR,1995,E,10552.1,1238332.5,0.0085212170398499
GBR,1995,F,88103.40000000001,1238332.5,0.0711468042710661
GBR,1995,G,127631.49999999996,1238332.5,0.1030672295203428
GBR,1995,H49,14207.399999999994,1238332.5,0.0114730090666279
GBR,1995,H50,4684.700000000001,1238332.5,0.0037830711864543
GBR,1995,H51,7945.0,1238332.5,0.0064158858787926
GBR,1995,H52,3532.499999999999,1238332.5,0.0028526264149572
GBR,1995,H53,1128.8,1238332.5,0.0009115483926974
GBR,1995,I,48568.4,1238332.5,0.0392208070126561
GBR,1995,J58T60,33871.1,1238332.5,0.0273521852975674
GBR,1995,J61,13551.2,1238332.5,0.0109431029226802
GBR,1995,J62_63,11605.6,1238332.5,0.0093719578546149
GBR,1995,K,85957.00000000001,1238332.5,0.0694135056618477
GBR,1995,L,188359.60000000003,1238332.5,0.1521074509471406
GBR,1995,M,29728.2,1238332.5,0.0240066379587065
GBR,1995,N,21660.3,1238332.5,0.0174915057143376
GBR,1995,O,103018.5,1238332.5,0.0831913076657521
GBR,1995,P,69728.09999999999,1238332.5,0.0563080594266887
GBR,1995,Q,91685.7,1238332.5,0.0740396460562894
GBR,1995,R,21649.4,1238332.5,0.0174827035549822
GBR,1995,S,23128.4,1238332.5,0.0186770515996309
GBR,1995,T,1933.2,1238332.5,0.0015611316023765
GBR,1995,employees_compensation,0.0,1238332.5,0.0
GBR,1996,A01_02,10292.500000000002,1328398.0,0.0077480544234483
GBR,1996,A03,466.0,1328398.0,0.0003507984805758
GBR,1996,B05_06,4927.8,1328398.0,0.0037095810141237
GBR,1996,B07_08,-540.2999999999997,1328398.0,-0.0004067305129938
GBR,1996,B09,618.0,1328398.0,0.0004652220193044
GBR,1996,C10T12,50233.49999999999,1328398.0,0.037815097583706
GBR,1996,C13T15,17796.7,1328398.0,0.013397114419022
GBR,1996,C16,-1895.5,1328398.0,-0.001426906695132
GBR,1996,C17_18,-94.69999999999982,1328398.0,-7.128887577367613e-05
GBR,1996,C19,7201.300000000001,1328398.0,0.0054210409831993
GBR,1996,C20,13335.099999999997,1328398.0,0.0100384824427618
GBR,1996,C21,14448.899999999998,1328398.0,0.0108769359785245
GBR,1996,C22,4504.5,1328398.0,0.0033909265144933
GBR,1996,C23,2893.1,1328398.0,0.0021778864466823
GBR,1996,C24,-780.2999999999993,1328398.0,-0.0005873992583547
GBR,1996,C25,11909.1,1328398.0,0.0089650089807422
GBR,1996,C26,14261.500000000007,1328398.0,0.0107358637998551
GBR,1996,C27,9528.100000000002,1328398.0,0.0071726244694737
GBR,1996,C28,23824.7,1328398.0,0.0179349110733379
GBR,1996,C29,28095.500000000004,1328398.0,0.0211499113970361
GBR,1996,C30,15086.4,1328398.0,0.0113568373333895
GBR,1996,C31T33,18294.5,1328398.0,0.0137718515083581
GBR,1996,D,17173.7,1328398.0,0.0129281284675225
GBR,1996,E,11504.4,1328398.0,0.0086603563088773
GBR,1996,F,97830.9,1328398.0,0.0736457748355538
GBR,1996,G,137841.8,1328398.0,0.1037654377678978
GBR,1996,H49,14049.8,1328398.0,0.010576498910718
GBR,1996,H50,5121.200000000001,1328398.0,0.0038551699114271
GBR,1996,H51,8448.2,1328398.0,0.0063596903939933
GBR,1996,H52,4307.799999999999,1328398.0,0.0032428534219413
GBR,1996,H53,1437.9,1328398.0,0.0010824316206438
GBR,1996,I,53517.60000000001,1328398.0,0.040287323528039
GBR,1996,J58T60,33154.00000000001,1328398.0,0.0249578815987377
GBR,1996,J61,15188.5,1328398.0,0.0114336968288118
GBR,1996,J62_63,13847.3,1328398.0,0.0104240596568197
GBR,1996,K,91394.89999999998,1328398.0,0.0688008413141242
GBR,1996,L,200477.2,1328398.0,0.1509165174894873
GBR,1996,M,31410.500000000007,1328398.0,0.0236453984423343
GBR,1996,N,23918.9,1328398.0,0.0180058235558921
GBR,1996,O,105508.7,1328398.0,0.0794255185569385
GBR,1996,P,73022.0,1328398.0,0.0549699713489481
GBR,1996,Q,96309.5,1328398.0,0.0725004855472531
GBR,1996,R,22513.599999999995,1328398.0,0.0169479327731598
GBR,1996,S,23935.1,1328398.0,0.018018018696204
GBR,1996,T,2078.1,1328398.0,0.0015643654988941
GBR,1996,employees_compensation,0.0,1328398.0,0.0
GBR,1997,A01_02,11247.5,1454551.1,0.0077326262377444
GBR,1997,A03,517.5000000000001,1454551.1,0.0003557798691293
GBR,1997,B05_06,5498.599999999999,1454551.1,0.003780272827816
GBR,1997,B07_08,-591.9000000000001,1454551.1,-0.0004069296706042
GBR,1997,B09,1117.7999999999995,1454551.1,0.0007684845173194
GBR,1997,C10T12,55793.90000000001,1454551.1,0.0383581573724017
GBR,1997,C13T15,19769.200000000004,1454551.1,0.0135912722488745
GBR,1997,C16,-1638.7999999999995,1454551.1,-0.0011266706271096
GBR,1997,C17_18,1396.8999999999996,1454551.1,0.0009603650225832
GBR,1997,C19,7592.799999999999,1454551.1,0.0052200297397595
GBR,1997,C20,16476.099999999995,1454551.1,0.0113272747860147
GBR,1997,C21,14418.1,1454551.1,0.009912405277477
GBR,1997,C22,6094.500000000001,1454551.1,0.0041899524877469
GBR,1997,C23,3540.9999999999995,1454551.1,0.0024344280513761
GBR,1997,C24,297.7000000000007,1454551.1,0.0002046679556324
GBR,1997,C25,12899.8,1454551.1,0.0088685780788313
GBR,1997,C26,16471.799999999996,1454551.1,0.0113243185474886
GBR,1997,C27,9868.9,1454551.1,0.0067848424163303
GBR,1997,C28,23269.0,1454551.1,0.0159973754101866
GBR,1997,C29,32781.8,1454551.1,0.0225374000267161
GBR,1997,C30,14111.8,1454551.1,0.0097018248447923
GBR,1997,C31T33,21866.2,1454551.1,0.0150329541533466
GBR,1997,D,20213.4,1454551.1,0.0138966585635939
GBR,1997,E,13153.6,1454551.1,0.0090430649016043
GBR,1997,F,98130.6,1454551.1,0.0674645256533097
GBR,1997,G,154391.0,1454551.1,0.1061434005309266
GBR,1997,H49,15296.1,1454551.1,0.0105160279346665
GBR,1997,H50,5447.1,1454551.1,0.003744866715236
GBR,1997,H51,9573.3,1454551.1,0.0065816182050943
GBR,1997,H52,5171.700000000001,1454551.1,0.0035555299500993
GBR,1997,H53,1906.5,1454551.1,0.0013107136627925
GBR,1997,I,60402.5,1454551.1,0.0415265575750484
GBR,1997,J58T60,33791.200000000004,1454551.1,0.0232313598332846
GBR,1997,J61,17578.2,1454551.1,0.0120849655952272
GBR,1997,J62_63,16198.7,1454551.1,0.0111365630262147
GBR,1997,K,102603.10000000002,1454551.1,0.0705393574691188
GBR,1997,L,218919.8,1454551.1,0.1505067783455665
GBR,1997,M,32767.200000000004,1454551.1,0.022527362565674
GBR,1997,N,26580.200000000004,1454551.1,0.0182738165747494
GBR,1997,O,111164.9,1454551.1,0.0764255721232482
GBR,1997,P,80928.4,1454551.1,0.0556380590547832
GBR,1997,Q,104255.10000000002,1454551.1,0.0716751030610062
GBR,1997,R,23973.8,1454551.1,0.0164819235295342
GBR,1997,S,26973.3,1454551.1,0.0185440717758214
GBR,1997,T,2331.2,1454551.1,0.0016026937795447
GBR,1997,employees_compensation,0.0,1454551.1,0.0
GBR,1998,A01_02,11422.200000000004,1539982.4,0.0074170977538444
GBR,1998,A03,572.3,1539982.4,0.0003716276237962
GBR,1998,B05_06,4458.099999999999,1539982.4,0.0028949032144782
GBR,1998,B07_08,-792.0,1539982.4,-0.0005142915919039
GBR,1998,B09,904.3,1539982.4,0.0005872145032306
GBR,1998,C10T12,55627.09999999999,1539982.4,0.0361219063282801
GBR,1998,C13T15,18686.4,1539982.4,0.0121341646501934
GBR,1998,C16,-1247.6,1539982.4,-0.0008101391288627
GBR,1998,C17_18,1822.199999999998,1539982.4,0.0011832602762213
GBR,1998,C19,5212.800000000001,1539982.4,0.0033849737503493
GBR,1998,C20,16693.100000000002,1539982.4,0.0108397992080948
GBR,1998,C21,14582.6,1539982.4,0.0094693290001236
GBR,1998,C22,6414.700000000002,1539982.4,0.0041654372153863
GBR,1998,C23,3460.7000000000003,1539982.4,0.002247233474876
GBR,1998,C24,-141.5,1539982.4,-9.188416698788248e-05
GBR,1998,C25,13721.4,1539982.4,0.0089101018297351
GBR,1998,C26,16438.6,1539982.4,0.0106745375791307
GBR,1998,C27,9404.9,1539982.4,0.0061071477180518
GBR,1998,C28,22853.1,1539982.4,0.014839844922903
GBR,1998,C29,33284.0,1539982.4,0.0216132340213758
GBR,1998,C30,15199.9,1539982.4,0.0098701777370962
GBR,1998,C31T33,22099.7,1539982.4,0.0143506185525237
GBR,1998,D,19513.1,1539982.4,0.0126709889671466
GBR,1998,E,14174.7,1539982.4,0.0092044558431317
GBR,1998,F,109910.2,1539982.4,0.071371075409693
GBR,1998,G,170603.69999999995,1539982.4,0.1107828894667886
GBR,1998,H49,15650.200000000006,1539982.4,0.0101625836762809
GBR,1998,H50,5132.4,1539982.4,0.0033327653614742
GBR,1998,H51,10678.3,1539982.4,0.0069340402851357
GBR,1998,H52,5544.300000000001,1539982.4,0.0036002359507485
GBR,1998,H53,880.6000000000004,1539982.4,0.0005718247169578
GBR,1998,I,64217.100000000006,1539982.4,0.0416998921546116
GBR,1998,J58T60,36113.5,1539982.4,0.0234505926820981
GBR,1998,J61,18621.8,1539982.4,0.0120922161188335
GBR,1998,J62_63,20856.599999999995,1539982.4,0.0135434015349785
GBR,1998,K,109525.79999999996,1539982.4,0.0711214621673598
GBR,1998,L,230157.20000000004,1539982.4,0.1494544353234167
GBR,1998,M,37771.5,1539982.4,0.0245272283631293
GBR,1998,N,29798.599999999995,1539982.4,0.0193499614021562
GBR,1998,O,115242.4,1539982.4,0.0748335825136703
GBR,1998,P,84864.50000000001,1539982.4,0.0551074479812236
GBR,1998,Q,111851.2,1539982.4,0.0726314794246999
GBR,1998,R,26039.0,1539982.4,0.0169086347999821
GBR,1998,S,29755.7,1539982.4,0.0193221039409281
GBR,1998,T,2403.0,1539982.4,0.0015604074436175
GBR,1998,employees_compensation,0.0,1539982.4,0.0
GBR,1999,A01_02,10906.9,1569087.0,0.0069511123347526
GBR,1999,A03,548.9000000000001,1569087.0,0.0003498212654875
GBR,1999,B05_06,6670.4,1569087.0,0.0042511345769864
GBR,1999,B07_08,-848.6999999999998,1569087.0,-0.0005408877901607
GBR,1999,B09,650.9000000000001,1569087.0,0.0004148272211802
GBR,1999,C10T12,53111.3,1569087.0,0.0338485373978625
GBR,1999,C13T15,16719.300000000003,1569087.0,0.010655432107971
GBR,1999,C16,-1097.8999999999996,1569087.0,-0.0006997062623041
GBR,1999,C17_18,1906.9000000000012,1569087.0,0.001215292714808
GBR,1999,C19,5913.9,1569087.0,0.0037690070722655
GBR,1999,C20,17529.299999999996,1569087.0,0.011171655873766
GBR,1999,C21,15064.8,1569087.0,0.0096009972678379
GBR,1999,C22,5697.199999999999,1569087.0,0.0036309012820831
GBR,1999,C23,3204.4,1569087.0,0.0020422067100167
GBR,1999,C24,-116.19999999999982,1569087.0,-7.405580442639562e-05
GBR,1999,C25,11363.899999999998,1569087.0,0.0072423645087875
GBR,1999,C26,12729.399999999994,1569087.0,0.0081126158077914
GBR,1999,C27,8467.0,1569087.0,0.0053961316357856
GBR,1999,C28,20786.2,1569087.0,0.0132473215315658
GBR,1999,C29,31004.6,1569087.0,0.0197596436653926
GBR,1999,C30,17220.6,1569087.0,0.0109749172608019
GBR,1999,C31T33,22781.7,1569087.0,0.0145190802039657
GBR,1999,D,17998.600000000002,1569087.0,0.0114707470012816
GBR,1999,E,13280.9,1569087.0,0.0084640940878357
GBR,1999,F,115910.9,1569087.0,0.0738715571539373
GBR,1999,G,177079.00000000003,1569087.0,0.1128548002755742
GBR,1999,H49,15280.299999999996,1569087.0,0.009738338282071
GBR,1999,H50,5245.3,1569087.0,0.0033428994058328
GBR,1999,H51,9845.299999999996,1569087.0,0.0062745405449156
GBR,1999,H52,5763.0,1569087.0,0.0036728364966378
GBR,1999,H53,702.4000000000003,1569087.0,0.0004476488556721
GBR,1999,I,64975.2,1569087.0,0.0414095585522026
GBR,1999,J58T60,35527.7,1569087.0,0.0226422754123894
GBR,1999,J61,19005.4,1569087.0,0.0121123940227661
GBR,1999,J62_63,23619.6,1569087.0,0.0150530850105825
GBR,1999,K,116688.89999999997,1569087.0,0.0743673868944169
GBR,1999,L,234726.8,1569087.0,0.1495945094185344
GBR,1999,M,39734.2,1569087.0,0.0253231337714224
GBR,1999,N,29834.6,1569087.0,0.0190139871147998
GBR,1999,O,119833.80000000002,1569087.0,0.0763716734636129
GBR,1999,P,87648.3,1569087.0,0.0558594265327544
GBR,1999,Q,115638.39999999998,1569087.0,0.0736978892821111
GBR,1999,R,27376.5,1569087.0,0.0174474073139347
GBR,1999,S,30628.2,1569087.0,0.0195197589426207
GBR,1999,T,2528.9,1569087.0,0.0016117015818753
GBR,1999,employees_compensation,0.0,1569087.0,0.0
GBR,2000,A01_02,10431.000000000002,1547315.7,0.0067413521364773
GBR,2000,A03,514.7,1547315.7,0.0003326405852406
GBR,2000,B05_06,8505.2,1547315.7,0.0054967451050874
GBR,2000,B07_08,-507.4000000000001,1547315.7,-0.0003279227374219
GBR,2000,B09,352.30000000000007,1547315.7,0.0002276846282888
GBR,2000,C10T12,50010.00000000001,1547315.7,0.032320488960333
GBR,2000,C13T15,13955.100000000002,1547315.7,0.0090189093279412
GBR,2000,C16,-1327.9,1547315.7,-0.0008581959066271
GBR,2000,C17_18,1126.6999999999998,1547315.7,0.000728164265379
GBR,2000,C19,7159.699999999999,1547315.7,0.0046271746612536
GBR,2000,C20,16735.3,1547315.7,0.0108156984382695
GBR,2000,C21,14831.2,1547315.7,0.0095851156942309
GBR,2000,C22,4719.9,1547315.7,0.0030503794409893
GBR,2000,C23,3368.299999999999,1547315.7,0.0021768666859646
GBR,2000,C24,299.89999999999964,1547315.7,0.0001938195288783
GBR,2000,C25,10193.5,1547315.7,0.0065878605122406
GBR,2000,C26,9300.900000000009,1547315.7,0.0060109905173197
GBR,2000,C27,7116.000000000002,1547315.7,0.0045989322023941
GBR,2000,C28,19568.0,1547315.7,0.0126464172760607
GBR,2000,C29,30972.700000000004,1547315.7,0.0200170527578825
GBR,2000,C30,17193.1,1547315.7,0.0111115656617456
GBR,2000,C31T33,21985.9,1547315.7,0.0142090589528691
GBR,2000,D,18714.2,1547315.7,0.0120946229654362
GBR,2000,E,12296.700000000004,1547315.7,0.0079471177084288
GBR,2000,F,115263.3,1547315.7,0.0744924258184674
GBR,2000,G,169275.7,1547315.7,0.1093995879444641
GBR,2000,H49,15479.4,1547315.7,0.0100040347293057
GBR,2000,H50,6009.5,1547315.7,0.0038838228035817
GBR,2000,H51,9457.4,1547315.7,0.0061121334191852
GBR,2000,H52,5505.300000000001,1547315.7,0.0035579681638336
GBR,2000,H53,361.3000000000002,1547315.7,0.0002335011529967
GBR,2000,I,64688.49999999999,1547315.7,0.0418069176186863
GBR,2000,J58T60,37678.40000000001,1547315.7,0.0243508160616479
GBR,2000,J61,20404.900000000005,1547315.7,0.0131872894458448
GBR,2000,J62_63,25421.8,1547315.7,0.0164296142021954
GBR,2000,K,118095.69999999998,1547315.7,0.0763229507721016
GBR,2000,L,227928.0,1547315.7,0.1473054270696018
GBR,2000,M,39108.1,1547315.7,0.0252748033255269
GBR,2000,N,29961.700000000004,1547315.7,0.0193636631490264
GBR,2000,O,120780.4,1547315.7,0.0780580200924737
GBR,2000,P,88298.70000000001,1547315.7,0.0570657300252301
GBR,2000,Q,115064.20000000004,1547315.7,0.0743637513663178
GBR,2000,R,28067.6,1547315.7,0.0181395432102188
GBR,2000,S,30092.7,1547315.7,0.0194483258975527
GBR,2000,T,2858.1,1547315.7,0.0018471343630779
GBR,2000,employees_compensation,0.0,1547315.7,0.0
GBR,2001,A01_02,9555.399999999998,1533467.2,0.006231238594474
GBR,2001,A03,527.3,1533467.2,0.0003438612837627
GBR,2001,B05_06,8390.400000000001,1533467.2,0.0054715223123129
GBR,2001,B07_08,-426.5999999999999,1533467.2,-0.0002781931038368
GBR,2001,B09,152.09999999999997,1533467.2,9.918699271820092e-05
GBR,2001,C10T12,47480.3,1533467.2,0.0309627098642866
GBR,2001,C13T15,12449.1,1533467.2,0.0081182695006453
GBR,2001,C16,-1264.2999999999995,1533467.2,-0.0008244714983144
GBR,2001,C17_18,527.4999999999991,1533467.2,0.0003439917071587
GBR,2001,C19,6591.2999999999965,1533467.2,0.0042982986528828
GBR,2001,C20,15645.3,1533467.2,0.0102025657933863
GBR,2001,C21,15272.4,1533467.2,0.0099593913713967
GBR,2001,C22,4334.099999999999,1533467.2,0.0028263402047334
GBR,2001,C23,2920.0,1533467.2,0.0019041815827557
GBR,2001,C24,-1624.7999999999993,1533467.2,-0.001059559669747
GBR,2001,C25,9604.0,1533467.2,0.0062629314797212
GBR,2001,C26,9349.0,1533467.2,0.0060966416497203
GBR,2001,C27,7301.499999999998,1533467.2,0.0047614321323599
GBR,2001,C28,18233.9,1533467.2,0.0118906358088389
GBR,2001,C29,28738.200000000004,1533467.2,0.0187406682060105
GBR,2001,C30,15871.799999999996,1533467.2,0.010350270289446
GBR,2001,C31T33,20721.9,1533467.2,0.0135131028560636
GBR,2001,D,16959.9,1533467.2,0.0110598387758147
GBR,2001,E,12370.2,1533467.2,0.0080668174708921
GBR,2001,F,116348.1,1533467.2,0.0758725716467884
GBR,2001,G,173341.19999999998,1533467.2,0.1130387399221841
GBR,2001,H49,14787.599999999997,1533467.2,0.0096432450593009
GBR,2001,H50,6163.799999999999,1533467.2,0.0040195186437636
GBR,2001,H51,10141.000000000002,1533467.2,0.0066131182981937
GBR,2001,H52,5501.4,1533467.2,0.0035875563559494
GBR,2001,H53,717.3999999999996,1533467.2,0.0004678287217359
GBR,2001,I,64597.8,1533467.2,0.0421253222762117
GBR,2001,J58T60,35919.1,1533467.2,0.0234234550305347
GBR,2001,J61,18407.800000000003,1533467.2,0.0120040389517297
GBR,2001,J62_63,25803.8,1533467.2,0.0168270961387371
GBR,2001,K,111440.1,1533467.2,0.0726719815070058
GBR,2001,L,226828.5,1533467.2,0.1479187164877083
GBR,2001,M,39086.0,1533467.2,0.0254886442957501
GBR,2001,N,30652.899999999998,1533467.2,0.0199892765883743
GBR,2001,O,122520.5,1533467.2,0.0798976984965834
GBR,2001,P,91907.4,1533467.2,0.0599343761640288
GBR,2001,Q,119962.89999999998,1533467.2,0.0782298441075231
GBR,2001,R,28130.2,1533467.2,0.0183441810819298
GBR,2001,S,28728.4,1533467.2,0.0187342774596026
GBR,2001,T,2801.4,1533467.2,0.0018268405088807
GBR,2001,employees_compensation,0.0,1533467.2,0.0
GBR,2002,A01_02,11977.1,1661226.5,0.0072097934869206
GBR,2002,A03,568.2,1661226.5,0.0003420364411475
GBR,2002,B05_06,7953.799999999999,1661226.5,0.0047879082111921
GBR,2002,B07_08,980.2000000000004,1661226.5,0.0005900459690475
GBR,2002,B09,268.6,1661226.5,0.0001616877650338
GBR,2002,C10T12,50663.9,1661226.5,0.0304978881567323
GBR,2002,C13T15,12362.9,1661226.5,0.0074420315351338
GBR,2002,C16,-1245.3000000000006,1661226.5,-0.000749626857024
GBR,2002,C17_18,1203.1000000000004,1661226.5,0.0007242239393604
GBR,2002,C19,6134.200000000003,1661226.5,0.0036925729272919
GBR,2002,C20,16611.7,1661226.5,0.0099996598898464
GBR,2002,C21,17070.8,1661226.5,0.0102760219632903
GBR,2002,C22,4471.199999999999,1661226.5,0.0026915053425887
GBR,2002,C23,2706.4000000000005,1661226.5,0.0016291577337587
GBR,2002,C24,-2352.2,1661226.5,-0.0014159417755495
GBR,2002,C25,9453.6,1661226.5,0.005690735128533
GBR,2002,C26,9470.1,1661226.5,0.0057006675489465
GBR,2002,C27,7472.500000000002,1661226.5,0.0044981825175555
GBR,2002,C28,17644.3,1661226.5,0.0106212488182677
GBR,2002,C29,29061.80000000001,1661226.5,0.0174941827619533
GBR,2002,C30,14884.899999999994,1661226.5,0.0089601869462111
GBR,2002,C31T33,22288.000000000004,1661226.5,0.0134165931015427
GBR,2002,D,18386.3,1661226.5,0.0110679067544371
GBR,2002,E,14154.399999999998,1661226.5,0.0085204516060874
GBR,2002,F,128273.3,1661226.5,0.0772160208135374
GBR,2002,G,186376.8,1661226.5,0.1121922868434858
GBR,2002,H49,15193.3,1661226.5,0.009145832913212
GBR,2002,H50,6669.6,1661226.5,0.0040148649205872
GBR,2002,H51,9426.800000000005,1661226.5,0.005674602469922
GBR,2002,H52,5808.600000000001,1661226.5,0.0034965731644661
GBR,2002,H53,302.4000000000003,1661226.5,0.0001820341777596
GBR,2002,I,72176.5,1661226.5,0.0434477176953293
GBR,2002,J58T60,39728.09999999999,1661226.5,0.0239149206926328
GBR,2002,J61,20454.6,1661226.5,0.0123129507023876
GBR,2002,J62_63,27963.300000000003,1661226.5,0.0168329243483655
GBR,2002,K,111839.6,1661226.5,0.0673235106711818
GBR,2002,L,244389.7,1661226.5,0.1471140148558911
GBR,2002,M,44480.7,1661226.5,0.0267758189506367
GBR,2002,N,32117.5,1661226.5,0.0193336068260408
GBR,2002,O,136885.2,1661226.5,0.0824000821080087
GBR,2002,P,103937.30000000002,1661226.5,0.0625666036509771
GBR,2002,Q,136109.6,1661226.5,0.0819331981520882
GBR,2002,R,33169.1,1661226.5,0.0199666330870594
GBR,2002,S,31205.6,1661226.5,0.0187846750578563
GBR,2002,T,2528.4,1661226.5,0.0015220079862679
GBR,2002,employees_compensation,0.0,1661226.5,0.0
GBR,2003,A01_02,13735.1,1913346.3,0.0071785750441517
GBR,2003,A03,649.0999999999999,1913346.3,0.0003392485719913
GBR,2003,B05_06,6280.200000000001,1913346.3,0.0032823122505319
GBR,2003,B07_08,1084.1000000000004,1913346.3,0.0005665989476134
GBR,2003,B09,355.2999999999999,1913346.3,0.0001856956056517
GBR,2003,C10T12,57088.50000000001,1913346.3,0.0298369929165462
GBR,2003,C13T15,12083.499999999996,1913346.3,0.0063153753191463
GBR,2003,C16,-1318.0999999999997,1913346.3,-0.0006888977703617
GBR,2003,C17_18,1375.699999999999,1913346.3,0.0007190020959614
GBR,2003,C19,8385.000000000002,1913346.3,0.0043823744818175
GBR,2003,C20,17977.5,1913346.3,0.0093958422476892
GBR,2003,C21,18110.0,1913346.3,0.0094650926494592
GBR,2003,C22,5091.599999999999,1913346.3,0.0026610969483151
GBR,2003,C23,2884.8,1913346.3,0.0015077249737802
GBR,2003,C24,-2775.9000000000005,1913346.3,-0.0014508089831934
GBR,2003,C25,9678.2,1913346.3,0.005058258403092
GBR,2003,C26,6040.200000000004,1913346.3,0.0031568775605336
GBR,2003,C27,7371.5,1913346.3,0.0038526742388453
GBR,2003,C28,18540.6,1913346.3,0.0096901433890979
GBR,2003,C29,32214.300000000003,1913346.3,0.0168366280583917
GBR,2003,C30,18498.800000000003,1913346.3,0.0096682968472565
GBR,2003,C31T33,23505.900000000005,1913346.3,0.0122852303318014
GBR,2003,D,20456.8,1913346.3,0.0106916348598264
GBR,2003,E,17534.8,1913346.3,0.0091644675090964
GBR,2003,F,152223.3,1913346.3,0.0795586768584442
GBR,2003,G,212972.4,1913346.3,0.1113088623841904
GBR,2003,H49,16604.100000000002,1913346.3,0.0086780422341737
GBR,2003,H50,8853.8,1913346.3,0.0046273902429476
GBR,2003,H51,10594.500000000002,1913346.3,0.0055371575966148
GBR,2003,H52,6251.900000000001,1913346.3,0.0032675214100029
GBR,2003,H53,779.2000000000003,1913346.3,0.0004072446268613
GBR,2003,I,83485.19999999998,1913346.3,0.0436330840893778
GBR,2003,J58T60,46071.5,1913346.3,0.02407901800108
GBR,2003,J61,23596.7,1913346.3,0.0123326864561841
GBR,2003,J62_63,34208.5,1913346.3,0.0178788858033697
GBR,2003,K,134161.30000000002,1913346.3,0.0701186711469847
GBR,2003,L,274404.99999999994,1913346.3,0.143416275454161
GBR,2003,M,54586.99999999999,1913346.3,0.0285295975955842
GBR,2003,N,35375.100000000006,1913346.3,0.01848860292567
GBR,2003,O,164607.40000000002,1913346.3,0.0860311591268136
GBR,2003,P,120536.7,1913346.3,0.0629978483246864
GBR,2003,Q,161525.50000000003,1913346.3,0.0844204209138722
GBR,2003,R,40112.9,1913346.3,0.0209647882351459
GBR,2003,S,35146.7,1913346.3,0.0183692309123549
GBR,2003,T,2400.1,1913346.3,0.0012543991644377
GBR,2003,employees_compensation,0.0,1913346.3,0.0
GBR,2004,A01_02,15688.100000000002,2255352.8,0.0069559405517398
GBR,2004,A03,699.5999999999999,2255352.8,0.0003101953716509
GBR,2004,B05_06,1645.800000000003,2255352.8,0.0007297306213023
GBR,2004,B07_08,197.29999999999973,2255352.8,8.748077019258351e-05
GBR,2004,B09,466.2999999999999,2255352.8,0.0002067525754728
GBR,2004,C10T12,65189.9,2255352.8,0.0289045243830588
GBR,2004,C13T15,12485.499999999996,2255352.8,0.0055359409844881
GBR,2004,C16,-1628.0,2255352.8,-0.0007218382862317
GBR,2004,C17_18,1740.0999999999983,2255352.8,0.000771542261592
GBR,2004,C19,10886.099999999997,2255352.8,0.0048267836411225
GBR,2004,C20,17943.199999999993,2255352.8,0.0079558284628462
GBR,2004,C21,21660.3,2255352.8,0.0096039519848069
GBR,2004,C22,5518.0,2255352.8,0.0024466238718838
GBR,2004,C23,3008.2000000000007,2255352.8,0.0013338046269302
GBR,2004,C24,-1766.5,2255352.8,-0.0007832477473147
GBR,2004,C25,10270.300000000005,2255352.8,0.0045537443188489
GBR,2004,C26,4818.0,2255352.8,0.0021362511443885
GBR,2004,C27,7980.9,2255352.8,0.0035386481440952
GBR,2004,C28,18687.5,2255352.8,0.0082858433500958
GBR,2004,C29,36818.49999999999,2255352.8,0.0163249403818329
GBR,2004,C30,21395.2,2255352.8,0.0094864093990084
GBR,2004,C31T33,26069.400000000005,2255352.8,0.0115589011173772
GBR,2004,D,27409.7,2255352.8,0.0121531762126085
GBR,2004,E,19866.6,2255352.8,0.008808644040081
GBR,2004,F,183019.99999999997,2255352.8,0.0811491665516809
GBR,2004,G,241952.9,2255352.8,0.1072794021405431
GBR,2004,H49,20031.5,2255352.8,0.0088817589868866
GBR,2004,H50,11834.499999999996,2255352.8,0.0052472943479175
GBR,2004,H51,12171.799999999994,2255352.8,0.0053968496636091
GBR,2004,H52,7470.800000000001,2255352.8,0.0033124751036733
GBR,2004,H53,568.4000000000001,2255352.8,0.0002520226547261
GBR,2004,I,99824.9,2255352.8,0.044261323549912
GBR,2004,J58T60,54132.50000000001,2255352.8,0.024001788101622
GBR,2004,J61,29083.1,2255352.8,0.0128951443871663
GBR,2004,J62_63,37552.5,2255352.8,0.0166503883560922
GBR,2004,K,169719.69999999995,2255352.8,0.0752519517123884
GBR,2004,L,318741.19999999995,2255352.8,0.1413265365844314
GBR,2004,M,67824.9,2255352.8,0.030072856007273
GBR,2004,N,41303.99999999999,2255352.8,0.0183137644806612
GBR,2004,O,197383.60000000003,2255352.8,0.0875178375640387
GBR,2004,P,144429.4,2255352.8,0.0640384954407133
GBR,2004,Q,199465.2,2255352.8,0.0884407973776874
GBR,2004,R,47159.4,2255352.8,0.0209099880071978
GBR,2004,S,41677.400000000016,2255352.8,0.0184793261612994
GBR,2004,T,2955.1,2255352.8,0.0013102606386016
GBR,2004,employees_compensation,0.0,2255352.8,0.0
GBR,2005,A01_02,13057.999999999996,2371092.0,0.0055071671617971
GBR,2005,A03,656.9,2371092.0,0.0002770453445079
GBR,2005,B05_06,-3984.7999999999993,2371092.0,-0.0016805758696836
GBR,2005,B07_08,-643.9000000000001,2371092.0,-0.0002715626386491
GBR,2005,B09,617.7,2371092.0,0.0002605128776108
GBR,2005,C10T12,65483.10000000002,2371092.0,0.0276172750783183
GBR,2005,C13T15,11327.399999999998,2371092.0,0.0047772924880181
GBR,2005,C16,-1707.9,2371092.0,-0.0007203010258564
GBR,2005,C17_18,1370.4000000000017,2371092.0,0.0005779615468315
GBR,2005,C19,13116.5,2371092.0,0.0055318393381614
GBR,2005,C20,18488.200000000004,2371092.0,0.0077973355736512
GBR,2005,C21,21346.7,2371092.0,0.0090028982426662
GBR,2005,C22,5940.0,2371092.0,0.0025051748308374
GBR,2005,C23,3111.3,2371092.0,0.0013121802106371
GBR,2005,C24,-1027.2000000000007,2371092.0,-0.0004332181121609
GBR,2005,C25,12140.9,2371092.0,0.0051203833507936
GBR,2005,C26,2174.199999999997,2371092.0,0.0009169614675432
GBR,2005,C27,8648.7,2371092.0,0.0036475598584955
GBR,2005,C28,18051.9,2371092.0,0.0076133275301
GBR,2005,C29,37966.7,2371092.0,0.0160123268097568
GBR,2005,C30,23471.1,2371092.0,0.0098988567293044
GBR,2005,C31T33,26012.0,2371092.0,0.0109704726767244
GBR,2005,D,28782.8,2371092.0,0.0121390481685231
GBR,2005,E,21894.8,2371092.0,0.0092340575566026
GBR,2005,F,198836.4,2371092.0,0.0838585765546001
GBR,2005,G,243731.4,2371092.0,0.1027928903644396
GBR,2005,H49,22705.3,2371092.0,0.0095758831795645
GBR,2005,H50,12576.2,2371092.0,0.0053039696477403
GBR,2005,H51,13219.1,2371092.0,0.005575110539785
GBR,2005,H52,8175.500000000001,2371092.0,0.0034479893652376
GBR,2005,H53,406.0999999999999,2371092.0,0.0001712712960947
GBR,2005,I,102768.5,2371092.0,0.043342265926417
GBR,2005,J58T60,55725.4,2371092.0,0.0235019982354122
GBR,2005,J61,30095.8,2371092.0,0.0126928014602554
GBR,2005,J62_63,38706.4,2371092.0,0.0163242927731188
GBR,2005,K,202854.0000000001,2371092.0,0.085552985712912
GBR,2005,L,330970.0,2371092.0,0.1395854736973512
GBR,2005,M,70985.0,2371092.0,0.0299376827217164
GBR,2005,N,41332.7,2371092.0,0.0174319258805647
GBR,2005,O,206335.4,2371092.0,0.0870212543418812
GBR,2005,P,152947.89999999997,2371092.0,0.0645052574931719
GBR,2005,Q,215307.0,2371092.0,0.0908049961789757
GBR,2005,R,49803.30000000001,2371092.0,0.0210043726687956
GBR,2005,S,43749.600000000006,2371092.0,0.0184512452490245
GBR,2005,T,3565.5,2371092.0,0.0015037375184092
GBR,2005,employees_compensation,0.0,2371092.0,0.0
GBR,2006,A01_02,14435.399999999998,2528661.0,0.005708713030335
GBR,2006,A03,669.8,2528661.0,0.000264883272214
GBR,2006,B05_06,-7930.5,2528661.0,-0.0031362448347168
GBR,2006,B07_08,-873.9000000000001,2528661.0,-0.0003455979271242
GBR,2006,B09,637.3000000000001,2528661.0,0.0002520306201582
GBR,2006,C10T12,67854.3,2528661.0,0.026834083335014
GBR,2006,C13T15,10822.6,2528661.0,0.0042799726811937
GBR,2006,C16,-1997.5000000000005,2528661.0,-0.0007899437686585
GBR,2006,C17_18,1068.699999999999,2528661.0,0.0004226347462154
GBR,2006,C19,14991.100000000002,2528661.0,0.0059284736071778
GBR,2006,C20,22240.1,2528661.0,0.0087952082149406
GBR,2006,C21,24933.7,2528661.0,0.009860436017323
GBR,2006,C22,5407.799999999999,2528661.0,0.002138602208837
GBR,2006,C23,3491.7,2528661.0,0.0013808493902504
GBR,2006,C24,-7108.799999999999,2528661.0,-0.0028112902441252
GBR,2006,C25,13602.600000000002,2528661.0,0.0053793687647335
GBR,2006,C26,3465.0000000000077,2528661.0,0.0013702904422538
GBR,2006,C27,8886.000000000002,2528661.0,0.0035141128051565
GBR,2006,C28,19210.6,2528661.0,0.0075971433102341
GBR,2006,C29,38119.99999999999,2528661.0,0.0150751721958775
GBR,2006,C30,26496.0,2528661.0,0.0104782728882993
GBR,2006,C31T33,27200.9,2528661.0,0.0107570370247336
GBR,2006,D,37035.5,2528661.0,0.0146462890834319
GBR,2006,E,23822.0,2528661.0,0.0094207962237721
GBR,2006,F,211125.9,2528661.0,0.0834931610049745
GBR,2006,G,257848.59999999992,2528661.0,0.101970410426704
GBR,2006,H49,23757.1,2528661.0,0.0093951304662823
GBR,2006,H50,11469.8,2528661.0,0.0045359184169012
GBR,2006,H51,14334.5,2528661.0,0.0056688104890295
GBR,2006,H52,7700.8,2528661.0,0.0030454062446488
GBR,2006,H53,517.6999999999998,2528661.0,0.000204732860593
GBR,2006,I,106377.8,2528661.0,0.0420688261494917
GBR,2006,J58T60,54441.5,2528661.0,0.0215297740582861
GBR,2006,J61,32199.700000000004,2528661.0,0.0127338935507764
GBR,2006,J62_63,40564.3,2528661.0,0.0160418102703367
GBR,2006,K,222704.8,2528661.0,0.0880722247861615
GBR,2006,L,352030.9,2528661.0,0.1392163283255446
GBR,2006,M,78215.79999999999,2528661.0,0.0309317065435026
GBR,2006,N,45591.1,2528661.0,0.0180297398504584
GBR,2006,O,220249.7,2528661.0,0.0871013156765576
GBR,2006,P,166282.69999999998,2528661.0,0.0657591903382857
GBR,2006,Q,233711.3,2528661.0,0.09242492370468
GBR,2006,R,53494.40000000001,2528661.0,0.0211552280040701
GBR,2006,S,46099.4,2528661.0,0.0182307553286106
GBR,2006,T,3462.8,2528661.0,0.0013694204165762
GBR,2006,employees_compensation,0.0,2528661.0,0.0
GBR,2007,A01_02,17244.900000000005,2884749.8,0.0059779534433107
GBR,2007,A03,701.3,2884749.8,0.0002431060052417
GBR,2007,B05_06,-7393.9000000000015,2884749.8,-0.0025630992330773
GBR,2007,B07_08,-2101.9,2884749.8,-0.0007286247146979
GBR,2007,B09,673.4000000000001,2884749.8,0.0002334344559101
GBR,2007,C10T12,76466.7,2884749.8,0.026507220834195
GBR,2007,C13T15,12497.600000000002,2884749.8,0.0043322994597313
GBR,2007,C16,-2702.6,2884749.8,-0.0009368576782638
GBR,2007,C17_18,2156.4,2884749.8,0.0007475171676933
GBR,2007,C19,15737.19999999999,2884749.8,0.0054553084638397
GBR,2007,C20,24261.6,2884749.8,0.008410296102629
GBR,2007,C21,25707.9,2884749.8,0.0089116567405603
GBR,2007,C22,5793.500000000002,2884749.8,0.0020083197509884
GBR,2007,C23,3655.499999999998,2884749.8,0.0012671809527467
GBR,2007,C24,-6616.700000000001,2884749.8,-0.0022936824538474
GBR,2007,C25,13780.999999999998,2884749.8,0.0047771907289845
GBR,2007,C26,1873.8999999999944,2884749.8,0.0006495883975795
GBR,2007,C27,9269.1,2884749.8,0.0032131382763246
GBR,2007,C28,21473.700000000004,2884749.8,0.0074438691355486
GBR,2007,C29,40415.1,2884749.8,0.0140099151753126
GBR,2007,C30,26656.100000000013,2884749.8,0.0092403507576289
GBR,2007,C31T33,31192.500000000004,2884749.8,0.0108128961478739
GBR,2007,D,41871.50000000001,2884749.8,0.0145147769834319
GBR,2007,E,27364.7,2884749.8,0.0094859873116205
GBR,2007,F,251911.1,2884749.8,0.087325112215971
GBR,2007,G,294021.6,2884749.8,0.1019227386721718
GBR,2007,H49,29513.299999999992,2884749.8,0.0102308006053072
GBR,2007,H50,13653.4,2884749.8,0.0047329581234393
GBR,2007,H51,16500.8,2884749.8,0.0057200107960835
GBR,2007,H52,9460.8,2884749.8,0.0032795911797965
GBR,2007,H53,723.7999999999993,2884749.8,0.0002509056417995
GBR,2007,I,120291.10000000002,2884749.8,0.0416989716057871
GBR,2007,J58T60,62768.29999999999,2884749.8,0.0217586634376402
GBR,2007,J61,36902.99999999999,2884749.8,0.0127924439062271
GBR,2007,J62_63,48206.29999999999,2884749.8,0.0167107386574738
GBR,2007,K,250628.5,2884749.8,0.0868804982671287
GBR,2007,L,403679.4,2884749.8,0.1399356713708759
GBR,2007,M,90187.1,2884749.8,0.0312634045420507
GBR,2007,N,51442.29999999998,2884749.8,0.017832499719733
GBR,2007,O,246649.1,2884749.8,0.0855010372130019
GBR,2007,P,193263.2,2884749.8,0.066994787554886
GBR,2007,Q,269917.99999999994,2884749.8,0.0935672133507037
GBR,2007,R,59431.40000000001,2884749.8,0.020601925338551
GBR,2007,S,52287.3,2884749.8,0.0181254194037902
GBR,2007,T,3331.5,2884749.8,0.0011548661863153
GBR,2007,employees_compensation,0.0,2884749.8,0.0
GBR,2008,A01_02,17891.0,2744230.3000000003,0.0065194965597457
GBR,2008,A03,619.9000000000002,2744230.3000000003,0.0002258921199142
GBR,2008,B05_06,-15465.700000000004,2744230.3000000003,-0.0056357150491341
GBR,2008,B07_08,-1378.6,2744230.3000000003,-0.0005023630851973
GBR,2008,B09,1209.8000000000002,2744230.3000000003,0.0004408522127315
GBR,2008,C10T12,72254.10000000002,2744230.3000000003,0.0263294593023041
GBR,2008,C13T15,9770.299999999996,2744230.3000000003,0.0035603061448596
GBR,2008,C16,-2113.0,2744230.3000000003,-0.0007699791085318
GBR,2008,C17_18,1609.2000000000007,2744230.3000000003,0.0005863939334829
GBR,2008,C19,23272.300000000003,2744230.3000000003,0.0084804471403147
GBR,2008,C20,21194.9,2744230.3000000003,0.007723440703938
GBR,2008,C21,26309.0,2744230.3000000003,0.009587023363163
GBR,2008,C22,4008.5,2744230.3000000003,0.0014607010206104
GBR,2008,C23,2845.5,2744230.3000000003,0.0010369027701501
GBR,2008,C24,-4834.799999999999,2744230.3000000003,-0.001761805486952
GBR,2008,C25,11553.9,2744230.3000000003,0.0042102515958664
GBR,2008,C26,1231.7000000000044,2744230.3000000003,0.0004488325925123
GBR,2008,C27,7236.9,2744230.3000000003,0.0026371328966085
GBR,2008,C28,19141.1,2744230.3000000003,0.0069750341288775
GBR,2008,C29,37753.79999999999,2744230.3000000003,0.0137575188204867
GBR,2008,C30,26287.7,2744230.3000000003,0.0095792616239242
GBR,2008,C31T33,26406.499999999996,2744230.3000000003,0.0096225524512283
GBR,2008,D,43077.49999999999,2744230.3000000003,0.0156974799090294
GBR,2008,E,26320.10000000001,2744230.3000000003,0.0095910682131889
GBR,2008,F,229989.10000000003,2744230.3000000003,0.0838082357737978
GBR,2008,G,268721.3999999999,2744230.3000000003,0.0979223208780982
GBR,2008,H49,28150.5,2744230.3000000003,0.010258067626467
GBR,2008,H50,14858.3,2744230.3000000003,0.0054143779405103
GBR,2008,H51,17289.799999999996,2744230.3000000003,0.0063004187367219
GBR,2008,H52,10341.9,2744230.3000000003,0.0037685977011477
GBR,2008,H53,545.6999999999998,2744230.3000000003,0.0001988535728943
GBR,2008,I,110261.70000000004,2744230.3000000003,0.0401794630720315
GBR,2008,J58T60,58125.1,2744230.3000000003,0.0211808389405218
GBR,2008,J61,34403.4,2744230.3000000003,0.0125366300342941
GBR,2008,J62_63,44192.7,2744230.3000000003,0.0161038597963152
GBR,2008,K,232303.50000000003,2744230.3000000003,0.0846516052242408
GBR,2008,L,397478.0,2744230.3000000003,0.1448413422153381
GBR,2008,M,88873.09999999999,2744230.3000000003,0.0323854379131372
GBR,2008,N,47141.600000000006,2744230.3000000003,0.0171784416198596
GBR,2008,O,240895.10000000003,2744230.3000000003,0.0877823920244594
GBR,2008,P,189236.00000000003,2744230.3000000003,0.0689577693242436
GBR,2008,Q,267199.60000000003,2744230.3000000003,0.0973677755835579
GBR,2008,R,55549.3,2744230.3000000003,0.0202422150939737
GBR,2008,S,49154.7,2744230.3000000003,0.0179120170781584
GBR,2008,T,3318.2,2744230.3000000003,0.0012091550771085
GBR,2008,employees_compensation,0.0,2744230.3000000003,0.0
GBR,2009,A01_02,15287.4,2270967.7,0.0067316677379427
GBR,2009,A03,557.5,2270967.7,0.0002454900613513
GBR,2009,B05_06,-13259.3,2270967.7,-0.0058386123237243
GBR,2009,B07_08,-878.5999999999999,2270967.7,-0.0003868835298714
GBR,2009,B09,1192.2,2270967.7,0.0005249744415123
GBR,2009,C10T12,63276.29999999998,2270967.7,0.0278631439804273
GBR,2009,C13T15,7991.299999999999,2270967.7,0.0035188963717978
GBR,2009,C16,-1595.5,2270967.7,-0.000702563933428
GBR,2009,C17_18,546.5000000000009,2270967.7,0.0002406463112619
GBR,2009,C19,14983.4,2270967.7,0.0065978040991071
GBR,2009,C20,19508.1,2270967.7,0.0085902146472624
GBR,2009,C21,22440.700000000004,2270967.7,0.0098815584211083
GBR,2009,C22,2731.0999999999985,2270967.7,0.0012026150790255
GBR,2009,C23,1759.2999999999993,2270967.7,0.000774691775669
GBR,2009,C24,-9990.0,2270967.7,-0.0043990057630498
GBR,2009,C25,7398.200000000001,2270967.7,0.0032577301737933
GBR,2009,C26,-2267.900000000001,2270967.7,-0.0009986491661682
GBR,2009,C27,5555.199999999999,2270967.7,0.0024461818633527
GBR,2009,C28,10734.600000000002,2270967.7,0.0047268836100134
GBR,2009,C29,26710.600000000013,2270967.7,0.0117617701035554
GBR,2009,C30,20910.099999999995,2270967.7,0.009207572613208
GBR,2009,C31T33,19557.9,2270967.7,0.0086121436249401
GBR,2009,D,39538.8,2270967.7,0.0174105514578652
GBR,2009,E,22714.4,2270967.7,0.010002079730152
GBR,2009,F,169505.4,2270967.7,0.0746401633101166
GBR,2009,G,220585.8,2270967.7,0.0971329534981937
GBR,2009,H49,21542.800000000007,2270967.7,0.0094861763115345
GBR,2009,H50,11306.4,2270967.7,0.0049786705464811
GBR,2009,H51,12724.1,2270967.7,0.005602941864827
GBR,2009,H52,8394.900000000001,2270967.7,0.0036966179659886
GBR,2009,H53,565.0,2270967.7,0.0002487926182305
GBR,2009,I,90709.5,2270967.7,0.0399431044307675
GBR,2009,J58T60,48112.9,2270967.7,0.0211860785162202
GBR,2009,J61,28446.6,2270967.7,0.0125262019358531
GBR,2009,J62_63,35143.4,2270967.7,0.0154750769903068
GBR,2009,K,184653.0,2270967.7,0.0813102713878317
GBR,2009,L,330758.30000000005,2270967.7,0.145646413200857
GBR,2009,M,76882.29999999999,2270967.7,0.0338544225001526
GBR,2009,N,38153.2,2270967.7,0.0168004150829622
GBR,2009,O,208493.8,2270967.7,0.0918083511271428
GBR,2009,P,169850.90000000002,2270967.7,0.0747923010970169
GBR,2009,Q,244387.7,2270967.7,0.1076139039758249
GBR,2009,R,46154.99999999999,2270967.7,0.0203239350343908
GBR,2009,S,46672.3,2270967.7,0.0205517233908698
GBR,2009,T,2522.1,2270967.7,0.0011105838273261
GBR,2009,employees_compensation,0.0,2270967.7,0.0
GBR,2010,A01_02,15179.8,2328516.1,0.0065190874136537
GBR,2010,A03,769.6999999999999,2328516.1,0.0003305538664731
GBR,2010,B05_06,-15328.9,2328516.1,-0.0065831196099524
GBR,2010,B07_08,-1703.2000000000005,2328516.1,-0.0007314529626829
GBR,2010,B09,1012.3,2328516.1,0.0004347403911014
GBR,2010,C10T12,67311.5,2328516.1,0.0289074660037781
GBR,2010,C13T15,9221.199999999995,2328516.1,0.0039601186352114
GBR,2010,C16,-1591.9999999999995,2328516.1,-0.0006836972267445
GBR,2010,C17_18,802.2999999999993,2328516.1,0.0003445541991313
GBR,2010,C19,21574.3,2328516.1,0.0092652569591423
GBR,2010,C20,20695.0,2328516.1,0.0088876344896219
GBR,2010,C21,23911.6,2328516.1,0.0102690292757692
GBR,2010,C22,2579.0,2328516.1,0.0011075723290038
GBR,2010,C23,2576.9,2328516.1,0.0011066704670841
GBR,2010,C24,-10647.8,2328516.1,-0.0045727834993281
GBR,2010,C25,9014.8,2328516.1,0.0038714784922466
GBR,2010,C26,879.9000000000015,2328516.1,0.0003778801443545
GBR,2010,C27,5955.300000000001,2328516.1,0.0025575515668541
GBR,2010,C28,15124.9,2328516.1,0.0064955101663243
GBR,2010,C29,31849.300000000003,2328516.1,0.0136779384948208
GBR,2010,C30,23158.200000000004,2328516.1,0.0099454755756251
GBR,2010,C31T33,19983.5,2328516.1,0.0085820750820662
GBR,2010,D,40189.9,2328516.1,0.0172598763650378
GBR,2010,E,24146.4,2328516.1,0.0103698660275529
GBR,2010,F,160196.90000000002,2328516.1,0.0687978494114771
GBR,2010,G,230427.90000000005,2328516.1,0.0989591182126677
GBR,2010,H49,23508.9,2328516.1,0.0100960865162151
GBR,2010,H50,12312.8,2328516.1,0.0052878311642337
GBR,2010,H51,13228.200000000004,2328516.1,0.0056809570696118
GBR,2010,H52,9564.8,2328516.1,0.0041076804235968
GBR,2010,H53,277.5999999999999,2328516.1,0.0001192175566232
GBR,2010,I,93050.30000000002,2328516.1,0.0399612010412983
GBR,2010,J58T60,50744.1,2328516.1,0.0217924625902307
GBR,2010,J61,30073.8,2328516.1,0.0129154357146167
GBR,2010,J62_63,37225.3,2328516.1,0.0159867050092546
GBR,2010,K,178571.59999999998,2328516.1,0.0766890123714411
GBR,2010,L,335393.1,2328516.1,0.1440372690573193
GBR,2010,M,79871.29999999999,2328516.1,0.0343013733080909
GBR,2010,N,37360.8,2328516.1,0.0160448965759781
GBR,2010,O,207382.2,2328516.1,0.089061956668455
GBR,2010,P,173226.30000000002,2328516.1,0.0743934302193573
GBR,2010,Q,251307.3,2328516.1,0.1079259447680005
GBR,2010,R,46754.8,2328516.1,0.0200792255634393
GBR,2010,S,48036.6,2328516.1,0.0206297049009023
GBR,2010,T,3337.6,2328516.1,0.0014333592110443
GBR,2010,employees_compensation,0.0,2328516.1,0.0
GBR,2011,A01_02,18323.6,2469881.8000000003,0.0074188165603714
GBR,2011,A03,933.7,2469881.8000000003,0.0003780342848795
GBR,2011,B05_06,-33758.5,2469881.8000000003,-0.0136680629817993
GBR,2011,B07_08,-1636.9000000000003,2469881.8000000003,-0.0006627442657377
GBR,2011,B09,1226.2,2469881.8000000003,0.0004964610047331
GBR,2011,C10T12,70749.3,2469881.8000000003,0.0286448120715736
GBR,2011,C13T15,9270.0,2469881.8000000003,0.0037532160445896
GBR,2011,C16,-1673.2000000000005,2469881.8000000003,-0.0006774413253298
GBR,2011,C17_18,317.1000000000004,2469881.8000000003,0.0001283867106514
GBR,2011,C19,28531.6,2469881.8000000003,0.0115518078638419
GBR,2011,C20,20863.0,2469881.8000000003,0.0084469629275376
GBR,2011,C21,24369.9,2469881.8000000003,0.0098668284449887
GBR,2011,C22,2704.2000000000007,2469881.8000000003,0.0010948702079589
GBR,2011,C23,2456.0999999999985,2469881.8000000003,0.0009944200568626
GBR,2011,C24,-11362.2,2469881.8000000003,-0.0046003011156242
GBR,2011,C25,9951.399999999996,2469881.8000000003,0.0040290996921391
GBR,2011,C26,819.2000000000044,2469881.8000000003,0.0003316757911249
GBR,2011,C27,7403.699999999997,2469881.8000000003,0.0029975928402727
GBR,2011,C28,18603.1,2469881.8000000003,0.0075319798704537
GBR,2011,C29,35196.8,2469881.8000000003,0.0142503985413391
GBR,2011,C30,25201.2,2469881.8000000003,0.0102034032559776
GBR,2011,C31T33,20406.199999999997,2469881.8000000003,0.0082620148057287
GBR,2011,D,37409.69999999999,2469881.8000000003,0.0151463523477115
GBR,2011,E,25308.1,2469881.8000000003,0.0102466846794044
GBR,2011,F,180625.3,2469881.8000000003,0.073131151458341
GBR,2011,G,238860.2,2469881.8000000003,0.096709162357486
GBR,2011,H49,26231.9,2469881.8000000003,0.0106207106753043
GBR,2011,H50,14572.6,2469881.8000000003,0.0059001204025229
GBR,2011,H51,15861.600000000002,2469881.8000000003,0.0064220077252279
GBR,2011,H52,10539.4,2469881.8000000003,0.0042671677648703
GBR,2011,H53,147.69999999999936,2469881.8000000003,5.980043255511229e-05
GBR,2011,I,100686.6,2469881.8000000003,0.0407657564827596
GBR,2011,J58T60,53513.9,2469881.8000000003,0.0216665833968249
GBR,2011,J61,31583.7,2469881.8000000003,0.0127875350148335
GBR,2011,J62_63,39189.3,2469881.8000000003,0.0158668726576308
GBR,2011,K,199924.8,2469881.8000000003,0.0809450881414649
GBR,2011,L,354922.9,2469881.8000000003,0.1437003584544005
GBR,2011,M,86170.20000000001,2469881.8000000003,0.0348883902055555
GBR,2011,N,40731.0,2469881.8000000003,0.0164910725687358
GBR,2011,O,213738.20000000004,2469881.8000000003,0.0865378254133457
GBR,2011,P,180376.1,2469881.8000000003,0.0730302559418025
GBR,2011,Q,268883.2,2469881.8000000003,0.1088648047853949
GBR,2011,R,50362.600000000006,2469881.8000000003,0.0203906923805017
GBR,2011,S,47896.2,2469881.8000000003,0.0193921020835895
GBR,2011,T,3451.1,2469881.8000000003,0.001397273343202
GBR,2011,employees_compensation,0.0,2469881.8000000003,0.0
GBR,2012,A01_02,17013.3,2508904.9,0.0067811657588137
GBR,2012,A03,906.4,2508904.9,0.0003612731594569
GBR,2012,B05_06,-38134.3,2508904.9,-0.0151995797050737
GBR,2012,B07_08,-831.7000000000003,2508904.9,-0.000331499213063
GBR,2012,B09,1648.1,2508904.9,0.000656900147949
GBR,2012,C10T12,71481.6,2508904.9,0.0284911556432449
GBR,2012,C13T15,9775.3,2508904.9,0.0038962417427619
GBR,2012,C16,-1642.6000000000004,2508904.9,-0.0006547079564474
GBR,2012,C17_18,569.9999999999982,2508904.9,0.0002271907556161
GBR,2012,C19,26650.59999999999,2508904.9,0.0106224034239002
GBR,2012,C20,17518.6,2508904.9,0.006982568370766
GBR,2012,C21,22800.0,2508904.9,0.009087630224645
GBR,2012,C22,2626.4,2508904.9,0.0010468312290354
GBR,2012,C23,1990.8,2508904.9,0.0007934936075097
GBR,2012,C24,-12557.3,2508904.9,-0.0050050920622778
GBR,2012,C25,11272.0,2508904.9,0.0044927968373771
GBR,2012,C26,-482.6000000000058,2508904.9,-0.0001923548397549
GBR,2012,C27,8178.299999999999,2508904.9,0.0032597090467637
GBR,2012,C28,19249.1,2508904.9,0.0076723115332111
GBR,2012,C29,37887.09999999999,2508904.9,0.0151010506615854
GBR,2012,C30,24427.700000000004,2508904.9,0.0097363993350246
GBR,2012,C31T33,20706.1,2508904.9,0.0082530429909878
GBR,2012,D,45304.89999999999,2508904.9,0.0180576394107245
GBR,2012,E,24266.8,2508904.9,0.0096722677690971
GBR,2012,F,185112.4,2508904.9,0.0737821509296745
GBR,2012,G,238628.8,2508904.9,0.0951127322522268
GBR,2012,H49,27899.09999999999,2508904.9,0.0111200308947541
GBR,2012,H50,14867.1,2508904.9,0.005925732776878
GBR,2012,H51,17371.1,2508904.9,0.0069237777804969
GBR,2012,H52,11842.2,2508904.9,0.0047200673090478
GBR,2012,H53,603.6000000000008,2508904.9,0.0002405830527892
GBR,2012,I,103267.9,2508904.9,0.0411605477752464
GBR,2012,J58T60,52725.7,2508904.9,0.0210154239006827
GBR,2012,J61,31556.80000000001,2508904.9,0.0125779179593455
GBR,2012,J62_63,41430.3,2508904.9,0.0165133002849171
GBR,2012,K,195066.0,2508904.9,0.0777494595351143
GBR,2012,L,367928.0,2508904.9,0.146648842688298
GBR,2012,M,86198.3,2508904.9,0.0343569419470622
GBR,2012,N,46096.7,2508904.9,0.0183732352708944
GBR,2012,O,212928.7,2508904.9,0.0848691793778233
GBR,2012,P,183459.70000000004,2508904.9,0.0731234173124697
GBR,2012,Q,276795.4,2508904.9,0.1103251861001188
GBR,2012,R,52442.4,2508904.9,0.0209025061093387
GBR,2012,S,48559.600000000006,2508904.9,0.0193548986252926
GBR,2012,T,3500.5,2508904.9,0.0013952302456741
GBR,2012,employees_compensation,0.0,2508904.9,0.0
GBR,2013,A01_02,17503.4,2581894.0,0.006779286833619
GBR,2013,A03,1039.7,2581894.0,0.0004026888787843
GBR,2013,B05_06,-30319.500000000004,2581894.0,-0.0117431234589801
GBR,2013,B07_08,-1385.6,2581894.0,-0.0005366602966659
GBR,2013,B09,1874.1,2581894.0,0.0007258624869959
GBR,2013,C10T12,74759.19999999998,2581894.0,0.0289551778655514
GBR,2013,C13T15,9640.6,2581894.0,0.0037339255600733
GBR,2013,C16,-1546.6999999999998,2581894.0,-0.000599056351655
GBR,2013,C17_18,1652.4000000000003,2581894.0,0.0006399952902791
GBR,2013,C19,21597.1,2581894.0,0.0083648283004646
GBR,2013,C20,18261.9,2581894.0,0.0070730634177855
GBR,2013,C21,20053.1,2581894.0,0.007766817692748
GBR,2013,C22,3030.9,2581894.0,0.0011739056676997
GBR,2013,C23,2424.9000000000005,2581894.0,0.0009391942504223
GBR,2013,C24,-15910.3,2581894.0,-0.0061622591787269
GBR,2013,C25,13633.900000000003,2581894.0,0.0052805808449146
GBR,2013,C26,477.1000000000058,2581894.0,0.0001847868270347
GBR,2013,C27,6819.899999999998,2581894.0,0.0026414329945381
GBR,2013,C28,18971.000000000007,2581894.0,0.0073477067610056
GBR,2013,C29,41563.50000000001,2581894.0,0.0160980659934141
GBR,2013,C30,24859.9,2581894.0,0.0096285517530928
GBR,2013,C31T33,19666.199999999997,2581894.0,0.007616966459506
GBR,2013,D,48178.80000000001,2581894.0,0.0186602548361784
GBR,2013,E,24772.500000000004,2581894.0,0.0095947006344954
GBR,2013,F,190515.6,2581894.0,0.0737890866162592
GBR,2013,G,249826.8,2581894.0,0.0967610599040859
GBR,2013,H49,28580.5,2581894.0,0.0110695869001593
GBR,2013,H50,15101.3,2581894.0,0.0058489233097873
GBR,2013,H51,17940.699999999997,2581894.0,0.0069486586203771
GBR,2013,H52,11778.8,2581894.0,0.0045620772967441
GBR,2013,H53,51.5,2581894.0,1.994659734288085e-05
GBR,2013,I,108178.9,2581894.0,0.0418990477533159
GBR,2013,J58T60,56369.600000000006,2581894.0,0.0218326546326069
GBR,2013,J61,31416.0,2581894.0,0.012167811691727
GBR,2013,J62_63,42113.4,2581894.0,0.0163110491755277
GBR,2013,K,196197.2,2581894.0,0.0759896417126342
GBR,2013,L,380951.5,2581894.0,0.1475473044207082
GBR,2013,M,91106.7,2581894.0,0.0352867700997794
GBR,2013,N,50852.49999999999,2581894.0,0.0196958124539582
GBR,2013,O,208791.1,2581894.0,0.0808674174849935
GBR,2013,P,182649.9,2581894.0,0.0707426021362612
GBR,2013,Q,289150.5999999999,2581894.0,0.111991661934998
GBR,2013,R,54737.0,2581894.0,0.0212003281312091
GBR,2013,S,50251.9,2581894.0,0.0194631925245575
GBR,2013,T,3714.5,2581894.0,0.0014386725403908
GBR,2013,employees_compensation,0.0,2581894.0,0.0
GBR,2014,A01_02,21748.6,2838913.2,0.0076608893854169
GBR,2014,A03,1175.7000000000005,2838913.2,0.0004141373536887
GBR,2014,B05_06,-21580.700000000004,2838913.2,-0.0076017470347455
GBR,2014,B07_08,-1141.1,2838913.2,-0.0004019495911322
GBR,2014,B09,2065.5,2838913.2,0.0007275671549239
GBR,2014,C10T12,79993.40000000001,2838913.2,0.0281774729850845
GBR,2014,C13T15,11825.199999999995,2838913.2,0.0041653968145274
GBR,2014,C16,-1839.0,2838913.2,-0.0006477831023505
GBR,2014,C17_18,1517.9000000000017,2838913.2,0.0005346764388569
GBR,2014,C19,16271.6,2838913.2,0.0057316299772744
GBR,2014,C20,19390.4,2838913.2,0.0068302193952249
GBR,2014,C21,18493.700000000004,2838913.2,0.0065143590864278
GBR,2014,C22,3077.000000000002,2838913.2,0.0010838654735903
GBR,2014,C23,2506.699999999999,2838913.2,0.0008829787398924
GBR,2014,C24,-3142.7999999999997,2838913.2,-0.001107043357296
GBR,2014,C25,14621.800000000005,2838913.2,0.0051504920967643
GBR,2014,C26,-190.1999999999971,2838913.2,-6.699746931325588e-05
GBR,2014,C27,6806.700000000001,2838913.2,0.0023976428726316
GBR,2014,C28,19729.500000000004,2838913.2,0.0069496665132276
GBR,2014,C29,48256.79999999998,2838913.2,0.0169983358420398
GBR,2014,C30,25558.7,2838913.2,0.0090029874812657
GBR,2014,C31T33,23115.800000000003,2838913.2,0.0081424821301334
GBR,2014,D,43491.5,2838913.2,0.0153197709602392
GBR,2014,E,26108.5,2838913.2,0.0091966531417727
GBR,2014,F,216085.6,2838913.2,0.076115606493358
GBR,2014,G,277362.0,2838913.2,0.0977000635313541
GBR,2014,H49,30430.300000000003,2838913.2,0.0107189962694174
GBR,2014,H50,16202.2,2838913.2,0.0057071840026669
GBR,2014,H51,19763.7,2838913.2,0.006961713376795
GBR,2014,H52,12728.900000000003,2838913.2,0.0044837228556336
GBR,2014,H53,-381.90000000000055,2838913.2,-0.0001345233098356
GBR,2014,I,119677.5,2838913.2,0.0421560969176514
GBR,2014,J58T60,60684.70000000001,2838913.2,0.0213760322083817
GBR,2014,J61,33095.6,2838913.2,0.0116578414584848
GBR,2014,J62_63,45096.5,2838913.2,0.015885128153971
GBR,2014,K,216208.9,2838913.2,0.0761590386067457
GBR,2014,L,419698.1,2838913.2,0.1478375950346069
GBR,2014,M,100554.0,2838913.2,0.0354198923728981
GBR,2014,N,56326.7,2838913.2,0.0198409377222241
GBR,2014,O,222625.9,2838913.2,0.0784194106392544
GBR,2014,P,198624.9,2838913.2,0.0699651190462603
GBR,2014,Q,317254.7,2838913.2,0.1117521662867325
GBR,2014,R,61283.6,2838913.2,0.0215869932197997
GBR,2014,S,53437.1,2838913.2,0.0188230834250233
GBR,2014,T,4293.0,2838913.2,0.0015121984004301
GBR,2014,employees_compensation,0.0,2838913.2,0.0
GBR,2015,A01_02,18021.5,2723170.6,0.0066178373106701
GBR,2015,A03,964.4,2723170.6,0.0003541460090675
GBR,2015,B05_06,-12141.100000000002,2723170.6,-0.0044584426697321
GBR,2015,B07_08,-410.7000000000001,2723170.6,-0.0001508168456284
GBR,2015,B09,1727.3,2723170.6,0.0006342973884926
GBR,2015,C10T12,73035.6,2723170.6,0.0268200604104641
GBR,2015,C13T15,11520.500000000004,2723170.6,0.0042305465548137
GBR,2015,C16,-1954.8000000000009,2723170.6,-0.0007178397122824
GBR,2015,C17_18,1757.3999999999996,2723170.6,0.0006453506805633
GBR,2015,C19,6545.200000000001,2723170.6,0.002403521835907
GBR,2015,C20,19865.8,2723170.6,0.0072950993228261
GBR,2015,C21,18439.60000000001,2723170.6,0.0067713715769404
GBR,2015,C22,3003.7999999999997,2723170.6,0.0011030524492295
GBR,2015,C23,1447.8000000000002,2723170.6,0.000531659676408
GBR,2015,C24,-916.8000000000012,2723170.6,-0.0003366663843976
GBR,2015,C25,13075.299999999996,2723170.6,0.0048014986648284
GBR,2015,C26,-3515.299999999996,2723170.6,-0.0012908849706294
GBR,2015,C27,5566.6,2723170.6,0.0020441613169589
GBR,2015,C28,18539.6,2723170.6,0.0068080934775074
GBR,2015,C29,46463.09999999999,2723170.6,0.0170621333823154
GBR,2015,C30,20039.300000000003,2723170.6,0.0073588118203097
GBR,2015,C31T33,21824.60000000001,2723170.6,0.0080144079111312
GBR,2015,D,42451.2,2723170.6,0.0155888874534705
GBR,2015,E,26095.500000000004,2723170.6,0.0095827635624444
GBR,2015,F,223575.5,2723170.6,0.0821011728020271
GBR,2015,G,269268.3,2723170.6,0.0988804373842755
GBR,2015,H49,29140.000000000007,2723170.6,0.0107007618252047
GBR,2015,H50,15209.7,2723170.6,0.005585290910529
GBR,2015,H51,18882.6,2723170.6,0.006934049596452
GBR,2015,H52,12444.600000000002,2723170.6,0.0045698936379527
GBR,2015,H53,-9.399999999999636,2723170.6,-3.4518586532917315e-06
GBR,2015,I,115486.3,2723170.6,0.0424087642544319
GBR,2015,J58T60,59502.3,2723170.6,0.0218503754410392
GBR,2015,J61,31247.799999999992,2723170.6,0.0114747860453546
GBR,2015,J62_63,45019.9,2723170.6,0.0165321629133334
GBR,2015,K,191154.0,2723170.6,0.0701953818097184
GBR,2015,L,408522.20000000007,2723170.6,0.1500171160778542
GBR,2015,M,100811.5,2723170.6,0.0370198987900354
GBR,2015,N,57444.79999999999,2723170.6,0.0210948223368745
GBR,2015,O,208383.20000000004,2723170.6,0.0765222715021967
GBR,2015,P,186602.3,2723170.6,0.0685239110616132
GBR,2015,Q,304802.80000000005,2723170.6,0.1119293811412329
GBR,2015,R,58177.1,2723170.6,0.0213637368147261
GBR,2015,S,52162.3,2723170.6,0.0191549879394262
GBR,2015,T,3897.4,2723170.6,0.0014311993526957
GBR,2015,employees_compensation,0.0,2723170.6,0.0
GBR,2016,A01_02,16179.3,2435161.7,0.0066440351784442
GBR,2016,A03,797.0000000000002,2435161.7,0.0003272883275061
GBR,2016,B05_06,-11071.8,2435161.7,-0.004546638525072
GBR,2016,B07_08,-742.0,2435161.7,-0.0003047025583557
GBR,2016,B09,1331.5,2435161.7,0.0005467809386128
GBR,2016,C10T12,64551.9,2435161.7,0.0265082602112212
GBR,2016,C13T15,9615.999999999996,2435161.7,0.0039488137481794
GBR,2016,C16,-1818.6999999999996,2435161.7,-0.0007468497882502
GBR,2016,C17_18,836.1000000000013,2435161.7,0.0003433447561203
GBR,2016,C19,-3143.0,2435161.7,-0.001290674044356
GBR,2016,C20,15449.3,2435161.7,0.0063442604242666
GBR,2016,C21,16984.300000000003,2435161.7,0.0069746087087358
GBR,2016,C22,2690.7000000000007,2435161.7,0.0011049368918704
GBR,2016,C23,1216.5,2435161.7,0.0004995561485711
GBR,2016,C24,-3990.7,2435161.7,-0.0016387823445153
GBR,2016,C25,10038.899999999998,2435161.7,0.0041224777804282
GBR,2016,C26,-2830.5,2435161.7,-0.0011623458105472
GBR,2016,C27,4539.700000000001,2435161.7,0.0018642293856707
GBR,2016,C28,15237.6,2435161.7,0.0062573257455552
GBR,2016,C29,48703.3,2435161.7,0.0200000271029229
GBR,2016,C30,21863.7,2435161.7,0.0089783360176862
GBR,2016,C31T33,20245.59999999999,2435161.7,0.0083138626892826
GBR,2016,D,35143.2,2435161.7,0.0144315673164537
GBR,2016,E,21104.9,2435161.7,0.0086667345334808
GBR,2016,F,195986.9,2435161.7,0.0804820887253606
GBR,2016,G,235319.2,2435161.7,0.0966339114154103
GBR,2016,H49,26884.000000000004,2435161.7,0.0110399239606963
GBR,2016,H50,13569.8,2435161.7,0.0055724430948466
GBR,2016,H51,16793.300000000003,2435161.7,0.0068961744922318
GBR,2016,H52,10990.5,2435161.7,0.0045132526517643
GBR,2016,H53,-676.7999999999997,2435161.7,-0.0002779281556538
GBR,2016,I,106968.7,2435161.7,0.043926733900258
GBR,2016,J58T60,55722.4,2435161.7,0.022882422961892
GBR,2016,J61,26836.1,2435161.7,0.0110202538090181
GBR,2016,J62_63,39637.90000000001,2435161.7,0.016277317436456
GBR,2016,K,173956.7,2435161.7,0.071435379424701
GBR,2016,L,378622.8,2435161.7,0.1554815846520582
GBR,2016,M,83549.30000000002,2435161.7,0.0343095491358951
GBR,2016,N,52740.4,2435161.7,0.0216578636235942
GBR,2016,O,188030.3,2435161.7,0.0772147081649649
GBR,2016,P,163042.3,2435161.7,0.0669533772644338
GBR,2016,Q,281125.10000000003,2435161.7,0.1154441201994923
GBR,2016,R,51089.1,2435161.7,0.0209797567036308
GBR,2016,S,47732.4,2435161.7,0.0196013266798668
GBR,2016,T,4308.5,2435161.7,0.0017692870251696
GBR,2016,employees_compensation,0.0,2435161.7,0.0
GBR,2017,A01_02,16278.3,2485972.8000000003,0.0065480603810307
GBR,2017,A03,1119.9,2485972.8000000003,0.0004504876320448
GBR,2017,B05_06,-11994.1,2485972.8000000003,-0.0048247108737472
GBR,2017,B07_08,-1009.0,2485972.8000000003,-0.0004058773289876
GBR,2017,B09,1383.8,2485972.8000000003,0.0005566432585264
GBR,2017,C10T12,64591.8,2485972.8000000003,0.0259825047160612
GBR,2017,C13T15,10527.500000000004,2485972.8000000003,0.0042347607343089
GBR,2017,C16,-1782.8999999999996,2485972.8000000003,-0.0007171840335501
GBR,2017,C17_18,2170.0,2485972.8000000003,0.0008728977243837
GBR,2017,C19,10211.8,2485972.8000000003,0.0041077681944066
GBR,2017,C20,18055.2,2485972.8000000003,0.0072628308724858
GBR,2017,C21,17092.0,2485972.8000000003,0.0068753769148238
GBR,2017,C22,2542.199999999999,2485972.8000000003,0.0010226177856813
GBR,2017,C23,1332.7000000000007,2485972.8000000003,0.0005360879250167
GBR,2017,C24,-6306.699999999999,2485972.8000000003,-0.00253691432183
GBR,2017,C25,8954.9,2485972.8000000003,0.0036021713511909
GBR,2017,C26,-900.3000000000029,2485972.8000000003,-0.0003621519913653
GBR,2017,C27,4260.799999999999,2485972.8000000003,0.0017139366931126
GBR,2017,C28,16192.400000000003,2485972.8000000003,0.0065135065033696
GBR,2017,C29,49983.3,2485972.8000000003,0.0201061331000886
GBR,2017,C30,21920.000000000004,2485972.8000000003,0.0088174737873238
GBR,2017,C31T33,21063.399999999998,2485972.8000000003,0.0084729004275509
GBR,2017,D,34430.8,2485972.8000000003,0.0138500308611582
GBR,2017,E,22886.3,2485972.8000000003,0.0092061747417349
GBR,2017,F,213825.7,2485972.8000000003,0.086012887992982
GBR,2017,G,243199.1,2485972.8000000003,0.0978285442222054
GBR,2017,H49,25690.2,2485972.8000000003,0.0103340631884628
GBR,2017,H50,12768.600000000002,2485972.8000000003,0.0051362589325192
GBR,2017,H51,17211.5,2485972.8000000003,0.0069234466282173
GBR,2017,H52,11689.6,2485972.8000000003,0.0047022236124224
GBR,2017,H53,-46.999999999999545,2485972.8000000003,-1.890607974471786e-05
GBR,2017,I,110016.19999999998,2485972.8000000003,0.0442547883066138
GBR,2017,J58T60,54990.40000000001,2485972.8000000003,0.0221202742041264
GBR,2017,J61,28477.000000000007,2485972.8000000003,0.0114550730402199
GBR,2017,J62_63,46406.90000000001,2485972.8000000003,0.0186675011086203
GBR,2017,K,176478.59999999998,2485972.8000000003,0.0709897549965148
GBR,2017,L,364752.8,2485972.8000000003,0.1467243728491317
GBR,2017,M,97656.2,2485972.8000000003,0.0392828915907688
GBR,2017,N,57918.6,2485972.8000000003,0.0232981631979239
GBR,2017,O,183776.9,2485972.8000000003,0.0739255473752568
GBR,2017,P,157261.5,2485972.8000000003,0.0632595416973186
GBR,2017,Q,274270.80000000005,2485972.8000000003,0.1103273535414385
GBR,2017,R,53030.100000000006,2485972.8000000003,0.0213317297759653
GBR,2017,S,49444.30000000001,2485972.8000000003,0.0198893165685481
GBR,2017,T,4150.7,2485972.8000000003,0.0016696481956681
GBR,2017,employees_compensation,0.0,2485972.8000000003,0.0
GBR,2018,A01_02,17594.799999999996,2669999.1,0.0065898149553683
GBR,2018,A03,1081.4,2669999.1,0.0004050188631149
GBR,2018,B05_06,-12122.700000000004,2669999.1,-0.0045403386091029
GBR,2018,B07_08,-754.0,2669999.1,-0.0002823970989353
GBR,2018,B09,1540.6,2669999.1,0.000577003939814
GBR,2018,C10T12,71335.19999999998,2669999.1,0.0267173123766221
GBR,2018,C13T15,11237.799999999992,2669999.1,0.0042089152764133
GBR,2018,C16,-1885.9,2669999.1,-0.0007063298261036
GBR,2018,C17_18,2603.2000000000016,2669999.1,0.0009749816020537
GBR,2018,C19,10698.199999999995,2669999.1,0.0040068178300134
GBR,2018,C20,20112.4,2669999.1,0.0075327366215217
GBR,2018,C21,17971.7,2669999.1,0.0067309760516398
GBR,2018,C22,2882.400000000001,2669999.1,0.0010795509256913
GBR,2018,C23,1577.3999999999996,2669999.1,0.0005907867159955
GBR,2018,C24,-7023.8,2669999.1,-0.0026306375908516
GBR,2018,C25,9044.0,2669999.1,0.0033872670593784
GBR,2018,C26,-1945.0,2669999.1,-0.0007284646650255
GBR,2018,C27,4415.300000000001,2669999.1,0.0016536709694021
GBR,2018,C28,18867.300000000003,2669999.1,0.0070664068763169
GBR,2018,C29,51524.89999999998,2669999.1,0.0192977218606553
GBR,2018,C30,24337.7,2669999.1,0.0091152465182478
GBR,2018,C31T33,22129.300000000003,2669999.1,0.0082881301345757
GBR,2018,D,37986.7,2669999.1,0.014227233260116
GBR,2018,E,24096.5,2669999.1,0.0090249094091454
GBR,2018,F,234757.8,2669999.1,0.0879242993003256
GBR,2018,G,262771.5,2669999.1,0.0984163253088736
GBR,2018,H49,27652.7,2669999.1,0.0103568199704636
GBR,2018,H50,13274.499999999998,2669999.1,0.0049717245223041
GBR,2018,H51,18963.200000000004,2669999.1,0.0071023244914202
GBR,2018,H52,11840.9,2669999.1,0.0044347955023655
GBR,2018,H53,935.3000000000002,2669999.1,0.0003502997435467
GBR,2018,I,116972.10000000003,2669999.1,0.0438097900482438
GBR,2018,J58T60,59845.4,2669999.1,0.0224140150459226
GBR,2018,J61,29227.700000000004,2669999.1,0.0109467078097516
GBR,2018,J62_63,52379.2,2669999.1,0.0196176845153243
GBR,2018,K,186650.5,2669999.1,0.0699065778711311
GBR,2018,L,388003.1,2669999.1,0.1453195620927363
GBR,2018,M,101457.69999999998,2669999.1,0.0379991513854817
GBR,2018,N,62895.9,2669999.1,0.0235565247943342
GBR,2018,O,194582.4,2669999.1,0.0728773279361779
GBR,2018,P,171180.09999999998,2669999.1,0.0641124186146729
GBR,2018,Q,294714.10000000003,2669999.1,0.1103798499407733
GBR,2018,R,55793.0,2669999.1,0.0208962617253316
GBR,2018,S,54000.29999999999,2669999.1,0.0202248382780353
GBR,2018,T,4796.3,2669999.1,0.0017963676467156
GBR,2018,employees_compensation,0.0,2669999.1,0.0
GBR,2019,A01_02,18306.900000000005,2647008.1,0.0069160725273186
GBR,2019,A03,1123.8,2647008.1,0.0004245548020801
GBR,2019,B05_06,-5935.099999999995,2647008.1,-0.0022421918542674
GBR,2019,B07_08,-811.9000000000001,2647008.1,-0.0003067236552846
GBR,2019,B09,1737.4,2647008.1,0.0006563636884979
GBR,2019,C10T12,68917.0,2647008.1,0.0260358100150883
GBR,2019,C13T15,10652.599999999997,2647008.1,0.0040243926718622
GBR,2019,C16,-1176.6000000000004,2647008.1,-0.0004445018509765
GBR,2019,C17_18,2999.4,2647008.1,0.0011331283799244
GBR,2019,C19,11948.899999999998,2647008.1,0.0045141153893711
GBR,2019,C20,19631.4,2647008.1,0.0074164487823063
GBR,2019,C21,19088.300000000003,2647008.1,0.0072112737395854
GBR,2019,C22,2633.999999999998,2647008.1,0.0009950857347206
GBR,2019,C23,784.3000000000002,2647008.1,0.000296296788816
GBR,2019,C24,-9076.8,2647008.1,-0.0034290790421079
GBR,2019,C25,8519.899999999998,2647008.1,0.0032186905661527
GBR,2019,C26,-2141.80000000001,2647008.1,-0.0008091399493639
GBR,2019,C27,4632.299999999996,2647008.1,0.0017500135341482
GBR,2019,C28,18119.4,2647008.1,0.0068452378366352
GBR,2019,C29,46553.599999999984,2647008.1,0.0175872525663975
GBR,2019,C30,22152.200000000004,2647008.1,0.008368769253105
GBR,2019,C31T33,20024.89999999999,2647008.1,0.0075651071864872
GBR,2019,D,35805.1,2647008.1,0.013526630311407
GBR,2019,E,23042.9,2647008.1,0.0087052623677275
GBR,2019,F,225868.4,2647008.1,0.0853296973288445
GBR,2019,G,263018.5,2647008.1,0.0993644484880873
GBR,2019,H49,29869.9,2647008.1,0.0112844006786378
GBR,2019,H50,13912.099999999997,2647008.1,0.0052557829347027
GBR,2019,H51,18219.899999999998,2647008.1,0.0068832052308415
GBR,2019,H52,15771.899999999998,2647008.1,0.0059583875092788
GBR,2019,H53,1507.5999999999997,2647008.1,0.0005695486915963
GBR,2019,I,117583.3,2647008.1,0.0444212089868557
GBR,2019,J58T60,57336.7,2647008.1,0.0216609461829754
GBR,2019,J61,30348.2,2647008.1,0.0114650952522585
GBR,2019,J62_63,52163.600000000006,2647008.1,0.0197066265116453
GBR,2019,K,176530.5,2647008.1,0.0666905779396746
GBR,2019,L,377956.2,2647008.1,0.1427861894340255
GBR,2019,M,103981.0,2647008.1,0.0392824638504128
GBR,2019,N,68076.8,2647008.1,0.0257183950438232
GBR,2019,O,195923.3,2647008.1,0.0740168872169299
GBR,2019,P,172320.09999999998,2647008.1,0.0650999519041894
GBR,2019,Q,298673.4000000001,2647008.1,0.1128343354899443
GBR,2019,R,53639.30000000001,2647008.1,0.0202641238612001
GBR,2019,S,51775.59999999999,2647008.1,0.0195600459250578
GBR,2019,T,4999.7,2647008.1,0.001888811749386
GBR,2019,employees_compensation,0.0,2647008.1,0.0
GBR,2020,A01_02,19008.5,2528085.6,0.0075189305298839
GBR,2020,A03,862.2000000000002,2528085.6,0.0003410485784183
GBR,2020,B05_06,-1873.6000000000024,2528085.6,-0.0007411141458184
GBR,2020,B07_08,-927.6,2528085.6,-0.0003669179556261
GBR,2020,B09,1642.7000000000005,2528085.6,0.0006497802131383
GBR,2020,C10T12,73948.20000000001,2528085.6,0.0292506709424712
GBR,2020,C13T15,6552.499999999996,2528085.6,0.0025918821736099
GBR,2020,C16,-1346.6999999999998,2528085.6,-0.0005326955701183
GBR,2020,C17_18,1601.1999999999998,2528085.6,0.0006333646297419
GBR,2020,C19,7712.299999999998,2528085.6,0.0030506482850106
GBR,2020,C20,19423.0,2528085.6,0.0076828885857345
GBR,2020,C21,18126.5,2528085.6,0.0071700499381824
GBR,2020,C22,-1220.1000000000004,2528085.6,-0.0004826181518537
GBR,2020,C23,264.59999999999945,2528085.6,0.0001046641775104
GBR,2020,C24,-5421.300000000001,2528085.6,-0.0021444289702848
GBR,2020,C25,7088.9000000000015,2528085.6,0.002804058533461
GBR,2020,C26,-4502.699999999997,2528085.6,-0.0017810710206964
GBR,2020,C27,4546.799999999999,2528085.6,0.0017985150502815
GBR,2020,C28,14564.499999999993,2528085.6,0.0057610786596782
GBR,2020,C29,36067.70000000001,2528085.6,0.0142668033076095
GBR,2020,C30,20100.699999999997,2528085.6,0.0079509570403786
GBR,2020,C31T33,18871.8,2528085.6,0.0074648579937324
GBR,2020,D,35903.7,2528085.6,0.0142019320864768
GBR,2020,E,23188.199999999997,2528085.6,0.009172236889447
GBR,2020,F,203404.3,2528085.6,0.080457837345381
GBR,2020,G,248797.5000000001,2528085.6,0.0984134002424601
GBR,2020,H49,22741.2,2528085.6,0.0089954232562378
GBR,2020,H50,10603.1,2528085.6,0.0041941222243424
GBR,2020,H51,4611.699999999999,2528085.6,0.0018241866493761
GBR,2020,H52,15813.1,2528085.6,0.0062549701639849
GBR,2020,H53,1945.1000000000004,2528085.6,0.0007693964160074
GBR,2020,I,71273.50000000001,2528085.6,0.0281926767036685
GBR,2020,J58T60,52603.90000000001,2528085.6,0.0208078001789179
GBR,2020,J61,30387.1,2528085.6,0.0120198066078142
GBR,2020,J62_63,53882.60000000001,2528085.6,0.0213135979256398
GBR,2020,K,180590.6,2528085.6,0.0714337362627278
GBR,2020,L,384472.5,2528085.6,0.1520804912618464
GBR,2020,M,103803.7,2528085.6,0.0410601998603211
GBR,2020,N,50635.2,2528085.6,0.020029068635967
GBR,2020,O,202641.5,2528085.6,0.0801561070558686
GBR,2020,P,169848.6,2528085.6,0.0671846712785358
GBR,2020,Q,338965.4,2528085.6,0.1340798745105782
GBR,2020,R,39909.2,2528085.6,0.0157863325513977
GBR,2020,S,42969.9,2528085.6,0.0169970114935981
GBR,2020,T,4003.9,2528085.6,0.0015837675749586
GBR,2020,employees_compensation,0.0,2528085.6,0.0
FRA,1995,A01_02,28301.3,1488304.5,0.0190157995222079
FRA,1995,A03,1252.2999999999995,1488304.5,0.0008414272751308
FRA,1995,B05_06,-10255.5,1488304.5,-0.0068907269984065
FRA,1995,B07_08,-572.3999999999999,1488304.5,-0.0003845987161901
FRA,1995,B09,-198.0,1488304.5,-0.0001330372917638
FRA,1995,C10T12,93370.4,1488304.5,0.0627360866005578
FRA,1995,C13T15,24407.000000000007,1488304.5,0.0163991978791974
FRA,1995,C16,362.5,1488304.5,0.0002435657488101
FRA,1995,C17_18,1157.300000000001,1488304.5,0.0007775962513047
FRA,1995,C19,6646.4,1488304.5,0.0044657528079771
FRA,1995,C20,14246.699999999995,1488304.5,0.0095724362857197
FRA,1995,C21,12599.1,1488304.5,0.0084654047609209
FRA,1995,C22,5491.8,1488304.5,0.00368997070156
FRA,1995,C23,3153.0,1488304.5,0.0021185180855127
FRA,1995,C24,3484.9,1488304.5,0.0023415235255957
FRA,1995,C25,10495.4,1488304.5,0.0070519171312053
FRA,1995,C26,15560.6,1488304.5,0.0104552529405104
FRA,1995,C27,9483.3,1488304.5,0.0063718815605274
FRA,1995,C28,17608.6,1488304.5,0.0118313154330985
FRA,1995,C29,47099.30000000001,1488304.5,0.0316462793736093
FRA,1995,C30,8145.000000000001,1488304.5,0.005472670411196
FRA,1995,C31T33,31021.1,1488304.5,0.0208432481390736
FRA,1995,D,27324.700000000004,1488304.5,0.0183596165972756
FRA,1995,E,6364.999999999999,1488304.5,0.004276678596349
FRA,1995,F,138667.4,1488304.5,0.0931713906663589
FRA,1995,G,138433.9,1488304.5,0.0930145007288495
FRA,1995,H49,34509.0,1488304.5,0.0231867873812113
FRA,1995,H50,3466.3,1488304.5,0.002329026083036
FRA,1995,H51,8618.3,1488304.5,0.0057906832909528
FRA,1995,H52,4842.6,1488304.5,0.0032537696418978
FRA,1995,H53,1279.9,1488304.5,0.0008599718673161
FRA,1995,I,49013.4,1488304.5,0.0329323737178783
FRA,1995,J58T60,20627.3,1488304.5,0.0138595966080865
FRA,1995,J61,11883.8,1488304.5,0.007984790746786
FRA,1995,J62_63,10167.6,1488304.5,0.0068316665037295
FRA,1995,K,39157.3,1488304.5,0.0263100057817469
FRA,1995,L,155950.1,1488304.5,0.1047837320924582
FRA,1995,M,61082.99999999999,1488304.5,0.0410420045091578
FRA,1995,N,23040.0,1488304.5,0.0154807030416154
FRA,1995,O,160098.20000000004,1488304.5,0.1075708633549116
FRA,1995,P,77059.9,1488304.5,0.0517769717151295
FRA,1995,Q,139252.5,1488304.5,0.0935645225825763
FRA,1995,R,24009.599999999995,1488304.5,0.0161321826279501
FRA,1995,S,27733.7,1488304.5,0.0186344259524848
FRA,1995,T,2860.9,1488304.5,0.0019222544848853
FRA,1995,employees_compensation,0.0,1488304.5,0.0
FRA,1996,A01_02,26503.4,1487570.9,0.0178165625584636
FRA,1996,A03,1412.9,1487570.9,0.0009498034681909
FRA,1996,B05_06,-12333.9,1487570.9,-0.0082913022834743
FRA,1996,B07_08,-687.7999999999997,1487570.9,-0.0004623645165416
FRA,1996,B09,-199.2,1487570.9,-0.0001339095837381
FRA,1996,C10T12,90904.9,1487570.9,0.0611096250941719
FRA,1996,C13T15,21881.800000000003,1487570.9,0.0147097526578397
FRA,1996,C16,511.9000000000001,1487570.9,0.0003441180517849
FRA,1996,C17_18,164.60000000000036,1487570.9,0.0001106501881691
FRA,1996,C19,7161.299999999999,1487570.9,0.0048140898695988
FRA,1996,C20,13988.2,1487570.9,0.0094033837311552
FRA,1996,C21,12937.000000000004,1487570.9,0.0086967283374526
FRA,1996,C22,5048.400000000001,1487570.9,0.003393720595099
FRA,1996,C23,2670.0,1487570.9,0.0017948724326349
FRA,1996,C24,3182.4,1487570.9,0.002139326602853
FRA,1996,C25,9380.4,1487570.9,0.0063058506992843
FRA,1996,C26,15934.599999999997,1487570.9,0.0107118255674401
FRA,1996,C27,9358.1,1487570.9,0.006290859817169
FRA,1996,C28,17398.399999999994,1487570.9,0.0116958458921184
FRA,1996,C29,45568.8,1487570.9,0.0306330273064631
FRA,1996,C30,11143.999999999998,1487570.9,0.007491407636436
FRA,1996,C31T33,30418.1,1487570.9,0.0204481682184022
FRA,1996,D,27139.9,1487570.9,0.0182444413237715
FRA,1996,E,6689.9,1487570.9,0.0044971974108931
FRA,1996,F,132456.6,1487570.9,0.0890422096856022
FRA,1996,G,135666.2,1487570.9,0.0911998211312146
FRA,1996,H49,32715.4,1487570.9,0.021992497971021
FRA,1996,H50,3403.0,1487570.9,0.0022876220555269
FRA,1996,H51,8662.2,1487570.9,0.0058230501820114
FRA,1996,H52,5024.400000000001,1487570.9,0.0033775869103113
FRA,1996,H53,1214.9999999999995,1487570.9,0.0008167677923788
FRA,1996,I,47289.99999999999,1487570.9,0.0317900814004898
FRA,1996,J58T60,20459.9,1487570.9,0.0137538990578533
FRA,1996,J61,11586.0,1487570.9,0.0077885363312767
FRA,1996,J62_63,10865.2,1487570.9,0.0073039879981518
FRA,1996,K,38717.7,1487570.9,0.0260274653127457
FRA,1996,L,163950.59999999998,1487570.9,0.110213637548301
FRA,1996,M,63481.0,1487570.9,0.0426742685004123
FRA,1996,N,23200.9,1487570.9,0.0155965003079853
FRA,1996,O,165307.69999999995,1487570.9,0.1111259301993605
FRA,1996,P,81467.8,1487570.9,0.0547656585645766
FRA,1996,Q,139923.59999999998,1487570.9,0.0940618023651847
FRA,1996,R,24503.6,1487570.9,0.0164722232735259
FRA,1996,S,28328.8,1487570.9,0.0190436637339437
FRA,1996,T,3167.2,1487570.9,0.0021291086024874
FRA,1996,employees_compensation,0.0,1487570.9,0.0
FRA,1997,A01_02,23995.9,1348218.7,0.0177982251692548
FRA,1997,A03,1283.7000000000005,1348218.7,0.0009521452268834
FRA,1997,B05_06,-12321.2,1348218.7,-0.0091388733890132
FRA,1997,B07_08,-670.7000000000003,1348218.7,-0.0004974712188756
FRA,1997,B09,-186.7,1348218.7,-0.0001384790167945
FRA,1997,C10T12,83183.2,1348218.7,0.0616985953391686
FRA,1997,C13T15,18998.5,1348218.7,0.0140915565108242
FRA,1997,C16,837.4000000000001,1348218.7,0.0006211158471544
FRA,1997,C17_18,988.1000000000004,1348218.7,0.0007328929646206
FRA,1997,C19,6896.399999999998,1348218.7,0.005115193848001
FRA,1997,C20,15285.7,1348218.7,0.0113377006267603
FRA,1997,C21,12973.5,1348218.7,0.0096226969704544
FRA,1997,C22,5483.299999999998,1348218.7,0.0040670701274207
FRA,1997,C23,2780.7999999999997,1348218.7,0.0020625733792299
FRA,1997,C24,4078.800000000001,1348218.7,0.0030253251939021
FRA,1997,C25,8990.1,1348218.7,0.0066681318097724
FRA,1997,C26,15527.100000000006,1348218.7,0.0115167516961454
FRA,1997,C27,8962.900000000001,1348218.7,0.0066479570413909
FRA,1997,C28,17088.299999999996,1348218.7,0.0126747240636849
FRA,1997,C29,43394.5,1348218.7,0.0321865436223366
FRA,1997,C30,7937.5999999999985,1348218.7,0.005887472114131
FRA,1997,C31T33,26706.300000000003,1348218.7,0.0198085815009093
FRA,1997,D,22940.499999999996,1348218.7,0.0170154144872786
FRA,1997,E,6142.399999999999,1348218.7,0.0045559374009572
FRA,1997,F,114444.1,1348218.7,0.0848854121367698
FRA,1997,G,124893.30000000005,1348218.7,0.0926357867607088
FRA,1997,H49,30352.2,1348218.7,0.022512816355388
FRA,1997,H50,3086.8,1348218.7,0.0022895395235209
FRA,1997,H51,8039.100000000001,1348218.7,0.0059627566358484
FRA,1997,H52,6026.1,1348218.7,0.0044696754317381
FRA,1997,H53,822.5000000000002,1348218.7,0.0006100642277102
FRA,1997,I,43106.100000000006,1348218.7,0.0319726317399395
FRA,1997,J58T60,18125.5,1348218.7,0.0134440354521117
FRA,1997,J61,10521.600000000002,1348218.7,0.0078040751103659
FRA,1997,J62_63,10197.499999999998,1348218.7,0.0075636838444682
FRA,1997,K,35719.9,1348218.7,0.0264941437171877
FRA,1997,L,149202.4,1348218.7,0.1106663184541202
FRA,1997,M,53450.40000000001,1348218.7,0.0396451999961134
FRA,1997,N,20591.9,1348218.7,0.015273412243874
FRA,1997,O,149794.70000000004,1348218.7,0.1111056388700142
FRA,1997,P,77449.4,1348218.7,0.0574457244955881
FRA,1997,Q,123546.3,1348218.7,0.0916366906941729
FRA,1997,R,21485.7,1348218.7,0.0159363610666429
FRA,1997,S,23060.5,1348218.7,0.0171044208183731
FRA,1997,T,3006.3,1348218.7,0.002229831109745
FRA,1997,employees_compensation,0.0,1348218.7,0.0
FRA,1998,A01_02,25338.999999999996,1392790.7,0.01819297041544
FRA,1998,A03,1326.4,1392790.7,0.0009523326081944
FRA,1998,B05_06,-11522.5,1392790.7,-0.0082729587439089
FRA,1998,B07_08,-721.6000000000001,1392790.7,-0.0005180965094037
FRA,1998,B09,-186.4,1392790.7,-0.0001338320251564
FRA,1998,C10T12,83033.09999999999,1392790.7,0.0596163515451388
FRA,1998,C13T15,18887.3,1392790.7,0.0135607597035218
FRA,1998,C16,794.6999999999998,1392790.7,0.0005705810643336
FRA,1998,C17_18,887.7999999999984,1392790.7,0.000637425278615
FRA,1998,C19,5609.300000000001,1392790.7,0.004027381860031
FRA,1998,C20,16205.700000000004,1392790.7,0.0116354165776666
FRA,1998,C21,13409.6,1392790.7,0.0096278644020239
FRA,1998,C22,5503.9,1392790.7,0.0039517064552484
FRA,1998,C23,2536.0,1392790.7,0.0018208048057759
FRA,1998,C24,3387.7000000000007,1392790.7,0.0024323108992614
FRA,1998,C25,9579.9,1392790.7,0.0068782050310933
FRA,1998,C26,17367.9,1392790.7,0.0124698563825849
FRA,1998,C27,8821.4,1392790.7,0.0063336149501859
FRA,1998,C28,17660.899999999998,1392790.7,0.0126802253920851
FRA,1998,C29,47329.3,1392790.7,0.0339816312673541
FRA,1998,C30,12992.999999999996,1392790.7,0.0093287526977312
FRA,1998,C31T33,29151.9,1392790.7,0.0209305676725153
FRA,1998,D,23355.1,1392790.7,0.0167685640060635
FRA,1998,E,6800.100000000001,1392790.7,0.004882355977822
FRA,1998,F,119508.99999999996,1392790.7,0.0858054264721899
FRA,1998,G,131409.7,1392790.7,0.0943499263744366
FRA,1998,H49,31186.1,1392790.7,0.0223910886251609
FRA,1998,H50,3353.5999999999995,1392790.7,0.002407827680067
FRA,1998,H51,8621.6,1392790.7,0.006190161953264
FRA,1998,H52,5532.7,1392790.7,0.0039723843647146
FRA,1998,H53,869.6,1392790.7,0.0006243579886051
FRA,1998,I,46001.100000000006,1392790.7,0.0330280062898179
FRA,1998,J58T60,18804.4,1392790.7,0.0135012389155097
FRA,1998,J61,11484.7,1392790.7,0.0082458189877344
FRA,1998,J62_63,14566.800000000005,1392790.7,0.0104587142921043
FRA,1998,K,31177.300000000003,1392790.7,0.0223847703750463
FRA,1998,L,153832.7,1392790.7,0.1104492584564213
FRA,1998,M,56890.100000000006,1392790.7,0.0408461228237667
FRA,1998,N,20135.6,1392790.7,0.0144570178419485
FRA,1998,O,146134.69999999998,1392790.7,0.1049222255720116
FRA,1998,P,79215.0,1392790.7,0.0568750207766321
FRA,1998,Q,126162.0,1392790.7,0.0905821671554814
FRA,1998,R,22374.5,1392790.7,0.0160645099080572
FRA,1998,S,24868.9,1392790.7,0.0178554466223819
FRA,1998,T,3111.1,1392790.7,0.0022337168104295
FRA,1998,employees_compensation,0.0,1392790.7,0.0
FRA,1999,A01_02,24998.10000000001,1384761.7,0.0180522757092429
FRA,1999,A03,1266.8000000000002,1384761.7,0.0009148144406362
FRA,1999,B05_06,-11531.3,1384761.7,-0.008327281148807
FRA,1999,B07_08,-735.0000000000001,1384761.7,-0.0005307772449223
FRA,1999,B09,-123.5,1384761.7,-8.918502006518524e-05
FRA,1999,C10T12,80859.9,1384761.7,0.0583926461859827
FRA,1999,C13T15,17707.399999999998,1384761.7,0.0127873265125689
FRA,1999,C16,701.9000000000005,1384761.7,0.000506874215253
FRA,1999,C17_18,876.8999999999978,1384761.7,0.0006332497497583
FRA,1999,C19,6059.6,1384761.7,0.0043759153650768
FRA,1999,C20,16319.5,1384761.7,0.0117850602020549
FRA,1999,C21,14063.2,1384761.7,0.01015568238203
FRA,1999,C22,5177.000000000001,1384761.7,0.0037385493836231
FRA,1999,C23,2279.8,1384761.7,0.0016463482489442
FRA,1999,C24,2265.500000000002,1384761.7,0.0016360215624103
FRA,1999,C25,9498.0,1384761.7,0.0068589418670374
FRA,1999,C26,17514.699999999993,1384761.7,0.0126481689954307
FRA,1999,C27,8367.2,1384761.7,0.0060423392703596
FRA,1999,C28,16849.499999999996,1384761.7,0.0121677975351282
FRA,1999,C29,49795.30000000001,1384761.7,0.0359594723048738
FRA,1999,C30,14087.8,1384761.7,0.0101734471714519
FRA,1999,C31T33,28974.8,1384761.7,0.0209240333553419
FRA,1999,D,22423.8,1384761.7,0.016193255489374
FRA,1999,E,7152.700000000001,1384761.7,0.0051652930608927
FRA,1999,F,121295.19999999998,1384761.7,0.0875928327596004
FRA,1999,G,131144.80000000002,1384761.7,0.0947056811291069
FRA,1999,H49,31734.4,1384761.7,0.0229168672126041
FRA,1999,H50,3517.8,1384761.7,0.0025403648873304
FRA,1999,H51,9344.1,1384761.7,0.0067478036112639
FRA,1999,H52,5533.7,1384761.7,0.0039961388302406
FRA,1999,H53,870.1000000000003,1384761.7,0.0006283391575604
FRA,1999,I,46774.500000000015,1384761.7,0.0337780139355385
FRA,1999,J58T60,18553.700000000008,1384761.7,0.0133984785974366
FRA,1999,J61,12337.9,1384761.7,0.0089097640409898
FRA,1999,J62_63,18034.2,1384761.7,0.0130233237964337
FRA,1999,K,26124.4,1384761.7,0.0188656286493192
FRA,1999,L,153160.9,1384761.7,0.1106045177303791
FRA,1999,M,55066.7,1384761.7,0.0397661922625387
FRA,1999,N,18293.8,1384761.7,0.0132107928750484
FRA,1999,O,143579.29999999996,1384761.7,0.1036852044651436
FRA,1999,P,78609.90000000001,1384761.7,0.0567678178852
FRA,1999,Q,124572.7,1384761.7,0.0899596659844072
FRA,1999,R,22576.6,1384761.7,0.016303599384645
FRA,1999,S,25569.800000000003,1384761.7,0.018465126526824
FRA,1999,T,3217.6,1384761.7,0.0023235766847104
FRA,1999,employees_compensation,0.0,1384761.7,0.0
FRA,2000,A01_02,22708.10000000001,1271573.1,0.0178582733466129
FRA,2000,A03,1153.8000000000002,1271573.1,0.0009073800004105
FRA,2000,B05_06,-18953.2,1271573.1,-0.0149053168866186
FRA,2000,B07_08,-798.3000000000001,1271573.1,-0.0006278050392855
FRA,2000,B09,-60.0,1271573.1,-4.718564744724467e-05
FRA,2000,C10T12,72323.90000000001,1271573.1,0.0568775007901629
FRA,2000,C13T15,14991.4,1271573.1,0.011789648585677
FRA,2000,C16,425.8000000000002,1271573.1,0.0003348608113839
FRA,2000,C17_18,193.9999999999991,1271573.1,0.000152566926746
FRA,2000,C19,9491.7,1271573.1,0.0074645334979168
FRA,2000,C20,14570.699999999995,1271573.1,0.0114587985543261
FRA,2000,C21,13656.2,1271573.1,0.0107396106444843
FRA,2000,C22,4248.9,1271573.1,0.0033414516239766
FRA,2000,C23,1994.9000000000003,1271573.1,0.0015688441348751
FRA,2000,C24,1457.2999999999993,1271573.1,0.0011460607337478
FRA,2000,C25,8802.2,1271573.1,0.0069222917660022
FRA,2000,C26,17176.200000000004,1271573.1,0.0135078352947227
FRA,2000,C27,7447.0,1271573.1,0.0058565252756605
FRA,2000,C28,14589.800000000005,1271573.1,0.0114738193187635
FRA,2000,C29,46503.49999999999,1271573.1,0.0365716292677157
FRA,2000,C30,13714.800000000005,1271573.1,0.0107856952934911
FRA,2000,C31T33,26819.0,1271573.1,0.0210911979814609
FRA,2000,D,19686.3,1271573.1,0.0154818468556782
FRA,2000,E,6777.599999999999,1271573.1,0.0053300907356407
FRA,2000,F,118551.0,1271573.1,0.0932317615086383
FRA,2000,G,117858.7,1271573.1,0.0926873177798429
FRA,2000,H49,29464.6,1271573.1,0.0231717704629014
FRA,2000,H50,3757.3,1271573.1,0.0029548438858922
FRA,2000,H51,9184.7,1271573.1,0.0072231002684784
FRA,2000,H52,4945.700000000001,1271573.1,0.0038894342763306
FRA,2000,H53,832.6000000000001,1271573.1,0.0006547795010762
FRA,2000,I,44776.600000000006,1271573.1,0.0352135476914382
FRA,2000,J58T60,17062.3,1271573.1,0.0134182612073187
FRA,2000,J61,12729.700000000004,1271573.1,0.0100109856051531
FRA,2000,J62_63,16887.0,1271573.1,0.013280400474027
FRA,2000,K,29647.3,1271573.1,0.0233154507593782
FRA,2000,L,137768.10000000003,1271573.1,0.1083446166012791
FRA,2000,M,50604.2,1271573.1,0.0397965323424976
FRA,2000,N,17945.7,1271573.1,0.0141129912232336
FRA,2000,O,128861.3,1271573.1,0.1013400645232271
FRA,2000,P,70988.09999999998,1271573.1,0.0558269909924958
FRA,2000,Q,112579.3,1271573.1,0.0885354526609598
FRA,2000,R,21872.5,1271573.1,0.0172011345631643
FRA,2000,S,23400.500000000004,1271573.1,0.0184027957181541
FRA,2000,T,2934.3,1271573.1,0.0023076140884075
FRA,2000,employees_compensation,0.0,1271573.1,0.0
FRA,2001,A01_02,21979.4,1286363.3,0.0170864638317961
FRA,2001,A03,1152.2,1286363.3,0.0008957034144242
FRA,2001,B05_06,-17913.800000000003,1286363.3,-0.0139259259028922
FRA,2001,B07_08,-789.6999999999999,1286363.3,-0.000613901220596
FRA,2001,B09,-144.1,1286363.3,-0.0001120212307051
FRA,2001,C10T12,72667.50000000001,1286363.3,0.0564906508138097
FRA,2001,C13T15,14424.399999999998,1286363.3,0.0112133174197367
FRA,2001,C16,379.1000000000004,1286363.3,0.000294706790842
FRA,2001,C17_18,629.1999999999998,1286363.3,0.0004891308699494
FRA,2001,C19,8587.200000000003,1286363.3,0.0066755635830095
FRA,2001,C20,14984.9,1286363.3,0.0116490419152971
FRA,2001,C21,15224.600000000002,1286363.3,0.0118353811866367
FRA,2001,C22,4168.5,1286363.3,0.0032405308826829
FRA,2001,C23,1951.0999999999997,1286363.3,0.0015167565803533
FRA,2001,C24,1945.199999999999,1286363.3,0.0015121700067158
FRA,2001,C25,8089.900000000001,1286363.3,0.0062889698423454
FRA,2001,C26,16688.8,1286363.3,0.0129736288340937
FRA,2001,C27,7649.5999999999985,1286363.3,0.0059466870673315
FRA,2001,C28,14611.900000000003,1286363.3,0.011359077175165
FRA,2001,C29,49119.49999999999,1286363.3,0.038184780302734
FRA,2001,C30,14796.800000000005,1286363.3,0.0115028157286514
FRA,2001,C31T33,26348.4,1286363.3,0.0204828604796172
FRA,2001,D,20699.399999999998,1286363.3,0.016091410568072
FRA,2001,E,6830.4000000000015,1286363.3,0.0053098529785481
FRA,2001,F,117077.8,1286363.3,0.0910145679684736
FRA,2001,G,121715.4,1286363.3,0.0946197703246042
FRA,2001,H49,29547.499999999996,1286363.3,0.0229697939921016
FRA,2001,H50,4113.299999999999,1286363.3,0.0031976192106848
FRA,2001,H51,8631.4,1286363.3,0.0067099240160225
FRA,2001,H52,4926.300000000001,1286363.3,0.0038296335102221
FRA,2001,H53,759.9,1286363.3,0.0005907351368
FRA,2001,I,45468.0,1286363.3,0.0353461576523521
FRA,2001,J58T60,17462.0,1286363.3,0.0135747031962121
FRA,2001,J61,14138.3,1286363.3,0.0109909074675871
FRA,2001,J62_63,18711.700000000008,1286363.3,0.0145462016834591
FRA,2001,K,33055.399999999994,1286363.3,0.0256967841044594
FRA,2001,L,139075.4,1286363.3,0.1081151802138633
FRA,2001,M,49358.7,1286363.3,0.0383707308813925
FRA,2001,N,17683.9,1286363.3,0.013747205008103
FRA,2001,O,125924.5,1286363.3,0.0978918630529959
FRA,2001,P,70866.99999999999,1286363.3,0.0550909684690164
FRA,2001,Q,114048.6,1286363.3,0.0886597122290413
FRA,2001,R,22765.3,1286363.3,0.0176974109880155
FRA,2001,S,23971.800000000003,1286363.3,0.0186353264276118
FRA,2001,T,2980.7,1286363.3,0.0023171525493614
FRA,2001,employees_compensation,0.0,1286363.3,0.0
FRA,2002,A01_02,24000.1,1402827.9,0.0171083708842688
FRA,2002,A03,1189.6,1402827.9,0.0008480013834911
FRA,2002,B05_06,-17901.4,1402827.9,-0.0127609381022433
FRA,2002,B07_08,-672.3000000000001,1402827.9,-0.0004792462425362
FRA,2002,B09,-150.5,1402827.9,-0.0001072832954063
FRA,2002,C10T12,78739.9,1402827.9,0.0561294083187253
FRA,2002,C13T15,15143.5,1402827.9,0.0107949806244942
FRA,2002,C16,416.4000000000001,1402827.9,0.0002968289980545
FRA,2002,C17_18,625.0,1402827.9,0.0004455286354085
FRA,2002,C19,7607.5999999999985,1402827.9,0.0054230458347741
FRA,2002,C20,14474.100000000002,1402827.9,0.0103178016348263
FRA,2002,C21,16542.1,1402827.9,0.011791966783666
FRA,2002,C22,4383.200000000001,1402827.9,0.0031245457835562
FRA,2002,C23,1966.2000000000005,1402827.9,0.0014015974447043
FRA,2002,C24,2301.0,1402827.9,0.00164025822412
FRA,2002,C25,8288.8,1402827.9,0.0059086364050786
FRA,2002,C26,15911.200000000004,1402827.9,0.0113422323579392
FRA,2002,C27,7653.800000000001,1402827.9,0.0054559793115035
FRA,2002,C28,15066.399999999994,1402827.9,0.0107400202120302
FRA,2002,C29,52245.9,1402827.9,0.037243271252304
FRA,2002,C30,14779.8,1402827.9,0.0105357186009773
FRA,2002,C31T33,27840.000000000004,1402827.9,0.0198456275356371
FRA,2002,D,21732.1,1402827.9,0.0154916365720984
FRA,2002,E,7757.7,1402827.9,0.0055300439918538
FRA,2002,F,126874.1,1402827.9,0.0904416714266946
FRA,2002,G,134241.09999999998,1402827.9,0.0956932065579819
FRA,2002,H49,32113.6,1402827.9,0.022892045417688
FRA,2002,H50,4632.0,1402827.9,0.0033019018227396
FRA,2002,H51,9683.2,1402827.9,0.0069026286118204
FRA,2002,H52,5018.5,1402827.9,0.0035774167308762
FRA,2002,H53,862.3,1402827.9,0.0006146869477004
FRA,2002,I,50243.7,1402827.9,0.0358160113582001
FRA,2002,J58T60,19582.6,1402827.9,0.0139593744892014
FRA,2002,J61,17306.100000000006,1402827.9,0.0123365809875894
FRA,2002,J62_63,19154.8,1402827.9,0.0136544190488369
FRA,2002,K,33595.3,1402827.9,0.0239482690642237
FRA,2002,L,154597.7,1402827.9,0.1102043237092732
FRA,2002,M,54806.5,1402827.9,0.0390685842504273
FRA,2002,N,18580.200000000004,1402827.9,0.0132448178425878
FRA,2002,O,137918.5,1402827.9,0.0983146257641439
FRA,2002,P,79456.4,1402827.9,0.0566401623463576
FRA,2002,Q,128609.3,1402827.9,0.091678601487752
FRA,2002,R,26384.0,1402827.9,0.0188077240265894
FRA,2002,S,25790.6,1402827.9,0.0183847213189871
FRA,2002,T,3437.2,1402827.9,0.0024501936410018
FRA,2002,employees_compensation,0.0,1402827.9,0.0
FRA,2003,A01_02,28655.0,1726385.5,0.016598262670765
FRA,2003,A03,1395.5,1726385.5,0.0008083362609336
FRA,2003,B05_06,-21683.4,1726385.5,-0.0125599989110195
FRA,2003,B07_08,-776.0999999999999,1726385.5,-0.0004495519685493
FRA,2003,B09,-194.9,1726385.5,-0.0001128948314267
FRA,2003,C10T12,95811.3,1726385.5,0.0554982070922166
FRA,2003,C13T15,17167.199999999997,1726385.5,0.0099440130839838
FRA,2003,C16,402.00000000000045,1726385.5,0.0002328564506594
FRA,2003,C17_18,824.6000000000004,1726385.5,0.000477645346303
FRA,2003,C19,10117.1,1726385.5,0.0058602785994205
FRA,2003,C20,17407.4,1726385.5,0.0100831477094774
FRA,2003,C21,20993.200000000004,1726385.5,0.0121602040795639
FRA,2003,C22,5541.799999999999,1726385.5,0.0032100593986684
FRA,2003,C23,2256.7,1726385.5,0.0013071819706548
FRA,2003,C24,2569.400000000001,1726385.5,0.0014883118515534
FRA,2003,C25,9289.1,1726385.5,0.0053806638204502
FRA,2003,C26,15027.499999999996,1726385.5,0.0087046027668791
FRA,2003,C27,8272.600000000002,1726385.5,0.004791861377427
FRA,2003,C28,18030.1,1726385.5,0.0104438435100387
FRA,2003,C29,60935.100000000006,1726385.5,0.0352963460362705
FRA,2003,C30,18827.0,1726385.5,0.0109054437725525
FRA,2003,C31T33,32265.1,1726385.5,0.0186893946919734
FRA,2003,D,27614.2,1726385.5,0.0159953845766197
FRA,2003,E,9482.3,1726385.5,0.0054925739355433
FRA,2003,F,159292.1,1726385.5,0.09226913687586
FRA,2003,G,170504.40000000002,1726385.5,0.0987638044921021
FRA,2003,H49,39743.8,1726385.5,0.0230213935415931
FRA,2003,H50,5742.1,1726385.5,0.0033260821525667
FRA,2003,H51,10853.0,1726385.5,0.0062865449229039
FRA,2003,H52,5791.700000000003,1726385.5,0.0033548126997127
FRA,2003,H53,1193.4,1726385.5,0.0006912708662115
FRA,2003,I,62237.49999999999,1726385.5,0.0360507545968151
FRA,2003,J58T60,24704.1,1726385.5,0.0143097239869079
FRA,2003,J61,22163.8,1726385.5,0.0128382681620066
FRA,2003,J62_63,22687.3,1726385.5,0.0131415028682759
FRA,2003,K,40041.80000000001,1726385.5,0.0231940085224302
FRA,2003,L,193756.60000000003,1726385.5,0.1122325228055958
FRA,2003,M,66948.79999999999,1726385.5,0.0387797511042579
FRA,2003,N,22115.4,1726385.5,0.0128102327087432
FRA,2003,O,169106.2,1726385.5,0.0979539042699327
FRA,2003,P,97867.2,1726385.5,0.0566890766865222
FRA,2003,Q,162379.40000000002,1726385.5,0.0940574396622307
FRA,2003,R,33346.3,1726385.5,0.0193156742801651
FRA,2003,S,31161.800000000003,1726385.5,0.0180503137914446
FRA,2003,T,4519.0,1726385.5,0.0026176077127617
FRA,2003,employees_compensation,0.0,1726385.5,0.0
FRA,2004,A01_02,33091.8,1979038.1,0.0167211535745572
FRA,2004,A03,1402.7,1979038.1,0.0007087786738416
FRA,2004,B05_06,-27452.9,1979038.1,-0.0138718400620988
FRA,2004,B07_08,-989.6,1979038.1,-0.0005000409037097
FRA,2004,B09,-156.10000000000002,1979038.1,-7.887670277798089e-05
FRA,2004,C10T12,107646.1,1979038.1,0.0543931417995439
FRA,2004,C13T15,17892.40000000001,1979038.1,0.0090409578269362
FRA,2004,C16,432.5,1979038.1,0.0002185405121811
FRA,2004,C17_18,1232.7999999999993,1979038.1,0.000622928886513
FRA,2004,C19,11796.499999999998,1979038.1,0.0059607240507395
FRA,2004,C20,19934.3,1979038.1,0.0100727216924221
FRA,2004,C21,23263.9,1979038.1,0.0117551551938287
FRA,2004,C22,6698.9000000000015,1979038.1,0.0033849272532954
FRA,2004,C23,2437.5999999999995,1979038.1,0.0012317094855323
FRA,2004,C24,2300.0999999999985,1979038.1,0.0011622312880181
FRA,2004,C25,10559.1,1979038.1,0.0053354708027096
FRA,2004,C26,15613.399999999994,1979038.1,0.0078893882841366
FRA,2004,C27,9166.6,1979038.1,0.0046318461478836
FRA,2004,C28,20651.3,1979038.1,0.01043501891146
FRA,2004,C29,71142.69999999998,1979038.1,0.0359481204530625
FRA,2004,C30,19354.6,1979038.1,0.0097798016117021
FRA,2004,C31T33,36314.9,1979038.1,0.0183497730538891
FRA,2004,D,31657.1,1979038.1,0.0159962054292941
FRA,2004,E,11471.900000000003,1979038.1,0.0057967049750078
FRA,2004,F,189358.9,1979038.1,0.0956822913111172
FRA,2004,G,195309.2,1979038.1,0.098688953992346
FRA,2004,H49,45451.90000000001,1979038.1,0.0229666624407079
FRA,2004,H50,7924.900000000001,1979038.1,0.0040044201271314
FRA,2004,H51,11825.5,1979038.1,0.0059753776342153
FRA,2004,H52,6170.499999999998,1979038.1,0.0031179288564479
FRA,2004,H53,1485.6999999999998,1979038.1,0.0007507182403411
FRA,2004,I,70704.40000000001,1979038.1,0.0357266492241862
FRA,2004,J58T60,29258.800000000003,1979038.1,0.0147843540758512
FRA,2004,J61,26509.7,1979038.1,0.0133952448919502
FRA,2004,J62_63,26008.1,1979038.1,0.0131417884274183
FRA,2004,K,46924.5,1979038.1,0.0237107613036858
FRA,2004,L,223827.2,1979038.1,0.1130989848047897
FRA,2004,M,77252.20000000001,1979038.1,0.0390352262546132
FRA,2004,N,24434.3,1979038.1,0.0123465536110699
FRA,2004,O,194655.50000000003,1979038.1,0.0983586420089638
FRA,2004,P,108453.89999999998,1979038.1,0.0548013198937402
FRA,2004,Q,189044.6,1979038.1,0.0955234767839992
FRA,2004,R,38457.4,1979038.1,0.0194323696951564
FRA,2004,S,35153.40000000001,1979038.1,0.017762871770887
FRA,2004,T,5364.9,1979038.1,0.0027108624134118
FRA,2004,employees_compensation,0.0,1979038.1,0.0
FRA,2005,A01_02,32916.1,2051009.0,0.0160487350372426
FRA,2005,A03,1427.1000000000004,2051009.0,0.0006958038701926
FRA,2005,B05_06,-38283.0,2051009.0,-0.0186654471043276
FRA,2005,B07_08,-1368.4,2051009.0,-0.0006671838105049
FRA,2005,B09,-215.4,2051009.0,-0.0001050214796717
FRA,2005,C10T12,107971.9,2051009.0,0.0526433087324336
FRA,2005,C13T15,16558.200000000008,2051009.0,0.0080731971434547
FRA,2005,C16,64.69999999999982,2051009.0,3.154544909359238e-05
FRA,2005,C17_18,1377.6000000000022,2051009.0,0.000671669407594
FRA,2005,C19,13308.600000000002,2051009.0,0.0064888062412207
FRA,2005,C20,21363.599999999995,2051009.0,0.0104161415186378
FRA,2005,C21,23664.300000000003,2051009.0,0.0115378820863292
FRA,2005,C22,6699.700000000001,2051009.0,0.003266538567115
FRA,2005,C23,2340.9000000000005,2051009.0,0.0011413406767108
FRA,2005,C24,2809.699999999997,2051009.0,0.0013699111022916
FRA,2005,C25,10908.799999999996,2051009.0,0.005318747991842
FRA,2005,C26,15464.700000000004,2051009.0,0.0075400449242299
FRA,2005,C27,8971.3,2051009.0,0.0043740909961877
FRA,2005,C28,21457.1,2051009.0,0.0104617288368797
FRA,2005,C29,68875.3,2051009.0,0.0335811788246663
FRA,2005,C30,21768.6,2051009.0,0.0106136053035359
FRA,2005,C31T33,37595.2,2051009.0,0.0183300999654316
FRA,2005,D,33590.200000000004,2051009.0,0.0163774025369952
FRA,2005,E,12234.6,2051009.0,0.0059651615375651
FRA,2005,F,205420.8,2051009.0,0.1001559720118244
FRA,2005,G,201146.4,2051009.0,0.0980719245990631
FRA,2005,H49,45822.40000000001,2051009.0,0.022341393918798
FRA,2005,H50,8730.4,2051009.0,0.0042566366115409
FRA,2005,H51,12944.6,2051009.0,0.006311332617263
FRA,2005,H52,6704.799999999999,2051009.0,0.00326902514811
FRA,2005,H53,1950.7,2051009.0,0.0009510928523473
FRA,2005,I,73308.6,2051009.0,0.0357427003001937
FRA,2005,J58T60,30468.9,2051009.0,0.0148555662115573
FRA,2005,J61,28086.2,2051009.0,0.0136938453219854
FRA,2005,J62_63,27503.1,2051009.0,0.0134095462282223
FRA,2005,K,51481.4,2051009.0,0.0251005236934601
FRA,2005,L,238405.9,2051009.0,0.1162383490272349
FRA,2005,M,79031.5,2051009.0,0.0385329854720286
FRA,2005,N,25106.7,2051009.0,0.0122411456995069
FRA,2005,O,201254.6,2051009.0,0.0981246791213495
FRA,2005,P,111865.0,2051009.0,0.0545414476484501
FRA,2005,Q,198545.9,2051009.0,0.0968040120740572
FRA,2005,R,40289.100000000006,2051009.0,0.0196435510521894
FRA,2005,S,35817.3,2051009.0,0.0174632583279741
FRA,2005,T,5623.3,2051009.0,0.002741723707697
FRA,2005,employees_compensation,0.0,2051009.0,0.0
FRA,2006,A01_02,31833.6,2162955.4,0.0147176405024347
FRA,2006,A03,1395.4999999999998,2162955.4,0.0006451820504481
FRA,2006,B05_06,-49079.8,2162955.4,-0.022691082765738
FRA,2006,B07_08,-1878.7,2162955.4,-0.0008685800918502
FRA,2006,B09,-251.9,2162955.4,-0.000116461023653
FRA,2006,C10T12,111431.2,2162955.4,0.0515180294517399
FRA,2006,C13T15,16183.299999999996,2162955.4,0.0074820312984724
FRA,2006,C16,270.0,2162955.4,0.000124829203598
FRA,2006,C17_18,1404.300000000001,2162955.4,0.0006492505578247
FRA,2006,C19,14753.4,2162955.4,0.0068209450828251
FRA,2006,C20,23928.699999999997,2162955.4,0.0110629650523538
FRA,2006,C21,25211.9,2162955.4,0.0116562274007129
FRA,2006,C22,7272.100000000002,2162955.4,0.0033621127832779
FRA,2006,C23,2394.1000000000004,2162955.4,0.0011068651716073
FRA,2006,C24,2867.100000000002,2162955.4,0.0013255474430956
FRA,2006,C25,11643.2,2162955.4,0.0053830051234528
FRA,2006,C26,17083.600000000006,2162955.4,0.0078982673429142
FRA,2006,C27,9792.3,2162955.4,0.0045272778162693
FRA,2006,C28,23625.5,2162955.4,0.0109227864800171
FRA,2006,C29,67066.4,2162955.4,0.03100683444513
FRA,2006,C30,24831.500000000004,2162955.4,0.0114803569227548
FRA,2006,C31T33,39108.6,2162955.4,0.0180810940438254
FRA,2006,D,35187.100000000006,2162955.4,0.0162680654441603
FRA,2006,E,13815.1,2162955.4,0.0063871404838028
FRA,2006,F,227972.9,2162955.4,0.1053987983293599
FRA,2006,G,209451.5,2162955.4,0.0968357923607671
FRA,2006,H49,48663.6,2162955.4,0.0224986608600436
FRA,2006,H50,9697.0,2162955.4,0.004483217730703
FRA,2006,H51,14090.9,2162955.4,0.0065146512036262
FRA,2006,H52,6576.099999999999,2162955.4,0.0030403308362252
FRA,2006,H53,2084.8,2162955.4,0.00096386638393
FRA,2006,I,78024.9,2162955.4,0.036073281954866
FRA,2006,J58T60,32397.999999999996,2162955.4,0.0149785797709929
FRA,2006,J61,29017.6,2162955.4,0.0134157181419459
FRA,2006,J62_63,29927.5,2162955.4,0.0138363925580712
FRA,2006,K,61396.90000000001,2162955.4,0.0283856523347638
FRA,2006,L,255361.29999999996,2162955.4,0.1180612878101878
FRA,2006,M,80723.6,2162955.4,0.0373209729613472
FRA,2006,N,25585.5,2162955.4,0.0118289540320618
FRA,2006,O,207946.9,2162955.4,0.0961401700654576
FRA,2006,P,116019.8,2162955.4,0.0536394786503688
FRA,2006,Q,210475.8,2162955.4,0.0973093573727872
FRA,2006,R,43862.6,2162955.4,0.0202790126879176
FRA,2006,S,38005.6,2162955.4,0.0175711436306083
FRA,2006,T,5784.5,2162955.4,0.0026743501044912
FRA,2006,employees_compensation,0.0,2162955.4,0.0
FRA,2007,A01_02,37083.3,2485678.1,0.0149187861453178
FRA,2007,A03,1600.5000000000005,2485678.1,0.0006438886837358
FRA,2007,B05_06,-52037.7,2485678.1,-0.0209350116573823
FRA,2007,B07_08,-2025.9,2485678.1,-0.0008150291061421
FRA,2007,B09,-84.0,2485678.1,-3.379359539756978e-05
FRA,2007,C10T12,128314.9,2485678.1,0.0516216882628527
FRA,2007,C13T15,18027.200000000004,2485678.1,0.0072524274160841
FRA,2007,C16,20.99999999999909,2485678.1,8.44839884939208e-06
FRA,2007,C17_18,1768.300000000001,2485678.1,0.0007113954135895
FRA,2007,C19,15713.499999999993,2485678.1,0.0063216150152346
FRA,2007,C20,27911.800000000003,2485678.1,0.0112290485240224
FRA,2007,C21,26976.5,2485678.1,0.0108527729314588
FRA,2007,C22,8452.0,2485678.1,0.0034002793845269
FRA,2007,C23,2531.2,2485678.1,0.0010183136746467
FRA,2007,C24,2348.0999999999985,2485678.1,0.0009446516827742
FRA,2007,C25,14688.500000000004,2485678.1,0.0059092526904429
FRA,2007,C26,15139.599999999991,2485678.1,0.0060907323438219
FRA,2007,C27,11964.9,2485678.1,0.0048135355901474
FRA,2007,C28,26698.10000000001,2485678.1,0.0107407713009983
FRA,2007,C29,71290.5,2485678.1,0.0286805037225053
FRA,2007,C30,27780.4,2485678.1,0.0111761856855077
FRA,2007,C31T33,46309.20000000001,2485678.1,0.0186304091426802
FRA,2007,D,40175.09999999999,2485678.1,0.0161626318387726
FRA,2007,E,15934.2,2485678.1,0.0064104036640947
FRA,2007,F,270593.5,2485678.1,0.1088610387644321
FRA,2007,G,238382.4,2485678.1,0.0959023616131147
FRA,2007,H49,55934.60000000002,2485678.1,0.0225027528705346
FRA,2007,H50,12673.800000000005,2485678.1,0.0050987293970204
FRA,2007,H51,16851.5,2485678.1,0.0067794377719303
FRA,2007,H52,8416.8,2485678.1,0.0033861182588364
FRA,2007,H53,2503.4,2485678.1,0.001007129603789
FRA,2007,I,89714.3,2485678.1,0.0360924851854308
FRA,2007,J58T60,36650.1,2485678.1,0.014744507746196
FRA,2007,J61,33054.0,2485678.1,0.0132977797889437
FRA,2007,J62_63,34726.1,2485678.1,0.0139704734897089
FRA,2007,K,76041.3,2485678.1,0.0305917729250621
FRA,2007,L,295913.7,2485678.1,0.1190474744094981
FRA,2007,M,93975.6,2485678.1,0.0378068262338554
FRA,2007,N,29477.5,2485678.1,0.0118589370039507
FRA,2007,O,233147.60000000003,2485678.1,0.0937963769323147
FRA,2007,P,131423.9,2485678.1,0.0528724535972698
FRA,2007,Q,240014.5,2485678.1,0.0965589631255953
FRA,2007,R,49947.5,2485678.1,0.0200941143585728
FRA,2007,S,43168.3,2485678.1,0.017366810288106
FRA,2007,T,6486.5,2485678.1,0.0026095494826944
FRA,2007,employees_compensation,0.0,2485678.1,0.0
FRA,2008,A01_02,41377.9,2732597.9,0.0151423303077265
FRA,2008,A03,1667.3000000000004,2732597.9,0.0006101519729631
FRA,2008,B05_06,-67031.8,2732597.9,-0.0245304294495725
FRA,2008,B07_08,-4636.4,2732597.9,-0.0016967004183088
FRA,2008,B09,-130.5,2732597.9,-4.775675191728721e-05
FRA,2008,C10T12,134010.3,2732597.9,0.0490413536510439
FRA,2008,C13T15,16123.300000000005,2732597.9,0.0059003558481838
FRA,2008,C16,-13.5,2732597.9,-4.940353646615918e-06
FRA,2008,C17_18,3452.0,2732597.9,0.0012632667250457
FRA,2008,C19,29212.700000000008,2732597.9,0.0106904495535182
FRA,2008,C20,30661.6,2732597.9,0.0112206775830428
FRA,2008,C21,28066.300000000003,2732597.9,0.0102709220408901
FRA,2008,C22,7981.000000000002,2732597.9,0.0029206638854549
FRA,2008,C23,1837.7999999999995,2732597.9,0.0006725468097593
FRA,2008,C24,1417.5999999999983,2732597.9,0.0005187737281068
FRA,2008,C25,12284.4,2732597.9,0.0044955022471473
FRA,2008,C26,11255.299999999996,2732597.9,0.0041189009184263
FRA,2008,C27,14148.4,2732597.9,0.0051776370025022
FRA,2008,C28,22279.60000000001,2732597.9,0.0081532668966773
FRA,2008,C29,75759.39999999998,2732597.9,0.0277243131892914
FRA,2008,C30,28923.800000000003,2732597.9,0.0105847259854807
FRA,2008,C31T33,50137.7,2732597.9,0.0183479977057729
FRA,2008,D,37313.3,2732597.9,0.013654881312761
FRA,2008,E,13539.1,2732597.9,0.004954662374585
FRA,2008,F,314537.10000000003,2732597.9,0.1151055191837774
FRA,2008,G,265410.9,2732597.9,0.0971276820493787
FRA,2008,H49,51330.39999999998,2732597.9,0.0187844688016484
FRA,2008,H50,16581.0,2732597.9,0.0060678521344102
FRA,2008,H51,21253.0,2732597.9,0.0077775804482613
FRA,2008,H52,5453.199999999999,2732597.9,0.0019956101115352
FRA,2008,H53,1947.6000000000004,2732597.9,0.0007127283527517
FRA,2008,I,107368.1,2732597.9,0.0392915840270535
FRA,2008,J58T60,38112.4,2732597.9,0.0139473136534284
FRA,2008,J61,37383.8,2732597.9,0.01368068093736
FRA,2008,J62_63,36209.99999999999,2732597.9,0.0132511263365898
FRA,2008,K,84779.0,2732597.9,0.0310250549486259
FRA,2008,L,327650.1,2732597.9,0.1199042493591903
FRA,2008,M,131395.69999999998,2732597.9,0.0480845352329371
FRA,2008,N,30646.200000000008,2732597.9,0.0112150419203645
FRA,2008,O,256230.9,2732597.9,0.0937682415696799
FRA,2008,P,147444.00000000003,2732597.9,0.0539574446719731
FRA,2008,Q,270657.8,2732597.9,0.0990477962381512
FRA,2008,R,51354.40000000001,2732597.9,0.0187932516525757
FRA,2008,S,41263.6,2732597.9,0.0151005019801852
FRA,2008,T,5952.1,2732597.9,0.0021781836251868
FRA,2008,employees_compensation,0.0,2732597.9,0.0
FRA,2009,A01_02,35801.59999999999,2522208.1,0.0141945464373062
FRA,2009,A03,1467.0,2522208.1,0.0005816332125806
FRA,2009,B05_06,-44223.6,2522208.1,-0.0175336840762663
FRA,2009,B07_08,-2085.0,2522208.1,-0.0008266566109275
FRA,2009,B09,-152.7,2522208.1,-6.054218920318272e-05
FRA,2009,C10T12,119311.09999999998,2522208.1,0.0473042252144063
FRA,2009,C13T15,12650.700000000004,2522208.1,0.0050157241188782
FRA,2009,C16,-236.4000000000001,2522208.1,-9.372739703754027e-05
FRA,2009,C17_18,2459.5999999999985,2522208.1,0.0009751772663009
FRA,2009,C19,15974.399999999998,2522208.1,0.0063334980170747
FRA,2009,C20,24393.8,2522208.1,0.0096716048132586
FRA,2009,C21,26086.3,2522208.1,0.0103426438127765
FRA,2009,C22,5569.599999999999,2522208.1,0.0022082238178523
FRA,2009,C23,1304.3000000000002,2522208.1,0.0005171262434689
FRA,2009,C24,246.09999999999852,2522208.1,9.757323354880928e-05
FRA,2009,C25,8272.900000000001,2522208.1,0.0032800227705239
FRA,2009,C26,5762.200000000004,2522208.1,0.0022845854788905
FRA,2009,C27,9880.600000000002,2522208.1,0.0039174404364175
FRA,2009,C28,11311.1,2522208.1,0.0044846022023321
FRA,2009,C29,52734.600000000006,2522208.1,0.0209081082564123
FRA,2009,C30,30733.9,2522208.1,0.0121853149230628
FRA,2009,C31T33,47430.4,2522208.1,0.0188051096973322
FRA,2009,D,38152.4,2522208.1,0.0151265868982024
FRA,2009,E,12958.5,2522208.1,0.0051377600444626
FRA,2009,F,277594.0,2522208.1,0.1100599113927197
FRA,2009,G,251116.1,2522208.1,0.0995620067987252
FRA,2009,H49,47436.6,2522208.1,0.0188075678608755
FRA,2009,H50,13320.8,2522208.1,0.0052814040205485
FRA,2009,H51,18814.300000000003,2522208.1,0.0074594558632969
FRA,2009,H52,6654.800000000003,2522208.1,0.0026384817335254
FRA,2009,H53,1175.6000000000008,2522208.1,0.0004660995260462
FRA,2009,I,102386.39999999998,2522208.1,0.0405939541626244
FRA,2009,J58T60,32661.4,2522208.1,0.0129495262504311
FRA,2009,J61,34732.0,2522208.1,0.0137704735782903
FRA,2009,J62_63,32820.6,2522208.1,0.0130126455465748
FRA,2009,K,66218.50000000001,2522208.1,0.0262541778372688
FRA,2009,L,311405.4,2522208.1,0.1234653873326312
FRA,2009,M,124758.80000000002,2522208.1,0.0494641183651737
FRA,2009,N,24514.3,2522208.1,0.0097193804111563
FRA,2009,O,254211.1,2522208.1,0.1007891061804138
FRA,2009,P,142965.19999999998,2522208.1,0.0566825552578314
FRA,2009,Q,267553.00000000006,2522208.1,0.1060788758865694
FRA,2009,R,50565.7,2522208.1,0.0200481871420522
FRA,2009,S,39944.7,2522208.1,0.0158371944012074
FRA,2009,T,5555.4,2522208.1,0.0022025938303821
FRA,2009,employees_compensation,0.0,2522208.1,0.0
FRA,2010,A01_02,36077.100000000006,2466195.2,0.0146286473998489
FRA,2010,A03,923.0,2466195.2,0.0003742607235631
FRA,2010,B05_06,-48693.0,2466195.2,-0.0197441792117671
FRA,2010,B07_08,-2463.8,2466195.2,-0.0009990287873401
FRA,2010,B09,-415.6,2466195.2,-0.0001685186963302
FRA,2010,C10T12,115362.8,2466195.2,0.0467776435539246
FRA,2010,C13T15,9581.8,2466195.2,0.0038852561224675
FRA,2010,C16,-975.1999999999998,2466195.2,-0.0003954269313313
FRA,2010,C17_18,2651.2000000000007,2466195.2,0.0010750162841935
FRA,2010,C19,17270.799999999992,2466195.2,0.0070030141977407
FRA,2010,C20,22712.7,2466195.2,0.0092096116317151
FRA,2010,C21,25710.9,2466195.2,0.0104253304847888
FRA,2010,C22,4657.500000000002,2466195.2,0.0018885366413818
FRA,2010,C23,720.6000000000004,2466195.2,0.0002921909830981
FRA,2010,C24,-2879.900000000001,2466195.2,-0.0011677502251241
FRA,2010,C25,7199.5,2466195.2,0.0029192741920834
FRA,2010,C26,3532.0,2466195.2,0.0014321656290629
FRA,2010,C27,8211.199999999997,2466195.2,0.0033295012495361
FRA,2010,C28,9825.500000000004,2466195.2,0.0039840723070096
FRA,2010,C29,56461.09999999999,2466195.2,0.0228940109850185
FRA,2010,C30,39884.7,2466195.2,0.0161725641182011
FRA,2010,C31T33,43272.20000000001,2466195.2,0.0175461374671396
FRA,2010,D,39925.6,2466195.2,0.0161891483691153
FRA,2010,E,12297.7,2466195.2,0.0049865071507721
FRA,2010,F,267629.49999999994,2466195.2,0.1085191877755661
FRA,2010,G,242470.1,2466195.2,0.0983174811142281
FRA,2010,H49,39109.2,2466195.2,0.0158581121234847
FRA,2010,H50,15572.700000000004,2466195.2,0.0063144636726241
FRA,2010,H51,17343.100000000002,2466195.2,0.0070323306119483
FRA,2010,H52,6147.699999999999,2466195.2,0.0024927872700425
FRA,2010,H53,1148.4,2466195.2,0.0004656565708991
FRA,2010,I,94507.1,2466195.2,0.0383210136813176
FRA,2010,J58T60,35860.9,2466195.2,0.0145409819952613
FRA,2010,J61,37941.7,2466195.2,0.0153847108290535
FRA,2010,J62_63,50361.6,2466195.2,0.0204207679911144
FRA,2010,K,72460.09999999999,2466195.2,0.0293813320210825
FRA,2010,L,290451.30000000005,2466195.2,0.1177730375924825
FRA,2010,M,122722.8,2466195.2,0.0497619977526515
FRA,2010,N,27039.800000000003,2466195.2,0.0109641767204801
FRA,2010,O,245789.0,2466195.2,0.0996632383357164
FRA,2010,P,139299.1,2466195.2,0.0564834040711781
FRA,2010,Q,266684.1,2466195.2,0.1081358442348764
FRA,2010,R,49692.09999999999,2466195.2,0.0201492971845861
FRA,2010,S,37824.9,2466195.2,0.0153373504254651
FRA,2010,T,5289.6,2466195.2,0.0021448423871719
FRA,2010,employees_compensation,0.0,2466195.2,0.0
FRA,2011,A01_02,41232.3,2667911.9,0.0154548956432931
FRA,2011,A03,1035.7999999999995,2667911.9,0.000388243704749
FRA,2011,B05_06,-63986.1,2667911.9,-0.0239835880637587
FRA,2011,B07_08,-3797.8,2667911.9,-0.0014235102740836
FRA,2011,B09,-307.2,2667911.9,-0.000115146231028
FRA,2011,C10T12,131836.99999999997,2667911.9,0.0494157996746444
FRA,2011,C13T15,10645.199999999995,2667911.9,0.0039900867791024
FRA,2011,C16,-660.6999999999998,2667911.9,-0.0002476468582039
FRA,2011,C17_18,3401.5,2667911.9,0.0012749671381577
FRA,2011,C19,23539.1,2667911.9,0.0088230424700305
FRA,2011,C20,29109.0,2667911.9,0.0109107800748592
FRA,2011,C21,26020.300000000003,2667911.9,0.009753058187566
FRA,2011,C22,5708.4000000000015,2667911.9,0.0021396508632837
FRA,2011,C23,1505.699999999999,2667911.9,0.0005643739585253
FRA,2011,C24,-1434.7000000000007,2667911.9,-0.0005377613855989
FRA,2011,C25,7978.0,2667911.9,0.0029903536169991
FRA,2011,C26,4367.099999999999,2667911.9,0.0016368981299569
FRA,2011,C27,9473.699999999995,2667911.9,0.0035509793258165
FRA,2011,C28,12676.100000000006,2667911.9,0.0047513188122891
FRA,2011,C29,61332.00000000001,2667911.9,0.0229887651087728
FRA,2011,C30,27543.700000000004,2667911.9,0.0103240665480745
FRA,2011,C31T33,47693.50000000001,2667911.9,0.017876714744591
FRA,2011,D,42095.0,2667911.9,0.0157782571455976
FRA,2011,E,13183.100000000002,2667911.9,0.0049413550724819
FRA,2011,F,292469.19999999995,2667911.9,0.1096247593483128
FRA,2011,G,265252.7,2667911.9,0.0994233355306822
FRA,2011,H49,42236.100000000006,2667911.9,0.0158311449489767
FRA,2011,H50,16579.399999999998,2667911.9,0.0062143731207915
FRA,2011,H51,19178.4,2667911.9,0.0071885432198866
FRA,2011,H52,6318.9000000000015,2667911.9,0.0023684815079538
FRA,2011,H53,1340.6999999999998,2667911.9,0.0005025278383442
FRA,2011,I,102952.4,2667911.9,0.0385891303232314
FRA,2011,J58T60,37374.0,2667911.9,0.0140087084584764
FRA,2011,J61,38630.2,2667911.9,0.0144795635867886
FRA,2011,J62_63,51930.59999999999,2667911.9,0.0194648856283447
FRA,2011,K,79521.1,2667911.9,0.0298064939850525
FRA,2011,L,314285.9,2667911.9,0.1178022032886468
FRA,2011,M,136592.7,2667911.9,0.0511983547882521
FRA,2011,N,33331.899999999994,2667911.9,0.0124936284440277
FRA,2011,O,263479.19999999995,2667911.9,0.098758583444978
FRA,2011,P,149099.69999999998,2667911.9,0.0558862906979799
FRA,2011,Q,289390.3,2667911.9,0.1084707107457333
FRA,2011,R,53310.20000000001,2667911.9,0.0199819941580529
FRA,2011,S,38966.8,2667911.9,0.014605729671958
FRA,2011,T,5481.5,2667911.9,0.0020546030774104
FRA,2011,employees_compensation,0.0,2667911.9,0.0
FRA,2012,A01_02,40172.50000000001,2499583.2,0.0160716794704013
FRA,2012,A03,899.9000000000003,2499583.2,0.0003600200225381
FRA,2012,B05_06,-60299.8,2499583.2,-0.0241239419436008
FRA,2012,B07_08,-3281.2000000000003,2499583.2,-0.0013126988531527
FRA,2012,B09,-317.7,2499583.2,-0.0001271011903104
FRA,2012,C10T12,123145.6,2499583.2,0.0492664537031614
FRA,2012,C13T15,10808.2,2499583.2,0.0043240008974296
FRA,2012,C16,-395.5999999999999,2499583.2,-0.0001582663861719
FRA,2012,C17_18,3094.2999999999997,2499583.2,0.0012379263870872
FRA,2012,C19,18489.10000000001,2499583.2,0.007396873206701
FRA,2012,C20,26281.399999999998,2499583.2,0.0105143129462543
FRA,2012,C21,23996.3,2499583.2,0.0096001205320951
FRA,2012,C22,4707.5,2499583.2,0.0018833139861077
FRA,2012,C23,960.8999999999996,2499583.2,0.0003844240911844
FRA,2012,C24,-1915.2999999999995,2499583.2,-0.0007662477488246
FRA,2012,C25,7320.600000000002,2499583.2,0.0029287282775784
FRA,2012,C26,5557.0,2499583.2,0.0022231706470102
FRA,2012,C27,8117.199999999997,2499583.2,0.0032474214100974
FRA,2012,C28,13202.100000000006,2499583.2,0.0052817205684531
FRA,2012,C29,51686.7,2499583.2,0.0206781274574097
FRA,2012,C30,30994.9,2499583.2,0.0124000273325568
FRA,2012,C31T33,44349.4,2499583.2,0.0177427180659559
FRA,2012,D,43018.2,2499583.2,0.0172101492760873
FRA,2012,E,12267.8,2499583.2,0.0049079382514652
FRA,2012,F,269285.1,2499583.2,0.1077320010792199
FRA,2012,G,250177.1,2499583.2,0.1000875265924335
FRA,2012,H49,40202.09999999999,2499583.2,0.0160835214446952
FRA,2012,H50,17509.5,2499583.2,0.0070049678682429
FRA,2012,H51,18823.9,2499583.2,0.0075308155375664
FRA,2012,H52,5198.6,2499583.2,0.0020797867420456
FRA,2012,H53,766.0000000000005,2499583.2,0.0003064510915259
FRA,2012,I,97168.8,2499583.2,0.0388740010734589
FRA,2012,J58T60,33499.5,2499583.2,0.013402034387173
FRA,2012,J61,32310.9,2499583.2,0.0129265151085989
FRA,2012,J62_63,50680.8,2499583.2,0.0202757003647648
FRA,2012,K,66813.0,2499583.2,0.0267296563683097
FRA,2012,L,297456.19999999995,2499583.2,0.1190023200668015
FRA,2012,M,127054.7,2499583.2,0.0508303544366917
FRA,2012,N,32068.499999999996,2499583.2,0.0128295389407321
FRA,2012,O,249883.1,2499583.2,0.0999699069828922
FRA,2012,P,139487.09999999998,2499583.2,0.0558041436668321
FRA,2012,Q,275249.1,2499583.2,0.110117998872772
FRA,2012,R,50940.4,2499583.2,0.0203795576798563
FRA,2012,S,37202.4,2499583.2,0.0148834413673447
FRA,2012,T,4946.4,2499583.2,0.0019788899205275
FRA,2012,employees_compensation,0.0,2499583.2,0.0
FRA,2013,A01_02,42566.3,2617588.4,0.0162616475531447
FRA,2013,A03,833.3999999999999,2617588.4,0.0003183846627682
FRA,2013,B05_06,-59300.4,2617588.4,-0.0226545930597797
FRA,2013,B07_08,-3193.4,2617588.4,-0.0012199779002688
FRA,2013,B09,-379.0,2617588.4,-0.000144789761446
FRA,2013,C10T12,128798.9,2617588.4,0.0492051767955573
FRA,2013,C13T15,10549.199999999995,2617588.4,0.0040301217716276
FRA,2013,C16,-236.4000000000001,2617588.4,-9.031213616319514e-05
FRA,2013,C17_18,3106.500000000002,2617588.4,0.001186779403515
FRA,2013,C19,17972.300000000007,2617588.4,0.0068659763314965
FRA,2013,C20,29341.500000000007,2617588.4,0.0112093635500524
FRA,2013,C21,26572.4,2617588.4,0.0101514814170172
FRA,2013,C22,4344.100000000002,2617588.4,0.0016595810097569
FRA,2013,C23,828.5,2617588.4,0.0003165127107073
FRA,2013,C24,-912.1000000000022,2617588.4,-0.0003484505050526
FRA,2013,C25,7538.6,2617588.4,0.0028799791441618
FRA,2013,C26,5724.400000000009,2617588.4,0.0021868984443849
FRA,2013,C27,7446.499999999996,2617588.4,0.0028447940860373
FRA,2013,C28,11958.400000000009,2617588.4,0.0045684799031047
FRA,2013,C29,50267.500000000015,2617588.4,0.0192037449432462
FRA,2013,C30,33874.6,2617588.4,0.0129411484250159
FRA,2013,C31T33,44830.90000000001,2617588.4,0.0171267950301124
FRA,2013,D,47490.2,2617588.4,0.0181427301557418
FRA,2013,E,12558.5,2617588.4,0.0047977367259115
FRA,2013,F,278424.7,2617588.4,0.1063668757089541
FRA,2013,G,260541.4,2617588.4,0.0995349001393802
FRA,2013,H49,41484.0,2617588.4,0.0158481753663028
FRA,2013,H50,18596.6,2617588.4,0.0071044783052981
FRA,2013,H51,17968.399999999998,2617588.4,0.0068644864104685
FRA,2013,H52,5090.9000000000015,2617588.4,0.0019448817850812
FRA,2013,H53,681.0,2617588.4,0.0002601631333635
FRA,2013,I,101155.1,2617588.4,0.038644387329956
FRA,2013,J58T60,35481.2,2617588.4,0.0135549194823754
FRA,2013,J61,30755.8,2617588.4,0.0117496700397969
FRA,2013,J62_63,51856.5,2617588.4,0.0198107922544277
FRA,2013,K,71231.90000000002,2617588.4,0.027212796328101
FRA,2013,L,314233.5,2617588.4,0.1200469485576876
FRA,2013,M,134433.4,2617588.4,0.0513577306500899
FRA,2013,N,33197.2,2617588.4,0.0126823606033706
FRA,2013,O,263169.9,2617588.4,0.1005390687091981
FRA,2013,P,146687.80000000002,2617588.4,0.0560392917389151
FRA,2013,Q,292507.5,2617588.4,0.1117469423382224
FRA,2013,R,54350.0,2617588.4,0.0207633866348124
FRA,2013,S,38266.1,2617588.4,0.0146188377057294
FRA,2013,T,4894.1,2617588.4,0.0018696980778184
FRA,2013,employees_compensation,0.0,2617588.4,0.0
FRA,2014,A01_02,42185.2,2656759.8000000003,0.0158784395939745
FRA,2014,A03,971.0,2656759.8000000003,0.0003654827959983
FRA,2014,B05_06,-48484.5,2656759.8000000003,-0.018249485708117
FRA,2014,B07_08,-1950.0,2656759.8000000003,-0.0007339767787814
FRA,2014,B09,-285.8,2656759.8000000003,-0.0001075746478849
FRA,2014,C10T12,129772.6,2656759.8000000003,0.048846192267739
FRA,2014,C13T15,9988.699999999995,2656759.8000000003,0.0037597301795969
FRA,2014,C16,-53.19999999999982,2656759.8000000003,-2.002439211854975e-05
FRA,2014,C17_18,3356.2000000000007,2656759.8000000003,0.0012632681358698
FRA,2014,C19,16356.900000000003,2656759.8000000003,0.006156710139923
FRA,2014,C20,30702.10000000001,2656759.8000000003,0.0115562197229873
FRA,2014,C21,25373.5,2656759.8000000003,0.0095505434853387
FRA,2014,C22,4347.800000000001,2656759.8000000003,0.0016365047378389
FRA,2014,C23,1036.3999999999996,2656759.8000000003,0.0003900992479636
FRA,2014,C24,-64.60000000000218,2656759.8000000003,-2.431533328681132e-05
FRA,2014,C25,7409.4,2656759.8000000003,0.0027888859203605
FRA,2014,C26,6580.799999999996,2656759.8000000003,0.0024770022491306
FRA,2014,C27,7169.5,2656759.8000000003,0.002698587956653
FRA,2014,C28,12499.0,2656759.8000000003,0.0047046029528149
FRA,2014,C29,49903.70000000001,2656759.8000000003,0.0187836702437307
FRA,2014,C30,35431.700000000004,2656759.8000000003,0.0133364333501282
FRA,2014,C31T33,46720.30000000001,2656759.8000000003,0.0175854437424113
FRA,2014,D,43789.00000000001,2656759.8000000003,0.0164821072646462
FRA,2014,E,12729.7,2656759.8000000003,0.0047914380517199
FRA,2014,F,273332.10000000003,2656759.8000000003,0.1028817509208021
FRA,2014,G,264903.80000000005,2656759.8000000003,0.0997093527235695
FRA,2014,H49,42749.00000000001,2656759.8000000003,0.0160906529826294
FRA,2014,H50,19310.8,2656759.8000000003,0.0072685532203551
FRA,2014,H51,18845.1,2656759.8000000003,0.0070932645096481
FRA,2014,H52,4520.799999999997,2656759.8000000003,0.001701621652059
FRA,2014,H53,669.1999999999994,2656759.8000000003,0.0002518857745438
FRA,2014,I,103909.10000000002,2656759.8000000003,0.0391112135918346
FRA,2014,J58T60,36089.9,2656759.8000000003,0.013584178742843
FRA,2014,J61,28987.9,2656759.8000000003,0.0109109976746862
FRA,2014,J62_63,55623.00000000001,2656759.8000000003,0.0209364053159792
FRA,2014,K,69076.29999999999,2656759.8000000003,0.0260002052123793
FRA,2014,L,319472.8,2656759.8000000003,0.1202490341806586
FRA,2014,M,136493.90000000002,2656759.8000000003,0.0513760784847768
FRA,2014,N,34711.200000000004,2656759.8000000003,0.0130652383403271
FRA,2014,O,263742.3,2656759.8000000003,0.0992721660422594
FRA,2014,P,149061.60000000003,2656759.8000000003,0.0561065400041057
FRA,2014,Q,300268.4,2656759.8000000003,0.1130205297445406
FRA,2014,R,55400.2,2656759.8000000003,0.0208525437640241
FRA,2014,S,39320.4,2656759.8000000003,0.0148001336063576
FRA,2014,T,4786.6,2656759.8000000003,0.0018016683329821
FRA,2014,employees_compensation,0.0,2656759.8000000003,0.0
FRA,2015,A01_02,38095.5,2263956.8,0.0168269553553318
FRA,2015,A03,798.3999999999999,2263956.8,0.0003526569058208
FRA,2015,B05_06,-30793.5,2263956.8,-0.0136016287943303
FRA,2015,B07_08,-677.6,2263956.8,-0.0002992989972246
FRA,2015,B09,-1124.0,2263956.8,-0.0004964759044872
FRA,2015,C10T12,109620.4,2263956.8,0.0484198285055616
FRA,2015,C13T15,8526.7,2263956.8,0.0037662821128035
FRA,2015,C16,166.5,2263956.8,7.354380613623017e-05
FRA,2015,C17_18,3019.0999999999985,2263956.8,0.0013335501808161
FRA,2015,C19,11279.0,2263956.8,0.0049819855219852
FRA,2015,C20,26430.300000000003,2263956.8,0.0116743835394739
FRA,2015,C21,22007.1,2263956.8,0.0097206360121359
FRA,2015,C22,3658.800000000001,2263956.8,0.0016161085759233
FRA,2015,C23,758.0,2263956.8,0.0003348120423499
FRA,2015,C24,1637.800000000003,2263956.8,0.0007234236978373
FRA,2015,C25,6612.1,2263956.8,0.0029205945979181
FRA,2015,C26,5863.0,2263956.8,0.0025897137259862
FRA,2015,C27,5475.600000000002,2263956.8,0.0024185973866639
FRA,2015,C28,10475.500000000004,2263956.8,0.0046270759230034
FRA,2015,C29,43698.9,2263956.8,0.0193020025823814
FRA,2015,C30,30450.699999999997,2263956.8,0.0134502124775525
FRA,2015,C31T33,39098.8,2263956.8,0.017270117521677
FRA,2015,D,38311.1,2263956.8,0.0169221868544488
FRA,2015,E,10712.6,2263956.8,0.0047318040697596
FRA,2015,F,219708.6,2263956.8,0.0970462863955708
FRA,2015,G,235376.3,2263956.8,0.1039667806382171
FRA,2015,H49,37270.50000000001,2263956.8,0.0164625491087109
FRA,2015,H50,15884.9,2263956.8,0.0070164324690294
FRA,2015,H51,16433.399999999998,2263956.8,0.0072587074099647
FRA,2015,H52,4072.499999999998,2263956.8,0.0017988417446834
FRA,2015,H53,552.0999999999999,2263956.8,0.0002438650772841
FRA,2015,I,87715.9,2263956.8,0.038744511379369
FRA,2015,J58T60,29465.300000000003,2263956.8,0.0130149568224976
FRA,2015,J61,23548.9,2263956.8,0.0104016560740028
FRA,2015,J62_63,49897.30000000001,2263956.8,0.0220398640115394
FRA,2015,K,61237.8,2263956.8,0.0270490143628182
FRA,2015,L,272357.49999999994,2263956.8,0.1203015446231129
FRA,2015,M,113563.30000000002,2263956.8,0.0501614253416849
FRA,2015,N,31305.10000000001,2263956.8,0.0138276048376894
FRA,2015,O,219837.8,2263956.8,0.0971033546223143
FRA,2015,P,120967.2,2263956.8,0.0534317615954509
FRA,2015,Q,256209.9,2263956.8,0.1131690763710685
FRA,2015,R,46801.5,2263956.8,0.020672435092401
FRA,2015,S,33800.200000000004,2263956.8,0.0149297018388336
FRA,2015,T,3850.0,2263956.8,0.0017005624842311
FRA,2015,employees_compensation,0.0,2263956.8,0.0
FRA,2016,A01_02,35042.90000000001,2293082.1,0.015282008437465
FRA,2016,A03,698.8,2293082.1,0.0003047426867097
FRA,2016,B05_06,-27873.4,2293082.1,-0.0121554304575488
FRA,2016,B07_08,-243.5,2293082.1,-0.00010618895852
FRA,2016,B09,-1016.4,2293082.1,-0.0004432462317855
FRA,2016,C10T12,106851.7,2293082.1,0.0465974157663173
FRA,2016,C13T15,8458.100000000006,2293082.1,0.0036885290762158
FRA,2016,C16,108.59999999999992,2293082.1,4.7359839405662754e-05
FRA,2016,C17_18,2632.7999999999997,2293082.1,0.0011481490348731
FRA,2016,C19,9577.499999999998,2293082.1,0.0041766930194082
FRA,2016,C20,24822.400000000005,2293082.1,0.0108249067924781
FRA,2016,C21,21643.1,2293082.1,0.0094384322305773
FRA,2016,C22,3175.4,2293082.1,0.0013847737941873
FRA,2016,C23,671.3000000000011,2293082.1,0.0002927500938583
FRA,2016,C24,-626.9000000000015,2293082.1,-0.000273387507582
FRA,2016,C25,6017.399999999998,2293082.1,0.0026241537535878
FRA,2016,C26,4005.9000000000015,2293082.1,0.0017469500982978
FRA,2016,C27,4861.899999999998,2293082.1,0.0021202468066886
FRA,2016,C28,8011.300000000003,2293082.1,0.0034936821494529
FRA,2016,C29,45242.100000000006,2293082.1,0.0197298212741706
FRA,2016,C30,44188.0,2293082.1,0.0192701342878216
FRA,2016,C31T33,38504.3,2293082.1,0.0167915051973062
FRA,2016,D,38169.7,2293082.1,0.0166455880493768
FRA,2016,E,10582.0,2293082.1,0.0046147497291963
FRA,2016,F,219998.00000000003,2293082.1,0.0959398706221639
FRA,2016,G,238571.5,2293082.1,0.1040396678339602
FRA,2016,H49,37149.0,2293082.1,0.0162004666121636
FRA,2016,H50,13963.7,2293082.1,0.0060894897744829
FRA,2016,H51,15380.8,2293082.1,0.0067074789864697
FRA,2016,H52,4340.899999999998,2293082.1,0.0018930416839414
FRA,2016,H53,1345.3000000000002,2293082.1,0.0005866776422876
FRA,2016,I,89606.9,2293082.1,0.0390770570316692
FRA,2016,J58T60,30483.300000000003,2293082.1,0.0132935929332839
FRA,2016,J61,22825.6,2293082.1,0.009954113723185
FRA,2016,J62_63,53461.50000000001,2293082.1,0.0233142546444368
FRA,2016,K,63422.600000000006,2293082.1,0.0276582334317641
FRA,2016,L,277321.4,2293082.1,0.1209382777877861
FRA,2016,M,119355.8,2293082.1,0.0520503823216796
FRA,2016,N,33040.90000000001,2293082.1,0.0144089476778873
FRA,2016,O,219994.8,2293082.1,0.0959384751204503
FRA,2016,P,121689.9,2293082.1,0.0530682699934729
FRA,2016,Q,261352.9,2293082.1,0.113974506189726
FRA,2016,R,47885.2,2293082.1,0.0208824620801845
FRA,2016,S,34650.2,2293082.1,0.0151107542115478
FRA,2016,T,3736.9,2293082.1,0.0016296407354974
FRA,2016,employees_compensation,0.0,2293082.1,0.0
FRA,2017,A01_02,36211.09999999999,2403811.6,0.0150640341364522
FRA,2017,A03,694.2,2403811.6,0.0002887913512023
FRA,2017,B05_06,-33547.5,2403811.6,-0.0139559606085601
FRA,2017,B07_08,-570.3000000000001,2403811.6,-0.0002372482103006
FRA,2017,B09,-907.0,2403811.6,-0.0003773174237115
FRA,2017,C10T12,112292.30000000002,2403811.6,0.0467142682895781
FRA,2017,C13T15,8735.099999999999,2403811.6,0.0036338538344685
FRA,2017,C16,-105.29999999999971,2403811.6,-4.380542967676823e-05
FRA,2017,C17_18,2432.500000000002,2403811.6,0.0010119345459519
FRA,2017,C19,10433.999999999996,2403811.6,0.0043406063936125
FRA,2017,C20,26276.6,2403811.6,0.010931222729768
FRA,2017,C21,23174.899999999998,2403811.6,0.0096408969821095
FRA,2017,C22,2994.4,2403811.6,0.0012456883060219
FRA,2017,C23,344.9999999999991,2403811.6,0.0001435220630435
FRA,2017,C24,334.79999999999563,2403811.6,0.0001392788020492
FRA,2017,C25,5428.6,2403811.6,0.0022583300621396
FRA,2017,C26,3357.5,2403811.6,0.0013967400773005
FRA,2017,C27,4255.399999999998,2403811.6,0.0017702718465956
FRA,2017,C28,7769.199999999997,2403811.6,0.0032320336585446
FRA,2017,C29,49650.19999999998,2403811.6,0.020654780100071
FRA,2017,C30,44434.8,2403811.6,0.0184851425128325
FRA,2017,C31T33,40044.7,2403811.6,0.0166588346607529
FRA,2017,D,38660.39999999999,2403811.6,0.0160829575828654
FRA,2017,E,11335.2,2403811.6,0.004715510982641
FRA,2017,F,237160.9,2403811.6,0.0986603525833721
FRA,2017,G,247856.50000000003,2403811.6,0.1031097861413099
FRA,2017,H49,39620.5,2403811.6,0.0164823649241063
FRA,2017,H50,16584.3,2403811.6,0.0068991679714
FRA,2017,H51,16113.999999999998,2403811.6,0.006703520359083
FRA,2017,H52,4058.5999999999967,2403811.6,0.0016884018697638
FRA,2017,H53,1391.1999999999998,2403811.6,0.0005787475191483
FRA,2017,I,96329.4,2403811.6,0.0400736064340483
FRA,2017,J58T60,33036.9,2403811.6,0.0137435479552557
FRA,2017,J61,23371.60000000001,2403811.6,0.0097227253583433
FRA,2017,J62_63,57131.30000000001,2403811.6,0.0237669624358248
FRA,2017,K,64249.89999999998,2403811.6,0.0267283426038879
FRA,2017,L,290270.99999999994,2403811.6,0.120754471773079
FRA,2017,M,127515.1,2403811.6,0.0530470441194309
FRA,2017,N,35094.99999999999,2403811.6,0.0145997298623569
FRA,2017,O,229813.5,2403811.6,0.0956037902471225
FRA,2017,P,128138.80000000002,2403811.6,0.0533065070490549
FRA,2017,Q,271889.7,2403811.6,0.113107741055913
FRA,2017,R,50288.2,2403811.6,0.0209201919152066
FRA,2017,S,36344.99999999999,2403811.6,0.0151197373371523
FRA,2017,T,3819.4,2403811.6,0.0015888932393869
FRA,2017,employees_compensation,0.0,2403811.6,0.0
FRA,2018,A01_02,41087.99999999999,2582634.7,0.0159093347580283
FRA,2018,A03,622.2999999999997,2582634.7,0.0002409554862714
FRA,2018,B05_06,-39770.4,2582634.7,-0.0153991580768275
FRA,2018,B07_08,-720.7,2582634.7,-0.0002790561127363
FRA,2018,B09,-1085.9,2582634.7,-0.0004204620963235
FRA,2018,C10T12,117016.19999999998,2582634.7,0.0453088468144565
FRA,2018,C13T15,10002.700000000004,2582634.7,0.0038730603286635
FRA,2018,C16,-177.90000000000057,2582634.7,-6.888314479783011e-05
FRA,2018,C17_18,2342.399999999998,2582634.7,0.0009069807665791
FRA,2018,C19,9325.500000000004,2582634.7,0.0036108474806754
FRA,2018,C20,26626.4,2582634.7,0.0103097817124504
FRA,2018,C21,24618.4,2582634.7,0.0095322811236138
FRA,2018,C22,3409.2000000000007,2582634.7,0.001320047314473
FRA,2018,C23,291.7000000000007,2582634.7,0.000112946674185
FRA,2018,C24,151.90000000000146,2582634.7,5.881590609775415e-05
FRA,2018,C25,5315.899999999998,2582634.7,0.0020583243925282
FRA,2018,C26,3631.799999999996,2582634.7,0.0014062383658052
FRA,2018,C27,3353.2999999999997,2582634.7,0.0012984027512679
FRA,2018,C28,7149.9000000000015,2582634.7,0.0027684519223721
FRA,2018,C29,52500.99999999999,2582634.7,0.0203284653458733
FRA,2018,C30,50220.3,2582634.7,0.0194453749111324
FRA,2018,C31T33,43244.4,2582634.7,0.016744296047753
FRA,2018,D,43184.4,2582634.7,0.0167210639584452
FRA,2018,E,11957.899999999998,2582634.7,0.0046301166789093
FRA,2018,F,258183.60000000003,2582634.7,0.0999690742171163
FRA,2018,G,267231.4,2582634.7,0.1034723958444452
FRA,2018,H49,44759.39999999999,2582634.7,0.0173309063027767
FRA,2018,H50,17299.0,2582634.7,0.0066981985489469
FRA,2018,H51,16778.6,2582634.7,0.00649669889435
FRA,2018,H52,5752.000000000002,2582634.7,0.0022271829616476
FRA,2018,H53,2118.1000000000004,2582634.7,0.0008201314727166
FRA,2018,I,106891.69999999998,2582634.7,0.041388625344498
FRA,2018,J58T60,34833.899999999994,2582634.7,0.0134877379290226
FRA,2018,J61,25065.7,2582634.7,0.0097054763494039
FRA,2018,J62_63,64806.000000000015,2582634.7,0.0250929796614286
FRA,2018,K,74618.1,2582634.7,0.0288922393863909
FRA,2018,L,308995.10000000003,2582634.7,0.1196433626482289
FRA,2018,M,138626.69999999998,2582634.7,0.053676464580918
FRA,2018,N,38723.4,2582634.7,0.0149937581184052
FRA,2018,O,243947.4,2582634.7,0.0944567963870384
FRA,2018,P,135296.89999999997,2582634.7,0.052387161064629
FRA,2018,Q,289875.9,2582634.7,0.1122403799499789
FRA,2018,R,54007.3,2582634.7,0.0209117069479473
FRA,2018,S,38671.7,2582634.7,0.0149737398014515
FRA,2018,T,1854.1,2582634.7,0.0007179102797619
FRA,2018,employees_compensation,0.0,2582634.7,0.0
FRA,2019,A01_02,39469.8,2524134.5,0.0156369638781134
FRA,2019,A03,652.2,2524134.5,0.0002583855971224
FRA,2019,B05_06,-33162.1,2524134.5,-0.0131380082955167
FRA,2019,B07_08,-882.6,2524134.5,-0.0003496644097214
FRA,2019,B09,-1033.6999999999998,2524134.5,-0.0004095265129492
FRA,2019,C10T12,113048.6,2524134.5,0.0447870745398076
FRA,2019,C13T15,10422.100000000002,2524134.5,0.004128979656195
FRA,2019,C16,-197.0,2524134.5,-7.804655417530247e-05
FRA,2019,C17_18,2038.3,2524134.5,0.0008075243217031
FRA,2019,C19,8225.7,2524134.5,0.0032588200034506
FRA,2019,C20,26150.200000000004,2524134.5,0.0103600659948984
FRA,2019,C21,25983.3,2524134.5,0.0102939443203204
FRA,2019,C22,2838.0999999999985,2524134.5,0.0011243854081468
FRA,2019,C23,-73.69999999999982,2524134.5,-2.919812712040496e-05
FRA,2019,C24,-45.60000000000218,2524134.5,-1.8065598326872908e-05
FRA,2019,C25,5093.9,2524134.5,0.0020180778797643
FRA,2019,C26,3943.800000000003,2524134.5,0.0015624365500332
FRA,2019,C27,3301.2000000000007,2524134.5,0.001307854236769
FRA,2019,C28,6300.5,2524134.5,0.002496103119703
FRA,2019,C29,48877.90000000001,2524134.5,0.0193642216767767
FRA,2019,C30,46753.4,2524134.5,0.0185225470354293
FRA,2019,C31T33,44147.4,2524134.5,0.0174901139380647
FRA,2019,D,42075.5,2524134.5,0.0166692781228575
FRA,2019,E,11633.8,2524134.5,0.0046090253906834
FRA,2019,F,256575.9,2524134.5,0.1016490603016598
FRA,2019,G,260951.5,2524134.5,0.1033825653902357
FRA,2019,H49,44028.5,2524134.5,0.0174430086827781
FRA,2019,H50,16995.0,2524134.5,0.0067330009553769
FRA,2019,H51,16266.899999999998,2524134.5,0.0064445456452498
FRA,2019,H52,6974.999999999996,2524134.5,0.0027633234282879
FRA,2019,H53,1933.5000000000005,2524134.5,0.0007660051395834
FRA,2019,I,106537.5,2524134.5,0.0422075368804633
FRA,2019,J58T60,34145.7,2524134.5,0.0135276864208305
FRA,2019,J61,24375.2,2524134.5,0.0096568546565169
FRA,2019,J62_63,64838.7,2524134.5,0.0256874980315034
FRA,2019,K,68839.3,2524134.5,0.0272724373443649
FRA,2019,L,301862.99999999994,2524134.5,0.1195906953452757
FRA,2019,M,137838.30000000002,2524134.5,0.0546081439004141
FRA,2019,N,40046.7,2524134.5,0.0158655174674725
FRA,2019,O,233746.1,2524134.5,0.092604455111247
FRA,2019,P,130738.4,2524134.5,0.0517953381644282
FRA,2019,Q,279116.4,2524134.5,0.1105790519483014
FRA,2019,R,53557.100000000006,2524134.5,0.021218005617371
FRA,2019,S,37555.8,2524134.5,0.0148786841588671
FRA,2019,T,1649.0,2524134.5,0.0006532932377414
FRA,2019,employees_compensation,0.0,2524134.5,0.0
FRA,2020,A01_02,38836.7,2441854.2,0.0159045941399777
FRA,2020,A03,697.0999999999996,2441854.2,0.0002854797800785
FRA,2020,B05_06,-16749.7,2441854.2,-0.0068594185516891
FRA,2020,B07_08,-745.0999999999999,2441854.2,-0.0003051369733704
FRA,2020,B09,-994.0,2441854.2,-0.0004070677110861
FRA,2020,C10T12,116625.5,2441854.2,0.0477610415888057
FRA,2020,C13T15,8693.499999999996,2441854.2,0.0035602043725624
FRA,2020,C16,-135.80000000000064,2441854.2,-5.5613476021623504e-05
FRA,2020,C17_18,1822.9000000000003,2441854.2,0.0007465228677453
FRA,2020,C19,2571.799999999996,2441854.2,0.0010532160355847
FRA,2020,C20,20815.1,2441854.2,0.0085243009185396
FRA,2020,C21,25090.8,2441854.2,0.0102753063635003
FRA,2020,C22,1913.9000000000012,2441854.2,0.0007837896300278
FRA,2020,C23,-116.49999999999908,2441854.2,-4.770964621884431e-05
FRA,2020,C24,-1696.7000000000044,2441854.2,-0.000694840830382
FRA,2020,C25,3661.2000000000007,2441854.2,0.0014993524183384
FRA,2020,C26,2543.299999999996,2441854.2,0.0010415445770677
FRA,2020,C27,2019.7999999999995,2441854.2,0.000827158312728
FRA,2020,C28,5109.600000000006,2441854.2,0.0020925082259211
FRA,2020,C29,37349.8,2441854.2,0.0152956716252755
FRA,2020,C30,42079.8,2441854.2,0.0172327242142467
FRA,2020,C31T33,41331.7,2441854.2,0.0169263586662954
FRA,2020,D,41948.0,2441854.2,0.017178748837666
FRA,2020,E,11526.1,2441854.2,0.0047202244916997
FRA,2020,F,235579.8,2441854.2,0.096475784672156
FRA,2020,G,245467.4,2441854.2,0.1005250026803402
FRA,2020,H49,38597.600000000006,2441854.2,0.0158066767458925
FRA,2020,H50,15962.4,2441854.2,0.0065369996292161
FRA,2020,H51,9343.1,2441854.2,0.0038262317217792
FRA,2020,H52,6560.300000000001,2441854.2,0.0026866059406822
FRA,2020,H53,1593.3000000000002,2441854.2,0.0006524959598324
FRA,2020,I,70560.3,2441854.2,0.0288961969965283
FRA,2020,J58T60,32748.200000000004,2441854.2,0.0134112020283602
FRA,2020,J61,24523.699999999997,2441854.2,0.0100430648152539
FRA,2020,J62_63,65551.5,2441854.2,0.0268449688765201
FRA,2020,K,69134.1,2441854.2,0.0283121326408431
FRA,2020,L,306882.5,2441854.2,0.1256760129249322
FRA,2020,M,140013.5,2441854.2,0.0573390090202764
FRA,2020,N,35364.8,2441854.2,0.0144827647776841
FRA,2020,O,246333.7,2441854.2,0.1008797740667727
FRA,2020,P,135023.40000000002,2441854.2,0.0552954390151549
FRA,2020,Q,295847.19999999995,2441854.2,0.1211567832346419
FRA,2020,R,46671.8,2441854.2,0.0191132623725036
FRA,2020,S,34872.7,2441854.2,0.0142812375939562
FRA,2020,T,1024.1,2441854.2,0.0004193944093795
FRA,2020,employees_compensation,0.0,2441854.2,0.0
DEU,1995,A01_02,13293.500000000002,2405056.9,0.0055273120565255
DEU,1995,A03,-84.30000000000001,2405056.9,-3.505114577538686e-05
DEU,1995,B05_06,-7615.699999999999,2405056.9,-0.0031665363093904
DEU,1995,B07_08,-2062.1000000000004,2405056.9,-0.0008574017521165
DEU,1995,B09,-454.69999999999993,2405056.9,-0.0001890599760862
DEU,1995,C10T12,125141.2,2405056.9,0.0520325319538178
DEU,1995,C13T15,28613.700000000008,2405056.9,0.0118973068786854
DEU,1995,C16,2969.3999999999987,2405056.9,0.0012346485440739
DEU,1995,C17_18,9502.9,2405056.9,0.003951216289311
DEU,1995,C19,12510.2,2405056.9,0.0052016232963136
DEU,1995,C20,36822.4,2405056.9,0.0153104070011815
DEU,1995,C21,22748.300000000003,2405056.9,0.0094585288190063
DEU,1995,C22,12058.600000000002,2405056.9,0.0050138522710211
DEU,1995,C23,9363.3,2405056.9,0.0038931719245394
DEU,1995,C24,7585.800000000003,2405056.9,0.0031541041710905
DEU,1995,C25,33923.100000000006,2405056.9,0.0141049053766669
DEU,1995,C26,34727.2,2405056.9,0.0144392425809135
DEU,1995,C27,37966.5,2405056.9,0.0157861130021497
DEU,1995,C28,116183.5,2405056.9,0.0483080046879556
DEU,1995,C29,140139.3,2405056.9,0.0582686006306129
DEU,1995,C30,12608.100000000002,2405056.9,0.0052423291939579
DEU,1995,C31T33,54597.9,2405056.9,0.0227012924309607
DEU,1995,D,34727.1,2405056.9,0.0144392010018557
DEU,1995,E,16666.299999999996,2405056.9,0.0069296905200039
DEU,1995,F,272528.60000000003,2405056.9,0.1133148242771304
DEU,1995,G,224635.69999999995,2405056.9,0.0934014076756354
DEU,1995,H49,42980.100000000006,2405056.9,0.0178707206469834
DEU,1995,H50,3075.699999999999,2405056.9,0.0012788470825783
DEU,1995,H51,9569.7,2405056.9,0.003978991099961
DEU,1995,H52,11427.3,2405056.9,0.0047513636787553
DEU,1995,H53,-231.5999999999999,2405056.9,-9.62970980021304e-05
DEU,1995,I,63953.39999999999,2405056.9,0.0265912211889872
DEU,1995,J58T60,40397.9,2405056.9,0.0167970662149406
DEU,1995,J61,26034.3,2405056.9,0.0108248166602627
DEU,1995,J62_63,13144.299999999996,2405056.9,0.0054652761021994
DEU,1995,K,44180.6,2405056.9,0.0183698772365843
DEU,1995,L,231315.1,2405056.9,0.0961786392662892
DEU,1995,M,42207.5,2405056.9,0.0175494808459625
DEU,1995,N,17758.4,2405056.9,0.0073837754108852
DEU,1995,O,197325.1,2405056.9,0.0820459174999144
DEU,1995,P,117879.0,2405056.9,0.0490129776139599
DEU,1995,Q,200975.3,2405056.9,0.0835636362698944
DEU,1995,R,30948.6,2405056.9,0.0128681363006422
DEU,1995,S,57074.3,2405056.9,0.0237309562197883
DEU,1995,T,5946.1,2405056.9,0.0024723323593716
DEU,1995,employees_compensation,0.0,2405056.9,0.0
DEU,1996,A01_02,12901.499999999998,2332612.9,0.0055309219973875
DEU,1996,A03,142.29999999999995,2332612.9,6.100454987623534e-05
DEU,1996,B05_06,-11458.0,2332612.9,-0.0049120880708496
DEU,1996,B07_08,-2199.8,2332612.9,-0.0009430626058871
DEU,1996,B09,-359.3,2332612.9,-0.000154033273159
DEU,1996,C10T12,116946.1,2332612.9,0.0501352367553141
DEU,1996,C13T15,23167.700000000008,2332612.9,0.0099320808866314
DEU,1996,C16,3431.199999999999,2332612.9,0.0014709684577325
DEU,1996,C17_18,8691.5,2332612.9,0.0037260790249423
DEU,1996,C19,7396.2,2332612.9,0.0031707790006648
DEU,1996,C20,32355.000000000004,2332612.9,0.0138707112526043
DEU,1996,C21,18124.300000000003,2332612.9,0.007769956172325
DEU,1996,C22,9964.999999999998,2332612.9,0.0042720333065121
DEU,1996,C23,7382.299999999999,2332612.9,0.0031648200179292
DEU,1996,C24,7548.200000000001,2332612.9,0.0032359419773422
DEU,1996,C25,33544.7,2332612.9,0.0143807401562428
DEU,1996,C26,33416.9,2332612.9,0.0143259518113785
DEU,1996,C27,36219.9,2332612.9,0.0155276085457642
DEU,1996,C28,120080.6,2332612.9,0.0514790087973876
DEU,1996,C29,141079.30000000002,2332612.9,0.060481231154985
DEU,1996,C30,11195.4,2332612.9,0.0047995104545636
DEU,1996,C31T33,53534.7,2332612.9,0.022950528996903
DEU,1996,D,32196.800000000003,2332612.9,0.0138028903124046
DEU,1996,E,16638.4,2332612.9,0.0071329452049244
DEU,1996,F,245432.3,2332612.9,0.1052177581629596
DEU,1996,G,208478.10000000003,2332612.9,0.0893753524213126
DEU,1996,H49,24624.699999999997,2332612.9,0.0105567023143874
DEU,1996,H50,-230.90000000000052,2332612.9,-9.898770601843132e-05
DEU,1996,H51,8991.0,2332612.9,0.0038544758112244
DEU,1996,H52,11244.9,2332612.9,0.0048207312923631
DEU,1996,H53,7431.7,2332612.9,0.0031859979853493
DEU,1996,I,56044.9,2332612.9,0.024026661260426
DEU,1996,J58T60,40901.5,2332612.9,0.0175346282274268
DEU,1996,J61,19340.300000000003,2332612.9,0.0082912599857438
DEU,1996,J62_63,16457.699999999997,2332612.9,0.0070554784293613
DEU,1996,K,76790.40000000001,2332612.9,0.0329203358174003
DEU,1996,L,266615.2,2332612.9,0.1142989477593989
DEU,1996,M,43256.4,2332612.9,0.0185441827917525
DEU,1996,N,12050.3,2332612.9,0.0051660093279943
DEU,1996,O,187645.1,2332612.9,0.0804441662823694
DEU,1996,P,111573.0,2332612.9,0.047831768400149
DEU,1996,Q,199680.3,2332612.9,0.0856037021830754
DEU,1996,R,28470.5,2332612.9,0.0122054113650833
DEU,1996,S,49917.8,2332612.9,0.0213999502446376
DEU,1996,T,5956.8,2332612.9,0.002553702759682
DEU,1996,employees_compensation,0.0,2332612.9,0.0
DEU,1997,A01_02,9780.4,2062029.0,0.0047430952716959
DEU,1997,A03,-30.799999999999955,2062029.0,-1.4936744342586818e-05
DEU,1997,B05_06,-9558.9,2062029.0,-0.0046356768018296
DEU,1997,B07_08,-2374.0,2062029.0,-0.0011512932165357
DEU,1997,B09,-396.69999999999993,2062029.0,-0.0001923833272955
DEU,1997,C10T12,106730.0,2062029.0,0.0517596988209186
DEU,1997,C13T15,22549.30000000001,2062029.0,0.0109354912079316
DEU,1997,C16,2029.7000000000007,2062029.0,0.0009843217529918
DEU,1997,C17_18,9148.200000000004,2062029.0,0.0044365040452874
DEU,1997,C19,10047.6,2062029.0,0.0048726763784602
DEU,1997,C20,34620.3,2062029.0,0.0167894340962227
DEU,1997,C21,19525.7,2062029.0,0.0094691684743522
DEU,1997,C22,11697.1,2062029.0,0.0056726166314828
DEU,1997,C23,8061.7,2062029.0,0.0039095958398257
DEU,1997,C24,8842.599999999999,2062029.0,0.0042883005040181
DEU,1997,C25,29583.0,2062029.0,0.0143465489573618
DEU,1997,C26,30120.49999999999,2062029.0,0.0146072145445093
DEU,1997,C27,33741.6,2062029.0,0.0163633004191502
DEU,1997,C28,100863.4,2062029.0,0.0489146369910413
DEU,1997,C29,132206.9,2062029.0,0.064114956676167
DEU,1997,C30,10356.4,2062029.0,0.0050224317892716
DEU,1997,C31T33,45644.9,2062029.0,0.0221359156442513
DEU,1997,D,30467.1,2062029.0,0.0147753014142866
DEU,1997,E,15706.4,2062029.0,0.0076169636799482
DEU,1997,F,210145.7,2062029.0,0.1019120972595438
DEU,1997,G,189535.9,2062029.0,0.0919171844818865
DEU,1997,H49,36108.8,2062029.0,0.017511295912909
DEU,1997,H50,3092.6000000000004,2062029.0,0.0014997849205806
DEU,1997,H51,8418.8,2062029.0,0.0040827747815379
DEU,1997,H52,10025.3,2062029.0,0.0048618617875888
DEU,1997,H53,-286.1999999999998,2062029.0,-0.0001387953321704
DEU,1997,I,53459.600000000006,2062029.0,0.0259257265537972
DEU,1997,J58T60,35231.6,2062029.0,0.0170858896746844
DEU,1997,J61,23458.9,2062029.0,0.0113766101252698
DEU,1997,J62_63,12692.799999999996,2062029.0,0.0061554905386878
DEU,1997,K,39022.3,2062029.0,0.018924224635056
DEU,1997,L,205207.1,2062029.0,0.0995170775968718
DEU,1997,M,34572.2,2062029.0,0.0167661075571682
DEU,1997,N,15021.7,2062029.0,0.0072849120938648
DEU,1997,O,164322.8,2062029.0,0.0796898588720139
DEU,1997,P,102536.8,2062029.0,0.0497261677697064
DEU,1997,Q,181530.10000000003,2062029.0,0.0880346978631241
DEU,1997,R,26523.10000000001,2062029.0,0.0128626222036644
DEU,1997,S,46570.80000000001,2062029.0,0.0225849393970695
DEU,1997,T,5475.9,2062029.0,0.002655588257973
DEU,1997,employees_compensation,0.0,2062029.0,0.0
DEU,1998,A01_02,10119.000000000002,2087414.6,0.0048476234668474
DEU,1998,A03,26.600000000000023,2087414.6,1.274303628996368e-05
DEU,1998,B05_06,-6078.9,2087414.6,-0.0029121670414684
DEU,1998,B07_08,-2405.3,2087414.6,-0.0011522866612123
DEU,1998,B09,-335.0,2087414.6,-0.0001604856074111
DEU,1998,C10T12,104869.7,2087414.6,0.05023903732397
DEU,1998,C13T15,22089.2,2087414.6,0.010582085609634
DEU,1998,C16,2616.3,2087414.6,0.0012533686408057
DEU,1998,C17_18,9720.2,2087414.6,0.0046565737348009
DEU,1998,C19,9222.999999999998,2087414.6,0.0044183843497118
DEU,1998,C20,31609.2,2087414.6,0.0151427512291999
DEU,1998,C21,20118.6,2087414.6,0.0096380469888444
DEU,1998,C22,12484.999999999998,2087414.6,0.0059810830105337
DEU,1998,C23,8235.0,2087414.6,0.0039450715732274
DEU,1998,C24,8684.3,2087414.6,0.0041603139117643
DEU,1998,C25,29424.7,2087414.6,0.0140962413504245
DEU,1998,C26,29714.3,2087414.6,0.0142349775650702
DEU,1998,C27,33871.100000000006,2087414.6,0.01622634046921
DEU,1998,C28,106309.3,2087414.6,0.0509286942804749
DEU,1998,C29,148343.6,2087414.6,0.0710657097061599
DEU,1998,C30,8735.5,2087414.6,0.0041848418613149
DEU,1998,C31T33,46288.7,2087414.6,0.0221751347336556
DEU,1998,D,29762.700000000004,2087414.6,0.0142581641423797
DEU,1998,E,16348.3,2087414.6,0.0078318413601207
DEU,1998,F,202950.70000000004,2087414.6,0.0972258697433658
DEU,1998,G,193892.3,2087414.6,0.092886338918967
DEU,1998,H49,35964.100000000006,2087414.6,0.017229016219394
DEU,1998,H50,2949.0,2087414.6,0.0014127524067331
DEU,1998,H51,8784.1,2087414.6,0.0042081242509274
DEU,1998,H52,10075.2,2087414.6,0.0048266405725053
DEU,1998,H53,-331.5000000000009,2087414.6,-0.0001588088921098
DEU,1998,I,53977.4,2087414.6,0.0258584950014242
DEU,1998,J58T60,35411.100000000006,2087414.6,0.0169640952017869
DEU,1998,J61,25006.3,2087414.6,0.0119795559540495
DEU,1998,J62_63,14099.3,2087414.6,0.0067544320136498
DEU,1998,K,40271.50000000001,2087414.6,0.0192925257876418
DEU,1998,L,205306.49999999997,2087414.6,0.0983544428596024
DEU,1998,M,35168.200000000004,2087414.6,0.0168477311598759
DEU,1998,N,15713.899999999996,2087414.6,0.0075279247352203
DEU,1998,O,163574.69999999998,2087414.6,0.0783623435421022
DEU,1998,P,102829.2,2087414.6,0.0492615123033057
DEU,1998,Q,182664.1,2087414.6,0.0875073404200583
DEU,1998,R,27040.6,2087414.6,0.0129541107933229
DEU,1998,S,46644.3,2087414.6,0.0223454890082688
DEU,1998,T,5648.5,2087414.6,0.0027059789655586
DEU,1998,employees_compensation,0.0,2087414.6,0.0
DEU,1999,A01_02,10309.3,2039468.1,0.0050548964212776
DEU,1999,A03,9.399999999999975,2039468.1,4.609044877926738e-06
DEU,1999,B05_06,-9562.499999999998,2039468.1,-0.004688722515444
DEU,1999,B07_08,-2194.4,2039468.1,-0.0010759668170343
DEU,1999,B09,-293.7,2039468.1,-0.000144008136239
DEU,1999,C10T12,101945.90000000002,2039468.1,0.0499865136404928
DEU,1999,C13T15,20639.400000000005,2039468.1,0.0101199915801575
DEU,1999,C16,2816.9000000000005,2039468.1,0.0013811934592161
DEU,1999,C17_18,9791.3,2039468.1,0.0048009086290685
DEU,1999,C19,9716.1,2039468.1,0.0047640362700451
DEU,1999,C20,29557.9,2039468.1,0.0144929454890713
DEU,1999,C21,19710.399999999998,2039468.1,0.0096644806555199
DEU,1999,C22,13223.600000000002,2039468.1,0.0064838474306119
DEU,1999,C23,8392.4,2039468.1,0.0041149944929268
DEU,1999,C24,7561.200000000001,2039468.1,0.0037074372479765
DEU,1999,C25,28898.4,2039468.1,0.0141695768617317
DEU,1999,C26,32286.9,2039468.1,0.0158310394754397
DEU,1999,C27,30611.200000000004,2039468.1,0.0150094036773607
DEU,1999,C28,101250.3,2039468.1,0.0496454443195262
DEU,1999,C29,152237.0,2039468.1,0.0746454430937164
DEU,1999,C30,9353.4,2039468.1,0.0045861957831063
DEU,1999,C31T33,45834.90000000001,2039468.1,0.0224739479867324
DEU,1999,D,27614.4,2039468.1,0.0135400009443638
DEU,1999,E,16239.2,2039468.1,0.0079624682533646
DEU,1999,F,194959.4,2039468.1,0.0955932578695396
DEU,1999,G,189655.7,2039468.1,0.0929927268781502
DEU,1999,H49,33789.1,2039468.1,0.0165676040728462
DEU,1999,H50,2414.9,2039468.1,0.0011840832420963
DEU,1999,H51,8705.4,2039468.1,0.0042684658808833
DEU,1999,H52,10317.4,2039468.1,0.0050588680450554
DEU,1999,H53,-824.3000000000002,2039468.1,-0.0004041740098803
DEU,1999,I,52856.69999999999,2039468.1,0.0259169045105437
DEU,1999,J58T60,33661.6,2039468.1,0.0165050877726403
DEU,1999,J61,23750.700000000004,2039468.1,0.011645536402359
DEU,1999,J62_63,13355.7,2039468.1,0.0065486192208644
DEU,1999,K,39640.9,2039468.1,0.0194368816065326
DEU,1999,L,199612.6,2039468.1,0.0978748331488979
DEU,1999,M,32557.300000000007,2039468.1,0.0159636230642685
DEU,1999,N,15568.2,2039468.1,0.0076334609009084
DEU,1999,O,163226.3,2039468.1,0.080033759782759
DEU,1999,P,101247.5,2039468.1,0.0496440714125413
DEU,1999,Q,180155.50000000003,2039468.1,0.0883345515431204
DEU,1999,R,26994.800000000003,2039468.1,0.0132361962415592
DEU,1999,S,46230.50000000001,2039468.1,0.0226679201307438
DEU,1999,T,5643.3,2039468.1,0.0027670449957025
DEU,1999,employees_compensation,0.0,2039468.1,0.0
DEU,2000,A01_02,9351.799999999996,1812151.9,0.0051606049139699
DEU,2000,A03,98.3,1812151.9,5.42449007723911e-05
DEU,2000,B05_06,-17695.4,1812151.9,-0.009764854701198
DEU,2000,B07_08,-2462.3,1812151.9,-0.0013587713038846
DEU,2000,B09,-222.5,1812151.9,-0.0001227822016465
DEU,2000,C10T12,91665.7,1812151.9,0.0505838942088684
DEU,2000,C13T15,17621.9,1812151.9,0.0097242951873957
DEU,2000,C16,3306.5000000000005,1812151.9,0.0018246262909858
DEU,2000,C17_18,8776.7,1812151.9,0.004843247412096
DEU,2000,C19,12754.1,1812151.9,0.0070380965304288
DEU,2000,C20,32283.500000000004,1812151.9,0.0178150076712664
DEU,2000,C21,18277.2,1812151.9,0.0100859094648743
DEU,2000,C22,10834.8,1812151.9,0.0059789689815737
DEU,2000,C23,7330.300000000001,1812151.9,0.0040450803268754
DEU,2000,C24,7310.5999999999985,1812151.9,0.0040342092735161
DEU,2000,C25,25160.5,1812151.9,0.0138843217282171
DEU,2000,C26,37135.5,1812151.9,0.020492487412341
DEU,2000,C27,28502.8,1812151.9,0.0157287035374904
DEU,2000,C28,94165.1,1812151.9,0.0519631384101961
DEU,2000,C29,137444.1,1812151.9,0.0758457941632817
DEU,2000,C30,7933.9000000000015,1812151.9,0.0043781649871625
DEU,2000,C31T33,41770.4,1812151.9,0.0230501648344159
DEU,2000,D,21637.0,1812151.9,0.0119399483012433
DEU,2000,E,14985.9,1812151.9,0.0082696709917088
DEU,2000,F,163045.1,1812151.9,0.0899731970592531
DEU,2000,G,169438.8,1812151.9,0.0935014332959615
DEU,2000,H49,16372.3,1812151.9,0.0090347282697438
DEU,2000,H50,3767.9,1812151.9,0.002079240708243
DEU,2000,H51,8714.500000000002,1812151.9,0.004808923578647
DEU,2000,H52,8267.6,1812151.9,0.0045623106981263
DEU,2000,H53,-854.5,1812151.9,-0.0004715388373347
DEU,2000,I,46367.99999999999,1812151.9,0.0255872589930237
DEU,2000,J58T60,29579.800000000003,1812151.9,0.0163230245764717
DEU,2000,J61,23149.800000000003,1812151.9,0.012774756906416
DEU,2000,J62_63,14283.4,1812151.9,0.0078820103325775
DEU,2000,K,52185.3,1812151.9,0.0287974203487025
DEU,2000,L,172772.50000000003,1812151.9,0.0953410693662049
DEU,2000,M,29388.1,1812151.9,0.0162172387425138
DEU,2000,N,12053.000000000002,1812151.9,0.0066512084334652
DEU,2000,O,144196.40000000002,1812151.9,0.079571916680936
DEU,2000,P,83080.7,1812151.9,0.0458464326307303
DEU,2000,Q,159270.60000000003,1812151.9,0.0878903142722196
DEU,2000,R,23719.1,1812151.9,0.0130889137935953
DEU,2000,S,40339.60000000001,1812151.9,0.0222606062990635
DEU,2000,T,5047.5,1812151.9,0.0027853625294877
DEU,2000,employees_compensation,0.0,1812151.9,0.0
DEU,2001,A01_02,10415.900000000003,1811958.6,0.0057484205213077
DEU,2001,A03,60.80000000000001,1811958.6,3.355485053576832e-05
DEU,2001,B05_06,-15757.2,1811958.6,-0.0086962251786547
DEU,2001,B07_08,-2486.4,1811958.6,-0.0013722167824364
DEU,2001,B09,-312.29999999999995,1811958.6,-0.0001723549312881
DEU,2001,C10T12,94148.4,1811958.6,0.0519594652990415
DEU,2001,C13T15,17596.7,1811958.6,0.0097114249740584
DEU,2001,C16,3846.7,1811958.6,0.0021229513742753
DEU,2001,C17_18,8429.200000000003,1811958.6,0.0046519826667121
DEU,2001,C19,13104.5,1811958.6,0.0072322292573351
DEU,2001,C20,29161.5,1811958.6,0.0160939107549145
DEU,2001,C21,18493.2,1811958.6,0.0102061934527643
DEU,2001,C22,12640.499999999998,1811958.6,0.0069761527664042
DEU,2001,C23,7259.1,1811958.6,0.0040062173605953
DEU,2001,C24,7175.299999999999,1811958.6,0.0039599690633108
DEU,2001,C25,26094.400000000005,1811958.6,0.0144012120365222
DEU,2001,C26,33444.700000000004,1811958.6,0.0184577616729212
DEU,2001,C27,28736.1,1811958.6,0.015859137178962
DEU,2001,C28,96617.5,1811958.6,0.053322134401967
DEU,2001,C29,141679.6,1811958.6,0.0781914112165697
DEU,2001,C30,10454.7,1811958.6,0.0057698338140838
DEU,2001,C31T33,41191.7,1811958.6,0.0227332456712863
DEU,2001,D,23805.800000000003,1811958.6,0.0131381588961248
DEU,2001,E,14561.4,1811958.6,0.0080362763255186
DEU,2001,F,151644.09999999998,1811958.6,0.0836907090482089
DEU,2001,G,170656.8,1811958.6,0.0941836088307977
DEU,2001,H49,16474.4,1811958.6,0.0090920399616194
DEU,2001,H50,4192.499999999999,1811958.6,0.0023137945866975
DEU,2001,H51,8213.199999999999,1811958.6,0.0045327746450719
DEU,2001,H52,8525.3,1811958.6,0.0047050191985622
DEU,2001,H53,-599.8000000000002,1811958.6,-0.0003310230156472
DEU,2001,I,45411.50000000001,1811958.6,0.0250621068273855
DEU,2001,J58T60,27728.300000000003,1811958.6,0.0153029434557721
DEU,2001,J61,27287.599999999995,1811958.6,0.0150597259782866
DEU,2001,J62_63,15080.9,1811958.6,0.0083229826553432
DEU,2001,K,51273.5,1811958.6,0.028297280081344
DEU,2001,L,172522.3,1811958.6,0.0952131577399174
DEU,2001,M,27498.0,1811958.6,0.0151758434215881
DEU,2001,N,11452.100000000002,1811958.6,0.0063202878917873
DEU,2001,O,142880.40000000002,1811958.6,0.0788541195146511
DEU,2001,P,83970.3,1811958.6,0.0463422839793359
DEU,2001,Q,158852.90000000002,1811958.6,0.0876691663926537
DEU,2001,R,23490.9,1811958.6,0.0129643690534651
DEU,2001,S,40101.3,1811958.6,0.0221314659175987
DEU,2001,T,4940.3,1811958.6,0.0027264971727278
DEU,2001,employees_compensation,0.0,1811958.6,0.0
DEU,2002,A01_02,10869.3,1935584.7,0.0056155124598784
DEU,2002,A03,91.89999999999998,1935584.7,4.747919323809492e-05
DEU,2002,B05_06,-16446.199999999997,1935584.7,-0.0084967606945849
DEU,2002,B07_08,-2218.8,1935584.7,-0.0011463202824448
DEU,2002,B09,-121.1,1935584.7,-6.2565074005803e-05
DEU,2002,C10T12,97787.10000000002,1935584.7,0.0505207031239707
DEU,2002,C13T15,17232.8,1935584.7,0.0089031495237588
DEU,2002,C16,4399.599999999999,1935584.7,0.0022730082543016
DEU,2002,C17_18,10019.4,1935584.7,0.0051764203343826
DEU,2002,C19,14363.800000000008,1935584.7,0.0074209100743563
DEU,2002,C20,32896.00000000001,1935584.7,0.0169953812922782
DEU,2002,C21,20285.4,1935584.7,0.0104802440316871
DEU,2002,C22,14107.2,1935584.7,0.0072883403139113
DEU,2002,C23,7888.799999999999,1935584.7,0.0040756676780923
DEU,2002,C24,8144.600000000002,1935584.7,0.0042078241267354
DEU,2002,C25,26891.3,1935584.7,0.0138931145715297
DEU,2002,C26,33889.7,1935584.7,0.0175087662141574
DEU,2002,C27,30373.5,1935584.7,0.0156921575170541
DEU,2002,C28,100152.6,1935584.7,0.0517428144580808
DEU,2002,C29,152182.90000000002,1935584.7,0.0786237357631521
DEU,2002,C30,10323.899999999998,1935584.7,0.0053337371389637
DEU,2002,C31T33,41060.5,1935584.7,0.0212134865500848
DEU,2002,D,24901.5,1935584.7,0.0128651047923658
DEU,2002,E,14783.8,1935584.7,0.0076378987703302
DEU,2002,F,149810.59999999998,1935584.7,0.0773981112787262
DEU,2002,G,182468.6,1935584.7,0.0942705323099526
DEU,2002,H49,17174.799999999996,1935584.7,0.0088731844181244
DEU,2002,H50,5158.4,1935584.7,0.0026650344983611
DEU,2002,H51,8911.9,1935584.7,0.0046042418086896
DEU,2002,H52,8566.8,1935584.7,0.0044259494301644
DEU,2002,H53,-1226.0,1935584.7,-0.0006334003363428
DEU,2002,I,48215.4,1935584.7,0.0249099923139504
DEU,2002,J58T60,28427.7,1935584.7,0.0146868798869922
DEU,2002,J61,30977.8,1935584.7,0.0160043629193803
DEU,2002,J62_63,17149.799999999996,1935584.7,0.0088602684243164
DEU,2002,K,60825.40000000001,1935584.7,0.03142481959069
DEU,2002,L,185805.2,1935584.7,0.0959943525075394
DEU,2002,M,32233.4,1935584.7,0.0166530557923918
DEU,2002,N,12134.8,1935584.7,0.0062693200664378
DEU,2002,O,155918.9,1935584.7,0.080553901877815
DEU,2002,P,90147.2,1935584.7,0.0465736270802305
DEU,2002,Q,175350.49999999997,1935584.7,0.0905930388889724
DEU,2002,R,25704.6,1935584.7,0.013280018177453
DEU,2002,S,42781.99999999999,1935584.7,0.0221028818837016
DEU,2002,T,5187.4,1935584.7,0.0026800170511783
DEU,2002,employees_compensation,0.0,1935584.7,0.0
DEU,2003,A01_02,12570.3,2329121.4,0.0053970136550203
DEU,2003,A03,132.5,2329121.4,5.68884043571108e-05
DEU,2003,B05_06,-21995.7,2329121.4,-0.0094437756657939
DEU,2003,B07_08,-2381.1,2329121.4,-0.0010223168272808
DEU,2003,B09,-109.5,2329121.4,-4.701343605361232e-05
DEU,2003,C10T12,116491.5,2329121.4,0.0500152117446518
DEU,2003,C13T15,18938.7,2329121.4,0.0081312635743246
DEU,2003,C16,4589.700000000002,2329121.4,0.0019705713922855
DEU,2003,C17_18,11986.7,2329121.4,0.0051464470679802
DEU,2003,C19,17081.500000000004,2329121.4,0.0073338813511395
DEU,2003,C20,40203.100000000006,2329121.4,0.0172610581827121
DEU,2003,C21,27103.2,2329121.4,0.0116366626488426
DEU,2003,C22,17129.0,2329121.4,0.0073542753074184
DEU,2003,C23,9088.1,2329121.4,0.0039019434538706
DEU,2003,C24,8643.0,2329121.4,0.0037108413498755
DEU,2003,C25,32399.6,2329121.4,0.0139106531759143
DEU,2003,C26,39488.600000000006,2329121.4,0.0169542901456317
DEU,2003,C27,35316.3,2329121.4,0.0151629279607323
DEU,2003,C28,120110.5,2329121.4,0.0515690165398849
DEU,2003,C29,181916.6,2329121.4,0.07810524603827
DEU,2003,C30,12518.899999999998,2329121.4,0.0053749452475942
DEU,2003,C31T33,49794.3,2329121.4,0.0213790058345606
DEU,2003,D,32324.1,2329121.4,0.0138782375190919
DEU,2003,E,17263.000000000004,2329121.4,0.0074118077314475
DEU,2003,F,172706.2,2329121.4,0.0741507935138117
DEU,2003,G,220628.5,2329121.4,0.0947260627977571
DEU,2003,H49,20305.2,2329121.4,0.0087179654954868
DEU,2003,H50,7345.0,2329121.4,0.0031535496603998
DEU,2003,H51,11165.499999999996,2329121.4,0.0047938677649005
DEU,2003,H52,10566.0,2329121.4,0.0045364745693376
DEU,2003,H53,-1633.7000000000007,2329121.4,-0.0007014232920619
DEU,2003,I,57671.80000000002,2329121.4,0.0247611824785088
DEU,2003,J58T60,33632.80000000001,2329121.4,0.014440123215561
DEU,2003,J61,38183.2,2329121.4,0.016393821292441
DEU,2003,J62_63,20272.7,2329121.4,0.0087040117359275
DEU,2003,K,78466.9,2329121.4,0.0336894847988602
DEU,2003,L,225537.9,2329121.4,0.0968338962494612
DEU,2003,M,39026.49999999999,2329121.4,0.016755889152021
DEU,2003,N,14481.1,2329121.4,0.006217408847817
DEU,2003,O,185254.1,2329121.4,0.0795381898083972
DEU,2003,P,109737.7,2329121.4,0.0471154917042967
DEU,2003,Q,215889.4,2329121.4,0.0926913470461436
DEU,2003,R,30853.4,2329121.4,0.0132467976980504
DEU,2003,S,51936.600000000006,2329121.4,0.0222987947300643
DEU,2003,T,6491.7,2329121.4,0.00278718833634
DEU,2003,employees_compensation,0.0,2329121.4,0.0
DEU,2004,A01_02,15270.000000000004,2628159.6,0.0058101494292812
DEU,2004,A03,131.60000000000008,2628159.6,5.007306253394965e-05
DEU,2004,B05_06,-25281.899999999998,2628159.6,-0.0096196212741417
DEU,2004,B07_08,-3693.6,2628159.6,-0.0014053941016367
DEU,2004,B09,-22.0,2628159.6,-8.37087671540191e-06
DEU,2004,C10T12,129035.3,2628159.6,0.0490972085561318
DEU,2004,C13T15,20702.2,2628159.6,0.0078770710880724
DEU,2004,C16,5482.200000000001,2628159.6,0.0020859463785989
DEU,2004,C17_18,14508.899999999998,2628159.6,0.0055205551443679
DEU,2004,C19,22119.700000000004,2628159.6,0.0084164218946216
DEU,2004,C20,44316.99999999999,2628159.6,0.0168623701543848
DEU,2004,C21,30675.5,2628159.6,0.0116718558492414
DEU,2004,C22,19702.300000000007,2628159.6,0.0074966147413574
DEU,2004,C23,10954.499999999998,2628159.6,0.0041681258626759
DEU,2004,C24,10721.9,2628159.6,0.0040796228661303
DEU,2004,C25,37008.5,2628159.6,0.0140815268600887
DEU,2004,C26,43749.09999999999,2628159.6,0.0166462873868086
DEU,2004,C27,42448.7,2628159.6,0.0161514924740491
DEU,2004,C28,140677.0,2628159.6,0.0535268101678452
DEU,2004,C29,210829.8,2628159.6,0.0802195574424018
DEU,2004,C30,12088.9,2628159.6,0.0045997587056737
DEU,2004,C31T33,55228.20000000001,2628159.6,0.0210140206097072
DEU,2004,D,36442.4,2628159.6,0.0138661289824255
DEU,2004,E,18846.9,2628159.6,0.0071711398348867
DEU,2004,F,184280.60000000003,2628159.6,0.0701177356200133
DEU,2004,G,250664.9,2628159.6,0.0953765897626612
DEU,2004,H49,21220.8,2628159.6,0.0080743954819182
DEU,2004,H50,10643.7,2628159.6,0.004049868204351
DEU,2004,H51,14615.3,2628159.6,0.0055610397481187
DEU,2004,H52,12354.4,2628159.6,0.0047007799678527
DEU,2004,H53,-1421.6999999999998,2628159.6,-0.000540948883013
DEU,2004,I,64425.80000000001,2628159.6,0.0245136558677791
DEU,2004,J58T60,37438.50000000001,2628159.6,0.0142451394504352
DEU,2004,J61,44628.2,2628159.6,0.0169807800104681
DEU,2004,J62_63,22342.000000000004,2628159.6,0.0085010057988867
DEU,2004,K,91504.4,2628159.6,0.0348169114234919
DEU,2004,L,251685.10000000003,2628159.6,0.0957647701456182
DEU,2004,M,45277.70000000001,2628159.6,0.0172279111207706
DEU,2004,N,17241.200000000004,2628159.6,0.0065601799829812
DEU,2004,O,206030.3,2628159.6,0.0783933745880577
DEU,2004,P,120157.60000000002,2628159.6,0.0457192934553898
DEU,2004,Q,242916.6,2628159.6,0.0924284050329363
DEU,2004,R,34973.200000000004,2628159.6,0.0133071066155951
DEU,2004,S,57967.29999999999,2628159.6,0.0220562328102144
DEU,2004,T,7270.6,2628159.6,0.0027664225566818
DEU,2004,employees_compensation,0.0,2628159.6,0.0
DEU,2005,A01_02,13109.199999999995,2656701.7,0.0049343891337141
DEU,2005,A03,169.29999999999995,2656701.7,6.372563393172819e-05
DEU,2005,B05_06,-39212.4,2656701.7,-0.0147598053631689
DEU,2005,B07_08,-4623.9,2656701.7,-0.0017404663835612
DEU,2005,B09,-93.40000000000003,2656701.7,-3.5156374537645696e-05
DEU,2005,C10T12,130088.7,2656701.7,0.0489662426157968
DEU,2005,C13T15,20025.900000000005,2656701.7,0.007537880523056
DEU,2005,C16,5939.4,2656701.7,0.0022356292390673
DEU,2005,C17_18,15943.400000000003,2656701.7,0.0060012006617077
DEU,2005,C19,26616.19999999999,2656701.7,0.010018512804806
DEU,2005,C20,46134.7,2656701.7,0.0173654046293567
DEU,2005,C21,30290.9,2656701.7,0.0114016940629804
DEU,2005,C22,21118.0,2656701.7,0.0079489541486723
DEU,2005,C23,11221.100000000002,2656701.7,0.0042236958707106
DEU,2005,C24,10639.4,2656701.7,0.0040047401633386
DEU,2005,C25,38752.6,2656701.7,0.014586733617854
DEU,2005,C26,45338.20000000001,2656701.7,0.0170655967886797
DEU,2005,C27,41422.4,2656701.7,0.015591663904156
DEU,2005,C28,146252.5,2656701.7,0.0550504032876555
DEU,2005,C29,221359.5,2656701.7,0.0833211722640897
DEU,2005,C30,12799.600000000006,2656701.7,0.00481785365666
DEU,2005,C31T33,57255.4,2656701.7,0.0215513092794723
DEU,2005,D,41619.4,2656701.7,0.0156658160003435
DEU,2005,E,19317.4,2656701.7,0.0072711964613866
DEU,2005,F,177701.00000000003,2656701.7,0.0668878256072181
DEU,2005,G,249044.1,2656701.7,0.0937418378585747
DEU,2005,H49,22932.5,2656701.7,0.0086319438874149
DEU,2005,H50,11542.000000000004,2656701.7,0.0043444847421146
DEU,2005,H51,15879.5,2656701.7,0.0059771482812692
DEU,2005,H52,13191.399999999998,2656701.7,0.0049653297545599
DEU,2005,H53,-1818.5,2656701.7,-0.0006844953650611
DEU,2005,I,67052.7,2656701.7,0.0252390774621027
DEU,2005,J58T60,37029.5,2656701.7,0.0139381474404898
DEU,2005,J61,45895.4,2656701.7,0.0172753305348507
DEU,2005,J62_63,22202.7,2656701.7,0.0083572423655994
DEU,2005,K,95726.39999999998,2656701.7,0.0360320468045019
DEU,2005,L,256456.40000000005,2656701.7,0.0965318763487824
DEU,2005,M,45145.8,2656701.7,0.0169931761627585
DEU,2005,N,17532.199999999993,2656701.7,0.0065992354354273
DEU,2005,O,205964.3,2656701.7,0.0775263176893363
DEU,2005,P,119855.5,2656701.7,0.0451143988051048
DEU,2005,Q,244598.8,2656701.7,0.0920685976901358
DEU,2005,R,34448.0,2656701.7,0.0129664538551693
DEU,2005,S,57505.8,2656701.7,0.0216455614870122
DEU,2005,T,7332.7,2656701.7,0.0027600765264688
DEU,2005,employees_compensation,0.0,2656701.7,0.0
DEU,2006,A01_02,13370.499999999998,2798332.4,0.0047780242261426
DEU,2006,A03,172.8,2798332.4,6.175106288302276e-05
DEU,2006,B05_06,-49648.5,2798332.4,-0.0177421738746976
DEU,2006,B07_08,-6555.499999999999,2798332.4,-0.0023426452125558
DEU,2006,B09,-112.79999999999995,2798332.4,-4.03097216041954e-05
DEU,2006,C10T12,136699.6,2798332.4,0.0488503796046531
DEU,2006,C13T15,21006.1,2798332.4,0.0075066493172862
DEU,2006,C16,6302.499999999999,2798332.4,0.0022522342234968
DEU,2006,C17_18,17721.8,2798332.4,0.006332986031252
DEU,2006,C19,29009.499999999996,2798332.4,0.010366709830469
DEU,2006,C20,49348.9,2798332.4,0.0176351101105787
DEU,2006,C21,35137.0,2798332.4,0.0125564068085692
DEU,2006,C22,22997.2,2798332.4,0.0082181802276241
DEU,2006,C23,12360.8,2798332.4,0.0044172021879888
DEU,2006,C24,6585.199999999997,2798332.4,0.0023532586764888
DEU,2006,C25,43539.8,2798332.4,0.0155591951835314
DEU,2006,C26,48831.89999999999,2798332.4,0.0174503572198928
DEU,2006,C27,44820.8,2798332.4,0.0160169678198344
DEU,2006,C28,162133.7,2798332.4,0.0579393999083168
DEU,2006,C29,244661.1,2798332.4,0.0874310357125551
DEU,2006,C30,15397.9,2798332.4,0.0055025271479542
DEU,2006,C31T33,63473.5,2798332.4,0.0226826162610274
DEU,2006,D,46959.7,2798332.4,0.0167813159008558
DEU,2006,E,19370.1,2798332.4,0.0069220154117502
DEU,2006,F,191441.4,2798332.4,0.0684126732049416
DEU,2006,G,250339.5,2798332.4,0.0894602442511833
DEU,2006,H49,24602.7,2798332.4,0.0087919147846767
DEU,2006,H50,13964.4,2798332.4,0.0049902577692342
DEU,2006,H51,17505.3,2798332.4,0.0062556185248042
DEU,2006,H52,13853.4,2798332.4,0.0049505912878684
DEU,2006,H53,-2454.5999999999985,2798332.4,-0.0008771652717168
DEU,2006,I,71793.6,2798332.4,0.0256558513205936
DEU,2006,J58T60,37549.20000000001,2798332.4,0.0134184201991157
DEU,2006,J61,47202.7,2798332.4,0.016868153333035
DEU,2006,J62_63,23582.200000000004,2798332.4,0.0084272333050927
DEU,2006,K,104307.49999999996,2798332.4,0.0372748784240213
DEU,2006,L,263996.60000000003,2798332.4,0.0943406866175012
DEU,2006,M,49473.5,2798332.4,0.017679636629301
DEU,2006,N,18400.0,2798332.4,0.0065753446588403
DEU,2006,O,211399.4,2798332.4,0.0755447780256555
DEU,2006,P,124067.5,2798332.4,0.0443362268185152
DEU,2006,Q,252391.5,2798332.4,0.0901935381229192
DEU,2006,R,35156.29999999999,2798332.4,0.0125633037733472
DEU,2006,S,58640.59999999999,2798332.4,0.0209555519565867
DEU,2006,T,7536.1,2798332.4,0.0026930682001895
DEU,2006,employees_compensation,0.0,2798332.4,0.0
DEU,2007,A01_02,15409.2,3184424.9,0.0048389271167927
DEU,2007,A03,183.5,3184424.9,5.762421968249275e-05
DEU,2007,B05_06,-54124.0,3184424.9,-0.0169964755645517
DEU,2007,B07_08,-7561.2,3184424.9,-0.0023744318793638
DEU,2007,B09,-157.39999999999998,3184424.9,-4.942807726443792e-05
DEU,2007,C10T12,152275.1,3184424.9,0.0478187128859594
DEU,2007,C13T15,23638.1,3184424.9,0.007423035788974
DEU,2007,C16,7828.000000000001,3184424.9,0.0024582146685261
DEU,2007,C17_18,20215.0,3184424.9,0.0063480850184282
DEU,2007,C19,28650.30000000001,3184424.9,0.0089970091616856
DEU,2007,C20,56689.8,3184424.9,0.0178022097490821
DEU,2007,C21,41829.7,3184424.9,0.0131357156515137
DEU,2007,C22,28140.700000000004,3184424.9,0.0088369802660442
DEU,2007,C23,14473.4,3184424.9,0.0045450592978342
DEU,2007,C24,11508.100000000006,3184424.9,0.0036138707494719
DEU,2007,C25,50952.4,3184424.9,0.0160005029479577
DEU,2007,C26,63358.99999999999,3184424.9,0.0198965282553845
DEU,2007,C27,48814.6,3184424.9,0.0153291729379455
DEU,2007,C28,200430.1,3184424.9,0.0629407526614931
DEU,2007,C29,291050.0,3184424.9,0.091397978956891
DEU,2007,C30,19085.8,3184424.9,0.0059934840981804
DEU,2007,C31T33,74326.29999999999,3184424.9,0.0233405724217267
DEU,2007,D,54394.4,3184424.9,0.0170813888561165
DEU,2007,E,21056.7,3184424.9,0.0066124027606994
DEU,2007,F,214422.0,3184424.9,0.0673346072629943
DEU,2007,G,276516.1,3184424.9,0.086833920938126
DEU,2007,H49,25577.20000000001,3184424.9,0.0080319683469376
DEU,2007,H50,18904.500000000004,3184424.9,0.0059365507410772
DEU,2007,H51,19228.4,3184424.9,0.0060382645544569
DEU,2007,H52,16438.499999999996,3184424.9,0.0051621565953714
DEU,2007,H53,-2750.9000000000005,3184424.9,-0.0008638608497251
DEU,2007,I,80542.90000000002,3184424.9,0.0252927616537604
DEU,2007,J58T60,43303.2,3184424.9,0.0135984365654219
DEU,2007,J61,53729.5,3184424.9,0.0168725913429454
DEU,2007,J62_63,26395.3,3184424.9,0.0082888750179035
DEU,2007,K,111736.30000000002,3184424.9,0.035088376554272
DEU,2007,L,292303.1,3184424.9,0.0917914880014912
DEU,2007,M,57363.7,3184424.9,0.0180138335182594
DEU,2007,N,20719.2,3184424.9,0.0065064181604659
DEU,2007,O,234065.69999999995,3184424.9,0.0735032878307163
DEU,2007,P,136643.50000000003,3184424.9,0.0429099458429683
DEU,2007,Q,283660.6000000001,3184424.9,0.0890774971644016
DEU,2007,R,40305.3,3184424.9,0.012657010689748
DEU,2007,S,64378.2,3184424.9,0.0202165860466673
DEU,2007,T,8475.0,3184424.9,0.0026613910725292
DEU,2007,employees_compensation,0.0,3184424.9,0.0
DEU,2008,A01_02,16858.000000000004,3477449.4000000004,0.0048478059810158
DEU,2008,A03,235.5,3477449.4000000004,6.772204938481635e-05
DEU,2008,B05_06,-77559.79999999999,3477449.4000000004,-0.0223036458848258
DEU,2008,B07_08,-7971.700000000001,3477449.4000000004,-0.0022923985608532
DEU,2008,B09,-246.70000000000005,3477449.4000000004,-7.094280077806453e-05
DEU,2008,C10T12,171012.5,3477449.4000000004,0.0491775667533796
DEU,2008,C13T15,22808.899999999998,3477449.4000000004,0.0065590889690587
DEU,2008,C16,9362.1,3477449.4000000004,0.0026922318409579
DEU,2008,C17_18,19591.8,3477449.4000000004,0.005633956888057
DEU,2008,C19,36016.5,3477449.4000000004,0.0103571600495466
DEU,2008,C20,71295.7,3477449.4000000004,0.0205022968846074
DEU,2008,C21,48726.8,3477449.4000000004,0.0140122240168325
DEU,2008,C22,28452.7,3477449.4000000004,0.0081820601041671
DEU,2008,C23,14042.7,3477449.4000000004,0.0040382183562469
DEU,2008,C24,6870.900000000009,3477449.4000000004,0.0019758447096311
DEU,2008,C25,54477.49999999999,3477449.4000000004,0.0156659360737211
DEU,2008,C26,51895.3,3477449.4000000004,0.0149233803373242
DEU,2008,C27,71683.69999999998,3477449.4000000004,0.0206138729150163
DEU,2008,C28,223173.9,3477449.4000000004,0.0641774686930023
DEU,2008,C29,293120.50000000006,3477449.4000000004,0.0842918088182677
DEU,2008,C30,14921.4,3477449.4000000004,0.0042909035570726
DEU,2008,C31T33,75779.2,3477449.4000000004,0.021791603926717
DEU,2008,D,64479.7,3477449.4000000004,0.0185422396081449
DEU,2008,E,32659.700000000004,3477449.4000000004,0.0093918548462559
DEU,2008,F,224810.50000000003,3477449.4000000004,0.0646481009903408
DEU,2008,G,303806.70000000007,3477449.4000000004,0.0873648082413506
DEU,2008,H49,28124.7,3477449.4000000004,0.0080877380990791
DEU,2008,H50,23134.60000000001,3477449.4000000004,0.0066527495698427
DEU,2008,H51,22527.6,3477449.4000000004,0.0064781963470122
DEU,2008,H52,15577.6,3477449.4000000004,0.0044796050806663
DEU,2008,H53,-3501.4,3477449.4000000004,-0.0010068874043142
DEU,2008,I,86220.3,3477449.4000000004,0.0247941206563638
DEU,2008,J58T60,41271.5,3477449.4000000004,0.0118683251005751
DEU,2008,J61,53855.99999999999,3477449.4000000004,0.0154872131281047
DEU,2008,J62_63,28564.900000000005,3477449.4000000004,0.0082143251315173
DEU,2008,K,111189.5,3477449.4000000004,0.0319744408071041
DEU,2008,L,319697.9,3477449.4000000004,0.0919345943610279
DEU,2008,M,84963.09999999999,3477449.4000000004,0.0244325913124717
DEU,2008,N,25838.200000000004,3477449.4000000004,0.0074302159508057
DEU,2008,O,263111.7,3477449.4000000004,0.0756622655674012
DEU,2008,P,155004.59999999998,3477449.4000000004,0.044574221554453
DEU,2008,Q,308668.00000000006,3477449.4000000004,0.0887627581295647
DEU,2008,R,45419.80000000001,3477449.4000000004,0.0130612396545583
DEU,2008,S,88440.5,3477449.4000000004,0.0254325771066575
DEU,2008,T,9036.3,3477449.4000000004,0.002598542483465
DEU,2008,employees_compensation,0.0,3477449.4000000004,0.0
DEU,2009,A01_02,13555.199999999995,3156618.0,0.00429421615159
DEU,2009,A03,134.39999999999998,3156618.0,4.2577213967607096e-05
DEU,2009,B05_06,-46020.4,3156618.0,-0.0145790209648427
DEU,2009,B07_08,-6995.0,3156618.0,-0.0022159792537456
DEU,2009,B09,-205.0,3156618.0,-6.494292309047215e-05
DEU,2009,C10T12,152368.40000000002,3156618.0,0.048269508695699
DEU,2009,C13T15,17833.099999999995,3156618.0,0.0056494323988521
DEU,2009,C16,7982.999999999999,3156618.0,0.002528972463567
DEU,2009,C17_18,16980.699999999997,3156618.0,0.0053793965566945
DEU,2009,C19,21330.599999999995,3156618.0,0.0067574220257249
DEU,2009,C20,58729.7,3156618.0,0.0186052604401292
DEU,2009,C21,39349.40000000001,3156618.0,0.0124656832090547
DEU,2009,C22,22890.5,3156618.0,0.0072515901512314
DEU,2009,C23,10987.7,3156618.0,0.0034808456392252
DEU,2009,C24,9013.699999999995,3156618.0,0.002855492809076
DEU,2009,C25,40004.600000000006,3156618.0,0.0126732471271468
DEU,2009,C26,31857.200000000004,3156618.0,0.0100921936072087
DEU,2009,C27,56999.1,3156618.0,0.0180570154513469
DEU,2009,C28,159086.30000000002,3156618.0,0.0503977041251111
DEU,2009,C29,218763.9,3156618.0,0.0693032543057158
DEU,2009,C30,11522.5,3156618.0,0.0036502674698047
DEU,2009,C31T33,61432.2,3156618.0,0.0194613982433097
DEU,2009,D,64561.99999999999,3156618.0,0.0204529024417905
DEU,2009,E,32696.0,3156618.0,0.0103579210408101
DEU,2009,F,207470.9,3156618.0,0.0657256912302977
DEU,2009,G,294199.80000000005,3156618.0,0.0932009511445477
DEU,2009,H49,31782.60000000001,3156618.0,0.0100685607190987
DEU,2009,H50,16477.5,3156618.0,0.0052199854401134
DEU,2009,H51,21594.300000000003,3156618.0,0.0068409608004516
DEU,2009,H52,14921.6,3156618.0,0.004727084493594
DEU,2009,H53,-537.3999999999996,3156618.0,-0.000170245496921
DEU,2009,I,79964.09999999999,3156618.0,0.0253322068112137
DEU,2009,J58T60,37281.3,3156618.0,0.0118105199932332
DEU,2009,J61,48846.99999999999,3156618.0,0.0154744729960989
DEU,2009,J62_63,24141.3,3156618.0,0.0076478370205073
DEU,2009,K,105151.2,3156618.0,0.0333113477779066
DEU,2009,L,310776.8,3156618.0,0.098452457661966
DEU,2009,M,81508.00000000003,3156618.0,0.0258213062207717
DEU,2009,N,25411.800000000003,3156618.0,0.0080503247462949
DEU,2009,O,260405.9,3156618.0,0.0824952211512447
DEU,2009,P,157743.6,3156618.0,0.0499723438186058
DEU,2009,Q,308355.2,3156618.0,0.0976853075031568
DEU,2009,R,46432.6,3156618.0,0.0147096037594666
DEU,2009,S,81055.50000000001,3156618.0,0.0256779565978525
DEU,2009,T,8774.6,3156618.0,0.0027797471851202
DEU,2009,employees_compensation,0.0,3156618.0,0.0
DEU,2010,A01_02,12192.1,3161632.7,0.0038562670483513
DEU,2010,A03,94.10000000000002,3161632.7,2.9763103095435474e-05
DEU,2010,B05_06,-60026.2,3161632.7,-0.0189858233690459
DEU,2010,B07_08,-7621.1,3161632.7,-0.002410495058455
DEU,2010,B09,-267.4,3161632.7,-8.457655438596645e-05
DEU,2010,C10T12,146461.09999999998,3161632.7,0.0463245145459179
DEU,2010,C13T15,17931.59999999999,3161632.7,0.0056716265618077
DEU,2010,C16,7811.2,3161632.7,0.0024706222199688
DEU,2010,C17_18,19147.700000000004,3161632.7,0.006056269597667
DEU,2010,C19,22939.4,3161632.7,0.0072555550175072
DEU,2010,C20,66667.10000000002,3161632.7,0.0210862887393592
DEU,2010,C21,37364.8,3161632.7,0.0118181976040417
DEU,2010,C22,28446.5,3161632.7,0.0089974082062094
DEU,2010,C23,14436.1,3161632.7,0.004566026913879
DEU,2010,C24,10069.799999999996,3161632.7,0.0031849999527143
DEU,2010,C25,45277.5,3161632.7,0.0143209234899423
DEU,2010,C26,34525.8,3161632.7,0.0109202438347756
DEU,2010,C27,65130.0,3161632.7,0.0206001158831637
DEU,2010,C28,170412.5,3161632.7,0.0539001573459181
DEU,2010,C29,259501.7,3161632.7,0.0820783831088285
DEU,2010,C30,23597.0,3161632.7,0.0074635488176725
DEU,2010,C31T33,61739.40000000001,3161632.7,0.0195276952949025
DEU,2010,D,61053.19999999999,3161632.7,0.0193106555356667
DEU,2010,E,21886.4,3161632.7,0.0069224992517315
DEU,2010,F,191420.4,3161632.7,0.0605447938338947
DEU,2010,G,275348.60000000003,3161632.7,0.0870906351645464
DEU,2010,H49,27385.800000000003,3161632.7,0.0086619169899147
DEU,2010,H50,17044.600000000002,3161632.7,0.0053910753137137
DEU,2010,H51,22185.800000000007,3161632.7,0.0070171971589236
DEU,2010,H52,11985.200000000004,3161632.7,0.0037908261766143
DEU,2010,H53,1180.6000000000004,3161632.7,0.00037341466009
DEU,2010,I,84200.90000000001,3161632.7,0.0266320942340962
DEU,2010,J58T60,39772.90000000001,3161632.7,0.0125798610319282
DEU,2010,J61,35984.39999999999,3161632.7,0.0113815877473686
DEU,2010,J62_63,17338.000000000004,3161632.7,0.0054838754672546
DEU,2010,K,121374.8,3161632.7,0.038389911642804
DEU,2010,L,289544.3,3161632.7,0.0915806254154696
DEU,2010,M,89520.09999999999,3161632.7,0.02831451610429
DEU,2010,N,35349.90000000001,3161632.7,0.0111809002987601
DEU,2010,O,242180.7,3161632.7,0.0765998846102521
DEU,2010,P,154890.00000000003,3161632.7,0.048990510504272
DEU,2010,Q,311878.80000000005,3161632.7,0.0986448552357141
DEU,2010,R,47205.9,3161632.7,0.0149308615134199
DEU,2010,S,79141.59999999999,3161632.7,0.0250318767262243
DEU,2010,T,7929.1,3161632.7,0.0025079130792137
DEU,2010,employees_compensation,0.0,3161632.7,0.0
DEU,2011,A01_02,11368.899999999994,3489578.0,0.0032579584121633
DEU,2011,A03,32.10000000000002,3489578.0,9.198820029241363e-06
DEU,2011,B05_06,-84228.5,3489578.0,-0.0241371592782852
DEU,2011,B07_08,-8604.5,3489578.0,-0.0024657709327603
DEU,2011,B09,-53.30000000000007,3489578.0,-1.5274053194970872e-05
DEU,2011,C10T12,156505.40000000002,3489578.0,0.0448493772026302
DEU,2011,C13T15,20915.300000000003,3489578.0,0.0059936473693953
DEU,2011,C16,8356.100000000002,3489578.0,0.0023945875403845
DEU,2011,C17_18,20619.4,3489578.0,0.0059088520159171
DEU,2011,C19,26684.90000000001,3489578.0,0.0076470278068007
DEU,2011,C20,71502.90000000001,3489578.0,0.0204904146002754
DEU,2011,C21,41379.0,3489578.0,0.0118578808096566
DEU,2011,C22,31045.700000000004,3489578.0,0.0088966918062871
DEU,2011,C23,17058.699999999997,3489578.0,0.0048884707549164
DEU,2011,C24,13347.900000000009,3489578.0,0.0038250756968321
DEU,2011,C25,53748.0,3489578.0,0.0154024354807372
DEU,2011,C26,44421.30000000002,3489578.0,0.012729705425699
DEU,2011,C27,74548.0,3489578.0,0.0213630416056038
DEU,2011,C28,205018.3,3489578.0,0.058751602629315
DEU,2011,C29,307941.8,3489578.0,0.0882461432299263
DEU,2011,C30,23107.5,3489578.0,0.006621860866844
DEU,2011,C31T33,70136.70000000001,3489578.0,0.0200989059422084
DEU,2011,D,62283.0,3489578.0,0.0178482899651476
DEU,2011,E,23177.0,3489578.0,0.0066417773151939
DEU,2011,F,230166.7,3489578.0,0.0659583193154014
DEU,2011,G,289726.9,3489578.0,0.0830263430133959
DEU,2011,H49,34647.30000000001,3489578.0,0.009928793682216
DEU,2011,H50,21261.0,3489578.0,0.006092713789461
DEU,2011,H51,23119.2,3489578.0,0.0066252137077893
DEU,2011,H52,13609.500000000002,3489578.0,0.0039000417815563
DEU,2011,H53,961.7000000000008,3489578.0,0.0002755920629944
DEU,2011,I,91250.1,3489578.0,0.0261493223535911
DEU,2011,J58T60,41397.79999999999,3489578.0,0.0118632682805771
DEU,2011,J61,36584.3,3489578.0,0.0104838751275942
DEU,2011,J62_63,30229.700000000004,3489578.0,0.008662852642927
DEU,2011,K,121392.39999999998,3489578.0,0.0347871289880896
DEU,2011,L,320828.7,3489578.0,0.091939111262164
DEU,2011,M,99975.5,3489578.0,0.0286497393094523
DEU,2011,N,35988.8,3489578.0,0.0103132241205097
DEU,2011,O,255874.10000000003,3489578.0,0.0733252272910936
DEU,2011,P,167883.59999999998,3489578.0,0.0481100006934935
DEU,2011,Q,339321.10000000003,3489578.0,0.0972384339882931
DEU,2011,R,50478.7,3489578.0,0.0144655600190051
DEU,2011,S,85955.9,3489578.0,0.0246321761542513
DEU,2011,T,8613.4,3489578.0,0.0024683213844195
DEU,2011,employees_compensation,0.0,3489578.0,0.0
DEU,2012,A01_02,9154.0,3277711.0,0.0027928026601491
DEU,2012,A03,11.100000000000025,3277711.0,3.386509670925845e-06
DEU,2012,B05_06,-90565.1,3277711.0,-0.0276305934232761
DEU,2012,B07_08,-9400.4,3277711.0,-0.0028679770730244
DEU,2012,B09,-126.90000000000008,3277711.0,-3.8716042994638665e-05
DEU,2012,C10T12,149846.7,3277711.0,0.0457168737573263
DEU,2012,C13T15,18860.4,3277711.0,0.005754137567345
DEU,2012,C16,7414.4000000000015,3277711.0,0.0022620664237939
DEU,2012,C17_18,18707.1,3277711.0,0.0057073671229708
DEU,2012,C19,31436.000000000007,3277711.0,0.009590839460831
DEU,2012,C20,66160.70000000001,3277711.0,0.0201850315662363
DEU,2012,C21,41431.6,3277711.0,0.0126404066740478
DEU,2012,C22,29905.4,3277711.0,0.0091238672353968
DEU,2012,C23,15384.6,3277711.0,0.0046937024039032
DEU,2012,C24,12520.0,3277711.0,0.0038197388360352
DEU,2012,C25,48451.600000000006,3277711.0,0.0147821452226874
DEU,2012,C26,41544.4,3277711.0,0.0126748209344875
DEU,2012,C27,67630.40000000001,3277711.0,0.0206334237521245
DEU,2012,C28,193188.6,3277711.0,0.0589400956948309
DEU,2012,C29,285779.3,3277711.0,0.0871886813694068
DEU,2012,C30,23944.1,3277711.0,0.0073051284875329
DEU,2012,C31T33,65146.40000000001,3277711.0,0.0198755778041444
DEU,2012,D,60965.99999999999,3277711.0,0.0186001755493391
DEU,2012,E,21444.599999999995,3277711.0,0.0065425536296519
DEU,2012,F,220098.7,3277711.0,0.0671501239737121
DEU,2012,G,257178.90000000005,3277711.0,0.0784629578385648
DEU,2012,H49,33838.600000000006,3277711.0,0.0103238510045577
DEU,2012,H50,20029.000000000004,3277711.0,0.0061106668647723
DEU,2012,H51,22819.9,3277711.0,0.0069621452287892
DEU,2012,H52,13038.299999999996,3277711.0,0.0039778674813002
DEU,2012,H53,815.6999999999998,3277711.0,0.0002488626971688
DEU,2012,I,88016.1,3277711.0,0.0268529165628086
DEU,2012,J58T60,38624.7,3277711.0,0.0117840468546494
DEU,2012,J61,35165.3,3277711.0,0.0107286151829737
DEU,2012,J62_63,21165.199999999997,3277711.0,0.0064573112150522
DEU,2012,K,119010.6,3277711.0,0.036309058364206
DEU,2012,L,302232.99999999994,3277711.0,0.0922085565200836
DEU,2012,M,96673.70000000004,3277711.0,0.0294942720697462
DEU,2012,N,33131.4,3277711.0,0.0101080906766948
DEU,2012,O,246250.60000000003,3277711.0,0.0751288322857018
DEU,2012,P,161826.19999999998,3277711.0,0.0493717109287548
DEU,2012,Q,322472.80000000005,3277711.0,0.0983835365595075
DEU,2012,R,47394.600000000006,3277711.0,0.0144596640765461
DEU,2012,S,81136.00000000001,3277711.0,0.0247538602396611
DEU,2012,T,7956.7,3277711.0,0.0024275172521311
DEU,2012,employees_compensation,0.0,3277711.0,0.0
DEU,2013,A01_02,12828.5,3472686.0,0.0036941145845031
DEU,2013,A03,1.5,3472686.0,4.319423063300281e-07
DEU,2013,B05_06,-84646.1,3472686.0,-0.0243748211038947
DEU,2013,B07_08,-8671.5,3472686.0,-0.0024970584728938
DEU,2013,B09,-273.9,3472686.0,-7.887266513586312e-05
DEU,2013,C10T12,159939.19999999998,3472686.0,0.046056337947053
DEU,2013,C13T15,19403.500000000007,3472686.0,0.0055874616939164
DEU,2013,C16,8467.0,3472686.0,0.0024381703384642
DEU,2013,C17_18,19422.7,3472686.0,0.0055929905554374
DEU,2013,C19,30220.19999999999,3472686.0,0.0087022552571698
DEU,2013,C20,68658.19999999998,3472686.0,0.0197709208376455
DEU,2013,C21,46244.90000000001,3472686.0,0.013316752508001
DEU,2013,C22,31490.1,3472686.0,0.0090679376137088
DEU,2013,C23,16554.9,3472686.0,0.0047671744580419
DEU,2013,C24,2511.7000000000044,3472686.0,0.0007232729938727
DEU,2013,C25,52641.4,3472686.0,0.015158698482961
DEU,2013,C26,47793.4,3472686.0,0.0137626609489023
DEU,2013,C27,70002.79999999999,3472686.0,0.0201581139210397
DEU,2013,C28,200451.5,3472686.0,0.0577223221448757
DEU,2013,C29,296114.5,3472686.0,0.085269586711842
DEU,2013,C30,27046.5,3472686.0,0.0077883517254367
DEU,2013,C31T33,68115.09999999999,3472686.0,0.0196145289266003
DEU,2013,D,64107.2,3472686.0,0.0184604078802402
DEU,2013,E,23168.300000000003,3472686.0,0.0066715792904973
DEU,2013,F,231093.3,3472686.0,0.066545981986278
DEU,2013,G,269986.6,3472686.0,0.0777457564548018
DEU,2013,H49,38705.5,3472686.0,0.0111456952917712
DEU,2013,H50,21822.200000000004,3472686.0,0.0062839542647967
DEU,2013,H51,23047.5,3472686.0,0.0066367935367608
DEU,2013,H52,13539.200000000004,3472686.0,0.0038987688492423
DEU,2013,H53,797.6000000000004,3472686.0,0.0002296781223525
DEU,2013,I,93048.1,3472686.0,0.026794273942418
DEU,2013,J58T60,42138.100000000006,3472686.0,0.0121341520655769
DEU,2013,J61,35512.3,3472686.0,0.0102261765100559
DEU,2013,J62_63,21820.8,3472686.0,0.0062835511186441
DEU,2013,K,121826.49999999996,3472686.0,0.0350813462547434
DEU,2013,L,321395.00000000006,3472686.0,0.0925493983619596
DEU,2013,M,102137.0,3472686.0,0.0294115275610867
DEU,2013,N,36304.9,3472686.0,0.0104544148247206
DEU,2013,O,262659.6,3472686.0,0.0756358622691484
DEU,2013,P,172585.19999999998,3472686.0,0.0496978995509527
DEU,2013,Q,348048.3,3472686.0,0.1002245236108303
DEU,2013,R,50470.2,3472686.0,0.0145334763926251
DEU,2013,S,85602.1,3472686.0,0.0246501123337958
DEU,2013,T,8554.4,3472686.0,0.0024633381768463
DEU,2013,employees_compensation,0.0,3472686.0,0.0
DEU,2014,A01_02,13913.600000000006,3622138.8,0.0038412663810674
DEU,2014,A03,-72.0,3622138.8,-1.987775841168759e-05
DEU,2014,B05_06,-74687.9,3622138.8,-0.0206198337843927
DEU,2014,B07_08,-7398.299999999999,3622138.8,-0.0020425225007942
DEU,2014,B09,-112.10000000000002,3622138.8,-3.094856552708582e-05
DEU,2014,C10T12,160664.3,3622138.8,0.0443561963997624
DEU,2014,C13T15,20558.4,3622138.8,0.0056757626184838
DEU,2014,C16,8511.300000000001,3622138.8,0.0023497995162416
DEU,2014,C17_18,18529.4,3622138.8,0.0051155963432433
DEU,2014,C19,25167.899999999998,3622138.8,0.0069483532767987
DEU,2014,C20,69884.7,3622138.8,0.0192937664343508
DEU,2014,C21,47331.3,3622138.8,0.0130672242598765
DEU,2014,C22,30366.300000000007,3622138.8,0.0083835274341226
DEU,2014,C23,16484.9,3622138.8,0.0045511508283448
DEU,2014,C24,269.0,3622138.8,7.426551406588836e-05
DEU,2014,C25,53585.8,3622138.8,0.0147939664819029
DEU,2014,C26,47609.600000000006,3622138.8,0.0131440573177372
DEU,2014,C27,69882.9,3622138.8,0.0192932694903905
DEU,2014,C28,204419.8,3622138.8,0.0564362138745207
DEU,2014,C29,323524.19999999995,3622138.8,0.0893185539990902
DEU,2014,C30,30142.10000000001,3622138.8,0.0083216303030684
DEU,2014,C31T33,69591.39999999998,3622138.8,0.019212792176821
DEU,2014,D,60845.7,3622138.8,0.0167982795137502
DEU,2014,E,24721.6,3622138.8,0.0068251387826441
DEU,2014,F,240202.6,3622138.8,0.0663151285091559
DEU,2014,G,295798.4,3622138.8,0.0816640157467184
DEU,2014,H49,40808.90000000001,3622138.8,0.0112665202117599
DEU,2014,H50,19343.3,3622138.8,0.0053402978372888
DEU,2014,H51,24934.800000000003,3622138.8,0.0068839990339409
DEU,2014,H52,14861.499999999996,3622138.8,0.0041029625921568
DEU,2014,H53,1584.5,3622138.8,0.000437448725046
DEU,2014,I,97415.7,3622138.8,0.0268945243070199
DEU,2014,J58T60,43168.100000000006,3622138.8,0.0119178480957162
DEU,2014,J61,37348.9,3622138.8,0.0103112834880872
DEU,2014,J62_63,24384.30000000001,3622138.8,0.0067320170060849
DEU,2014,K,123393.3,3622138.8,0.0340664195419568
DEU,2014,L,331236.0,3622138.8,0.0914476275729687
DEU,2014,M,113068.5,3622138.8,0.0312159489857208
DEU,2014,N,39605.8,3622138.8,0.0109343683903002
DEU,2014,O,270025.9,3622138.8,0.0745487445152571
DEU,2014,P,176844.4,3622138.8,0.0488231980508311
DEU,2014,Q,367198.0,3622138.8,0.1013760157396508
DEU,2014,R,52188.8,3622138.8,0.0144082827527205
DEU,2014,S,86334.0,3622138.8,0.023835088815481
DEU,2014,T,8659.2,3622138.8,0.0023906317449789
DEU,2014,employees_compensation,0.0,3622138.8,0.0
DEU,2015,A01_02,13125.8,3118208.1,0.0042094047539675
DEU,2015,A03,-52.49999999999994,3118208.1,-1.6836592785452628e-05
DEU,2015,B05_06,-47265.7,3118208.1,-0.0151579684498927
DEU,2015,B07_08,-3281.2,3118208.1,-0.0010522710142405
DEU,2015,B09,-112.0,3118208.1,-3.591806460896564e-05
DEU,2015,C10T12,131058.2,3118208.1,0.0420299722779887
DEU,2015,C13T15,16031.700000000004,3118208.1,0.0051413181820674
DEU,2015,C16,6793.299999999999,3118208.1,0.0021785909670364
DEU,2015,C17_18,16071.6,3118208.1,0.0051541139925843
DEU,2015,C19,14713.800000000005,3118208.1,0.0047186715986017
DEU,2015,C20,57537.8,3118208.1,0.0184522001594441
DEU,2015,C21,45627.2,3118208.1,0.0146325064064839
DEU,2015,C22,24492.6,3118208.1,0.0078547034753709
DEU,2015,C23,13352.000000000002,3118208.1,0.0042819464165974
DEU,2015,C24,-5463.099999999999,3118208.1,-0.0017519998104039
DEU,2015,C25,45663.2,3118208.1,0.0146440514986796
DEU,2015,C26,45652.7,3118208.1,0.0146406841801225
DEU,2015,C27,57700.3,3118208.1,0.0185043134228276
DEU,2015,C28,176177.19999999998,3118208.1,0.0564995004663094
DEU,2015,C29,282403.1,3118208.1,0.0905658284961802
DEU,2015,C30,24556.4,3118208.1,0.0078751639443178
DEU,2015,C31T33,59499.59999999999,3118208.1,0.0190813435447108
DEU,2015,D,52899.40000000001,3118208.1,0.0169646791694242
DEU,2015,E,20194.6,3118208.1,0.0064763477460019
DEU,2015,F,198144.6,3118208.1,0.0635443798635504
DEU,2015,G,258833.1,3118208.1,0.0830070000780255
DEU,2015,H49,32825.200000000004,3118208.1,0.0105269433428769
DEU,2015,H50,19049.2,3118208.1,0.0061090213959741
DEU,2015,H51,15423.9,3118208.1,0.0049463985421627
DEU,2015,H52,12676.4,3118208.1,0.004065283519724
DEU,2015,H53,642.400000000001,3118208.1,0.0002060157562928
DEU,2015,I,74022.1,3118208.1,0.0237386658061724
DEU,2015,J58T60,36135.3,3118208.1,0.0115884825005746
DEU,2015,J61,24478.10000000001,3118208.1,0.0078500533687921
DEU,2015,J62_63,13866.899999999994,3118208.1,0.004447073304697
DEU,2015,K,106803.2,3118208.1,0.0342514664111096
DEU,2015,L,281305.9000000001,3118208.1,0.0902139597418145
DEU,2015,M,102064.6,3118208.1,0.0327318115811449
DEU,2015,N,61427.70000000001,3118208.1,0.0196996794408942
DEU,2015,O,238590.2,3118208.1,0.076515162666661
DEU,2015,P,148617.69999999998,3118208.1,0.0476612513449631
DEU,2015,Q,319705.90000000014,3118208.1,0.1025287247506028
DEU,2015,R,42780.5,3118208.1,0.0137195782411058
DEU,2015,S,75864.6,3118208.1,0.0243295500386904
DEU,2015,T,7574.6,3118208.1,0.0024291515373845
DEU,2015,employees_compensation,0.0,3118208.1,0.0
DEU,2016,A01_02,12497.8,3226302.9,0.0038737218380828
DEU,2016,A03,-123.60000000000002,3226302.9,-3.8310104113287074e-05
DEU,2016,B05_06,-41031.0,3226302.9,-0.0127176527659569
DEU,2016,B07_08,-3197.3,3226302.9,-0.0009910104844774
DEU,2016,B09,-111.10000000000002,3226302.9,-3.44357003801472e-05
DEU,2016,C10T12,133805.69999999998,3226302.9,0.0414733842876315
DEU,2016,C13T15,16078.699999999995,3226302.9,0.0049836300243228
DEU,2016,C16,6559.599999999999,3226302.9,0.0020331630982323
DEU,2016,C17_18,16430.000000000004,3226302.9,0.005092516266839
DEU,2016,C19,12913.899999999994,3226302.9,0.0040026929895515
DEU,2016,C20,58407.100000000006,3226302.9,0.0181034149025499
DEU,2016,C21,46423.5,3226302.9,0.0143890705364335
DEU,2016,C22,25399.8,3226302.9,0.0078727263952804
DEU,2016,C23,13680.2,3226302.9,0.004240209436008
DEU,2016,C24,1448.0999999999983,3226302.9,0.0004488419236767
DEU,2016,C25,45572.7,3226302.9,0.014125363120741
DEU,2016,C26,48205.2,3226302.9,0.0149413125469403
DEU,2016,C27,57330.6,3226302.9,0.0177697512530519
DEU,2016,C28,179070.8,3226302.9,0.0555034060813074
DEU,2016,C29,287273.00000000006,3226302.9,0.0890409266904233
DEU,2016,C30,25896.8,3226302.9,0.0080267726877101
DEU,2016,C31T33,60507.6,3226302.9,0.0187544697058667
DEU,2016,D,55058.5,3226302.9,0.0170655086352865
DEU,2016,E,20630.8,3226302.9,0.0063945638830129
DEU,2016,F,206978.6,3226302.9,0.0641534928416051
DEU,2016,G,275031.69999999995,3226302.9,0.0852467076169444
DEU,2016,H49,34187.399999999994,3226302.9,0.0105964632149076
DEU,2016,H50,18624.6,3226302.9,0.0057727375814589
DEU,2016,H51,16216.100000000002,3226302.9,0.0050262174701575
DEU,2016,H52,12675.7,3226302.9,0.0039288623520128
DEU,2016,H53,345.49999999999955,3226302.9,0.0001070885191839
DEU,2016,I,77453.39999999998,3226302.9,0.02400685936835
DEU,2016,J58T60,36413.59999999999,3226302.9,0.0112864790221649
DEU,2016,J61,25868.300000000003,3226302.9,0.0080179390471985
DEU,2016,J62_63,8452.800000000003,3226302.9,0.0026199647900387
DEU,2016,K,107127.6,3226302.9,0.0332044458689852
DEU,2016,L,287321.20000000007,3226302.9,0.0890558663912182
DEU,2016,M,111522.40000000002,3226302.9,0.0345666242310974
DEU,2016,N,60839.4,3226302.9,0.0188573118785592
DEU,2016,O,247332.3,3226302.9,0.0766612149156857
DEU,2016,P,153968.6,3226302.9,0.0477229214901055
DEU,2016,Q,337095.0,3226302.9,0.1044833701138228
DEU,2016,R,44432.4,3226302.9,0.0137719245145891
DEU,2016,S,77930.59999999999,3226302.9,0.0241547686052664
DEU,2016,T,7758.3,3226302.9,0.0024047029186255
DEU,2016,employees_compensation,0.0,3226302.9,0.0
DEU,2017,A01_02,14647.500000000004,3434051.9,0.0042653694313705
DEU,2017,A03,-160.69999999999993,3434051.9,-4.679603124227678e-05
DEU,2017,B05_06,-48406.8,3434051.9,-0.0140961177668864
DEU,2017,B07_08,-3713.3,3434051.9,-0.0010813173790413
DEU,2017,B09,-137.0,3434051.9,-3.989456303790866e-05
DEU,2017,C10T12,143790.9,3434051.9,0.0418720811994716
DEU,2017,C13T15,16918.900000000005,3434051.9,0.0049268038144676
DEU,2017,C16,7098.599999999999,3434051.9,0.0020671207677437
DEU,2017,C17_18,17532.1,3434051.9,0.005105368384211
DEU,2017,C19,13559.300000000005,3434051.9,0.0039484842963497
DEU,2017,C20,69226.4,3434051.9,0.0201588100634122
DEU,2017,C21,44110.2,3434051.9,0.0128449427336843
DEU,2017,C22,28070.6,3434051.9,0.0081741921256344
DEU,2017,C23,14261.000000000002,3434051.9,0.0041528201714132
DEU,2017,C24,750.2000000000044,3434051.9,0.0002184591327813
DEU,2017,C25,49910.6,3434051.9,0.0145340261164952
DEU,2017,C26,48129.9,3434051.9,0.0140154841573594
DEU,2017,C27,64410.99999999999,3434051.9,0.0187565598528082
DEU,2017,C28,198667.4,3434051.9,0.0578521833056745
DEU,2017,C29,303172.1,3434051.9,0.0882840763123003
DEU,2017,C30,31618.0,3434051.9,0.0092071992272452
DEU,2017,C31T33,65861.7,3434051.9,0.019179005419225
DEU,2017,D,58185.2,3434051.9,0.0169435994837468
DEU,2017,E,21470.6,3434051.9,0.0062522642712534
DEU,2017,F,217313.1,3434051.9,0.0632818333351339
DEU,2017,G,294865.7,3434051.9,0.0858652427472048
DEU,2017,H49,34332.3,3434051.9,0.0099976066174189
DEU,2017,H50,20976.0,3434051.9,0.0061082361626508
DEU,2017,H51,17138.6,3434051.9,0.0049907807159233
DEU,2017,H52,15115.199999999995,3434051.9,0.0044015642279605
DEU,2017,H53,484.8000000000002,3434051.9,0.0001411743369399
DEU,2017,I,81093.70000000001,3434051.9,0.0236145819461843
DEU,2017,J58T60,34985.1,3434051.9,0.0101877027542886
DEU,2017,J61,26783.800000000003,3434051.9,0.0077994744342681
DEU,2017,J62_63,5710.500000000007,3434051.9,0.0016629043958246
DEU,2017,K,111337.8,3434051.9,0.0324216998584092
DEU,2017,L,304165.00000000006,3434051.9,0.0885732099739086
DEU,2017,M,120925.9,3434051.9,0.0352137659888017
DEU,2017,N,66818.0,3434051.9,0.0194574811172772
DEU,2017,O,265151.4999999999,3434051.9,0.0772124323455914
DEU,2017,P,163541.99999999997,3434051.9,0.0476236250244208
DEU,2017,Q,356647.2,3434051.9,0.1038560890707563
DEU,2017,R,47816.9,3434051.9,0.0139243381848713
DEU,2017,S,81801.70000000001,3434051.9,0.0238207523887452
DEU,2017,T,8072.7,3434051.9,0.002350779846979
DEU,2017,employees_compensation,0.0,3434051.9,0.0
DEU,2018,A01_02,15216.100000000002,3700451.4,0.0041119578006077
DEU,2018,A03,-83.80000000000007,3700451.4,-2.26458858505749e-05
DEU,2018,B05_06,-58992.3,3700451.4,-0.0159419199506308
DEU,2018,B07_08,-3623.6,3700451.4,-0.0009792318850613
DEU,2018,B09,-342.4,3700451.4,-9.252925197179996e-05
DEU,2018,C10T12,151526.0,3700451.4,0.0409479773197399
DEU,2018,C13T15,17279.200000000008,3700451.4,0.00466948437696
DEU,2018,C16,7856.3,3700451.4,0.0021230653103564
DEU,2018,C17_18,18502.5,3700451.4,0.0050000656676642
DEU,2018,C19,12936.299999999996,3700451.4,0.0034958708010595
DEU,2018,C20,58138.3,3700451.4,0.015711137295304
DEU,2018,C21,61454.9,3700451.4,0.0166074063288603
DEU,2018,C22,29314.500000000004,3700451.4,0.0079218713695307
DEU,2018,C23,15909.700000000004,3700451.4,0.0042993943928029
DEU,2018,C24,-3545.0999999999985,3700451.4,-0.0009580182569077
DEU,2018,C25,53721.8,3700451.4,0.0145176342540264
DEU,2018,C26,53916.600000000006,3700451.4,0.0145702764803234
DEU,2018,C27,67043.5,3700451.4,0.0181176545110145
DEU,2018,C28,218380.3,3700451.4,0.0590145029333448
DEU,2018,C29,317124.2,3700451.4,0.0856987879911083
DEU,2018,C30,33636.399999999994,3700451.4,0.0090898099621035
DEU,2018,C31T33,69654.69999999998,3700451.4,0.01882329815222
DEU,2018,D,60882.9,3700451.4,0.0164528305925055
DEU,2018,E,22999.6,3700451.4,0.0062153498354281
DEU,2018,F,254578.7,3700451.4,0.0687966608614289
DEU,2018,G,315335.69999999995,3700451.4,0.0852154685776983
DEU,2018,H49,34016.99999999999,3700451.4,0.0091926622789857
DEU,2018,H50,23475.500000000004,3700451.4,0.0063439557671261
DEU,2018,H51,20016.1,3700451.4,0.0054090968469414
DEU,2018,H52,16774.200000000004,3700451.4,0.0045330145397937
DEU,2018,H53,1179.999999999999,3700451.4,0.000318880015557
DEU,2018,I,89332.09999999999,3700451.4,0.0241408656252045
DEU,2018,J58T60,37956.7,3700451.4,0.0102573161749942
DEU,2018,J61,28475.0,3700451.4,0.007695007155073
DEU,2018,J62_63,6005.599999999991,3700451.4,0.0016229371368044
DEU,2018,K,121505.80000000002,3700451.4,0.032835399486668
DEU,2018,L,328616.1,3700451.4,0.088804328034142
DEU,2018,M,130304.4,3700451.4,0.0352131094060578
DEU,2018,N,74871.0,3700451.4,0.0202329369870929
DEU,2018,O,283717.3,3700451.4,0.0766709974896576
DEU,2018,P,179669.60000000003,3700451.4,0.0485534278331557
DEU,2018,Q,386460.4,3700451.4,0.1044360155628581
DEU,2018,R,52476.0,3700451.4,0.0141809726240425
DEU,2018,S,88065.70000000001,3700451.4,0.0237986371068135
DEU,2018,T,8711.9,3700451.4,0.0023542803453654
DEU,2018,employees_compensation,0.0,3700451.4,0.0
DEU,2019,A01_02,17296.000000000007,3620431.5,0.0047773310998979
DEU,2019,A03,-97.39999999999998,3620431.5,-2.6902870555622992e-05
DEU,2019,B05_06,-54423.8,3620431.5,-0.0150324070487178
DEU,2019,B07_08,-2274.7999999999997,3620431.5,-0.0006283228946604
DEU,2019,B09,-324.69999999999993,3620431.5,-8.968544219107582e-05
DEU,2019,C10T12,144922.6,3620431.5,0.0400290959793052
DEU,2019,C13T15,17459.6,3620431.5,0.0048225190837059
DEU,2019,C16,7840.700000000002,3620431.5,0.0021656810797276
DEU,2019,C17_18,17365.599999999995,3620431.5,0.0047965553277281
DEU,2019,C19,15067.100000000002,3620431.5,0.0041616862520392
DEU,2019,C20,56165.9,3620431.5,0.0155135927858322
DEU,2019,C21,58532.0,3620431.5,0.0161671336690115
DEU,2019,C22,29068.300000000003,3620431.5,0.0080289600839016
DEU,2019,C23,15890.3,3620431.5,0.0043890624639632
DEU,2019,C24,-1963.9000000000012,3620431.5,-0.000542449152815
DEU,2019,C25,50400.10000000002,3620431.5,0.013921020187787
DEU,2019,C26,53294.79999999999,3620431.5,0.0147205657668153
DEU,2019,C27,63719.40000000001,3620431.5,0.0175999463047429
DEU,2019,C28,208159.7,3620431.5,0.0574958261190689
DEU,2019,C29,300426.1,3620431.5,0.0829807441461052
DEU,2019,C30,32859.0,3620431.5,0.009075989975228
DEU,2019,C31T33,67633.9,3620431.5,0.0186811710151124
DEU,2019,D,60899.9,3620431.5,0.0168211717304967
DEU,2019,E,22133.8,3620431.5,0.0061135806602058
DEU,2019,F,251499.7,3620431.5,0.0694667748858112
DEU,2019,G,309662.7,3620431.5,0.0855319870021018
DEU,2019,H49,34874.3,3620431.5,0.0096326363307799
DEU,2019,H50,24069.300000000003,3620431.5,0.0066481854441936
DEU,2019,H51,18164.300000000003,3620431.5,0.0050171643904877
DEU,2019,H52,16761.0,3620431.5,0.0046295586589609
DEU,2019,H53,1175.6000000000004,3620431.5,0.0003247126758233
DEU,2019,I,88064.8,3620431.5,0.0243243933768668
DEU,2019,J58T60,34342.7,3620431.5,0.0094858030044208
DEU,2019,J61,26663.399999999998,3620431.5,0.0073647022461272
DEU,2019,J62_63,5503.499999999985,3620431.5,0.0015201226704606
DEU,2019,K,115277.89999999998,3620431.5,0.0318409283534296
DEU,2019,L,318692.4999999999,3620431.5,0.0880261095949474
DEU,2019,M,128161.1,3620431.5,0.0353993992152592
DEU,2019,N,74237.29999999999,3620431.5,0.0205050972515292
DEU,2019,O,283171.5,3620431.5,0.0782148481472443
DEU,2019,P,179961.3,3620431.5,0.0497071412620291
DEU,2019,Q,384131.5,3620431.5,0.1061010269079804
DEU,2019,R,51500.2,3620431.5,0.0142248789957771
DEU,2019,S,85946.40000000002,3620431.5,0.0237392697527905
DEU,2019,T,8520.3,3620431.5,0.002353393511243
DEU,2019,employees_compensation,0.0,3620431.5,0.0
DEU,2020,A01_02,16841.4,3636013.2,0.004631831369589
DEU,2020,A03,-81.39999999999998,3636013.2,-2.2387157450363485e-05
DEU,2020,B05_06,-35158.100000000006,3636013.2,-0.0096694093409781
DEU,2020,B07_08,-1909.2,3636013.2,-0.0005250806020176
DEU,2020,B09,-305.70000000000005,3636013.2,-8.40756023658e-05
DEU,2020,C10T12,155202.10000000003,3636013.2,0.0426846910236739
DEU,2020,C13T15,16103.899999999998,3636013.2,0.0044289993226647
DEU,2020,C16,8302.399999999998,3636013.2,0.0022833800493353
DEU,2020,C17_18,16177.2,3636013.2,0.0044491587654302
DEU,2020,C19,8598.7,3636013.2,0.0023648704025606
DEU,2020,C20,55948.30000000001,3636013.2,0.0153872653707637
DEU,2020,C21,53112.2,3636013.2,0.0146072627019065
DEU,2020,C22,26475.6,3636013.2,0.0072814917173568
DEU,2020,C23,15249.1,3636013.2,0.0041939066667854
DEU,2020,C24,-4819.699999999997,3636013.2,-0.001325545242795
DEU,2020,C25,46928.90000000001,3636013.2,0.0129066913178423
DEU,2020,C26,48451.5,3636013.2,0.0133254466732959
DEU,2020,C27,61679.8,3636013.2,0.0169635797801834
DEU,2020,C28,191253.8,3636013.2,0.0525998640488983
DEU,2020,C29,272466.0,3636013.2,0.0749353715217535
DEU,2020,C30,30513.30000000001,3636013.2,0.0083919662337859
DEU,2020,C31T33,66855.1,3636013.2,0.018386924447909
DEU,2020,D,62725.5,3636013.2,0.0172511749957343
DEU,2020,E,23123.9,3636013.2,0.0063596853828803
DEU,2020,F,271656.60000000003,3636013.2,0.0747127650691697
DEU,2020,G,328286.69999999995,3636013.2,0.0902875435105681
DEU,2020,H49,34090.8,3636013.2,0.0093758735529342
DEU,2020,H50,23867.9,3636013.2,0.0065643051020826
DEU,2020,H51,11338.4,3636013.2,0.0031183605164029
DEU,2020,H52,17094.8,3636013.2,0.0047015230857797
DEU,2020,H53,1562.3000000000002,3636013.2,0.0004296739076744
DEU,2020,I,65888.90000000001,3636013.2,0.0181211938394503
DEU,2020,J58T60,32012.999999999996,3636013.2,0.0088044234822909
DEU,2020,J61,28736.3,3636013.2,0.0079032441356373
DEU,2020,J62_63,5526.599999999991,3636013.2,0.0015199614786876
DEU,2020,K,116140.8,3636013.2,0.0319417982310955
DEU,2020,L,331350.9,3636013.2,0.0911302797250571
DEU,2020,M,133350.4,3636013.2,0.0366748943595694
DEU,2020,N,48367.8,3636013.2,0.0133024269548856
DEU,2020,O,310964.49999999994,3636013.2,0.0855234793977095
DEU,2020,P,187138.8,3636013.2,0.0514681299836865
DEU,2020,Q,414923.50000000006,3636013.2,0.1141149597586719
DEU,2020,R,43938.0,3636013.2,0.0120841145461188
DEU,2020,S,87475.09999999999,3636013.2,0.024057970966662
DEU,2020,T,8566.5,3636013.2,0.002356014549122
DEU,2020,employees_compensation,0.0,3636013.2,0.0
ITA,1995,A01_02,14560.199999999995,1113170.7999999998,0.0130799334657358
ITA,1995,A03,1660.1999999999998,1113170.7999999998,0.0014914153335678
ITA,1995,B05_06,-10029.7,1113170.7999999998,-0.0090100279310237
ITA,1995,B07_08,-1373.8,1113170.7999999998,-0.0012341322643389
ITA,1995,B09,-180.4,1113170.7999999998,-0.0001620595869025
ITA,1995,C10T12,65422.60000000001,1113170.7999999998,0.0587713942909749
ITA,1995,C13T15,61625.09999999999,1113170.7999999998,0.0553599681198967
ITA,1995,C16,1989.7,1113170.7999999998,0.0017874166300445
ITA,1995,C17_18,2690.5,1113170.7999999998,0.0024169696150851
ITA,1995,C19,7540.4000000000015,1113170.7999999998,0.0067738032654108
ITA,1995,C20,3873.5,1113170.7999999998,0.0034796996112366
ITA,1995,C21,8630.0,1113170.7999999998,0.0077526287969465
ITA,1995,C22,8930.8,1113170.7999999998,0.0080228478864159
ITA,1995,C23,8466.600000000002,1113170.7999999998,0.0076058409006057
ITA,1995,C24,-6546.299999999999,1113170.7999999998,-0.0058807687014427
ITA,1995,C25,18045.9,1113170.7999999998,0.0162112588652163
ITA,1995,C26,8422.900000000001,1113170.7999999998,0.0075665836725145
ITA,1995,C27,12040.100000000002,1113170.7999999998,0.010816040090164
ITA,1995,C28,56005.7,1113170.7999999998,0.0503118658879661
ITA,1995,C29,28606.700000000004,1113170.7999999998,0.0256983923760846
ITA,1995,C30,8173.5,1113170.7999999998,0.007342538988626
ITA,1995,C31T33,36587.7,1113170.7999999998,0.032868001927467
ITA,1995,D,12586.6,1113170.7999999998,0.011306980024988
ITA,1995,E,4824.6,1113170.7999999998,0.0043341057814308
ITA,1995,F,116119.09999999998,1113170.7999999998,0.1043138213830258
ITA,1995,G,124708.3,1113170.7999999998,0.1120297981226241
ITA,1995,H49,23209.5,1113170.7999999998,0.0208499001231437
ITA,1995,H50,4490.9000000000015,1113170.7999999998,0.0040343314790506
ITA,1995,H51,3727.1999999999994,1113170.7999999998,0.0033482732389315
ITA,1995,H52,5456.299999999999,1113170.7999999998,0.0049015838360115
ITA,1995,H53,465.3,1113170.7999999998,0.000417995154023
ITA,1995,I,48002.69999999999,1113170.7999999998,0.0431224929723273
ITA,1995,J58T60,10243.2,1113170.7999999998,0.0092018223977847
ITA,1995,J61,9436.599999999997,1113170.7999999998,0.0084772255973656
ITA,1995,J62_63,6352.6,1113170.7999999998,0.0057067612625124
ITA,1995,K,25701.9,1113170.7999999998,0.0230889096264472
ITA,1995,L,86232.29999999997,1113170.7999999998,0.0774654707076398
ITA,1995,M,19032.6,1113170.7999999998,0.0170976457521163
ITA,1995,N,10314.9,1113170.7999999998,0.0092662329985659
ITA,1995,O,98825.7,1113170.7999999998,0.0887785594088526
ITA,1995,P,53643.6,1113170.7999999998,0.0481899094011449
ITA,1995,Q,68212.19999999998,1113170.7999999998,0.0612773888786877
ITA,1995,R,11949.5,1113170.7999999998,0.0107346509628172
ITA,1995,S,23810.7,1113170.7999999998,0.021389978968187
ITA,1995,T,10682.6,1113170.7999999998,0.0095965506820696
ITA,1995,employees_compensation,0.0,1113170.7999999998,0.0
ITA,1996,A01_02,16610.4,1245024.7,0.013341422061747
ITA,1996,A03,1725.6999999999998,1245024.7,0.0013860769187952
ITA,1996,B05_06,-13053.6,1245024.7,-0.0104846112691579
ITA,1996,B07_08,-1353.6,1245024.7,-0.0010872073461675
ITA,1996,B09,-215.8,1245024.7,-0.0001733298945796
ITA,1996,C10T12,70851.2,1245024.7,0.0569074653699641
ITA,1996,C13T15,65693.1,1245024.7,0.0527644953549917
ITA,1996,C16,2378.499999999999,1245024.7,0.0019104038658831
ITA,1996,C17_18,4296.599999999999,1245024.7,0.003451015871412
ITA,1996,C19,9372.2,1245024.7,0.0075277221407735
ITA,1996,C20,5149.5,1245024.7,0.0041360625214905
ITA,1996,C21,9599.7,1245024.7,0.0077104494392761
ITA,1996,C22,9468.6,1245024.7,0.0076051503235237
ITA,1996,C23,9042.9,1245024.7,0.0072632293961718
ITA,1996,C24,-3901.300000000001,1245024.7,-0.0031335121303215
ITA,1996,C25,19678.7,1245024.7,0.0158058711606283
ITA,1996,C26,10019.500000000004,1245024.7,0.0080476315048207
ITA,1996,C27,13327.499999999998,1245024.7,0.0107046069045859
ITA,1996,C28,61276.8,1245024.7,0.0492173368126752
ITA,1996,C29,30921.499999999996,1245024.7,0.0248360534533973
ITA,1996,C30,9030.9,1245024.7,0.0072535910331738
ITA,1996,C31T33,39837.2,1245024.7,0.031997116201791
ITA,1996,D,13551.5,1245024.7,0.0108845230138807
ITA,1996,E,7245.400000000001,1245024.7,0.0058194829387722
ITA,1996,F,127396.0,1245024.7,0.1023240743737855
ITA,1996,G,140185.2,1245024.7,0.1125963203782222
ITA,1996,H49,25896.0,1245024.7,0.0207995873495521
ITA,1996,H50,4812.5,1245024.7,0.0038653851606317
ITA,1996,H51,4190.4,1245024.7,0.0033657163588802
ITA,1996,H52,6396.599999999999,1245024.7,0.0051377293960513
ITA,1996,H53,538.4999999999999,1245024.7,0.0004325215395325
ITA,1996,I,54248.59999999999,1245024.7,0.0435723082441657
ITA,1996,J58T60,11192.1,1245024.7,0.0089894602091026
ITA,1996,J61,11349.699999999995,1245024.7,0.0091160440431422
ITA,1996,J62_63,8027.500000000001,1245024.7,0.0064476632471628
ITA,1996,K,26161.9,1245024.7,0.0210131574096481
ITA,1996,L,100426.3,1245024.7,0.0806620944949927
ITA,1996,M,20826.500000000004,1245024.7,0.0167277805813812
ITA,1996,N,11610.500000000002,1245024.7,0.0093255177989641
ITA,1996,O,111475.69999999998,1245024.7,0.0895369385041116
ITA,1996,P,61049.30000000001,1245024.7,0.0490346095141727
ITA,1996,Q,76175.9,1245024.7,0.0611842479912245
ITA,1996,R,14088.8,1245024.7,0.0113160807171134
ITA,1996,S,26104.1,1245024.7,0.0209667326278747
ITA,1996,T,12319.5,1245024.7,0.009894984412759
ITA,1996,employees_compensation,0.0,1245024.7,0.0
ITA,1997,A01_02,15278.6,1175332.3,0.0129993874923713
ITA,1997,A03,1535.7999999999995,1175332.3,0.0013066942855224
ITA,1997,B05_06,-12765.8,1175332.3,-0.0108614389309304
ITA,1997,B07_08,-1464.2,1175332.3,-0.0012457753437049
ITA,1997,B09,-192.4,1175332.3,-0.0001636983855544
ITA,1997,C10T12,66018.29999999999,1175332.3,0.0561699019077413
ITA,1997,C13T15,61096.9,1175332.3,0.0519826605633147
ITA,1997,C16,2116.7000000000007,1175332.3,0.0018009374880618
ITA,1997,C17_18,3865.499999999999,1175332.3,0.0032888571172595
ITA,1997,C19,9608.699999999995,1175332.3,0.0081753049754524
ITA,1997,C20,4135.100000000002,1175332.3,0.003518239054606
ITA,1997,C21,9308.500000000002,1175332.3,0.0079198878478877
ITA,1997,C22,9310.1,1175332.3,0.0079212491650233
ITA,1997,C23,8557.199999999999,1175332.3,0.0072806643704082
ITA,1997,C24,-4883.5,1175332.3,-0.0041549951447773
ITA,1997,C25,18942.2,1175332.3,0.0161164634035838
ITA,1997,C26,9780.699999999995,1175332.3,0.0083216465675281
ITA,1997,C27,12796.9,1175332.3,0.0108878995327534
ITA,1997,C28,59674.60000000001,1175332.3,0.050772534712098
ITA,1997,C29,31802.800000000007,1175332.3,0.0270585603747978
ITA,1997,C30,8156.799999999999,1175332.3,0.0069399947572273
ITA,1997,C31T33,36899.1,1175332.3,0.0313946106986083
ITA,1997,D,12574.8,1175332.3,0.0106989316978696
ITA,1997,E,6891.1,1175332.3,0.0058631078206563
ITA,1997,F,116799.0,1175332.3,0.0993753000747107
ITA,1997,G,131607.3,1175332.3,0.1119745454115402
ITA,1997,H49,23511.099999999995,1175332.3,0.0200037895665761
ITA,1997,H50,4314.6,1175332.3,0.0036709618207548
ITA,1997,H51,4010.000000000001,1175332.3,0.0034118010710673
ITA,1997,H52,6201.2,1175332.3,0.005276124888255
ITA,1997,H53,569.8000000000002,1175332.3,0.0004847990649112
ITA,1997,I,51161.100000000006,1175332.3,0.0435290513159555
ITA,1997,J58T60,10390.3,1175332.3,0.0088403083961871
ITA,1997,J61,11539.8,1175332.3,0.0098183296757861
ITA,1997,J62_63,7637.000000000001,1175332.3,0.0064977368528032
ITA,1997,K,23465.2,1175332.3,0.019964736781249
ITA,1997,L,95973.4,1175332.3,0.0816563962378979
ITA,1997,M,20375.1,1175332.3,0.0173356079808238
ITA,1997,N,11434.499999999996,1175332.3,0.0097287379918002
ITA,1997,O,105676.0,1175332.3,0.0899115935127452
ITA,1997,P,57257.49999999999,1175332.3,0.0487160099318294
ITA,1997,Q,74978.10000000002,1175332.3,0.0637931077023919
ITA,1997,R,13408.3,1175332.3,0.0114080928431899
ITA,1997,S,24503.7,1175332.3,0.0208483166845665
ITA,1997,T,11474.8,1175332.3,0.0097630261671528
ITA,1997,employees_compensation,0.0,1175332.3,0.0
ITA,1998,A01_02,15369.1,1198062.7,0.012828293544236
ITA,1998,A03,1475.7999999999995,1198062.7,0.0012318220073123
ITA,1998,B05_06,-9567.3,1198062.7,-0.0079856421537871
ITA,1998,B07_08,-1440.6,1198062.7,-0.0012024412411804
ITA,1998,B09,-166.10000000000002,1198062.7,-0.0001386404901846
ITA,1998,C10T12,67014.3,1198062.7,0.0559355532894897
ITA,1998,C13T15,62510.2,1198062.7,0.0521760672458962
ITA,1998,C16,2353.4,1198062.7,0.0019643379265542
ITA,1998,C17_18,3910.2000000000007,1198062.7,0.003263769083204
ITA,1998,C19,9368.9,1198062.7,0.007820041471953
ITA,1998,C20,4600.4000000000015,1198062.7,0.0038398658100281
ITA,1998,C21,9595.1,1198062.7,0.0080088462815844
ITA,1998,C22,9653.100000000002,1198062.7,0.0080572577712335
ITA,1998,C23,8660.199999999999,1198062.7,0.0072285031492926
ITA,1998,C24,-5246.9000000000015,1198062.7,-0.0043794869834441
ITA,1998,C25,20165.6,1198062.7,0.0168318402701294
ITA,1998,C26,8922.8,1198062.7,0.007447690342083
ITA,1998,C27,12897.7,1198062.7,0.0107654632766715
ITA,1998,C28,60501.4,1198062.7,0.0504993603423259
ITA,1998,C29,32577.4,1198062.7,0.0271917321188615
ITA,1998,C30,8807.6,1198062.7,0.0073515351074697
ITA,1998,C31T33,37578.0,1198062.7,0.0313656372074683
ITA,1998,D,13023.499999999996,1198062.7,0.0108704661283587
ITA,1998,E,7114.1,1198062.7,0.0059380030778021
ITA,1998,F,116432.1,1198062.7,0.0971836448960476
ITA,1998,G,133383.29999999996,1198062.7,0.1113324870225906
ITA,1998,H49,23047.599999999995,1198062.7,0.0192373904971751
ITA,1998,H50,5235.799999999999,1198062.7,0.0043702220259423
ITA,1998,H51,4183.999999999999,1198062.7,0.0034923047015819
ITA,1998,H52,6779.199999999999,1198062.7,0.0056584684591215
ITA,1998,H53,803.3000000000001,1198062.7,0.0006704991316397
ITA,1998,I,53389.6,1198062.7,0.0445632770304926
ITA,1998,J58T60,10435.8,1198062.7,0.0087105624772392
ITA,1998,J61,12971.000000000002,1198062.7,0.0108266453834177
ITA,1998,J62_63,8113.999999999999,1198062.7,0.0067726004657352
ITA,1998,K,21334.1,1198062.7,0.0178071648503872
ITA,1998,L,99005.8,1198062.7,0.08263824589481
ITA,1998,M,20525.2,1198062.7,0.0171319915059537
ITA,1998,N,11177.4,1198062.7,0.0093295618000627
ITA,1998,O,107766.7,1198062.7,0.0899508014063037
ITA,1998,P,57725.1,1198062.7,0.0481820358817614
ITA,1998,Q,76201.3,1198062.7,0.063603766313733
ITA,1998,R,13300.0,1198062.7,0.0111012553850478
ITA,1998,S,25379.9,1198062.7,0.0211841166576674
ITA,1998,T,11193.6,1198062.7,0.0093430836299302
ITA,1998,employees_compensation,0.0,1198062.7,0.0
ITA,1999,A01_02,15912.799999999996,1179926.6,0.0134862626200646
ITA,1999,A03,1447.8999999999996,1179926.6,0.001227110228721
ITA,1999,B05_06,-11888.6,1179926.6,-0.0100757114891722
ITA,1999,B07_08,-1287.8000000000002,1179926.6,-0.0010914238224648
ITA,1999,B09,-109.6,1179926.6,-9.288713382679904e-05
ITA,1999,C10T12,64992.9,1179926.6,0.0550821551103263
ITA,1999,C13T15,59798.70000000001,1179926.6,0.050680016875626
ITA,1999,C16,2390.7000000000003,1179926.6,0.0020261429821143
ITA,1999,C17_18,3782.2000000000007,1179926.6,0.0032054536273697
ITA,1999,C19,9850.100000000002,1179926.6,0.0083480616506145
ITA,1999,C20,4989.800000000001,1179926.6,0.0042289071201547
ITA,1999,C21,9732.1,1179926.6,0.0082480554298886
ITA,1999,C22,9263.0,1179926.6,0.0078504883269857
ITA,1999,C23,8468.8,1179926.6,0.0071773956108795
ITA,1999,C24,-3793.7999999999993,1179926.6,-0.0032152847473732
ITA,1999,C25,19535.9,1179926.6,0.0165568773515233
ITA,1999,C26,7719.200000000004,1179926.6,0.0065421018561663
ITA,1999,C27,12646.499999999996,1179926.6,0.0107180395797501
ITA,1999,C28,58365.50000000001,1179926.6,0.0494653650489784
ITA,1999,C29,32092.9,1179926.6,0.0271990647553839
ITA,1999,C30,7473.000000000002,1179926.6,0.006333444809194
ITA,1999,C31T33,38173.9,1179926.6,0.03235277516415
ITA,1999,D,12915.8,1179926.6,0.0109462741156949
ITA,1999,E,7368.400000000001,1179926.6,0.0062447952270929
ITA,1999,F,116660.2,1179926.6,0.0988707263655213
ITA,1999,G,130108.69999999998,1179926.6,0.1102684692420697
ITA,1999,H49,21365.7,1179926.6,0.0181076517810514
ITA,1999,H50,4841.999999999999,1179926.6,0.0041036450911438
ITA,1999,H51,3927.8,1179926.6,0.0033288511336213
ITA,1999,H52,6635.0,1179926.6,0.0056232311399709
ITA,1999,H53,892.5999999999999,1179926.6,0.0007564877340675
ITA,1999,I,53221.49999999999,1179926.6,0.0451057718336038
ITA,1999,J58T60,10299.600000000002,1179926.6,0.0087290175507527
ITA,1999,J61,14230.800000000005,1179926.6,0.0120607502195475
ITA,1999,J62_63,8485.099999999997,1179926.6,0.0071912100295052
ITA,1999,K,19673.2,1179926.6,0.0166732405219104
ITA,1999,L,101206.0,1179926.6,0.0857731319897356
ITA,1999,M,20118.0,1179926.6,0.0170502131234264
ITA,1999,N,10473.6,1179926.6,0.0088764843508062
ITA,1999,O,106123.9,1179926.6,0.0899411031160751
ITA,1999,P,56690.69999999999,1179926.6,0.0480459547229463
ITA,1999,Q,75774.8,1179926.6,0.0642199269005377
ITA,1999,R,13506.6,1179926.6,0.0114469832276007
ITA,1999,S,25132.0,1179926.6,0.0212996299939335
ITA,1999,T,10718.5,1179926.6,0.0090840396343297
ITA,1999,employees_compensation,0.0,1179926.6,0.0
ITA,2000,A01_02,14123.800000000005,1075766.0,0.0131290633836726
ITA,2000,A03,1330.8999999999996,1075766.0,0.0012371649596659
ITA,2000,B05_06,-19831.5,1075766.0,-0.0184347711305246
ITA,2000,B07_08,-1441.8000000000002,1075766.0,-0.0013402542932199
ITA,2000,B09,-30.1,1075766.0,-2.798006257866488e-05
ITA,2000,C10T12,58179.90000000001,1075766.0,0.054082300425929
ITA,2000,C13T15,55118.7,1075766.0,0.0512367001745732
ITA,2000,C16,1890.9,1075766.0,0.001757724263455
ITA,2000,C17_18,2470.0999999999985,1075766.0,0.0022961313148026
ITA,2000,C19,12652.899999999998,1075766.0,0.0117617585980594
ITA,2000,C20,2929.0,1075766.0,0.0027227110728541
ITA,2000,C21,8860.400000000001,1075766.0,0.0082363636701661
ITA,2000,C22,8467.900000000001,1075766.0,0.0078715073724211
ITA,2000,C23,8187.500000000001,1075766.0,0.0076108558924524
ITA,2000,C24,-5486.1,1075766.0,-0.0050997149937811
ITA,2000,C25,17917.1,1075766.0,0.0166552019677141
ITA,2000,C26,6619.0,1075766.0,0.0061528250567502
ITA,2000,C27,11361.399999999998,1075766.0,0.0105612187036957
ITA,2000,C28,55223.00000000001,1075766.0,0.051333654344904
ITA,2000,C29,29251.80000000001,1075766.0,0.0271916011474614
ITA,2000,C30,4803.2,1075766.0,0.004464911514214
ITA,2000,C31T33,34986.399999999994,1075766.0,0.032522314332299
ITA,2000,D,11588.699999999995,1075766.0,0.010772510006823
ITA,2000,E,6251.9000000000015,1075766.0,0.0058115798417127
ITA,2000,F,111336.60000000002,1075766.0,0.1034951838968697
ITA,2000,G,115206.30000000002,1075766.0,0.107092341643071
ITA,2000,H49,18374.3,1075766.0,0.0170802014564505
ITA,2000,H50,5169.000000000002,1075766.0,0.0048049482880105
ITA,2000,H51,3729.4,1075766.0,0.0034667390491984
ITA,2000,H52,9740.3,1075766.0,0.0090542924762448
ITA,2000,H53,831.7,1075766.0,0.0007731235231453
ITA,2000,I,50956.3,1075766.0,0.0473674572351236
ITA,2000,J58T60,9503.7,1075766.0,0.0088343561703939
ITA,2000,J61,13069.1,1075766.0,0.0121486457091969
ITA,2000,J62_63,7487.499999999999,1075766.0,0.006960156762716
ITA,2000,K,19997.4,1075766.0,0.0185889868242721
ITA,2000,L,93697.4,1075766.0,0.0870983094836609
ITA,2000,M,18911.900000000005,1075766.0,0.0175799383880881
ITA,2000,N,8725.2,1075766.0,0.0081106857811085
ITA,2000,O,96747.7,1075766.0,0.0899337774199965
ITA,2000,P,50335.9,1075766.0,0.0467907518921401
ITA,2000,Q,71558.59999999999,1075766.0,0.0665187410645065
ITA,2000,R,12983.0,1075766.0,0.0120686097162394
ITA,2000,S,22328.9,1075766.0,0.020756279711387
ITA,2000,T,9650.8,1075766.0,0.0089710959446571
ITA,2000,employees_compensation,0.0,1075766.0,0.0
ITA,2001,A01_02,13889.600000000002,1100557.3,0.0126205150790422
ITA,2001,A03,1223.4,1100557.3,0.0011116186317604
ITA,2001,B05_06,-18239.3,1100557.3,-0.0165727854424299
ITA,2001,B07_08,-1518.3,1100557.3,-0.0013795737850269
ITA,2001,B09,-43.1,1100557.3,-3.916197730004608e-05
ITA,2001,C10T12,57561.9,1100557.3,0.0523025016507545
ITA,2001,C13T15,57060.2,1100557.3,0.051846641696893
ITA,2001,C16,2517.3000000000006,1100557.3,0.0022872957182692
ITA,2001,C17_18,2670.2,1100557.3,0.0024262253314752
ITA,2001,C19,11569.700000000004,1100557.3,0.0105125830340682
ITA,2001,C20,2398.4,1100557.3,0.0021792595442327
ITA,2001,C21,9679.7,1100557.3,0.0087952712684746
ITA,2001,C22,8496.400000000001,1100557.3,0.0077200887223227
ITA,2001,C23,8093.9,1100557.3,0.0073543649203907
ITA,2001,C24,-5704.199999999999,1100557.3,-0.0051830104620631
ITA,2001,C25,18312.4,1100557.3,0.0166392063366441
ITA,2001,C26,7601.200000000004,1100557.3,0.0069066826416034
ITA,2001,C27,11293.900000000003,1100557.3,0.0102619827245705
ITA,2001,C28,55239.8,1100557.3,0.0501925706185402
ITA,2001,C29,27674.40000000001,1100557.3,0.0251458056749975
ITA,2001,C30,5649.099999999999,1100557.3,0.0051329449179974
ITA,2001,C31T33,34217.4,1100557.3,0.0310909754539813
ITA,2001,D,12280.0,1100557.3,0.0111579833235398
ITA,2001,E,6287.699999999999,1100557.3,0.005713196396044
ITA,2001,F,114878.9,1100557.3,0.104382479676433
ITA,2001,G,117757.90000000002,1100557.3,0.106998427069631
ITA,2001,H49,17931.9,1100557.3,0.0162934724071159
ITA,2001,H50,3400.2999999999997,1100557.3,0.0030896165061101
ITA,2001,H51,3956.7000000000007,1100557.3,0.0035951785518118
ITA,2001,H52,9876.1,1100557.3,0.0089737263112061
ITA,2001,H53,865.8,1100557.3,0.0007866923421433
ITA,2001,I,51771.30000000001,1100557.3,0.0470409855079785
ITA,2001,J58T60,9853.500000000004,1100557.3,0.0089531912604641
ITA,2001,J61,13354.899999999998,1100557.3,0.012134670316575
ITA,2001,J62_63,7808.599999999998,1100557.3,0.0070951326205368
ITA,2001,K,22777.200000000004,1100557.3,0.0206960600779259
ITA,2001,L,96574.6,1100557.3,0.0877506332473556
ITA,2001,M,19668.1,1100557.3,0.0178710367919961
ITA,2001,N,8625.4,1100557.3,0.0078373020650537
ITA,2001,O,99126.8,1100557.3,0.0900696401723017
ITA,2001,P,51999.79999999999,1100557.3,0.0472486075918082
ITA,2001,Q,75158.5,1100557.3,0.0682913102298262
ITA,2001,R,13995.8,1100557.3,0.0127170116449184
ITA,2001,S,23036.300000000003,1100557.3,0.0209314862570081
ITA,2001,T,9927.2,1100557.3,0.0090201573330166
ITA,2001,employees_compensation,0.0,1100557.3,0.0
ITA,2002,A01_02,15219.2,1205402.3,0.0126258262490456
ITA,2002,A03,1442.9999999999998,1205402.3,0.0011971107073547
ITA,2002,B05_06,-18779.7,1205402.3,-0.015579611885592
ITA,2002,B07_08,-1498.5,1205402.3,-0.0012431534268683
ITA,2002,B09,-36.1,1205402.3,-2.994850764761275e-05
ITA,2002,C10T12,63967.39999999999,1205402.3,0.0530672622741801
ITA,2002,C13T15,58738.7,1205402.3,0.0487295403368651
ITA,2002,C16,2471.6000000000004,1205402.3,0.0020504357756742
ITA,2002,C17_18,3573.1000000000004,1205402.3,0.0029642385782738
ITA,2002,C19,11266.5,1205402.3,0.0093466720612695
ITA,2002,C20,2884.7000000000007,1205402.3,0.0023931429365946
ITA,2002,C21,10723.8,1205402.3,0.0088964489282955
ITA,2002,C22,9795.1,1205402.3,0.0081260007551006
ITA,2002,C23,8731.3,1205402.3,0.0072434738178282
ITA,2002,C24,-5421.4000000000015,1205402.3,-0.0044975855778606
ITA,2002,C25,20134.9,1205402.3,0.0167038838402747
ITA,2002,C26,8118.700000000001,1205402.3,0.0067352617462236
ITA,2002,C27,12919.399999999998,1205402.3,0.0107179155042262
ITA,2002,C28,58317.7,1205402.3,0.0483802793474012
ITA,2002,C29,27382.70000000001,1205402.3,0.0227166482094816
ITA,2002,C30,6013.1,1205402.3,0.0049884590397745
ITA,2002,C31T33,36655.4,1205402.3,0.030409266682169
ITA,2002,D,12947.000000000002,1205402.3,0.0107408124242006
ITA,2002,E,7136.6,1205402.3,0.0059205130104696
ITA,2002,F,131218.4,1205402.3,0.1088585943464683
ITA,2002,G,126505.10000000002,1205402.3,0.1049484475017179
ITA,2002,H49,19808.7,1205402.3,0.0164332687933314
ITA,2002,H50,2803.7,1205402.3,0.0023259454540612
ITA,2002,H51,3372.500000000001,1205402.3,0.0027978211091848
ITA,2002,H52,9964.3,1205402.3,0.0082663688297259
ITA,2002,H53,854.5999999999999,1205402.3,0.0007089749206551
ITA,2002,I,56552.1,1205402.3,0.0469155401478825
ITA,2002,J58T60,10535.3,1205402.3,0.0087400696016591
ITA,2002,J61,15083.9,1205402.3,0.0125135815652583
ITA,2002,J62_63,8446.900000000001,1205402.3,0.0070075359902664
ITA,2002,K,22730.099999999995,1205402.3,0.0188568579967036
ITA,2002,L,111542.8,1205402.3,0.0925357451201146
ITA,2002,M,22451.2,1205402.3,0.0186254829611657
ITA,2002,N,9051.999999999998,1205402.3,0.0075095260727476
ITA,2002,O,108246.19999999998,1205402.3,0.0898008905408592
ITA,2002,P,57078.2,1205402.3,0.0473519919449299
ITA,2002,Q,84096.2,1205402.3,0.0697660855633011
ITA,2002,R,16177.100000000004,1205402.3,0.0134204986998946
ITA,2002,S,24810.200000000004,1205402.3,0.020582505940133
ITA,2002,T,11368.6,1205402.3,0.0094313740732036
ITA,2002,employees_compensation,0.0,1205402.3,0.0
ITA,2003,A01_02,18887.3,1493061.5,0.0126500482398079
ITA,2003,A03,1842.2999999999995,1493061.5,0.0012339076454653
ITA,2003,B05_06,-23748.9,1493061.5,-0.0159061766712221
ITA,2003,B07_08,-1579.5,1493061.5,-0.0010578934625264
ITA,2003,B09,-34.599999999999994,1493061.5,-2.31738612240688e-05
ITA,2003,C10T12,79619.9,1493061.5,0.0533266044298912
ITA,2003,C13T15,68263.50000000001,1493061.5,0.0457204877361046
ITA,2003,C16,2797.0,1493061.5,0.0018733320764081
ITA,2003,C17_18,4408.799999999999,1493061.5,0.0029528589411755
ITA,2003,C19,14878.100000000002,1493061.5,0.0099648273028271
ITA,2003,C20,2728.399999999998,1493061.5,0.0018273862128251
ITA,2003,C21,12173.700000000004,1493061.5,0.0081535154446082
ITA,2003,C22,12007.4,1493061.5,0.0080421335624821
ITA,2003,C23,10037.7,1493061.5,0.0067228978846484
ITA,2003,C24,-6252.4000000000015,1493061.5,-0.0041876372808487
ITA,2003,C25,24423.700000000004,1493061.5,0.016358133941569
ITA,2003,C26,8381.0,1493061.5,0.0056132985814716
ITA,2003,C27,15082.7,1493061.5,0.0101018611758457
ITA,2003,C28,71343.2,1493061.5,0.0477831623144793
ITA,2003,C29,29546.4,1493061.5,0.0197891379558042
ITA,2003,C30,9707.6,1493061.5,0.0065018085323344
ITA,2003,C31T33,42587.7,1493061.5,0.0285237413194299
ITA,2003,D,16720.399999999994,1493061.5,0.0111987349482924
ITA,2003,E,9324.600000000002,1493061.5,0.006245288623409
ITA,2003,F,165098.49999999997,1493061.5,0.1105771597486104
ITA,2003,G,152238.7,1493061.5,0.1019641186916948
ITA,2003,H49,25408.1,1493061.5,0.017017450386337
ITA,2003,H50,4141.400000000001,1493061.5,0.0027737638402704
ITA,2003,H51,4457.600000000001,1493061.5,0.0029855434622083
ITA,2003,H52,12130.1,1493061.5,0.0081243137004068
ITA,2003,H53,1109.3000000000002,1493061.5,0.0007429700651982
ITA,2003,I,70321.59999999999,1493061.5,0.0470989306200715
ITA,2003,J58T60,12934.399999999998,1493061.5,0.0086630055091501
ITA,2003,J61,19765.800000000003,1493061.5,0.0132384365948756
ITA,2003,J62_63,9723.4,1493061.5,0.0065123908157835
ITA,2003,K,28656.3,1493061.5,0.0191929803293434
ITA,2003,L,142013.90000000002,1493061.5,0.0951159078175949
ITA,2003,M,28930.5,1493061.5,0.0193766298307203
ITA,2003,N,12246.7,1493061.5,0.0082024082732024
ITA,2003,O,137816.9,1493061.5,0.0923049050558198
ITA,2003,P,71786.09999999999,1493061.5,0.0480798011334429
ITA,2003,Q,105715.09999999998,1493061.5,0.0708042501933108
ITA,2003,R,20444.3,1493061.5,0.013692871994891
ITA,2003,S,30891.6,1493061.5,0.0206901055314868
ITA,2003,T,14085.2,1493061.5,0.0094337708125217
ITA,2003,employees_compensation,0.0,1493061.5,0.0
ITA,2004,A01_02,22042.8,1706728.1,0.0129152382268739
ITA,2004,A03,2001.1,1706728.1,0.0011724773266462
ITA,2004,B05_06,-28206.5,1706728.1,-0.016526651198864
ITA,2004,B07_08,-2244.1000000000004,1706728.1,-0.0013148550141056
ITA,2004,B09,-31.1,1706728.1,-1.822200032916784e-05
ITA,2004,C10T12,88533.20000000001,1706728.1,0.0518730546476618
ITA,2004,C13T15,73419.00000000001,1706728.1,0.0430173968542499
ITA,2004,C16,2747.3999999999983,1706728.1,0.0016097467429053
ITA,2004,C17_18,5067.800000000001,1706728.1,0.0029693071790404
ITA,2004,C19,18541.4,1706728.1,0.0108637105113579
ITA,2004,C20,2533.2999999999997,1706728.1,0.0014843020396746
ITA,2004,C21,12875.6,1706728.1,0.0075440253195573
ITA,2004,C22,14369.3,1706728.1,0.0084192086601257
ITA,2004,C23,10891.6,1706728.1,0.0063815671635101
ITA,2004,C24,-7653.200000000001,1706728.1,-0.0044841354636394
ITA,2004,C25,30009.2,1706728.1,0.0175828827099055
ITA,2004,C26,8018.5999999999985,1706728.1,0.0046982293195969
ITA,2004,C27,18229.0,1706728.1,0.0106806702250932
ITA,2004,C28,81807.7,1706728.1,0.047932473836928
ITA,2004,C29,34693.99999999999,1706728.1,0.0203277839041848
ITA,2004,C30,11491.8,1706728.1,0.0067332341923707
ITA,2004,C31T33,47099.3,1706728.1,0.0275962527364493
ITA,2004,D,18862.3,1706728.1,0.0110517310871016
ITA,2004,E,10915.500000000002,1706728.1,0.0063955705656923
ITA,2004,F,192297.6,1706728.1,0.1126703193086233
ITA,2004,G,172204.10000000003,1706728.1,0.1008972079383939
ITA,2004,H49,28516.3,1706728.1,0.0167081681024645
ITA,2004,H50,6961.099999999999,1706728.1,0.0040786227167643
ITA,2004,H51,5793.300000000001,1706728.1,0.0033943895339861
ITA,2004,H52,14601.6,1706728.1,0.0085553170420056
ITA,2004,H53,1163.3000000000002,1706728.1,0.0006815965589363
ITA,2004,I,81334.6,1706728.1,0.0476552767836892
ITA,2004,J58T60,14094.3,1706728.1,0.0082580816475688
ITA,2004,J61,22512.000000000007,1706728.1,0.0131901502061166
ITA,2004,J62_63,10039.1,1706728.1,0.0058820734245835
ITA,2004,K,29523.200000000004,1706728.1,0.0172981273349867
ITA,2004,L,168966.59999999998,1706728.1,0.0990003035632916
ITA,2004,M,33558.1,1706728.1,0.0196622414548632
ITA,2004,N,14136.999999999996,1706728.1,0.0082831002782458
ITA,2004,O,159286.0,1706728.1,0.0933282811714414
ITA,2004,P,77289.19999999998,1706728.1,0.045285010541515
ITA,2004,Q,125882.8,1706728.1,0.0737567981683784
ITA,2004,R,21743.800000000007,1706728.1,0.0127400492204938
ITA,2004,S,34165.69999999999,1706728.1,0.0200182442651527
ITA,2004,T,16643.4,1706728.1,0.0097516411665103
ITA,2004,employees_compensation,0.0,1706728.1,0.0
ITA,2005,A01_02,20268.1,1755141.3,0.0115478451791887
ITA,2005,A03,2003.6000000000008,1755141.3,0.0011415605113958
ITA,2005,B05_06,-42575.8,1755141.3,-0.024257762038874
ITA,2005,B07_08,-2884.4,1755141.3,-0.0016434004487274
ITA,2005,B09,-59.1,1755141.3,-3.3672502607055054e-05
ITA,2005,C10T12,89518.99999999999,1755141.3,0.0510038707424866
ITA,2005,C13T15,71964.90000000001,1755141.3,0.0410023398116151
ITA,2005,C16,2532.6000000000004,1755141.3,0.0014429607462373
ITA,2005,C17_18,4745.999999999999,1755141.3,0.0027040557931147
ITA,2005,C19,23427.4,1755141.3,0.0133478711941881
ITA,2005,C20,2770.7999999999997,1755141.3,0.0015786763151206
ITA,2005,C21,13133.3,1755141.3,0.0074827593653001
ITA,2005,C22,14335.099999999997,1755141.3,0.0081674905604466
ITA,2005,C23,10765.6,1755141.3,0.0061337511686381
ITA,2005,C24,-7576.100000000002,1755141.3,-0.0043165185617818
ITA,2005,C25,30979.3,1755141.3,0.0176506016922967
ITA,2005,C26,8218.599999999999,1755141.3,0.0046825859547604
ITA,2005,C27,18415.1,1755141.3,0.0104920897251976
ITA,2005,C28,83993.70000000001,1755141.3,0.0478558051138105
ITA,2005,C29,34837.399999999994,1755141.3,0.0198487722897296
ITA,2005,C30,11817.4,1755141.3,0.0067330191591981
ITA,2005,C31T33,48366.7,1755141.3,0.0275571545151378
ITA,2005,D,21254.399999999998,1755141.3,0.0121097942370793
ITA,2005,E,11420.7,1755141.3,0.0065069974708019
ITA,2005,F,201335.50000000003,1755141.3,0.1147118468467467
ITA,2005,G,173338.6,1755141.3,0.0987604815635071
ITA,2005,H49,29730.8,1755141.3,0.016939262952789
ITA,2005,H50,8184.800000000002,1755141.3,0.0046633282459936
ITA,2005,H51,6171.200000000002,1755141.3,0.0035160701876253
ITA,2005,H52,14435.6,1755141.3,0.0082247509075195
ITA,2005,H53,1063.6,1755141.3,0.0006059910959875
ITA,2005,I,83390.80000000002,1755141.3,0.0475123000068427
ITA,2005,J58T60,14355.899999999998,1755141.3,0.0081793414581492
ITA,2005,J61,23434.700000000004,1755141.3,0.013352030403478
ITA,2005,J62_63,9479.300000000005,1755141.3,0.0054008757015745
ITA,2005,K,34631.8,1755141.3,0.0197316307239764
ITA,2005,L,176638.1,1755141.3,0.1006403871870601
ITA,2005,M,36041.1,1755141.3,0.0205345860188008
ITA,2005,N,14722.599999999997,1755141.3,0.0083882705056282
ITA,2005,O,163708.4,1755141.3,0.0932736298781186
ITA,2005,P,82260.3,1755141.3,0.0468681923216096
ITA,2005,Q,134808.30000000002,1755141.3,0.0768076621523292
ITA,2005,R,22794.8,1755141.3,0.0129874443727123
ITA,2005,S,35353.09999999999,1755141.3,0.0201425947870977
ITA,2005,T,17587.7,1755141.3,0.0100206746886988
ITA,2005,employees_compensation,0.0,1755141.3,0.0
ITA,2006,A01_02,20456.700000000004,1836657.3,0.0111380059851121
ITA,2006,A03,2191.8,1836657.3,0.0011933636176983
ITA,2006,B05_06,-57505.7,1836657.3,-0.031309978187003
ITA,2006,B07_08,-3395.2,1836657.3,-0.0018485756705946
ITA,2006,B09,-39.10000000000001,1836657.3,-2.1288674811572093e-05
ITA,2006,C10T12,92100.2,1836657.3,0.050145555188766
ITA,2006,C13T15,73642.6,1836657.3,0.0400959939559764
ITA,2006,C16,2743.2000000000007,1836657.3,0.0014935829346062
ITA,2006,C17_18,5526.799999999999,1836657.3,0.0030091623516265
ITA,2006,C19,25500.0,1836657.3,0.0138839183553731
ITA,2006,C20,2733.000000000004,1836657.3,0.0014880293672641
ITA,2006,C21,13603.6,1836657.3,0.0074067165387903
ITA,2006,C22,15516.8,1836657.3,0.0084483915426138
ITA,2006,C23,11370.2,1836657.3,0.0061907030778142
ITA,2006,C24,-11750.999999999996,1836657.3,-0.0063980362585878
ITA,2006,C25,35493.2,1836657.3,0.0193248898419971
ITA,2006,C26,8999.0,1836657.3,0.0048996620109804
ITA,2006,C27,19586.0,1836657.3,0.0106639382316995
ITA,2006,C28,93605.5,1836657.3,0.0509651419456422
ITA,2006,C29,41238.10000000001,1836657.3,0.0224528005306161
ITA,2006,C30,13357.3,1836657.3,0.007272614221499
ITA,2006,C31T33,52639.50000000001,1836657.3,0.0286604909908887
ITA,2006,D,23598.6,1836657.3,0.0128486680667101
ITA,2006,E,12353.5,1836657.3,0.0067260778589451
ITA,2006,F,211910.1,1836657.3,0.1153781383168215
ITA,2006,G,178142.69999999998,1836657.3,0.0969928902904205
ITA,2006,H49,30920.199999999997,1836657.3,0.0168350404836002
ITA,2006,H50,8233.800000000003,1836657.3,0.004483035566842
ITA,2006,H51,6890.099999999999,1836657.3,0.0037514347396218
ITA,2006,H52,14144.6,1836657.3,0.0077012733948788
ITA,2006,H53,1120.7000000000005,1836657.3,0.0006101846000339
ITA,2006,I,88525.09999999999,1836657.3,0.0481990298353427
ITA,2006,J58T60,14695.099999999997,1836657.3,0.0080010026911389
ITA,2006,J61,24542.9,1836657.3,0.013362808619768
ITA,2006,J62_63,9276.499999999996,1836657.3,0.0050507517107301
ITA,2006,K,40217.8,1836657.3,0.0218972804561852
ITA,2006,L,187885.7,1836657.3,0.102297636036946
ITA,2006,M,36640.70000000001,1836657.3,0.0199496661679889
ITA,2006,N,14802.6,1836657.3,0.0080595329351861
ITA,2006,O,166400.29999999996,1836657.3,0.0905995364513564
ITA,2006,P,85257.49999999999,1836657.3,0.0464199282032636
ITA,2006,Q,143306.49999999997,1836657.3,0.0780257155213441
ITA,2006,R,24501.2,1836657.3,0.0133401043297516
ITA,2006,S,37046.8,1836657.3,0.0201707743736406
ITA,2006,T,18631.8,1836657.3,0.0101444074515153
ITA,2006,employees_compensation,0.0,1836657.3,0.0
ITA,2007,A01_02,22725.8,2081503.7,0.0109179724254153
ITA,2007,A03,2253.3,2081503.7,0.0010825347079613
ITA,2007,B05_06,-60533.3,2081503.7,-0.0290815240924145
ITA,2007,B07_08,-3809.000000000001,2081503.7,-0.001829927085885
ITA,2007,B09,-164.79999999999998,2081503.7,-7.917353209605151e-05
ITA,2007,C10T12,105204.4,2081503.7,0.0505424996362005
ITA,2007,C13T15,83387.29999999999,2081503.7,0.0400610866077249
ITA,2007,C16,2728.3,2081503.7,0.0013107351190391
ITA,2007,C17_18,6546.299999999999,2081503.7,0.0031449860021867
ITA,2007,C19,28669.8,2081503.7,0.0137736003063554
ITA,2007,C20,3593.300000000003,2081503.7,0.0017263000781598
ITA,2007,C21,14759.3,2081503.7,0.0070906912152017
ITA,2007,C22,16955.699999999997,2081503.7,0.0081458899160256
ITA,2007,C23,12659.199999999995,2081503.7,0.0060817571450869
ITA,2007,C24,-14274.4,2081503.7,-0.0068577346271351
ITA,2007,C25,41955.09999999999,2081503.7,0.0201561496143389
ITA,2007,C26,10621.9,2081503.7,0.0051029935714262
ITA,2007,C27,23981.6,2081503.7,0.0115212862701132
ITA,2007,C28,111564.8,2081503.7,0.0535981752038202
ITA,2007,C29,49414.49999999999,2081503.7,0.0237398088699049
ITA,2007,C30,14610.7,2081503.7,0.0070193005181782
ITA,2007,C31T33,59704.600000000006,2081503.7,0.0286833984489194
ITA,2007,D,24037.1,2081503.7,0.0115479496865655
ITA,2007,E,14175.2,2081503.7,0.0068100767728637
ITA,2007,F,239103.9,2081503.7,0.1148707542532833
ITA,2007,G,197758.1,2081503.7,0.0950073257136175
ITA,2007,H49,34585.1,2081503.7,0.0166154400782472
ITA,2007,H50,10109.3,2081503.7,0.0048567292962294
ITA,2007,H51,6917.400000000001,2081503.7,0.0033232705759783
ITA,2007,H52,18703.7,2081503.7,0.0089856674287919
ITA,2007,H53,1500.0,2081503.7,0.0007206328770878
ITA,2007,I,101435.5,2081503.7,0.0487318374692295
ITA,2007,J58T60,16025.9,2081503.7,0.0076991936166147
ITA,2007,J61,25581.6,2081503.7,0.0122899613390069
ITA,2007,J62_63,9647.0,2081503.7,0.0046346302435109
ITA,2007,K,52364.3,2081503.7,0.0251569574437941
ITA,2007,L,214152.69999999995,2081503.7,0.1028836508914204
ITA,2007,M,39405.6,2081503.7,0.0189313139342485
ITA,2007,N,14297.099999999997,2081503.7,0.0068686402046751
ITA,2007,O,182153.8,2081503.7,0.0875106779776562
ITA,2007,P,97184.60000000002,2081503.7,0.0466896119377544
ITA,2007,Q,159094.50000000003,2081503.7,0.0764324848425684
ITA,2007,R,28245.8,2081503.7,0.0135699014130986
ITA,2007,S,40834.0,2081503.7,0.0196175486020034
ITA,2007,T,21637.1,2081503.7,0.0103949370832249
ITA,2007,employees_compensation,0.0,2081503.7,0.0
ITA,2008,A01_02,29228.099999999995,2270745.6,0.012871587200257
ITA,2008,A03,2305.5,2270745.6,0.0010153052812256
ITA,2008,B05_06,-81064.79999999999,2270745.6,-0.0356996398011296
ITA,2008,B07_08,-2699.9000000000005,2270745.6,-0.0011889927255611
ITA,2008,B09,-162.60000000000002,2270745.6,-7.160643622958028e-05
ITA,2008,C10T12,121276.8,2270745.6,0.0534083606723712
ITA,2008,C13T15,85376.40000000001,2270745.6,0.0375983993979774
ITA,2008,C16,4481.200000000002,2270745.6,0.0019734487209839
ITA,2008,C17_18,8005.799999999998,2270745.6,0.0035256261203368
ITA,2008,C19,35433.60000000001,2270745.6,0.0156043900294247
ITA,2008,C20,6240.4000000000015,2270745.6,0.0027481722303018
ITA,2008,C21,15477.7,2270745.6,0.0068161312302003
ITA,2008,C22,18745.7,2270745.6,0.0082553060985783
ITA,2008,C23,15065.4,2270745.6,0.0066345609125038
ITA,2008,C24,-10011.699999999995,2270745.6,-0.0044089923591616
ITA,2008,C25,43913.600000000006,2270745.6,0.0193388462362318
ITA,2008,C26,13362.899999999998,2270745.6,0.0058848071752291
ITA,2008,C27,26949.1,2270745.6,0.0118679520946776
ITA,2008,C28,114672.09999999998,2270745.6,0.0504997565557321
ITA,2008,C29,54484.4,2270745.6,0.0239940572823305
ITA,2008,C30,22139.6,2270745.6,0.0097499253108758
ITA,2008,C31T33,62541.6,2270745.6,0.0275423191395812
ITA,2008,D,27152.2,2270745.6,0.0119573940823666
ITA,2008,E,16020.899999999998,2270745.6,0.0070553478117495
ITA,2008,F,250937.4,2270745.6,0.1105088126120336
ITA,2008,G,198974.9,2270745.6,0.0876253597056403
ITA,2008,H49,38026.90000000001,2270745.6,0.0167464378220087
ITA,2008,H50,7266.5,2270745.6,0.0032000502390051
ITA,2008,H51,6703.0,2270745.6,0.0029518938625269
ITA,2008,H52,17166.800000000003,2270745.6,0.0075599838220538
ITA,2008,H53,1519.2999999999995,2270745.6,0.00066907539092
ITA,2008,I,111313.3,2270745.6,0.0490205948213661
ITA,2008,J58T60,18217.2,2270745.6,0.0080225631616329
ITA,2008,J61,27951.5,2270745.6,0.0123093930028973
ITA,2008,J62_63,18321.0,2270745.6,0.0080682750194473
ITA,2008,K,47373.600000000006,2270745.6,0.020862574830047
ITA,2008,L,242618.0,2270745.6,0.1068450820734828
ITA,2008,M,41676.40000000001,2270745.6,0.0183536191812944
ITA,2008,N,13235.3,2270745.6,0.0058286141785323
ITA,2008,O,205227.9,2270745.6,0.0903790807741739
ITA,2008,P,104657.0,2270745.6,0.0460892668910158
ITA,2008,Q,189025.10000000003,2270745.6,0.0832436271152523
ITA,2008,R,32534.2,2270745.6,0.0143275406985265
ITA,2008,S,44203.2,2270745.6,0.0194663814387661
ITA,2008,T,24863.1,2270745.6,0.010949311098522
ITA,2008,employees_compensation,0.0,2270745.6,0.0
ITA,2009,A01_02,27304.499999999996,2075320.6,0.0131567623816773
ITA,2009,A03,2270.0999999999995,2075320.6,0.0010938550891847
ITA,2009,B05_06,-48794.5,2075320.6,-0.0235117889737132
ITA,2009,B07_08,-1597.9000000000003,2075320.6,-0.0007699533267293
ITA,2009,B09,-75.70000000000005,2075320.6,-3.647629190400753e-05
ITA,2009,C10T12,108117.7,2075320.6,0.0520968663829578
ITA,2009,C13T15,69065.40000000001,2075320.6,0.0332793882545183
ITA,2009,C16,3603.4000000000015,2075320.6,0.0017363100428916
ITA,2009,C17_18,6973.999999999999,2075320.6,0.0033604446464801
ITA,2009,C19,22094.599999999995,2075320.6,0.0106463550740063
ITA,2009,C20,5714.4000000000015,2075320.6,0.002753502278154
ITA,2009,C21,12890.899999999998,2075320.6,0.0062115222101105
ITA,2009,C22,14615.999999999998,2075320.6,0.0070427672717169
ITA,2009,C23,11919.3,2075320.6,0.0057433535811286
ITA,2009,C24,-1174.7000000000007,2075320.6,-0.0005660330264152
ITA,2009,C25,33060.50000000001,2075320.6,0.0159303097555144
ITA,2009,C26,9515.899999999998,2075320.6,0.004585267452171
ITA,2009,C27,22265.7,2075320.6,0.0107288001670681
ITA,2009,C28,81673.70000000001,2075320.6,0.0393547387328974
ITA,2009,C29,36891.7,2075320.6,0.0177763859714012
ITA,2009,C30,20268.200000000004,2075320.6,0.0097662982769987
ITA,2009,C31T33,49893.59999999999,2075320.6,0.0240413938935507
ITA,2009,D,20907.4,2075320.6,0.0100742988818209
ITA,2009,E,15515.999999999996,2075320.6,0.0074764352071675
ITA,2009,F,218539.9,2075320.6,0.1053041636073
ITA,2009,G,190779.2,2075320.6,0.0919275797676754
ITA,2009,H49,37142.9,2075320.6,0.0178974275107181
ITA,2009,H50,6770.799999999999,2075320.6,0.0032625320637206
ITA,2009,H51,4335.000000000001,2075320.6,0.0020888338890868
ITA,2009,H52,15775.2,2075320.6,0.0076013315725772
ITA,2009,H53,1737.6999999999996,2075320.6,0.0008373164127026
ITA,2009,I,105544.4,2075320.6,0.0508569133848524
ITA,2009,J58T60,16572.200000000004,2075320.6,0.0079853686220818
ITA,2009,J61,26863.300000000007,2075320.6,0.0129441687226542
ITA,2009,J62_63,18158.6,2075320.6,0.0087497806363026
ITA,2009,K,37309.49999999999,2075320.6,0.0179777042641026
ITA,2009,L,236993.1,2075320.6,0.1141958982144734
ITA,2009,M,38110.9,2075320.6,0.0183638614679582
ITA,2009,N,13541.299999999996,2075320.6,0.0065249195714628
ITA,2009,O,198876.6000000001,2075320.6,0.0958293383682502
ITA,2009,P,101125.6,2075320.6,0.0487277001924425
ITA,2009,Q,183382.4,2075320.6,0.0883634075621858
ITA,2009,R,32953.9,2075320.6,0.0158789441978265
ITA,2009,S,43130.49999999999,2075320.6,0.0207825720999444
ITA,2009,T,24757.4,2075320.6,0.011929433939026
ITA,2009,employees_compensation,0.0,2075320.6,0.0
ITA,2010,A01_02,28143.999999999985,1999068.2,0.0140785592007316
ITA,2010,A03,2320.199999999999,1999068.2,0.0011606407425219
ITA,2010,B05_06,-62525.4,1999068.2,-0.0312772720810625
ITA,2010,B07_08,-1102.7999999999995,1999068.2,-0.0005516570170042
ITA,2010,B09,-176.09999999999997,1999068.2,-8.809104161628901e-05
ITA,2010,C10T12,102822.5,1999068.2,0.051435213666047
ITA,2010,C13T15,70180.5,1999068.2,0.0351066061678135
ITA,2010,C16,4082.7999999999984,1999068.2,0.0020423515315785
ITA,2010,C17_18,7070.8,1999068.2,0.0035370479106215
ITA,2010,C19,24849.6,1999068.2,0.0124305914125391
ITA,2010,C20,7399.999999999996,1999068.2,0.0037017246335067
ITA,2010,C21,15624.399999999998,1999068.2,0.0078158414005084
ITA,2010,C22,15380.2,1999068.2,0.0076936844876027
ITA,2010,C23,13725.499999999998,1999068.2,0.0068659488455671
ITA,2010,C24,-5054.200000000001,1999068.2,-0.0025282779246851
ITA,2010,C25,33704.200000000004,1999068.2,0.0168599550530592
ITA,2010,C26,4953.9000000000015,1999068.2,0.0024781045489093
ITA,2010,C27,24703.800000000003,1999068.2,0.0123576574325978
ITA,2010,C28,83872.90000000001,1999068.2,0.0419559972991416
ITA,2010,C29,32252.1,1999068.2,0.0161335666286923
ITA,2010,C30,18165.0,1999068.2,0.0090867335091419
ITA,2010,C31T33,47082.8,1999068.2,0.0235523730506042
ITA,2010,D,21942.4,1999068.2,0.0109763138646295
ITA,2010,E,13891.200000000004,1999068.2,0.0069488374633741
ITA,2010,F,198069.1,1999068.2,0.0990807117035827
ITA,2010,G,193347.3,1999068.2,0.0967187112475702
ITA,2010,H49,39412.2,1999068.2,0.0197152853514452
ITA,2010,H50,5291.9,1999068.2,0.00264718332271
ITA,2010,H51,3532.7999999999997,1999068.2,0.0017672233493584
ITA,2010,H52,17185.100000000002,1999068.2,0.0085965551350374
ITA,2010,H53,1999.0,1999068.2,0.0009999658841054
ITA,2010,I,104478.9,1999068.2,0.0522637997042822
ITA,2010,J58T60,17215.30000000001,1999068.2,0.0086116621734065
ITA,2010,J61,29021.300000000003,1999068.2,0.0145174136630256
ITA,2010,J62_63,17149.800000000003,1999068.2,0.0085788969080694
ITA,2010,K,32523.00000000001,1999068.2,0.0162690797642621
ITA,2010,L,222928.3,1999068.2,0.1115161053534841
ITA,2010,M,41033.8,1999068.2,0.0205264632792417
ITA,2010,N,17076.699999999997,1999068.2,0.0085423298714871
ITA,2010,O,189398.3,1999068.2,0.0947432908992299
ITA,2010,P,96331.5,1999068.2,0.0481882008827912
ITA,2010,Q,171870.30000000002,1999068.2,0.0859752058484047
ITA,2010,R,30907.800000000003,1999068.2,0.0154611033280405
ITA,2010,S,43116.0,1999068.2,0.0215680485538212
ITA,2010,T,23869.5,1999068.2,0.0119403129918228
ITA,2010,employees_compensation,0.0,1999068.2,0.0
ITA,2011,A01_02,29734.5,2100277.1,0.014157417609324
ITA,2011,A03,2426.4,2100277.1,0.0011552761299925
ITA,2011,B05_06,-75008.8,2100277.1,-0.0357137636743265
ITA,2011,B07_08,-681.8000000000002,2100277.1,-0.0003246238317791
ITA,2011,B09,-83.5,2100277.1,-3.975665877612054e-05
ITA,2011,C10T12,109755.2,2100277.1,0.0522574854527528
ITA,2011,C13T15,77136.3,2100277.1,0.0367267252497301
ITA,2011,C16,4265.9,2100277.1,0.0020311129421922
ITA,2011,C17_18,7790.9000000000015,2100277.1,0.0037094629084895
ITA,2011,C19,25049.2,2100277.1,0.0119266167307161
ITA,2011,C20,6044.699999999997,2100277.1,0.0028780488060361
ITA,2011,C21,16295.6,2100277.1,0.0077587857335586
ITA,2011,C22,16667.6,2100277.1,0.0079359052193636
ITA,2011,C23,14162.5,2100277.1,0.006743157843315
ITA,2011,C24,-3783.0,2100277.1,-0.0018011909000007
ITA,2011,C25,36419.7,2100277.1,0.0173404261751937
ITA,2011,C26,6810.5,2100277.1,0.0032426673604163
ITA,2011,C27,26364.10000000001,2100277.1,0.0125526769777187
ITA,2011,C28,95725.3,2100277.1,0.0455774621358296
ITA,2011,C29,35387.40000000001,2100277.1,0.0168489196020848
ITA,2011,C30,20824.3,2100277.1,0.0099150250221744
ITA,2011,C31T33,48632.100000000006,2100277.1,0.0231550874882176
ITA,2011,D,21797.5,2100277.1,0.0103783924511675
ITA,2011,E,14556.399999999998,2100277.1,0.0069307045246553
ITA,2011,F,208394.10000000003,2100277.1,0.0992221931096615
ITA,2011,G,200365.4,2100277.1,0.0953995070459988
ITA,2011,H49,43773.09999999999,2100277.1,0.0208415832368024
ITA,2011,H50,5251.0,2100277.1,0.0025001462902204
ITA,2011,H51,3869.7000000000007,2100277.1,0.0018424711672569
ITA,2011,H52,12388.899999999998,2100277.1,0.0058986978432512
ITA,2011,H53,2347.2,2100277.1,0.0011175668201114
ITA,2011,I,112704.0,2100277.1,0.0536614906671124
ITA,2011,J58T60,17249.100000000006,2100277.1,0.0082127734478464
ITA,2011,J61,28201.4,2100277.1,0.0134274663090884
ITA,2011,J62_63,17176.4,2100277.1,0.0081781589676905
ITA,2011,K,34520.3,2100277.1,0.0164360693167582
ITA,2011,L,242329.0,2100277.1,0.1153795373001019
ITA,2011,M,34234.70000000001,2100277.1,0.0163000872599144
ITA,2011,N,18016.3,2100277.1,0.0085780585809367
ITA,2011,O,199544.3,2100277.1,0.0950085586325728
ITA,2011,P,97981.60000000003,2100277.1,0.0466517489525548
ITA,2011,Q,182226.2,2100277.1,0.0867629323768754
ITA,2011,R,31723.2,2100277.1,0.0151042926669057
ITA,2011,S,46541.2,2100277.1,0.0221595521848045
ITA,2011,T,25151.0,2100277.1,0.0119750865254875
ITA,2011,employees_compensation,0.0,2100277.1,0.0
ITA,2012,A01_02,27161.7,1908812.7,0.0142296308066265
ITA,2012,A03,1920.5,1908812.7,0.0010061228113161
ITA,2012,B05_06,-74962.7,1908812.7,-0.039271899228248
ITA,2012,B07_08,-428.50000000000045,1908812.7,-0.0002244850948445
ITA,2012,B09,-84.50000000000003,1908812.7,-4.426835592617339e-05
ITA,2012,C10T12,101270.8,1908812.7,0.0530543410571398
ITA,2012,C13T15,68369.1,1908812.7,0.0358176053627472
ITA,2012,C16,3432.600000000001,1908812.7,0.0017982906337536
ITA,2012,C17_18,7242.199999999999,1908812.7,0.0037940862401009
ITA,2012,C19,21144.9,1908812.7,0.0110775143103354
ITA,2012,C20,6468.799999999999,1908812.7,0.0033889129090559
ITA,2012,C21,16095.3,1908812.7,0.0084321002264915
ITA,2012,C22,13668.1,1908812.7,0.007160524445379
ITA,2012,C23,12157.6,1908812.7,0.0063691948403318
ITA,2012,C24,1897.4000000000012,1908812.7,0.0009940210477434
ITA,2012,C25,31920.2,1908812.7,0.0167225417140194
ITA,2012,C26,9119.399999999998,1908812.7,0.0047775247932916
ITA,2012,C27,21584.500000000004,1908812.7,0.0113078145383253
ITA,2012,C28,86773.6,1908812.7,0.0454594628378153
ITA,2012,C29,29177.2,1908812.7,0.0152855227754928
ITA,2012,C30,17566.799999999996,1908812.7,0.0092029982826497
ITA,2012,C31T33,43415.9,1908812.7,0.022744976497694
ITA,2012,D,24027.699999999997,1908812.7,0.012587772493341
ITA,2012,E,14484.5,1908812.7,0.0075882248687888
ITA,2012,F,179784.9,1908812.7,0.0941867685603726
ITA,2012,G,182481.1,1908812.7,0.0955992696402323
ITA,2012,H49,39466.9,1908812.7,0.0206761512012152
ITA,2012,H50,5403.4,1908812.7,0.0028307649042779
ITA,2012,H51,3947.2999999999993,1908812.7,0.0020679346905015
ITA,2012,H52,14262.3,1908812.7,0.0074718174287084
ITA,2012,H53,1333.8999999999996,1908812.7,0.0006988113605908
ITA,2012,I,104893.0,1908812.7,0.0549519604516462
ITA,2012,J58T60,14717.6,1908812.7,0.0077103426648408
ITA,2012,J61,25751.4,1908812.7,0.013490794565648
ITA,2012,J62_63,16854.500000000004,1908812.7,0.0088298343781975
ITA,2012,K,25195.1,1908812.7,0.0131993568567518
ITA,2012,L,226997.2,1908812.7,0.1189206253709439
ITA,2012,M,31673.2,1908812.7,0.016593141904389
ITA,2012,N,18644.5,1908812.7,0.0097675900836158
ITA,2012,O,180887.8,1908812.7,0.0947645622852362
ITA,2012,P,90344.10000000002,1908812.7,0.047329997332897
ITA,2012,Q,167458.1,1908812.7,0.0877289322310146
ITA,2012,R,28627.2,1908812.7,0.014997385547571
ITA,2012,S,42947.9,1908812.7,0.022499797911026
ITA,2012,T,23718.2,1908812.7,0.0124256298169013
ITA,2012,employees_compensation,0.0,1908812.7,0.0
ITA,2013,A01_02,29524.799999999985,1965399.2,0.0150222916545402
ITA,2013,A03,1756.9,1965399.2,0.0008939150885987
ITA,2013,B05_06,-58780.1,1965399.2,-0.0299074610389583
ITA,2013,B07_08,468.2999999999997,1965399.2,0.0002382722044457
ITA,2013,B09,-64.40000000000003,1965399.2,-3.2766880133053905e-05
ITA,2013,C10T12,104603.9,1965399.2,0.0532227244215831
ITA,2013,C13T15,69503.40000000001,1965399.2,0.0353635027428524
ITA,2013,C16,3335.0,1965399.2,0.0016968562926045
ITA,2013,C17_18,7542.1,1965399.2,0.003837439233719
ITA,2013,C19,15567.699999999995,1965399.2,0.0079208844696792
ITA,2013,C20,7119.699999999997,1965399.2,0.0036225210634053
ITA,2013,C21,17367.200000000004,1965399.2,0.0088364745442045
ITA,2013,C22,13482.7,1965399.2,0.0068600312852472
ITA,2013,C23,12118.5,1965399.2,0.006165922933112
ITA,2013,C24,658.2000000000007,1965399.2,0.0003348937966393
ITA,2013,C25,31647.0,1965399.2,0.0161020722914713
ITA,2013,C26,10371.500000000007,1965399.2,0.0052770449891299
ITA,2013,C27,23639.9,1965399.2,0.0120280399015121
ITA,2013,C28,90267.8,1965399.2,0.0459284810943242
ITA,2013,C29,31929.1,1965399.2,0.0162456054729237
ITA,2013,C30,15972.599999999997,1965399.2,0.0081268985964785
ITA,2013,C31T33,43773.2,1965399.2,0.0222719130037297
ITA,2013,D,26805.400000000005,1965399.2,0.0136386541726484
ITA,2013,E,15548.3,1965399.2,0.0079110137014403
ITA,2013,F,168790.20000000004,1965399.2,0.0858808734632638
ITA,2013,G,183818.2,1965399.2,0.0935271572309584
ITA,2013,H49,40157.4,1965399.2,0.0204321849729052
ITA,2013,H50,6397.199999999999,1965399.2,0.0032549112668815
ITA,2013,H51,4884.4000000000015,1965399.2,0.0024851948652467
ITA,2013,H52,16746.1,1965399.2,0.0085204573198157
ITA,2013,H53,1297.8,1965399.2,0.0006603238670291
ITA,2013,I,108431.6,1965399.2,0.055170267699305
ITA,2013,J58T60,14177.9,1965399.2,0.0072137507738885
ITA,2013,J61,23475.8,1965399.2,0.0119445454134712
ITA,2013,J62_63,19797.5,1965399.2,0.0100730172272381
ITA,2013,K,27415.1,1965399.2,0.0139488710486907
ITA,2013,L,237297.2,1965399.2,0.1207374054085297
ITA,2013,M,30121.10000000001,1965399.2,0.0153256905772628
ITA,2013,N,18434.2,1965399.2,0.0093793667973407
ITA,2013,O,187826.4,1965399.2,0.0955665393575005
ITA,2013,P,92419.9,1965399.2,0.0470234749256029
ITA,2013,Q,171866.40000000002,1965399.2,0.0874460516723523
ITA,2013,R,28258.6,1965399.2,0.0143780459460856
ITA,2013,S,44705.89999999999,1965399.2,0.0227464730829238
ITA,2013,T,24921.6,1965399.2,0.012680172048508
ITA,2013,employees_compensation,0.0,1965399.2,0.0
ITA,2014,A01_02,27862.6,1981387.1,0.0140621688714941
ITA,2014,A03,1764.4,1981387.1,0.0008904872753032
ITA,2014,B05_06,-48484.600000000006,1981387.1,-0.0244700291023394
ITA,2014,B07_08,482.7999999999995,1981387.1,0.0002436676810906
ITA,2014,B09,-32.099999999999994,1981387.1,-1.6200771671522438e-05
ITA,2014,C10T12,104687.2,1981387.1,0.0528353091629596
ITA,2014,C13T15,69744.0,1981387.1,0.0351995831607059
ITA,2014,C16,3333.5,1981387.1,0.0016824072388479
ITA,2014,C17_18,7785.6,1981387.1,0.0039293684712088
ITA,2014,C19,15246.8,1981387.1,0.0076950132561173
ITA,2014,C20,7381.900000000005,1981387.1,0.0037256223178196
ITA,2014,C21,17430.5,1981387.1,0.008797119957024
ITA,2014,C22,13963.9,1981387.1,0.0070475375558869
ITA,2014,C23,11902.7,1981387.1,0.0060072562297392
ITA,2014,C24,-1406.2000000000007,1981387.1,-0.0007097048325387
ITA,2014,C25,31781.4,1981387.1,0.0160399752274555
ITA,2014,C26,10210.399999999998,1981387.1,0.0051531576035798
ITA,2014,C27,24217.800000000003,1981387.1,0.0122226494762179
ITA,2014,C28,94525.5,1981387.1,0.0477067303002023
ITA,2014,C29,34118.20000000001,1981387.1,0.0172193510293874
ITA,2014,C30,18042.8,1981387.1,0.0091061458914313
ITA,2014,C31T33,44776.8,1981387.1,0.0225987138000444
ITA,2014,D,24195.3,1981387.1,0.0122112937951397
ITA,2014,E,15265.7,1981387.1,0.007704552028223
ITA,2014,F,157167.8,1981387.1,0.079322107224782
ITA,2014,G,191686.7,1981387.1,0.0967436903167483
ITA,2014,H49,43033.8,1981387.1,0.0217190270391888
ITA,2014,H50,6629.6,1981387.1,0.0033459388122593
ITA,2014,H51,4571.999999999998,1981387.1,0.0023074743950841
ITA,2014,H52,18213.3,1981387.1,0.009192196719157
ITA,2014,H53,876.5,1981387.1,0.0004423668651118
ITA,2014,I,110719.9,1981387.1,0.0558799943736385
ITA,2014,J58T60,13129.6,1981387.1,0.0066264689015084
ITA,2014,J61,20325.1,1981387.1,0.0102580157103071
ITA,2014,J62_63,22606.4,1981387.1,0.0114093808322462
ITA,2014,K,29551.4,1981387.1,0.0149145010583747
ITA,2014,L,238327.6,1981387.1,0.1202832096766956
ITA,2014,M,28206.7,1981387.1,0.0142358350874495
ITA,2014,N,17311.0,1981387.1,0.0087368086730755
ITA,2014,O,184444.4,1981387.1,0.0930885236913069
ITA,2014,P,92319.1,1981387.1,0.0465931669788301
ITA,2014,Q,175315.2,1981387.1,0.0884810444158034
ITA,2014,R,27707.9,1981387.1,0.0139840922553699
ITA,2014,S,45262.3,1981387.1,0.0228437441628644
ITA,2014,T,25183.9,1981387.1,0.0127102371868677
ITA,2014,employees_compensation,0.0,1981387.1,0.0
ITA,2015,A01_02,24063.3,1719272.4,0.0139962114205986
ITA,2015,A03,1530.1,1719272.4,0.0008899695010517
ITA,2015,B05_06,-32634.2,1719272.4,-0.0189814016673564
ITA,2015,B07_08,341.70000000000005,1719272.4,0.0001987468652436
ITA,2015,B09,9.799999999999985,1719272.4,5.7000856874105485e-06
ITA,2015,C10T12,90654.09999999998,1719272.4,0.052728177338274
ITA,2015,C13T15,57879.39999999998,1719272.4,0.0336650550546847
ITA,2015,C16,2732.299999999999,1719272.4,0.0015892187881338
ITA,2015,C17_18,6470.200000000001,1719272.4,0.0037633361647636
ITA,2015,C19,16723.1,1719272.4,0.0097268472407281
ITA,2015,C20,7211.5,1719272.4,0.0041945069321184
ITA,2015,C21,14881.000000000004,1719272.4,0.0086554056239139
ITA,2015,C22,12202.500000000002,1719272.4,0.0070974791429211
ITA,2015,C23,10411.0,1719272.4,0.0060554685807787
ITA,2015,C24,-1473.7999999999993,1719272.4,-0.0008572230904189
ITA,2015,C25,27004.599999999995,1719272.4,0.0157069932606374
ITA,2015,C26,8670.899999999998,1719272.4,0.0050433543864253
ITA,2015,C27,20262.6,1719272.4,0.0117855669642576
ITA,2015,C28,78675.3,1719272.4,0.0457608113757889
ITA,2015,C29,34933.79999999999,1719272.4,0.0203189442231492
ITA,2015,C30,14798.299999999996,1719272.4,0.0086073038804089
ITA,2015,C31T33,39108.600000000006,1719272.4,0.0227471807259861
ITA,2015,D,21685.300000000003,1719272.4,0.0126130681793065
ITA,2015,E,12343.7,1719272.4,0.0071796069081316
ITA,2015,F,129384.0,1719272.4,0.0752550904673395
ITA,2015,G,169179.59999999998,1719272.4,0.0984018588328411
ITA,2015,H49,34940.7,1719272.4,0.0203229575487863
ITA,2015,H50,5872.500000000001,1719272.4,0.0034156891019712
ITA,2015,H51,4722.799999999998,1719272.4,0.0027469759882145
ITA,2015,H52,20250.1,1719272.4,0.0117782964467992
ITA,2015,H53,1006.5,1719272.4,0.0005854220657529
ITA,2015,I,95425.8,1719272.4,0.0555035955907859
ITA,2015,J58T60,11770.7,1719272.4,0.006846326387837
ITA,2015,J61,17795.0,1719272.4,0.0103503086538235
ITA,2015,J62_63,20405.1,1719272.4,0.0118684508632837
ITA,2015,K,25010.60000000001,1719272.4,0.0145472003156684
ITA,2015,L,204178.6,1719272.4,0.1187587260750536
ITA,2015,M,31197.9,1719272.4,0.0181459901293128
ITA,2015,N,17328.8,1719272.4,0.0100791474346938
ITA,2015,O,151954.19999999998,1719272.4,0.0883828531185634
ITA,2015,P,76719.4,1719272.4,0.0446231789680332
ITA,2015,Q,148754.70000000004,1719272.4,0.0865218914699032
ITA,2015,R,25575.0,1719272.4,0.0148754787199515
ITA,2015,S,38410.2,1719272.4,0.0223409623745486
ITA,2015,T,20905.1,1719272.4,0.012159271561621
ITA,2015,employees_compensation,0.0,1719272.4,0.0
ITA,2016,A01_02,24110.300000000003,1743804.9,0.0138262600363148
ITA,2016,A03,1451.5999999999997,1743804.9,0.0008324325731622
ITA,2016,B05_06,-28645.0,1743804.9,-0.0164267229665428
ITA,2016,B07_08,371.9000000000001,1743804.9,0.0002132692711208
ITA,2016,B09,37.5,1743804.9,2.150469929290828e-05
ITA,2016,C10T12,93742.0,1743804.9,0.0537571605630882
ITA,2016,C13T15,59886.59999999999,1743804.9,0.0343424886579914
ITA,2016,C16,2868.600000000001,1743804.9,0.0016450234771103
ITA,2016,C17_18,7339.700000000001,1743804.9,0.0042090144373375
ITA,2016,C19,15137.999999999996,1743804.9,0.0086810170105612
ITA,2016,C20,9934.800000000005,1743804.9,0.0056971969742716
ITA,2016,C21,14926.399999999996,1743804.9,0.0085596731606844
ITA,2016,C22,12603.1,1743804.9,0.0072273566842253
ITA,2016,C23,10455.4,1743804.9,0.0059957395463219
ITA,2016,C24,110.20000000000437,1743804.9,6.31951429887623e-05
ITA,2016,C25,26206.200000000004,1743804.9,0.0150281720162616
ITA,2016,C26,9371.399999999998,1743804.9,0.0053741103720949
ITA,2016,C27,19812.6,1743804.9,0.0113617068056179
ITA,2016,C28,79620.3,1743804.9,0.0456589495762972
ITA,2016,C29,39096.60000000001,1743804.9,0.0224202833700031
ITA,2016,C30,17896.100000000002,1743804.9,0.0102626733070884
ITA,2016,C31T33,40232.99999999999,1743804.9,0.0230719617773754
ITA,2016,D,16758.299999999992,1743804.9,0.0096101920576091
ITA,2016,E,12013.3,1743804.9,0.0068891307737465
ITA,2016,F,125867.59999999998,1743804.9,0.0721798636992016
ITA,2016,G,172319.00000000006,1743804.9,0.0988178207321243
ITA,2016,H49,34948.200000000004,1743804.9,0.0200413475154244
ITA,2016,H50,5849.3,1743804.9,0.0033543316686402
ITA,2016,H51,4147.199999999999,1743804.9,0.0023782477042013
ITA,2016,H52,22459.800000000003,1743804.9,0.0128797665381029
ITA,2016,H53,879.8000000000001,1743804.9,0.000504528918344
ITA,2016,I,97944.9,1743804.9,0.0561673499139725
ITA,2016,J58T60,13114.1,1743804.9,0.0075203940532567
ITA,2016,J61,18734.7,1743804.9,0.0107435757291426
ITA,2016,J62_63,18596.399999999998,1743804.9,0.0106642663981503
ITA,2016,K,27332.000000000004,1743804.9,0.0156737717619671
ITA,2016,L,207423.10000000003,1743804.9,0.1189485704507425
ITA,2016,M,38876.90000000001,1743804.9,0.0222942945050791
ITA,2016,N,19505.800000000003,1743804.9,0.0111857696924696
ITA,2016,O,140160.70000000004,1743804.9,0.0803763654982274
ITA,2016,P,76556.89999999998,1743804.9,0.0439022163545933
ITA,2016,Q,151234.9,1743804.9,0.0867269612558147
ITA,2016,R,26080.300000000007,1743804.9,0.0149559735725022
ITA,2016,S,36023.0,1743804.9,0.0206577008700916
ITA,2016,T,20411.4,1743804.9,0.0117050938439271
ITA,2016,employees_compensation,0.0,1743804.9,0.0
ITA,2017,A01_02,25650.09999999999,1821072.2,0.014085163674455
ITA,2017,A03,1378.4,1821072.2,0.0007569167219179
ITA,2017,B05_06,-36563.7,1821072.2,-0.0200781166172324
ITA,2017,B07_08,1807.6,1821072.2,0.0009926020505941
ITA,2017,B09,56.69999999999999,1821072.2,3.1135503578606047e-05
ITA,2017,C10T12,96073.0,1821072.2,0.0527562828096546
ITA,2017,C13T15,62916.0,1821072.2,0.0345488773042606
ITA,2017,C16,3082.2,1821072.2,0.0016925193850084
ITA,2017,C17_18,7898.900000000002,1821072.2,0.0043374996334576
ITA,2017,C19,18069.800000000003,1821072.2,0.0099226159182486
ITA,2017,C20,9100.7,1821072.2,0.0049974405188328
ITA,2017,C21,16017.100000000002,1821072.2,0.0087954228283755
ITA,2017,C22,13299.6,1821072.2,0.0073031700774961
ITA,2017,C23,10427.2,1821072.2,0.0057258575469989
ITA,2017,C24,-1049.5999999999983,1821072.2,-0.0005763637487849
ITA,2017,C25,27688.200000000004,1821072.2,0.0152043395094384
ITA,2017,C26,9987.399999999998,1821072.2,0.005484351471622
ITA,2017,C27,20041.0,1821072.2,0.0110050551537714
ITA,2017,C28,87770.9,1821072.2,0.0481973751507491
ITA,2017,C29,43540.0,1821072.2,0.0239089916369048
ITA,2017,C30,19677.9,1821072.2,0.010805667122918
ITA,2017,C31T33,42240.9,1821072.2,0.0231956206898331
ITA,2017,D,17505.9,1821072.2,0.0096129631763089
ITA,2017,E,12625.2,1821072.2,0.0069328387968362
ITA,2017,F,131326.3,1821072.2,0.0721148233441815
ITA,2017,G,181759.6,1821072.2,0.0998091124558378
ITA,2017,H49,35811.899999999994,1821072.2,0.019665282903116
ITA,2017,H50,6308.9,1821072.2,0.0034643876283433
ITA,2017,H51,4262.600000000001,1821072.2,0.0023407089515725
ITA,2017,H52,22923.300000000003,1821072.2,0.0125878040420363
ITA,2017,H53,1033.0000000000002,1821072.2,0.0005672482398007
ITA,2017,I,104947.5,1821072.2,0.0576295107904013
ITA,2017,J58T60,12812.299999999996,1821072.2,0.0070355804673752
ITA,2017,J61,18719.0,1821072.2,0.0102791091973179
ITA,2017,J62_63,23494.199999999997,1821072.2,0.0129013006733066
ITA,2017,K,26926.300000000007,1821072.2,0.0147859596121449
ITA,2017,L,214432.4,1821072.2,0.1177506306449574
ITA,2017,M,40478.100000000006,1821072.2,0.0222276195309554
ITA,2017,N,20030.10000000001,1821072.2,0.0109990696689565
ITA,2017,O,144451.50000000003,1821072.2,0.0793222256646386
ITA,2017,P,79371.7,1821072.2,0.0435851472555563
ITA,2017,Q,157444.10000000003,1821072.2,0.0864568137386315
ITA,2017,R,27289.0,1821072.2,0.0149851279921795
ITA,2017,S,37558.09999999999,1821072.2,0.0206241685530095
ITA,2017,T,20450.9,1821072.2,0.0112301423304358
ITA,2017,employees_compensation,0.0,1821072.2,0.0
ITA,2018,A01_02,28004.400000000005,1943032.2,0.0144127307823308
ITA,2018,A03,1505.0,1943032.2,0.0007745625625761
ITA,2018,B05_06,-49037.6,1943032.2,-0.0252376671884284
ITA,2018,B07_08,1494.7000000000005,1943032.2,0.0007692615696229
ITA,2018,B09,45.29999999999998,1943032.2,2.3314075803787493e-05
ITA,2018,C10T12,102962.7,1943032.2,0.0529907327320669
ITA,2018,C13T15,69419.1,1943032.2,0.0357271999918478
ITA,2018,C16,3172.4000000000005,1943032.2,0.0016327058295791
ITA,2018,C17_18,8103.0,1943032.2,0.0041702860096708
ITA,2018,C19,20810.599999999995,1943032.2,0.0107103731991677
ITA,2018,C20,8035.799999999999,1943032.2,0.0041357008905976
ITA,2018,C21,15768.9,1943032.2,0.0081156143475131
ITA,2018,C22,14718.099999999997,1943032.2,0.0075748101343868
ITA,2018,C23,11272.2,1943032.2,0.0058013449288179
ITA,2018,C24,-1265.4999999999964,1943032.2,-0.0006513016099269
ITA,2018,C25,31691.500000000004,1943032.2,0.0163103318617159
ITA,2018,C26,11021.399999999998,1943032.2,0.0056722683237055
ITA,2018,C27,21047.300000000003,1943032.2,0.0108321931051888
ITA,2018,C28,97168.1,1943032.2,0.0500084867353201
ITA,2018,C29,45220.900000000016,1943032.2,0.0232733662365451
ITA,2018,C30,21633.4,1943032.2,0.01113383504401
ITA,2018,C31T33,45356.79999999999,1943032.2,0.0233433084639564
ITA,2018,D,18486.1,1943032.2,0.0095140471681323
ITA,2018,E,13614.5,1943032.2,0.0070068318991316
ITA,2018,F,141487.5,1943032.2,0.0728178874235846
ITA,2018,G,192219.4,1943032.2,0.0989275422198355
ITA,2018,H49,37847.5,1943032.2,0.0194785758053829
ITA,2018,H50,6626.500000000001,1943032.2,0.0034103912431301
ITA,2018,H51,5062.199999999999,1943032.2,0.00260530937161
ITA,2018,H52,24457.4,1943032.2,0.0125872335002991
ITA,2018,H53,1452.5,1943032.2,0.0007475429383002
ITA,2018,I,113217.8,1943032.2,0.0582686174732462
ITA,2018,J58T60,14013.7,1943032.2,0.0072122839755306
ITA,2018,J61,19462.2,1943032.2,0.0100164063158603
ITA,2018,J62_63,25018.4,1943032.2,0.0128759574854189
ITA,2018,K,30965.700000000004,1943032.2,0.0159367919893453
ITA,2018,L,228358.00000000003,1943032.2,0.1175266163885498
ITA,2018,M,43958.7,1943032.2,0.0226237630030011
ITA,2018,N,21692.0,1943032.2,0.011163994091297
ITA,2018,O,154448.1,1943032.2,0.0794881834691159
ITA,2018,P,84975.9,1943032.2,0.0437336550572862
ITA,2018,Q,168091.69999999998,1943032.2,0.0865099919599891
ITA,2018,R,28487.1,1943032.2,0.0146611569278162
ITA,2018,S,39614.5,1943032.2,0.0203879791595836
ITA,2018,T,21326.3,1943032.2,0.0109757831084837
ITA,2018,employees_compensation,0.0,1943032.2,0.0
ITA,2019,A01_02,26884.9,1866666.8,0.0144026239712411
ITA,2019,A03,1299.4,1866666.8,0.0006961070931352
ITA,2019,B05_06,-39168.5,1866666.8,-0.0209831235012054
ITA,2019,B07_08,1651.9,1866666.8,0.0008849463653609
ITA,2019,B09,58.5,1866666.8,3.1339283475765464e-05
ITA,2019,C10T12,100294.2,1866666.8,0.0537290318764977
ITA,2019,C13T15,65823.69999999998,1866666.8,0.0352626939098075
ITA,2019,C16,2993.499999999999,1866666.8,0.0016036605997385
ITA,2019,C17_18,7837.000000000002,1866666.8,0.0041983925572576
ITA,2019,C19,23002.399999999998,1866666.8,0.0123227134055204
ITA,2019,C20,7003.600000000002,1866666.8,0.0037519283034336
ITA,2019,C21,14534.500000000004,1866666.8,0.0077863387295472
ITA,2019,C22,13781.900000000003,1866666.8,0.0073831601869171
ITA,2019,C23,10647.2,1866666.8,0.0057038567354388
ITA,2019,C24,1019.1999999999972,1866666.8,0.000545999961
ITA,2019,C25,28687.5,1866666.8,0.0153683024736926
ITA,2019,C26,10952.100000000002,1866666.8,0.005867196009486
ITA,2019,C27,19340.300000000003,1866666.8,0.0103608742599375
ITA,2019,C28,91215.4,1866666.8,0.0488653893667579
ITA,2019,C29,39927.8,1866666.8,0.0213898913292934
ITA,2019,C30,22247.1,1866666.8,0.0119180884344222
ITA,2019,C31T33,43994.8,1866666.8,0.0235686411736684
ITA,2019,D,18900.8,1866666.8,0.0101254278481837
ITA,2019,E,13256.8,1866666.8,0.0071018566355816
ITA,2019,F,139150.80000000005,1866666.8,0.0745450661039238
ITA,2019,G,191495.10000000003,1866666.8,0.1025866533866676
ITA,2019,H49,36557.9,1866666.8,0.0195845878868151
ITA,2019,H50,6470.7,1866666.8,0.0034664461809681
ITA,2019,H51,5061.699999999997,1866666.8,0.0027116248063125
ITA,2019,H52,23923.1,1866666.8,0.0128159455131467
ITA,2019,H53,1315.2999999999995,1866666.8,0.0007046249496696
ITA,2019,I,109786.40000000002,1866666.8,0.0588141386561329
ITA,2019,J58T60,12560.399999999998,1866666.8,0.0067287852336581
ITA,2019,J61,16590.199999999997,1866666.8,0.0088876065080281
ITA,2019,J62_63,23438.200000000004,1866666.8,0.0125561776745587
ITA,2019,K,29330.89999999999,1866666.8,0.0157129810205013
ITA,2019,L,211798.5,1866666.8,0.1134634740383232
ITA,2019,M,40600.5,1866666.8,0.0217502663035524
ITA,2019,N,20948.0,1866666.8,0.0112221420555612
ITA,2019,O,145420.7,1866666.8,0.0779039408640042
ITA,2019,P,81250.40000000001,1866666.8,0.0435269968909287
ITA,2019,Q,160517.4,1866666.8,0.0859914581434672
ITA,2019,R,26744.6,1866666.8,0.014327463262324
ITA,2019,S,37340.10000000001,1866666.8,0.0200036235711697
ITA,2019,T,20179.9,1866666.8,0.0108106599420957
ITA,2019,employees_compensation,0.0,1866666.8,0.0
ITA,2020,A01_02,26952.500000000004,1775669.2,0.0151787844267389
ITA,2020,A03,1054.0,1775669.2,0.0005935790292471
ITA,2020,B05_06,-22779.9,1775669.2,-0.01282890979919
ITA,2020,B07_08,1257.8999999999994,1775669.2,0.0007084089761764
ITA,2020,B09,64.89999999999999,1775669.2,3.654960056749309e-05
ITA,2020,C10T12,100852.4,1775669.2,0.0567968403123735
ITA,2020,C13T15,55054.9,1775669.2,0.031005155690035
ITA,2020,C16,2562.3000000000006,1775669.2,0.0014430052624666
ITA,2020,C17_18,7502.1,1775669.2,0.0042249423484959
ITA,2020,C19,13511.5,1775669.2,0.0076092438839396
ITA,2020,C20,4766.699999999997,1775669.2,0.0026844527122506
ITA,2020,C21,13438.7,1775669.2,0.0075682452564925
ITA,2020,C22,13354.0,1775669.2,0.0075205449303282
ITA,2020,C23,9684.2,1775669.2,0.0054538311527845
ITA,2020,C24,452.4000000000015,1775669.2,0.0002547771848495
ITA,2020,C25,26143.1,1775669.2,0.0147229562803702
ITA,2020,C26,9615.499999999996,1775669.2,0.0054151415139711
ITA,2020,C27,17823.1,1775669.2,0.0100373988578503
ITA,2020,C28,81525.20000000001,1775669.2,0.0459123805267332
ITA,2020,C29,36503.4,1775669.2,0.0205575452905304
ITA,2020,C30,21923.6,1775669.2,0.0123466690755237
ITA,2020,C31T33,39320.2,1775669.2,0.0221438767986739
ITA,2020,D,18554.4,1775669.2,0.0104492435865869
ITA,2020,E,13898.1,1775669.2,0.0078269646170581
ITA,2020,F,133730.5,1775669.2,0.0753127327995552
ITA,2020,G,183817.0,1775669.2,0.103519844799921
ITA,2020,H49,33657.100000000006,1775669.2,0.0189546003275835
ITA,2020,H50,4365.799999999998,1775669.2,0.0024586786773121
ITA,2020,H51,3184.7999999999997,1775669.2,0.0017935773172165
ITA,2020,H52,22917.4,1775669.2,0.0129063453936127
ITA,2020,H53,1528.6000000000004,1775669.2,0.0008608585427961
ITA,2020,I,73033.9,1775669.2,0.0411303524327616
ITA,2020,J58T60,12343.5,1775669.2,0.0069514637073166
ITA,2020,J61,16814.400000000005,1775669.2,0.0094693313371657
ITA,2020,J62_63,23673.800000000003,1775669.2,0.0133323256381312
ITA,2020,K,31827.999999999996,1775669.2,0.0179245098129764
ITA,2020,L,210792.9,1775669.2,0.1187118073569108
ITA,2020,M,43594.09999999999,1775669.2,0.0245508003405138
ITA,2020,N,15941.500000000002,1775669.2,0.0089777420253727
ITA,2020,O,149757.5,1775669.2,0.0843386256854598
ITA,2020,P,80037.90000000001,1775669.2,0.0450747808206618
ITA,2020,Q,166348.99999999997,1775669.2,0.0936824268844669
ITA,2020,R,22517.3,1775669.2,0.0126810218930417
ITA,2020,S,32550.500000000007,1775669.2,0.01833139866367
ITA,2020,T,20198.5,1775669.2,0.0113751480286981
ITA,2020,employees_compensation,0.0,1775669.2,0.0
JPN,1995,A01_02,31865.800000000003,5348434.5,0.0059579677006421
JPN,1995,A03,6494.299999999998,5348434.5,0.0012142431584419
JPN,1995,B05_06,-37781.8,5348434.5,-0.0070640857619178
JPN,1995,B07_08,-10022.7,5348434.5,-0.0018739502185172
JPN,1995,B09,-458.2000000000001,5348434.5,-8.566992827527382e-05
JPN,1995,C10T12,243683.8,5348434.5,0.0455617059533962
JPN,1995,C13T15,76938.20000000001,5348434.5,0.0143851813086614
JPN,1995,C16,-2729.3,5348434.5,-0.0005102988547396
JPN,1995,C17_18,17779.0,5348434.5,0.0033241502723834
JPN,1995,C19,31312.2,5348434.5,0.005854460777261
JPN,1995,C20,27188.1,5348434.5,0.005083375331604
JPN,1995,C21,28397.3,5348434.5,0.0053094601794225
JPN,1995,C22,33015.8,5348434.5,0.0061729838890239
JPN,1995,C23,8182.1,5348434.5,0.001529812134747
JPN,1995,C24,4483.299999999999,5348434.5,0.0008382452846716
JPN,1995,C25,17092.2,5348434.5,0.0031957388652698
JPN,1995,C26,269683.8,5348434.5,0.050422941516812
JPN,1995,C27,98950.7,5348434.5,0.0185008716101879
JPN,1995,C28,222112.5,5348434.5,0.0415285070799689
JPN,1995,C29,173392.90000000002,5348434.5,0.0324193743047615
JPN,1995,C30,34527.80000000001,5348434.5,0.0064556834340964
JPN,1995,C31T33,54998.600000000006,5348434.5,0.0102831211637723
JPN,1995,D,76263.1,5348434.5,0.0142589574575513
JPN,1995,E,42437.100000000006,5348434.5,0.0079344899895474
JPN,1995,F,848174.4,5348434.5,0.1585836752791868
JPN,1995,G,485408.20000000007,5348434.5,0.0907570617159096
JPN,1995,H49,138911.40000000002,5348434.5,0.0259723476093799
JPN,1995,H50,10601.2,5348434.5,0.0019821127098032
JPN,1995,H51,14638.900000000003,5348434.5,0.0027370438957418
JPN,1995,H52,44989.20000000001,5348434.5,0.0084116576542163
JPN,1995,H53,6831.8,5348434.5,0.001277345735467
JPN,1995,I,233699.8,5348434.5,0.0436949914970446
JPN,1995,J58T60,36885.9,5348434.5,0.0068965788026384
JPN,1995,J61,47271.1,5348434.5,0.0088383058631455
JPN,1995,J62_63,50145.00000000001,5348434.5,0.0093756406664417
JPN,1995,K,140760.99999999994,5348434.5,0.0263181684285373
JPN,1995,L,534487.9,5348434.5,0.0999335226036702
JPN,1995,M,132335.3,5348434.5,0.024742810255973
JPN,1995,N,67825.90000000001,5348434.5,0.0126814491231032
JPN,1995,O,345321.6000000001,5348434.5,0.0645649862590633
JPN,1995,P,211816.10000000003,5348434.5,0.0396033830086168
JPN,1995,Q,366480.4,5348434.5,0.068521059760571
JPN,1995,R,88264.99999999999,5348434.5,0.0165029598848036
JPN,1995,S,95777.8,5348434.5,0.0179076325979125
JPN,1995,T,0.0,5348434.5,0.0
JPN,1995,employees_compensation,0.0,5348434.5,0.0
JPN,1996,A01_02,25724.7,4752567.8,0.0054128002129711
JPN,1996,A03,5286.6,4752567.8,0.0011123670871144
JPN,1996,B05_06,-44618.7,4752567.8,-0.009388335291082
JPN,1996,B07_08,-9346.5,4752567.8,-0.0019666210758739
JPN,1996,B09,-518.8,4752567.8,-0.0001091620407814
JPN,1996,C10T12,205764.5,4752567.8,0.0432954370477366
JPN,1996,C13T15,61142.3,4752567.8,0.0128651084157074
JPN,1996,C16,-3131.4,4752567.8,-0.0006588859184712
JPN,1996,C17_18,16325.799999999996,4752567.8,0.0034351535184832
JPN,1996,C19,27976.10000000001,4752567.8,0.0058865230707492
JPN,1996,C20,24005.2,4752567.8,0.005050995800628
JPN,1996,C21,25527.0,4752567.8,0.0053712016480859
JPN,1996,C22,31216.399999999998,4752567.8,0.0065683229179813
JPN,1996,C23,7313.500000000002,4752567.8,0.0015388523231588
JPN,1996,C24,4890.700000000001,4752567.8,0.0010290647510594
JPN,1996,C25,15300.6,4752567.8,0.0032194385527756
JPN,1996,C26,251306.2,4752567.8,0.0528779831399775
JPN,1996,C27,87232.7,4752567.8,0.0183548565051507
JPN,1996,C28,203675.0,4752567.8,0.0428557799848747
JPN,1996,C29,159657.8,4752567.8,0.0335940078540278
JPN,1996,C30,25650.500000000004,4752567.8,0.0053971876003536
JPN,1996,C31T33,45261.79999999999,4752567.8,0.0095236516141863
JPN,1996,D,68682.59999999999,4752567.8,0.0144516823095085
JPN,1996,E,41189.9,4752567.8,0.0086668726745991
JPN,1996,F,762717.8999999999,4752567.8,0.1604854327380663
JPN,1996,G,421548.6,4752567.8,0.0886991238715205
JPN,1996,H49,108101.2,4752567.8,0.0227458512006919
JPN,1996,H50,10938.800000000005,4752567.8,0.0023016610094442
JPN,1996,H51,12839.099999999997,4752567.8,0.002701508014257
JPN,1996,H52,37291.1,4752567.8,0.0078465161507006
JPN,1996,H53,5448.099999999999,4752567.8,0.001146348717003
JPN,1996,I,212331.30000000005,4752567.8,0.0446771743056459
JPN,1996,J58T60,32223.899999999998,4752567.8,0.0067803135812181
JPN,1996,J61,48803.7,4752567.8,0.0102689118922196
JPN,1996,J62_63,53006.100000000006,4752567.8,0.0111531496720572
JPN,1996,K,128232.69999999998,4752567.8,0.0269817718329026
JPN,1996,L,476481.0000000001,4752567.8,0.1002575912751839
JPN,1996,M,122306.7,4752567.8,0.025734866949189
JPN,1996,N,61506.2,4752567.8,0.0129416775495554
JPN,1996,O,303200.9,4752567.8,0.063797280282882
JPN,1996,P,186901.7,4752567.8,0.0393264668417776
JPN,1996,Q,332121.6,4752567.8,0.0698825590662799
JPN,1996,R,75653.79999999999,4752567.8,0.0159185104103091
JPN,1996,S,85398.9,4752567.8,0.0179690019361743
JPN,1996,T,0.0,4752567.8,0.0
JPN,1996,employees_compensation,0.0,4752567.8,0.0
JPN,1997,A01_02,22164.800000000003,4331836.5,0.005116721279762
JPN,1997,A03,4905.1,4331836.5,0.0011323372892767
JPN,1997,B05_06,-44257.8,4331836.5,-0.0102168676033825
JPN,1997,B07_08,-9679.0,4331836.5,-0.0022343871935148
JPN,1997,B09,-410.19999999999993,4331836.5,-9.469424804006335e-05
JPN,1997,C10T12,188829.7,4331836.5,0.0435911420017814
JPN,1997,C13T15,50427.2,4331836.5,0.0116410672471133
JPN,1997,C16,-3328.3,4331836.5,-0.0007683346312816
JPN,1997,C17_18,15874.2,4331836.5,0.0036645427407059
JPN,1997,C19,28389.70000000001,4331836.5,0.0065537330414017
JPN,1997,C20,23004.599999999995,4331836.5,0.005310588245886
JPN,1997,C21,23327.000000000004,4331836.5,0.0053850139542431
JPN,1997,C22,29463.899999999998,4331836.5,0.0068017110064057
JPN,1997,C23,6674.900000000001,4331836.5,0.0015408937987387
JPN,1997,C24,5462.399999999998,4331836.5,0.0012609894209996
JPN,1997,C25,13333.700000000004,4331836.5,0.0030780709290389
JPN,1997,C26,235198.1,4331836.5,0.0542952394440556
JPN,1997,C27,78839.09999999999,4331836.5,0.0181999251356785
JPN,1997,C28,191647.8,4331836.5,0.0442416974878899
JPN,1997,C29,149460.5,4331836.5,0.0345028026796486
JPN,1997,C30,27281.2,4331836.5,0.006297836956681
JPN,1997,C31T33,42067.3,4331836.5,0.0097111929316815
JPN,1997,D,66846.59999999999,4331836.5,0.015431468846989
JPN,1997,E,38712.8,4331836.5,0.0089368100573509
JPN,1997,F,643671.4,4331836.5,0.1485908805653214
JPN,1997,G,387434.8999999999,4331836.5,0.0894389481228111
JPN,1997,H49,97468.00000000004,4331836.5,0.0225003875377106
JPN,1997,H50,10045.499999999996,4331836.5,0.0023189933415076
JPN,1997,H51,12090.300000000005,4331836.5,0.0027910333180857
JPN,1997,H52,33554.0,4331836.5,0.0077459063840475
JPN,1997,H53,4858.5,4331836.5,0.0011215797272126
JPN,1997,I,197964.90000000005,4331836.5,0.0456999935246863
JPN,1997,J58T60,29551.7,4331836.5,0.0068219795460885
JPN,1997,J61,51708.29999999999,4331836.5,0.0119368078642857
JPN,1997,J62_63,53343.29999999999,4331836.5,0.0123142459324122
JPN,1997,K,115906.8,4331836.5,0.0267569655502925
JPN,1997,L,440642.1999999999,4331836.5,0.1017217985951223
JPN,1997,M,113930.4,4331836.5,0.0263007156433535
JPN,1997,N,55922.90000000001,4331836.5,0.0129097439388582
JPN,1997,O,277993.6,4331836.5,0.0641745365966605
JPN,1997,P,169759.2,4331836.5,0.0391887366940095
JPN,1997,Q,304693.9,4331836.5,0.0703382733858953
JPN,1997,R,66671.4,4331836.5,0.0153910241072118
JPN,1997,S,80390.00000000001,4331836.5,0.0185579488053161
JPN,1997,T,0.0,4331836.5,0.0
JPN,1997,employees_compensation,0.0,4331836.5,0.0
JPN,1998,A01_02,24729.499999999996,3940610.4,0.0062755506101288
JPN,1998,A03,4480.6,3940610.4,0.0011370319684483
JPN,1998,B05_06,-29785.1,3940610.4,-0.0075584990589275
JPN,1998,B07_08,-8059.6,3940610.4,-0.0020452668957073
JPN,1998,B09,-350.9,3940610.4,-8.904711818250289e-05
JPN,1998,C10T12,177156.70000000004,3940610.4,0.0449566645817105
JPN,1998,C13T15,44545.4,3940610.4,0.0113041877979106
JPN,1998,C16,-3012.2000000000007,3940610.4,-0.0007643993428023
JPN,1998,C17_18,15088.7,3940610.4,0.0038290260818476
JPN,1998,C19,25011.000000000007,3940610.4,0.0063469862435525
JPN,1998,C20,21215.300000000003,3940610.4,0.0053837598357858
JPN,1998,C21,21368.2,3940610.4,0.0054225609311694
JPN,1998,C22,24964.2,3940610.4,0.0063351099108909
JPN,1998,C23,6034.799999999999,3940610.4,0.0015314378706405
JPN,1998,C24,6827.400000000003,3940610.4,0.0017325742225113
JPN,1998,C25,11358.8,3940610.4,0.0028824975947888
JPN,1998,C26,198403.5,3940610.4,0.0503484181029416
JPN,1998,C27,67362.5,3940610.4,0.0170944328827838
JPN,1998,C28,164513.5,3940610.4,0.0417482276349877
JPN,1998,C29,126690.2,3940610.4,0.0321498923110998
JPN,1998,C30,22994.0,3940610.4,0.0058351366072626
JPN,1998,C31T33,38011.4,3940610.4,0.0096460690455468
JPN,1998,D,62652.2,3940610.4,0.0158991104525329
JPN,1998,E,37732.2,3940610.4,0.0095752170780445
JPN,1998,F,556443.5000000001,3940610.4,0.141207438319708
JPN,1998,G,351296.3,3940610.4,0.0891476863584382
JPN,1998,H49,91963.9,3940610.4,0.0233374758387685
JPN,1998,H50,8741.8,3940610.4,0.0022183872833508
JPN,1998,H51,11579.7,3940610.4,0.0029385549000225
JPN,1998,H52,29854.000000000004,3940610.4,0.0075759836597903
JPN,1998,H53,4349.8,3940610.4,0.001103839141266
JPN,1998,I,185415.3,3940610.4,0.0470524312680086
JPN,1998,J58T60,28305.200000000004,3940610.4,0.0071829481036744
JPN,1998,J61,49504.3,3940610.4,0.0125625969012313
JPN,1998,J62_63,59586.8,3940610.4,0.0151212106632008
JPN,1998,K,105288.89999999998,3940610.4,0.026718931666018
JPN,1998,L,407932.3000000001,3940610.4,0.1035200790212602
JPN,1998,M,107111.8,3940610.4,0.0271815249738974
JPN,1998,N,50352.00000000001,3940610.4,0.0127777158584365
JPN,1998,O,259032.0,3940610.4,0.0657339786749788
JPN,1998,P,155702.69999999995,3940610.4,0.0395123303739948
JPN,1998,Q,285758.69999999995,3940610.4,0.0725163543191176
JPN,1998,R,58569.50000000001,3940610.4,0.014863052688487
JPN,1998,S,73889.6,3940610.4,0.0187508006373834
JPN,1998,T,0.0,3940610.4,0.0
JPN,1998,employees_compensation,0.0,3940610.4,0.0
JPN,1999,A01_02,28671.5,4447298.5,0.0064469475120682
JPN,1999,A03,5197.400000000001,4447298.5,0.0011686645274653
JPN,1999,B05_06,-35264.200000000004,4447298.5,-0.0079293530668112
JPN,1999,B07_08,-8086.099999999999,4447298.5,-0.0018182049169849
JPN,1999,B09,-267.9,4447298.5,-6.023881689074839e-05
JPN,1999,C10T12,201622.9,4447298.5,0.0453360393956016
JPN,1999,C13T15,44923.99999999999,4447298.5,0.010101413251213
JPN,1999,C16,-3933.0,4447298.5,-0.0008843570990343
JPN,1999,C17_18,17143.699999999993,4447298.5,0.0038548570553561
JPN,1999,C19,27862.300000000003,4447298.5,0.0062649943555621
JPN,1999,C20,22526.300000000003,4447298.5,0.0050651648410827
JPN,1999,C21,27061.5,4447298.5,0.0060849299861477
JPN,1999,C22,25229.9,4447298.5,0.0056730844579018
JPN,1999,C23,5891.399999999999,4447298.5,0.0013247143181416
JPN,1999,C24,5595.1,4447298.5,0.0012580896020359
JPN,1999,C25,11587.8,4447298.5,0.0026055817930818
JPN,1999,C26,222970.1,4447298.5,0.0501360769914589
JPN,1999,C27,67334.1,4447298.5,0.0151404498708598
JPN,1999,C28,168863.1,4447298.5,0.037969814708862
JPN,1999,C29,133211.4,4447298.5,0.029953330094663
JPN,1999,C30,24337.599999999995,4447298.5,0.0054724458005236
JPN,1999,C31T33,39544.0,4447298.5,0.0088916900900625
JPN,1999,D,72106.79999999999,4447298.5,0.0162136182223882
JPN,1999,E,44454.99999999999,4447298.5,0.0099959559719231
JPN,1999,F,610415.4,4447298.5,0.1372553247775025
JPN,1999,G,401771.5,4447298.5,0.0903405741710388
JPN,1999,H49,105172.5,4447298.5,0.0236486262390527
JPN,1999,H50,10053.7,4447298.5,0.0022606308076689
JPN,1999,H51,13081.8,4447298.5,0.0029415160686875
JPN,1999,H52,34113.50000000001,4447298.5,0.0076706117208008
JPN,1999,H53,4564.599999999999,4447298.5,0.0010263758998861
JPN,1999,I,214995.39999999997,4447298.5,0.0483429209890003
JPN,1999,J58T60,32218.199999999997,4447298.5,0.0072444428904423
JPN,1999,J61,63408.2,4447298.5,0.0142576892466291
JPN,1999,J62_63,74427.5,4447298.5,0.0167354406276079
JPN,1999,K,122484.7,4447298.5,0.0275413714640472
JPN,1999,L,471775.7,4447298.5,0.1060814109959113
JPN,1999,M,122643.60000000002,4447298.5,0.0275771010198663
JPN,1999,N,55165.4,4447298.5,0.0124042494561586
JPN,1999,O,299661.5999999999,4447298.5,0.0673805907114172
JPN,1999,P,177023.69999999998,4447298.5,0.039804771368506
JPN,1999,Q,335474.8,4447298.5,0.0754333895060113
JPN,1999,R,64565.3,4447298.5,0.0145178696685189
JPN,1999,S,85696.70000000001,4447298.5,0.0192693834245666
JPN,1999,T,0.0,4447298.5,0.0
JPN,1999,employees_compensation,0.0,4447298.5,0.0
JPN,2000,A01_02,32185.399999999998,4771063.3,0.0067459595432322
JPN,2000,A03,4201.099999999999,4771063.3,0.0008805374684506
JPN,2000,B05_06,-53318.7,4771063.3,-0.0111754333672328
JPN,2000,B07_08,-8887.5,4771063.3,-0.0018627923046001
JPN,2000,B09,-233.6,4771063.3,-4.896183205114885e-05
JPN,2000,C10T12,206145.5,4771063.3,0.0432074544053942
JPN,2000,C13T15,41282.4,4771063.3,0.0086526623949843
JPN,2000,C16,-4079.7,4771063.3,-0.0008550924067597
JPN,2000,C17_18,17687.100000000002,4771063.3,0.0037071610431159
JPN,2000,C19,33694.399999999994,4771063.3,0.0070622412408571
JPN,2000,C20,24362.6,4771063.3,0.0051063250407933
JPN,2000,C21,31509.4,4771063.3,0.0066042720497965
JPN,2000,C22,27044.3,4771063.3,0.0056684010040277
JPN,2000,C23,6252.200000000001,4771063.3,0.001310441636773
JPN,2000,C24,5837.299999999999,4771063.3,0.0012234798896925
JPN,2000,C25,12181.600000000002,4771063.3,0.0025532253994617
JPN,2000,C26,254023.9,4771063.3,0.0532426178457955
JPN,2000,C27,75062.2,4771063.3,0.0157328032097163
JPN,2000,C28,189239.8,4771063.3,0.0396640723672645
JPN,2000,C29,151529.2,4771063.3,0.0317600481217677
JPN,2000,C30,26576.4,4771063.3,0.0055703306221068
JPN,2000,C31T33,43060.10000000001,4771063.3,0.0090252627752811
JPN,2000,D,72994.3,4771063.3,0.0152993778137464
JPN,2000,E,44894.9,4771063.3,0.0094098311376417
JPN,2000,F,629873.5,4771063.3,0.1320195227759816
JPN,2000,G,415435.7,4771063.3,0.0870740281312134
JPN,2000,H49,118250.19999999995,4771063.3,0.024784873426433
JPN,2000,H50,9519.3,4771063.3,0.0019952156157726
JPN,2000,H51,13253.799999999992,4771063.3,0.0027779551782513
JPN,2000,H52,36892.1,4771063.3,0.0077324691961223
JPN,2000,H53,4245.9,4771063.3,0.000889927408844
JPN,2000,I,225700.6,4771063.3,0.0473061424274123
JPN,2000,J58T60,34621.100000000006,4771063.3,0.0072564746730566
JPN,2000,J61,67212.3,4771063.3,0.014087488631727
JPN,2000,J62_63,86235.00000000001,4771063.3,0.0180745872728203
JPN,2000,K,137090.00000000003,4771063.3,0.0287336367974828
JPN,2000,L,508746.4,4771063.3,0.1066316600746001
JPN,2000,M,140904.7,4771063.3,0.0295331860300407
JPN,2000,N,63710.00000000001,4771063.3,0.0133534174656622
JPN,2000,O,323833.1999999999,4771063.3,0.0678744295847007
JPN,2000,P,186148.5,4771063.3,0.0390161455204335
JPN,2000,Q,370021.7,4771063.3,0.0775553952512011
JPN,2000,R,69445.70000000001,4771063.3,0.0145556023119626
JPN,2000,S,96679.0,4771063.3,0.0202636171270249
JPN,2000,T,0.0,4771063.3,0.0
JPN,2000,employees_compensation,0.0,4771063.3,0.0
JPN,2001,A01_02,23292.300000000003,4203589.0,0.0055410507544862
JPN,2001,A03,3195.3,4203589.0,0.0007601361598386
JPN,2001,B05_06,-49000.8,4203589.0,-0.0116568960476392
JPN,2001,B07_08,-8591.9,4203589.0,-0.0020439438774818
JPN,2001,B09,-236.3,4203589.0,-5.6213868672698496e-05
JPN,2001,C10T12,177685.8,4203589.0,0.0422700221168149
JPN,2001,C13T15,30894.9,4203589.0,0.0073496481221166
JPN,2001,C16,-3939.1,4203589.0,-0.0009370801950428
JPN,2001,C17_18,14920.200000000004,4203589.0,0.0035493955284401
JPN,2001,C19,31889.899999999998,4203589.0,0.0075863506161044
JPN,2001,C20,18779.000000000004,4203589.0,0.0044673729995962
JPN,2001,C21,28269.9,4203589.0,0.0067251817435053
JPN,2001,C22,21876.7,4203589.0,0.0052042909047483
JPN,2001,C23,4968.0,4203589.0,0.001181847226263
JPN,2001,C24,6236.5,4203589.0,0.0014836131696034
JPN,2001,C25,10168.199999999995,4203589.0,0.0024189329641884
JPN,2001,C26,185827.2,4203589.0,0.0442067956691294
JPN,2001,C27,64616.7,4203589.0,0.0153717930083079
JPN,2001,C28,160025.9,4203589.0,0.0380688740026677
JPN,2001,C29,135520.00000000003,4203589.0,0.0322391175731024
JPN,2001,C30,24851.5,4203589.0,0.0059119718887836
JPN,2001,C31T33,38376.60000000001,4203589.0,0.0091294843525378
JPN,2001,D,62276.3,4203589.0,0.0148150306797358
JPN,2001,E,39043.600000000006,4203589.0,0.0092881582856934
JPN,2001,F,524745.0999999999,4203589.0,0.1248326370632333
JPN,2001,G,376129.4999999999,4203589.0,0.0894781816205152
JPN,2001,H49,101473.8,4203589.0,0.0241398005371124
JPN,2001,H50,4167.9000000000015,4203589.0,0.0009915098740623
JPN,2001,H51,12417.8,4203589.0,0.0029540947033594
JPN,2001,H52,32283.000000000004,4203589.0,0.0076798659431262
JPN,2001,H53,3596.5,4203589.0,0.0008555784116858
JPN,2001,I,197698.9,4203589.0,0.0470309775765423
JPN,2001,J58T60,31580.9,4203589.0,0.0075128420023936
JPN,2001,J61,60487.8,4203589.0,0.014389560920442
JPN,2001,J62_63,83802.8,4203589.0,0.0199360118222785
JPN,2001,K,171072.9,4203589.0,0.0406968664158175
JPN,2001,L,458875.7,4203589.0,0.1091628368044544
JPN,2001,M,125160.30000000002,4203589.0,0.0297746282997695
JPN,2001,N,54781.09999999999,4203589.0,0.0130319829079389
JPN,2001,O,296805.5,4203589.0,0.070607640280722
JPN,2001,P,167428.9,4203589.0,0.0398299881363282
JPN,2001,Q,340940.5,4203589.0,0.0811070016597721
JPN,2001,R,58982.600000000006,4203589.0,0.0140314859516475
JPN,2001,S,80211.10000000002,4203589.0,0.0190815752919707
JPN,2001,T,0.0,4203589.0,0.0
JPN,2001,employees_compensation,0.0,4203589.0,0.0
JPN,2002,A01_02,22202.59999999999,4018274.6,0.0055254063522687
JPN,2002,A03,3067.9,4018274.6,0.0007634868955944
JPN,2002,B05_06,-47939.5,4018274.6,-0.0119303693182143
JPN,2002,B07_08,-7729.400000000001,4018274.6,-0.0019235619188394
JPN,2002,B09,-159.4,4018274.6,-3.966876728633728e-05
JPN,2002,C10T12,169038.40000000002,4018274.6,0.0420674087330915
JPN,2002,C13T15,25731.800000000003,4018274.6,0.0064036937644828
JPN,2002,C16,-3820.8000000000006,4018274.6,-0.0009508558723189
JPN,2002,C17_18,14541.2,4018274.6,0.003618767119599
JPN,2002,C19,33123.09999999999,4018274.6,0.0082431150922338
JPN,2002,C20,18505.8,4018274.6,0.0046054094959065
JPN,2002,C21,26581.0,4018274.6,0.0066150282511802
JPN,2002,C22,20521.800000000003,4018274.6,0.0051071173682356
JPN,2002,C23,4180.6,4018274.6,0.0010403967911998
JPN,2002,C24,7210.299999999999,4018274.6,0.0017943771189753
JPN,2002,C25,8957.5,4018274.6,0.0022291906083272
JPN,2002,C26,164131.10000000003,4018274.6,0.0408461631766032
JPN,2002,C27,52955.00000000001,4018274.6,0.0131785418547552
JPN,2002,C28,139842.59999999998,4018274.6,0.0348016534260749
JPN,2002,C29,140996.0,4018274.6,0.0350886920470791
JPN,2002,C30,23846.0,4018274.6,0.0059343878589083
JPN,2002,C31T33,35375.2,4018274.6,0.0088035795263967
JPN,2002,D,61429.9,4018274.6,0.0152876311638831
JPN,2002,E,37248.7,4018274.6,0.0092698244166787
JPN,2002,F,472483.20000000007,4018274.6,0.1175836016781929
JPN,2002,G,369167.0000000001,4018274.6,0.0918720189008486
JPN,2002,H49,99054.89999999997,4018274.6,0.0246511027394693
JPN,2002,H50,4808.599999999999,4018274.6,0.0011966827752389
JPN,2002,H51,12421.3,4018274.6,0.0030912023782545
JPN,2002,H52,30855.1,4018274.6,0.0076786937358636
JPN,2002,H53,3379.8,4018274.6,0.0008411072752469
JPN,2002,I,189033.9,4018274.6,0.0470435494876333
JPN,2002,J58T60,31326.9,4018274.6,0.0077961073143184
JPN,2002,J61,60870.90000000001,4018274.6,0.0151485167290458
JPN,2002,J62_63,82958.7,4018274.6,0.0206453536052513
JPN,2002,K,173674.6,4018274.6,0.0432211875216293
JPN,2002,L,447265.20000000007,4018274.6,0.111307773739505
JPN,2002,M,118603.80000000002,4018274.6,0.0295161012639604
JPN,2002,N,52064.99999999999,4018274.6,0.012957053756356
JPN,2002,O,290937.49999999994,4018274.6,0.0724035883461025
JPN,2002,P,163035.7,4018274.6,0.0405735586114498
JPN,2002,Q,330992.99999999994,4018274.6,0.0823719215207442
JPN,2002,R,58622.6,4018274.6,0.0145889979744042
JPN,2002,S,76879.5,4018274.6,0.0191324654616685
JPN,2002,T,0.0,4018274.6,0.0
JPN,2002,employees_compensation,0.0,4018274.6,0.0
JPN,2003,A01_02,20546.6,4342627.1,0.0047313756228343
JPN,2003,A03,2846.2,4342627.1,0.0006554097173114
JPN,2003,B05_06,-58575.5,4342627.1,-0.0134884940961198
JPN,2003,B07_08,-8532.1,4342627.1,-0.0019647323621224
JPN,2003,B09,-140.00000000000003,4342627.1,-3.22385497939715e-05
JPN,2003,C10T12,181727.80000000005,4342627.1,0.0418474337803492
JPN,2003,C13T15,24962.700000000004,4342627.1,0.005748294621014
JPN,2003,C16,-4343.1,4342627.1,-0.0010001088972156
JPN,2003,C17_18,14677.200000000004,4342627.1,0.0033797974502577
JPN,2003,C19,37207.2,4342627.1,0.0085679012135304
JPN,2003,C20,20236.6,4342627.1,0.0046599902625763
JPN,2003,C21,29484.700000000004,4342627.1,0.0067895997793593
JPN,2003,C22,23707.0,4342627.1,0.0054591378568977
JPN,2003,C23,4422.0,4342627.1,0.0010182776227781
JPN,2003,C24,7751.799999999996,4342627.1,0.0017850485020922
JPN,2003,C25,8809.5,4342627.1,0.0020286107457856
JPN,2003,C26,187011.20000000004,4342627.1,0.0430640705945025
JPN,2003,C27,56602.50000000001,4342627.1,0.0130341608193805
JPN,2003,C28,158153.2,4342627.1,0.0364187843805423
JPN,2003,C29,157728.0,4342627.1,0.0363208712993109
JPN,2003,C30,26020.4,4342627.1,0.0059918568647075
JPN,2003,C31T33,33996.100000000006,4342627.1,0.0078284640189345
JPN,2003,D,66173.29999999999,4342627.1,0.0152380801934386
JPN,2003,E,39596.69999999999,4342627.1,0.0091181441759067
JPN,2003,F,487157.2,4342627.1,0.112180297497798
JPN,2003,G,404516.8,4342627.1,0.0931502499949857
JPN,2003,H49,107435.5,4342627.1,0.0247397479742158
JPN,2003,H50,6214.000000000002,4342627.1,0.0014309310601409
JPN,2003,H51,13799.599999999997,4342627.1,0.0031777077981206
JPN,2003,H52,32834.3,4342627.1,0.0075609301107157
JPN,2003,H53,3721.4,4342627.1,0.0008569467085948
JPN,2003,I,199829.6,4342627.1,0.0460158322136386
JPN,2003,J58T60,34781.1,4342627.1,0.0080092301731364
JPN,2003,J61,66377.39999999998,4342627.1,0.0152850793935311
JPN,2003,J62_63,90987.60000000002,4342627.1,0.0209522019516711
JPN,2003,K,191268.9,4342627.1,0.0440445139763439
JPN,2003,L,488711.4,4342627.1,0.1125381914555822
JPN,2003,M,130756.49999999996,4342627.1,0.0301099995438245
JPN,2003,N,58582.2,4342627.1,0.0134900369410028
JPN,2003,O,315513.1,4342627.1,0.0726548913214307
JPN,2003,P,173764.8,4342627.1,0.0400137511231392
JPN,2003,Q,361261.3000000001,4342627.1,0.0831895743477491
JPN,2003,R,63011.7,4342627.1,0.0145100416289485
JPN,2003,S,82032.70000000001,4342627.1,0.0188901091691708
JPN,2003,T,0.0,4342627.1,0.0
JPN,2003,employees_compensation,0.0,4342627.1,0.0
JPN,2004,A01_02,20394.500000000004,4705429.1,0.0043342487085821
JPN,2004,A03,2882.9000000000005,4705429.1,0.0006126752605835
JPN,2004,B05_06,-69424.0,4705429.1,-0.0147540210519801
JPN,2004,B07_08,-11406.2,4705429.1,-0.0024240509754997
JPN,2004,B09,-107.70000000000002,4705429.1,-2.288845453010864e-05
JPN,2004,C10T12,197475.4,4705429.1,0.0419675646584495
JPN,2004,C13T15,24071.500000000004,4705429.1,0.0051156864737373
JPN,2004,C16,-5171.6,4705429.1,-0.0010990708583835
JPN,2004,C17_18,15693.7,4705429.1,0.003335232487086
JPN,2004,C19,41895.20000000001,4705429.1,0.0089035875601653
JPN,2004,C20,24128.5,4705429.1,0.0051278001404802
JPN,2004,C21,31980.6,4705429.1,0.0067965321164864
JPN,2004,C22,28532.9,4705429.1,0.006063825294913
JPN,2004,C23,5135.299999999999,4705429.1,0.0010913563653525
JPN,2004,C24,9930.3,4705429.1,0.0021103920150449
JPN,2004,C25,9367.4,4705429.1,0.0019907642429465
JPN,2004,C26,203251.2,4705429.1,0.0431950403843084
JPN,2004,C27,61797.00000000001,4705429.1,0.0131331274335851
JPN,2004,C28,188396.9,4705429.1,0.0400381975790475
JPN,2004,C29,178246.2,4705429.1,0.0378809660525965
JPN,2004,C30,30811.9,4705429.1,0.006548159444162
JPN,2004,C31T33,31603.800000000007,4705429.1,0.0067164544037014
JPN,2004,D,72848.8,4705429.1,0.0154818611548094
JPN,2004,E,42557.7,4705429.1,0.0090443823709935
JPN,2004,F,506213.2,4705429.1,0.1075806667663954
JPN,2004,G,450133.3000000001,4705429.1,0.0956625401071286
JPN,2004,H49,118589.19999999995,4705429.1,0.0252026324230451
JPN,2004,H50,6120.9,4705429.1,0.001300816539771
JPN,2004,H51,15839.799999999996,4705429.1,0.0033662817276324
JPN,2004,H52,36211.50000000001,4705429.1,0.0076956849695174
JPN,2004,H53,3933.6,4705429.1,0.0008359705175453
JPN,2004,I,212092.5,4705429.1,0.0450739976084221
JPN,2004,J58T60,38329.6,4705429.1,0.0081458245752762
JPN,2004,J61,72537.69999999998,4705429.1,0.0154157460368492
JPN,2004,J62_63,97533.8,4705429.1,0.0207279289363854
JPN,2004,K,208976.4,4705429.1,0.044411762574427
JPN,2004,L,530814.9000000001,4705429.1,0.1128090315928892
JPN,2004,M,141036.0,4705429.1,0.0299730368905144
JPN,2004,N,63120.20000000001,4705429.1,0.013414334518397
JPN,2004,O,336329.4,4705429.1,0.0714768818852248
JPN,2004,P,184887.9,4705429.1,0.0392924632527137
JPN,2004,Q,392535.0,4705429.1,0.0834217223674669
JPN,2004,R,68764.5,4705429.1,0.0146138638025594
JPN,2004,S,86537.5,4705429.1,0.0183909901012003
JPN,2004,T,0.0,4705429.1,0.0
JPN,2004,employees_compensation,0.0,4705429.1,0.0
JPN,2005,A01_02,17072.1,4651889.3,0.0036699282590409
JPN,2005,A03,2146.4000000000005,4651889.3,0.000461403928937
JPN,2005,B05_06,-100259.1,4651889.3,-0.0215523400352626
JPN,2005,B07_08,-15632.3,4651889.3,-0.003360419604138
JPN,2005,B09,-100.60000000000002,4651889.3,-2.1625622088642573e-05
JPN,2005,C10T12,182170.30000000005,4651889.3,0.0391604976498473
JPN,2005,C13T15,20273.1,4651889.3,0.0043580357769906
JPN,2005,C16,-5007.9,4651889.3,-0.0010765303464981
JPN,2005,C17_18,7796.600000000001,4651889.3,0.001676007208512
JPN,2005,C19,48739.1,4651889.3,0.0104772699556715
JPN,2005,C20,23046.0,4651889.3,0.0049541161695313
JPN,2005,C21,30907.6,4651889.3,0.0066440961954963
JPN,2005,C22,32849.3,4651889.3,0.0070614964977777
JPN,2005,C23,5055.799999999999,4651889.3,0.0010868272381288
JPN,2005,C24,11756.3,4651889.3,0.0025272097511004
JPN,2005,C25,9010.9,4651889.3,0.0019370409351744
JPN,2005,C26,153291.5,4651889.3,0.0329525253320194
JPN,2005,C27,91345.7,4651889.3,0.0196362583262675
JPN,2005,C28,200621.9,4651889.3,0.0431269720885232
JPN,2005,C29,197012.3,4651889.3,0.0423510292904003
JPN,2005,C30,26788.7,4651889.3,0.0057586709984693
JPN,2005,C31T33,34568.4,4651889.3,0.0074310452744436
JPN,2005,D,72243.5,4651889.3,0.0155299267332092
JPN,2005,E,40944.500000000015,4651889.3,0.0088016926800042
JPN,2005,F,491997.79999999993,4651889.3,0.1057630068712082
JPN,2005,G,454053.4,4651889.3,0.0976062349549031
JPN,2005,H49,113019.6,4651889.3,0.0242954190676893
JPN,2005,H50,7934.499999999996,4651889.3,0.0017056510781544
JPN,2005,H51,15331.7,4651889.3,0.0032958006975789
JPN,2005,H52,35532.200000000004,4651889.3,0.0076382299123068
JPN,2005,H53,3373.5000000000005,4651889.3,0.0007251892258055
JPN,2005,I,202080.7,4651889.3,0.0434405651054508
JPN,2005,J58T60,40254.69999999999,4651889.3,0.0086534088418656
JPN,2005,J61,81345.7,4651889.3,0.0174865941027444
JPN,2005,J62_63,102441.0,4651889.3,0.0220213752721931
JPN,2005,K,218750.4,4651889.3,0.0470239908761371
JPN,2005,L,528727.3999999999,4651889.3,0.1136586375776396
JPN,2005,M,148397.1,4651889.3,0.0319003936744582
JPN,2005,N,71771.40000000001,4651889.3,0.0154284410852167
JPN,2005,O,324994.8,4651889.3,0.069862969439105
JPN,2005,P,183115.2,4651889.3,0.039363619422328
JPN,2005,Q,390578.3,4651889.3,0.0839612197994479
JPN,2005,R,68476.29999999999,4651889.3,0.0147201052269236
JPN,2005,S,83073.49999999999,4651889.3,0.0178580130872847
JPN,2005,T,0.0,4651889.3,0.0
JPN,2005,employees_compensation,0.0,4651889.3,0.0
JPN,2006,A01_02,20178.500000000007,4422050.1,0.0045631549945578
JPN,2006,A03,3123.1000000000013,4422050.1,0.0007062561321953
JPN,2006,B05_06,-122452.8,4422050.1,-0.027691409466392
JPN,2006,B07_08,-23493.3,4422050.1,-0.0053127620602941
JPN,2006,B09,-165.80000000000004,4422050.1,-3.749392165412148e-05
JPN,2006,C10T12,187157.1,4422050.1,0.0423236046104497
JPN,2006,C13T15,15268.4,4422050.1,0.0034527876561145
JPN,2006,C16,-5320.400000000001,4422050.1,-0.0012031523568672
JPN,2006,C17_18,-312.1000000000004,4422050.1,-7.057812393396456e-05
JPN,2006,C19,54323.400000000016,4422050.1,0.0122846640747014
JPN,2006,C20,28367.2,4422050.1,0.0064149431504631
JPN,2006,C21,27331.699999999997,4422050.1,0.0061807757447162
JPN,2006,C22,29718.300000000003,4422050.1,0.0067204801682369
JPN,2006,C23,5958.900000000001,4422050.1,0.0013475423989429
JPN,2006,C24,14672.9,4422050.1,0.0033181216106077
JPN,2006,C25,7148.499999999999,4422050.1,0.0016165578947194
JPN,2006,C26,149284.49999999997,4422050.1,0.0337591154835626
JPN,2006,C27,104392.9,4422050.1,0.0236073535213904
JPN,2006,C28,231123.0,4422050.1,0.0522660292790441
JPN,2006,C29,238582.9,4422050.1,0.053953007000079
JPN,2006,C30,31174.4,4422050.1,0.0070497618287952
JPN,2006,C31T33,21935.500000000007,4422050.1,0.004960482017153
JPN,2006,D,68227.80000000002,4422050.1,0.0154289975140715
JPN,2006,E,47625.7,4422050.1,0.0107700498463371
JPN,2006,F,453822.9,4422050.1,0.1026272633139095
JPN,2006,G,428263.0,4422050.1,0.0968471614557239
JPN,2006,H49,104879.8,4422050.1,0.0237174608220743
JPN,2006,H50,4590.799999999999,4422050.1,0.0010381610104326
JPN,2006,H51,11420.3,4422050.1,0.002582580418978
JPN,2006,H52,32224.1,4422050.1,0.0072871404148044
JPN,2006,H53,1848.8,4422050.1,0.0004180866245726
JPN,2006,I,189417.9,4422050.1,0.04283486069052
JPN,2006,J58T60,25461.6,4422050.1,0.0057578723497501
JPN,2006,J61,70433.7,4422050.1,0.0159278385380572
JPN,2006,J62_63,101305.6,4422050.1,0.0229091931816873
JPN,2006,K,187763.5,4422050.1,0.0424607355760171
JPN,2006,L,510174.1,4422050.1,0.1153704929756449
JPN,2006,M,106553.80000000002,4422050.1,0.024096018269897
JPN,2006,N,41006.600000000006,4422050.1,0.0092732101791429
JPN,2006,O,308231.3,4422050.1,0.0697032582240531
JPN,2006,P,183571.20000000004,4422050.1,0.0415126911384382
JPN,2006,Q,377252.3000000001,4422050.1,0.085311629553903
JPN,2006,R,68205.90000000002,4422050.1,0.015424045060005
JPN,2006,S,81772.59999999999,4422050.1,0.0184920112053909
JPN,2006,T,0.0,4422050.1,0.0
JPN,2006,employees_compensation,0.0,4422050.1,0.0
JPN,2007,A01_02,17906.0,4406392.8,0.0040636413530813
JPN,2007,A03,3195.3,4406392.8,0.0007251509670222
JPN,2007,B05_06,-130501.2,4406392.8,-0.0296163337957523
JPN,2007,B07_08,-26090.7,4406392.8,-0.005921101722933
JPN,2007,B09,-238.4,4406392.8,-5.410321113451347e-05
JPN,2007,C10T12,188965.6,4406392.8,0.0428844201088927
JPN,2007,C13T15,14930.700000000004,4406392.8,0.0033884178459986
JPN,2007,C16,-5689.6,4406392.8,-0.0012912148912371
JPN,2007,C17_18,-564.0,4406392.8,-0.000127995851845
JPN,2007,C19,56094.000000000015,4406392.8,0.0127301406265914
JPN,2007,C20,29921.3,4406392.8,0.0067904295776808
JPN,2007,C21,25935.0,4406392.8,0.0058857666978758
JPN,2007,C22,32163.499999999996,4406392.8,0.0072992811716649
JPN,2007,C23,6696.1,4406392.8,0.0015196330204606
JPN,2007,C24,13555.6,4406392.8,0.0030763485270763
JPN,2007,C25,7022.300000000001,4406392.8,0.001593661826971
JPN,2007,C26,153406.60000000003,4406392.8,0.0348145539816604
JPN,2007,C27,108200.9,4406392.8,0.0245554368189781
JPN,2007,C28,247127.6,4406392.8,0.056083878858916
JPN,2007,C29,247412.7,4406392.8,0.0561485803081377
JPN,2007,C30,33366.5,4406392.8,0.0075722936003344
JPN,2007,C31T33,28760.10000000001,4406392.8,0.0065269033663998
JPN,2007,D,67855.4,4406392.8,0.0153993080235606
JPN,2007,E,47302.3,4406392.8,0.0107349258559064
JPN,2007,F,420927.4,4406392.8,0.0955265268225746
JPN,2007,G,413931.5,4406392.8,0.0939388562907964
JPN,2007,H49,104180.70000000004,4406392.8,0.0236430805714824
JPN,2007,H50,1493.2000000000007,4406392.8,0.0003388712871898
JPN,2007,H51,11340.899999999998,4406392.8,0.0025737378655847
JPN,2007,H52,31862.199999999997,4406392.8,0.0072309032458477
JPN,2007,H53,1755.1,4406392.8,0.0003983076588178
JPN,2007,I,191127.5,4406392.8,0.0433750481799988
JPN,2007,J58T60,26430.9,4406392.8,0.0059983077314396
JPN,2007,J61,69598.2,4406392.8,0.0157948242834819
JPN,2007,J62_63,103871.9,4406392.8,0.0235730005731672
JPN,2007,K,188132.4,4406392.8,0.0426953312015215
JPN,2007,L,510289.6,4406392.8,0.1158066525526276
JPN,2007,M,104823.2,4406392.8,0.0237888914488059
JPN,2007,N,52589.3,4406392.8,0.0119347734954541
JPN,2007,O,306046.1,4406392.8,0.0694550199882316
JPN,2007,P,181234.50000000003,4406392.8,0.0411299010837163
JPN,2007,Q,374789.8,4406392.8,0.0850559214784483
JPN,2007,R,64341.2,4406392.8,0.0146017849339259
JPN,2007,S,80893.6,4406392.8,0.0183582362425791
JPN,2007,T,0.0,4406392.8,0.0
JPN,2007,employees_compensation,0.0,4406392.8,0.0
JPN,2008,A01_02,18179.59999999999,4920169.9,0.0036949130557463
JPN,2008,A03,3468.5999999999995,4920169.9,0.0007049756554138
JPN,2008,B05_06,-202131.3,4920169.9,-0.041082178889798
JPN,2008,B07_08,-23640.4,4920169.9,-0.0048047934279667
JPN,2008,B09,-307.0,4920169.9,-6.239621928502916e-05
JPN,2008,C10T12,214321.5,4920169.9,0.0435597762589458
JPN,2008,C13T15,16239.999999999996,4920169.9,0.0033006990266738
JPN,2008,C16,-6206.7,4920169.9,-0.0012614808281315
JPN,2008,C17_18,-758.2999999999993,4920169.9,-0.0001541206940841
JPN,2008,C19,72254.50000000003,4920169.9,0.0146853668610102
JPN,2008,C20,30356.3,4920169.9,0.0061697666172056
JPN,2008,C21,29775.60000000001,4920169.9,0.0060517422376003
JPN,2008,C22,36780.8,4920169.9,0.0074755142093771
JPN,2008,C23,6717.900000000001,4920169.9,0.0013653796792667
JPN,2008,C24,20375.19999999999,4920169.9,0.0041411578083919
JPN,2008,C25,7350.299999999998,4920169.9,0.0014939118260936
JPN,2008,C26,166673.00000000006,4920169.9,0.03387545621138
JPN,2008,C27,118384.5,4920169.9,0.0240610593548812
JPN,2008,C28,274779.0999999999,4920169.9,0.0558474820147978
JPN,2008,C29,277785.60000000003,4920169.9,0.0564585381492618
JPN,2008,C30,42682.50000000001,4920169.9,0.0086750053082516
JPN,2008,C31T33,31106.6,4920169.9,0.0063222613511781
JPN,2008,D,82239.59999999999,4920169.9,0.0167147886498797
JPN,2008,E,54103.6,4920169.9,0.0109962869371645
JPN,2008,F,464464.9,4920169.9,0.0944001750833848
JPN,2008,G,466538.79999999993,4920169.9,0.0948216849178317
JPN,2008,H49,120277.0,4920169.9,0.0244457005437962
JPN,2008,H50,-2701.5,4920169.9,-0.0005490664052068
JPN,2008,H51,12335.6,4920169.9,0.0025071491941772
JPN,2008,H52,36317.8,4920169.9,0.0073814117679147
JPN,2008,H53,2145.7,4920169.9,0.0004361028264491
JPN,2008,I,218264.6,4920169.9,0.0443611916734826
JPN,2008,J58T60,31725.20000000001,4920169.9,0.0064479887168124
JPN,2008,J61,80923.4,4920169.9,0.0164472775625085
JPN,2008,J62_63,122192.6,4920169.9,0.0248350366925337
JPN,2008,K,187531.3,4920169.9,0.0381148016860149
JPN,2008,L,581889.7999999999,4920169.9,0.1182662005228721
JPN,2008,M,121916.7,4920169.9,0.0247789613931827
JPN,2008,N,63056.8,4920169.9,0.012815980196131
JPN,2008,O,345192.8,4920169.9,0.0701587154541147
JPN,2008,P,206846.1,4920169.9,0.042040438481606
JPN,2008,Q,433381.2,4920169.9,0.0880825680430263
JPN,2008,R,69127.70000000001,4920169.9,0.0140498603513671
JPN,2008,S,88212.3,4920169.9,0.0179287101447452
JPN,2008,T,0.0,4920169.9,0.0
JPN,2008,employees_compensation,0.0,4920169.9,0.0
JPN,2009,A01_02,25810.6,5081838.0,0.0050789891373947
JPN,2009,A03,3800.499999999999,5081838.0,0.0007478593375074
JPN,2009,B05_06,-119132.8,5081838.0,-0.0234428566986983
JPN,2009,B07_08,-19497.2,5081838.0,-0.003836643356203
JPN,2009,B09,-327.2,5081838.0,-6.438615319890166e-05
JPN,2009,C10T12,234299.4,5081838.0,0.0461052477469765
JPN,2009,C13T15,15531.700000000004,5081838.0,0.0030563154512206
JPN,2009,C16,-4188.7,5081838.0,-0.0008242490217122
JPN,2009,C17_18,-558.2999999999997,5081838.0,-0.0001098618255835
JPN,2009,C19,64766.19999999999,5081838.0,0.0127446408169642
JPN,2009,C20,29751.300000000003,5081838.0,0.005854436918296
JPN,2009,C21,29085.1,5081838.0,0.0057233426173758
JPN,2009,C22,33158.600000000006,5081838.0,0.0065249226756146
JPN,2009,C23,5858.1,5081838.0,0.0011527522128804
JPN,2009,C24,23906.1,5081838.0,0.0047042231570545
JPN,2009,C25,5740.0,5081838.0,0.0011295125897362
JPN,2009,C26,136970.8,5081838.0,0.0269530040115407
JPN,2009,C27,107200.8,5081838.0,0.0210948873222641
JPN,2009,C28,199541.0,5081838.0,0.0392655177122922
JPN,2009,C29,204007.6,5081838.0,0.0401444516728002
JPN,2009,C30,39218.6,5081838.0,0.0077174046083326
JPN,2009,C31T33,29408.80000000001,5081838.0,0.0057870400433858
JPN,2009,D,89931.9,5081838.0,0.017696727050331
JPN,2009,E,60550.7,5081838.0,0.0119151181127773
JPN,2009,F,468525.8,5081838.0,0.0921961306125854
JPN,2009,G,482284.3000000001,5081838.0,0.0949035171920081
JPN,2009,H49,124659.8,5081838.0,0.0245304553195123
JPN,2009,H50,1081.7000000000007,5081838.0,0.0002128560571982
JPN,2009,H51,11325.4,5081838.0,0.0022286031156443
JPN,2009,H52,38473.3,5081838.0,0.007570745072944
JPN,2009,H53,2316.1,5081838.0,0.0004557602977505
JPN,2009,I,233176.7,5081838.0,0.0458843237427088
JPN,2009,J58T60,33772.899999999994,5081838.0,0.00664580413622
JPN,2009,J61,92912.0,5081838.0,0.0182831487347687
JPN,2009,J62_63,121441.4,5081838.0,0.0238971411524727
JPN,2009,K,194957.0,5081838.0,0.0383634818740778
JPN,2009,L,638325.8,5081838.0,0.1256092382323088
JPN,2009,M,131086.60000000003,5081838.0,0.0257951158616233
JPN,2009,N,59326.4,5081838.0,0.0116742013421128
JPN,2009,O,376859.2,5081838.0,0.0741580506895339
JPN,2009,P,224163.1,5081838.0,0.0441106347742686
JPN,2009,Q,489129.5,5081838.0,0.0962505101500677
JPN,2009,R,73577.99999999999,5081838.0,0.0144786197434865
JPN,2009,S,89609.40000000001,5081838.0,0.0176332657593571
JPN,2009,T,0.0,5081838.0,0.0
JPN,2009,employees_compensation,0.0,5081838.0,0.0
JPN,2010,A01_02,28087.5,5533699.399999999,0.0050757184244594
JPN,2010,A03,3878.500000000001,5533699.399999999,0.000700887366596
JPN,2010,B05_06,-156122.7,5533699.399999999,-0.0282130793009826
JPN,2010,B07_08,-31938.800000000003,5533699.399999999,-0.0057716904535869
JPN,2010,B09,-284.29999999999995,5533699.399999999,-5.137611920155981e-05
JPN,2010,C10T12,256994.6,5533699.399999999,0.0464417348004121
JPN,2010,C13T15,15345.4,5533699.399999999,0.0027730816025171
JPN,2010,C16,-5226.6,5533699.399999999,-0.0009445037798764
JPN,2010,C17_18,1248.1999999999998,5533699.399999999,0.00022556339074
JPN,2010,C19,77456.5,5533699.399999999,0.0139972366406458
JPN,2010,C20,34587.3,5533699.399999999,0.0062503033684843
JPN,2010,C21,34251.80000000001,5533699.399999999,0.0061896748493421
JPN,2010,C22,43748.2,5533699.399999999,0.0079057781852046
JPN,2010,C23,8345.3,5533699.399999999,0.001508086977041
JPN,2010,C24,30910.3,5533699.399999999,0.0055858292555609
JPN,2010,C25,7846.8,5533699.399999999,0.0014180025752754
JPN,2010,C26,169958.90000000002,5533699.399999999,0.0307134319583749
JPN,2010,C27,128377.09999999998,5533699.399999999,0.0231991459456579
JPN,2010,C28,248371.7,5533699.399999999,0.044883482467443
JPN,2010,C29,274067.8,5533699.399999999,0.0495270487587381
JPN,2010,C30,43642.5,5533699.399999999,0.0078866770392334
JPN,2010,C31T33,16809.6,5533699.399999999,0.0030376785555066
JPN,2010,D,98031.8,5533699.399999999,0.0177154183691293
JPN,2010,E,62924.1,5533699.399999999,0.0113710730293734
JPN,2010,F,475583.4,5533699.399999999,0.0859431215219243
JPN,2010,G,533947.3,5533699.399999999,0.0964901165393986
JPN,2010,H49,131219.3,5533699.399999999,0.0237127625689245
JPN,2010,H50,2392.100000000006,5533699.399999999,0.0004322786308197
JPN,2010,H51,10980.899999999998,5533699.399999999,0.0019843687208596
JPN,2010,H52,40657.5,5533699.399999999,0.0073472548942575
JPN,2010,H53,2472.5,5533699.399999999,0.0004468077901015
JPN,2010,I,246212.0,5533699.399999999,0.0444932010582287
JPN,2010,J58T60,32212.500000000007,5533699.399999999,0.0058211510368633
JPN,2010,J61,101840.39999999998,5533699.399999999,0.0184036740412751
JPN,2010,J62_63,125497.40000000002,5533699.399999999,0.0226787526622786
JPN,2010,K,195367.5,5533699.399999999,0.0353050438554721
JPN,2010,L,687882.5999999999,5533699.399999999,0.1243079087382303
JPN,2010,M,139037.40000000002,5533699.399999999,0.0251255787403269
JPN,2010,N,64223.3,5533699.399999999,0.0116058526778668
JPN,2010,O,405444.3,5533699.399999999,0.0732682190868553
JPN,2010,P,235467.5,5533699.399999999,0.0425515524027199
JPN,2010,Q,539122.6000000001,5533699.399999999,0.0974253498482407
JPN,2010,R,74500.29999999999,5533699.399999999,0.0134630189706365
JPN,2010,S,98327.1,5533699.399999999,0.0177687823086306
JPN,2010,T,0.0,5533699.399999999,0.0
JPN,2010,employees_compensation,0.0,5533699.399999999,0.0
JPN,2011,A01_02,30361.5,5998391.3,0.0050616071012239
JPN,2011,A03,3584.900000000001,5998391.3,0.0005976435715355
JPN,2011,B05_06,-206890.8,5998391.3,-0.0344910476247189
JPN,2011,B07_08,-55342.1,5998391.3,-0.0092261570197996
JPN,2011,B09,-205.1,5998391.3,-3.419250091270304e-05
JPN,2011,C10T12,267777.3000000001,5998391.3,0.0446415191353055
JPN,2011,C13T15,15742.0,5998391.3,0.0026243703040846
JPN,2011,C16,-7532.5,5998391.3,-0.0012557533550703
JPN,2011,C17_18,2737.5999999999995,5998391.3,0.0004563890321726
JPN,2011,C19,79655.40000000002,5998391.3,0.0132794604446695
JPN,2011,C20,32953.8,5998391.3,0.0054937729720967
JPN,2011,C21,33745.7,5998391.3,0.0056257917018517
JPN,2011,C22,25299.3,5998391.3,0.0042176808305253
JPN,2011,C23,6937.9,5998391.3,0.0011566267775828
JPN,2011,C24,25819.4,5998391.3,0.0043043874113381
JPN,2011,C25,7526.500000000002,5998391.3,0.0012547530868818
JPN,2011,C26,251282.8,5998391.3,0.0418916985292373
JPN,2011,C27,80264.7,5998391.3,0.013381037679219
JPN,2011,C28,270992.69999999995,5998391.3,0.0451775628575614
JPN,2011,C29,259076.8,5998391.3,0.043191046906193
JPN,2011,C30,50979.49999999999,5998391.3,0.0084988620198885
JPN,2011,C31T33,60763.20000000001,5998391.3,0.0101299159993113
JPN,2011,D,105189.7,5998391.3,0.0175363184459139
JPN,2011,E,66835.0,5998391.3,0.0111421540638737
JPN,2011,F,587236.4,5998391.3,0.0978989816819719
JPN,2011,G,580613.7,5998391.3,0.0967949023265621
JPN,2011,H49,136288.99999999997,5998391.3,0.0227209251920594
JPN,2011,H50,1531.7000000000007,5998391.3,0.000255351797406
JPN,2011,H51,11643.3,5998391.3,0.0019410704333343
JPN,2011,H52,41978.000000000015,5998391.3,0.0069982096699826
JPN,2011,H53,2203.8,5998391.3,0.0003673985056626
JPN,2011,I,259518.7,5998391.3,0.0432647166582813
JPN,2011,J58T60,59555.7,5998391.3,0.0099286120263611
JPN,2011,J61,110456.2,5998391.3,0.0184143038484334
JPN,2011,J62_63,114432.0,5998391.3,0.0190771148924545
JPN,2011,K,194516.5,5998391.3,0.0324281111837435
JPN,2011,L,775571.1,5998391.3,0.1292965165510292
JPN,2011,M,140900.7,5998391.3,0.0234897479929327
JPN,2011,N,58084.7,5998391.3,0.0096833796087961
JPN,2011,O,448142.79999999993,5998391.3,0.0747104977963008
JPN,2011,P,262383.4,5998391.3,0.0437422947049153
JPN,2011,Q,616524.7999999999,5998391.3,0.1027816908176697
JPN,2011,R,72721.09999999999,5998391.3,0.0121234338279998
JPN,2011,S,116532.5,5998391.3,0.0194272921141373
JPN,2011,T,0.0,5998391.3,0.0
JPN,2011,employees_compensation,0.0,5998391.3,0.0
JPN,2012,A01_02,32373.500000000004,6040903.0,0.0053590497976875
JPN,2012,A03,3924.1,6040903.0,0.0006495883148595
JPN,2012,B05_06,-228715.1,6040903.0,-0.0378610780540591
JPN,2012,B07_08,-51613.7,6040903.0,-0.0085440372076823
JPN,2012,B09,-335.40000000000003,6040903.0,-5.552150067630618e-05
JPN,2012,C10T12,272777.3,6040903.0,0.0451550538056975
JPN,2012,C13T15,15776.800000000005,6040903.0,0.0026116625279366
JPN,2012,C16,-6915.5,6040903.0,-0.0011447791828473
JPN,2012,C17_18,2321.4,6040903.0,0.0003842802971674
JPN,2012,C19,78854.0,6040903.0,0.013053346494721
JPN,2012,C20,31998.899999999998,6040903.0,0.0052970392009274
JPN,2012,C21,30846.8,6040903.0,0.0051063226805661
JPN,2012,C22,24835.9,6040903.0,0.0041112893221427
JPN,2012,C23,6049.500000000001,6040903.0,0.0010014231316079
JPN,2012,C24,30904.0,6040903.0,0.0051157914636272
JPN,2012,C25,8462.4,6040903.0,0.0014008501709098
JPN,2012,C26,212032.1,6040903.0,0.0350994048406339
JPN,2012,C27,84592.40000000001,6040903.0,0.014003270703072
JPN,2012,C28,274190.5,6040903.0,0.0453889923410457
JPN,2012,C29,302180.4,6040903.0,0.0500223890368708
JPN,2012,C30,45217.0,6040903.0,0.0074851392250463
JPN,2012,C31T33,57602.500000000015,6040903.0,0.0095354121726503
JPN,2012,D,110670.1,6040903.0,0.0183201253190127
JPN,2012,E,68456.2,6040903.0,0.0113321137584894
JPN,2012,F,592650.6999999998,6040903.0,0.098106309603051
JPN,2012,G,594358.7000000001,6040903.0,0.0983890487895601
JPN,2012,H49,141705.59999999998,6040903.0,0.0234576850513904
JPN,2012,H50,-419.4999999999964,6040903.0,-6.944326038673297e-05
JPN,2012,H51,11821.100000000004,6040903.0,0.0019568432070503
JPN,2012,H52,44084.79999999999,6040903.0,0.0072977169141765
JPN,2012,H53,2411.7,6040903.0,0.0003992283935034
JPN,2012,I,264096.3,6040903.0,0.0437180169918305
JPN,2012,J58T60,58125.1,6040903.0,0.0096219224178901
JPN,2012,J61,111480.4,6040903.0,0.0184542608944391
JPN,2012,J62_63,119201.6,6040903.0,0.0197324141771519
JPN,2012,K,188676.8,6040903.0,0.0312332113261874
JPN,2012,L,778666.9000000001,6040903.0,0.1288990900863662
JPN,2012,M,135220.79999999996,6040903.0,0.0223842031563824
JPN,2012,N,52939.9,6040903.0,0.0087635739226403
JPN,2012,O,442776.9000000001,6040903.0,0.0732964757090123
JPN,2012,P,260161.9,6040903.0,0.0430667236338673
JPN,2012,Q,644564.1,6040903.0,0.1066999585989048
JPN,2012,R,76291.7,6040903.0,0.0126291880535078
JPN,2012,S,115601.39999999998,6040903.0,0.0191364436740666
JPN,2012,T,0.0,6040903.0,0.0
JPN,2012,employees_compensation,0.0,6040903.0,0.0
JPN,2013,A01_02,26653.7,5021254.0,0.005308176005436
JPN,2013,A03,2990.5,5021254.0,0.0005955683580237
JPN,2013,B05_06,-213507.5,5021254.0,-0.0425207527840654
JPN,2013,B07_08,-46373.5,5021254.0,-0.0092354419832177
JPN,2013,B09,-258.4,5021254.0,-5.14612485247709e-05
JPN,2013,C10T12,225604.60000000003,5021254.0,0.0449299318457102
JPN,2013,C13T15,11299.499999999993,5021254.0,0.0022503342790466
JPN,2013,C16,-7658.900000000001,5021254.0,-0.0015252962706128
JPN,2013,C17_18,2548.499999999999,5021254.0,0.0005075425381787
JPN,2013,C19,69157.30000000002,5021254.0,0.0137729140967575
JPN,2013,C20,34828.59999999999,5021254.0,0.0069362354503476
JPN,2013,C21,24238.2,5021254.0,0.0048271208745863
JPN,2013,C22,21930.8,5021254.0,0.0043675942304452
JPN,2013,C23,4696.499999999999,5021254.0,0.0009353241242127
JPN,2013,C24,30171.7,5021254.0,0.0060087978023019
JPN,2013,C25,6546.0,5021254.0,0.0013036584088357
JPN,2013,C26,169351.2,5021254.0,0.0337268738048304
JPN,2013,C27,73533.09999999999,5021254.0,0.014644369713223
JPN,2013,C28,216082.3,5021254.0,0.0430335330576784
JPN,2013,C29,254261.7,5021254.0,0.0506370918499641
JPN,2013,C30,32995.600000000006,5021254.0,0.006571187197461
JPN,2013,C31T33,44652.3,5021254.0,0.0088926590847624
JPN,2013,D,93379.5,5021254.0,0.0185968485163268
JPN,2013,E,55982.7,5021254.0,0.0111491472050607
JPN,2013,F,533174.0000000001,5021254.0,0.1061834354525782
JPN,2013,G,502080.6,5021254.0,0.0999910779259523
JPN,2013,H49,115272.19999999998,5021254.0,0.0229568550007627
JPN,2013,H50,1356.2000000000007,5021254.0,0.0002700918933796
JPN,2013,H51,10944.800000000005,5021254.0,0.0021796945543882
JPN,2013,H52,37046.7,5021254.0,0.007377977692425
JPN,2013,H53,1814.5,5021254.0,0.0003613639142732
JPN,2013,I,216086.0,5021254.0,0.0430342699254011
JPN,2013,J58T60,34842.8,5021254.0,0.0069390634291752
JPN,2013,J61,97052.3,5021254.0,0.0193282992654822
JPN,2013,J62_63,98716.2,5021254.0,0.0196596706719078
JPN,2013,K,165686.5,5021254.0,0.0329970361985273
JPN,2013,L,643144.6,5021254.0,0.1280844585834534
JPN,2013,M,109106.59999999998,5021254.0,0.0217289545599565
JPN,2013,N,48642.2,5021254.0,0.0096872613892864
JPN,2013,O,365137.9,5021254.0,0.0727184683348024
JPN,2013,P,210943.6,5021254.0,0.0420101432829329
JPN,2013,Q,540159.3999999999,5021254.0,0.1075746018823186
JPN,2013,R,65935.79999999997,5021254.0,0.0131313412944256
JPN,2013,S,91005.1,5021254.0,0.0181239785918019
JPN,2013,T,0.0,5021254.0,0.0
JPN,2013,employees_compensation,0.0,5021254.0,0.0
JPN,2014,A01_02,25846.80000000001,4700562.4,0.005498661181479
JPN,2014,A03,3115.5000000000005,4700562.4,0.0006627930308934
JPN,2014,B05_06,-210365.7,4700562.4,-0.0447533044131059
JPN,2014,B07_08,-47076.1,4700562.4,-0.0100149930995491
JPN,2014,B09,-214.5,4700562.4,-4.5632837466427416e-05
JPN,2014,C10T12,209215.2,4700562.4,0.0445085464666951
JPN,2014,C13T15,10232.899999999994,4700562.4,0.0021769522727748
JPN,2014,C16,-7172.299999999999,4700562.4,-0.0015258386953867
JPN,2014,C17_18,2267.7999999999997,4700562.4,0.0004824529081881
JPN,2014,C19,64512.50000000003,4700562.4,0.0137244215713421
JPN,2014,C20,34315.8,4700562.4,0.0073003604845241
JPN,2014,C21,21150.200000000004,4700562.4,0.0044995041444402
JPN,2014,C22,20661.4,4700562.4,0.004395516587547
JPN,2014,C23,4103.099999999999,4700562.4,0.0008728955496899
JPN,2014,C24,24733.300000000003,4700562.4,0.0052617746336055
JPN,2014,C25,5930.5,4700562.4,0.0012616575412337
JPN,2014,C26,171712.7,4700562.4,0.0365302458276056
JPN,2014,C27,72970.90000000001,4700562.4,0.0155238658250765
JPN,2014,C28,209810.8,4700562.4,0.044635254709096
JPN,2014,C29,245859.1,4700562.4,0.0523041881116183
JPN,2014,C30,30730.5,4700562.4,0.0065376219662566
JPN,2014,C31T33,41608.2,4700562.4,0.008851749314082
JPN,2014,D,89497.09999999999,4700562.4,0.0190396578928512
JPN,2014,E,53299.9,4700562.4,0.0113390474297288
JPN,2014,F,495986.9,4700562.4,0.1055165015998936
JPN,2014,G,450633.3,4700562.4,0.0958679540133325
JPN,2014,H49,110775.2,4700562.4,0.0235663715473705
JPN,2014,H50,5279.999999999996,4700562.4,0.0011232698453274
JPN,2014,H51,11449.9,4700562.4,0.0024358574625027
JPN,2014,H52,37479.09999999999,4700562.4,0.0079733225113658
JPN,2014,H53,1735.4000000000003,4700562.4,0.0003691898654509
JPN,2014,I,204136.6,4700562.4,0.0434281225582708
JPN,2014,J58T60,41483.0,4700562.4,0.0088251142033557
JPN,2014,J61,93207.5,4700562.4,0.019829010247795
JPN,2014,J62_63,85250.1,4700562.4,0.0181361489850661
JPN,2014,K,148254.80000000002,4700562.4,0.0315398004289869
JPN,2014,L,592852.0000000001,4700562.4,0.1261236315041791
JPN,2014,M,102074.5,4700562.4,0.0217153802702417
JPN,2014,N,56832.2,4700562.4,0.0120905107014428
JPN,2014,O,339336.0,4700562.4,0.0721905106503851
JPN,2014,P,196862.8,4700562.4,0.0418806907020317
JPN,2014,Q,505992.70000000007,4700562.4,0.1076451405048893
JPN,2014,R,62162.100000000006,4700562.4,0.0132243962977706
JPN,2014,S,82032.70000000001,4700562.4,0.0174516776971198
JPN,2014,T,0.0,4700562.4,0.0
JPN,2014,employees_compensation,0.0,4700562.4,0.0
JPN,2015,A01_02,22777.6,4245526.600000001,0.005365082390486
JPN,2015,A03,2935.6,4245526.600000001,0.000691457215225
JPN,2015,B05_06,-105506.4,4245526.600000001,-0.0248511927825396
JPN,2015,B07_08,-35068.6,4245526.600000001,-0.0082601296150164
JPN,2015,B09,-67.90000000000003,4245526.600000001,-1.5993304576162594e-05
JPN,2015,C10T12,190159.8,4245526.600000001,0.0447906273864825
JPN,2015,C13T15,9752.199999999995,4245526.600000001,0.0022970530911289
JPN,2015,C16,-6135.8,4245526.600000001,-0.0014452388544686
JPN,2015,C17_18,2637.8,4245526.600000001,0.0006213127954492
JPN,2015,C19,41576.9,4245526.600000001,0.009793107879715
JPN,2015,C20,25757.300000000003,4245526.600000001,0.0060669270097141
JPN,2015,C21,17098.2,4245526.600000001,0.0040273449234778
JPN,2015,C22,17257.6,4245526.600000001,0.004064890324795
JPN,2015,C23,3199.699999999999,4245526.600000001,0.000753663868223
JPN,2015,C24,23215.800000000003,4245526.600000001,0.0054682969128022
JPN,2015,C25,4848.200000000001,4245526.600000001,0.0011419549226237
JPN,2015,C26,155644.10000000003,4245526.600000001,0.0366607289658719
JPN,2015,C27,58511.000000000015,4245526.600000001,0.0137818003542834
JPN,2015,C28,191467.0,4245526.600000001,0.0450985279423287
JPN,2015,C29,216937.8,4245526.600000001,0.051097972157329
JPN,2015,C30,29905.2,4245526.600000001,0.0070439318411054
JPN,2015,C31T33,39175.5,4245526.600000001,0.0092274772227313
JPN,2015,D,76348.8,4245526.600000001,0.0179833521712006
JPN,2015,E,47987.4,4245526.600000001,0.011303050132815
JPN,2015,F,439426.00000000006,4245526.600000001,0.103503296858392
JPN,2015,G,398221.1000000001,4245526.600000001,0.0937978106178866
JPN,2015,H49,97730.3,4245526.600000001,0.0230195943184056
JPN,2015,H50,4582.600000000002,4245526.600000001,0.0010793949565643
JPN,2015,H51,11125.399999999998,4245526.600000001,0.0026204994216736
JPN,2015,H52,34513.200000000004,4245526.600000001,0.0081293095655083
JPN,2015,H53,1449.3999999999996,4245526.600000001,0.0003413946340602
JPN,2015,I,183323.1,4245526.600000001,0.0431802971155568
JPN,2015,J58T60,41741.09999999999,4245526.600000001,0.0098317838828285
JPN,2015,J61,82160.39999999998,4245526.600000001,0.0193522282960139
JPN,2015,J62_63,71557.9,4245526.600000001,0.0168548938075196
JPN,2015,K,137134.4,4245526.600000001,0.0323009164516835
JPN,2015,L,516582.0999999999,4245526.600000001,0.1216768021191999
JPN,2015,M,89998.3,4245526.600000001,0.0211983832582747
JPN,2015,N,53751.0,4245526.600000001,0.0126606202396659
JPN,2015,O,298973.10000000003,4245526.600000001,0.0704207341440282
JPN,2015,P,172755.9,4245526.600000001,0.0406912772611058
JPN,2015,Q,455603.00000000006,4245526.600000001,0.1073136604538056
JPN,2015,R,54439.3,4245526.600000001,0.0128227438264077
JPN,2015,S,70044.2,4245526.600000001,0.0164983538202304
JPN,2015,T,0.0,4245526.600000001,0.0
JPN,2015,employees_compensation,0.0,4245526.600000001,0.0
JPN,2016,A01_02,30121.500000000004,4778426.5,0.0063036440970683
JPN,2016,A03,3461.2,4778426.5,0.0007243388592458
JPN,2016,B05_06,-96797.4,4778426.5,-0.0202571704304753
JPN,2016,B07_08,-28812.3,4778426.5,-0.0060296626933573
JPN,2016,B09,-17.799999999999955,4778426.5,-3.7250756080479537e-06
JPN,2016,C10T12,213025.1,4778426.5,0.044580595725392
JPN,2016,C13T15,9918.799999999996,4778426.5,0.002075746064107
JPN,2016,C16,-5785.8,4778426.5,-0.001210816991744
JPN,2016,C17_18,3068.9,4778426.5,0.0006422407041313
JPN,2016,C19,44194.49999999999,4778426.5,0.0092487558404424
JPN,2016,C20,28455.9,4778426.5,0.0059550774716321
JPN,2016,C21,22804.899999999998,4778426.5,0.0047724706030321
JPN,2016,C22,17799.300000000003,4778426.5,0.0037249291163105
JPN,2016,C23,3566.4000000000005,4778426.5,0.0007463544746372
JPN,2016,C24,20248.5,4778426.5,0.0042374827780651
JPN,2016,C25,5954.699999999999,4778426.5,0.0012461633552383
JPN,2016,C26,159386.49999999994,4778426.5,0.0333554361461874
JPN,2016,C27,64976.9,4778426.5,0.0135979699593579
JPN,2016,C28,209407.3,4778426.5,0.0438234845717518
JPN,2016,C29,239792.3,4778426.5,0.0501822723442539
JPN,2016,C30,32108.4,4778426.5,0.0067194504299689
JPN,2016,C31T33,42173.30000000001,4778426.5,0.0088257714124095
JPN,2016,D,77673.0,4778426.5,0.0162549324552758
JPN,2016,E,53238.9,4778426.5,0.0111415127971519
JPN,2016,F,509232.1,4778426.5,0.1065689929519686
JPN,2016,G,446389.1000000001,4778426.5,0.0934175925903642
JPN,2016,H49,111742.0,4778426.5,0.0233846853142975
JPN,2016,H50,4770.4000000000015,4778426.5,0.0009983202629568
JPN,2016,H51,12245.4,4778426.5,0.0025626427444264
JPN,2016,H52,39076.100000000006,4778426.5,0.0081776082566091
JPN,2016,H53,1492.0,4778426.5,0.0003122366745622
JPN,2016,I,207739.8,4778426.5,0.0434745203258855
JPN,2016,J58T60,46399.9,4778426.5,0.0097102885228013
JPN,2016,J61,95236.4,4778426.5,0.0199304938560842
JPN,2016,J62_63,83483.80000000002,4778426.5,0.0174709812947839
JPN,2016,K,151313.4,4778426.5,0.0316659469388092
JPN,2016,L,573498.6,4778426.5,0.1200182947252615
JPN,2016,M,102793.0,4778426.5,0.0215118930886558
JPN,2016,N,57317.9,4778426.5,0.0119951410783445
JPN,2016,O,336874.50000000006,4778426.5,0.070499043984458
JPN,2016,P,192707.10000000003,4778426.5,0.0403285684105426
JPN,2016,Q,521886.0999999999,4778426.5,0.1092171450162516
JPN,2016,R,57773.2,4778426.5,0.0120904234898245
JPN,2016,S,76492.70000000003,4778426.5,0.0160079264586365
JPN,2016,T,0.0,4778426.5,0.0
JPN,2016,employees_compensation,0.0,4778426.5,0.0
JPN,2017,A01_02,28199.50000000001,4714299.4,0.0059816947561709
JPN,2017,A03,3661.3000000000006,4714299.4,0.0007766371393382
JPN,2017,B05_06,-117919.1,4714299.4,-0.0250130698105427
JPN,2017,B07_08,-33605.8,4714299.4,-0.0071284823361027
JPN,2017,B09,-2.8999999999999773,4714299.4,-6.15149729353205e-07
JPN,2017,C10T12,207921.3,4714299.4,0.044104390145437
JPN,2017,C13T15,8984.5,4714299.4,0.0019057974977151
JPN,2017,C16,-5955.5,4714299.4,-0.0012632842114355
JPN,2017,C17_18,3970.7999999999993,4714299.4,0.0008422884639019
JPN,2017,C19,47833.5,4714299.4,0.0101464705444885
JPN,2017,C20,32534.4,4714299.4,0.0069012163291962
JPN,2017,C21,23854.5,4714299.4,0.0050600307651228
JPN,2017,C22,18768.2,4714299.4,0.0039811217760161
JPN,2017,C23,3594.500000000002,4714299.4,0.0007624674835034
JPN,2017,C24,23509.6,4714299.4,0.004986870371449
JPN,2017,C25,6016.299999999999,4714299.4,0.0012761811436923
JPN,2017,C26,164663.8,4714299.4,0.0349285834497486
JPN,2017,C27,65945.20000000001,4714299.4,0.0139883351490149
JPN,2017,C28,224805.0,4714299.4,0.0476857706576718
JPN,2017,C29,245704.00000000003,4714299.4,0.0521188790003452
JPN,2017,C30,33036.399999999994,4714299.4,0.0070077008685532
JPN,2017,C31T33,40811.4,4714299.4,0.0086569385050088
JPN,2017,D,76721.4,4714299.4,0.0162741891191721
JPN,2017,E,52880.4,4714299.4,0.0112170219820998
JPN,2017,F,508514.4,4714299.4,0.1078663777697275
JPN,2017,G,437398.4,4714299.4,0.0927812094412162
JPN,2017,H49,110576.6,4714299.4,0.0234555743319993
JPN,2017,H50,5492.800000000007,4714299.4,0.0011651360115142
JPN,2017,H51,12843.999999999996,4714299.4,0.0027244769392457
JPN,2017,H52,38084.99999999999,4714299.4,0.0080786129111782
JPN,2017,H53,1799.2,4714299.4,0.0003816473769145
JPN,2017,I,203626.9,4714299.4,0.0431934594565631
JPN,2017,J58T60,41347.09999999999,4714299.4,0.0087705715084621
JPN,2017,J61,92638.8,4714299.4,0.0196505974991745
JPN,2017,J62_63,82875.7,4714299.4,0.0175796429051578
JPN,2017,K,149253.90000000002,4714299.4,0.0316598262723831
JPN,2017,L,555404.6,4714299.4,0.1178127549556992
JPN,2017,M,99010.9,4714299.4,0.0210022511510405
JPN,2017,N,59106.7,4714299.4,0.0125377484510211
JPN,2017,O,325368.9,4714299.4,0.0690174450948108
JPN,2017,P,188085.50000000003,4714299.4,0.0398968084207804
JPN,2017,Q,514649.8,4714299.4,0.1091678224764426
JPN,2017,R,56403.3,4714299.4,0.0119643016309061
JPN,2017,S,75884.2,4714299.4,0.0160966017559258
JPN,2017,T,0.0,4714299.4,0.0
JPN,2017,employees_compensation,0.0,4714299.4,0.0
JPN,2018,A01_02,27129.399999999998,4822687.899999999,0.0056253692054175
JPN,2018,A03,3468.5000000000005,4822687.899999999,0.0007192047405763
JPN,2018,B05_06,-146046.1,4822687.899999999,-0.0302831331880298
JPN,2018,B07_08,-34434.3,4822687.899999999,-0.0071400639464975
JPN,2018,B09,-69.30000000000001,4822687.899999999,-1.436958008416842e-05
JPN,2018,C10T12,215072.99999999997,4822687.899999999,0.0445960851001782
JPN,2018,C13T15,9339.699999999995,4822687.899999999,0.0019366171300448
JPN,2018,C16,-6522.5,4822687.899999999,-0.0013524615598699
JPN,2018,C17_18,4537.6,4822687.899999999,0.0009408860979786
JPN,2018,C19,50347.19999999999,4822687.899999999,0.0104396554460843
JPN,2018,C20,34422.59999999999,4822687.899999999,0.0071376379134963
JPN,2018,C21,22537.200000000004,4822687.899999999,0.0046731616200998
JPN,2018,C22,19968.1,4822687.899999999,0.0041404503907457
JPN,2018,C23,4129.200000000001,4822687.899999999,0.0008562030315086
JPN,2018,C24,24228.399999999998,4822687.899999999,0.005023837433063
JPN,2018,C25,6326.799999999999,4822687.899999999,0.0013118825292426
JPN,2018,C26,172173.50000000003,4822687.899999999,0.0357007344389837
JPN,2018,C27,72534.20000000001,4822687.899999999,0.0150402019587458
JPN,2018,C28,240004.3,4822687.899999999,0.0497656711312378
JPN,2018,C29,249964.8,4822687.899999999,0.051831013157621
JPN,2018,C30,34217.600000000006,4822687.899999999,0.0070951304976629
JPN,2018,C31T33,40147.5,4822687.899999999,0.0083247145227871
JPN,2018,D,80121.79999999999,4822687.899999999,0.0166135154630263
JPN,2018,E,53730.4,4822687.899999999,0.0111411729546089
JPN,2018,F,516976.4000000001,4822687.899999999,0.1071967356626996
JPN,2018,G,452926.3,4822687.899999999,0.0939157393950373
JPN,2018,H49,111459.0,4822687.899999999,0.0231113856652428
JPN,2018,H50,7307.199999999997,4822687.899999999,0.0015151716535502
JPN,2018,H51,13669.3,4822687.899999999,0.0028343737524462
JPN,2018,H52,39410.4,4822687.899999999,0.0081718744437101
JPN,2018,H53,1651.5,4822687.899999999,0.0003424438890188
JPN,2018,I,203733.5,4822687.899999999,0.0422448029448474
JPN,2018,J58T60,41711.4,4822687.899999999,0.008648994267284
JPN,2018,J61,99273.7,4822687.899999999,0.0205847241327808
JPN,2018,J62_63,79225.0,4822687.899999999,0.0164275610702488
JPN,2018,K,156953.80000000005,4822687.899999999,0.0325448802108882
JPN,2018,L,564076.0999999997,4822687.899999999,0.1169630114360085
JPN,2018,M,102818.89999999998,4822687.899999999,0.0213198328674762
JPN,2018,N,59084.49999999999,4822687.899999999,0.0122513629795533
JPN,2018,O,335293.2,4822687.899999999,0.0695241340415165
JPN,2018,P,192982.6,4822687.899999999,0.0400155689112704
JPN,2018,Q,533439.1,4822687.899999999,0.1106103299780191
JPN,2018,R,56882.40000000001,4822687.899999999,0.0117947503922034
JPN,2018,S,76484.0,4822687.899999999,0.015859205817569
JPN,2018,T,0.0,4822687.899999999,0.0
JPN,2018,employees_compensation,0.0,4822687.899999999,0.0
JPN,2019,A01_02,26116.3,4892299.3,0.0053382465786588
JPN,2019,A03,3437.8000000000006,4892299.3,0.0007026961739646
JPN,2019,B05_06,-129578.8,4892299.3,-0.0264862781391972
JPN,2019,B07_08,-34908.7,4892299.3,-0.0071354383408226
JPN,2019,B09,-68.69999999999999,4892299.3,-1.4042476918777228e-05
JPN,2019,C10T12,218604.7,4892299.3,0.0446834272792754
JPN,2019,C13T15,9455.899999999994,4892299.3,0.0019328130639922
JPN,2019,C16,-6222.799999999999,4892299.3,-0.0012719581567709
JPN,2019,C17_18,3740.7,4892299.3,0.0007646098021844
JPN,2019,C19,51622.49999999999,4892299.3,0.0105517869685528
JPN,2019,C20,35387.700000000004,4892299.3,0.007233347313808
JPN,2019,C21,22356.0,4892299.3,0.0045696304802937
JPN,2019,C22,19413.900000000005,4892299.3,0.0039682568071826
JPN,2019,C23,3644.2000000000007,4892299.3,0.0007448849255809
JPN,2019,C24,21165.7,4892299.3,0.0043263297484681
JPN,2019,C25,5634.199999999999,4892299.3,0.0011516466296328
JPN,2019,C26,160225.90000000002,4892299.3,0.0327506332247497
JPN,2019,C27,70149.6,4892299.3,0.0143387793138494
JPN,2019,C28,229561.1,4892299.3,0.0469229468442374
JPN,2019,C29,248522.5,4892299.3,0.0507987113543932
JPN,2019,C30,30751.1,4892299.3,0.0062856129836537
JPN,2019,C31T33,40364.7,4892299.3,0.0082506603796705
JPN,2019,D,81672.90000000002,4892299.3,0.0166941748637496
JPN,2019,E,55668.40000000001,4892299.3,0.0113787805255496
JPN,2019,F,538504.2999999999,4892299.3,0.1100718224659721
JPN,2019,G,453695.0,4892299.3,0.0927365584521781
JPN,2019,H49,114410.6,4892299.3,0.0233858545817096
JPN,2019,H50,9117.800000000005,4892299.3,0.0018637044548766
JPN,2019,H51,13599.000000000004,4892299.3,0.002779674579599
JPN,2019,H52,40508.7,4892299.3,0.008280094392426
JPN,2019,H53,1717.2000000000005,4892299.3,0.0003510006021095
JPN,2019,I,204985.0,4892299.3,0.0418995215603427
JPN,2019,J58T60,44246.1,4892299.3,0.0090440296651515
JPN,2019,J61,99000.4,4892299.3,0.0202359655305635
JPN,2019,J62_63,78328.29999999999,4892299.3,0.0160105290369295
JPN,2019,K,156414.8,4892299.3,0.0319716334607737
JPN,2019,L,572306.1000000001,4892299.3,0.1169810072740235
JPN,2019,M,102190.7,4892299.3,0.0208880719951046
JPN,2019,N,62608.8,4892299.3,0.0127974181792189
JPN,2019,O,347570.0,4892299.3,0.0710443042599621
JPN,2019,P,196201.20000000004,4892299.3,0.0401040876628296
JPN,2019,Q,553575.7,4892299.3,0.1131524598259963
JPN,2019,R,57387.4,4892299.3,0.0117301490528185
JPN,2019,S,79215.4,4892299.3,0.0161918548196754
JPN,2019,T,0.0,4892299.3,0.0
JPN,2019,employees_compensation,0.0,4892299.3,0.0
JPN,2020,A01_02,30335.099999999995,4811584.4,0.0063045968808112
JPN,2020,A03,3715.0,4811584.4,0.0007720949465211
JPN,2020,B05_06,-85529.5,4811584.4,-0.0177757455527538
JPN,2020,B07_08,-32152.9,4811584.4,-0.0066823934336473
JPN,2020,B09,-75.0,4811584.4,-1.5587381154531966e-05
JPN,2020,C10T12,199233.8,4811584.4,0.0414071090595438
JPN,2020,C13T15,5918.799999999996,4811584.4,0.0012301145543659
JPN,2020,C16,-5454.4,4811584.4,-0.001133597490257
JPN,2020,C17_18,2456.7,4811584.4,0.0005105802570978
JPN,2020,C19,33186.3,4811584.4,0.0068971667627819
JPN,2020,C20,26943.999999999996,4811584.4,0.0055998186377027
JPN,2020,C21,16722.6,4811584.4,0.0034754872012636
JPN,2020,C22,14672.3,4811584.4,0.0030493697668485
JPN,2020,C23,2123.4000000000005,4811584.4,0.0004413099352471
JPN,2020,C24,14476.1,4811584.4,0.0030085931777482
JPN,2020,C25,3236.7999999999997,4811584.4,0.0006727098042798
JPN,2020,C26,145638.00000000003,4811584.4,0.0302682002211163
JPN,2020,C27,61599.19999999999,4811584.4,0.0128022694561899
JPN,2020,C28,193214.7,4811584.4,0.0401561489807806
JPN,2020,C29,224440.9,4811584.4,0.0466459447328825
JPN,2020,C30,25586.0,4811584.4,0.0053175831229313
JPN,2020,C31T33,96012.10000000002,4811584.4,0.0199543626419605
JPN,2020,D,82316.19999999998,4811584.4,0.0171079197945691
JPN,2020,E,55251.49999999999,4811584.4,0.0114830158647949
JPN,2020,F,554295.7000000001,4811584.4,0.115200244642908
JPN,2020,G,454441.2,4811584.4,0.0944473092896385
JPN,2020,H49,84799.40000000002,4811584.4,0.0176240075930082
JPN,2020,H50,6520.4000000000015,4811584.4,0.0013551461344001
JPN,2020,H51,12027.4,4811584.4,0.0024996755746402
JPN,2020,H52,34534.1,4811584.4,0.0071772823937162
JPN,2020,H53,1257.1,4811584.4,0.0002612652913248
JPN,2020,I,145509.29999999996,4811584.4,0.0302414522750551
JPN,2020,J58T60,45081.59999999999,4811584.4,0.0093693877634153
JPN,2020,J61,94704.6,4811584.4,0.0196826226304998
JPN,2020,J62_63,71837.9,4811584.4,0.014930196381882
JPN,2020,K,154168.29999999996,4811584.4,0.032041067387283
JPN,2020,L,598891.9,4811584.4,0.1244687508754912
JPN,2020,M,100656.2,4811584.4,0.020919554066224
JPN,2020,N,55039.9,4811584.4,0.0114390386667643
JPN,2020,O,375844.00000000006,4811584.4,0.0781123157685855
JPN,2020,P,207604.3,4811584.4,0.043146764712264
JPN,2020,Q,582051.7,4811584.4,0.1209688226605772
JPN,2020,R,49554.100000000006,4811584.4,0.0102989152595972
JPN,2020,S,68897.6,4811584.4,0.0143191086910997
JPN,2020,T,0.0,4811584.4,0.0
JPN,2020,employees_compensation,0.0,4811584.4,0.0
CAN,2021,A01_02,31177.544013335806,1924568.4013855332,0.016199758860683
CAN,2021,A03,1680.1457346828622,1924568.4013855332,0.0008729987115414
CAN,2021,B05_06,56972.636423704964,1924568.4013855332,0.0296028119253591
CAN,2021,B07_08,11762.363770776961,1924568.4013855332,0.0061116891258887
CAN,2021,B09,3083.6262502414365,1924568.4013855332,0.0016022430005717
CAN,2021,C10T12,78363.56056001154,1924568.4013855332,0.0407174722933184
CAN,2021,C13T15,-258.09872318308385,1924568.4013855332,-0.0001341073266075
CAN,2021,C16,8091.81638239269,1924568.4013855332,0.0042044836528373
CAN,2021,C17_18,12080.070717771372,1924568.4013855332,0.0062767687077657
CAN,2021,C19,11068.196688973616,1924568.4013855332,0.0057510019810184
CAN,2021,C20,2460.7936002125566,1924568.4013855332,0.001278621013647
CAN,2021,C21,3541.314804793045,1924568.4013855332,0.0018400566081432
CAN,2021,C22,2854.9651949651256,1924568.4013855332,0.0014834313983903
CAN,2021,C23,1056.7023446558,1924568.4013855332,0.0005490593859356
CAN,2021,C24,18649.312284982432,1924568.4013855332,0.0096901270287699
CAN,2021,C25,-2331.0724246229374,1924568.4013855332,-0.001211218277794
CAN,2021,C26,-7187.188297255443,1924568.4013855332,-0.0037344415984806
CAN,2021,C27,-4673.993205208612,1924568.4013855332,-0.0024285929260003
CAN,2021,C28,880.931373212156,1924568.4013855332,0.0004577293135323
CAN,2021,C29,28482.714845863855,1924568.4013855332,0.0147995336644614
CAN,2021,C30,11745.38519883053,1924568.4013855332,0.0061028671105557
CAN,2021,C31T33,15913.685685639559,1924568.4013855332,0.0082687036086548
CAN,2021,D,29456.47869878223,1924568.4013855332,0.0153054984575118
CAN,2021,E,5073.295015945067,1924568.4013855332,0.0026360689556644
CAN,2021,F,270076.5560253187,1924568.4013855332,0.1403309728201323
CAN,2021,G,145961.48502609177,1924568.4013855332,0.0758411521882056
CAN,2021,H49,27871.608403797734,1924568.4013855332,0.0144820045802126
CAN,2021,H50,-592.0513541263365,1924568.4013855332,-0.0003076281174003
CAN,2021,H51,5317.9574591708315,1924568.4013855332,0.0027631948312891
CAN,2021,H52,7665.764159741003,1924568.4013855332,0.0039831081889437
CAN,2021,H53,1469.073991350972,1924568.4013855332,0.000763326463374
CAN,2021,I,52904.98588857738,1924568.4013855332,0.0274892728418954
CAN,2021,J58T60,19457.199154425944,1924568.4013855332,0.0101099026360499
CAN,2021,J61,35516.72955160418,1924568.4013855332,0.0184543867217372
CAN,2021,J62_63,24417.385122729025,1924568.4013855332,0.0126872004679857
CAN,2021,K,87060.74242848846,1924568.4013855332,0.0452365020468027
CAN,2021,L,289162.3031129202,1924568.4013855332,0.1502478700703736
CAN,2021,M,14196.284811074494,1924568.4013855332,0.0073763472375699
CAN,2021,N,19701.86159765171,1924568.4013855332,0.0102370285116746
CAN,2021,O,245489.6294791263,1924568.4013855332,0.1275556791342899
CAN,2021,P,129996.25288461533,1924568.4013855332,0.067545665194871
CAN,2021,Q,180219.35729367987,1924568.4013855332,0.0936414404205829
CAN,2021,R,17281.987577309483,1924568.4013855332,0.0089796691896572
CAN,2021,S,28748.50889302277,1924568.4013855332,0.0149376394584501
CAN,2021,T,2699.592939456848,1924568.4013855332,0.0014027004379337
CAN,2021,employees_compensation,0.0,1924568.4013855332,0.0
CAN,2022,A01_02,33767.93885533425,2084471.6977417131,0.016199758860683
CAN,2022,A03,1819.74110637303,2084471.6977417131,0.0008729987115414
CAN,2022,B05_06,61706.22363198192,2084471.6977417131,0.0296028119253591
CAN,2022,B07_08,12739.643008310784,2084471.6977417131,0.0061116891258887
CAN,2022,B09,3339.830187596468,2084471.6977417131,0.0016022430005717
CAN,2022,C10T12,84874.41859900458,2084471.6977417131,0.0407174722933184
CAN,2022,C13T15,-279.54292677313794,2084471.6977417131,-0.0001341073266075
CAN,2022,C16,8764.127177957047,2084471.6977417131,0.0042044836528373
CAN,2022,C17_18,13083.746724608427,2084471.6977417131,0.0062767687077657
CAN,2022,C19,11987.80086308938,2084471.6977417131,0.0057510019810184
CAN,2022,C20,2665.2493150849923,2084471.6977417131,0.001278621013647
CAN,2022,C21,3835.5459219171144,2084471.6977417131,0.0018400566081432
CAN,2022,C22,3092.1707654859924,2084471.6977417131,0.0014834313983903
CAN,2022,C23,1144.4987503622026,2084471.6977417131,0.0005490593859356
CAN,2022,C24,20198.795538992854,2084471.6977417131,0.0096901270287699
CAN,2022,C25,-2524.7502198490533,2084471.6977417131,-0.001211218277794
CAN,2022,C26,-7784.337818902133,2084471.6977417131,-0.0037344415984806
CAN,2022,C27,-5062.33321958336,2084471.6977417131,-0.0024285929260003
CAN,2022,C28,954.1237992848222,2084471.6977417131,0.0004577293135323
CAN,2022,C29,30849.20906334549,2084471.6977417131,0.0147995336644614
CAN,2022,C30,12721.253767032103,2084471.6977417131,0.0061028671105557
CAN,2022,C31T33,17235.8786492557,2084471.6977417131,0.0082687036086548
CAN,2022,D,31903.87835451279,2084471.6977417131,0.0153054984575118
CAN,2022,E,5494.811131377997,2084471.6977417131,0.0026360689556644
CAN,2022,F,292515.94116012735,2084471.6977417131,0.1403309728201323
CAN,2022,G,158088.73526043657,2084471.6977417131,0.0758411521882056
CAN,2022,H49,30187.328674019023,2084471.6977417131,0.0144820045802126
CAN,2022,H50,-641.2421041504904,2084471.6977417131,-0.0003076281174003
CAN,2022,H51,5759.801421168318,2084471.6977417131,0.0027631948312891
CAN,2022,H52,8302.676288896395,2084471.6977417131,0.0039831081889437
CAN,2022,H53,1591.1324090403793,2084471.6977417131,0.000763326463374
CAN,2022,I,57300.61123043087,2084471.6977417131,0.0274892728418954
CAN,2022,J58T60,21073.805911770356,2084471.6977417131,0.0101099026360499
CAN,2022,J61,38467.64682064167,2084471.6977417131,0.0184543867217372
CAN,2022,J62_63,26446.110299091608,2084471.6977417131,0.0126872004679857
CAN,2022,K,94294.2082213953,2084471.6977417131,0.0452365020468027
CAN,2022,L,313187.432807668,2084471.6977417131,0.1502478700703736
CAN,2022,M,15375.787049429724,2084471.6977417131,0.0073763472375699
CAN,2022,N,21338.79620156068,2084471.6977417131,0.0102370285116746
CAN,2022,O,265886.2030416505,2084471.6977417131,0.1275556791342899
CAN,2022,P,140797.0274038461,2084471.6977417131,0.067545665194871
CAN,2022,Q,195192.9322924719,2084471.6977417131,0.0936414404205829
CAN,2022,R,18717.8662809237,2084471.6977417131,0.0089796691896572
CAN,2022,S,31137.086682209083,2084471.6977417131,0.0149376394584501
CAN,2022,T,2923.889363282704,2084471.6977417131,0.0014027004379337
CAN,2022,employees_compensation,0.0,2084471.6977417131,0.0
CAN,2023,A01_02,33504.78322864311,2068227.2814541457,0.016199758860683
CAN,2023,A03,1805.5597518842415,2068227.2814541457,0.0008729987115414
CAN,2023,B05_06,61225.343231783816,2068227.2814541457,0.0296028119253591
CAN,2023,B07_08,12640.362185929649,2068227.2814541457,0.0061116891258887
CAN,2023,B09,3313.8026853013403,2068227.2814541457,0.0016022430005717
CAN,2023,C10T12,84212.98702889442,2068227.2814541457,0.0407174722933184
CAN,2023,C13T15,-277.364431532513,2068227.2814541457,-0.0001341073266075
CAN,2023,C16,8695.827795226085,2068227.2814541457,0.0042044836528373
CAN,2023,C17_18,12981.784280778704,2068227.2814541457,0.0062767687077657
CAN,2023,C19,11894.379192839091,2068227.2814541457,0.0057510019810184
CAN,2023,C20,2644.478863065279,2068227.2814541457,0.001278621013647
CAN,2023,C21,3805.6552763817467,2068227.2814541457,0.0018400566081432
CAN,2023,C22,3068.073288316492,2068227.2814541457,0.0014834313983903
CAN,2023,C23,1135.5796011304685,2068227.2814541457,0.0005490593859356
CAN,2023,C24,20041.385081658107,2068227.2814541457,0.0096901270287699
CAN,2023,C25,-2505.074685929457,2068227.2814541457,-0.001211218277794
CAN,2023,C26,-7723.673994974805,2068227.2814541457,-0.0037344415984806
CAN,2023,C27,-5022.88214510037,2068227.2814541457,-0.0024285929260003
CAN,2023,C28,946.6882537687811,2068227.2814541457,0.0004577293135323
CAN,2023,C29,30608.79927763811,2068227.2814541457,0.0147995336644614
CAN,2023,C30,12622.116253140532,2068227.2814541457,0.0061028671105557
CAN,2023,C31T33,17101.558385678203,2068227.2814541457,0.0082687036086548
CAN,2023,D,31655.24946608025,2068227.2814541457,0.0153054984575118
CAN,2023,E,5451.989729899451,2068227.2814541457,0.0026360689556644
CAN,2023,F,290236.3464195978,2068227.2814541457,0.1403309728201323
CAN,2023,G,156856.7400125626,2068227.2814541457,0.0758411521882056
CAN,2023,H49,29952.07696293959,2068227.2814541457,0.0144820045802126
CAN,2023,H50,-636.2448649496793,2068227.2814541457,-0.0003076281174003
CAN,2023,H51,5714.914934045202,2068227.2814541457,0.0027631948312891
CAN,2023,H52,8237.973021356775,2068227.2814541457,0.0039831081889437
CAN,2023,H53,1578.7326162060156,2068227.2814541457,0.000763326463374
CAN,2023,I,56854.0640389446,2068227.2814541457,0.0274892728418954
CAN,2023,J58T60,20909.57644472359,2068227.2814541457,0.0101099026360499
CAN,2023,J61,38167.86608040202,2068227.2814541457,0.0184543867217372
CAN,2023,J62_63,26240.014133165827,2068227.2814541457,0.0126872004679857
CAN,2023,K,93559.36765075364,2068227.2814541457,0.0452365020468027
CAN,2023,L,310746.7438599245,2068227.2814541457,0.1502478700703736
CAN,2023,M,15255.962594220991,2068227.2814541457,0.0073763472375699
CAN,2023,N,21172.50164886934,2068227.2814541457,0.0102370285116746
CAN,2023,O,263814.13548994967,2068227.2814541457,0.1275556791342899
CAN,2023,P,139699.78749999995,2068227.2814541457,0.067545665194871
CAN,2023,Q,193671.7817525125,2068227.2814541457,0.0936414404205829
CAN,2023,R,18571.996796482264,2068227.2814541457,0.0089796691896572
CAN,2023,S,30894.433448492426,2068227.2814541457,0.0149376394584501
CAN,2023,T,2901.103313442156,2068227.2814541457,0.0014027004379337
CAN,2023,employees_compensation,0.0,2068227.2814541457,0.0
CAN,2024,A01_02,34551.70171772312,2132852.8415062088,0.016199758860683
CAN,2024,A03,1861.977782542334,2132852.8415062088,0.0008729987115414
CAN,2024,B05_06,63138.44153157604,2132852.8415062088,0.0296028119253591
CAN,2024,B07_08,13035.333518554311,2132852.8415062088,0.0061116891258887
CAN,2024,B09,3417.3485365527845,2132852.8415062088,0.0016022430005717
CAN,2024,C10T12,86844.37647975449,2132852.8415062088,0.0407174722933184
CAN,2024,C13T15,-286.0311926216076,2132852.8415062088,-0.0001341073266075
CAN,2024,C16,8967.54490602044,2132852.8415062088,0.0042044836528373
CAN,2024,C17_18,13387.423973835326,2132852.8415062088,0.0062767687077657
CAN,2024,C19,12266.04091672293,2132852.8415062088,0.0057510019810184
CAN,2024,C20,2727.1104621665527,2132852.8415062088,0.001278621013647
CAN,2024,C21,3924.5699652105004,2132852.8415062088,0.0018400566081432
CAN,2024,C22,3163.9408732362804,2132852.8415062088,0.0014834313983903
CAN,2024,C23,1171.0628714483985,2132852.8415062088,0.0005490593859356
CAN,2024,C24,20667.614967867998,2132852.8415062088,0.0096901270287699
CAN,2024,C25,-2583.3503454771894,2132852.8415062088,-0.001211218277794
CAN,2024,C26,-7965.014374758336,2132852.8415062088,-0.0037344415984806
CAN,2024,C27,-5179.8313230816175,2132852.8415062088,-0.0024285929260003
CAN,2024,C28,976.2692670080523,2132852.8415062088,0.0004577293135323
CAN,2024,C29,31565.22742921329,2132852.8415062088,0.0147995336644614
CAN,2024,C30,13016.51745808351,2132852.8415062088,0.0061028671105557
CAN,2024,C31T33,17635.927987292034,2132852.8415062088,0.0082687036086548
CAN,2024,D,32644.375875772937,2132852.8415062088,0.0153054984575118
CAN,2024,E,5622.34716249512,2132852.8415062088,0.0026360689556644
CAN,2024,F,299305.3141307497,2132852.8415062088,0.1403309728201323
CAN,2024,G,161758.01694771912,2132852.8415062088,0.0758411521882056
CAN,2024,H49,30887.984619612373,2132852.8415062088,0.0144820045802126
CAN,2024,H50,-656.1255043244354,2132852.8415062088,-0.0003076281174003
CAN,2024,H51,5893.487947550227,2132852.8415062088,0.0027631948312891
CAN,2024,H52,8495.38361881522,2132852.8415062088,0.0039831081889437
CAN,2024,H53,1628.0630164041208,2132852.8415062088,0.000763326463374
CAN,2024,I,58630.57369177606,2132852.8415062088,0.0274892728418954
CAN,2024,J58T60,21562.934564650142,2132852.8415062088,0.0101099026360499
CAN,2024,J61,39360.491157711636,2132852.8415062088,0.0184543867217372
CAN,2024,J62_63,27059.9315689022,2132852.8415062088,0.0126872004679857
CAN,2024,K,96482.80193032457,2132852.8415062088,0.0452365020468027
CAN,2024,L,320456.596609852,2132852.8415062088,0.1502478700703736
CAN,2024,M,15732.663165587433,2132852.8415062088,0.0073763472375699
CAN,2024,N,21834.075349705246,2132852.8415062088,0.0102370285116746
CAN,2024,O,272057.4926918244,2132852.8415062088,0.1275556791342899
CAN,2024,P,144064.96394230763,2132852.8415062088,0.067545665194871
CAN,2024,Q,199723.41228377458,2132852.8415062088,0.0936414404205829
CAN,2024,R,19152.312946946116,2132852.8415062088,0.0089796691896572
CAN,2024,S,31859.78676435056,2132852.8415062088,0.0149376394584501
CAN,2024,T,2991.7536148288955,2132852.8415062088,0.0014027004379337
CAN,2024,employees_compensation,0.0,2132852.8415062088,0.0
CAN,2025,A01_02,35941.64371335794,2218653.007273381,0.016199758860683
CAN,2025,A03,1936.881216707114,2218653.007273381,0.0008729987115414
CAN,2025,B05_06,65678.36770194628,2218653.007273381,0.0296028119253591
CAN,2025,B07_08,13559.717458672985,2218653.007273381,0.0061116891258887
CAN,2025,B09,3554.8212516011276,2218653.007273381,0.0016022430005717
CAN,2025,C10T12,90337.94235214144,2218653.007273381,0.0407174722933184
CAN,2025,C13T15,-297.5376234751234,2218653.007273381,-0.0001341073266075
CAN,2025,C16,9328.290300399247,2218653.007273381,0.0042044836528373
CAN,2025,C17_18,13925.971769443824,2218653.007273381,0.0062767687077657
CAN,2025,C19,12759.477840021646,2218653.007273381,0.0057510019810184
CAN,2025,C20,2836.8163570908555,2218653.007273381,0.001278621013647
CAN,2025,C21,4082.4471272101678,2218653.007273381,0.0018400566081432
CAN,2025,C22,3291.219533122396,2218653.007273381,0.0014834313983903
CAN,2025,C23,1218.1722577776948,2218653.007273381,0.0005490593859356
CAN,2025,C24,21499.02947324141,2218653.007273381,0.0096901270287699
CAN,2025,C25,-2687.2730744921437,2218653.007273381,-0.001211218277794
CAN,2025,C26,-8285.430082955796,2218653.007273381,-0.0037344415984806
CAN,2025,C27,-5388.204998713426,2218653.007273381,-0.0024285929260003
CAN,2025,C28,1015.5425179856177,2218653.007273381,0.0004577293135323
CAN,2025,C29,32835.02987090092,2218653.007273381,0.0147995336644614
CAN,2025,C30,13540.144467824213,2218653.007273381,0.0061028671105557
CAN,2025,C31T33,18345.384127594232,2218653.007273381,0.0082687036086548
CAN,2025,D,33957.59018057665,2218653.007273381,0.0153054984575118
CAN,2025,E,5848.522315864822,2218653.007273381,0.0026360689556644
CAN,2025,F,311345.7348609856,2218653.007273381,0.1403309728201323
CAN,2025,G,168265.20037744052,2218653.007273381,0.0758411521882056
CAN,2025,H49,32130.543013235565,2218653.007273381,0.0144820045802126
CAN,2025,H50,-682.5200477920243,2218653.007273381,-0.0003076281174003
CAN,2025,H51,6130.570522121825,2218653.007273381,0.0027631948312891
CAN,2025,H52,8837.13496169517,2218653.007273381,0.0039831081889437
CAN,2025,H53,1693.5565534960795,2218653.007273381,0.000763326463374
CAN,2025,I,60989.15785842971,2218653.007273381,0.0274892728418954
CAN,2025,J58T60,22430.365886713196,2218653.007273381,0.0101099026360499
CAN,2025,J61,40943.8805975682,2218653.007273381,0.0184543867217372
CAN,2025,J62_63,28148.49547217672,2218653.007273381,0.0126872004679857
CAN,2025,K,100364.10130466726,2218653.007273381,0.0452365020468027
CAN,2025,L,333347.8887680546,2218653.007273381,0.1502478700703736
CAN,2025,M,16365.554981327155,2218653.007273381,0.0073763472375699
CAN,2025,N,22712.414092970197,2218653.007273381,0.0102370285116746
CAN,2025,O,283001.7911060907,2218653.007273381,0.1275556791342899
CAN,2025,P,149860.3932128815,2218653.007273381,0.067545665194871
CAN,2025,Q,207757.8633945374,2218653.007273381,0.0936414404205829
CAN,2025,R,19922.770051953074,2218653.007273381,0.0089796691896572
CAN,2025,S,33141.43870605584,2218653.007273381,0.0149376394584501
CAN,2025,T,3112.105544925292,2218653.007273381,0.0014027004379337
CAN,2025,employees_compensation,0.0,2218653.007273381,0.0
CAN,2026,A01_02,37387.20273049445,2307886.373619648,0.016199758860683
CAN,2026,A03,2014.7818305539067,2307886.373619648,0.0008729987115414
CAN,2026,B05_06,68319.92626336149,2307886.373619648,0.0296028119253591
CAN,2026,B07_08,14105.084053437908,2307886.373619648,0.0061116891258887
CAN,2026,B09,3697.7947882468843,2307886.373619648,0.0016022430005717
CAN,2026,C10T12,93971.2994739851,2307886.373619648,0.0407174722933184
CAN,2026,C13T15,-309.5044716800089,2307886.373619648,-0.0001341073266075
CAN,2026,C16,9703.470530489769,2307886.373619648,0.0042044836528373
CAN,2026,C17_18,14486.068971014665,2307886.373619648,0.0062767687077657
CAN,2026,C19,13272.659106651967,2307886.373619648,0.0057510019810184
CAN,2026,C20,2950.9120144196536,2307886.373619648,0.001278621013647
CAN,2026,C21,4246.6415726224795,2307886.373619648,0.0018400566081432
CAN,2026,C22,3423.591110544513,2307886.373619648,0.0014834313983903
CAN,2026,C23,1267.1666751087425,2307886.373619648,0.0005490593859356
CAN,2026,C24,22363.7121283415,2307886.373619648,0.0096901270287699
CAN,2026,C25,-2795.35415879983,2307886.373619648,-0.001211218277794
CAN,2026,C26,-8618.666878211754,2307886.373619648,-0.0037344415984806
CAN,2026,C27,-5604.9165209851635,2307886.373619648,-0.0024285929260003
CAN,2026,C28,1056.3872455074707,2307886.373619648,0.0004577293135323
CAN,2026,C29,34155.64208013572,2307886.373619648,0.0147995336644614
CAN,2026,C30,14084.723844463015,2307886.373619648,0.0061028671105557
CAN,2026,C31T33,19083.228385914026,2307886.373619648,0.0082687036086548
CAN,2026,D,35323.35133154802,2307886.373619648,0.0153054984575118
CAN,2026,E,6083.747622699646,2307886.373619648,0.0026360689556644
CAN,2026,F,323867.9399683725,2307886.373619648,0.1403309728201323
CAN,2026,G,175032.76169477365,2307886.373619648,0.0758411521882056
CAN,2026,H49,33422.82103336999,2307886.373619648,0.0144820045802126
CAN,2026,H50,-709.9707402904178,2307886.373619648,-0.0003076281174003
CAN,2026,H51,6377.139698788357,2307886.373619648,0.0027631948312891
CAN,2026,H52,9192.561113916001,2307886.373619648,0.0039831081889437
CAN,2026,H53,1761.670743444132,2307886.373619648,0.000763326463374
CAN,2026,I,63442.118212523055,2307886.373619648,0.0274892728418954
CAN,2026,J58T60,23332.506532360927,2307886.373619648,0.0101099026360499
CAN,2026,J61,42590.627648604655,2307886.373619648,0.0184543867217372
CAN,2026,J62_63,29280.61707944502,2307886.373619648,0.0126872004679857
CAN,2026,K,104400.70666403328,2307886.373619648,0.0452365020468027
CAN,2026,L,346755.0120007906,2307886.373619648,0.1502478700703736
CAN,2026,M,17023.771276674506,2307886.373619648,0.0073763472375699
CAN,2026,N,23625.89860844964,2307886.373619648,0.0102370285116746
CAN,2026,O,294384.0137518277,2307886.373619648,0.1275556791342899
CAN,2026,P,155887.7203003177,2307886.373619648,0.067545665194871
CAN,2026,Q,216113.8043527794,2307886.373619648,0.0936414404205829
CAN,2026,R,20724.056162422043,2307886.373619648,0.0089796691896572
CAN,2026,S,34474.374560200165,2307886.373619648,0.0149376394584501
CAN,2026,T,3237.2732269774992,2307886.373619648,0.0014027004379337
CAN,2026,employees_compensation,0.0,2307886.373619648,0.0
CAN,2027,A01_02,38888.378769132636,2400552.940545009,0.016199758860683
CAN,2027,A03,2095.6796240827116,2400552.940545009,0.0008729987115414
CAN,2027,B05_06,71063.11721582165,2400552.940545009,0.0296028119253591
CAN,2027,B07_08,14671.433302849073,2400552.940545009,0.0061116891258887
CAN,2027,B09,3846.2691464900527,2400552.940545009,0.0016022430005717
CAN,2027,C10T12,97744.44784528542,2400552.940545009,0.0407174722933184
CAN,2027,C13T15,-321.93173723626404,2400552.940545009,-0.0001341073266075
CAN,2027,C16,10093.085596292001,2400552.940545009,0.0042044836528373
CAN,2027,C17_18,15067.715578547846,2400552.940545009,0.0062767687077657
CAN,2027,C19,13805.584716613892,2400552.940545009,0.0057510019810184
CAN,2027,C20,3069.3974341529456,2400552.940545009,0.001278621013647
CAN,2027,C21,4417.1533014474335,2400552.940545009,0.0018400566081432
CAN,2027,C22,3561.0556055026295,2400552.940545009,0.0014834313983903
CAN,2027,C23,1318.0461234415413,2400552.940545009,0.0005490593859356
CAN,2027,C24,23261.662933168252,2400552.940545009,0.0096901270287699
CAN,2027,C25,-2907.5935984002485,2400552.940545009,-0.001211218277794
CAN,2027,C26,-8964.724760526207,2400552.940545009,-0.0037344415984806
CAN,2027,C27,-5829.965889896828,2400552.940545009,-0.0024285929260003
CAN,2027,C28,1098.803449573611,2400552.940545009,0.0004577293135323
CAN,2027,C29,35527.06405691766,2400552.940545009,0.0147995336644614
CAN,2027,C30,14650.255587999907,2400552.940545009,0.0061028671105557
CAN,2027,C31T33,19849.46076225141,2400552.940545009,0.0082687036086548
CAN,2027,D,36741.65932868705,2400552.940545009,0.0153054984575118
CAN,2027,E,6328.023082999586,2400552.940545009,0.0026360689556644
CAN,2027,F,336871.9294529103,2400552.940545009,0.1403309728201323
CAN,2027,G,182060.7008997185,2400552.940545009,0.0758411521882056
CAN,2027,H49,34764.81868001565,2400552.940545009,0.0144820045802126
CAN,2027,H50,-738.4775818196154,2400552.940545009,-0.0003076281174003
CAN,2027,H51,6633.195477549819,2400552.940545009,0.0027631948312891
CAN,2027,H52,9561.662075477705,2400552.940545009,0.0039831081889437
CAN,2027,H53,1832.4055862482778,2400552.940545009,0.000763326463374
CAN,2027,I,65989.45475405606,2400552.940545009,0.0274892728418954
CAN,2027,J58T60,24269.356501593327,2400552.940545009,0.0101099026360499
CAN,2027,J61,44300.732310821004,2400552.940545009,0.0184543867217372
CAN,2027,J62_63,30456.296390707084,2400552.940545009,0.0126872004679857
CAN,2027,K,108592.61800842253,2400552.940545009,0.0452365020468027
CAN,2027,L,360677.9663080598,2400552.940545009,0.1502478700703736
CAN,2027,M,17707.312051629477,2400552.940545009,0.0073763472375699
CAN,2027,N,24574.528896143558,2400552.940545009,0.0102370285116746
CAN,2027,O,306204.16062903526,2400552.940545009,0.1275556791342899
CAN,2027,P,162146.94520461623,2400552.940545009,0.067545665194871
CAN,2027,Q,224791.23515850052,2400552.940545009,0.0936414404205829
CAN,2027,R,21556.17127835301,2400552.940545009,0.0089796691896572
CAN,2027,S,35858.59432678355,2400552.940545009,0.0149376394584501
CAN,2027,T,3367.2566609855153,2400552.940545009,0.0014027004379337
CAN,2027,employees_compensation,0.0,2400552.940545009,0.0
CAN,2028,A01_02,40445.17182927253,2496652.708049465,0.016199758860683
CAN,2028,A03,2179.57459729353,2496652.708049465,0.0008729987115414
CAN,2028,B05_06,73907.9405593268,2496652.708049465,0.0296028119253591
CAN,2028,B07_08,15258.76520690649,2496652.708049465,0.0061116891258887
CAN,2028,B09,4000.244326330635,2496652.708049465,0.0016022430005717
CAN,2028,C10T12,101657.38746604245,2496652.708049465,0.0407174722933184
CAN,2028,C13T15,-334.819420143889,2496652.708049465,-0.0001341073266075
CAN,2028,C16,10497.135497805952,2496652.708049465,0.0042044836528373
CAN,2028,C17_18,15670.911592043374,2496652.708049465,0.0062767687077657
CAN,2028,C19,14358.254669907425,2496652.708049465,0.0057510019810184
CAN,2028,C20,3192.2726162907343,2496652.708049465,0.001278621013647
CAN,2028,C21,4593.982313685034,2496652.708049465,0.0018400566081432
CAN,2028,C22,3703.613017996747,2496652.708049465,0.0014834313983903
CAN,2028,C23,1370.8106027760919,2496652.708049465,0.0005490593859356
CAN,2028,C24,24192.881887721684,2496652.708049465,0.0096901270287699
CAN,2028,C25,-3023.9913932933996,2496652.708049465,-0.001211218277794
CAN,2028,C26,-9323.603729899163,2496652.708049465,-0.0037344415984806
CAN,2028,C27,-6063.353105448423,2496652.708049465,-0.0024285929260003
CAN,2028,C28,1142.7911301840393,2496652.708049465,0.0004577293135323
CAN,2028,C29,36949.29580124677,2496652.708049465,0.0147995336644614
CAN,2028,C30,15236.739698434902,2496652.708049465,0.0061028671105557
CAN,2028,C31T33,20644.08125660639,2496652.708049465,0.0082687036086548
CAN,2028,D,38212.514171993746,2496652.708049465,0.0153054984575118
CAN,2028,E,6581.3486967646495,2496652.708049465,0.0026360689556644
CAN,2028,F,350357.7033145992,2496652.708049465,0.1403309728201323
CAN,2028,G,189349.01799227513,2496652.708049465,0.0758411521882056
CAN,2028,H49,36156.53595317254,2496652.708049465,0.0144820045802126
CAN,2028,H50,-768.0405723796177,2496652.708049465,-0.0003076281174003
CAN,2028,H51,6898.737858406216,2496652.708049465,0.0027631948312891
CAN,2028,H52,9944.43784638029,2496652.708049465,0.0039831081889437
CAN,2028,H53,1905.7610819085178,2496652.708049465,0.000763326463374
CAN,2028,I,68631.16748302877,2496652.708049465,0.0274892728418954
CAN,2028,J58T60,25240.915794410408,2496652.708049465,0.0101099026360499
CAN,2028,J61,46074.19458421727,2496652.708049465,0.0184543867217372
CAN,2028,J62_63,31675.533405962935,2496652.708049465,0.0126872004679857
CAN,2028,K,112939.83533783512,2496652.708049465,0.0452365020468027
CAN,2028,L,375116.7516898624,2496652.708049465,0.1502478700703736
CAN,2028,M,18416.17730619208,2496652.708049465,0.0073763472375699
CAN,2028,N,25558.304956051976,2496652.708049465,0.0102370285116746
CAN,2028,O,318462.2317377135,2496652.708049465,0.1275556791342899
CAN,2028,P,168638.06792577717,2496652.708049465,0.067545665194871
CAN,2028,Q,233790.1558117009,2496652.708049465,0.0936414404205829
CAN,2028,R,22419.115399745995,2496652.708049465,0.0089796691896572
CAN,2028,S,37294.09800580599,2496652.708049465,0.0149376394584501
CAN,2028,T,3502.0558469493426,2496652.708049465,0.0014027004379337
CAN,2028,employees_compensation,0.0,2496652.708049465,0.0
CAN,2029,A01_02,42057.58191091409,2596185.6761330147,0.016199758860683
CAN,2029,A03,2266.46675018636,2596185.6761330147,0.0008729987115414
CAN,2029,B05_06,76854.3962938769,2596185.6761330147,0.0296028119253591
CAN,2029,B07_08,15867.079765610148,2596185.6761330147,0.0061116891258887
CAN,2029,B09,4159.720327768629,2596185.6761330147,0.0016022430005717
CAN,2029,C10T12,105710.11833625613,2596185.6761330147,0.0407174722933184
CAN,2029,C13T15,-348.16752040288344,2596185.6761330147,-0.0001341073266075
CAN,2029,C16,10915.620235031613,2596185.6761330147,0.0042044836528373
CAN,2029,C17_18,16295.657011501242,2596185.6761330147,0.0062767687077657
CAN,2029,C19,14930.668966532561,2596185.6761330147,0.0057510019810184
CAN,2029,C20,3319.5375608330173,2596185.6761330147,0.001278621013647
CAN,2029,C21,4777.1286093352755,2596185.6761330147,0.0018400566081432
CAN,2029,C22,3851.2633480268646,2596185.6761330147,0.0014834313983903
CAN,2029,C23,1425.4601131123934,2596185.6761330147,0.0005490593859356
CAN,2029,C24,25157.368992001782,2596185.6761330147,0.0096901270287699
CAN,2029,C25,-3144.5475434792816,2596185.6761330147,-0.001211218277794
CAN,2029,C26,-9695.303786330613,2596185.6761330147,-0.0037344415984806
CAN,2029,C27,-6305.078167639946,2596185.6761330147,-0.0024285929260003
CAN,2029,C28,1188.350287338755,2596185.6761330147,0.0004577293135323
CAN,2029,C29,38422.33731312303,2596185.6761330147,0.0147995336644614
CAN,2029,C30,15844.176175767987,2596185.6761330147,0.0061028671105557
CAN,2029,C31T33,21467.08986897896,2596185.6761330147,0.0082687036086548
CAN,2029,D,39735.915861468085,2596185.6761330147,0.0153054984575118
CAN,2029,E,6843.72446399483,2596185.6761330147,0.0026360689556644
CAN,2029,F,364325.26155343885,2596185.6761330147,0.1403309728201323
CAN,2029,G,196897.71297244343,2596185.6761330147,0.0758411521882056
CAN,2029,H49,37597.97285284066,2596185.6761330147,0.0144820045802126
CAN,2029,H50,-798.6597119704243,2596185.6761330147,-0.0003076281174003
CAN,2029,H51,7173.766841357544,2596185.6761330147,0.0027631948312891
CAN,2029,H52,10340.888426623747,2596185.6761330147,0.0039831081889437
CAN,2029,H53,1981.737230424851,2596185.6761330147,0.000763326463374
CAN,2029,I,71367.25639944113,2596185.6761330147,0.0274892728418954
CAN,2029,J58T60,26247.18441081216,2596185.6761330147,0.0101099026360499
CAN,2029,J61,47911.01446879342,2596185.6761330147,0.0184543867217372
CAN,2029,J62_63,32938.32812521255,2596185.6761330147,0.0126872004679857
CAN,2029,K,117442.35865227097,2596185.6761330147,0.0452365020468027
CAN,2029,L,390071.3681461982,2596185.6761330147,0.1502478700703736
CAN,2029,M,19150.367040362304,2596185.6761330147,0.0073763472375699
CAN,2029,N,26577.226788174874,2596185.6761330147,0.0102370285116746
CAN,2029,O,331158.22707786225,2596185.6761330147,0.1275556791342899
CAN,2029,P,175361.0884638004,2596185.6761330147,0.067545665194871
CAN,2029,Q,243110.56631238043,2596185.6761330147,0.0936414404205829
CAN,2029,R,23312.88852660098,2596185.6761330147,0.0089796691896572
CAN,2029,S,38780.88559726747,2596185.6761330147,0.0149376394584501
CAN,2029,T,3641.6707848689784,2596185.6761330147,0.0014027004379337
CAN,2029,employees_compensation,0.0,2596185.6761330147,0.0
CAN,2030,A01_02,43725.609014057336,2699151.8447956587,0.016199758860683
CAN,2030,A03,2356.3560827612027,2699151.8447956587,0.0008729987115414
CAN,2030,B05_06,79902.48441947195,2699151.8447956587,0.0296028119253591
CAN,2030,B07_08,16496.376978960052,2699151.8447956587,0.0061116891258887
CAN,2030,B09,4324.697150804036,2699151.8447956587,0.0016022430005717
CAN,2030,C10T12,109902.64045592649,2699151.8447956587,0.0407174722933184
CAN,2030,C13T15,-361.97603801324755,2699151.8447956587,-0.0001341073266075
CAN,2030,C16,11348.539807968988,2699151.8447956587,0.0042044836528373
CAN,2030,C17_18,16941.95183692145,2699151.8447956587,0.0062767687077657
CAN,2030,C19,15522.827606489302,2699151.8447956587,0.0057510019810184
CAN,2030,C20,3451.192267779795,2699151.8447956587,0.001278621013647
CAN,2030,C21,4966.592188398161,2699151.8447956587,0.0018400566081432
CAN,2030,C22,4004.006595592982,2699151.8447956587,0.0014834313983903
CAN,2030,C23,1481.9946544504462,2699151.8447956587,0.0005490593859356
CAN,2030,C24,26155.12424600855,2699151.8447956587,0.0096901270287699
CAN,2030,C25,-3269.262048957896,2699151.8447956587,-0.001211218277794
CAN,2030,C26,-10079.82492982056,2699151.8447956587,-0.0037344415984806
CAN,2030,C27,-6555.141076471396,2699151.8447956587,-0.0024285929260003
CAN,2030,C28,1235.480921037758,2699151.8447956587,0.0004577293135323
CAN,2030,C29,39946.18859254644,2699151.8447956587,0.0147995336644614
CAN,2030,C30,16472.56501999917,2699151.8447956587,0.0061028671105557
CAN,2030,C31T33,22318.486599369127,2699151.8447956587,0.0082687036086548
CAN,2030,D,41311.86439711008,2699151.8447956587,0.0153054984575118
CAN,2030,E,7115.150384690131,2699151.8447956587,0.0026360689556644
CAN,2030,F,378774.6041694295,2699151.8447956587,0.1403309728201323
CAN,2030,G,204706.78584022346,2699151.8447956587,0.0758411521882056
CAN,2030,H49,39089.12937902002,2699151.8447956587,0.0144820045802126
CAN,2030,H50,-830.3350005920352,2699151.8447956587,-0.0003076281174003
CAN,2030,H51,7458.282426403804,2699151.8447956587,0.0027631948312891
CAN,2030,H52,10751.013816208084,2699151.8447956587,0.0039831081889437
CAN,2030,H53,2060.334031797278,2699151.8447956587,0.000763326463374
CAN,2030,I,74197.72150329317,2699151.8447956587,0.0274892728418954
CAN,2030,J58T60,27288.162350798582,2699151.8447956587,0.0101099026360499
CAN,2030,J61,49811.19196454948,2699151.8447956587,0.0184543867217372
CAN,2030,J62_63,34244.680548455945,2699151.8447956587,0.0126872004679857
CAN,2030,K,122100.1879517301,2699151.8447956587,0.0452365020468027
CAN,2030,L,405541.8156770673,2699151.8447956587,0.1502478700703736
CAN,2030,M,19909.881254140157,2699151.8447956587,0.0073763472375699
CAN,2030,N,27631.294392512256,2699151.8447956587,0.0102370285116746
CAN,2030,O,344292.14664948167,2699151.8447956587,0.1275556791342899
CAN,2030,P,182316.00681868597,2699151.8447956587,0.067545665194871
CAN,2030,Q,252752.4666605391,2699151.8447956587,0.0936414404205829
CAN,2030,R,24237.49065891797,2699151.8447956587,0.0089796691896572
CAN,2030,S,40318.95710116801,2699151.8447956587,0.0149376394584501
CAN,2030,T,3786.1014747444246,2699151.8447956587,0.0014027004379337
CAN,2030,employees_compensation,0.0,2699151.8447956587,0.0
CAN,2031,A01_02,45449.253138702275,2805551.2140373974,0.016199758860683
CAN,2031,A03,2449.242595018058,2805551.2140373974,0.0008729987115414
CAN,2031,B05_06,83052.20493611197,2805551.2140373974,0.0296028119253591
CAN,2031,B07_08,17146.6568469562,2805551.2140373974,0.0061116891258887
CAN,2031,B09,4495.174795436856,2805551.2140373974,0.0016022430005717
CAN,2031,C10T12,114234.95382505354,2805551.2140373974,0.0407174722933184
CAN,2031,C13T15,-376.2449729749814,2805551.2140373974,-0.0001341073266075
CAN,2031,C16,11795.894216618079,2805551.2140373974,0.0042044836528373
CAN,2031,C17_18,17609.796068304004,2805551.2140373974,0.0062767687077657
CAN,2031,C19,16134.73058977765,2805551.2140373974,0.0057510019810184
CAN,2031,C20,3587.2367371310684,2805551.2140373974,0.001278621013647
CAN,2031,C21,5162.37305087369,2805551.2140373974,0.0018400566081432
CAN,2031,C22,4161.8427606951,2805551.2140373974,0.0014834313983903
CAN,2031,C23,1540.4142267902503,2805551.2140373974,0.0005490593859356
CAN,2031,C24,27186.14764974199,2805551.2140373974,0.0096901270287699
CAN,2031,C25,-3398.1349097292427,2805551.2140373974,-0.001211218277794
CAN,2031,C26,-10477.167160369007,2805551.2140373974,-0.0037344415984806
CAN,2031,C27,-6813.541831942777,2805551.2140373974,-0.0024285929260003
CAN,2031,C28,1284.1830312810487,2805551.2140373974,0.0004577293135323
CAN,2031,C29,41520.849639517015,2805551.2140373974,0.0147995336644614
CAN,2031,C30,17121.906231128447,2805551.2140373974,0.0061028671105557
CAN,2031,C31T33,23198.271447776886,2805551.2140373974,0.0082687036086548
CAN,2031,D,42940.359778919745,2805551.2140373974,0.0153054984575118
CAN,2031,E,7395.626458850552,2805551.2140373974,0.0026360689556644
CAN,2031,F,393705.7311625712,2805551.2140373974,0.1403309728201323
CAN,2031,G,212776.23659561525,2805551.2140373974,0.0758411521882056
CAN,2031,H49,40630.00553171061,2805551.2140373974,0.0144820045802126
CAN,2031,H50,-863.0664382444506,2805551.2140373974,-0.0003076281174003
CAN,2031,H51,7752.284613544996,2805551.2140373974,0.0027631948312891
CAN,2031,H52,11174.814015133297,2805551.2140373974,0.0039831081889437
CAN,2031,H53,2141.5514860257986,2805551.2140373974,0.000763326463374
CAN,2031,I,77122.5627945849,2805551.2140373974,0.0274892728418954
CAN,2031,J58T60,28363.849614369683,2805551.2140373974,0.0101099026360499
CAN,2031,J61,51774.72707148543,2805551.2140373974,0.0184543867217372
CAN,2031,J62_63,35594.590675693114,2805551.2140373974,0.0126872004679857
CAN,2031,K,126913.32323621253,2805551.2140373974,0.0452365020468027
CAN,2031,L,421528.0942824698,2805551.2140373974,0.1502478700703736
CAN,2031,M,20694.719947525635,2805551.2140373974,0.0073763472375699
CAN,2031,N,28720.507769064126,2805551.2140373974,0.0102370285116746
CAN,2031,O,357863.9904525717,2805551.2140373974,0.1275556791342899
CAN,2031,P,189502.82299043392,2805551.2140373974,0.067545665194871
CAN,2031,Q,262715.856856177,2805551.2140373974,0.0936414404205829
CAN,2031,R,25192.92179669697,2805551.2140373974,0.0089796691896572
CAN,2031,S,41908.31251750761,2805551.2140373974,0.0149376394584501
CAN,2031,T,3935.3479165756808,2805551.2140373974,0.0014027004379337
CAN,2031,employees_compensation,0.0,2805551.2140373974,0.0
CAN,2032,A01_02,47228.514284848905,2915383.783858231,0.016199758860683
CAN,2032,A03,2545.126286956927,2915383.783858231,0.0008729987115414
CAN,2032,B05_06,86303.55784379698,2915383.783858231,0.0296028119253591
CAN,2032,B07_08,17817.9193695986,2915383.783858231,0.0061116891258887
CAN,2032,B09,4671.153261667088,2915383.783858231,0.0016022430005717
CAN,2032,C10T12,118707.05844363727,2915383.783858231,0.0407174722933184
CAN,2032,C13T15,-390.97432528808497,2915383.783858231,-0.0001341073266075
CAN,2032,C16,12257.683460978884,2915383.783858231,0.0042044836528373
CAN,2032,C17_18,18299.189705648903,2915383.783858231,0.0062767687077657
CAN,2032,C19,16766.377916397603,2915383.783858231,0.0057510019810184
CAN,2032,C20,3727.6709688868373,2915383.783858231,0.001278621013647
CAN,2032,C21,5364.471196761864,2915383.783858231,0.0018400566081432
CAN,2032,C22,4324.771843333219,2915383.783858231,0.0014834313983903
CAN,2032,C23,1600.718830131806,2915383.783858231,0.0005490593859356
CAN,2032,C24,28250.439203202106,2915383.783858231,0.0096901270287699
CAN,2032,C25,-3531.1661257933215,2915383.783858231,-0.001211218277794
CAN,2032,C26,-10887.330477975951,2915383.783858231,-0.0037344415984806
CAN,2032,C27,-7080.280434054087,2915383.783858231,-0.0024285929260003
CAN,2032,C28,1334.4566180686272,2915383.783858231,0.0004577293135323
CAN,2032,C29,43146.32045403474,2915383.783858231,0.0147995336644614
CAN,2032,C30,17792.199809155823,2915383.783858231,0.0061028671105557
CAN,2032,C31T33,24106.44441420224,2915383.783858231,0.0082687036086548
CAN,2032,D,44621.402006897064,2915383.783858231,0.0153054984575118
CAN,2032,E,7685.152686476094,2915383.783858231,0.0026360689556644
CAN,2032,F,409118.6425328638,2915383.783858231,0.1403309728201323
CAN,2032,G,221106.0652386188,2915383.783858231,0.0758411521882056
CAN,2032,H49,42220.60131091244,2915383.783858231,0.0144820045802126
CAN,2032,H50,-896.8540249276706,2915383.783858231,-0.0003076281174003
CAN,2032,H51,8055.773402781122,2915383.783858231,0.0027631948312891
CAN,2032,H52,11612.28902339939,2915383.783858231,0.0039831081889437
CAN,2032,H53,2225.3895931104134,2915383.783858231,0.000763326463374
CAN,2032,I,80141.78027331631,2915383.783858231,0.0274892728418954
CAN,2032,J58T60,29474.24620152546,2915383.783858231,0.0101099026360499
CAN,2032,J61,53801.61978960129,2915383.783858231,0.0184543867217372
CAN,2032,J62_63,36988.05850692406,2915383.783858231,0.0126872004679857
CAN,2032,K,131881.76450571825,2915383.783858231,0.0452365020468027
CAN,2032,L,438030.2039624056,2915383.783858231,0.1502478700703736
CAN,2032,M,21504.88312051874,2915383.783858231,0.0073763472375699
CAN,2032,N,29844.86691783049,2915383.783858231,0.0102370285116746
CAN,2032,O,371873.75848713244,2915383.783858231,0.1275556791342899
CAN,2032,P,196921.5369790442,2915383.783858231,0.067545665194871
CAN,2032,Q,273000.736899294,2915383.783858231,0.0936414404205829
CAN,2032,R,26179.181939937982,2915383.783858231,0.0089796691896572
CAN,2032,S,43548.95184628627,2915383.783858231,0.0149376394584501
CAN,2032,T,4089.4101103627477,2915383.783858231,0.0014027004379337
CAN,2032,employees_compensation,0.0,2915383.783858231,0.0
CAN,2033,A01_02,49063.39245249722,3028649.5542581584,0.016199758860683
CAN,2033,A03,2644.007158577808,3028649.5542581584,0.0008729987115414
CAN,2033,B05_06,89656.54314252693,3028649.5542581584,0.0296028119253591
CAN,2033,B07_08,18510.164546887245,3028649.5542581584,0.0061116891258887
CAN,2033,B09,4852.632549494733,3028649.5542581584,0.0016022430005717
CAN,2033,C10T12,123318.95431167769,3028649.5542581584,0.0407174722933184
CAN,2033,C13T15,-406.1640949525582,3028649.5542581584,-0.0001341073266075
CAN,2033,C16,12733.907541051403,3028649.5542581584,0.0042044836528373
CAN,2033,C17_18,19010.132748956144,3028649.5542581584,0.0062767687077657
CAN,2033,C19,17417.76958634916,3028649.5542581584,0.0057510019810184
CAN,2033,C20,3872.494963047101,3028649.5542581584,0.001278621013647
CAN,2033,C21,5572.886626062681,3028649.5542581584,0.0018400566081432
CAN,2033,C22,4492.793843507339,3028649.5542581584,0.0014834313983903
CAN,2033,C23,1662.908464475113,3028649.5542581584,0.0005490593859356
CAN,2033,C24,29347.99890638889,3028649.5542581584,0.0096901270287699
CAN,2033,C25,-3668.3556971501325,3028649.5542581584,-0.001211218277794
CAN,2033,C26,-11310.314882641394,3028649.5542581584,-0.0037344415984806
CAN,2033,C27,-7355.356882805326,3028649.5542581584,-0.0024285929260003
CAN,2033,C28,1386.3016814004932,3028649.5542581584,0.0004577293135323
CAN,2033,C29,44822.60103609963,3028649.5542581584,0.0147995336644614
CAN,2033,C30,18483.445754081295,3028649.5542581584,0.0061028671105557
CAN,2033,C31T33,25043.005498645187,3028649.5542581584,0.0082687036086548
CAN,2033,D,46354.99108104205,3028649.5542581584,0.0153054984575118
CAN,2033,E,7983.729067566755,3028649.5542581584,0.0026360689556644
CAN,2033,F,425013.3382803074,3028649.5542581584,0.1403309728201323
CAN,2033,G,229696.27176923404,3028649.5542581584,0.0758411521882056
CAN,2033,H49,43860.9167166255,3028649.5542581584,0.0144820045802126
CAN,2033,H50,-931.697760641695,3028649.5542581584,-0.0003076281174003
CAN,2033,H51,8368.74879411218,3028649.5542581584,0.0027631948312891
CAN,2033,H52,12063.438841006358,3028649.5542581584,0.0039831081889437
CAN,2033,H53,2311.8483530511216,3028649.5542581584,0.000763326463374
CAN,2033,I,83255.3739394874,3028649.5542581584,0.0274892728418954
CAN,2033,J58T60,30619.35211226591,3028649.5542581584,0.0101099026360499
CAN,2033,J61,55891.87011889705,3028649.5542581584,0.0184543867217372
CAN,2033,J62_63,38425.08404214879,3028649.5542581584,0.0126872004679857
CAN,2033,K,137005.51176024726,3028649.5542581584,0.0452365020468027
CAN,2033,L,455048.1447168747,3028649.5542581584,0.1502478700703736
CAN,2033,M,22340.370773119474,3028649.5542581584,0.0073763472375699
CAN,2033,N,31004.371838811338,3028649.5542581584,0.0102370285116746
CAN,2033,O,386321.4507531638,3028649.5542581584,0.1275556791342899
CAN,2033,P,204572.14878451684,3028649.5542581584,0.067545665194871
CAN,2033,Q,283607.10678989027,3028649.5542581584,0.0936414404205829
CAN,2033,R,27196.271088641,3028649.5542581584,0.0089796691896572
CAN,2033,S,45240.87508750398,3028649.5542581584,0.0149376394584501
CAN,2033,T,4248.288056105624,3028649.5542581584,0.0014027004379337
CAN,2033,employees_compensation,0.0,3028649.5542581584,0.0
CAN,2034,A01_02,50953.88764164721,3145348.5252371803,0.016199758860683
CAN,2034,A03,2745.885209880701,3145348.5252371803,0.0008729987115414
CAN,2034,B05_06,93111.16083230186,3145348.5252371803,0.0296028119253591
CAN,2034,B07_08,19223.392378822133,3145348.5252371803,0.0061116891258887
CAN,2034,B09,5039.612658919791,3145348.5252371803,0.0016022430005717
CAN,2034,C10T12,128070.64142917478,3145348.5252371803,0.0407174722933184
CAN,2034,C13T15,-421.814281968401,3145348.5252371803,-0.0001341073266075
CAN,2034,C16,13224.566456835635,3145348.5252371803,0.0042044836528373
CAN,2034,C17_18,19742.625198225724,3145348.5252371803,0.0062767687077657
CAN,2034,C19,18088.905599632326,3145348.5252371803,0.0057510019810184
CAN,2034,C20,4021.70871961186,3145348.5252371803,0.001278621013647
CAN,2034,C21,5787.619338776142,3145348.5252371803,0.0018400566081432
CAN,2034,C22,4665.908761217458,3145348.5252371803,0.0014834313983903
CAN,2034,C23,1726.9831298201711,3145348.5252371803,0.0005490593859356
CAN,2034,C24,30478.82675930234,3145348.5252371803,0.0096901270287699
CAN,2034,C25,-3809.7036237996754,3145348.5252371803,-0.001211218277794
CAN,2034,C26,-11746.120374365333,3145348.5252371803,-0.0037344415984806
CAN,2034,C27,-7638.771178196493,3145348.5252371803,-0.0024285929260003
CAN,2034,C28,1439.7182212766468,3145348.5252371803,0.0004577293135323
CAN,2034,C29,46549.69138571167,3145348.5252371803,0.0147995336644614
CAN,2034,C30,19195.64406590486,3145348.5252371803,0.0061028671105557
CAN,2034,C31T33,26007.95470110573,3145348.5252371803,0.0082687036086548
CAN,2034,D,48141.127001354675,3145348.5252371803,0.0153054984575118
CAN,2034,E,8291.355602122536,3145348.5252371803,0.0026360689556644
CAN,2034,F,441389.81840490195,3145348.5252371803,0.1403309728201323
CAN,2034,G,238546.85618746103,3145348.5252371803,0.0758411521882056
CAN,2034,H49,45550.951748849795,3145348.5252371803,0.0144820045802126
CAN,2034,H50,-967.5976453865237,3145348.5252371803,-0.0003076281174003
CAN,2034,H51,8691.21078753817,3145348.5252371803,0.0027631948312891
CAN,2034,H52,12528.263467954202,3145348.5252371803,0.0039831081889437
CAN,2034,H53,2400.9277658479236,3145348.5252371803,0.000763326463374
CAN,2034,I,86463.34379309816,3145348.5252371803,0.0274892728418954
CAN,2034,J58T60,31799.167346591035,3145348.5252371803,0.0101099026360499
CAN,2034,J61,58045.478059372705,3145348.5252371803,0.0184543867217372
CAN,2034,J62_63,39905.667281367285,3145348.5252371803,0.0126872004679857
CAN,2034,K,142284.56499979956,3145348.5252371803,0.0452365020468027
CAN,2034,L,472581.91654587706,3145348.5252371803,0.1502478700703736
CAN,2034,M,23201.182905327834,3145348.5252371803,0.0073763472375699
CAN,2034,N,32199.02253200667,3145348.5252371803,0.0102370285116746
CAN,2034,O,401207.0672506657,3145348.5252371803,0.1275556791342899
CAN,2034,P,212454.65840685184,3145348.5252371803,0.067545665194871
CAN,2034,Q,294534.9665279657,3145348.5252371803,0.0936414404205829
CAN,2034,R,28244.18924280602,3145348.5252371803,0.0089796691896572
CAN,2034,S,46984.08224116074,3145348.5252371803,0.0149376394584501
CAN,2034,T,4411.98175380431,3145348.5252371803,0.0014027004379337
CAN,2034,employees_compensation,0.0,3145348.5252371803,0.0
CAN,2035,A01_02,52899.99985229889,3265480.696795296,0.016199758860683
CAN,2035,A03,2850.760440865606,3265480.696795296,0.0008729987115414
CAN,2035,B05_06,96667.41091312174,3265480.696795296,0.0296028119253591
CAN,2035,B07_08,19957.602865403263,3265480.696795296,0.0061116891258887
CAN,2035,B09,5232.09358994226,3265480.696795296,0.0016022430005717
CAN,2035,C10T12,132962.11979612854,3265480.696795296,0.0407174722933184
CAN,2035,C13T15,-437.92488633561345,3265480.696795296,-0.0001341073266075
CAN,2035,C16,13729.660208331577,3265480.696795296,0.0042044836528373
CAN,2035,C17_18,20496.667053457644,3265480.696795296,0.0062767687077657
CAN,2035,C19,18779.78595624709,3265480.696795296,0.0057510019810184
CAN,2035,C20,4175.312238581113,3265480.696795296,0.001278621013647
CAN,2035,C21,6008.669334902245,3265480.696795296,0.0018400566081432
CAN,2035,C22,4844.1165964635775,3265480.696795296,0.0014834313983903
CAN,2035,C23,1792.9428261669802,3265480.696795296,0.0005490593859356
CAN,2035,C24,31642.92276194246,3265480.696795296,0.0096901270287699
CAN,2035,C25,-3955.2099057419496,3265480.696795296,-0.001211218277794
CAN,2035,C26,-12194.74695314777,3265480.696795296,-0.0037344415984806
CAN,2035,C27,-7930.523320227587,3265480.696795296,-0.0024285929260003
CAN,2035,C28,1494.7062376970873,3265480.696795296,0.0004577293135323
CAN,2035,C29,48327.59150287085,3265480.696795296,0.0147995336644614
CAN,2035,C30,19928.79474462652,3265480.696795296,0.0061028671105557
CAN,2035,C31T33,27001.292021583857,3265480.696795296,0.0082687036086548
CAN,2035,D,49979.80976783496,3265480.696795296,0.0153054984575118
CAN,2035,E,8608.032290143434,3265480.696795296,0.0026360689556644
CAN,2035,F,458248.08290664735,3265480.696795296,0.1403309728201323
CAN,2035,G,247657.8184932997,3265480.696795296,0.0758411521882056
CAN,2035,H49,47290.706407585305,3265480.696795296,0.0144820045802126
CAN,2035,H50,-1004.5536791621568,3265480.696795296,-0.0003076281174003
CAN,2035,H51,9023.15938305909,3265480.696795296,0.0027631948312891
CAN,2035,H52,13006.762904242923,3265480.696795296,0.0039831081889437
CAN,2035,H53,2492.6278315008185,3265480.696795296,0.000763326463374
CAN,2035,I,89765.6898341486,3265480.696795296,0.0274892728418954
CAN,2035,J58T60,33013.691904500825,3265480.696795296,0.0101099026360499
CAN,2035,J61,60262.443611028255,3265480.696795296,0.0184543867217372
CAN,2035,J62_63,41429.808224579545,3265480.696795296,0.0126872004679857
CAN,2035,K,147718.9242243751,3265480.696795296,0.0452365020468027
CAN,2035,L,490631.51944941265,3265480.696795296,0.1502478700703736
CAN,2035,M,24087.319517143813,3265480.696795296,0.0073763472375699
CAN,2035,N,33428.818997416485,3265480.696795296,0.0102370285116746
CAN,2035,O,416530.60797963815,3265480.696795296,0.1275556791342899
CAN,2035,P,220569.0658460491,3265480.696795296,0.067545665194871
CAN,2035,Q,305784.31611352024,3265480.696795296,0.0936414404205829
CAN,2035,R,29322.936402433046,3265480.696795296,0.0089796691896572
CAN,2035,S,48778.57330725654,3265480.696795296,0.0149376394584501
CAN,2035,T,4580.491203458805,3265480.696795296,0.0014027004379337
CAN,2035,employees_compensation,0.0,3265480.696795296,0.0
CAN,2036,A01_02,54901.72908445225,3389046.0689325063,0.016199758860683
CAN,2036,A03,2958.6328515325245,3389046.0689325063,0.0008729987115414
CAN,2036,B05_06,100325.29338498658,3389046.0689325063,0.0296028119253591
CAN,2036,B07_08,20712.796006630644,3389046.0689325063,0.0061116891258887
CAN,2036,B09,5430.075342562143,3389046.0689325063,0.0016022430005717
CAN,2036,C10T12,137993.38941253896,3389046.0689325063,0.0407174722933184
CAN,2036,C13T15,-454.4959080541956,3389046.0689325063,-0.0001341073266075
CAN,2036,C16,14249.188795539236,3389046.0689325063,0.0042044836528373
CAN,2036,C17_18,21272.25831465191,3389046.0689325063,0.0062767687077657
CAN,2036,C19,19490.410656193464,3389046.0689325063,0.0057510019810184
CAN,2036,C20,4333.305519954862,3389046.0689325063,0.001278621013647
CAN,2036,C21,6236.036614440993,3389046.0689325063,0.0018400566081432
CAN,2036,C22,5027.417349245697,3389046.0689325063,0.0014834313983903
CAN,2036,C23,1860.7875535155408,3389046.0689325063,0.0005490593859356
CAN,2036,C24,32840.286914309254,3389046.0689325063,0.0096901270287699
CAN,2036,C25,-4104.874542976956,3389046.0689325063,-0.001211218277794
CAN,2036,C26,-12656.194618988702,3389046.0689325063,-0.0037344415984806
CAN,2036,C27,-8230.61330889861,3389046.0689325063,-0.0024285929260003
CAN,2036,C28,1551.265730661816,3389046.0689325063,0.0004577293135323
CAN,2036,C29,50156.301387577194,3389046.0689325063,0.0147995336644614
CAN,2036,C30,20682.897790246276,3389046.0689325063,0.0061028671105557
CAN,2036,C31T33,28023.01746007958,3389046.0689325063,0.0082687036086548
CAN,2036,D,51871.03938048291,3389046.0689325063,0.0153054984575118
CAN,2036,E,8933.759131629453,3389046.0689325063,0.0026360689556644
CAN,2036,F,475588.13178554375,3389046.0689325063,0.1403309728201323
CAN,2036,G,257029.15868675013,3389046.0689325063,0.0758411521882056
CAN,2036,H49,49080.180692832066,3389046.0689325063,0.0144820045802126
CAN,2036,H50,-1042.5658619685942,3389046.0689325063,-0.0003076281174003
CAN,2036,H51,9364.594580674944,3389046.0689325063,0.0027631948312891
CAN,2036,H52,13498.937149872521,3389046.0689325063,0.0039831081889437
CAN,2036,H53,2586.9485500098076,3389046.0689325063,0.000763326463374
CAN,2036,I,93162.4120626387,3389046.0689325063,0.0274892728418954
CAN,2036,J58T60,34262.9257859953,3389046.0689325063,0.0101099026360499
CAN,2036,J61,62542.7667738637,3389046.0689325063,0.0184543867217372
CAN,2036,J62_63,42997.50687178559,3389046.0689325063,0.0126872004679857
CAN,2036,K,153308.58943397395,3389046.0689325063,0.0452365020468027
CAN,2036,L,509196.95342748164,3389046.0689325063,0.1502478700703736
CAN,2036,M,24998.78060856742,3389046.0689325063,0.0073763472375699
CAN,2036,N,34693.76123504079,3389046.0689325063,0.0102370285116746
CAN,2036,O,432292.07294008124,3389046.0689325063,0.1275556791342899
CAN,2036,P,228915.37110210877,3389046.0689325063,0.067545665194871
CAN,2036,Q,317355.15554655396,3389046.0689325063,0.0936414404205829
CAN,2036,R,30432.51256752208,3389046.0689325063,0.0089796691896572
CAN,2036,S,50624.348285791406,3389046.0689325063,0.0149376394584501
CAN,2036,T,4753.816405069111,3389046.0689325063,0.0014027004379337
CAN,2036,employees_compensation,0.0,3389046.0689325063,0.0
CAN,2037,A01_02,56959.0753381073,3516044.641648811,0.016199758860683
CAN,2037,A03,3069.502441881455,3516044.641648811,0.0008729987115414
CAN,2037,B05_06,104084.80824789639,3516044.641648811,0.0296028119253591
CAN,2037,B07_08,21488.971802504268,3516044.641648811,0.0061116891258887
CAN,2037,B09,5633.5579167794385,3516044.641648811,0.0016022430005717
CAN,2037,C10T12,143164.4502784061,3516044.641648811,0.0407174722933184
CAN,2037,C13T15,-471.5273471241474,3516044.641648811,-0.0001341073266075
CAN,2037,C16,14783.152218458608,3516044.641648811,0.0042044836528373
CAN,2037,C17_18,22069.398981808517,3516044.641648811,0.0062767687077657
CAN,2037,C19,20220.77969947144,3516044.641648811,0.0057510019810184
CAN,2037,C20,4495.688563733105,3516044.641648811,0.001278621013647
CAN,2037,C21,6469.721177392384,3516044.641648811,0.0018400566081432
CAN,2037,C22,5215.811019563816,3516044.641648811,0.0014834313983903
CAN,2037,C23,1930.5173118658527,3516044.641648811,0.0005490593859356
CAN,2037,C24,34070.91921640272,3516044.641648811,0.0096901270287699
CAN,2037,C25,-4258.697535504694,3516044.641648811,-0.001211218277794
CAN,2037,C26,-13130.463371888134,3516044.641648811,-0.0037344415984806
CAN,2037,C27,-8539.041144209563,3516044.641648811,-0.0024285929260003
CAN,2037,C28,1609.3967001708318,3516044.641648811,0.0004577293135323
CAN,2037,C29,52035.82103983069,3516044.641648811,0.0147995336644614
CAN,2037,C30,21457.95320276413,3516044.641648811,0.0061028671105557
CAN,2037,C31T33,29073.1310165929,3516044.641648811,0.0082687036086548
CAN,2037,D,53814.815839298506,3516044.641648811,0.0153054984575118
CAN,2037,E,9268.536126580591,3516044.641648811,0.0026360689556644
CAN,2037,F,493409.9650415911,3516044.641648811,0.1403309728201323
CAN,2037,G,266660.8767678123,3516044.641648811,0.0758411521882056
CAN,2037,H49,50919.37460459005,3516044.641648811,0.0144820045802126
CAN,2037,H50,-1081.634193805836,3516044.641648811,-0.0003076281174003
CAN,2037,H51,9715.51638038573,3516044.641648811,0.0027631948312891
CAN,2037,H52,14004.786204842996,3516044.641648811,0.0039831081889437
CAN,2037,H53,2683.88992137489,3516044.641648811,0.000763326463374
CAN,2037,I,96653.5104785685,3516044.641648811,0.0274892728418954
CAN,2037,J58T60,35546.86899107444,3516044.641648811,0.0101099026360499
CAN,2037,J61,64886.44754787905,3516044.641648811,0.0184543867217372
CAN,2037,J62_63,44608.763222985406,3516044.641648811,0.0126872004679857
CAN,2037,K,159053.56062859608,3516044.641648811,0.0452365020468027
CAN,2037,L,528278.2184800839,3516044.641648811,0.1502478700703736
CAN,2037,M,25935.566179598653,3516044.641648811,0.0073763472375699
CAN,2037,N,35993.84924487958,3516044.641648811,0.0102370285116746
CAN,2037,O,448491.462131995,3516044.641648811,0.1275556791342899
CAN,2037,P,237493.57417503075,3516044.641648811,0.067545665194871
CAN,2037,Q,329247.48482706683,3516044.641648811,0.0936414404205829
CAN,2037,R,31572.91773807312,3516044.641648811,0.0089796691896572
CAN,2037,S,52521.407176765315,3516044.641648811,0.0149376394584501
CAN,2037,T,4931.957358635226,3516044.641648811,0.0014027004379337
CAN,2037,employees_compensation,0.0,3516044.641648811,0.0
CAN,2038,A01_02,59072.03861326405,3646476.4149442106,0.016199758860683
CAN,2038,A03,3183.3692119123994,3646476.4149442106,0.0008729987115414
CAN,2038,B05_06,107945.95550185117,3646476.4149442106,0.0296028119253591
CAN,2038,B07_08,22286.13025302414,3646476.4149442106,0.0061116891258887
CAN,2038,B09,5842.541312594147,3646476.4149442106,0.0016022430005717
CAN,2038,C10T12,148475.30239372991,3646476.4149442106,0.0407174722933184
CAN,2038,C13T15,-489.01920354546894,3646476.4149442106,-0.0001341073266075
CAN,2038,C16,15331.550477089697,3646476.4149442106,0.0042044836528373
CAN,2038,C17_18,22888.089054927474,3646476.4149442106,0.0062767687077657
CAN,2038,C19,20970.89308608103,3646476.4149442106,0.0057510019810184
CAN,2038,C20,4662.461369915844,3646476.4149442106,0.001278621013647
CAN,2038,C21,6709.72302375642,3646476.4149442106,0.0018400566081432
CAN,2038,C22,5409.297607417938,3646476.4149442106,0.0014834313983903
CAN,2038,C23,2002.1321012179162,3646476.4149442106,0.0005490593859356
CAN,2038,C24,35334.81966822286,3646476.4149442106,0.0096901270287699
CAN,2038,C25,-4416.678883325167,3646476.4149442106,-0.001211218277794
CAN,2038,C26,-13617.553211846065,3646476.4149442106,-0.0037344415984806
CAN,2038,C27,-8855.806826160444,3646476.4149442106,-0.0024285929260003
CAN,2038,C28,1669.0991462241357,3646476.4149442106,0.0004577293135323
CAN,2038,C29,53966.15045963136,3646476.4149442106,0.0147995336644614
CAN,2038,C30,22253.96098218008,3646476.4149442106,0.0061028671105557
CAN,2038,C31T33,30151.632691123814,3646476.4149442106,0.0082687036086548
CAN,2038,D,55811.13914428177,3646476.4149442106,0.0153054984575118
CAN,2038,E,9612.363274996851,3646476.4149442106,0.0026360689556644
CAN,2038,F,511713.5826747895,3646476.4149442106,0.1403309728201323
CAN,2038,G,276552.97273648623,3646476.4149442106,0.0758411521882056
CAN,2038,H49,52808.28814285928,3646476.4149442106,0.0144820045802126
CAN,2038,H50,-1121.7586746738825,3646476.4149442106,-0.0003076281174003
CAN,2038,H51,10075.92478219145,3646476.4149442106,0.0027631948312891
CAN,2038,H52,14524.310069154351,3646476.4149442106,0.0039831081889437
CAN,2038,H53,2783.4519455960667,3646476.4149442106,0.000763326463374
CAN,2038,I,100238.98508193798,3646476.4149442106,0.0274892728418954
CAN,2038,J58T60,36865.521519738264,3646476.4149442106,0.0101099026360499
CAN,2038,J61,67293.4859330743,3646476.4149442106,0.0184543867217372
CAN,2038,J62_63,46263.57727817901,3646476.4149442106,0.0126872004679857
CAN,2038,K,164953.83780824154,3646476.4149442106,0.0452365020468027
CAN,2038,L,547875.3146072195,3646476.4149442106,0.1502478700703736
CAN,2038,M,26897.676230237517,3646476.4149442106,0.0073763472375699
CAN,2038,N,37329.083026932865,3646476.4149442106,0.0102370285116746
CAN,2038,O,465128.77555537946,3646476.4149442106,0.1275556791342899
CAN,2038,P,246303.67506481515,3646476.4149442106,0.067545665194871
CAN,2038,Q,341461.303955059,3646476.4149442106,0.0936414404205829
CAN,2038,R,32744.151914086175,3646476.4149442106,0.0089796691896572
CAN,2038,S,54469.7499801783,3646476.4149442106,0.0149376394584501
CAN,2038,T,5114.914064157152,3646476.4149442106,0.0014027004379337
CAN,2038,employees_compensation,0.0,3646476.4149442106,0.0
CAN,2039,A01_02,61240.61890992247,3780341.388818704,0.016199758860683
CAN,2039,A03,3300.233161625355,3780341.388818704,0.0008729987115414
CAN,2039,B05_06,111908.73514685092,3780341.388818704,0.0296028119253591
CAN,2039,B07_08,23104.271358190257,3780341.388818704,0.0061116891258887
CAN,2039,B09,6057.025530006268,3780341.388818704,0.0016022430005717
CAN,2039,C10T12,153925.94575851038,3780341.388818704,0.0407174722933184
CAN,2039,C13T15,-506.9714773181601,3780341.388818704,-0.0001341073266075
CAN,2039,C16,15894.383571432496,3780341.388818704,0.0042044836528373
CAN,2039,C17_18,23728.328534008768,3780341.388818704,0.0062767687077657
CAN,2039,C19,21740.750816022217,3780341.388818704,0.0057510019810184
CAN,2039,C20,4833.6239385030785,3780341.388818704,0.001278621013647
CAN,2039,C21,6956.042153533098,3780341.388818704,0.0018400566081432
CAN,2039,C22,5607.877112808059,3780341.388818704,0.0014834313983903
CAN,2039,C23,2075.631921571731,3780341.388818704,0.0005490593859356
CAN,2039,C24,36631.98826976967,3780341.388818704,0.0096901270287699
CAN,2039,C25,-4578.8185864383695,3780341.388818704,-0.001211218277794
CAN,2039,C26,-14117.464138862493,3780341.388818704,-0.0037344415984806
CAN,2039,C27,-9180.910354751255,3780341.388818704,-0.0024285929260003
CAN,2039,C28,1730.373068821727,3780341.388818704,0.0004577293135323
CAN,2039,C29,55947.289646979174,3780341.388818704,0.0147995336644614
CAN,2039,C30,23070.921128494127,3780341.388818704,0.0061028671105557
CAN,2039,C31T33,31258.52248367232,3780341.388818704,0.0082687036086548
CAN,2039,D,57860.00929543269,3780341.388818704,0.0153054984575118
CAN,2039,E,9965.24057687823,3780341.388818704,0.0026360689556644
CAN,2039,F,530498.9846851387,3780341.388818704,0.1403309728201323
CAN,2039,G,286705.44659277186,3780341.388818704,0.0758411521882056
CAN,2039,H49,54746.921307639735,3780341.388818704,0.0144820045802126
CAN,2039,H50,-1162.9393045727334,3780341.388818704,-0.0003076281174003
CAN,2039,H51,10445.819786092101,3780341.388818704,0.0027631948312891
CAN,2039,H52,15057.50874280658,3780341.388818704,0.0039831081889437
CAN,2039,H53,2885.6346226733367,3780341.388818704,0.000763326463374
CAN,2039,I,103918.83587274713,3780341.388818704,0.0274892728418954
CAN,2039,J58T60,38218.88337198676,3780341.388818704,0.0101099026360499
CAN,2039,J61,69763.88192944946,3780341.388818704,0.0184543867217372
CAN,2039,J62_63,47961.94903736637,3780341.388818704,0.0126872004679857
CAN,2039,K,171009.42097291027,3780341.388818704,0.0452365020468027
CAN,2039,L,567988.2418088884,3780341.388818704,0.1502478700703736
CAN,2039,M,27885.110760484007,3780341.388818704,0.0073763472375699
CAN,2039,N,38699.462581200634,3780341.388818704,0.0102370285116746
CAN,2039,O,482204.0132102344,3780341.388818704,0.1275556791342899
CAN,2039,P,255345.67377146182,3780341.388818704,0.067545665194871
CAN,2039,Q,353996.6129305303,3780341.388818704,0.0936414404205829
CAN,2039,R,33946.21509556123,3780341.388818704,0.0089796691896572
CAN,2039,S,56469.376696030326,3780341.388818704,0.0149376394584501
CAN,2039,T,5302.686521634888,3780341.388818704,0.0014027004379337
CAN,2039,employees_compensation,0.0,3780341.388818704,0.0
CAN,2040,A01_02,63464.81622808258,3917639.5632722913,0.016199758860683
CAN,2040,A03,3420.094291020323,3917639.5632722913,0.0008729987115414
CAN,2040,B05_06,115973.14718289561,3917639.5632722913,0.0296028119253591
CAN,2040,B07_08,23943.395118002616,3917639.5632722913,0.0061116891258887
CAN,2040,B09,6277.010569015801,3917639.5632722913,0.0016022430005717
CAN,2040,C10T12,159516.38037274752,3917639.5632722913,0.0407174722933184
CAN,2040,C13T15,-525.3841684422208,3917639.5632722913,-0.0001341073266075
CAN,2040,C16,16471.65150148701,3917639.5632722913,0.0042044836528373
CAN,2040,C17_18,24590.1174190524,3917639.5632722913,0.0062767687077657
CAN,2040,C19,22530.352889295005,3917639.5632722913,0.0057510019810184
CAN,2040,C20,5009.1762694948075,3917639.5632722913,0.001278621013647
CAN,2040,C21,7208.678566722419,3917639.5632722913,0.0018400566081432
CAN,2040,C22,5811.54953573418,3917639.5632722913,0.0014834313983903
CAN,2040,C23,2151.016772927296,3917639.5632722913,0.0005490593859356
CAN,2040,C24,37962.425021043135,3917639.5632722913,0.0096901270287699
CAN,2040,C25,-4745.116644844304,3917639.5632722913,-0.001211218277794
CAN,2040,C26,-14630.196152937415,3917639.5632722913,-0.0037344415984806
CAN,2040,C27,-9514.351729981992,3917639.5632722913,-0.0024285929260003
CAN,2040,C28,1793.2184679636055,3917639.5632722913,0.0004577293135323
CAN,2040,C29,57979.23860187413,3917639.5632722913,0.0147995336644614
CAN,2040,C30,23908.83364170626,3917639.5632722913,0.0061028671105557
CAN,2040,C31T33,32393.800394238413,3917639.5632722913,0.0082687036086548
CAN,2040,D,59961.426292751254,3917639.5632722913,0.0153054984575118
CAN,2040,E,10327.168032224725,3917639.5632722913,0.0026360689556644
CAN,2040,F,549766.1710726388,3917639.5632722913,0.1403309728201323
CAN,2040,G,297118.29833666916,3917639.5632722913,0.0758411521882056
CAN,2040,H49,56735.27409893141,3917639.5632722913,0.0144820045802126
CAN,2040,H50,-1205.1760835023883,3917639.5632722913,-0.0003076281174003
CAN,2040,H51,10825.201392087683,3917639.5632722913,0.0027631948312891
CAN,2040,H52,15604.382225799684,3917639.5632722913,0.0039831081889437
CAN,2040,H53,2990.4379526067,3917639.5632722913,0.000763326463374
CAN,2040,I,107693.06285099595,3917639.5632722913,0.0274892728418954
CAN,2040,J58T60,39606.95454781992,3917639.5632722913,0.0101099026360499
CAN,2040,J61,72297.6355370045,3917639.5632722913,0.0184543867217372
CAN,2040,J62_63,49703.87850054751,3917639.5632722913,0.0126872004679857
CAN,2040,K,177220.31012260224,3917639.5632722913,0.0452365020468027
CAN,2040,L,588617.0000850904,3917639.5632722913,0.1502478700703736
CAN,2040,M,28897.869770338115,3917639.5632722913,0.0073763472375699
CAN,2040,N,40104.98790768288,3917639.5632722913,0.0102370285116746
CAN,2040,O,499717.17509656,3917639.5632722913,0.1275556791342899
CAN,2040,P,264619.5702949708,3917639.5632722913,0.067545665194871
CAN,2040,Q,366853.4117534807,3917639.5632722913,0.0936414404205829
CAN,2040,R,35179.107282498284,3917639.5632722913,0.0089796691896572
CAN,2040,S,58520.2873243214,3917639.5632722913,0.0149376394584501
CAN,2040,T,5495.274731068432,3917639.5632722913,0.0014027004379337
CAN,2040,employees_compensation,0.0,3917639.5632722913,0.0
USA,2021,A01_02,185679.52270711426,22804239.49966517,0.0081423247072037
USA,2021,A03,-6654.858461840388,22804239.49966517,-0.0002918254941998
USA,2021,B05_06,-47493.81374255829,22804239.49966517,-0.0020826747475291
USA,2021,B07_08,21625.711630083835,22804239.49966517,0.0009483197907302
USA,2021,B09,55770.32887735718,22804239.49966517,0.0024456123116132
USA,2021,C10T12,738164.6323731731,22804239.49966517,0.0323696228670117
USA,2021,C13T15,20295.826734911454,22804239.49966517,0.0008900023495723
USA,2021,C16,8264.870879127799,22804239.49966517,0.0003624269460619
USA,2021,C17_18,53044.57497154973,22804239.49966517,0.0023260839271719
USA,2021,C19,169295.61138891272,22804239.49966517,0.0074238656979286
USA,2021,C20,172268.6671056129,22804239.49966517,0.0075542386365545
USA,2021,C21,235258.5453959648,22804239.49966517,0.0103164389849273
USA,2021,C22,35554.79205773088,22804239.49966517,0.0015591307948793
USA,2021,C23,8124.918015743734,22804239.49966517,0.0003562898037386
USA,2021,C24,-750.2227581588548,22804239.49966517,-3.2898389712573846e-05
USA,2021,C25,68095.2744643868,22804239.49966517,0.0029860796044256
USA,2021,C26,254669.29780229545,22804239.49966517,0.0111676295017878
USA,2021,C27,29197.47205267316,22804239.49966517,0.0012803528069025
USA,2021,C28,218172.43001203387,22804239.49966517,0.0095671872774024
USA,2021,C29,409760.13714836806,22804239.49966517,0.0179685947060144
USA,2021,C30,179416.57662181955,22804239.49966517,0.0078676851567207
USA,2021,C31T33,168244.19055076045,22804239.49966517,0.0073777593220432
USA,2021,D,203497.89542616974,22804239.49966517,0.0089236869937784
USA,2021,E,51729.21767154671,22804239.49966517,0.0022684035427845
USA,2021,F,1651689.7589764944,22804239.49966517,0.0724290656130298
USA,2021,G,2305767.117943625,22804239.49966517,0.1011113358100576
USA,2021,H49,238675.74629321584,22804239.49966517,0.0104662883538265
USA,2021,H50,21149.184329004456,22804239.49966517,0.0009274233560525
USA,2021,H51,60946.25597145251,22804239.49966517,0.0026725844539717
USA,2021,H52,37890.74064277908,22804239.49966517,0.0016615656331506
USA,2021,H53,27992.568835023965,22804239.49966517,0.0012275159991823
USA,2021,I,739839.9635198849,22804239.49966517,0.0324430886428266
USA,2021,J58T60,560037.7956888834,22804239.49966517,0.0245584947350297
USA,2021,J61,354795.5907633653,22804239.49966517,0.0155583171615337
USA,2021,J62_63,514525.7233636612,22804239.49966517,0.022562722311841
USA,2021,K,1340165.885747465,22804239.49966517,0.0587682779672237
USA,2021,L,2778719.2998403106,22804239.49966517,0.1218509961659151
USA,2021,M,687629.3390496429,22804239.49966517,0.0301535746920979
USA,2021,N,223675.7270369602,22804239.49966517,0.0098085150807263
USA,2021,O,3010558.9808739293,22804239.49966517,0.1320175128365115
USA,2021,P,1585972.7960082605,22804239.49966517,0.0695472785238704
USA,2021,Q,2759929.1308123493,22804239.49966517,0.1210270191581207
USA,2021,R,187255.60043644943,22804239.49966517,0.0082114380722584
USA,2021,S,460870.21311129763,22804239.49966517,0.0202098479591071
USA,2021,T,24920.48149629189,22804239.49966517,0.0010928003758537
USA,2021,employees_compensation,0.0,22804239.49966517,0.0
USA,2022,A01_02,203914.8682960175,25043814.34402995,0.0081423247072037
USA,2022,A03,-7308.423497594581,25043814.34402995,-0.0002918254941998
USA,2022,B05_06,-52158.11971611823,25043814.34402995,-0.0020826747475291
USA,2022,B07_08,23749.544777816467,25043814.34402995,0.0009483197907302
USA,2022,B09,61247.460689514905,25043814.34402995,0.0024456123116132
USA,2022,C10T12,810658.8254677075,25043814.34402995,0.0323696228670117
USA,2022,C13T15,22289.053608439128,25043814.34402995,0.0008900023495723
USA,2022,C16,9076.55315044798,25043814.34402995,0.0003624269460619
USA,2022,C17_18,58254.01402072515,25043814.34402995,0.0023260839271719
USA,2022,C19,185921.9142539362,25043814.34402995,0.0074238656979286
USA,2022,C20,189186.94992436885,25043814.34402995,0.0075542386365545
USA,2022,C21,258362.98263003211,25043814.34402995,0.0103164389849273
USA,2022,C22,39046.58216501703,25043814.34402995,0.0015591307948793
USA,2022,C23,8922.855697500367,25043814.34402995,0.0003562898037386
USA,2022,C24,-823.9011641792443,25043814.34402995,-3.2898389712573846e-05
USA,2022,C25,74782.82322972913,25043814.34402995,0.0029860796044256
USA,2022,C26,279680.0399056854,25043814.34402995,0.0111676295017878
USA,2022,C27,32064.917990923837,25043814.34402995,0.0012803528069025
USA,2022,C28,239598.86196983108,25043814.34402995,0.0095671872774024
USA,2022,C29,450002.1498405441,25043814.34402995,0.0179685947060144
USA,2022,C30,197036.8463821934,25043814.34402995,0.0078676851567207
USA,2022,C31T33,184767.23473618616,25043814.34402995,0.0073777593220432
USA,2022,D,223483.16033642102,25043814.34402995,0.0089236869937784
USA,2022,E,56809.477182834824,25043814.34402995,0.0022684035427845
USA,2022,F,1813900.072324282,25043814.34402995,0.0724290656130298
USA,2022,G,2532213.52210395,25043814.34402995,0.1011113358100576
USA,2022,H49,262115.78240431374,25043814.34402995,0.0104662883538265
USA,2022,H50,23226.218347296,25043814.34402995,0.0009274233560525
USA,2022,H51,66931.70888400792,25043814.34402995,0.0026725844539717
USA,2022,H52,41611.9412370442,25043814.34402995,0.0016615656331506
USA,2022,H53,30741.682787847945,25043814.34402995,0.0012275159991823
USA,2022,I,812498.688717856,25043814.34402995,0.0324430886428266
USA,2022,J58T60,615038.3827129209,25043814.34402995,0.0245584947350297
USA,2022,J61,389639.606498985,25043814.34402995,0.0155583171615337
USA,2022,J62_63,565056.6286736483,25043814.34402995,0.022562722311841
USA,2022,K,1471781.8427294963,25043814.34402995,0.0587682779672237
USA,2022,L,3051613.7256142832,25043814.34402995,0.1218509961659151
USA,2022,M,755160.5263977399,25043814.34402995,0.0301535746920979
USA,2022,N,245642.6306723274,25043814.34402995,0.0098085150807263
USA,2022,O,3306222.081638185,25043814.34402995,0.1320175128365115
USA,2022,P,1741729.1314843516,25043814.34402995,0.0695472785238704
USA,2022,Q,3030978.198407331,25043814.34402995,0.1210270191581207
USA,2022,R,205645.7305791386,25043814.34402995,0.0082114380722584
USA,2022,S,506131.6802089508,25043814.34402995,0.0202098479591071
USA,2022,T,27367.889727966216,25043814.34402995,0.0010928003758537
USA,2022,employees_compensation,0.0,25043814.34402995,0.0
USA,2023,A01_02,217352.42914662694,26694149.025318325,0.0081423247072037
USA,2023,A03,-7790.03323155663,26694149.025318325,-0.0002918254941998
USA,2023,B05_06,-55595.23008180901,26694149.025318325,-0.0020826747475291
USA,2023,B07_08,25314.589817410648,26694149.025318325,0.0009483197907302
USA,2023,B09,65283.53950435599,26694149.025318325,0.0024456123116132
USA,2023,C10T12,864079.5367053621,26694149.025318325,0.0323696228670117
USA,2023,C13T15,23757.85535236643,26694149.025318325,0.0008900023495723
USA,2023,C16,9674.678908967364,26694149.025318325,0.0003624269460619
USA,2023,C17_18,62092.830997324396,26694149.025318325,0.0023260839271719
USA,2023,C19,198173.7772844549,26694149.025318325,0.0074238656979286
USA,2023,C20,201653.9719370033,26694149.025318325,0.0075542386365545
USA,2023,C21,275388.55967425305,26694149.025318325,0.0103164389849273
USA,2023,C22,41619.669788471045,26694149.025318325,0.0015591307948793
USA,2023,C23,9510.853117199607,26694149.025318325,0.0003562898037386
USA,2023,C24,-878.1945176804455,26694149.025318325,-3.2898389712573846e-05
USA,2023,C25,79710.85396200056,26694149.025318325,0.0029860796044256
USA,2023,C26,298110.366180265,26694149.025318325,0.0111676295017878
USA,2023,C27,34177.92863243995,26694149.025318325,0.0012803528069025
USA,2023,C28,255387.92293610913,26694149.025318325,0.0095671872774024
USA,2023,C29,479656.3448578943,26694149.025318325,0.0179685947060144
USA,2023,C30,210021.16005778732,26694149.025318325,0.0078676851567207
USA,2023,C31T33,196943.00681555265,26694149.025318325,0.0073777593220432
USA,2023,D,238210.23046721547,26694149.025318325,0.0089236869937784
USA,2023,E,60553.102220649496,26694149.025318325,0.0022684035427845
USA,2023,F,1933432.2712387762,26694149.025318325,0.0724290656130298
USA,2023,G,2699081.066262683,26694149.025318325,0.1011113358100576
USA,2023,H49,279388.6610589982,26694149.025318325,0.0104662883538265
USA,2023,H50,24756.777276026292,26694149.025318325,0.0009274233560525
USA,2023,H51,71342.36769706957,26694149.025318325,0.0026725844539717
USA,2023,H52,44354.080626669514,26694149.025318325,0.0016615656331506
USA,2023,H53,32767.495013134845,26694149.025318325,0.0012275159991823
USA,2023,I,866040.6430732256,26694149.025318325,0.0324430886428266
USA,2023,J58T60,655568.1182943783,26694149.025318325,0.0245584947350297
USA,2023,J61,415316.03689314815,26694149.025318325,0.0155583171615337
USA,2023,J62_63,602292.6718091585,26694149.025318325,0.022562722311841
USA,2023,K,1568769.1700184008,26694149.025318325,0.0587682779672237
USA,2023,L,3252708.6505364296,26694149.025318325,0.1218509961659151
USA,2023,M,804924.0164769284,26694149.025318325,0.0301535746920979
USA,2023,N,261829.96328199003,26694149.025318325,0.0098085150807263
USA,2023,O,3524095.161609713,26694149.025318325,0.1320175128365115
USA,2023,P,1856505.417221517,26694149.025318325,0.0695472785238704
USA,2023,Q,3230713.2854969297,26694149.025318325,0.1210270191581207
USA,2023,R,219197.35161303837,26694149.025318325,0.0082114380722584
USA,2023,S,539484.6931994302,26694149.025318325,0.0202098479591071
USA,2023,T,29171.376087962544,26694149.025318325,0.0010928003758537
USA,2023,employees_compensation,0.0,26694149.025318325,0.0
USA,2024,A01_02,228832.92663610197,28104126.875909075,0.0081423247072037
USA,2024,A03,-8201.500714616048,28104126.875909075,-0.0002918254941998
USA,2024,B05_06,-58531.755345809725,28104126.875909075,-0.0020826747475291
USA,2024,B07_08,26651.699717617084,28104126.875909075,0.0009483197907302
USA,2024,B09,68731.79869486265,28104126.875909075,0.0024456123116132
USA,2024,C10T12,909719.9879798244,28104126.875909075,0.0323696228670117
USA,2024,C13T15,25012.7389522371,28104126.875909075,0.0008900023495723
USA,2024,C16,10185.692875371893,28104126.875909075,0.0003624269460619
USA,2024,C17_18,65372.55781325192,28104126.875909075,0.0023260839271719
USA,2024,C19,208641.26348429467,28104126.875909075,0.0074238656979286
USA,2024,C20,212305.28109262206,28104126.875909075,0.0075542386365545
USA,2024,C21,289934.51013997145,28104126.875909075,0.0103164389849273
USA,2024,C22,43818.009675424815,28104126.875909075,0.0015591307948793
USA,2024,C23,10013.213848862359,28104126.875909075,0.0003562898037386
USA,2024,C24,-924.5805184952773,28104126.875909075,-3.2898389712573846e-05
USA,2024,C25,83921.16006434144,28104126.875909075,0.0029860796044256
USA,2024,C26,313856.4764213896,28104126.875909075,0.0111676295017878
USA,2024,C27,35983.19773111417,28104126.875909075,0.0012803528069025
USA,2024,C28,268877.44508970017,28104126.875909075,0.0095671872774024
USA,2024,C29,504991.6653996168,28104126.875909075,0.0179685947060144
USA,2024,C30,221114.42186418513,28104126.875909075,0.0078676851567207
USA,2024,C31T33,207345.484046623,28104126.875909075,0.0073777593220432
USA,2024,D,250792.4314740478,28104126.875909075,0.0089236869937784
USA,2024,E,63751.50097217723,28104126.875909075,0.0022684035427845
USA,2024,F,2035555.6494921325,28104126.875909075,0.0724290656130298
USA,2024,G,2841645.8101985077,28104126.875909075,0.1011113358100576
USA,2024,H49,294145.89581578947,28104126.875909075,0.0104662883538265
USA,2024,H50,26064.423666180857,28104126.875909075,0.0009274233560525
USA,2024,H51,75110.65258100284,28104126.875909075,0.0026725844539717
USA,2024,H52,46696.851366714654,28104126.875909075,0.0016615656331506
USA,2024,H53,34498.26538322766,28104126.875909075,0.0012275159991823
USA,2024,I,911784.6794643635,28104126.875909075,0.0324430886428266
USA,2024,J58T60,690195.0519146197,28104126.875909075,0.0245584947350297
USA,2024,J61,437252.91948337667,28104126.875909075,0.0155583171615337
USA,2024,J62_63,634105.610517884,28104126.875909075,0.022562722311841
USA,2024,K,1651631.1402695468,28104126.875909075,0.0587682779672237
USA,2024,L,3424515.856202788,28104126.875909075,0.1218509961659151
USA,2024,M,847439.8889089202,28104126.875909075,0.0301535746920979
USA,2024,N,275659.7522929995,28104126.875909075,0.0098085150807263
USA,2024,O,3710236.930599274,28104126.875909075,0.1320175128365115
USA,2024,P,1954565.53950904,28104126.875909075,0.0695472785238704
USA,2024,Q,3401358.7018329026,28104126.875909075,0.1210270191581207
USA,2024,R,230775.2974164203,28104126.875909075,0.0082114380722584
USA,2024,S,567980.131185578,28104126.875909075,0.0202098479591071
USA,2024,T,30712.20041303351,28104126.875909075,0.0010928003758537
USA,2024,employees_compensation,0.0,28104126.875909075,0.0
USA,2025,A01_02,240521.8080531249,29539697.408570528,0.0081423247072037
USA,2025,A03,-8620.436794768646,29539697.408570528,-0.0002918254941998
USA,2025,B05_06,-61521.58184248063,29539697.408570528,-0.0020826747475291
USA,2025,B07_08,28013.079664729037,29539697.408570528,0.0009483197907302
USA,2025,B09,72242.64766372863,29539697.408570528,0.0024456123116132
USA,2025,C10T12,956188.8647210707,29539697.408570528,0.0323696228670117
USA,2025,C13T15,26290.400099282553,29539697.408570528,0.0008900023495723
USA,2025,C16,10705.982319380837,29539697.408570528,0.0003624269460619
USA,2025,C17_18,68711.81535559734,29539697.408570528,0.0023260839271719
USA,2025,C19,219298.74631867712,29539697.408570528,0.0074238656979286
USA,2025,C20,223149.92347595232,29539697.408570528,0.0075542386365545
USA,2025,C21,304744.48594873294,29539697.408570528,0.0103164389849273
USA,2025,C22,46056.251901118565,29539697.408570528,0.0015591307948793
USA,2025,C23,10524.692992197224,29539697.408570528,0.0003562898037386
USA,2025,C24,-971.808477338661,29539697.408570528,-3.2898389712573846e-05
USA,2025,C25,88207.8879526362,29539697.408570528,0.0029860796044256
USA,2025,C26,329888.39625383687,29539697.408570528,0.0111676295017878
USA,2025,C27,37821.23449211378,29539697.408570528,0.0012803528069025
USA,2025,C28,282611.81722559256,29539697.408570528,0.0095671872774024
USA,2025,C29,530786.8504729077,29539697.408570528,0.0179685947060144
USA,2025,C30,232409.03883543127,29539697.408570528,0.0078676851567207
USA,2025,C31T33,217936.77792641657,29539697.408570528,0.0073777593220432
USA,2025,D,263603.01356501033,29539697.408570528,0.0089236869937784
USA,2025,E,67007.9542543835,29539697.408570528,0.0022684035427845
USA,2025,F,2139532.681794401,29539697.408570528,0.0724290656130298
USA,2025,G,2986798.264405463,29539697.408570528,0.1011113358100576
USA,2025,H49,309170.99096288055,29539697.408570528,0.0104662883538265
USA,2025,H50,27395.805307431816,29539697.408570528,0.0009274233560525
USA,2025,H51,78947.3360691737,29539697.408570528,0.0026725844539717
USA,2025,H52,49082.146027748626,29539697.408570528,0.0016615656331506
USA,2025,H53,36260.45118002425,29539697.408570528,0.0012275159991823
USA,2025,I,958359.0215085289,29539697.408570528,0.0324430886428266
USA,2025,J58T60,725450.5032827498,29539697.408570528,0.0245584947350297
USA,2025,J61,459587.9811382754,29539697.408570528,0.0155583171615337
USA,2025,J62_63,666495.989805386,29539697.408570528,0.022562722311841
USA,2025,K,1735997.1483745503,29539697.408570528,0.0587682779672237
USA,2025,L,3599441.5556740197,29539697.408570528,0.1218509961659151
USA,2025,M,890727.4721913021,29539697.408570528,0.0301535746920979
USA,2025,N,289740.5675120556,29539697.408570528,0.0098085150807263
USA,2025,O,3899757.381822625,29539697.408570528,0.1320175128365115
USA,2025,P,2054405.563184707,29539697.408570528,0.0695472785238704
USA,2025,Q,3575101.5241921535,29539697.408570528,0.1210270191581207
USA,2025,R,242563.39594372883,29539697.408570528,0.0082114380722584
USA,2025,S,596992.7933852404,29539697.408570528,0.0202098479591071
USA,2025,T,32280.992430690443,29539697.408570528,0.0010928003758537
USA,2025,employees_compensation,0.0,29539697.408570528,0.0
USA,2026,A01_02,252419.07339769573,31000860.623302683,0.0081423247072037
USA,2026,A03,-9046.841472014426,31000860.623302683,-0.0002918254941998
USA,2026,B05_06,-64564.70957182173,31000860.623302683,-0.0020826747475291
USA,2026,B07_08,29398.7296587465,31000860.623302683,0.0009483197907302
USA,2026,B09,75816.0864109539,31000860.623302683,0.0024456123116132
USA,2026,C10T12,1003486.1669291011,31000860.623302683,0.0323696228670117
USA,2026,C13T15,27590.838793502786,31000860.623302683,0.0008900023495723
USA,2026,C16,11235.547240994201,31000860.623302683,0.0003624269460619
USA,2026,C17_18,72110.60362436062,31000860.623302683,0.0023260839271719
USA,2026,C19,230146.22578760225,31000860.623302683,0.0074238656979286
USA,2026,C20,234187.89908699415,31000860.623302683,0.0075542386365545
USA,2026,C21,319818.48710053746,31000860.623302683,0.0103164389849273
USA,2026,C22,48334.3964655523,31000860.623302683,0.0015591307948793
USA,2026,C23,11045.290547204206,31000860.623302683,0.0003562898037386
USA,2026,C24,-1019.8783942105966,31000860.623302683,-3.2898389712573846e-05
USA,2026,C25,92571.03762688483,31000860.623302683,0.0029860796044256
USA,2026,C26,346206.1256776068,31000860.623302683,0.0111676295017878
USA,2026,C27,39692.038915438774,31000860.623302683,0.0012803528069025
USA,2026,C28,296591.0393437864,31000860.623302683,0.0095671872774024
USA,2026,C29,557041.9000777669,31000860.623302683,0.0179685947060144
USA,2026,C30,243905.01097152574,31000860.623302683,0.0078676851567207
USA,2026,C31T33,228716.88845493333,31000860.623302683,0.0073777593220432
USA,2026,D,276641.9767401031,31000860.623302683,0.0089236869937784
USA,2026,E,70322.46206726831,31000860.623302683,0.0022684035427845
USA,2026,F,2245363.368145582,31000860.623302683,0.0724290656130298
USA,2026,G,3134538.4288835493,31000860.623302683,0.1011113358100576
USA,2026,H49,324463.9465002714,31000860.623302683,0.0104662883538265
USA,2026,H50,28750.922199779172,31000860.623302683,0.0009274233560525
USA,2026,H51,82852.41816158217,31000860.623302683,0.0026725844539717
USA,2026,H52,51509.96460977142,31000860.623302683,0.0016615656331506
USA,2026,H53,38054.05240352461,31000860.623302683,0.0012275159991823
USA,2026,I,1005763.6692057216,31000860.623302683,0.0324430886428266
USA,2026,J58T60,761334.4723987685,31000860.623302683,0.0245584947350297
USA,2026,J61,482321.22185784444,31000860.623302683,0.0155583171615337
USA,2026,J62_63,699463.8096716646,31000860.623302683,0.022562722311841
USA,2026,K,1821867.1943334118,31000860.623302683,0.0587682779672237
USA,2026,L,3777485.748950124,31000860.623302683,0.1218509961659151
USA,2026,M,934786.7663240741,31000860.623302683,0.0301535746920979
USA,2026,N,304072.4089391585,31000860.623302683,0.0098085150807263
USA,2026,O,4092656.515279766,31000860.623302683,0.1320175128365115
USA,2026,P,2156025.488248518,31000860.623302683,0.0695472785238704
USA,2026,Q,3751941.752574683,31000860.623302683,0.1210270191581207
USA,2026,R,254561.64719496394,31000860.623302683,0.0082114380722584
USA,2026,S,626522.6797984174,31000860.623302683,0.0202098479591071
USA,2026,T,33877.75214093334,31000860.623302683,0.0010928003758537
USA,2026,employees_compensation,0.0,31000860.623302683,0.0
USA,2027,A01_02,264524.72266981436,32487616.520105537,0.0081423247072037
USA,2027,A03,-9480.714746353386,32487616.520105537,-0.0002918254941998
USA,2027,B05_06,-67661.13853383301,32487616.520105537,-0.0020826747475291
USA,2027,B07_08,30808.649699669473,32487616.520105537,0.0009483197907302
USA,2027,B09,79452.11493653848,32487616.520105537,0.0024456123116132
USA,2027,C10T12,1051611.8946039153,32487616.520105537,0.0323696228670117
USA,2027,C13T15,28914.055034897796,32487616.520105537,0.0008900023495723
USA,2027,C16,11774.38764021198,32487616.520105537,0.0003624269460619
USA,2027,C17_18,75568.92261954179,32487616.520105537,0.0023260839271719
USA,2027,C19,241183.70189107003,32487616.520105537,0.0074238656979286
USA,2027,C20,245419.2079257475,32487616.520105537,0.0075542386365545
USA,2027,C21,335156.51359538495,32487616.520105537,0.0103164389849273
USA,2027,C22,50652.443368726024,32487616.520105537,0.0015591307948793
USA,2027,C23,11575.006513883302,32487616.520105537,0.0003562898037386
USA,2027,C24,-1068.7902691110842,32487616.520105537,-3.2898389712573846e-05
USA,2027,C25,97010.60908708733,32487616.520105537,0.0029860796044256
USA,2027,C26,362809.6646926993,32487616.520105537,0.0111676295017878
USA,2027,C27,41595.61100108915,32487616.520105537,0.0012803528069025
USA,2027,C28,310815.1114442817,32487616.520105537,0.0095671872774024
USA,2027,C29,583756.8142141943,32487616.520105537,0.0179685947060144
USA,2027,C30,255602.33827246854,32487616.520105537,0.0078676851567207
USA,2027,C31T33,239685.81563217327,32487616.520105537,0.0073777593220432
USA,2027,D,289909.32099932607,32487616.520105537,0.0089236869937784
USA,2027,E,73695.02441083165,32487616.520105537,0.0022684035427845
USA,2027,F,2353047.7085456746,32487616.520105537,0.0724290656130298
USA,2027,G,3284866.303632766,32487616.520105537,0.1011113358100576
USA,2027,H49,340024.762427962,32487616.520105537,0.0104662883538265
USA,2027,H50,30129.774343222918,32487616.520105537,0.0009274233560525
USA,2027,H51,86825.89885822823,32487616.520105537,0.0026725844539717
USA,2027,H52,53980.30711278305,32487616.520105537,0.0016615656331506
USA,2027,H53,39879.069053728745,32487616.520105537,0.0012275159991823
USA,2027,I,1053998.6225559418,32487616.520105537,0.0324430886428266
USA,2027,J58T60,797846.9592626757,32487616.520105537,0.0245584947350297
USA,2027,J61,505452.6416420837,32487616.520105537,0.0155583171615337
USA,2027,J62_63,733009.0701167195,32487616.520105537,0.022562722311841
USA,2027,K,1909241.278146131,32487616.520105537,0.0587682779672237
USA,2027,L,3958648.4360311,32487616.520105537,0.1218509961659151
USA,2027,M,979617.7713072359,32487616.520105537,0.0301535746920979
USA,2027,N,318655.276574308,32487616.520105537,0.0098085150807263
USA,2027,O,4288934.330970696,32487616.520105537,0.1320175128365115
USA,2027,P,2259425.314700473,32487616.520105537,0.0695472785238704
USA,2027,Q,3931879.386980491,32487616.520105537,0.1210270191581207
USA,2027,R,266770.05117012555,32487616.520105537,0.0082114380722584
USA,2027,S,656569.790425109,32487616.520105537,0.0202098479591071
USA,2027,T,35502.47954376221,32487616.520105537,0.0010928003758537
USA,2027,employees_compensation,0.0,32487616.520105537,0.0
USA,2028,A01_02,276838.75586948096,33999965.09897909,0.0081423247072037
USA,2028,A03,-9922.056617785525,33999965.09897909,-0.0002918254941998
USA,2028,B05_06,-70810.86872851448,33999965.09897909,-0.0020826747475291
USA,2028,B07_08,32242.83978749796,33999965.09897909,0.0009483197907302
USA,2028,B09,83150.73324048238,33999965.09897909,0.0024456123116132
USA,2028,C10T12,1100566.0477455133,33999965.09897909,0.0323696228670117
USA,2028,C13T15,30260.04882346759,33999965.09897909,0.0008900023495723
USA,2028,C16,12322.503517034178,33999965.09897909,0.0003624269460619
USA,2028,C17_18,79086.77234114082,33999965.09897909,0.0023260839271719
USA,2028,C19,252411.1746290805,33999965.09897909,0.0074238656979286
USA,2028,C20,256843.8499922124,33999965.09897909,0.0075542386365545
USA,2028,C21,350758.5654332755,33999965.09897909,0.0103164389849273
USA,2028,C22,53010.39261063973,33999965.09897909,0.0015591307948793
USA,2028,C23,12113.840892234512,33999965.09897909,0.0003562898037386
USA,2028,C24,-1118.5441020401236,33999965.09897909,-3.2898389712573846e-05
USA,2028,C25,101526.60233324369,33999965.09897909,0.0029860796044256
USA,2028,C26,379699.0132991145,33999965.09897909,0.0111676295017878
USA,2028,C27,43531.95074906491,33999965.09897909,0.0012803528069025
USA,2028,C28,325284.0335270784,33999965.09897909,0.0095671872774024
USA,2028,C29,610931.5928821901,33999965.09897909,0.0179685947060144
USA,2028,C30,267501.02073825966,33999965.09897909,0.0078676851567207
USA,2028,C31T33,250843.55945813644,33999965.09897909,0.0073777593220432
USA,2028,D,303405.04634267924,33999965.09897909,0.0089236869937784
USA,2028,E,77125.64128507354,33999965.09897909,0.0022684035427845
USA,2028,F,2462585.7029946796,33999965.09897909,0.0724290656130298
USA,2028,G,3437781.8886531135,33999965.09897909,0.1011113358100576
USA,2028,H49,355853.4387459523,33999965.09897909,0.0104662883538265
USA,2028,H50,31532.36173776306,33999965.09897909,0.0009274233560525
USA,2028,H51,90867.7781591119,33999965.09897909,0.0026725844539717
USA,2028,H52,56493.1735367835,33999965.09897909,0.0016615656331506
USA,2028,H53,41735.50113063665,33999965.09897909,0.0012275159991823
USA,2028,I,1103063.8815591894,33999965.09897909,0.0324430886428266
USA,2028,J58T60,834987.9638744716,33999965.09897909,0.0245584947350297
USA,2028,J61,528982.2404909933,33999965.09897909,0.0155583171615337
USA,2028,J62_63,767131.771140551,33999965.09897909,0.022562722311841
USA,2028,K,1998119.3998127077,33999965.09897909,0.0587682779672237
USA,2028,L,4142929.616916949,33999965.09897909,0.1218509961659151
USA,2028,M,1025220.4871407878,33999965.09897909,0.0301535746920979
USA,2028,N,333489.17041750427,33999965.09897909,0.0098085150807263
USA,2028,O,4488590.828895415,33999965.09897909,0.1320175128365115
USA,2028,P,2364605.0425405717,33999965.09897909,0.0695472785238704
USA,2028,Q,4114914.4274095776,33999965.09897909,0.1210270191581207
USA,2028,R,279188.6078692138,33999965.09897909,0.0082114380722584
USA,2028,S,687134.1252653152,33999965.09897909,0.0202098479591071
USA,2028,T,37155.174639177036,33999965.09897909,0.0010928003758537
USA,2028,employees_compensation,0.0,33999965.09897909,0.0
USA,2029,A01_02,289361.1729966953,35537906.35992334,0.0081423247072037
USA,2029,A03,-10370.867086310845,35537906.35992334,-0.0002918254941998
USA,2029,B05_06,-74013.90015586614,35537906.35992334,-0.0020826747475291
USA,2029,B07_08,33701.29992223195,35537906.35992334,0.0009483197907302
USA,2029,B09,86911.94132278555,35537906.35992334,0.0024456123116132
USA,2029,C10T12,1150348.626353895,35537906.35992334,0.0323696228670117
USA,2029,C13T15,31628.820159212155,35537906.35992334,0.0008900023495723
USA,2029,C16,12879.894871460789,35537906.35992334,0.0003624269460619
USA,2029,C17_18,82664.15278915773,35537906.35992334,0.0023260839271719
USA,2029,C19,263828.6440016335,35537906.35992334,0.0074238656979286
USA,2029,C20,268461.8252863888,35537906.35992334,0.0075542386365545
USA,2029,C21,366624.642614209,35537906.35992334,0.0103164389849273
USA,2029,C22,55408.24419129341,35537906.35992334,0.0015591307948793
USA,2029,C23,12661.793682257832,35537906.35992334,0.0003562898037386
USA,2029,C24,-1169.1398929977147,35537906.35992334,-3.2898389712573846e-05
USA,2029,C25,106119.0173653539,35537906.35992334,0.0029860796044256
USA,2029,C26,396874.1714968522,35537906.35992334,0.0111676295017878
USA,2029,C27,45501.05815936605,35537906.35992334,0.0012803528069025
USA,2029,C28,339997.8055921764,35537906.35992334,0.0095671872774024
USA,2029,C29,638566.2360817541,35537906.35992334,0.0179685947060144
USA,2029,C30,279601.05836889904,35537906.35992334,0.0078676851567207
USA,2029,C31T33,262190.1199328227,35537906.35992334,0.0073777593220432
USA,2029,D,317129.1527701626,35537906.35992334,0.0089236869937784
USA,2029,E,80614.31268999392,35537906.35992334,0.0022684035427845
USA,2029,F,2573977.3514925963,35537906.35992334,0.0724290656130298
USA,2029,G,3593285.1839445904,35537906.35992334,0.1011113358100576
USA,2029,H49,371949.9754542424,35537906.35992334,0.0104662883538265
USA,2029,H50,32958.68438339959,35537906.35992334,0.0009274233560525
USA,2029,H51,94978.05606423313,35537906.35992334,0.0026725844539717
USA,2029,H52,59048.56388177276,35537906.35992334,0.0016615656331506
USA,2029,H53,43623.348634248316,35537906.35992334,0.0012275159991823
USA,2029,I,1152959.446215464,35537906.35992334,0.0324430886428266
USA,2029,J58T60,872757.4862341558,35537906.35992334,0.0245584947350297
USA,2029,J61,552910.018404573,35537906.35992334,0.0155583171615337
USA,2029,J62_63,801831.9127431585,35537906.35992334,0.022562722311841
USA,2029,K,2088501.5593331417,35537906.35992334,0.0587682779672237
USA,2029,L,4330329.291607669,35537906.35992334,0.1218509961659151
USA,2029,M,1071594.9138247294,35537906.35992334,0.0301535746920979
USA,2029,N,348574.09046874713,35537906.35992334,0.0098085150807263
USA,2029,O,4691626.009053923,35537906.35992334,0.1320175128365115
USA,2029,P,2471564.671768814,35537906.35992334,0.0695472785238704
USA,2029,Q,4301046.8738619415,35537906.35992334,0.1210270191581207
USA,2029,R,291817.31729222846,35537906.35992334,0.0082114380722584
USA,2029,S,718215.684319036,35537906.35992334,0.0202098479591071
USA,2029,T,38835.83742717782,35537906.35992334,0.0010928003758537
USA,2029,employees_compensation,0.0,35537906.35992334,0.0
USA,2030,A01_02,302091.9740514576,37101440.3029383,0.0081423247072037
USA,2030,A03,-10827.146151929346,37101440.3029383,-0.0002918254941998
USA,2030,B05_06,-77270.23281588798,37101440.3029383,-0.0020826747475291
USA,2030,B07_08,35184.03010387145,37101440.3029383,0.0009483197907302
USA,2030,B09,90735.73918344807,37101440.3029383,0.0024456123116132
USA,2030,C10T12,1200959.630429061,37101440.3029383,0.0323696228670117
USA,2030,C13T15,33020.36904213151,37101440.3029383,0.0008900023495723
USA,2030,C16,13446.561703491821,37101440.3029383,0.0003624269460619
USA,2030,C17_18,86301.06396359252,37101440.3029383,0.0023260839271719
USA,2030,C19,275436.11000872933,37101440.3029383,0.0074238656979286
USA,2030,C20,280273.1338082768,37101440.3029383,0.0075542386365545
USA,2030,C21,382754.74513818556,37101440.3029383,0.0103164389849273
USA,2030,C22,57845.998110687084,37101440.3029383,0.0015591307948793
USA,2030,C23,13218.86488395327,37101440.3029383,0.0003562898037386
USA,2030,C24,-1220.577641983858,37101440.3029383,-3.2898389712573846e-05
USA,2030,C25,110787.85418341799,37101440.3029383,0.0029860796044256
USA,2030,C26,414335.1392859126,37101440.3029383,0.0111676295017878
USA,2030,C27,47502.93323199259,37101440.3029383,0.0012803528069025
USA,2030,C28,354956.4276395759,37101440.3029383,0.0095671872774024
USA,2030,C29,666660.7438128864,37101440.3029383,0.0179685947060144
USA,2030,C30,291902.4511643868,37101440.3029383,0.0078676851567207
USA,2030,C31T33,273725.4970562323,37101440.3029383,0.0073777593220432
USA,2030,D,331081.6402817762,37101440.3029383,0.0089236869937784
USA,2030,E,84161.03862559288,37101440.3029383,0.0022684035427845
USA,2030,F,2687222.654039426,37101440.3029383,0.0724290656130298
USA,2030,G,3751376.1895071995,37101440.3029383,0.1011113358100576
USA,2030,H49,388314.37255283224,37101440.3029383,0.0104662883538265
USA,2030,H50,34408.742280132516,37101440.3029383,0.0009274233560525
USA,2030,H51,99156.73257359197,37101440.3029383,0.0026725844539717
USA,2030,H52,61646.47814775086,37101440.3029383,0.0016615656331506
USA,2030,H53,45542.61156456376,37101440.3029383,0.0012275159991823
USA,2030,I,1203685.3165247666,37101440.3029383,0.0324430886428266
USA,2030,J58T60,911155.5263417289,37101440.3029383,0.0245584947350297
USA,2030,J61,577235.975382823,37101440.3029383,0.0155583171615337
USA,2030,J62_63,837109.4949245428,37101440.3029383,0.022562722311841
USA,2030,K,2180387.756707434,37101440.3029383,0.0587682779672237
USA,2030,L,4520847.460103262,37101440.3029383,0.1218509961659151
USA,2030,M,1118741.0513590612,37101440.3029383,0.0301535746920979
USA,2030,N,363910.0367280368,37101440.3029383,0.0098085150807263
USA,2030,O,4898039.871446222,37101440.3029383,0.1320175128365115
USA,2030,P,2580304.2023852,37101440.3029383,0.0695472785238704
USA,2030,Q,4490276.726337585,37101440.3029383,0.1210270191581207
USA,2030,R,304656.17943916976,37101440.3029383,0.0082114380722584
USA,2030,S,749814.4675862715,37101440.3029383,0.0202098479591071
USA,2030,T,40544.467907764585,37101440.3029383,0.0010928003758537
USA,2030,employees_compensation,0.0,37101440.3029383,0.0
USA,2031,A01_02,315031.15903376776,38690566.92802395,0.0081423247072037
USA,2031,A03,-11290.893814641027,38690566.92802395,-0.0002918254941998
USA,2031,B05_06,-80579.86670858003,38690566.92802395,-0.0020826747475291
USA,2031,B07_08,36691.03033241647,38690566.92802395,0.0009483197907302
USA,2031,B09,94622.12682246987,38690566.92802395,0.0024456123116132
USA,2031,C10T12,1252399.0599710105,38690566.92802395,0.0323696228670117
USA,2031,C13T15,34434.69547222564,38690566.92802395,0.0008900023495723
USA,2031,C16,14022.504013127267,38690566.92802395,0.0003624269460619
USA,2031,C17_18,89997.5058644452,38690566.92802395,0.0023260839271719
USA,2031,C19,287233.57265036774,38690566.92802395,0.0074238656979286
USA,2031,C20,292277.7755578763,38690566.92802395,0.0075542386365545
USA,2031,C21,399148.8730052052,38690566.92802395,0.0103164389849273
USA,2031,C22,60323.65436882073,38690566.92802395,0.0015591307948793
USA,2031,C23,13785.054497320822,38690566.92802395,0.0003562898037386
USA,2031,C24,-1272.8573489985529,38690566.92802395,-3.2898389712573846e-05
USA,2031,C25,115533.11278743595,38690566.92802395,0.0029860796044256
USA,2031,C26,432081.91666629567,38690566.92802395,0.0111676295017878
USA,2031,C27,49537.575966944496,38690566.92802395,0.0012803528069025
USA,2031,C28,370159.8996692768,38690566.92802395,0.0095671872774024
USA,2031,C29,695215.116075587,38690566.92802395,0.0179685947060144
USA,2031,C30,304405.19912472286,38690566.92802395,0.0078676851567207
USA,2031,C31T33,285449.69082836504,38690566.92802395,0.0073777593220432
USA,2031,D,345262.50887752004,38690566.92802395,0.0089236869937784
USA,2031,E,87765.81909187033,38690566.92802395,0.0022684035427845
USA,2031,F,2802321.6106351675,38690566.92802395,0.0724290656130298
USA,2031,G,3912054.9053409384,38690566.92802395,0.1011113358100576
USA,2031,H49,404946.6300417218,38690566.92802395,0.0104662883538265
USA,2031,H50,35882.53542796183,38690566.92802395,0.0009274233560525
USA,2031,H51,103403.8076871884,38690566.92802395,0.0026725844539717
USA,2031,H52,64286.916334717775,38690566.92802395,0.0016615656331506
USA,2031,H53,47493.28992158297,38690566.92802395,0.0012275159991823
USA,2031,I,1255241.4924870962,38690566.92802395,0.0324430886428266
USA,2031,J58T60,950182.0841971904,38690566.92802395,0.0245584947350297
USA,2031,J61,601960.1114257432,38690566.92802395,0.0155583171615337
USA,2031,J62_63,872964.5176847035,38690566.92802395,0.022562722311841
USA,2031,K,2273777.9919355838,38690566.92802395,0.0587682779672237
USA,2031,L,4714484.122403728,38690566.92802395,0.1218509961659151
USA,2031,M,1166658.8997437828,38690566.92802395,0.0301535746920979
USA,2031,N,379497.0091953731,38690566.92802395,0.0098085150807263
USA,2031,O,5107832.416072309,38690566.92802395,0.1320175128365115
USA,2031,P,2690823.63438973,38690566.92802395,0.0695472785238704
USA,2031,Q,4682603.984836506,38690566.92802395,0.1210270191581207
USA,2031,R,317705.1943100376,38690566.92802395,0.0082114380722584
USA,2031,S,781930.4750670214,38690566.92802395,0.0202098479591071
USA,2031,T,42281.06608093731,38690566.92802395,0.0010928003758537
USA,2031,employees_compensation,0.0,38690566.92802395,0.0
USA,2032,A01_02,328178.72794362577,40305286.2351803,0.0081423247072037
USA,2032,A03,-11762.110074445889,40305286.2351803,-0.0002918254941998
USA,2032,B05_06,-83942.80183394224,40305286.2351803,-0.0020826747475291
USA,2032,B07_08,38222.300607867,40305286.2351803,0.0009483197907302
USA,2032,B09,98571.10423985099,40305286.2351803,0.0024456123116132
USA,2032,C10T12,1304666.9149797442,40305286.2351803,0.0323696228670117
USA,2032,C13T15,35871.79944949455,40305286.2351803,0.0008900023495723
USA,2032,C16,14607.721800367131,40305286.2351803,0.0003624269460619
USA,2032,C17_18,93753.47849171572,40305286.2351803,0.0023260839271719
USA,2032,C19,299221.0319265488,40305286.2351803,0.0074238656979286
USA,2032,C20,304475.7505351873,40305286.2351803,0.0075542386365545
USA,2032,C21,415807.0262152678,40305286.2351803,0.0103164389849273
USA,2032,C22,62841.21296569437,40305286.2351803,0.0015591307948793
USA,2032,C23,14360.362522360487,40305286.2351803,0.0003562898037386
USA,2032,C24,-1325.9790140418,40305286.2351803,-3.2898389712573846e-05
USA,2032,C25,120354.79317740777,40305286.2351803,0.0029860796044256
USA,2032,C26,450114.50363800133,40305286.2351803,0.0111676295017878
USA,2032,C27,51604.9863642218,40305286.2351803,0.0012803528069025
USA,2032,C28,385608.2216812791,40305286.2351803,0.0095671872774024
USA,2032,C29,724229.3528698559,40305286.2351803,0.0179685947060144
USA,2032,C30,317109.3022499072,40305286.2351803,0.0078676851567207
USA,2032,C31T33,297362.70124922093,40305286.2351803,0.0073777593220432
USA,2032,D,359671.75855739403,40305286.2351803,0.0089236869937784
USA,2032,E,91428.65408882634,40305286.2351803,0.0022684035427845
USA,2032,F,2919274.221279821,40305286.2351803,0.0724290656130298
USA,2032,G,4075321.331445808,40305286.2351803,0.1011113358100576
USA,2032,H49,421846.7479209112,40305286.2351803,0.0104662883538265
USA,2032,H50,37380.06382688755,40305286.2351803,0.0009274233560525
USA,2032,H51,107719.28140502243,40305286.2351803,0.0026725844539717
USA,2032,H52,66969.87844267352,40305286.2351803,0.0016615656331506
USA,2032,H53,49475.383705305954,40305286.2351803,0.0012275159991823
USA,2032,I,1307627.9741024533,40305286.2351803,0.0324430886428266
USA,2032,J58T60,989837.1598005405,40305286.2351803,0.0245584947350297
USA,2032,J61,627082.4265333337,40305286.2351803,0.0155583171615337
USA,2032,J62_63,909396.9810236406,40305286.2351803,0.022562722311841
USA,2032,K,2368672.2650175914,40305286.2351803,0.0587682779672237
USA,2032,L,4911239.278509066,40305286.2351803,0.1218509961659151
USA,2032,M,1215348.4589788946,40305286.2351803,0.0301535746920979
USA,2032,N,395335.00787075615,40305286.2351803,0.0098085150807263
USA,2032,O,5321003.642932186,40305286.2351803,0.1320175128365115
USA,2032,P,2803122.9677824043,40305286.2351803,0.0695472785238704
USA,2032,Q,4878028.649358705,40305286.2351803,0.1210270191581207
USA,2032,R,330964.361904832,40305286.2351803,0.0082114380722584
USA,2032,S,814563.7067612861,40305286.2351803,0.0202098479591071
USA,2032,T,44045.631946696,40305286.2351803,0.0010928003758537
USA,2032,employees_compensation,0.0,40305286.2351803,0.0
USA,2033,A01_02,341534.68078103167,41945598.22440736,0.0081423247072037
USA,2033,A03,-12240.794931343931,41945598.22440736,-0.0002918254941998
USA,2033,B05_06,-87359.03819197466,41945598.22440736,-0.0020826747475291
USA,2033,B07_08,39777.840930223036,41945598.22440736,0.0009483197907302
USA,2033,B09,102582.67143559142,41945598.22440736,0.0024456123116132
USA,2033,C10T12,1357763.1954552617,41945598.22440736,0.0323696228670117
USA,2033,C13T15,37331.680973938244,41945598.22440736,0.0008900023495723
USA,2033,C16,15202.215065211414,41945598.22440736,0.0003624269460619
USA,2033,C17_18,97568.98184540415,41945598.22440736,0.0023260839271719
USA,2033,C19,311398.4878372726,41945598.22440736,0.0074238656979286
USA,2033,C20,316867.0587402099,41945598.22440736,0.0075542386365545
USA,2033,C21,432729.20476837346,41945598.22440736,0.0103164389849273
USA,2033,C22,65398.673901308,41945598.22440736,0.0015591307948793
USA,2033,C23,14944.788959072268,41945598.22440736,0.0003562898037386
USA,2033,C24,-1379.942637113599,41945598.22440736,-3.2898389712573846e-05
USA,2033,C25,125252.89535333347,41945598.22440736,0.0029860796044256
USA,2033,C26,468432.9002010296,41945598.22440736,0.0111676295017878
USA,2033,C27,53705.16442382448,41945598.22440736,0.0012803528069025
USA,2033,C28,401301.3936755828,41945598.22440736,0.0095671872774024
USA,2033,C29,753703.4541956931,41945598.22440736,0.0179685947060144
USA,2033,C30,330014.7605399399,41945598.22440736,0.0078676851567207
USA,2033,C31T33,309464.5283188001,41945598.22440736,0.0073777593220432
USA,2033,D,374309.3893213983,41945598.22440736,0.0089236869937784
USA,2033,E,95149.5436164609,41945598.22440736,0.0022684035427845
USA,2033,F,3038080.4859733866,41945598.22440736,0.0724290656130298
USA,2033,G,4241175.4678218085,41945598.22440736,0.1011113358100576
USA,2033,H49,439014.72619040025,41945598.22440736,0.0104662883538265
USA,2033,H50,38901.32747690966,41945598.22440736,0.0009274233560525
USA,2033,H51,112103.15372709406,41945598.22440736,0.0026725844539717
USA,2033,H52,69695.3644716181,41945598.22440736,0.0016615656331506
USA,2033,H53,51488.89291573271,41945598.22440736,0.0012275159991823
USA,2033,I,1360844.761370838,41945598.22440736,0.0324430886428266
USA,2033,J58T60,1030120.7531517793,41945598.22440736,0.0245584947350297
USA,2033,J61,652602.9207055945,41945598.22440736,0.0155583171615337
USA,2033,J62_63,946406.8849413543,41945598.22440736,0.022562722311841
USA,2033,K,2465070.5759534566,41945598.22440736,0.0587682779672237
USA,2033,L,5111112.928419277,41945598.22440736,0.1218509961659151
USA,2033,M,1264809.7290643963,41945598.22440736,0.0301535746920979
USA,2033,N,411424.03275418584,41945598.22440736,0.0098085150807263
USA,2033,O,5537553.552025853,41945598.22440736,0.1320175128365115
USA,2033,P,2917202.202563222,41945598.22440736,0.0695472785238704
USA,2033,Q,5076550.719904183,41945598.22440736,0.1210270191581207
USA,2033,R,344433.68222355295,41945598.22440736,0.0082114380722584
USA,2033,S,847714.1626690654,41945598.22440736,0.0202098479591071
USA,2033,T,45838.165505040655,41945598.22440736,0.0010928003758537
USA,2033,employees_compensation,0.0,41945598.22440736,0.0
USA,2034,A01_02,355099.0175459854,43611502.89570511,0.0081423247072037
USA,2034,A03,-12726.948385335154,43611502.89570511,-0.0002918254941998
USA,2034,B05_06,-90828.57578267725,43611502.89570511,-0.0020826747475291
USA,2034,B07_08,41357.65129948458,43611502.89570511,0.0009483197907302
USA,2034,B09,106656.82840969114,43611502.89570511,0.0024456123116132
USA,2034,C10T12,1411687.901397563,43611502.89570511,0.0323696228670117
USA,2034,C13T15,38814.34004555672,43611502.89570511,0.0008900023495723
USA,2034,C16,15805.983807660112,43611502.89570511,0.0003624269460619
USA,2034,C17_18,101444.01592551044,43611502.89570511,0.0023260839271719
USA,2034,C19,323765.940382539,43611502.89570511,0.0074238656979286
USA,2034,C20,329451.700172944,43611502.89570511,0.0075542386365545
USA,2034,C21,449915.40866452205,43611502.89570511,0.0103164389849273
USA,2034,C22,67996.0371756616,43611502.89570511,0.0015591307948793
USA,2034,C23,15538.33380745616,43611502.89570511,0.0003562898037386
USA,2034,C24,-1434.7482182139495,43611502.89570511,-3.2898389712573846e-05
USA,2034,C25,130227.41931521302,43611502.89570511,0.0029860796044256
USA,2034,C26,487037.1063553805,43611502.89570511,0.0111676295017878
USA,2034,C27,55838.110145752544,43611502.89570511,0.0012803528069025
USA,2034,C28,417239.41565218783,43611502.89570511,0.0095671872774024
USA,2034,C29,783637.4200530986,43611502.89570511,0.0179685947060144
USA,2034,C30,343121.57399482094,43611502.89570511,0.0078676851567207
USA,2034,C31T33,321755.1720371024,43611502.89570511,0.0073777593220432
USA,2034,D,389175.40116953274,43611502.89570511,0.0089236869937784
USA,2034,E,98928.48767477396,43611502.89570511,0.0022684035427845
USA,2034,F,3158740.4047158645,43611502.89570511,0.0724290656130298
USA,2034,G,4409617.314468939,43611502.89570511,0.1011113358100576
USA,2034,H49,456450.5648501891,43611502.89570511,0.0104662883538265
USA,2034,H50,40446.326378028156,43611502.89570511,0.0009274233560525
USA,2034,H51,116555.42465340326,43611502.89570511,0.0026725844539717
USA,2034,H52,72463.37442155149,43611502.89570511,0.0016615656331506
USA,2034,H53,53533.817552863235,43611502.89570511,0.0012275159991823
USA,2034,I,1414891.8542922498,43611502.89570511,0.0324430886428266
USA,2034,J58T60,1071032.8642509065,43611502.89570511,0.0245584947350297
USA,2034,J61,678521.5939425254,43611502.89570511,0.0155583171615337
USA,2034,J62_63,983994.2294378441,43611502.89570511,0.022562722311841
USA,2034,K,2562972.924743179,43611502.89570511,0.0587682779672237
USA,2034,L,5314105.072134359,43611502.89570511,0.1218509961659151
USA,2034,M,1315042.710000288,43611502.89570511,0.0301535746920979
USA,2034,N,427764.08384566224,43611502.89570511,0.0098085150807263
USA,2034,O,5757482.143353309,43611502.89570511,0.1320175128365115
USA,2034,P,3033061.3387321834,43611502.89570511,0.0695472785238704
USA,2034,Q,5278170.196472939,43611502.89570511,0.1210270191581207
USA,2034,R,358113.1552662004,43611502.89570511,0.0082114380722584
USA,2034,S,881381.8427903593,43611502.89570511,0.0202098479591071
USA,2034,T,47658.66675597127,43611502.89570511,0.0010928003758537
USA,2034,employees_compensation,0.0,43611502.89570511,0.0
USA,2035,A01_02,368871.7382384871,45303000.24907357,0.0081423247072037
USA,2035,A03,-13220.570436419559,45303000.24907357,-0.0002918254941998
USA,2035,B05_06,-94351.41460605005,45303000.24907357,-0.0020826747475291
USA,2035,B07_08,42961.73171565165,45303000.24907357,0.0009483197907302
USA,2035,B09,110793.57516215018,45303000.24907357,0.0024456123116132
USA,2035,C10T12,1466441.0328066486,45303000.24907357,0.0323696228670117
USA,2035,C13T15,40319.77666434997,45303000.24907357,0.0008900023495723
USA,2035,C16,16419.02802771323,45303000.24907357,0.0003624269460619
USA,2035,C17_18,105378.58073203462,45303000.24907357,0.0023260839271719
USA,2035,C19,336323.38956234814,45303000.24907357,0.0074238656979286
USA,2035,C20,342229.6748333897,45303000.24907357,0.0075542386365545
USA,2035,C21,467365.6379037138,45303000.24907357,0.0103164389849273
USA,2035,C22,70633.3027887552,45303000.24907357,0.0015591307948793
USA,2035,C23,16140.997067512171,45303000.24907357,0.0003562898037386
USA,2035,C24,-1490.3957573428524,45303000.24907357,-3.2898389712573846e-05
USA,2035,C25,135278.36506304645,45303000.24907357,0.0029860796044256
USA,2035,C26,505927.1221010541,45303000.24907357,0.0111676295017878
USA,2035,C27,58003.823530006004,45303000.24907357,0.0012803528069025
USA,2035,C28,433422.2876110944,45303000.24907357,0.0095671872774024
USA,2035,C29,814031.2504420725,45303000.24907357,0.0179685947060144
USA,2035,C30,356429.74261455034,45303000.24907357,0.0078676851567207
USA,2035,C31T33,334234.6324041279,45303000.24907357,0.0073777593220432
USA,2035,D,404269.79410179745,45303000.24907357,0.0089236869937784
USA,2035,E,102765.48626376558,45303000.24907357,0.0022684035427845
USA,2035,F,3281253.977507255,45303000.24907357,0.0724290656130298
USA,2035,G,4580646.871387201,45303000.24907357,0.1011113358100576
USA,2035,H49,474154.2639002778,45303000.24907357,0.0104662883538265
USA,2035,H50,42015.060530243056,45303000.24907357,0.0009274233560525
USA,2035,H51,121076.09418395009,45303000.24907357,0.0026725844539717
USA,2035,H52,75273.90829247372,45303000.24907357,0.0016615656331506
USA,2035,H53,55610.157616697536,45303000.24907357,0.0012275159991823
USA,2035,I,1469769.2528666893,45303000.24907357,0.0324430886428266
USA,2035,J58T60,1112573.4930979225,45303000.24907357,0.0245584947350297
USA,2035,J61,704838.4462441269,45303000.24907357,0.0155583171615337
USA,2035,J62_63,1022159.0145131107,45303000.24907357,0.022562722311841
USA,2035,K,2662379.3113867603,45303000.24907357,0.0587682779672237
USA,2035,L,5520215.709654314,45303000.24907357,0.1218509961659151
USA,2035,M,1366047.4017865697,45303000.24907357,0.0301535746920979
USA,2035,N,444355.1611451854,45303000.24907357,0.0098085150807263
USA,2035,O,5980789.416914554,45303000.24907357,0.1320175128365115
USA,2035,P,3150700.3762892894,45303000.24907357,0.0695472785238704
USA,2035,Q,5482887.079064974,45303000.24907357,0.1210270191581207
USA,2035,R,372002.78103277454,45303000.24907357,0.0082114380722584
USA,2035,S,915566.747125168,45303000.24907357,0.0202098479591071
USA,2035,T,49507.135699487866,45303000.24907357,0.0010928003758537
USA,2035,employees_compensation,0.0,45303000.24907357,0.0
USA,2036,A01_02,382852.8428585366,47020090.28451272,0.0081423247072037
USA,2036,A03,-13721.661084597139,47020090.28451272,-0.0002918254941998
USA,2036,B05_06,-97927.55466209301,47020090.28451272,-0.0020826747475291
USA,2036,B07_08,44590.08217872422,47020090.28451272,0.0009483197907302
USA,2036,B09,114992.91169296851,47020090.28451272,0.0024456123116132
USA,2036,C10T12,1522022.5896825176,47020090.28451272,0.0323696228670117
USA,2036,C13T15,41847.990830318,47020090.28451272,0.0008900023495723
USA,2036,C16,17041.34772537076,47020090.28451272,0.0003624269460619
USA,2036,C17_18,109372.67626497666,47020090.28451272,0.0023260839271719
USA,2036,C19,349070.8353766998,47020090.28451272,0.0074238656979286
USA,2036,C20,355200.98272154684,47020090.28451272,0.0075542386365545
USA,2036,C21,485079.8924859484,47020090.28451272,0.0103164389849273
USA,2036,C22,73310.47074058876,47020090.28451272,0.0015591307948793
USA,2036,C23,16752.77873924029,47020090.28451272,0.0003562898037386
USA,2036,C24,-1546.8852545003067,47020090.28451272,-3.2898389712573846e-05
USA,2036,C25,140405.73259683372,47020090.28451272,0.0029860796044256
USA,2036,C26,525102.9474380502,47020090.28451272,0.0111676295017878
USA,2036,C27,60202.30457658483,47020090.28451272,0.0012803528069025
USA,2036,C28,449850.00955230225,47020090.28451272,0.0095671872774024
USA,2036,C29,844884.9453626145,47020090.28451272,0.0179685947060144
USA,2036,C30,369939.26639912796,47020090.28451272,0.0078676851567207
USA,2036,C31T33,346902.9094198766,47020090.28451272,0.0073777593220432
USA,2036,D,419592.56811819226,47020090.28451272,0.0089236869937784
USA,2036,E,106660.53938343571,47020090.28451272,0.0022684035427845
USA,2036,F,3405621.2043475565,47020090.28451272,0.0724290656130298
USA,2036,G,4754264.138576592,47020090.28451272,0.1011113358100576
USA,2036,H49,492125.8233406661,47020090.28451272,0.0104662883538265
USA,2036,H50,43607.52993355434,47020090.28451272,0.0009274233560525
USA,2036,H51,125665.16231873447,47020090.28451272,0.0026725844539717
USA,2036,H52,78126.96608438475,47020090.28451272,0.0016615656331506
USA,2036,H53,57717.91310723559,47020090.28451272,0.0012275159991823
USA,2036,I,1525476.957094156,47020090.28451272,0.0324430886428266
USA,2036,J58T60,1154742.639692827,47020090.28451272,0.0245584947350297
USA,2036,J61,731553.4776103983,47020090.28451272,0.0155583171615337
USA,2036,J62_63,1060901.2401671535,47020090.28451272,0.022562722311841
USA,2036,K,2763289.735884198,47020090.28451272,0.0587682779672237
USA,2036,L,5729444.840979141,47020090.28451272,0.1218509961659151
USA,2036,M,1417823.8044232412,47020090.28451272,0.0301535746920979
USA,2036,N,461197.26465275517,47020090.28451272,0.0098085150807263
USA,2036,O,6207475.372709588,47020090.28451272,0.1320175128365115
USA,2036,P,3270119.3152345386,47020090.28451272,0.0695472785238704
USA,2036,Q,5690701.367680286,47020090.28451272,0.1210270191581207
USA,2036,R,386102.55952327506,47020090.28451272,0.0082114380722584
USA,2036,S,950268.8756734909,47020090.28451272,0.0202098479591071
USA,2036,T,51383.57233559041,47020090.28451272,0.0010928003758537
USA,2036,employees_compensation,0.0,47020090.28451272,0.0
USA,2037,A01_02,397042.33140613395,48762773.00202258,0.0081423247072037
USA,2037,A03,-14230.220329867905,48762773.00202258,-0.0002918254941998
USA,2037,B05_06,-101556.99595080619,48762773.00202258,-0.0020826747475291
USA,2037,B07_08,46242.7026887023,48762773.00202258,0.0009483197907302
USA,2037,B09,119254.83800214618,48762773.00202258,0.0024456123116132
USA,2037,C10T12,1578432.5720251708,48762773.00202258,0.0323696228670117
USA,2037,C13T15,43398.982543460814,48762773.00202258,0.0008900023495723
USA,2037,C16,17672.942900632712,48762773.00202258,0.0003624269460619
USA,2037,C17_18,113426.30252433658,48762773.00202258,0.0023260839271719
USA,2037,C19,362008.27782559424,48762773.00202258,0.0074238656979286
USA,2037,C20,368365.6238374156,48762773.00202258,0.0075542386365545
USA,2037,C21,503058.1724112262,48762773.00202258,0.0103164389849273
USA,2037,C22,76027.54103116233,48762773.00202258,0.0015591307948793
USA,2037,C23,17373.67882264053,48762773.00202258,0.0003562898037386
USA,2037,C24,-1604.2167096863134,48762773.00202258,-3.2898389712573846e-05
USA,2037,C25,145609.52191657491,48762773.00202258,0.0029860796044256
USA,2037,C26,544564.5823663691,48762773.00202258,0.0111676295017878
USA,2037,C27,62433.55328548905,48762773.00202258,0.0012803528069025
USA,2037,C28,466522.5814758116,48762773.00202258,0.0095671872774024
USA,2037,C29,876198.5048147249,48762773.00202258,0.0179685947060144
USA,2037,C30,383650.14534855395,48762773.00202258,0.0078676851567207
USA,2037,C31T33,359760.0030843485,48762773.00202258,0.0073777593220432
USA,2037,D,435143.7232187174,48762773.00202258,0.0089236869937784
USA,2037,E,110613.6470337844,48762773.00202258,0.0022684035427845
USA,2037,F,3531842.085236771,48762773.00202258,0.0724290656130298
USA,2037,G,4930469.116037115,48762773.00202258,0.1011113358100576
USA,2037,H49,510365.2431713542,48762773.00202258,0.0104662883538265
USA,2037,H50,45223.73458796202,48762773.00202258,0.0009274233560525
USA,2037,H51,130322.62905775648,48762773.00202258,0.0026725844539717
USA,2037,H52,81022.54779728463,48762773.00202258,0.0016615656331506
USA,2037,H53,59857.08402447743,48762773.00202258,0.0012275159991823
USA,2037,I,1582014.9669746503,48762773.00202258,0.0324430886428266
USA,2037,J58T60,1197540.3040356198,48762773.00202258,0.0245584947350297
USA,2037,J61,758666.6880413401,48762773.00202258,0.0155583171615337
USA,2037,J62_63,1100220.9063999727,48762773.00202258,0.022562722311841
USA,2037,K,2865704.198235494,48762773.00202258,0.0587682779672237
USA,2037,L,5941792.466108842,48762773.00202258,0.1218509961659151
USA,2037,M,1470371.9179103028,48762773.00202258,0.0301535746920979
USA,2037,N,478290.3943683717,48762773.00202258,0.0098085150807263
USA,2037,O,6437540.010738413,48762773.00202258,0.1320175128365115
USA,2037,P,3391318.155567932,48762773.00202258,0.0695472785238704
USA,2037,Q,5901613.062318877,48762773.00202258,0.1210270191581207
USA,2037,R,400412.49073770223,48762773.00202258,0.0082114380722584
USA,2037,S,985488.2284353288,48762773.00202258,0.0202098479591071
USA,2037,T,53287.97666427893,48762773.00202258,0.0010928003758537
USA,2037,employees_compensation,0.0,48762773.00202258,0.0
USA,2038,A01_02,411440.2038812792,50531048.40160313,0.0081423247072037
USA,2038,A03,-14746.248172231848,50531048.40160313,-0.0002918254941998
USA,2038,B05_06,-105239.73847218954,50531048.40160313,-0.0020826747475291
USA,2038,B07_08,47919.59324558589,50531048.40160313,0.0009483197907302
USA,2038,B09,123579.35408968313,50531048.40160313,0.0024456123116132
USA,2038,C10T12,1635670.9798346078,50531048.40160313,0.0323696228670117
USA,2038,C13T15,44972.7518037784,50531048.40160313,0.0008900023495723
USA,2038,C16,18313.813553499076,50531048.40160313,0.0003624269460619
USA,2038,C17_18,117539.45951011438,50531048.40160313,0.0023260839271719
USA,2038,C19,375135.7169090313,50531048.40160313,0.0074238656979286
USA,2038,C20,381723.5981809959,50531048.40160313,0.0075542386365545
USA,2038,C21,521300.47767954686,50531048.40160313,0.0103164389849273
USA,2038,C22,78784.51366047587,50531048.40160313,0.0015591307948793
USA,2038,C23,18003.69731771288,50531048.40160313,0.0003562898037386
USA,2038,C24,-1662.3901229008716,50531048.40160313,-3.2898389712573846e-05
USA,2038,C25,150889.7330222699,50531048.40160313,0.0029860796044256
USA,2038,C26,564312.0268860104,50531048.40160313,0.0111676295017878
USA,2038,C27,64697.56965671865,50531048.40160313,0.0012803528069025
USA,2038,C28,483440.0033816223,50531048.40160313,0.0095671872774024
USA,2038,C29,907971.9287984035,50531048.40160313,0.0179685947060144
USA,2038,C30,397562.3794628282,50531048.40160313,0.0078676851567207
USA,2038,C31T33,372805.91339754366,50531048.40160313,0.0073777593220432
USA,2038,D,450923.2594033727,50531048.40160313,0.0089236869937784
USA,2038,E,114624.8092148116,50531048.40160313,0.0022684035427845
USA,2038,F,3659916.6201748974,50531048.40160313,0.0724290656130298
USA,2038,G,5109261.803768769,50531048.40160313,0.1011113358100576
USA,2038,H49,528872.523392342,50531048.40160313,0.0104662883538265
USA,2038,H50,46863.6744934661,50531048.40160313,0.0009274233560525
USA,2038,H51,135048.49440101607,50531048.40160313,0.0026725844539717
USA,2038,H52,83960.65343117331,50531048.40160313,0.0016615656331506
USA,2038,H53,62027.67036842304,50531048.40160313,0.0012275159991823
USA,2038,I,1639383.2825081719,50531048.40160313,0.0324430886428266
USA,2038,J58T60,1240966.4861263016,50531048.40160313,0.0245584947350297
USA,2038,J61,786178.0775369521,50531048.40160313,0.0155583171615337
USA,2038,J62_63,1140118.0132115686,50531048.40160313,0.022562722311841
USA,2038,K,2969622.6984406477,50531048.40160313,0.0587682779672237
USA,2038,L,6157258.585043414,50531048.40160313,0.1218509961659151
USA,2038,M,1523691.7422477542,50531048.40160313,0.0301535746920979
USA,2038,N,495634.55029203487,50531048.40160313,0.0098085150807263
USA,2038,O,6670983.331001026,50531048.40160313,0.1320175128365115
USA,2038,P,3514296.897289469,50531048.40160313,0.0695472785238704
USA,2038,Q,6115622.1629807465,50531048.40160313,0.1210270191581207
USA,2038,R,414932.5746760559,50531048.40160313,0.0082114380722584
USA,2038,S,1021224.8054106811,50531048.40160313,0.0202098479591071
USA,2038,T,55220.348685553414,50531048.40160313,0.0010928003758537
USA,2038,employees_compensation,0.0,50531048.40160313,0.0
USA,2039,A01_02,426046.4602839723,52324916.48325439,0.0081423247072037
USA,2039,A03,-15269.744611688973,52324916.48325439,-0.0002918254941998
USA,2039,B05_06,-108975.78222624307,52324916.48325439,-0.0020826747475291
USA,2039,B07_08,49620.753849374996,52324916.48325439,0.0009483197907302
USA,2039,B09,127966.45995557938,52324916.48325439,0.0024456123116132
USA,2039,C10T12,1693737.8131108286,52324916.48325439,0.0323696228670117
USA,2039,C13T15,46569.29861127077,52324916.48325439,0.0008900023495723
USA,2039,C16,18963.95968396986,52324916.48325439,0.0003624269460619
USA,2039,C17_18,121712.14722231006,52324916.48325439,0.0023260839271719
USA,2039,C19,388453.15262701106,52324916.48325439,0.0074238656979286
USA,2039,C20,395274.9057522877,52324916.48325439,0.0075542386365545
USA,2039,C21,539806.8082909107,52324916.48325439,0.0103164389849273
USA,2039,C22,81581.3886285294,52324916.48325439,0.0015591307948793
USA,2039,C23,18642.834224457343,52324916.48325439,0.0003562898037386
USA,2039,C24,-1721.4054941439817,52324916.48325439,-3.2898389712573846e-05
USA,2039,C25,156246.36591391882,52324916.48325439,0.0029860796044256
USA,2039,C26,584345.2809969744,52324916.48325439,0.0111676295017878
USA,2039,C27,66994.35369027364,52324916.48325439,0.0012803528069025
USA,2039,C28,500602.2752697345,52324916.48325439,0.0095671872774024
USA,2039,C29,940205.2173136504,52324916.48325439,0.0179685947060144
USA,2039,C30,411675.9687419508,52324916.48325439,0.0078676851567207
USA,2039,C31T33,386040.64035946195,52324916.48325439,0.0073777593220432
USA,2039,D,466931.1766721582,52324916.48325439,0.0089236869937784
USA,2039,E,118694.02592651734,52324916.48325439,0.0022684035427845
USA,2039,F,3789844.8091619364,52324916.48325439,0.0724290656130298
USA,2039,G,5290642.201771553,52324916.48325439,0.1011113358100576
USA,2039,H49,547647.6640036297,52324916.48325439,0.0104662883538265
USA,2039,H50,48527.349650066564,52324916.48325439,0.0009274233560525
USA,2039,H51,139842.75834851325,52324916.48325439,0.0026725844539717
USA,2039,H52,86941.28298605084,52324916.48325439,0.0016615656331506
USA,2039,H53,64229.67213907241,52324916.48325439,0.0012275159991823
USA,2039,I,1697581.9036947207,52324916.48325439,0.0324430886428266
USA,2039,J58T60,1285021.1859648717,52324916.48325439,0.0245584947350297
USA,2039,J61,814087.6460972343,52324916.48325439,0.0155583171615337
USA,2039,J62_63,1180592.5606019408,52324916.48325439,0.022562722311841
USA,2039,K,3075045.236499659,52324916.48325439,0.0587682779672237
USA,2039,L,6375843.197782858,52324916.48325439,0.1218509961659151
USA,2039,M,1577783.2774355956,52324916.48325439,0.0301535746920979
USA,2039,N,513229.7324237448,52324916.48325439,0.0098085150807263
USA,2039,O,6907805.333497428,52324916.48325439,0.1320175128365115
USA,2039,P,3639055.54039915,52324916.48325439,0.0695472785238704
USA,2039,Q,6332728.6696658945,52324916.48325439,0.1210270191581207
USA,2039,R,429662.8113383362,52324916.48325439,0.0082114380722584
USA,2039,S,1057478.6065995481,52324916.48325439,0.0202098479591071
USA,2039,T,57180.68839941386,52324916.48325439,0.0010928003758537
USA,2039,employees_compensation,0.0,52324916.48325439,0.0
USA,2040,A01_02,440861.1006142133,54144377.246976346,0.0081423247072037
USA,2040,A03,-15800.709648239279,54144377.246976346,-0.0002918254941998
USA,2040,B05_06,-112765.1272129668,54144377.246976346,-0.0020826747475291
USA,2040,B07_08,51346.18450006961,54144377.246976346,0.0009483197907302
USA,2040,B09,132416.15559983495,54144377.246976346,0.0024456123116132
USA,2040,C10T12,1752633.0718538335,54144377.246976346,0.0323696228670117
USA,2040,C13T15,48188.62296593793,54144377.246976346,0.0008900023495723
USA,2040,C16,19623.381292045062,54144377.246976346,0.0003624269460619
USA,2040,C17_18,125944.3656609236,54144377.246976346,0.0023260839271719
USA,2040,C19,401960.58497953345,54144377.246976346,0.0074238656979286
USA,2040,C20,409019.5465512911,54144377.246976346,0.0075542386365545
USA,2040,C21,558577.1642453175,54144377.246976346,0.0103164389849273
USA,2040,C22,84418.1659353229,54144377.246976346,0.0015591307948793
USA,2040,C23,19291.08954287392,54144377.246976346,0.0003562898037386
USA,2040,C24,-1781.262823415644,54144377.246976346,-3.2898389712573846e-05
USA,2040,C25,161679.42059152157,54144377.246976346,0.0029860796044256
USA,2040,C26,604664.3446992611,54144377.246976346,0.0111676295017878
USA,2040,C27,69323.90538615402,54144377.246976346,0.0012803528069025
USA,2040,C28,518009.39714014804,54144377.246976346,0.0095671872774024
USA,2040,C29,972898.3703604657,54144377.246976346,0.0179685947060144
USA,2040,C30,425990.9131859218,54144377.246976346,0.0078676851567207
USA,2040,C31T33,399464.18397010345,54144377.246976346,0.0073777593220432
USA,2040,D,483167.475025074,54144377.246976346,0.0089236869937784
USA,2040,E,122821.29716890161,54144377.246976346,0.0022684035427845
USA,2040,F,3921626.652197887,54144377.246976346,0.0724290656130298
USA,2040,G,5474610.310045468,54144377.246976346,0.1011113358100576
USA,2040,H49,566690.6650052171,54144377.246976346,0.0104662883538265
USA,2040,H50,50214.76005776342,54144377.246976346,0.0009274233560525
USA,2040,H51,144705.42090024802,54144377.246976346,0.0026725844539717
USA,2040,H52,89964.43646191718,54144377.246976346,0.0016615656331506
USA,2040,H53,66463.08933642556,54144377.246976346,0.0012275159991823
USA,2040,I,1756610.8305342973,54144377.246976346,0.0324430886428266
USA,2040,J58T60,1329704.4035513306,54144377.246976346,0.0245584947350297
USA,2040,J61,842395.3937221869,54144377.246976346,0.0155583171615337
USA,2040,J62_63,1221644.5485710895,54144377.246976346,0.022562722311841
USA,2040,K,3181971.812412528,54144377.246976346,0.0587682779672237
USA,2040,L,6597546.304327176,54144377.246976346,0.1218509961659151
USA,2040,M,1632646.5234738272,54144377.246976346,0.0301535746920979
USA,2040,N,531075.9407635013,54144377.246976346,0.0098085150807263
USA,2040,O,7148006.018227621,54144377.246976346,0.1320175128365115
USA,2040,P,3765594.0848969747,54144377.246976346,0.0695472785238704
USA,2040,Q,6552932.58237432,54144377.246976346,0.1210270191581207
USA,2040,R,444603.200724543,54144377.246976346,0.0082114380722584
USA,2040,S,1094249.6320019297,54144377.246976346,0.0202098479591071
USA,2040,T,59168.99580586028,54144377.246976346,0.0010928003758537
USA,2040,employees_compensation,0.0,54144377.246976346,0.0
GBR,2021,A01_02,22155.977951482713,2946692.732885886,0.0075189305298839
GBR,2021,A03,1004.9653675862669,2946692.732885886,0.0003410485784183
GBR,2021,B05_06,-2183.83566772201,2946692.732885886,-0.0007411141458184
GBR,2021,B07_08,-1081.1944734087747,2946692.732885886,-0.0003669179556261
GBR,2021,B09,1914.7026320276705,2946692.732885886,0.0006497802131383
GBR,2021,C10T12,86192.73949821624,2946692.732885886,0.0292506709424712
GBR,2021,C13T15,7637.480365472767,2946692.732885886,0.0025918821736099
GBR,2021,C16,-1569.6901653080986,2946692.732885886,-0.0005326955701183
GBR,2021,C17_18,1866.3309517274165,2946692.732885886,0.0006333646297419
GBR,2021,C19,8989.323132031526,2946692.732885886,0.0030506482850106
GBR,2021,C20,22639.111963155774,2946692.732885886,0.0076828885857345
GBR,2021,C21,21127.934047270974,2946692.732885886,0.0071700499381824
GBR,2021,C22,-1422.1274008261148,2946692.732885886,-0.0004826181518537
GBR,2021,C23,308.41317126337407,2946692.732885886,0.0001046641775104
GBR,2021,C24,-6318.973262928183,2946692.732885886,-0.0021444289702848
GBR,2021,C25,8262.698903136185,2946692.732885886,0.002804058533461
GBR,2021,C26,-5248.269033439729,2946692.732885886,-0.0017810710206964
GBR,2021,C27,5299.67122865039,2946692.732885886,0.0017985150502815
GBR,2021,C28,16976.128620057712,2946692.732885886,0.0057610786596782
GBR,2021,C29,42039.88562804524,2946692.732885886,0.0142668033076095
GBR,2021,C30,23429.027330371493,2946692.732885886,0.0079509570403786
GBR,2021,C31T33,21996.642802156377,2946692.732885886,0.0074648579937324
GBR,2021,D,41848.73007216008,2946692.732885886,0.0142019320864768
GBR,2021,E,27027.76378644132,2946692.732885886,0.009172236889447
GBR,2021,F,237084.52460934885,2946692.732885886,0.080457837345381
GBR,2021,G,289994.0513130473,2946692.732885886,0.0984134002424601
GBR,2021,H49,26506.74833838862,2946692.732885886,0.0089954232562378
GBR,2021,H50,12358.789479304938,2946692.732885886,0.0041941222243424
GBR,2021,H51,5375.317543144008,2946692.732885886,0.0018241866493761
GBR,2021,H52,18431.475126632344,2946692.732885886,0.0062549701639849
GBR,2021,H53,2267.1748277574516,2946692.732885886,0.0007693964160074
GBR,2021,I,83075.15556330117,2946692.732885886,0.0281926767036685
GBR,2021,J58T60,61314.19357455901,2946692.732885886,0.0208078001789179
GBR,2021,J61,35418.67678193985,2946692.732885886,0.0120198066078142
GBR,2021,J62_63,62804.624119134496,2946692.732885886,0.0213135979256398
GBR,2021,K,210493.27152826698,2946692.732885886,0.0714337362627278
GBR,2021,L,448134.4784149982,2946692.732885886,0.1520804912618464
GBR,2021,M,120991.79253925025,2946692.732885886,0.0410601998603211
GBR,2021,N,59019.51099607658,2946692.732885886,0.020029068635967
GBR,2021,O,236195.41815795112,2946692.732885886,0.0801561070558686
GBR,2021,P,197972.58261778858,2946692.732885886,0.0671846712785358
GBR,2021,Q,395092.1918465723,2946692.732885886,0.1340798745105782
GBR,2021,R,46517.47140812351,2946692.732885886,0.0157863325513977
GBR,2021,S,50084.9702489634,2946692.732885886,0.0169970114935981
GBR,2021,T,4666.876403710809,2946692.732885886,0.0015837675749586
GBR,2021,employees_compensation,0.0,2946692.732885886,0.0
GBR,2022,A01_02,21949.595198718307,2919244.314265161,0.0075189305298839
GBR,2022,A03,995.6041234358381,2919244.314265161,0.0003410485784183
GBR,2022,B05_06,-2163.4932564018454,2919244.314265161,-0.0007411141458184
GBR,2022,B07_08,-1071.1231557632889,2919244.314265161,-0.0003669179556261
GBR,2022,B09,1896.8671927259866,2919244.314265161,0.0006497802131383
GBR,2022,C10T12,85389.85483725021,2919244.314265161,0.0292506709424712
GBR,2022,C13T15,7566.337298555927,2919244.314265161,0.0025918821736099
GBR,2022,C16,-1555.0685143020858,2919244.314265161,-0.0005326955701183
GBR,2022,C17_18,1848.9460942307003,2919244.314265161,0.0006333646297419
GBR,2022,C19,8905.587660839958,2919244.314265161,0.0030506482850106
GBR,2022,C20,22428.22882103814,2919244.314265161,0.0076828885857345
GBR,2022,C21,20931.127515036238,2919244.314265161,0.0071700499381824
GBR,2022,C22,-1408.8802957600737,2919244.314265161,-0.0004826181518537
GBR,2022,C23,305.5403051044747,2919244.314265161,0.0001046641775104
GBR,2022,C24,-6260.112078849395,2919244.314265161,-0.0021444289702848
GBR,2022,C25,8185.7319306727295,2919244.314265161,0.002804058533461
GBR,2022,C26,-5199.381450470412,2919244.314265161,-0.0017810710206964
GBR,2022,C27,5250.304834654588,2919244.314265161,0.0017985150502815
GBR,2022,C28,16817.99612129994,2919244.314265161,0.0057610786596782
GBR,2022,C29,41648.284438478426,2919244.314265161,0.0142668033076095
GBR,2022,C30,23210.786133091777,2919244.314265161,0.0079509570403786
GBR,2022,C31T33,21791.744255000143,2919244.314265161,0.0074648579937324
GBR,2022,D,41458.90949502735,2919244.314265161,0.0142019320864768
GBR,2022,E,26776.000388611323,2919244.314265161,0.009172236889447
GBR,2022,F,234876.0842085746,2919244.314265161,0.080457837345381
GBR,2022,G,287292.75910530327,2919244.314265161,0.0984134002424601
GBR,2022,H49,26259.838195180797,2919244.314265161,0.0089954232562378
GBR,2022,H50,12243.6674567447,2919244.314265161,0.0041941222243424
GBR,2022,H51,5325.246504349594,2919244.314265161,0.0018241866493761
GBR,2022,H52,18259.78608711114,2919244.314265161,0.0062549701639849
GBR,2022,H53,2246.0561128455947,2919244.314265161,0.0007693964160074
GBR,2022,I,82301.31117110013,2919244.314265161,0.0281926767036685
GBR,2022,J58T60,60743.052364671676,2919244.314265161,0.0208078001789179
GBR,2022,J61,35088.75209842841,2919244.314265161,0.0120198066078142
GBR,2022,J62_63,62219.599560957715,2919244.314265161,0.0213135979256398
GBR,2022,K,208532.52843168515,2919244.314265161,0.0714337362627278
GBR,2022,L,443960.10942679754,2919244.314265161,0.1520804912618464
GBR,2022,M,119864.75498483352,2919244.314265161,0.0410601998603211
GBR,2022,N,58469.74473557332,2919244.314265161,0.020029068635967
GBR,2022,O,233995.25977647398,2919244.314265161,0.0801561070558686
GBR,2022,P,196128.4696356395,2919244.314265161,0.0671846712785358
GBR,2022,Q,391411.9113223917,2919244.314265161,0.1340798745105782
GBR,2022,R,46084.161543766764,2919244.314265161,0.0157863325513977
GBR,2022,S,49618.42916218584,2919244.314265161,0.0169970114935981
GBR,2022,T,4623.404488315416,2919244.314265161,0.0015837675749586
GBR,2022,employees_compensation,0.0,2919244.314265161,0.0
GBR,2023,A01_02,23752.765820719345,3159061.747719873,0.0075189305298839
GBR,2023,A03,1077.393518195493,3159061.747719873,0.0003410485784183
GBR,2023,B05_06,-2341.2253487489957,3159061.747719873,-0.0007411141458184
GBR,2023,B07_08,-1159.1164781699904,3159061.747719873,-0.0003669179556261
GBR,2023,B09,2052.6958157504696,3159061.747719873,0.0006497802131383
GBR,2023,C10T12,92404.67566950199,3159061.747719873,0.0292506709424712
GBR,2023,C13T15,8187.915829248075,3159061.747719873,0.0025918821736099
GBR,2023,C16,-1682.8181987405512,3159061.747719873,-0.0005326955701183
GBR,2023,C17_18,2000.837974176397,3159061.747719873,0.0006333646297419
GBR,2023,C19,9637.186302924221,3159061.747719873,0.0030506482850106
GBR,2023,C20,24270.719443187492,3159061.747719873,0.0076828885857345
GBR,2023,C21,22650.630488953262,3159061.747719873,0.0071700499381824
GBR,2023,C22,-1524.6205422762846,3159061.747719873,-0.0004826181518537
GBR,2023,C23,330.64059952966727,3159061.747719873,0.0001046641775104
GBR,2023,C24,-6774.383530729028,3159061.747719873,-0.0021444289702848
GBR,2023,C25,8858.194051424132,3159061.747719873,0.002804058533461
GBR,2023,C26,-5626.513331454388,3159061.747719873,-0.0017810710206964
GBR,2023,C27,5681.620098042771,3159061.747719873,0.0017985150502815
GBR,2023,C28,18199.60321939468,3159061.747719873,0.0057610786596782
GBR,2023,C29,45069.712591312535,3159061.747719873,0.0142668033076095
GBR,2023,C30,25117.564244024048,3159061.747719873,0.0079509570403786
GBR,2023,C31T33,23581.947340160943,3159061.747719873,0.0074648579937324
GBR,2023,D,44864.78039810435,3159061.747719873,0.0142019320864768
GBR,2023,E,28975.662698477136,3159061.747719873,0.009172236889447
GBR,2023,F,254171.2762620606,3159061.747719873,0.080457837345381
GBR,2023,G,310894.00816900143,3159061.747719873,0.0984134002424601
GBR,2023,H49,28417.09751333058,3159061.747719873,0.0089954232562378
GBR,2023,H50,13249.491084181866,3159061.747719873,0.0041941222243424
GBR,2023,H51,5762.718264745322,3159061.747719873,0.0018241866493761
GBR,2023,H52,19759.8369781738,3159061.747719873,0.0062549701639849
GBR,2023,H53,2430.5707866417433,3159061.747719873,0.0007693964160074
GBR,2023,I,89062.40654039236,3159061.747719873,0.0281926767036685
GBR,2023,J58T60,65733.12559941827,3159061.747719873,0.0208078001789179
GBR,2023,J61,37971.311269736405,3159061.747719873,0.0120198066078142
GBR,2023,J62_63,67330.97191317033,3159061.747719873,0.0213135979256398
GBR,2023,K,225663.58372429336,3159061.747719873,0.0714337362627278
GBR,2023,L,480431.66251974535,3159061.747719873,0.1520804912618464
GBR,2023,M,129711.70673247326,3159061.747719873,0.0410601998603211
GBR,2023,N,63273.0645703392,3159061.747719873,0.020029068635967
GBR,2023,O,253218.09164633355,3159061.747719873,0.0801561070558686
GBR,2023,P,212240.5250691565,3159061.747719873,0.0671846712785358
GBR,2023,Q,423566.60270544846,3159061.747719873,0.1340798745105782
GBR,2023,R,49869.99929990554,3159061.747719873,0.0157863325513977
GBR,2023,S,53694.60883498078,3159061.747719873,0.0169970114935981
GBR,2023,T,5003.21956333078,3159061.747719873,0.0015837675749586
GBR,2023,employees_compensation,0.0,3159061.747719873,0.0
GBR,2024,A01_02,25683.868374505702,3415893.825913868,0.0075189305298839
GBR,2024,A03,1164.9857333557727,3415893.825913868,0.0003410485784183
GBR,2024,B05_06,-2531.5672349985025,3415893.825913868,-0.0007411141458184
GBR,2024,B07_08,-1253.3527792401335,3415893.825913868,-0.0003669179556261
GBR,2024,B09,2219.580218260116,3415893.825913868,0.0006497802131383
GBR,2024,C10T12,99917.18627622556,3415893.825913868,0.0292506709424712
GBR,2024,C13T15,8853.594314330274,3415893.825913868,0.0025918821736099
GBR,2024,C16,-1819.6315090587689,3415893.825913868,-0.0005326955701183
GBR,2024,C17_18,2163.506328287579,3415893.825913868,0.0006333646297419
GBR,2024,C19,10420.69064180244,3415893.825913868,0.0030506482850106
GBR,2024,C20,26243.931685194606,3415893.825913868,0.0076828885857345
GBR,2024,C21,24492.12931533137,3415893.825913868,0.0071700499381824
GBR,2024,C22,-1648.5723651910155,3415893.825913868,-0.0004826181518537
GBR,2024,C23,357.5217177521285,3415893.825913868,0.0001046641775104
GBR,2024,C24,-7325.141679706681,3415893.825913868,-0.0021444289702848
GBR,2024,C25,9578.366231950526,3415893.825913868,0.002804058533461
GBR,2024,C26,-6083.949503110944,3415893.825913868,-0.0017810710206964
GBR,2024,C27,6143.536456069745,3415893.825913868,0.0017985150502815
GBR,2024,C28,19679.233024198908,3415893.825913868,0.0057610786596782
GBR,2024,C29,48733.88533399084,3415893.825913868,0.0142668033076095
GBR,2024,C30,27159.625064335658,3415893.825913868,0.0079509570403786
GBR,2024,C31T33,25499.16233211429,3415893.825913868,0.0074648579937324
GBR,2024,D,48512.29213024416,3415893.825913868,0.0142019320864768
GBR,2024,E,31331.38736048143,3415893.825913868,0.009172236889447
GBR,2024,F,274835.4298344692,3415893.825913868,0.080457837345381
GBR,2024,G,336169.7262754098,3415893.825913868,0.0984134002424601
GBR,2024,H49,30727.410762464726,3415893.825913868,0.0089954232562378
GBR,2024,H50,14326.676211259344,3415893.825913868,0.0041941222243424
GBR,2024,H51,6231.227912918325,3415893.825913868,0.0018241866493761
GBR,2024,H52,21366.313964431472,3415893.825913868,0.0062549701639849
GBR,2024,H53,2628.1764671199353,3415893.825913868,0.0007693964160074
GBR,2024,I,96303.19028804696,3415893.825913868,0.0281926767036685
GBR,2024,J58T60,71077.23616201514,3415893.825913868,0.0208078001789179
GBR,2024,J61,41058.38318031123,3415893.825913868,0.0120198066078142
GBR,2024,J62_63,72804.98756220362,3415893.825913868,0.0213135979256398
GBR,2024,K,244010.05866181146,3415893.825913868,0.0714337362627278
GBR,2024,L,519490.81114328903,3415893.825913868,0.1520804912618464
GBR,2024,M,140257.2831936603,3415893.825913868,0.0410601998603211
GBR,2024,N,68417.17189240476,3415893.825913868,0.020029068635967
GBR,2024,O,273804.7512014326,3415893.825913868,0.0801561070558686
GBR,2024,P,229495.70381640323,3415893.825913868,0.0671846712785358
GBR,2024,Q,458002.6155199903,3415893.825913868,0.1340798745105782
GBR,2024,R,53924.43589614252,3415893.825913868,0.0157863325513977
GBR,2024,S,58059.9866199688,3415893.825913868,0.0169970114935981
GBR,2024,T,5409.981880983661,3415893.825913868,0.0015837675749586
GBR,2024,employees_compensation,0.0,3415893.825913868,0.0
GBR,2025,A01_02,26296.969309844622,3497434.802107511,0.0075189305298839
GBR,2025,A03,1192.7951673694552,3497434.802107511,0.0003410485784183
GBR,2025,B05_06,-2591.9984059194526,3497434.802107511,-0.0007411141458184
GBR,2025,B07_08,-1283.2716275248615,3497434.802107511,-0.0003669179556261
GBR,2025,B09,2272.5639311507266,3497434.802107511,0.0006497802131383
GBR,2025,C10T12,102302.31453919369,3497434.802107511,0.0292506709424712
GBR,2025,C13T15,9064.938916945326,3497434.802107511,0.0025918821736099
GBR,2025,C16,-1863.0680258602445,3497434.802107511,-0.0005326955701183
GBR,2025,C17_18,2215.151498483259,3497434.802107511,0.0006333646297419
GBR,2025,C19,10669.443480985667,3497434.802107511,0.0030506482850106
GBR,2025,C20,26870.401920462395,3497434.802107511,0.0076828885857345
GBR,2025,C21,25076.782186647935,3497434.802107511,0.0071700499381824
GBR,2025,C22,-1687.925520421938,3497434.802107511,-0.0004826181518537
GBR,2025,C23,366.05613695883125,3497434.802107511,0.0001046641775104
GBR,2025,C24,-7500.000511321633,3497434.802107511,-0.0021444289702848
GBR,2025,C25,9807.01190207305,3497434.802107511,0.002804058533461
GBR,2025,C26,-6229.179772808737,3497434.802107511,-0.0017810710206964
GBR,2025,C27,6290.189128968658,3497434.802107511,0.0017985150502815
GBR,2025,C28,20148.99700203743,3497434.802107511,0.0057610786596782
GBR,2025,C29,49897.214402856014,3497434.802107511,0.0142668033076095
GBR,2025,C30,27807.95386308185,3497434.802107511,0.0079509570403786
GBR,2025,C31T33,26107.85414007015,3497434.802107511,0.0074648579937324
GBR,2025,D,49670.3315364113,3497434.802107511,0.0142019320864768
GBR,2025,E,32079.300510326284,3497434.802107511,0.009172236889447
GBR,2025,F,281396.04043404094,3497434.802107511,0.080457837345381
GBR,2025,G,344194.45100171573,3497434.802107511,0.0984134002424601
GBR,2025,H49,31460.906356053354,3497434.802107511,0.0089954232562378
GBR,2025,H50,14668.669031707677,3497434.802107511,0.0041941222243424
GBR,2025,H51,6379.973873067864,3497434.802107511,0.0018241866493761
GBR,2025,H52,21876.350337664913,3497434.802107511,0.0062549701639849
GBR,2025,H53,2690.913801961069,3497434.802107511,0.0007693964160074
GBR,2025,I,98602.04866797588,3497434.802107511,0.0281926767036685
GBR,2025,J58T60,72773.92450104635,3497434.802107511,0.0208078001789179
GBR,2025,J61,42038.48994477121,3497434.802107511,0.0120198066078142
GBR,2025,J62_63,74542.9191432591,3497434.802107511,0.0213135979256398
GBR,2025,K,249834.83524983353,3497434.802107511,0.0714337362627278
GBR,2025,L,531891.6028607888,3497434.802107511,0.1520804912618464
GBR,2025,M,143605.37197297698,3497434.802107511,0.0410601998603211
GBR,2025,N,70050.361701231,3497434.802107511,0.020029068635967
GBR,2025,O,280340.7584186503,3497434.802107511,0.0801561070558686
GBR,2025,P,234974.00749770406,3497434.802107511,0.0671846712785358
GBR,2025,Q,468935.61937550403,3497434.802107511,0.1340798745105782
GBR,2025,R,55211.66886290097,3497434.802107511,0.0157863325513977
GBR,2025,S,59445.93952953136,3497434.802107511,0.0169970114935981
GBR,2025,T,5539.123835109624,3497434.802107511,0.0015837675749586
GBR,2025,employees_compensation,0.0,3497434.802107511,0.0
GBR,2026,A01_02,27218.441552506767,3619988.433770919,0.0075189305298839
GBR,2026,A03,1234.5919092282604,3619988.433770919,0.0003410485784183
GBR,2026,B05_06,-2682.8246359666223,3619988.433770919,-0.0007411141458184
GBR,2026,B07_08,-1328.2387555093533,3619988.433770919,-0.0003669179556261
GBR,2026,B09,2352.1968560538485,3619988.433770919,0.0006497802131383
GBR,2026,C10T12,105887.09049178487,3619988.433770919,0.0292506709424712
GBR,2026,C13T15,9382.583490164869,3619988.433770919,0.0025918821736099
GBR,2026,C16,-1928.3518025492517,3619988.433770919,-0.0005326955701183
GBR,2026,C17_18,2292.772634025279,3619988.433770919,0.0006333646297419
GBR,2026,C19,11043.311507241464,3619988.433770919,0.0030506482850106
GBR,2026,C20,27811.967818309506,3619988.433770919,0.0076828885857345
GBR,2026,C21,25955.497845780184,3619988.433770919,0.0071700499381824
GBR,2026,C22,-1747.072127638291,3619988.433770919,-0.0004826181518537
GBR,2026,C23,378.88311201779436,3619988.433770919,0.0001046641775104
GBR,2026,C24,-7762.8080694742575,3619988.433770919,-0.0021444289702848
GBR,2026,C25,10150.659458745466,3619988.433770919,0.002804058533461
GBR,2026,C26,-6447.456494645534,3619988.433770919,-0.0017810710206964
GBR,2026,C27,6510.603679981953,3619988.433770919,0.0017985150502815
GBR,2026,C28,20855.038114079554,3619988.433770919,0.0057610786596782
GBR,2026,C29,51645.66296043109,3619988.433770919,0.0142668033076095
GBR,2026,C30,28782.37252357999,3619988.433770919,0.0079509570403786
GBR,2026,C31T33,27022.699597053677,3619988.433770919,0.0074648579937324
GBR,2026,D,51410.82989024612,3619988.433770919,0.0142019320864768
GBR,2026,E,33203.39145160509,3619988.433770919,0.009172236889447
GBR,2026,F,291256.44059650117,3619988.433770919,0.080457837345381
GBR,2026,G,356255.37060577376,3619988.433770919,0.0984134002424601
GBR,2026,H49,32563.32814445478,3619988.433770919,0.0089954232562378
GBR,2026,H50,15182.67394194105,3619988.433770919,0.0041941222243424
GBR,2026,H51,6603.5345717808095,3619988.433770919,0.0018241866493761
GBR,2026,H52,22642.919647207527,3619988.433770919,0.0062549701639849
GBR,2026,H53,2785.2061269315864,3619988.433770919,0.0007693964160074
GBR,2026,I,102057.16358432281,3619988.433770919,0.0281926767036685
GBR,2026,J58T60,75323.99597989926,3619988.433770919,0.0208078001789179
GBR,2026,J61,43511.56089645067,3619988.433770919,0.0120198066078142
GBR,2026,J62_63,77154.97797285994,3619988.433770919,0.0213135979256398
GBR,2026,K,258589.2990521169,3619988.433770919,0.0714337362627278
GBR,2026,L,550529.6193700833,3619988.433770919,0.1520804912618464
GBR,2026,M,148637.44858268468,3619988.433770919,0.0410601998603211
GBR,2026,N,72504.99680140441,3619988.433770919,0.020029068635967
GBR,2026,O,290164.1804383479,3619988.433770919,0.0801561070558686
GBR,2026,P,243207.7329550009,3619988.433770919,0.0671846712785358
GBR,2026,Q,485367.5949297494,3619988.433770919,0.1340798745105782
GBR,2026,R,57146.34124772104,3619988.433770919,0.0157863325513977
GBR,2026,S,61528.985015496495,3619988.433770919,0.0169970114935981
GBR,2026,T,5733.220303131549,3619988.433770919,0.0015837675749586
GBR,2026,employees_compensation,0.0,3619988.433770919,0.0
GBR,2027,A01_02,28144.851983204117,3743198.8327785097,0.0075189305298839
GBR,2027,A03,1276.6126406561507,3743198.8327785097,0.0003410485784183
GBR,2027,B05_06,-2774.137605583077,3743198.8327785097,-0.0007411141458184
GBR,2027,B07_08,-1373.4468632250944,3743198.8327785097,-0.0003669179556261
GBR,2027,B09,2432.2565353818554,3743198.8327785097,0.0006497802131383
GBR,2027,C10T12,109491.07732984648,3743198.8327785097,0.0292506709424712
GBR,2027,C13T15,9701.930326956004,3743198.8327785097,0.0025918821736099
GBR,2027,C16,-1993.9854362931035,3743198.8327785097,-0.0005326955701183
GBR,2027,C17_18,2370.809742773073,3743198.8327785097,0.0006333646297419
GBR,2027,C19,11419.18309966944,3743198.8327785097,0.0030506482850106
GBR,2027,C20,28758.579586488715,3743198.8327785097,0.0076828885857345
GBR,2027,C21,26838.922559567985,3743198.8327785097,0.0071700499381824
GBR,2027,C22,-1806.5357026964914,3743198.8327785097,-0.0004826181518537
GBR,2027,C23,391.77882709065204,3743198.8327785097,0.0001046641775104
GBR,2027,C24,-8027.0240185464845,3743198.8327785097,-0.0021444289702848
GBR,2027,C25,10496.148629493835,3743198.8327785097,0.002804058533461
GBR,2027,C26,-6666.902965766393,3743198.8327785097,-0.0017810710206964
GBR,2027,C27,6732.199436948294,3743198.8327785097,0.0017985150502815
GBR,2027,C28,21564.86291445262,3743198.8327785097,0.0057610786596782
GBR,2027,C29,53403.48148852446,3743198.8327785097,0.0142668033076095
GBR,2027,C30,29762.01311301725,3743198.8327785097,0.0079509570403786
GBR,2027,C31T33,27942.44772899645,3743198.8327785097,0.0074648579937324
GBR,2027,D,53160.655609299625,3743198.8327785097,0.0142019320864768
GBR,2027,E,34333.506418546,3743198.8327785097,0.009172236889447
GBR,2027,F,301169.68283911335,3743198.8327785097,0.080457837345381
GBR,2027,G,368380.924917341,3743198.8327785097,0.0984134002424601
GBR,2027,H49,33671.657833098,3743198.8327785097,0.0089954232562378
GBR,2027,H50,15699.43341468888,3743198.8327785097,0.0041941222243424
GBR,2027,H51,6828.293336714758,3743198.8327785097,0.0018241866493761
GBR,2027,H52,23413.59701689268,3743198.8327785097,0.0062549701639849
GBR,2027,H53,2880.0037663428684,3743198.8327785097,0.0007693964160074
GBR,2027,I,105530.7945300738,3743198.8327785097,0.0281926767036685
GBR,2027,J58T60,77887.73334241395,3743198.8327785097,0.0208078001789179
GBR,2027,J61,44992.52606459353,3743198.8327785097,0.0120198066078142
GBR,2027,J62_63,79781.03487756537,3743198.8327785097,0.0213135979256398
GBR,2027,K,267390.6781996506,3743198.8327785097,0.0714337362627278
GBR,2027,L,569267.5173797257,3743198.8327785097,0.1520804912618464
GBR,2027,M,153696.49219080625,3743198.8327785097,0.0410601998603211
GBR,2027,N,74972.78633979232,3743198.8327785097,0.020029068635967
GBR,2027,O,300040.24637159664,3743198.8327785097,0.0801561070558686
GBR,2027,P,251485.5831104231,3743198.8327785097,0.0671846712785358
GBR,2027,Q,501887.6297670854,3743198.8327785097,0.1340798745105782
GBR,2027,R,59091.38158024526,3743198.8327785097,0.0157863325513977
GBR,2027,S,63623.19358355932,3743198.8327785097,0.0169970114935981
GBR,2027,T,5928.356937977483,3743198.8327785097,0.0015837675749586
GBR,2027,employees_compensation,0.0,3743198.8327785097,0.0
GBR,2028,A01_02,29337.56343919231,3901826.6391198207,0.0075189305298839
GBR,2028,A03,1330.712428506468,3901826.6391198207,0.0003410485784183
GBR,2028,B05_06,-2891.698916782764,3901826.6391198207,-0.0007411141458184
GBR,2028,B07_08,-1431.6502536333012,3901826.6391198207,-0.0003669179556261
GBR,2028,B09,2535.329745195974,3901826.6391198207,0.0006497802131383
GBR,2028,C10T12,114131.0470954622,3901826.6391198207,0.0292506709424712
GBR,2028,C13T15,10113.074910450892,3901826.6391198207,0.0025918821736099
GBR,2028,C16,-2078.4857660287034,3901826.6391198207,-0.0005326955701183
GBR,2028,C17_18,2471.2789846032074,3901826.6391198207,0.0006333646297419
GBR,2028,C19,11903.100745039555,3901826.6391198207,0.0030506482850106
GBR,2028,C20,29977.299349208475,3901826.6391198207,0.0076828885857345
GBR,2028,C21,27976.291852619514,3901826.6391198207,0.0071700499381824
GBR,2028,C22,-1883.0923614255416,3901826.6391198207,-0.0004826181518537
GBR,2028,C23,408.38147597164436,3901826.6391198207,0.0001046641775104
GBR,2028,C24,-8367.190081957518,3901826.6391198207,-0.0021444289702848
GBR,2028,C25,10940.950283509388,3901826.6391198207,0.002804058533461
GBR,2028,C26,-6949.430354717543,3901826.6391198207,-0.0017810710206964
GBR,2028,C27,7017.493934046281,3901826.6391198207,0.0017985150502815
GBR,2028,C28,22478.730184397114,3901826.6391198207,0.0057610786596782
GBR,2028,C29,55666.59320071352,3901826.6391198207,0.0142668033076095
GBR,2028,C30,31023.25598664651,3901826.6391198207,0.0079509570403786
GBR,2028,C31T33,29126.58177719162,3901826.6391198207,0.0074648579937324
GBR,2028,D,55413.47694198572,3901826.6391198207,0.0142019320864768
GBR,2028,E,35788.47823556183,3901826.6391198207,0.009172236889447
GBR,2028,F,313932.53308017715,3901826.6391198207,0.080457837345381
GBR,2028,G,383992.0267123919,3901826.6391198207,0.0984134002424601
GBR,2028,H49,35098.58209134661,3901826.6391198207,0.0089954232562378
GBR,2028,H50,16364.737822663654,3901826.6391198207,0.0041941222243424
GBR,2028,H51,7117.660063262395,3901826.6391198207,0.0018241866493761
GBR,2028,H52,24405.809212735956,3901826.6391198207,0.0062549701639849
GBR,2028,H53,3002.0514320209886,3901826.6391198207,0.0007693964160074
GBR,2028,I,110002.93699046652,3901826.6391198207,0.0281926767036685
GBR,2028,J58T60,81188.42903958404,3901826.6391198207,0.0208078001789179
GBR,2028,J61,46899.20161943789,3901826.6391198207,0.0120198066078142
GBR,2028,J62_63,83161.96416175032,3901826.6391198207,0.0213135979256398
GBR,2028,K,278722.0550817709,3901826.6391198207,0.0714337362627278
GBR,2028,L,593391.7120959014,3901826.6391198207,0.1520804912618464
GBR,2028,M,160209.7816225848,3901826.6391198207,0.0410601998603211
GBR,2028,N,78149.95356057532,3901826.6391198207,0.020029068635967
GBR,2028,O,312755.2337987283,3901826.6391198207,0.0801561070558686
GBR,2028,P,262142.9401350993,3901826.6391198207,0.0671846712785358
GBR,2028,Q,523156.42613521666,3901826.6391198207,0.1340798745105782
GBR,2028,R,61595.532883047905,3901826.6391198207,0.0157863325513977
GBR,2028,S,66319.39223114683,3901826.6391198207,0.0169970114935981
GBR,2028,T,6179.586514147663,3901826.6391198207,0.0015837675749586
GBR,2028,employees_compensation,0.0,3901826.6391198207,0.0
GBR,2029,A01_02,30335.440592764982,4034541.9434582,0.0075189305298839
GBR,2029,A03,1375.9747943854245,4034541.9434582,0.0003410485784183
GBR,2029,B05_06,-2990.0561061945314,4034541.9434582,-0.0007411141458184
GBR,2029,B07_08,-1480.345881781435,4034541.9434582,-0.0003669179556261
GBR,2029,B09,2621.56552393568,4034541.9434582,0.0006497802131383
GBR,2029,C10T12,118013.05879169406,4034541.9434582,0.0292506709424712
GBR,2029,C13T15,10457.05734193075,4034541.9434582,0.0025918821736099
GBR,2029,C16,-2149.18262073666,4034541.9434582,-0.0005326955701183
GBR,2029,C17_18,2555.3361641965685,4034541.9434582,0.0006333646297419
GBR,2029,C19,12307.96846061409,4034541.9434582,0.0030506482850106
GBR,2029,C20,30996.93624606209,4034541.9434582,0.0076828885857345
GBR,2029,C21,28927.86721228677,4034541.9434582,0.0071700499381824
GBR,2029,C22,-1947.1431763280316,4034541.9434582,-0.0004826181518537
GBR,2029,C23,422.2720141432632,4034541.9434582,0.0001046641775104
GBR,2029,C24,-8651.788625380903,4034541.9434582,-0.0021444289702848
GBR,2029,C25,11313.091765160294,4034541.9434582,0.002804058533461
GBR,2029,C26,-7185.805737277534,4034541.9434582,-0.0017810710206964
GBR,2029,C27,7256.184406301545,4034541.9434582,0.0017985150502815
GBR,2029,C28,23243.31349203365,4034541.9434582,0.0057610786596782
GBR,2029,C29,57560.01634361871,4034541.9434582,0.0142668033076095
GBR,2029,C30,32078.469670041733,4034541.9434582,0.0079509570403786
GBR,2029,C31T33,30117.282677672596,4034541.9434582,0.0074648579937324
GBR,2029,D,57298.290681035476,4034541.9434582,0.0142019320864768
GBR,2029,E,37005.7744458085,4034541.9434582,0.009172236889447
GBR,2029,F,324610.5194498772,4034541.9434582,0.080457837345381
GBR,2029,G,397052.9910765447,4034541.9434582,0.0984134002424601
GBR,2029,H49,36292.41242645075,4034541.9434582,0.0089954232562378
GBR,2029,H50,16921.362030099615,4034541.9434582,0.0041941222243424
GBR,2029,H51,7359.757549604353,4034541.9434582,0.0018241866493761
GBR,2029,H52,25235.939481676694,4034541.9434582,0.0062549701639849
GBR,2029,H53,3104.162111528269,4034541.9434582,0.0007693964160074
GBR,2029,I,113744.53665930743,4034541.9434582,0.0281926767036685
GBR,2029,J58T60,83949.9425729413,4034541.9434582,0.0208078001789179
GBR,2029,J61,48494.413911482414,4034541.9434582,0.0120198066078142
GBR,2029,J62_63,85990.60479699746,4034541.9434582,0.0213135979256398
GBR,2029,K,288202.4051299063,4034541.9434582,0.0714337362627278
GBR,2029,L,613575.1207776475,4034541.9434582,0.1520804912618464
GBR,2029,M,165659.098543242,4034541.9434582,0.0410601998603211
GBR,2029,N,80808.11750021197,4034541.9434582,0.020029068635967
GBR,2029,O,323393.17594122764,4034541.9434582,0.0801561070558686
GBR,2029,P,271059.37423070415,4034541.9434582,0.0671846712785358
GBR,2029,Q,540950.8774865398,4034541.9434582,0.1340798745105782
GBR,2029,R,63690.62081199352,4034541.9434582,0.0157863325513977
GBR,2029,S,68575.15578436264,4034541.9434582,0.0169970114935981
GBR,2029,T,6389.7767098595505,4034541.9434582,0.0015837675749586
GBR,2029,employees_compensation,0.0,4034541.9434582,0.0
GBR,2030,A01_02,31521.436657875754,4192276.6186752464,0.0075189305298839
GBR,2030,A03,1429.7699811354703,4192276.6186752464,0.0003410485784183
GBR,2030,B05_06,-3106.955505283955,4192276.6186752464,-0.0007411141458184
GBR,2030,B07_08,-1538.2215663434206,4192276.6186752464,-0.0003669179556261
GBR,2030,B09,2724.058394817513,4192276.6186752464,0.0006497802131383
GBR,2030,C10T12,122626.90387268545,4192276.6186752464,0.0292506709424712
GBR,2030,C13T15,10865.88703478596,4192276.6186752464,0.0025918821736099
GBR,2030,C16,-2233.2071834788294,4192276.6186752464,-0.0005326955701183
GBR,2030,C17_18,2655.239728362872,4192276.6186752464,0.0006333646297419
GBR,2030,C19,12789.161477051679,4192276.6186752464,0.0030506482850106
GBR,2030,C20,32208.794181861675,4192276.6186752464,0.0076828885857345
GBR,2030,C21,30058.83271057597,4192276.6186752464,0.0071700499381824
GBR,2030,C22,-2023.268793764526,4192276.6186752464,-0.0004826181518537
GBR,2030,C23,438.7811841897255,4192276.6186752464,0.0001046641775104
GBR,2030,C24,-8990.0394325348,4192276.6186752464,-0.0021444289702848
GBR,2030,C25,11755.389027225352,4192276.6186752464,0.002804058533461
GBR,2030,C26,-7466.742396265574,4192276.6186752464,-0.0017810710206964
GBR,2030,C27,7539.872593630667,4192276.6186752464,0.0017985150502815
GBR,2030,C28,24152.035363317846,4192276.6186752464,0.0057610786596782
GBR,2030,C29,59810.38592972998,4192276.6186752464,0.0142668033076095
GBR,2030,C30,33332.61129647054,4192276.6186752464,0.0079509570403786
GBR,2030,C31T33,31294.749628855352,4192276.6186752464,0.0074648579937324
GBR,2030,D,59538.427826150444,4192276.6186752464,0.0142019320864768
GBR,2030,E,38452.55425257923,4192276.6186752464,0.009172236889447
GBR,2030,F,337301.51029221684,4192276.6186752464,0.080457837345381
GBR,2030,G,412576.19680079434,4192276.6186752464,0.0984134002424601
GBR,2030,H49,37711.30259221328,4192276.6186752464,0.0089954232562378
GBR,2030,H50,17582.92053697686,4192276.6186752464,0.0041941222243424
GBR,2030,H51,7647.495038278964,4192276.6186752464,0.0018241866493761
GBR,2030,H52,26222.565168985166,4192276.6186752464,0.0062549701639849
GBR,2030,H53,3225.522605320356,4192276.6186752464,0.0007693964160074
GBR,2030,I,118191.49936265976,4192276.6186752464,0.0281926767036685
GBR,2030,J58T60,87232.05417614411,4192276.6186752464,0.0208078001789179
GBR,2030,J61,50390.35420293769,4192276.6186752464,0.0120198066078142
GBR,2030,J62_63,89352.49824350498,4192276.6186752464,0.0213135979256398
GBR,2030,K,299469.9823188478,4192276.6186752464,0.0714337362627278
GBR,2030,L,637563.4876736838,4192276.6186752464,0.1520804912618464
GBR,2030,M,172135.71583255674,4192276.6186752464,0.0410601998603211
GBR,2030,N,83967.39613640615,4192276.6186752464,0.020029068635967
GBR,2030,O,336036.5734543479,4192276.6186752464,0.0801561070558686
GBR,2030,P,281656.726534388,4192276.6186752464,0.0671846712785358
GBR,2030,Q,562099.9229456082,4192276.6186752464,0.1340798745105782
GBR,2030,R,66180.67284985652,4192276.6186752464,0.0157863325513977
GBR,2030,S,71256.17387196574,4192276.6186752464,0.0169970114935981
GBR,2030,T,6639.5917739149345,4192276.6186752464,0.0015837675749586
GBR,2030,employees_compensation,0.0,4192276.6186752464,0.0
GBR,2031,A01_02,32612.706003810752,4337412.863996008,0.0075189305298839
GBR,2031,A03,1479.268491279086,4337412.863996008,0.0003410485784183
GBR,2031,B05_06,-3214.5180297621414,4337412.863996008,-0.0007411141458184
GBR,2031,B07_08,-1591.4746607637626,4337412.863996008,-0.0003669179556261
GBR,2031,B09,2818.3650552361305,4337412.863996008,0.0006497802131383
GBR,2031,C10T12,126872.23642638883,4337412.863996008,0.0292506709424712
GBR,2031,C13T15,11242.063081777516,4337412.863996008,0.0025918821736099
GBR,2031,C16,-2310.5206184248023,4337412.863996008,-0.0005326955701183
GBR,2031,C17_18,2747.163892642586,4337412.863996008,0.0006333646297419
GBR,2031,C19,13231.921114932338,4337412.863996008,0.0030506482850106
GBR,2031,C20,33323.85978441292,4337412.863996008,0.0076828885857345
GBR,2031,C21,31099.466837366126,4337412.863996008,0.0071700499381824
GBR,2031,C22,-2093.3141802482173,4337412.863996008,-0.0004826181518537
GBR,2031,C23,453.97174993317066,4337412.863996008,0.0001046641775104
GBR,2031,C24,-9301.273801639005,4337412.863996008,-0.0021444289702848
GBR,2031,C25,12162.359554431523,4337412.863996008,0.002804058533461
GBR,2031,C26,-7725.240356859066,4337412.863996008,-0.0017810710206964
GBR,2031,C27,7800.902315181406,4337412.863996008,0.0017985150502815
GBR,2031,C28,24988.176688981108,4337412.863996008,0.0057610786596782
GBR,2031,C29,61881.016194526244,4337412.863996008,0.0142668033076095
GBR,2031,C30,34486.58334801777,4337412.863996008,0.0079509570403786
GBR,2031,C31T33,32378.17108991835,4337412.863996008,0.0074648579937324
GBR,2031,D,61599.64292548214,4337412.863996008,0.0142019320864768
GBR,2031,E,39783.77827590615,4337412.863996008,0.009172236889447
GBR,2031,F,348978.858711154,4337412.863996008,0.080457837345381
GBR,2031,G,426859.5482012344,4337412.863996008,0.0984134002424601
GBR,2031,H49,39016.8645486947,4337412.863996008,0.0089954232562378
GBR,2031,H50,18191.63968903428,4337412.863996008,0.0041941222243424
GBR,2031,H51,7912.250639333673,4337412.863996008,0.0018241866493761
GBR,2031,H52,27130.388053179326,4337412.863996008,0.0062549701639849
GBR,2031,H53,3337.189912302921,4337412.863996008,0.0007693964160074
GBR,2031,I,122283.27860497232,4337412.863996008,0.0281926767036685
GBR,2031,J58T60,90252.02016749694,4337412.863996008,0.0208078001789179
GBR,2031,J61,52134.863803477536,4337412.863996008,0.0120198066078142
GBR,2031,J62_63,92445.87382070872,4337412.863996008,0.0213135979256398
GBR,2031,K,309837.6065892537,4337412.863996008,0.0714337362627278
GBR,2031,L,659635.8791619651,4337412.863996008,0.1520804912618464
GBR,2031,M,178095.03907240383,4337412.863996008,0.0410601998603211
GBR,2031,N,86874.33995550225,4337412.863996008,0.020029068635967
GBR,2031,O,347670.12987196574,4337412.863996008,0.0801561070558686
GBR,2031,P,291407.6574668644,4337412.863996008,0.0671846712785358
GBR,2031,Q,581559.7725051524,4337412.863996008,0.1340798745105782
GBR,2031,R,68471.8418837513,4337412.863996008,0.0157863325513977
GBR,2031,S,73723.0563018204,4337412.863996008,0.0169970114935981
GBR,2031,T,6869.453853205195,4337412.863996008,0.0015837675749586
GBR,2031,employees_compensation,0.0,4337412.863996008,0.0
GBR,2032,A01_02,33861.07213262092,4503442.610360675,0.0075189305298839
GBR,2032,A03,1535.8927002519063,4503442.610360675,0.0003410485784183
GBR,2032,B05_06,-3337.565023419637,4503442.610360675,-0.0007411141458184
GBR,2032,B07_08,-1652.3939558730058,4503442.610360675,-0.0003669179556261
GBR,2032,B09,2926.247899216261,4503442.610360675,0.0006497802131383
GBR,2032,C10T12,131728.71790396364,4503442.610360675,0.0292506709424712
GBR,2032,C13T15,11672.392621669067,4503442.610360675,0.0025918821736099
GBR,2032,C16,-2398.9639288211247,4503442.610360675,-0.0005326955701183
GBR,2032,C17_18,2852.321261474984,4503442.610360675,0.0006333646297419
GBR,2032,C19,13738.419475940453,4503442.610360675,0.0030506482850106
GBR,2032,C20,34599.44782765041,4503442.610360675,0.0076828885857345
GBR,2032,C21,32289.90841002454,4503442.610360675,0.0071700499381824
GBR,2032,C22,-2173.443149591471,4503442.610360675,-0.0004826181518537
GBR,2032,C23,471.34911677868877,4503442.610360675,0.0001046641775104
GBR,2032,C24,-9657.312799672432,4503442.610360675,-0.0021444289702848
GBR,2032,C25,12627.91668153373,4503442.610360675,0.002804058533461
GBR,2032,C26,-8020.951126682747,4503442.610360675,-0.0017810710206964
GBR,2032,C27,8099.509312812678,4503442.610360675,0.0017985150502815
GBR,2032,C28,25944.68711763437,4503442.610360675,0.0057610786596782
GBR,2032,C29,64249.729929123234,4503442.610360675,0.0142668033076095
GBR,2032,C30,35806.67872878818,4503442.610360675,0.0079509570403786
GBR,2032,C31T33,33617.55956926599,4503442.610360675,0.0074648579937324
GBR,2032,D,63957.586107688105,4503442.610360675,0.0142019320864768
GBR,2032,E,41306.642440257674,4503442.610360675,0.009172236889447
GBR,2032,F,362337.2530386572,4503442.610360675,0.080457837345381
GBR,2032,G,443199.10008237435,4503442.610360675,0.0984134002424601
GBR,2032,H49,40510.37239037068,4503442.610360675,0.0089954232562378
GBR,2032,H50,18887.98873816426,4503442.610360675,0.0041941222243424
GBR,2032,H51,8215.119886051396,4503442.610360675,0.0018241866493761
GBR,2032,H52,28168.899163024293,4503442.610360675,0.0062549701639849
GBR,2032,H53,3464.932604106513,4503442.610360675,0.0007693964160074
GBR,2032,I,126964.10156742344,4503442.610360675,0.0281926767036685
GBR,2032,J58T60,93706.73395360934,4503442.610360675,0.0208078001789179
GBR,2032,J61,54130.50924592526,4503442.610360675,0.0120198066078142
GBR,2032,J62_63,95984.56507842116,4503442.610360675,0.0213135979256398
GBR,2032,K,321697.73170283483,4503442.610360675,0.0714337362627278
GBR,2032,L,684885.7645531832,4503442.610360675,0.1520804912618464
GBR,2032,M,184912.25364089545,4503442.610360675,0.0410601998603211
GBR,2032,N,90199.76114105234,4503442.610360675,0.020029068635967
GBR,2032,O,360978.4279960306,4503442.610360675,0.0801561070558686
GBR,2032,P,302562.3113988331,4503442.610360675,0.0671846712785358
GBR,2032,Q,603821.02006275,4503442.610360675,0.1340798745105782
GBR,2032,R,71092.84267328813,4503442.610360675,0.0157863325513977
GBR,2032,S,76545.06580905982,4503442.610360675,0.0169970114935981
GBR,2032,T,7132.406381976153,4503442.610360675,0.0015837675749586
GBR,2032,employees_compensation,0.0,4503442.610360675,0.0
GBR,2033,A01_02,35038.624259455486,4660054.261732422,0.0075189305298839
GBR,2033,A03,1589.304881315983,4660054.261732422,0.0003410485784183
GBR,2033,B05_06,-3453.6321336512183,4660054.261732422,-0.0007411141458184
GBR,2033,B07_08,-1709.8575828215548,4660054.261732422,-0.0003669179556261
GBR,2033,B09,3028.011051424536,4660054.261732422,0.0006497802131383
GBR,2033,C10T12,136309.71378399563,4660054.261732422,0.0292506709424712
GBR,2033,C13T15,12078.311569039108,4660054.261732422,0.0025918821736099
GBR,2033,C16,-2482.390261735766,4660054.261732422,-0.0005326955701183
GBR,2033,C17_18,2951.5135420593183,4660054.261732422,0.0006333646297419
GBR,2033,C19,14216.186541610352,4660054.261732422,0.0030506482850106
GBR,2033,C20,35802.677696367435,4660054.261732422,0.0076828885857345
GBR,2033,C21,33412.82177126118,4660054.261732422,0.0071700499381824
GBR,2033,C22,-2249.02677533526,4660054.261732422,-0.0004826181518537
GBR,2033,C23,487.7407464580582,4660054.261732422,0.0001046641775104
GBR,2033,C24,-9993.15536195815,4660054.261732422,-0.0021444289702848
GBR,2033,C25,13067.064919002098,4660054.261732422,0.002804058533461
GBR,2033,C26,-8299.887600444374,4660054.261732422,-0.0017810710206964
GBR,2033,C27,8381.177724854206,4660054.261732422,0.0017985150502815
GBR,2033,C28,26846.939160209105,4660054.261732422,0.0057610786596782
GBR,2033,C29,66484.07755492386,4660054.261732422,0.0142668033076095
GBR,2033,C30,37051.8912408677,4660054.261732422,0.0079509570403786
GBR,2033,C31T33,34786.64330692001,4660054.261732422,0.0074648579937324
GBR,2033,D,66181.77414442063,4660054.261732422,0.0142019320864768
GBR,2033,E,42743.121606286826,4660054.261732422,0.009172236889447
GBR,2033,F,374937.88781111676,4660054.261732422,0.080457837345381
GBR,2033,G,458611.7852114548,4660054.261732422,0.0984134002424601
GBR,2033,H49,41919.1604813179,4660054.261732422,0.0089954232562378
GBR,2033,H50,19544.83714577347,4660054.261732422,0.0041941222243424
GBR,2033,H51,8500.808769620482,4660054.261732422,0.0018241866493761
GBR,2033,H52,29148.50036968698,4660054.261732422,0.0062549701639849
GBR,2033,H53,3585.4290473769356,4660054.261732422,0.0007693964160074
GBR,2033,I,131379.40322257477,4660054.261732422,0.0281926767036685
GBR,2033,J58T60,96965.477901043,4660054.261732422,0.0208078001789179
GBR,2033,J61,56012.95100794408,4660054.261732422,0.0120198066078142
GBR,2033,J62_63,99322.52284622905,4660054.261732422,0.0213135979256398
GBR,2033,K,332885.0871025945,4660054.261732422,0.0714337362627278
GBR,2033,L,708703.3414311276,4660054.261732422,0.1520804912618464
GBR,2033,M,191342.7593466743,4660054.261732422,0.0410601998603211
GBR,2033,N,93336.5466555692,4660054.261732422,0.020029068635967
GBR,2033,O,373531.80828958075,4660054.261732422,0.0801561070558686
GBR,2033,P,313084.2137146326,4660054.261732422,0.0671846712785358
GBR,2033,Q,624819.4906255683,4660054.261732422,0.1340798745105782
GBR,2033,R,73565.1662832661,4660054.261732422,0.0157863325513977
GBR,2033,S,79206.99584745678,4660054.261732422,0.0169970114935981
GBR,2033,T,7380.442837279447,4660054.261732422,0.0015837675749586
GBR,2033,employees_compensation,0.0,4660054.261732422,0.0
GBR,2034,A01_02,36340.53385434351,4833205.162610359,0.0075189305298839
GBR,2034,A03,1648.3577499122514,4833205.162610359,0.0003410485784183
GBR,2034,B05_06,-3581.9567156530566,4833205.162610359,-0.0007411141458184
GBR,2034,B07_08,-1773.389757386505,4833205.162610359,-0.0003669179556261
GBR,2034,B09,3140.5210807020903,4833205.162610359,0.0006497802131383
GBR,2034,C10T12,141374.4938089686,4833205.162610359,0.0292506709424712
GBR,2034,C13T15,12527.098302369126,4833205.162610359,0.0025918821736099
GBR,2034,C16,-2574.626979595436,4833205.162610359,-0.0005326955701183
GBR,2034,C17_18,3061.181198283349,4833205.162610359,0.0006333646297419
GBR,2034,C19,14744.40904042167,4833205.162610359,0.0030506482850106
GBR,2034,C20,37132.97677633218,4833205.162610359,0.0076828885857345
GBR,2034,C21,34654.32237739726,4833205.162610359,0.0071700499381824
GBR,2034,C22,-2332.592543108773,4833205.162610359,-0.0004826181518537
GBR,2034,C23,505.86344308363226,4833205.162610359,0.0001046641775104
GBR,2034,C24,-10364.46517003171,4833205.162610359,-0.0021444289702848
GBR,2034,C25,13552.590180185336,4833205.162610359,0.002804058533461
GBR,2034,C26,-8608.281652205542,4833205.162610359,-0.0017810710206964
GBR,2034,C27,8692.592226052975,4833205.162610359,0.0017985150502815
GBR,2034,C28,27844.47512016104,4833205.162610359,0.0057610786596782
GBR,2034,C29,68954.38740028477,4833205.162610359,0.0142668033076095
GBR,2034,C30,38428.606615251025,4833205.162610359,0.0079509570403786
GBR,2034,C31T33,36079.19019346064,4833205.162610359,0.0074648579937324
GBR,2034,D,68640.85147940138,4833205.162610359,0.0142019320864768
GBR,2034,E,44331.30268676042,4833205.162610359,0.009172236889447
GBR,2034,F,388869.23483016,4833205.162610359,0.080457837345381
GBR,2034,G,475652.1541218977,4833205.162610359,0.0984134002424601
GBR,2034,H49,43476.72612191382,4833205.162610359,0.0089954232562378
GBR,2034,H50,20271.05318731053,4833205.162610359,0.0041941222243424
GBR,2034,H51,8816.668331329458,4833205.162610359,0.0018241866493761
GBR,2034,H52,30231.554088545578,4833205.162610359,0.0062549701639849
GBR,2034,H53,3718.6507299408727,4833205.162610359,0.0007693964160074
GBR,2034,I,136260.99059197537,4833205.162610359,0.0281926767036685
GBR,2034,J58T60,100568.36724731073,4833205.162610359,0.0208078001789179
GBR,2034,J61,58094.19135046569,4833205.162610359,0.0120198066078142
GBR,2034,J62_63,103012.99152800371,4833205.162610359,0.0213135979256398
GBR,2034,K,345253.90288956277,4833205.162610359,0.0714337362627278
GBR,2034,L,735036.2154990755,4833205.162610359,0.1520804912618464
GBR,2034,M,198452.36994271705,4833205.162610359,0.0410601998603211
GBR,2034,N,96804.5979336329,4833205.162610359,0.020029068635967
GBR,2034,O,387410.91043717274,4833205.162610359,0.0801561070558686
GBR,2034,P,324717.30007169914,4833205.162610359,0.0671846712785358
GBR,2034,Q,648035.5416866756,4833205.162610359,0.1340798745105782
GBR,2034,R,76298.58398609931,4833205.162610359,0.0157863325513977
GBR,2034,S,82150.04369980593,4833205.162610359,0.0169970114935981
GBR,2034,T,7654.6736196647935,4833205.162610359,0.0015837675749586
GBR,2034,employees_compensation,0.0,4833205.162610359,0.0
GBR,2035,A01_02,37599.752025065034,5000678.204915615,0.0075189305298839
GBR,2035,A03,1705.4741929138468,5000678.204915615,0.0003410485784183
GBR,2035,B05_06,-3706.0733563487256,5000678.204915615,-0.0007411141458184
GBR,2035,B07_08,-1834.8386236916328,5000678.204915615,-0.0003669179556261
GBR,2035,B09,3249.341749826119,5000678.204915615,0.0006497802131383
GBR,2035,C10T12,146273.19266117422,5000678.204915615,0.0292506709424712
GBR,2035,C13T15,12961.168695280337,5000678.204915615,0.0025918821736099
GBR,2035,C16,-2663.8391273456805,5000678.204915615,-0.0005326955701183
GBR,2035,C17_18,3167.2526997147675,5000678.204915615,0.0006333646297419
GBR,2035,C19,15255.310389715707,5000678.204915615,0.0030506482850106
GBR,2035,C20,38419.65350147746,5000678.204915615,0.0076828885857345
GBR,2035,C21,35855.11245402528,5000678.204915615,0.0071700499381824
GBR,2035,C22,-2413.418073271452,5000678.204915615,-0.0004826181518537
GBR,2035,C23,523.3918713116764,5000678.204915615,0.0001046641775104
GBR,2035,C24,-10723.599213692833,5000678.204915615,-0.0021444289702848
GBR,2035,C25,14022.194393586065,5000678.204915615,0.002804058533461
GBR,2035,C26,-8906.563034603296,5000678.204915615,-0.0017810710206964
GBR,2035,C27,8993.795013155408,5000678.204915615,0.0017985150502815
GBR,2035,C28,28809.30049025724,5000678.204915615,0.0057610786596782
GBR,2035,C29,71343.69235418084,5000678.204915615,0.0142668033076095
GBR,2035,C30,39760.17758004162,5000678.204915615,0.0079509570403786
GBR,2035,C31T33,37329.35267204772,5000678.204915615,0.0074648579937324
GBR,2035,D,71019.29225253628,5000678.204915615,0.0142019320864768
GBR,2035,E,45867.40510338061,5000678.204915615,0.009172236889447
GBR,2035,F,402343.7536276924,5000678.204915615,0.080457837345381
GBR,2035,G,492133.7456641073,5000678.204915615,0.0984134002424601
GBR,2035,H49,44983.21702145942,5000678.204915615,0.0089954232562378
GBR,2035,H50,20973.45559602124,5000678.204915615,0.0041941222243424
GBR,2035,H51,9122.170419233105,5000678.204915615,0.0018241866493761
GBR,2035,H52,31279.092971436738,5000678.204915615,0.0062549701639849
GBR,2035,H53,3847.5038884683922,5000678.204915615,0.0007693964160074
GBR,2035,I,140982.50393026727,5000678.204915615,0.0281926767036685
GBR,2035,J58T60,104053.11284695397,5000678.204915615,0.0208078001789179
GBR,2035,J61,60107.18493099716,5000678.204915615,0.0120198066078142
GBR,2035,J62_63,106582.44461508161,5000678.204915615,0.0213135979256398
GBR,2035,K,357217.1280247131,5000678.204915615,0.0714337362627278
GBR,2035,L,760505.5980459749,5000678.204915615,0.1520804912618464
GBR,2035,M,205328.8465309869,5000678.204915615,0.0410601998603211
GBR,2035,N,100158.92699263908,5000678.204915615,0.020029068635967
GBR,2035,O,400834.89754516486,5000678.204915615,0.0801561070558686
GBR,2035,P,335968.9213669941,5000678.204915615,0.0671846712785358
GBR,2035,Q,670490.3061828691,5000678.204915615,0.1340798745105782
GBR,2035,R,78942.36912532437,5000678.204915615,0.0157863325513977
GBR,2035,S,84996.58492473622,5000678.204915615,0.0169970114935981
GBR,2035,T,7919.911993747529,5000678.204915615,0.0015837675749586
GBR,2035,employees_compensation,0.0,5000678.204915615,0.0
GBR,2036,A01_02,38961.51834275755,5181789.908538914,0.0075189305298839
GBR,2036,A03,1767.2420819694896,5181789.908538914,0.0003410485784183
GBR,2036,B05_06,-3840.2978018772224,5181789.908538914,-0.0007411141458184
GBR,2036,B07_08,-1901.291759725054,5181789.908538914,-0.0003669179556261
GBR,2036,B09,3367.0245512083075,5181789.908538914,0.0006497802131383
GBR,2036,C10T12,151570.83150768973,5181789.908538914,0.0292506709424712
GBR,2036,C13T15,13430.588891333686,5181789.908538914,0.0025918821736099
GBR,2036,C16,-2760.3165295623908,5181789.908538914,-0.0005326955701183
GBR,2036,C17_18,3281.962446822063,5181789.908538914,0.0006333646297419
GBR,2036,C19,15807.818497769473,5181789.908538914,0.0030506482850106
GBR,2036,C20,39811.114541987845,5181789.908538914,0.0076828885857345
GBR,2036,C21,37153.692413393626,5181789.908538914,0.0071700499381824
GBR,2036,C22,-2500.825868953204,5181789.908538914,-0.0004826181518537
GBR,2036,C23,542.3477788089164,5181789.908538914,0.0001046641775104
GBR,2036,C24,-11111.980397800271,5181789.908538914,-0.0021444289702848
GBR,2036,C25,14530.042211640637,5181789.908538914,0.002804058533461
GBR,2036,C26,-9229.13584143571,5181789.908538914,-0.0017810710206964
GBR,2036,C27,9319.527137904035,5181789.908538914,0.0017985150502815
GBR,2036,C28,29852.699261019392,5181789.908538914,0.0057610786596782
GBR,2036,C29,73927.57740648052,5181789.908538914,0.0142668033076095
GBR,2036,C30,41200.18895506026,5181789.908538914,0.0079509570403786
GBR,2036,C31T33,38681.3258205986,5181789.908538914,0.0074648579937324
GBR,2036,D,73591.4283674605,5181789.908538914,0.0142019320864768
GBR,2036,E,47528.60455246483,5181789.908538914,0.009172236889447
GBR,2036,F,416915.6096191607,5181789.908538914,0.080457837345381
GBR,2036,G,509957.5642413809,5181789.908538914,0.0984134002424601
GBR,2036,H49,46612.3934522093,5181789.908538914,0.0089954232562378
GBR,2036,H50,21733.060217276234,5181789.908538914,0.0041941222243424
GBR,2036,H51,9452.55197102849,5181789.908538914,0.0018241866493761
GBR,2036,H52,32411.941273948953,5181789.908538914,0.0062549701639849
GBR,2036,H53,3986.8505841331535,5181789.908538914,0.0007693964160074
GBR,2036,I,146088.52763776956,5181789.908538914,0.0281926767036685
GBR,2036,J58T60,107821.64898601099,5181789.908538914,0.0208078001789179
GBR,2036,J61,62284.112582960974,5181789.908538914,0.0120198066078142
GBR,2036,J62_63,110442.58664573626,5181789.908538914,0.0213135979256398
GBR,2036,K,370154.6136954332,5181789.908538914,0.0714337362627278
GBR,2036,L,788049.1549062761,5181789.908538914,0.1520804912618464
GBR,2036,M,212765.3292788028,5181789.908538914,0.0410601998603211
GBR,2036,N,103786.42573528706,5181789.908538914,0.020029068635967
GBR,2036,O,415352.1066498648,5181789.908538914,0.0801561070558686
GBR,2036,P,348136.8516396211,5181789.908538914,0.0671846712785358
GBR,2036,Q,694773.7406770781,5181789.908538914,0.1340798745105782
GBR,2036,R,81801.45870767196,5181789.908538914,0.0157863325513977
GBR,2036,S,88074.94263284656,5181789.908538914,0.0169970114935981
GBR,2036,T,8206.750837391623,5181789.908538914,0.0015837675749586
GBR,2036,employees_compensation,0.0,5181789.908538914,0.0
GBR,2037,A01_02,40299.70477315803,5359765.542850454,0.0075189305298839
GBR,2037,A03,1827.9404190445355,5359765.542850454,0.0003410485784183
GBR,2037,B05_06,-3972.198062076507,5359765.542850454,-0.0007411141458184
GBR,2037,B07_08,-1966.5942156179026,5359765.542850454,-0.0003669179556261
GBR,2037,B09,3482.6695968046843,5359765.542850454,0.0006497802131383
GBR,2037,C10T12,156776.73822271416,5359765.542850454,0.0292506709424712
GBR,2037,C13T15,13891.880765242682,5359765.542850454,0.0025918821736099
GBR,2037,C16,-2855.123361549143,5359765.542850454,-0.0005326955701183
GBR,2037,C17_18,3394.6859185508715,5359765.542850454,0.0006333646297419
GBR,2037,C19,16350.759561355648,5359765.542850454,0.0030506482850106
GBR,2037,C20,41178.48151137883,5359765.542850454,0.0076828885857345
GBR,2037,C21,38429.78659918706,5359765.542850454,0.0071700499381824
GBR,2037,C22,-2586.7201406596296,5359765.542850454,-0.0004826181518537
GBR,2037,C23,560.9754521910254,5359765.542850454,0.0001046641775104
GBR,2037,C24,-11493.636504022752,5359765.542850454,-0.0021444289702848
GBR,2037,C25,15029.096307780046,5359765.542850454,0.002804058533461
GBR,2037,C26,-9546.123086098054,5359765.542850454,-0.0017810710206964
GBR,2037,C27,9639.618994796736,5359765.542850454,0.0017985150502815
GBR,2037,C28,30878.030889794296,5359765.542850454,0.0057610786596782
GBR,2037,C29,76466.72077475028,5359765.542850454,0.0142668033076095
GBR,2037,C30,42615.265577705446,5359765.542850454,0.0079509570403786
GBR,2037,C31T33,40009.88865707869,5359765.542850454,0.0074648579937324
GBR,2037,D,76119.02623900061,5359765.542850454,0.0142019320864768
GBR,2037,E,49161.039230919865,5359765.542850454,0.009172236889447
GBR,2037,F,431235.1442560396,5359765.542850454,0.080457837345381
GBR,2037,G,527472.7515742882,5359765.542850454,0.0984134002424601
GBR,2037,H49,48213.359612139,5359765.542850454,0.0089954232562378
GBR,2037,H50,22479.5117805337,5359765.542850454,0.0041941222243424
GBR,2037,H51,9777.212747053843,5359765.542850454,0.0018241866493761
GBR,2037,H52,33525.17355648392,5359765.542850454,0.0062549701639849
GBR,2037,H53,4123.784399309096,5359765.542850454,0.0007693964160074
GBR,2037,I,151106.13715704516,5359765.542850454,0.0281926767036685
GBR,2037,J58T60,111524.93042148168,5359765.542850454,0.0208078001789179
GBR,2037,J61,64423.34528828875,5359765.542850454,0.0120198066078142
GBR,2037,J62_63,114235.88775601312,5359765.542850454,0.0213135979256398
GBR,2037,K,382868.0782180354,5359765.542850454,0.0714337362627278
GBR,2037,L,815115.7768050139,5359765.542850454,0.1520804912618464
GBR,2037,M,220073.04439390206,5359765.542850454,0.0410601998603211
GBR,2037,N,107351.11193044267,5359765.542850454,0.020029068635967
GBR,2037,O,429617.94064707676,5359765.542850454,0.0801561070558686
GBR,2037,P,360094.0861264308,5359765.542850454,0.0671846712785358
GBR,2037,Q,718636.69139151,5359765.542850454,0.1340798745105782
GBR,2037,R,84611.04125695988,5359765.542850454,0.0157863325513977
GBR,2037,S,91099.99653482022,5359765.542850454,0.0169970114935981
GBR,2037,T,8488.622876146928,5359765.542850454,0.0015837675749586
GBR,2037,employees_compensation,0.0,5359765.542850454,0.0
GBR,2038,A01_02,41723.36760554573,5549109.336722384,0.0075189305298839
GBR,2038,A03,1892.515850776885,5549109.336722384,0.0003410485784183
GBR,2038,B05_06,-4112.523426137917,5549109.336722384,-0.0007411141458184
GBR,2038,B07_08,-2036.0678533758808,5549109.336722384,-0.0003669179556261
GBR,2038,B09,3605.701447543201,5549109.336722384,0.0006497802131383
GBR,2038,C10T12,162315.17123226108,5549109.336722384,0.0292506709424712
GBR,2038,C13T15,14382.637569263004,5549109.336722384,0.0025918821736099
GBR,2038,C16,-2955.985961774112,5549109.336722384,-0.0005326955701183
GBR,2038,C17_18,3514.609580450493,5549109.336722384,0.0006333646297419
GBR,2038,C19,16928.38088140845,5549109.336722384,0.0030506482850106
GBR,2038,C20,42633.18878409715,5549109.336722384,0.0076828885857345
GBR,2038,C21,39787.39105673371,5549109.336722384,0.0071700499381824
GBR,2038,C22,-2678.100892523068,5549109.336722384,-0.0004826181518537
GBR,2038,C23,580.7929646433296,5549109.336722384,0.0001046641775104
GBR,2038,C24,-11899.670820945352,5549109.336722384,-0.0021444289702848
GBR,2038,C25,15560.027388744511,5549109.336722384,0.002804058533461
GBR,2038,C26,-9883.357830312061,5549109.336722384,-0.0017810710206964
GBR,2038,C27,9980.1566577528,5549109.336722384,0.0017985150502815
GBR,2038,C28,31968.85538001238,5549109.336722384,0.0057610786596782
GBR,2038,C29,79168.05143943767,5549109.336722384,0.0142668033076095
GBR,2038,C30,44120.729948643464,5549109.336722384,0.0079509570403786
GBR,2038,C31T33,41423.313190327186,5549109.336722384,0.0074648579937324
GBR,2038,D,78808.07394056562,5549109.336722384,0.0142019320864768
GBR,2038,E,50897.74536185983,5549109.336722384,0.009172236889447
GBR,2038,F,446469.3364257447,5549109.336722384,0.080457837345381
GBR,2038,G,546106.7181440323,5549109.336722384,0.0984134002424601
GBR,2038,H49,49916.58717895885,5549109.336722384,0.0089954232562378
GBR,2038,H50,23273.642794453266,5549109.336722384,0.0041941222243424
GBR,2038,H51,10122.611167977238,5549109.336722384,0.0018241866493761
GBR,2038,H52,34709.51333788855,5549109.336722384,0.0062549701639849
GBR,2038,H53,4269.464835707403,5549109.336722384,0.0007693964160074
GBR,2038,I,156444.24552352252,5549109.336722384,0.0281926767036685
GBR,2038,J58T60,115464.75824948701,5549109.336722384,0.0208078001789179
GBR,2038,J61,66699.22107301919,5549109.336722384,0.0120198066078142
GBR,2038,J62_63,118271.48524831465,5549109.336722384,0.0213135979256398
GBR,2038,K,396393.61285246717,5549109.336722384,0.0714337362627278
GBR,2038,L,843911.2739944388,5549109.336722384,0.1520804912618464
GBR,2038,M,227847.53841259493,5549109.336722384,0.0410601998603211
GBR,2038,N,111143.49177369794,5549109.336722384,0.020029068635967
GBR,2038,O,444795.0020590395,5549109.336722384,0.0801561070558686
GBR,2038,P,372815.08667634724,5549109.336722384,0.0671846712785358
GBR,2038,Q,744023.8835132151,5549109.336722384,0.1340798745105782
GBR,2038,R,87600.08535356546,5549109.336722384,0.0157863325513977
GBR,2038,S,94318.27517550289,5549109.336722384,0.0169970114935981
GBR,2038,T,8788.499437400937,5549109.336722384,0.0015837675749586
GBR,2038,employees_compensation,0.0,5549109.336722384,0.0
GBR,2039,A01_02,43138.14690770661,5737271.642057944,0.0075189305298839
GBR,2039,A03,1956.6883375234877,5737271.642057944,0.0003410485784183
GBR,2039,B05_06,-4251.973172331902,5737271.642057944,-0.0007411141458184
GBR,2039,B07_08,-2105.1079817754985,5737271.642057944,-0.0003669179556261
GBR,2039,B09,3727.965590408735,5737271.642057944,0.0006497802131383
GBR,2039,C10T12,167819.04490940835,5737271.642057944,0.0292506709424712
GBR,2039,C13T15,14870.332094207584,5737271.642057944,0.0025918821736099
GBR,2039,C16,-3056.219188289612,5737271.642057944,-0.0005326955701183
GBR,2039,C17_18,3633.7849293007325,5737271.642057944,0.0006333646297419
GBR,2039,C19,17502.397895484017,5737271.642057944,0.0030506482850106
GBR,2039,C20,44078.81881202521,5737271.642057944,0.0076828885857345
GBR,2039,C21,41136.5241824732,5737271.642057944,0.0071700499381824
GBR,2039,C22,-2768.9114365726477,5737271.642057944,-0.0004826181518537
GBR,2039,C23,600.4868175697368,5737271.642057944,0.0001046641775104
GBR,2039,C24,-12303.1715196225,5737271.642057944,-0.0021444289702848
GBR,2039,C25,16087.645506696383,5737271.642057944,0.002804058533461
GBR,2039,C26,-10218.488259532654,5737271.642057944,-0.0017810710206964
GBR,2039,C27,10318.569395794468,5737271.642057944,0.0017985150502815
GBR,2039,C28,33052.873221836926,5737271.642057944,0.0057610786596782
GBR,2039,C29,81852.52603956647,5737271.642057944,0.0142668033076095
GBR,2039,C30,45616.8003549851,5737271.642057944,0.0079509570403786
GBR,2039,C31T33,42827.918079430456,5737271.642057944,0.0074648579937324
GBR,2039,D,81480.34222217616,5737271.642057944,0.0142019320864768
GBR,2039,E,52623.61460006204,5737271.642057944,0.009172236889447
GBR,2039,F,461608.4685829651,5737271.642057944,0.080457837345381
GBR,2039,G,564624.4104095647,5737271.642057944,0.0984134002424601
GBR,2039,H49,51609.186756321666,5737271.642057944,0.0089954232562378
GBR,2039,H50,24062.81850104464,5737271.642057944,0.0041941222243424
GBR,2039,H51,10465.854333286195,5737271.642057944,0.0018241866493761
GBR,2039,H52,35886.462943749095,5737271.642057944,0.0062549701639849
GBR,2039,H53,4414.236239060273,5737271.642057944,0.0007693964160074
GBR,2039,I,161749.04456566492,5737271.642057944,0.0281926767036685
GBR,2039,J58T60,119380.00190011387,5737271.642057944,0.0208078001789179
GBR,2039,J61,68960.89559403309,5737271.642057944,0.0120198066078142
GBR,2039,J62_63,122281.90096899825,5737271.642057944,0.0213135979256398
GBR,2039,K,409834.7493463944,5737271.642057944,0.0714337362627278
GBR,2039,L,872527.0898268323,5737271.642057944,0.1520804912618464
GBR,2039,M,235573.5202758518,5737271.642057944,0.0410601998603211
GBR,2039,N,114912.20750196565,5737271.642057944,0.020029068635967
GBR,2039,O,459877.35994939564,5737271.642057944,0.0801561070558686
GBR,2039,P,385456.70930732833,5737271.642057944,0.0671846712785358
GBR,2039,Q,769252.6618002281,5737271.642057944,0.1340798745105782
GBR,2039,R,90570.47807923025,5737271.642057944,0.0157863325513977
GBR,2039,S,97516.47204195331,5737271.642057944,0.0169970114935981
GBR,2039,T,9086.504795420855,5737271.642057944,0.0015837675749586
GBR,2039,employees_compensation,0.0,5737271.642057944,0.0
GBR,2040,A01_02,44625.78282190828,5935123.704700242,0.0075189305298839
GBR,2040,A03,2024.1655022247717,5935123.704700242,0.0003410485784183
GBR,2040,B05_06,-4398.604134735458,5935123.704700242,-0.0007411141458184
GBR,2040,B07_08,-2177.7034561166174,5935123.704700242,-0.0003669179556261
GBR,2040,B09,3856.5259458422997,5935123.704700242,0.0006497802131383
GBR,2040,C10T12,173606.35048904739,5935123.704700242,0.0292506709424712
GBR,2040,C13T15,15383.141328382106,5935123.704700242,0.0025918821736099
GBR,2040,C16,-3161.6141055979324,5935123.704700242,-0.0005326955701183
GBR,2040,C17_18,3759.0974276998422,5935123.704700242,0.0006333646297419
GBR,2040,C19,18105.97495106955,5935123.704700242,0.0030506482850106
GBR,2040,C20,45598.89416576375,5935123.704700242,0.0076828885857345
GBR,2040,C21,42555.133351990866,5935123.704700242,0.0071700499381824
GBR,2040,C22,-2864.398433385516,5935123.704700242,-0.0004826181518537
GBR,2040,C23,621.194840974929,5935123.704700242,0.0001046641775104
GBR,2040,C24,-12727.451214583247,5935123.704700242,-0.0021444289702848
GBR,2040,C25,16642.434271311377,5935123.704700242,0.002804058533461
GBR,2040,C26,-10570.87683468986,5935123.704700242,-0.0017810710206964
GBR,2040,C27,10674.409308185877,5935123.704700242,0.0017985150502815
GBR,2040,C28,34192.71451769878,5935123.704700242,0.0057610786596782
GBR,2040,C29,84675.24250128896,5935123.704700242,0.0142668033076095
GBR,2040,C30,47189.913605404305,5935123.704700242,0.0079509570403786
GBR,2040,C31T33,44304.85563082226,5935123.704700242,0.0074648579937324
GBR,2040,D,84290.22377899142,5935123.704700242,0.0142019320864768
GBR,2040,E,54438.3605876829,5935123.704700242,0.009172236889447
GBR,2040,F,477527.2176574872,5935123.704700242,0.080457837345381
GBR,2040,G,584095.7046391775,5935123.704700242,0.0984134002424601
GBR,2040,H49,53388.949801908806,5935123.704700242,0.0089954232562378
GBR,2040,H50,24892.634234104687,5935123.704700242,0.0041941222243424
GBR,2040,H51,10826.7734245098,5935123.704700242,0.0018241866493761
GBR,2040,H52,37124.02169245954,5935123.704700242,0.0062549701639849
GBR,2040,H53,4566.462906956928,5935123.704700242,0.0007693964160074
GBR,2040,I,167327.02380289318,5935123.704700242,0.0281926767036685
GBR,2040,J58T60,123496.86808456156,5935123.704700242,0.0208078001789179
GBR,2040,J61,71339.03912395066,5935123.704700242,0.0120198066078142
GBR,2040,J62_63,126498.84028091468,5935123.704700242,0.0213135979256398
GBR,2040,K,423968.061408221,5935123.704700242,0.0714337362627278
GBR,2040,L,902616.5287106425,5935123.704700242,0.1520804912618464
GBR,2040,M,243697.3655107213,5935123.704700242,0.0410601998603211
GBR,2040,N,118875.00004439587,5935123.704700242,0.020029068635967
GBR,2040,O,475736.41106377606,5935123.704700242,0.0801561070558686
GBR,2040,P,398749.3350977314,5935123.704700242,0.0671846712785358
GBR,2040,Q,795780.6415309664,5935123.704700242,0.1340798745105782
GBR,2040,R,93693.83653608152,5935123.704700242,0.0157863325513977
GBR,2040,S,100879.36582471654,5935123.704700242,0.0169970114935981
GBR,2040,T,9399.856476872405,5935123.704700242,0.0015837675749586
GBR,2040,employees_compensation,0.0,5935123.704700242,0.0
FRA,2021,A01_02,43508.08064450337,2735566.8595869225,0.0159045941399777
FRA,2021,A03,780.9490254649075,2735566.8595869225,0.0002854797800785
FRA,2021,B05_06,-18764.398066036425,2735566.8595869225,-0.0068594185516891
FRA,2021,B07_08,-834.7225919867234,2735566.8595869225,-0.0003051369733704
FRA,2021,B09,-1113.5609400550393,2735566.8595869225,-0.0004070677110861
FRA,2021,C10T12,130653.52254968962,2735566.8595869225,0.0477610415888057
FRA,2021,C13T15,9739.177094938155,2735566.8595869225,0.0035602043725624
FRA,2021,C16,-152.13438195118522,2735566.8595869225,-5.5613476021623504e-05
FRA,2021,C17_18,2042.1632169278337,2735566.8595869225,0.0007465228677453
FRA,2021,C19,2881.142882931026,2735566.8595869225,0.0010532160355847
FRA,2021,C20,23318.795093903293,2735566.8595869225,0.0085243009185396
FRA,2021,C21,28108.78756009404,2735566.8595869225,0.0102753063635003
FRA,2021,C22,2144.108936791945,2735566.8595869225,0.0007837896300278
FRA,2021,C23,-130.51292707888703,2735566.8595869225,-4.770964621884431e-05
FRA,2021,C24,-1900.783548280857,2735566.8595869225,-0.000694840830382
FRA,2021,C25,4101.578786448034,2735566.8595869225,0.0014993524183384
FRA,2021,C26,2849.2148278088775,2735566.8595869225,0.0010415445770677
FRA,2021,C27,2262.7468679305525,2735566.8595869225,0.000827158312728
FRA,2021,C28,5724.196156242786,2735566.8595869225,0.0020925082259211
FRA,2021,C29,41842.3323932277,2735566.8595869225,0.0152956716252755
FRA,2021,C30,47141.26926089436,2735566.8595869225,0.0172327242142467
FRA,2021,C31T33,46303.1858209996,2735566.8595869225,0.0169263586662954
FRA,2021,D,46993.616009486475,2735566.8595869225,0.017178748837666
FRA,2021,E,12912.489689304226,2735566.8595869225,0.0047202244916997
FRA,2021,F,263915.95930179395,2735566.8595869225,0.096475784672156
FRA,2021,G,274992.86589222524,2735566.8595869225,0.1005250026803402
FRA,2021,H49,43240.22106626678,2735566.8595869225,0.0158066767458925
FRA,2021,H50,17882.399546815563,2735566.8595869225,0.0065369996292161
FRA,2021,H51,10466.91269519939,2735566.8595869225,0.0038262317217792
FRA,2021,H52,7349.390176099576,2735566.8595869225,0.0026866059406822
FRA,2021,H53,1784.946323731873,2735566.8595869225,0.0006524959598324
FRA,2021,I,79047.47887179798,2735566.8595869225,0.0288961969965283
FRA,2021,J58T60,36687.23981600708,2735566.8595869225,0.0134112020283602
FRA,2021,J61,27473.475277292026,2735566.8595869225,0.0100430648152539
FRA,2021,J62_63,73436.20720525076,2735566.8595869225,0.0268449688765201
FRA,2021,K,77449.73177651956,2735566.8595869225,0.0283121326408431
FRA,2021,L,343795.13600246224,2735566.8595869225,0.1256760129249322
FRA,2021,M,156854.69283742373,2735566.8595869225,0.0573390090202764
FRA,2021,N,39618.57136102539,2735566.8595869225,0.0144827647776841
FRA,2021,O,275963.36673967965,2735566.8595869225,0.1008797740667727
FRA,2021,P,151264.37045616747,2735566.8595869225,0.0552954390151549
FRA,2021,Q,331432.4810308428,2735566.8595869225,0.1211567832346419
FRA,2021,R,52285.607124810565,2735566.8595869225,0.0191132623725036
FRA,2021,S,39067.28027591346,2735566.8595869225,0.0142812375939562
FRA,2021,T,1147.281447394591,2735566.8595869225,0.0004193944093795
FRA,2021,employees_compensation,0.0,2735566.8595869225,0.0
FRA,2022,A01_02,41012.815372762794,2578677.268454981,0.0159045941399777
FRA,2022,A03,736.1602194919551,2578677.268454981,0.0002854797800785
FRA,2022,B05_06,-17688.22669405907,2578677.268454981,-0.0068594185516891
FRA,2022,B07_08,-786.8497769954033,2578677.268454981,-0.0003051369733704
FRA,2022,B09,-1049.6962532997256,2578677.268454981,-0.0004070677110861
FRA,2022,C10T12,123160.31226278623,2578677.268454981,0.0477610415888057
FRA,2022,C13T15,9180.61808658069,2578677.268454981,0.0035602043725624
FRA,2022,C16,-143.4092064367267,2578677.268454981,-5.5613476021623504e-05
FRA,2022,C17_18,1925.0415494366293,2578677.268454981,0.0007465228677453
FRA,2022,C19,2715.904249734538,2578677.268454981,0.0010532160355847
FRA,2022,C20,21981.421008107984,2578677.268454981,0.0085243009185396
FRA,2022,C21,26496.69894596904,2578677.268454981,0.0102753063635003
FRA,2022,C22,2021.1405022034276,2578677.268454981,0.0007837896300278
FRA,2022,C23,-123.02778019056296,2578677.268454981,-4.770964621884431e-05
FRA,2022,C24,-1791.7702545004465,2578677.268454981,-0.000694840830382
FRA,2022,C25,3866.345998572235,2578677.268454981,0.0014993524183384
FRA,2022,C26,2685.807324967035,2578677.268454981,0.0010415445770677
FRA,2022,C27,2132.97433844527,2578677.268454981,0.000827158312728
FRA,2022,C28,5395.9033962378,2578677.268454981,0.0020925082259211
FRA,2022,C29,39442.600725849785,2578677.268454981,0.0152956716252755
FRA,2022,C30,44437.634204831695,2578677.268454981,0.0172327242142467
FRA,2022,C31T33,43647.61633049192,2578677.268454981,0.0169263586662954
FRA,2022,D,44298.44912818674,2578677.268454981,0.017178748837666
FRA,2022,E,12171.935598750484,2578677.268454981,0.0047202244916997
FRA,2022,F,248779.91289044617,2578677.268454981,0.096475784672156
FRA,2022,G,259221.53932316933,2578677.268454981,0.1005250026803402
FRA,2022,H49,40760.31801444894,2578677.268454981,0.0158066767458925
FRA,2022,H50,16856.812347758198,2578677.268454981,0.0065369996292161
FRA,2022,H51,9866.616764793387,2578677.268454981,0.0038262317217792
FRA,2022,H52,6927.8896685333,2578677.268454981,0.0026866059406822
FRA,2022,H53,1682.5764993785242,2578677.268454981,0.0006524959598324
FRA,2022,I,74513.96633974463,2578677.268454981,0.0288961969965283
FRA,2022,J58T60,34583.161813189785,2578677.268454981,0.0134112020283602
FRA,2022,J61,25897.822944715255,2578677.268454981,0.0100430648152539
FRA,2022,J62_63,69224.51101426383,2578677.268454981,0.0268449688765201
FRA,2022,K,73007.85286242439,2578677.268454981,0.0283121326408431
FRA,2022,L,324077.87771957705,2578677.268454981,0.1256760129249322
FRA,2022,M,147858.79915632188,2578677.268454981,0.0573390090202764
FRA,2022,N,37346.37631659445,2578677.268454981,0.0144827647776841
FRA,2022,O,260136.38023286106,2578677.268454981,0.1008797740667727
FRA,2022,P,142589.09163761864,2578677.268454981,0.0552954390151549
FRA,2022,Q,312424.2428462986,2578677.268454981,0.1211567832346419
FRA,2022,R,49286.93520599095,2578677.268454981,0.0191132623725036
FRA,2022,S,36826.70274893956,2578677.268454981,0.0142812375939562
FRA,2022,T,1081.4828299840192,2578677.268454981,0.0004193944093795
FRA,2022,employees_compensation,0.0,2578677.268454981,0.0
FRA,2023,A01_02,44760.62666346913,2814320.5836959435,0.0159045941399777
FRA,2023,A03,803.4316213039137,2814320.5836959435,0.0002854797800785
FRA,2023,B05_06,-19304.60282220445,2814320.5836959435,-0.0068594185516891
FRA,2023,B07_08,-858.7532650029976,2814320.5836959435,-0.0003051369733704
FRA,2023,B09,-1145.6190382676045,2814320.5836959435,-0.0004070677110861
FRA,2023,C10T12,134414.8824421339,2814320.5836959435,0.0477610415888057
FRA,2023,C13T15,10019.556447866664,2814320.5836959435,0.0035602043725624
FRA,2023,C16,-156.5141502985358,2814320.5836959435,-5.5613476021623504e-05
FRA,2023,C17_18,2100.9546728953223,2814320.5836959435,0.0007465228677453
FRA,2023,C19,2964.0875680246604,2814320.5836959435,0.0010532160355847
FRA,2023,C20,23990.115536664234,2814320.5836959435,0.0085243009185396
FRA,2023,C21,28918.006202580807,2814320.5836959435,0.0102753063635003
FRA,2023,C22,2205.8352890746655,2814320.5836959435,0.0007837896300278
FRA,2023,C23,-134.2702393945449,2814320.5836959435,-4.770964621884431e-05
FRA,2023,C24,-1955.5048513364443,2814320.5836959435,-0.000694840830382
FRA,2023,C25,4219.6583731440505,2814320.5836959435,0.0014993524183384
FRA,2023,C26,2931.240342078514,2814320.5836959435,0.0010415445770677
FRA,2023,C27,2327.888665485617,2814320.5836959435,0.000827158312728
FRA,2023,C28,5888.988971762833,2814320.5836959435,0.0020925082259211
FRA,2023,C29,43046.92349646683,2814320.5836959435,0.0152956716252755
FRA,2023,C30,48498.410469309994,2814320.5836959435,0.0172327242142467
FRA,2023,C31T33,47636.19960157536,2814320.5836959435,0.0169263586662954
FRA,2023,D,48346.506455986186,2814320.5836959435,0.017178748837666
FRA,2023,E,13284.224946656188,2814320.5836959435,0.0047202244916997
FRA,2023,F,271513.78663106624,2814320.5836959435,0.096475784672156
FRA,2023,G,282909.5842193713,2814320.5836959435,0.1005250026803402
FRA,2023,H49,44485.055725793274,2814320.5836959435,0.0158066767458925
FRA,2023,H50,18397.21261211562,2814320.5836959435,0.0065369996292161
FRA,2023,H51,10768.242692593572,2814320.5836959435,0.0038262317217792
FRA,2023,H52,7560.970399141718,2814320.5836959435,0.0026866059406822
FRA,2023,H53,1836.3328105347648,2814320.5836959435,0.0006524959598324
FRA,2023,I,81323.1619978625,2814320.5836959435,0.0288961969965283
FRA,2023,J58T60,37743.4219205189,2814320.5836959435,0.0134112020283602
FRA,2023,J61,28264.40403296155,2814320.5836959435,0.0100430648152539
FRA,2023,J62_63,75550.34847786749,2814320.5836959435,0.0268449688765201
FRA,2023,K,79679.41765945453,2814320.5836959435,0.0283121326408431
FRA,2023,L,353692.5900514741,2814320.5836959435,0.1256760129249322
FRA,2023,M,161370.35333449126,2814320.5836959435,0.0573390090202764
FRA,2023,N,40759.14302266297,2814320.5836959435,0.0144827647776841
FRA,2023,O,283908.02463471465,2814320.5836959435,0.1008797740667727
FRA,2023,P,155619.09220485418,2814320.5836959435,0.0552954390151549
FRA,2023,Q,340974.0289116403,2814320.5836959435,0.1211567832346419
FRA,2023,R,53790.847716518045,2814320.5836959435,0.0191132623725036
FRA,2023,S,40191.980921323266,2814320.5836959435,0.0142812375939562
FRA,2023,T,1180.3103190037298,2814320.5836959435,0.0004193944093795
FRA,2023,employees_compensation,0.0,2814320.5836959435,0.0
FRA,2024,A01_02,46377.64304041262,2915990.350476032,0.0159045941399777
FRA,2024,A03,832.4562839649258,2915990.350476032,0.0002854797800785
FRA,2024,B05_06,-20001.998306601694,2915990.350476032,-0.0068594185516891
FRA,2024,B07_08,-889.7764699215483,2915990.350476032,-0.0003051369733704
FRA,2024,B09,-1187.005517517433,2915990.350476032,-0.0004070677110861
FRA,2024,C10T12,139270.7364016419,2915990.350476032,0.0477610415888057
FRA,2024,C13T15,10381.521596114535,2915990.350476032,0.0035602043725624
FRA,2024,C16,-162.16835943548432,2915990.350476032,-5.5613476021623504e-05
FRA,2024,C17_18,2176.8534787549897,2915990.350476032,0.0007465228677453
FRA,2024,C19,3071.1677967316064,2915990.350476032,0.0010532160355847
FRA,2024,C20,24856.779223015452,2915990.350476032,0.0085243009185396
FRA,2024,C21,29962.694204151845,2915990.350476032,0.0102753063635003
FRA,2024,C22,2285.522997964244,2915990.350476032,0.0007837896300278
FRA,2024,C23,-139.12086799877534,2915990.350476032,-4.770964621884431e-05
FRA,2024,C24,-2026.1491565106653,2915990.350476032,-0.000694840830382
FRA,2024,C25,4372.097183837677,2915990.350476032,0.0014993524183384
FRA,2024,C26,3037.133936320053,2915990.350476032,0.0010415445770677
FRA,2024,C27,2411.985658230884,2915990.350476032,0.000827158312728
FRA,2024,C28,6101.733795077648,2915990.350476032,0.0020925082259211
FRA,2024,C29,44602.03086335341,2915990.350476032,0.0152956716252755
FRA,2024,C30,50250.457521158045,2915990.350476032,0.0172327242142467
FRA,2024,C31T33,49357.09853961375,2915990.350476032,0.0169263586662954
FRA,2024,D,50093.06584388541,2915990.350476032,0.017178748837666
FRA,2024,E,13764.129069876959,2915990.350476032,0.0047202244916997
FRA,2024,F,281322.4571586104,2915990.350476032,0.096475784672156
FRA,2024,G,293129.9377974493,2915990.350476032,0.1005250026803402
FRA,2024,H49,46092.11686411642,2915990.350476032,0.0158066767458925
FRA,2024,H50,19061.827839859547,2915990.350476032,0.0065369996292161
FRA,2024,H51,11157.254779393441,2915990.350476032,0.0038262317217792
FRA,2024,H52,7834.1169985608785,2915990.350476032,0.0026866059406822
FRA,2024,H53,1902.671922595875,2915990.350476032,0.0006524959598324
FRA,2024,I,84261.03160733102,2915990.350476032,0.0288961969965283
FRA,2024,J58T60,39106.93570298293,2915990.350476032,0.0134112020283602
FRA,2024,J61,29285.480090485726,2915990.350476032,0.0100430648152539
FRA,2024,J62_63,78279.67020276202,2915990.350476032,0.0268449688765201
FRA,2024,K,82557.90558209598,2915990.350476032,0.0283121326408431
FRA,2024,L,366470.04097540333,2915990.350476032,0.1256760129249322
FRA,2024,M,167199.99700898415,2915990.350476032,0.0573390090202764
FRA,2024,N,42231.60233994099,2915990.350476032,0.0144827647776841
FRA,2024,O,294164.4477369115,2915990.350476032,0.1008797740667727
FRA,2024,P,161240.96659352758,2915990.350476032,0.0552954390151549
FRA,2024,Q,353292.01080693206,2915990.350476032,0.1211567832346419
FRA,2024,R,55734.08864433713,2915990.350476032,0.0191132623725036
FRA,2024,S,41643.95101683183,2915990.350476032,0.0142812375939562
FRA,2024,T,1222.9500507942166,2915990.350476032,0.0004193944093795
FRA,2024,employees_compensation,0.0,2915990.350476032,0.0
FRA,2025,A01_02,47720.58442120302,3000427.6752496827,0.0159045941399777
FRA,2025,A03,856.5614328717245,3000427.6752496827,0.0002854797800785
FRA,2025,B05_06,-20581.189258609073,3000427.6752496827,-0.0068594185516891
FRA,2025,B07_08,-915.5414196424736,3000427.6752496827,-0.0003051369733704
FRA,2025,B09,-1221.3772260432766,3000427.6752496827,-0.0004070677110861
FRA,2025,C10T12,143303.5509818037,3000427.6752496827,0.0477610415888057
FRA,2025,C13T15,10682.135728981159,3000427.6752496827,0.0035602043725624
FRA,2025,C16,-166.8642125721138,3000427.6752496827,-5.5613476021623504e-05
FRA,2025,C17_18,2239.8878725897566,3000427.6752496827,0.0007465228677453
FRA,2025,C19,3160.0985411850884,3000427.6752496827,0.0010532160355847
FRA,2025,C20,25576.54838814251,3000427.6752496827,0.0085243009185396
FRA,2025,C21,30830.313584715477,3000427.6752496827,0.0102753063635003
FRA,2025,C22,2351.704097509121,3000427.6752496827,0.0007837896300278
FRA,2025,C23,-143.14934289139185,3000427.6752496827,-4.770964621884431e-05
FRA,2025,C24,-2084.819657371623,3000427.6752496827,-0.000694840830382
FRA,2025,C25,4498.698490935075,3000427.6752496827,0.0014993524183384
FRA,2025,C26,3125.0791740401532,3000427.6752496827,0.0010415445770677
FRA,2025,C27,2481.8286933219233,3000427.6752496827,0.000827158312728
FRA,2025,C28,6278.4195917412835,3000427.6752496827,0.0020925082259211
FRA,2025,C29,45893.55645600791,3000427.6752496827,0.0152956716252755
FRA,2025,C30,51705.54265237114,3000427.6752496827,0.0172327242142467
FRA,2025,C31T33,50786.31498355503,3000427.6752496827,0.0169263586662954
FRA,2025,D,51543.593438696385,3000427.6752496827,0.017178748837666
FRA,2025,E,14162.692198287148,3000427.6752496827,0.0047202244916997
FRA,2025,F,289468.614321766,3000427.6752496827,0.096475784672156
FRA,2025,G,301618.0000966413,3000427.6752496827,0.1005250026803402
FRA,2025,H49,47426.79036210145,3000427.6752496827,0.0158066767458925
FRA,2025,H50,19613.794600596902,3000427.6752496827,0.0065369996292161
FRA,2025,H51,11480.331549944556,3000427.6752496827,0.0038262317217792
FRA,2025,H52,8060.96681691308,3000427.6752496827,0.0026866059406822
FRA,2025,H53,1957.7669358697383,3000427.6752496827,0.0006524959598324
FRA,2025,I,86700.94917785027,3000427.6752496827,0.0288961969965283
FRA,2025,J58T60,40239.34172425663,3000427.6752496827,0.0134112020283602
FRA,2025,J61,30133.489616014143,3000427.6752496827,0.0100430648152539
FRA,2025,J62_63,80546.38755832729,3000427.6752496827,0.0268449688765201
FRA,2025,K,84948.50632092553,3000427.6752496827,0.0283121326408431
FRA,2025,L,377081.78729500336,3000427.6752496827,0.1256760129249322
FRA,2025,M,172041.54953582853,3000427.6752496827,0.0573390090202764
FRA,2025,N,43454.48825309469,3000427.6752496827,0.0144827647776841
FRA,2025,O,302682.46598288004,3000427.6752496827,0.1008797740667727
FRA,2025,P,165909.9655361518,3000427.6752496827,0.0552954390151549
FRA,2025,Q,363522.16546144633,3000427.6752496827,0.1211567832346419
FRA,2025,R,57347.96138676821,3000427.6752496827,0.0191132623725036
FRA,2025,S,42849.82051372238,3000427.6752496827,0.0142812375939562
FRA,2025,T,1258.362592747247,3000427.6752496827,0.0004193944093795
FRA,2025,employees_compensation,0.0,3000427.6752496827,0.0
FRA,2026,A01_02,49109.659989834596,3087765.6831489224,0.0159045941399777
FRA,2026,A03,881.4946681592937,3087765.6831489224,0.0002854797800785
FRA,2026,B05_06,-21180.277210260683,3087765.6831489224,-0.0068594185516891
FRA,2026,B07_08,-942.1914750330476,3087765.6831489224,-0.0003051369733704
FRA,2026,B09,-1256.9297090096397,3087765.6831489224,-0.0004070677110861
FRA,2026,C10T12,147474.90520936274,3087765.6831489224,0.0477610415888057
FRA,2026,C13T15,10993.07688659492,3087765.6831489224,0.0035602043725624
FRA,2026,C16,-171.72138278019452,3087765.6831489224,-5.5613476021623504e-05
FRA,2026,C17_18,2305.087692709859,3087765.6831489224,0.0007465228677453
FRA,2026,C19,3252.084331620591,3087765.6831489224,0.0010532160355847
FRA,2026,C20,26321.043849101417,3087765.6831489224,0.0085243009185396
FRA,2026,C21,31727.738373057975,3087765.6831489224,0.0102753063635003
FRA,2026,C22,2420.158722407831,3087765.6831489224,0.0007837896300278
FRA,2026,C23,-147.3162083497232,3087765.6831489224,-4.770964621884431e-05
FRA,2026,C24,-2145.505671304241,3087765.6831489224,-0.000694840830382
FRA,2026,C25,4629.648944291658,3087765.6831489224,0.0014993524183384
FRA,2026,C26,3216.045602539502,3087765.6831489224,0.0010415445770677
FRA,2026,C27,2554.0710525728828,3087765.6831489224,0.000827158312728
FRA,2026,C28,6461.175091706004,3087765.6831489224,0.0020925082259211
FRA,2026,C29,47229.44994524039,3087765.6831489224,0.0152956716252755
FRA,2026,C30,53210.61445592044,3087765.6831489224,0.0172327242142467
FRA,2026,C31T33,52264.629430457295,3087765.6831489224,0.0169263586662954
FRA,2026,D,53043.95114037951,3087765.6831489224,0.017178748837666
FRA,2026,E,14574.9472022294,3087765.6831489224,0.0047202244916997
FRA,2026,F,297894.61716554814,3087765.6831489224,0.096475784672156
FRA,2026,G,310397.6535748079,3087765.6831489224,0.1005250026803402
FRA,2026,H49,48807.31402059494,3087765.6831489224,0.0158066767458925
FRA,2026,H50,20184.723125850705,3087765.6831489224,0.0065369996292161
FRA,2026,H51,11814.507006285628,3087765.6831489224,0.0038262317217792
FRA,2026,H52,8295.609627782527,3087765.6831489224,0.0026866059406822
FRA,2026,H53,2014.7546331638023,3087765.6831489224,0.0006524959598324
FRA,2026,I,89224.68545939104,3087765.6831489224,0.0288961969965283
FRA,2026,J58T60,41410.649392947846,3087765.6831489224,0.0134112020283602
FRA,2026,J61,31010.630890181365,3087765.6831489224,0.0100430648152539
FRA,2026,J62_63,82890.97366211965,3087765.6831489224,0.0268449688765201
FRA,2026,K,87421.23158515581,3087765.6831489224,0.0283121326408431
FRA,2026,L,388058.079904586,3087765.6831489224,0.1256760129249322
FRA,2026,M,177049.42435857598,3087765.6831489224,0.0573390090202764
FRA,2026,N,44719.384077650895,3087765.6831489224,0.0144827647776841
FRA,2026,O,311493.10448719736,3087765.6831489224,0.1008797740667727
FRA,2026,P,170739.35902564935,3087765.6831489224,0.0552954390151549
FRA,2026,Q,374103.75755263993,3087765.6831489224,0.1211567832346419
FRA,2026,R,59017.27564683817,3087765.6831489224,0.0191132623725036
FRA,2026,S,44097.11535551424,3087765.6831489224,0.0142812375939562
FRA,2026,T,1294.9916649865306,3087765.6831489224,0.0004193944093795
FRA,2026,employees_compensation,0.0,3087765.6831489224,0.0
FRA,2027,A01_02,50544.869746307326,3178004.37417375,0.0159045941399777
FRA,2027,A03,907.2559898276332,3178004.37417375,0.0002854797800785
FRA,2027,B05_06,-21799.26216155653,3178004.37417375,-0.0068594185516891
FRA,2027,B07_08,-969.7266360932703,3178004.37417375,-0.0003051369733704
FRA,2027,B09,-1293.662966416522,3178004.37417375,-0.0004070677110861
FRA,2027,C10T12,151784.79908431892,3178004.37417375,0.0477610415888057
FRA,2027,C13T15,11314.34506895582,3178004.37417375,0.0035602043725624
FRA,2027,C16,-176.73987005972646,3178004.37417375,-5.5613476021623504e-05
FRA,2027,C17_18,2372.4529391152955,3178004.37417375,0.0007465228677453
FRA,2027,C19,3347.1251680381124,3178004.37417375,0.0010532160355847
FRA,2027,C20,27090.265605892168,3178004.37417375,0.0085243009185396
FRA,2027,C21,32654.968569179327,3178004.37417375,0.0102753063635003
FRA,2027,C22,2490.8868726603737,3178004.37417375,0.0007837896300278
FRA,2027,C23,-151.62146437376936,3178004.37417375,-4.770964621884431e-05
FRA,2027,C24,-2208.2071983085166,3178004.37417375,-0.000694840830382
FRA,2027,C25,4764.948543907426,3178004.37417375,0.0014993524183384
FRA,2027,C26,3310.0332218180993,3178004.37417375,0.0010415445770677
FRA,2027,C27,2628.7127359837627,3178004.37417375,0.000827158312728
FRA,2027,C28,6650.000294971809,3178004.37417375,0.0020925082259211
FRA,2027,C29,48609.71133105085,3178004.37417375,0.0152956716252755
FRA,2027,C30,54765.67293180592,3178004.37417375,0.0172327242142467
FRA,2027,C31T33,53792.04188032055,3178004.37417375,0.0169263586662954
FRA,2027,D,54594.13894893477,3178004.37417375,0.017178748837666
FRA,2027,E,15000.894081703715,3178004.37417375,0.0047202244916997
FRA,2027,F,306600.4656899566,3178004.37417375,0.096475784672156
FRA,2027,G,319468.89823194913,3178004.37417375,0.1005250026803402
FRA,2027,H49,50233.68783959686,3178004.37417375,0.0158066767458925
FRA,2027,H50,20774.61341562095,3178004.37417375,0.0065369996292161
FRA,2027,H51,12159.781148416658,3178004.37417375,0.0038262317217792
FRA,2027,H52,8538.045431169214,3178004.37417375,0.0026866059406822
FRA,2027,H53,2073.6350144780668,3178004.37417375,0.0006524959598324
FRA,2027,I,91832.24045195332,3178004.37417375,0.0288961969965283
FRA,2027,J58T60,42620.858709056585,3178004.37417375,0.0134112020283602
FRA,2027,J61,31916.90391298738,3178004.37417375,0.0100430648152539
FRA,2027,J62_63,85313.42851413906,3178004.37417375,0.0268449688765201
FRA,2027,K,89976.08137478678,3178004.37417375,0.0283121326408431
FRA,2027,L,399398.91880415124,3178004.37417375,0.1256760129249322
FRA,2027,M,182223.62147722652,3178004.37417375,0.0573390090202764
FRA,2027,N,46026.28981360959,3178004.37417375,0.0144827647776841
FRA,2027,O,320596.3632498633,3178004.37417375,0.1008797740667727
FRA,2027,P,175729.1470620201,3178004.37417375,0.0552954390151549
FRA,2027,Q,385036.7870805128,3178004.37417375,0.1211567832346419
FRA,2027,R,60742.03142454699,3178004.37417375,0.0191132623725036
FRA,2027,S,45385.83554220741,3178004.37417375,0.0142812375939562
FRA,2027,T,1332.8372675120675,3178004.37417375,0.0004193944093795
FRA,2027,employees_compensation,0.0,3178004.37417375,0.0
FRA,2028,A01_02,52026.213690621255,3271143.748324168,0.0159045941399777
FRA,2028,A03,933.8453978767436,3271143.748324168,0.0002854797800785
FRA,2028,B05_06,-22438.14411249662,3271143.748324168,-0.0068594185516891
FRA,2028,B07_08,-998.146902823142,3271143.748324168,-0.0003051369733704
FRA,2028,B09,-1331.5769982639247,3271143.748324168,-0.0004070677110861
FRA,2028,C10T12,156233.23260667236,3271143.748324168,0.0477610415888057
FRA,2028,C13T15,11645.940276063862,3271143.748324168,0.0035602043725624
FRA,2028,C16,-181.91967441070975,3271143.748324168,-5.5613476021623504e-05
FRA,2028,C17_18,2441.9836118060675,3271143.748324168,0.0007465228677453
FRA,2028,C19,3445.221050437656,3271143.748324168,0.0010532160355847
FRA,2028,C20,27884.21365851478,3271143.748324168,0.0085243009185396
FRA,2028,C21,33612.00417307955,3271143.748324168,0.0102753063635003
FRA,2028,C22,2563.8885482667506,3271143.748324168,0.0007837896300278
FRA,2028,C23,-156.06511096353034,3271143.748324168,-4.770964621884431e-05
FRA,2028,C24,-2272.924238384453,3271143.748324168,-0.000694840830382
FRA,2028,C25,4904.597289782379,3271143.748324168,0.0014993524183384
FRA,2028,C26,3407.042031875946,3271143.748324168,0.0010415445770677
FRA,2028,C27,2705.753743554564,3271143.748324168,0.000827158312728
FRA,2028,C28,6844.895201538701,3271143.748324168,0.0020925082259211
FRA,2028,C29,50034.340613439315,3271143.748324168,0.0152956716252755
FRA,2028,C30,56370.718080027604,3271143.748324168,0.0172327242142467
FRA,2028,C31T33,55368.5523331448,3271143.748324168,0.0169263586662954
FRA,2028,D,56194.1568643622,3271143.748324168,0.017178748837666
FRA,2028,E,15440.532836710097,3271143.748324168,0.0047202244916997
FRA,2028,F,315586.1598949917,3271143.748324168,0.096475784672156
FRA,2028,G,328831.73406806507,3271143.748324168,0.1005250026803402
FRA,2028,H49,51705.91181910725,3271143.748324168,0.0158066767458925
FRA,2028,H50,21383.46546990765,3271143.748324168,0.0065369996292161
FRA,2028,H51,12516.153976337648,3271143.748324168,0.0038262317217792
FRA,2028,H52,8788.274227073149,3271143.748324168,0.0026866059406822
FRA,2028,H53,2134.4080798125324,3271143.748324168,0.0006524959598324
FRA,2028,I,94523.61415553714,3271143.748324168,0.0288961969965283
FRA,2028,J58T60,43869.96967258287,3271143.748324168,0.0134112020283602
FRA,2028,J61,32852.30868443221,3271143.748324168,0.0100430648152539
FRA,2028,J62_63,87813.75211438558,3271143.748324168,0.0268449688765201
FRA,2028,K,92613.05568981853,3271143.748324168,0.0283121326408431
FRA,2028,L,411104.30399369926,3271143.748324168,0.1256760129249322
FRA,2028,M,187564.14089178023,3271143.748324168,0.0573390090202764
FRA,2028,N,47375.2054609708,3271143.748324168,0.0144827647776841
FRA,2028,O,329992.24227087805,3271143.748324168,0.1008797740667727
FRA,2028,P,180879.32964526422,3271143.748324168,0.0552954390151549
FRA,2028,Q,396321.2540450652,3271143.748324168,0.1211567832346419
FRA,2028,R,62522.2287198947,3271143.748324168,0.0191132623725036
FRA,2028,S,46715.98107380191,3271143.748324168,0.0142812375939562
FRA,2028,T,1371.8994003238581,3271143.748324168,0.0004193944093795
FRA,2028,employees_compensation,0.0,3271143.748324168,0.0
FRA,2029,A01_02,53553.69182277632,3367183.805600173,0.0159045941399777
FRA,2029,A03,961.262892306624,3367183.805600173,0.0002854797800785
FRA,2029,B05_06,-23096.92306308093,3367183.805600173,-0.0068594185516891
FRA,2029,B07_08,-1027.452275222662,3367183.805600173,-0.0003051369733704
FRA,2029,B09,-1370.6718045518458,3367183.805600173,-0.0004070677110861
FRA,2029,C10T12,160820.20577642292,3367183.805600173,0.0477610415888057
FRA,2029,C13T15,11987.862507919039,3367183.805600173,0.0035602043725624
FRA,2029,C16,-187.2607958331442,3367183.805600173,-5.5613476021623504e-05
FRA,2029,C17_18,2513.679710782174,3367183.805600173,0.0007465228677453
FRA,2029,C19,3546.371978819217,3367183.805600173,0.0010532160355847
FRA,2029,C20,28702.88800696922,3367183.805600173,0.0085243009185396
FRA,2029,C21,34598.84518475862,3367183.805600173,0.0102753063635003
FRA,2029,C22,2639.163749226959,3367183.805600173,0.0007837896300278
FRA,2029,C23,-160.6471481190061,3367183.805600173,-4.770964621884431e-05
FRA,2029,C24,-2339.656791532047,3367183.805600173,-0.000694840830382
FRA,2029,C25,5048.595181916516,3367183.805600173,0.0014993524183384
FRA,2029,C26,3507.0720327130407,3367183.805600173,0.0010415445770677
FRA,2029,C27,2785.1940752852847,3367183.805600173,0.000827158312728
FRA,2029,C28,7045.859811406675,3367183.805600173,0.0020925082259211
FRA,2029,C29,51503.33779240574,3367183.805600173,0.0152956716252755
FRA,2029,C30,58025.749900585455,3367183.805600173,0.0172327242142467
FRA,2029,C31T33,56994.16078893001,3367183.805600173,0.0169263586662954
FRA,2029,D,57844.00488666174,3367183.805600173,0.017178748837666
FRA,2029,E,15893.863467248539,3367183.805600173,0.0047202244916997
FRA,2029,F,324851.69978065306,3367183.805600173,0.096475784672156
FRA,2029,G,338486.1610831555,3367183.805600173,0.1005250026803402
FRA,2029,H49,53223.98595912606,3367183.805600173,0.0158066767458925
FRA,2029,H50,22011.279288710786,3367183.805600173,0.0065369996292161
FRA,2029,H51,12883.62549004859,3367183.805600173,0.0038262317217792
FRA,2029,H52,9046.296015494323,3367183.805600173,0.0026866059406822
FRA,2029,H53,2197.0738291671983,3367183.805600173,0.0006524959598324
FRA,2029,I,97298.80657014245,3367183.805600173,0.0288961969965283
FRA,2029,J58T60,45157.98228352665,3367183.805600173,0.0134112020283602
FRA,2029,J61,33816.84520451583,3367183.805600173,0.0100430648152539
FRA,2029,J62_63,90391.94446285914,3367183.805600173,0.0268449688765201
FRA,2029,K,95332.15453025095,3367183.805600173,0.0283121326408431
FRA,2029,L,423174.23547322967,3367183.805600173,0.1256760129249322
FRA,2029,M,193070.98260223694,3367183.805600173,0.0573390090202764
FRA,2029,N,48766.13101973449,3367183.805600173,0.0144827647776841
FRA,2029,O,339680.74155024136,3367183.805600173,0.1008797740667727
FRA,2029,P,186189.90677538156,3367183.805600173,0.0552954390151549
FRA,2029,Q,407957.1584462967,3367183.805600173,0.1211567832346419
FRA,2029,R,64357.86753288126,3367183.805600173,0.0191132623725036
FRA,2029,S,48087.5519502977,3367183.805600173,0.0142812375939562
FRA,2029,T,1412.1780634219017,3367183.805600173,0.0004193944093795
FRA,2029,employees_compensation,0.0,3367183.805600173,0.0
FRA,2030,A01_02,55127.30414277256,3466124.5460017663,0.0159045941399777
FRA,2030,A03,989.5084731172749,3466124.5460017663,0.0002854797800785
FRA,2030,B05_06,-23775.599013309475,3466124.5460017663,-0.0068594185516891
FRA,2030,B07_08,-1057.6427532918308,3466124.5460017663,-0.0003051369733704
FRA,2030,B09,-1410.9473852802864,3466124.5460017663,-0.0004070677110861
FRA,2030,C10T12,165545.71859357064,3466124.5460017663,0.0477610415888057
FRA,2030,C13T15,12340.111764521353,3466124.5460017663,0.0035602043725624
FRA,2030,C16,-192.7632343270299,3466124.5460017663,-5.5613476021623504e-05
FRA,2030,C17_18,2587.5412360436144,3466124.5460017663,0.0007465228677453
FRA,2030,C19,3650.5779531827984,3466124.5460017663,0.0010532160355847
FRA,2030,C20,29546.288651255512,3466124.5460017663,0.0085243009185396
FRA,2030,C21,35615.49160421654,3466124.5460017663,0.0102753063635003
FRA,2030,C22,2716.712475541001,3466124.5460017663,0.0007837896300278
FRA,2030,C23,-165.36757584019662,3466124.5460017663,-4.770964621884431e-05
FRA,2030,C24,-2408.4048577513,3466124.5460017663,-0.000694840830382
FRA,2030,C25,5196.9422203098375,3466124.5460017663,0.0014993524183384
FRA,2030,C26,3610.1232243293834,3466124.5460017663,0.0010415445770677
FRA,2030,C27,2867.0337311759263,3466124.5460017663,0.000827158312728
FRA,2030,C28,7252.894124575733,3466124.5460017663,0.0020925082259211
FRA,2030,C29,53016.702867950145,3466124.5460017663,0.0152956716252755
FRA,2030,C30,59730.76839347949,3466124.5460017663,0.0172327242142467
FRA,2030,C31T33,58668.86724767621,3466124.5460017663,0.0169263586662954
FRA,2030,D,59543.683015833434,3466124.5460017663,0.017178748837666
FRA,2030,E,16360.885973319042,3466124.5460017663,0.0047202244916997
FRA,2030,F,334397.0853469409,3466124.5460017663,0.096475784672156
FRA,2030,G,348432.1792772205,3466124.5460017663,0.1005250026803402
FRA,2030,H49,54787.91025965332,3466124.5460017663,0.0158066767458925
FRA,2030,H50,22658.05487203037,3466124.5460017663,0.0065369996292161
FRA,2030,H51,13262.195689549486,3466124.5460017663,0.0038262317217792
FRA,2030,H52,9312.110796432738,3466124.5460017663,0.0026866059406822
FRA,2030,H53,2261.6322625420644,3466124.5460017663,0.0006524959598324
FRA,2030,I,100157.81769576926,3466124.5460017663,0.0288961969965283
FRA,2030,J58T60,46484.89654188797,3466124.5460017663,0.0134112020283602
FRA,2030,J61,34810.513473238236,3466124.5460017663,0.0100430648152539
FRA,2030,J62_63,93048.00555955978,3466124.5460017663,0.0268449688765201
FRA,2030,K,98133.37789608409,3466124.5460017663,0.0283121326408431
FRA,2030,L,435608.7132427427,3466124.5460017663,0.1256760129249322
FRA,2030,M,198744.14660859673,3466124.5460017663,0.0573390090202764
FRA,2030,N,50199.06648990067,3466124.5460017663,0.0144827647776841
FRA,2030,O,349661.8610879533,3466124.5460017663,0.1008797740667727
FRA,2030,P,191660.87845237213,3466124.5460017663,0.0552954390151549
FRA,2030,Q,419944.5002842075,3466124.5460017663,0.1211567832346419
FRA,2030,R,66248.94786350668,3466124.5460017663,0.0191132623725036
FRA,2030,S,49500.54817169479,3466124.5460017663,0.0142812375939562
FRA,2030,T,1453.6732568061984,3466124.5460017663,0.0004193944093795
FRA,2030,employees_compensation,0.0,3466124.5460017663,0.0
FRA,2031,A01_02,56747.05065060996,3567965.969528948,0.0159045941399777
FRA,2031,A03,1018.5821403086961,3567965.969528948,0.0002854797800785
FRA,2031,B05_06,-24474.171963182253,3567965.969528948,-0.0068594185516891
FRA,2031,B07_08,-1088.718337030648,3567965.969528948,-0.0003051369733704
FRA,2031,B09,-1452.4037404492465,3567965.969528948,-0.0004070677110861
FRA,2031,C10T12,170409.77105811556,3567965.969528948,0.0477610415888057
FRA,2031,C13T15,12702.688045870804,3567965.969528948,0.0035602043725624
FRA,2031,C16,-198.4269898923668,3567965.969528948,-5.5613476021623504e-05
FRA,2031,C17_18,2663.5681875903897,3567965.969528948,0.0007465228677453
FRA,2031,C19,3757.838973528399,3567965.969528948,0.0010532160355847
FRA,2031,C20,30414.415591373647,3567965.969528948,0.0085243009185396
FRA,2031,C21,36661.94343145332,3567965.969528948,0.0102753063635003
FRA,2031,C22,2796.5347272088748,3567965.969528948,0.0007837896300278
FRA,2031,C23,-170.22639412710194,3567965.969528948,-4.770964621884431e-05
FRA,2031,C24,-2479.1684370422117,3567965.969528948,-0.000694840830382
FRA,2031,C25,5349.638404962342,3567965.969528948,0.0014993524183384
FRA,2031,C26,3716.1956067249744,3567965.969528948,0.0010415445770677
FRA,2031,C27,2951.2727112264874,3567965.969528948,0.000827158312728
FRA,2031,C28,7465.998141045876,3567965.969528948,0.0020925082259211
FRA,2031,C29,54574.43584007252,3567965.969528948,0.0152956716252755
FRA,2031,C30,61485.77355870971,3567965.969528948,0.0172327242142467
FRA,2031,C31T33,60392.67170938338,3567965.969528948,0.0169263586662954
FRA,2031,D,61293.19125187726,3567965.969528948,0.017178748837666
FRA,2031,E,16841.600354921608,3567965.969528948,0.0047202244916997
FRA,2031,F,344222.3165938551,3567965.969528948,0.096475784672156
FRA,2031,G,358669.78865026013,3567965.969528948,0.1005250026803402
FRA,2031,H49,56397.68472068901,3567965.969528948,0.0158066767458925
FRA,2031,H50,23323.792219866395,3567965.969528948,0.0065369996292161
FRA,2031,H51,13651.86457484034,3567965.969528948,0.0038262317217792
FRA,2031,H52,9585.718569888397,3567965.969528948,0.0026866059406822
FRA,2031,H53,2328.0833799371303,3567965.969528948,0.0006524959598324
FRA,2031,I,103100.64753241757,3567965.969528948,0.0288961969965283
FRA,2031,J58T60,47850.712447666796,3567965.969528948,0.0134112020283602
FRA,2031,J61,35833.313490599445,3567965.969528948,0.0100430648152539
FRA,2031,J62_63,95781.93540448748,3567965.969528948,0.0268449688765201
FRA,2031,K,101016.72578731793,3567965.969528948,0.0283121326408431
FRA,2031,L,448407.7373022383,3567965.969528948,0.1256760129249322
FRA,2031,M,204583.6329108596,3567965.969528948,0.0573390090202764
FRA,2031,N,51674.011871469345,3567965.969528948,0.0144827647776841
FRA,2031,O,359935.60088401387,3567965.969528948,0.1008797740667727
FRA,2031,P,197292.24467623598,3567965.969528948,0.0552954390151549
FRA,2031,Q,432283.27955879766,3567965.969528948,0.1211567832346419
FRA,2031,R,68195.46971177097,3567965.969528948,0.0191132623725036
FRA,2031,S,50954.9697379932,3567965.969528948,0.0142812375939562
FRA,2031,T,1496.384980476748,3567965.969528948,0.0004193944093795
FRA,2031,employees_compensation,0.0,3567965.969528948,0.0
FRA,2032,A01_02,58412.93134628854,3672708.076181719,0.0159045941399777
FRA,2032,A03,1048.483893880888,3672708.076181719,0.0002854797800785
FRA,2032,B05_06,-25192.641912699266,3672708.076181719,-0.0068594185516891
FRA,2032,B07_08,-1120.679026439114,3672708.076181719,-0.0003051369733704
FRA,2032,B09,-1495.0408700587261,3672708.076181719,-0.0004070677110861
FRA,2032,C10T12,175412.36317005768,3672708.076181719,0.0477610415888057
FRA,2032,C13T15,13075.591351967398,3672708.076181719,0.0035602043725624
FRA,2032,C16,-204.252062529155,3672708.076181719,-5.5613476021623504e-05
FRA,2032,C17_18,2741.760565422501,3672708.076181719,0.0007465228677453
FRA,2032,C19,3868.1550398560203,3672708.076181719,0.0010532160355847
FRA,2032,C20,31307.268827323638,3672708.076181719,0.0085243009185396
FRA,2032,C21,37738.20066646897,3672708.076181719,0.0102753063635003
FRA,2032,C22,2878.6305042305826,3672708.076181719,0.0007837896300278
FRA,2032,C23,-175.22360297972213,3672708.076181719,-4.770964621884431e-05
FRA,2032,C24,-2551.9475294047834,3672708.076181719,-0.000694840830382
FRA,2032,C25,5506.683735874033,3672708.076181719,0.0014993524183384
FRA,2032,C26,3825.289179899815,3672708.076181719,0.0010415445770677
FRA,2032,C27,3037.9110154369696,3672708.076181719,0.000827158312728
FRA,2032,C28,7685.171860817105,3672708.076181719,0.0020925082259211
FRA,2032,C29,56176.53670877289,3672708.076181719,0.0152956716252755
FRA,2032,C30,63290.76539627613,3672708.076181719,0.0172327242142467
FRA,2032,C31T33,62165.574174051544,3672708.076181719,0.0169263586662954
FRA,2032,D,63092.52959479324,3672708.076181719,0.017178748837666
FRA,2032,E,17336.00661205624,3672708.076181719,0.0047202244916997
FRA,2032,F,354327.39352139586,3672708.076181719,0.096475784672156
FRA,2032,G,369198.9892022744,3672708.076181719,0.1005250026803402
FRA,2032,H49,58053.30934223316,3672708.076181719,0.0158066767458925
FRA,2032,H50,24008.491332218873,3672708.076181719,0.0065369996292161
FRA,2032,H51,14052.632145921152,3672708.076181719,0.0038262317217792
FRA,2032,H52,9867.1193358613,3672708.076181719,0.0026866059406822
FRA,2032,H53,2396.427181352398,3672708.076181719,0.0006524959598324
FRA,2032,I,106127.29608008743,3672708.076181719,0.0288961969965283
FRA,2032,J58T60,49255.43000086316,3672708.076181719,0.0134112020283602
FRA,2032,J61,36885.24525659946,3672708.076181719,0.0100430648152539
FRA,2032,J62_63,98593.73399764227,3672708.076181719,0.0268449688765201
FRA,2032,K,103982.19820395252,3672708.076181719,0.0283121326408431
FRA,2032,L,461571.3076517166,3672708.076181719,0.1256760129249322
FRA,2032,M,210589.44150902558,3672708.076181719,0.0573390090202764
FRA,2032,N,53190.96716444053,3672708.076181719,0.0144827647776841
FRA,2032,O,370501.96093842323,3672708.076181719,0.1008797740667727
FRA,2032,P,203084.0054469731,3672708.076181719,0.0552954390151549
FRA,2032,Q,444973.4962700672,3672708.076181719,0.1211567832346419
FRA,2032,R,70197.43307767414,3672708.076181719,0.0191132623725036
FRA,2032,S,52450.81664919292,3672708.076181719,0.0142812375939562
FRA,2032,T,1540.3132344335518,3672708.076181719,0.0004193944093795
FRA,2032,employees_compensation,0.0,3672708.076181719,0.0
FRA,2033,A01_02,60124.946229808265,3780350.865960077,0.0159045941399777
FRA,2033,A03,1079.2137338338498,3780350.865960077,0.0002854797800785
FRA,2033,B05_06,-25931.008861860504,3780350.865960077,-0.0068594185516891
FRA,2033,B07_08,-1153.5248215172285,3780350.865960077,-0.0003051369733704
FRA,2033,B09,-1538.8587741087244,3780350.865960077,-0.0004070677110861
FRA,2033,C10T12,180553.4949293969,3780350.865960077,0.0477610415888057
FRA,2033,C13T15,13458.821682811122,3780350.865960077,0.0035602043725624
FRA,2033,C16,-210.2384522373944,3780350.865960077,-5.5613476021623504e-05
FRA,2033,C17_18,2822.118369539945,3780350.865960077,0.0007465228677453
FRA,2033,C19,3981.52615216566,3780350.865960077,0.0010532160355847
FRA,2033,C20,32224.848359105457,3780350.865960077,0.0085243009185396
FRA,2033,C21,38844.26330926345,3780350.865960077,0.0102753063635003
FRA,2033,C22,2962.999806606122,3780350.865960077,0.0007837896300278
FRA,2033,C23,-180.359202398057,3780350.865960077,-4.770964621884431e-05
FRA,2033,C24,-2626.7421348390126,3780350.865960077,-0.000694840830382
FRA,2033,C25,5668.078213044906,3780350.865960077,0.0014993524183384
FRA,2033,C26,3937.4039438539016,3780350.865960077,0.0010415445770677
FRA,2033,C27,3126.948643807371,3780350.865960077,0.000827158312728
FRA,2033,C28,7910.415283889414,3780350.865960077,0.0020925082259211
FRA,2033,C29,57823.00547405121,3780350.865960077,0.0152956716252755
FRA,2033,C30,65145.7439061787,3780350.865960077,0.0172327242142467
FRA,2033,C31T33,63987.574641680665,3780350.865960077,0.0169263586662954
FRA,2033,D,64941.698044581324,3780350.865960077,0.017178748837666
FRA,2033,E,17844.104744722925,3780350.865960077,0.0047202244916997
FRA,2033,F,364712.31612956285,3780350.865960077,0.096475784672156
FRA,2033,G,380019.78093326313,3780350.865960077,0.1005250026803402
FRA,2033,H49,59754.78412428572,3780350.865960077,0.0158066767458925
FRA,2033,H50,24712.152209087784,3780350.865960077,0.0065369996292161
FRA,2033,H51,14464.498402791914,3780350.865960077,0.0038262317217792
FRA,2033,H52,10156.313094351442,3780350.865960077,0.0026866059406822
FRA,2033,H53,2466.6636667878647,3780350.865960077,0.0006524959598324
FRA,2033,I,109237.76333877874,3780350.865960077,0.0288961969965283
FRA,2033,J58T60,50699.04920147702,3780350.865960077,0.0134112020283602
FRA,2033,J61,37966.30877123826,3780350.865960077,0.0100430648152539
FRA,2033,J62_63,101483.40133902407,3780350.865960077,0.0268449688765201
FRA,2033,K,107029.79514598778,3780350.865960077,0.0283121326408431
FRA,2033,L,475099.42429117725,3780350.865960077,0.1256760129249322
FRA,2033,M,216761.57240309456,3780350.865960077,0.0573390090202764
FRA,2033,N,54749.93236881419,3780350.865960077,0.0144827647776841
FRA,2033,O,381360.9412511811,3780350.865960077,0.1008797740667727
FRA,2033,P,209036.16076458344,3780350.865960077,0.0552954390151549
FRA,2033,Q,458015.15041801584,3780350.865960077,0.1211567832346419
FRA,2033,R,72254.83796121614,3780350.865960077,0.0191132623725036
FRA,2033,S,53988.08890529393,3780350.865960077,0.0142812375939562
FRA,2033,T,1585.4580186766077,3780350.865960077,0.0004193944093795
FRA,2033,employees_compensation,0.0,3780350.865960077,0.0
FRA,2034,A01_02,61883.09530116916,3890894.338864024,0.0159045941399777
FRA,2034,A03,1110.7716601675822,3890894.338864024,0.0002854797800785
FRA,2034,B05_06,-26689.272810665978,3890894.338864024,-0.0068594185516891
FRA,2034,B07_08,-1187.2557222649916,3890894.338864024,-0.0003051369733704
FRA,2034,B09,-1583.8574525992424,3890894.338864024,-0.0004070677110861
FRA,2034,C10T12,185833.16633613332,3890894.338864024,0.0477610415888057
FRA,2034,C13T15,13852.379038401987,3890894.338864024,0.0035602043725624
FRA,2034,C16,-216.38615901708502,3890894.338864024,-5.5613476021623504e-05
FRA,2034,C17_18,2904.641599942724,3890894.338864024,0.0007465228677453
FRA,2034,C19,4097.952310457319,3890894.338864024,0.0010532160355847
FRA,2034,C20,33167.154186719126,3890894.338864024,0.0085243009185396
FRA,2034,C21,39980.1313598368,3890894.338864024,0.0102753063635003
FRA,2034,C22,3049.6426343354947,3890894.338864024,0.0007837896300278
FRA,2034,C23,-185.6331923821067,3890894.338864024,-4.770964621884431e-05
FRA,2034,C24,-2703.552253344901,3890894.338864024,-0.000694840830382
FRA,2034,C25,5833.821836474964,3890894.338864024,0.0014993524183384
FRA,2034,C26,4052.539898587238,3890894.338864024,0.0010415445770677
FRA,2034,C27,3218.385596337693,3890894.338864024,0.000827158312728
FRA,2034,C28,8141.728410262809,3890894.338864024,0.0020925082259211
FRA,2034,C29,59513.84213590752,3890894.338864024,0.0152956716252755
FRA,2034,C30,67050.70908841747,3890894.338864024,0.0172327242142467
FRA,2034,C31T33,65858.67311227079,3890894.338864024,0.0169263586662954
FRA,2034,D,66840.69660124157,3890894.338864024,0.017178748837666
FRA,2034,E,18365.89475292168,3890894.338864024,0.0047202244916997
FRA,2034,F,375377.08441835636,3890894.338864024,0.096475784672156
FRA,2034,G,391132.1638432265,3890894.338864024,0.1005250026803402
FRA,2034,H49,61502.10906684674,3890894.338864024,0.0158066767458925
FRA,2034,H50,25434.774850473146,3890894.338864024,0.0065369996292161
FRA,2034,H51,14887.463345452636,3890894.338864024,0.0038262317217792
FRA,2034,H52,10453.299845358828,3890894.338864024,0.0026866059406822
FRA,2034,H53,2538.7928362435327,3890894.338864024,0.0006524959598324
FRA,2034,I,112432.04930849157,3890894.338864024,0.0288961969965283
FRA,2034,J58T60,52181.57004950842,3890894.338864024,0.0134112020283602
FRA,2034,J61,39076.50403451586,3890894.338864024,0.0100430648152539
FRA,2034,J62_63,104450.93742863297,3890894.338864024,0.0268449688765201
FRA,2034,K,110159.51661342377,3890894.338864024,0.0283121326408431
FRA,2034,L,488992.08722062054,3890894.338864024,0.1256760129249322
FRA,2034,M,223100.02559306665,3890894.338864024,0.0573390090202764
FRA,2034,N,56350.907484590345,3890894.338864024,0.0144827647776841
FRA,2034,O,392512.54182228766,3890894.338864024,0.1008797740667727
FRA,2034,P,215148.71062906706,3890894.338864024,0.0552954390151549
FRA,2034,Q,471408.2420026438,3890894.338864024,0.1211567832346419
FRA,2034,R,74367.68436239702,3890894.338864024,0.0191132623725036
FRA,2034,S,55566.78650629625,3890894.338864024,0.0142812375939562
FRA,2034,T,1631.8193332059172,3890894.338864024,0.0004193944093795
FRA,2034,employees_compensation,0.0,3890894.338864024,0.0
FRA,2035,A01_02,63687.378560371246,4004338.49489356,0.0159045941399777
FRA,2035,A03,1143.1576728820853,4004338.49489356,0.0002854797800785
FRA,2035,B05_06,-27467.433759115695,4004338.49489356,-0.0068594185516891
FRA,2035,B07_08,-1221.8717286824037,4004338.49489356,-0.0003051369733704
FRA,2035,B09,-1630.0369055302804,4004338.49489356,-0.0004070677110861
FRA,2035,C10T12,191251.37739026695,4004338.49489356,0.0477610415888057
FRA,2035,C13T15,14256.263418739993,4004338.49489356,0.0035602043725624
FRA,2035,C16,-222.69518286822696,4004338.49489356,-5.5613476021623504e-05
FRA,2035,C17_18,2989.330256630839,4004338.49489356,0.0007465228677453
FRA,2035,C19,4217.433514730999,4004338.49489356,0.0010532160355847
FRA,2035,C20,34134.18631016466,4004338.49489356,0.0085243009185396
FRA,2035,C21,41145.80481818902,4004338.49489356,0.0102753063635003
FRA,2035,C22,3138.5589874187012,4004338.49489356,0.0007837896300278
FRA,2035,C23,-191.04557293187128,4004338.49489356,-4.770964621884431e-05
FRA,2035,C24,-2782.3778849224495,4004338.49489356,-0.000694840830382
FRA,2035,C25,6003.914606164208,4004338.49489356,0.0014993524183384
FRA,2035,C26,4170.697044099824,4004338.49489356,0.0010415445770677
FRA,2035,C27,3312.2218730279365,4004338.49489356,0.000827158312728
FRA,2035,C28,8379.11123993729,4004338.49489356,0.0020925082259211
FRA,2035,C29,61249.04669434183,4004338.49489356,0.0152956716252755
FRA,2035,C30,69005.66094299244,4004338.49489356,0.0172327242142467
FRA,2035,C31T33,67778.86958582189,4004338.49489356,0.0169263586662954
FRA,2035,D,68789.52526477397,4004338.49489356,0.017178748837666
FRA,2035,E,18901.376636652498,4004338.49489356,0.0047202244916997
FRA,2035,F,386321.6983877764,4004338.49489356,0.096475784672156
FRA,2035,G,402536.1379321646,4004338.49489356,0.1005250026803402
FRA,2035,H49,63295.28416991621,4004338.49489356,0.0158066767458925
FRA,2035,H50,26176.35925637496,4004338.49489356,0.0065369996292161
FRA,2035,H51,15321.526973903317,4004338.49489356,0.0038262317217792
FRA,2035,H52,10758.079588883458,4004338.49489356,0.0026866059406822
FRA,2035,H53,2612.8146897194015,4004338.49489356,0.0006524959598324
FRA,2035,I,115710.15398922595,4004338.49489356,0.0288961969965283
FRA,2035,J58T60,53702.99254495734,4004338.49489356,0.0134112020283602
FRA,2035,J61,40215.83104643227,4004338.49489356,0.0100430648152539
FRA,2035,J62_63,107496.34226646896,4004338.49489356,0.0268449688765201
FRA,2035,K,113371.3626062605,4004338.49489356,0.0283121326408431
FRA,2035,L,503249.2964400466,4004338.49489356,0.1256760129249322
FRA,2035,M,229604.80107894188,4004338.49489356,0.0573390090202764
FRA,2035,N,57993.892511769016,4004338.49489356,0.0144827647776841
FRA,2035,O,403956.762651743,4004338.49489356,0.1008797740667727
FRA,2035,P,221421.65504042403,4004338.49489356,0.0552954390151549
FRA,2035,Q,485152.77102395124,4004338.49489356,0.1211567832346419
FRA,2035,R,76535.97228121679,4004338.49489356,0.0191132623725036
FRA,2035,S,57186.9094521999,4004338.49489356,0.0142812375939562
FRA,2035,T,1679.3971780214806,4004338.49489356,0.0004193944093795
FRA,2035,employees_compensation,0.0,4004338.49489356,0.0
FRA,2036,A01_02,65537.79600741446,4120683.3340486833,0.0159045941399777
FRA,2036,A03,1176.3717719773583,4120683.3340486833,0.0002854797800785
FRA,2036,B05_06,-28265.49170720963,4120683.3340486833,-0.0068594185516891
FRA,2036,B07_08,-1257.3728407694641,4120683.3340486833,-0.0003051369733704
FRA,2036,B09,-1677.3971329018366,4120683.3340486833,-0.0004070677110861
FRA,2036,C10T12,196808.1280917977,4120683.3340486833,0.0477610415888057
FRA,2036,C13T15,14670.474823825132,4120683.3340486833,0.0035602043725624
FRA,2036,C16,-229.16552379082003,4120683.3340486833,-5.5613476021623504e-05
FRA,2036,C17_18,3076.184339604287,4120683.3340486833,0.0007465228677453
FRA,2036,C19,4339.9697649866985,4120683.3340486833,0.0010532160355847
FRA,2036,C20,35125.94472944202,4120683.3340486833,0.0085243009185396
FRA,2036,C21,42341.28368432007,4120683.3340486833,0.0102753063635003
FRA,2036,C22,3229.748865855739,4120683.3340486833,0.0007837896300278
FRA,2036,C23,-196.59634404735053,4120683.3340486833,-4.770964621884431e-05
FRA,2036,C24,-2863.2190295716555,4120683.3340486833,-0.000694840830382
FRA,2036,C25,6178.356522112634,4120683.3340486833,0.0014993524183384
FRA,2036,C26,4291.875380391656,4120683.3340486833,0.0010415445770677
FRA,2036,C27,3408.4574738780984,4120683.3340486833,0.000827158312728
FRA,2036,C28,8622.563772912854,4120683.3340486833,0.0020925082259211
FRA,2036,C29,63028.61914935409,4120683.3340486833,0.0152956716252755
FRA,2036,C30,71010.59946990358,4120683.3340486833,0.0172327242142467
FRA,2036,C31T33,69748.16406233395,4120683.3340486833,0.0169263586662954
FRA,2036,D,70788.18403517848,4120683.3340486833,0.017178748837666
FRA,2036,E,19450.550395915372,4120683.3340486833,0.0047202244916997
FRA,2036,F,397546.1580378227,4120683.3340486833,0.096475784672156
FRA,2036,G,414231.7032000771,4120683.3340486833,0.1005250026803402
FRA,2036,H49,65134.3094334941,4120683.3340486833,0.0158066767458925
FRA,2036,H50,26936.905426793208,4120683.3340486833,0.0065369996292161
FRA,2036,H51,15766.689288143947,4120683.3340486833,0.0038262317217792
FRA,2036,H52,11070.652324925328,4120683.3340486833,0.0026866059406822
FRA,2036,H53,2688.7292272154696,4120683.3340486833,0.0006524959598324
FRA,2036,I,119072.07738098178,4120683.3340486833,0.0288961969965283
FRA,2036,J58T60,55263.316687823775,4120683.3340486833,0.0134112020283602
FRA,2036,J61,41384.289806987465,4120683.3340486833,0.0100430648152539
FRA,2036,J62_63,110619.61585253198,4120683.3340486833,0.0268449688765201
FRA,2036,K,116665.3331244979,4120683.3340486833,0.0283121326408431
FRA,2036,L,517871.051949455,4120683.3340486833,0.1256760129249322
FRA,2036,M,236275.8988607201,4120683.3340486833,0.0573390090202764
FRA,2036,N,59678.88745035016,4120683.3340486833,0.0144827647776841
FRA,2036,O,415693.60373954684,4120683.3340486833,0.1008797740667727
FRA,2036,P,227854.99399865413,4120683.3340486833,0.0552954390151549
FRA,2036,Q,499248.73748193774,4120683.3340486833,0.1211567832346419
FRA,2036,R,78759.70171767539,4120683.3340486833,0.0191132623725036
FRA,2036,S,58848.45774300483,4120683.3340486833,0.0142812375939562
FRA,2036,T,1728.1915531232964,4120683.3340486833,0.0004193944093795
FRA,2036,employees_compensation,0.0,4120683.3340486833,0.0
FRA,2037,A01_02,67434.34764229886,4239928.856329395,0.0159045941399777
FRA,2037,A03,1210.4139574534017,4239928.856329395,0.0002854797800785
FRA,2037,B05_06,-29083.446654947802,4239928.856329395,-0.0068594185516891
FRA,2037,B07_08,-1293.7590585261732,4239928.856329395,-0.0003051369733704
FRA,2037,B09,-1725.9381347139126,4239928.856329395,-0.0004070677110861
FRA,2037,C10T12,202503.41844072565,4239928.856329395,0.0477610415888057
FRA,2037,C13T15,15095.013253657411,4239928.856329395,0.0035602043725624
FRA,2037,C16,-235.7971817848644,4239928.856329395,-5.5613476021623504e-05
FRA,2037,C17_18,3165.20384886307,4239928.856329395,0.0007465228677453
FRA,2037,C19,4465.561061224416,4239928.856329395,0.0010532160355847
FRA,2037,C20,36142.42944455122,4239928.856329395,0.0085243009185396
FRA,2037,C21,43566.56795822999,4239928.856329395,0.0102753063635003
FRA,2037,C22,3323.21226964661,4239928.856329395,0.0007837896300278
FRA,2037,C23,-202.28550572854462,4239928.856329395,-4.770964621884431e-05
FRA,2037,C24,-2946.075687292521,4239928.856329395,-0.000694840830382
FRA,2037,C25,6357.147584320245,4239928.856329395,0.0014993524183384
FRA,2037,C26,4416.074907462737,4239928.856329395,0.0010415445770677
FRA,2037,C27,3507.0923988881814,4239928.856329395,0.000827158312728
FRA,2037,C28,8872.086009189501,4239928.856329395,0.0020925082259211
FRA,2037,C29,64852.559500944335,4239928.856329395,0.0152956716252755
FRA,2037,C30,73065.5246691509,4239928.856329395,0.0172327242142467
FRA,2037,C31T33,71766.556541807,4239928.856329395,0.0169263586662954
FRA,2037,D,72836.67291245513,4239928.856329395,0.017178748837666
FRA,2037,E,20013.416030710312,4239928.856329395,0.0047202244916997
FRA,2037,F,409050.46336849546,4239928.856329395,0.096475784672156
FRA,2037,G,426218.85964696424,4239928.856329395,0.1005250026803402
FRA,2037,H49,67019.18485758043,4239928.856329395,0.0158066767458925
FRA,2037,H50,27716.4133617279,4239928.856329395,0.0065369996292161
FRA,2037,H51,16222.950288174537,4239928.856329395,0.0038262317217792
FRA,2037,H52,11391.01805348444,4239928.856329395,0.0026866059406822
FRA,2037,H53,2766.536448731739,4239928.856329395,0.0006524959598324
FRA,2037,I,122517.81948375914,4239928.856329395,0.0288961969965283
FRA,2037,J58T60,56862.54247810773,4239928.856329395,0.0134112020283602
FRA,2037,J61,42581.88031618146,4239928.856329395,0.0100430648152539
FRA,2037,J62_63,113820.75818682209,4239928.856329395,0.0268449688765201
FRA,2037,K,120041.42816813603,4239928.856329395,0.0283121326408431
FRA,2037,L,532857.3537488461,4239928.856329395,0.1256760129249322
FRA,2037,M,243113.3189384014,4239928.856329395,0.0573390090202764
FRA,2037,N,61405.8923003338,4239928.856329395,0.0144827647776841
FRA,2037,O,427723.0650856994,4239928.856329395,0.1008797740667727
FRA,2037,P,234448.72750375755,4239928.856329395,0.0552954390151549
FRA,2037,Q,513696.1413766037,4239928.856329395,0.1211567832346419
FRA,2037,R,81038.87267177286,4239928.856329395,0.0191132623725036
FRA,2037,S,60551.43137871108,4239928.856329395,0.0142812375939562
FRA,2037,T,1778.2024585113656,4239928.856329395,0.0004193944093795
FRA,2037,employees_compensation,0.0,4239928.856329395,0.0
FRA,2038,A01_02,69377.0334650244,4362075.061735695,0.0159045941399777
FRA,2038,A03,1245.2842293102156,4362075.061735695,0.0002854797800785
FRA,2038,B05_06,-29921.298602330204,4362075.061735695,-0.0068594185516891
FRA,2038,B07_08,-1331.0303819525307,4362075.061735695,-0.0003051369733704
FRA,2038,B09,-1775.6599109665078,4362075.061735695,-0.0004070677110861
FRA,2038,C10T12,208337.24843705073,4362075.061735695,0.0477610415888057
FRA,2038,C13T15,15529.878708236824,4362075.061735695,0.0035602043725624
FRA,2038,C16,-242.59015685035996,4362075.061735695,-5.5613476021623504e-05
FRA,2038,C17_18,3256.388784407188,4362075.061735695,0.0007465228677453
FRA,2038,C19,4594.207403444154,4362075.061735695,0.0010532160355847
FRA,2038,C20,37183.64045549227,4362075.061735695,0.0085243009185396
FRA,2038,C21,44821.657639918754,4362075.061735695,0.0102753063635003
FRA,2038,C22,3418.9491987913134,4362075.061735695,0.0007837896300278
FRA,2038,C23,-208.11305797545347,4362075.061735695,-4.770964621884431e-05
FRA,2038,C24,-3030.947858085044,4362075.061735695,-0.000694840830382
FRA,2038,C25,6540.28779278704,4362075.061735695,0.0014993524183384
FRA,2038,C26,4543.295625313066,4362075.061735695,0.0010415445770677
FRA,2038,C27,3608.126648058184,4362075.061735695,0.000827158312728
FRA,2038,C28,9127.677948767232,4362075.061735695,0.0020925082259211
FRA,2038,C29,66720.86774911254,4362075.061735695,0.0152956716252755
FRA,2038,C30,75170.43654073439,4362075.061735695,0.0172327242142467
FRA,2038,C31T33,73834.04702424102,4362075.061735695,0.0169263586662954
FRA,2038,D,74934.99189660391,4362075.061735695,0.017178748837666
FRA,2038,E,20589.97354103731,4362075.061735695,0.0047202244916997
FRA,2038,F,420834.61437979457,4362075.061735695,0.096475784672156
FRA,2038,G,438497.6072728259,4362075.061735695,0.1005250026803402
FRA,2038,H49,68949.9104421752,4362075.061735695,0.0158066767458925
FRA,2038,H50,28514.883061179036,4362075.061735695,0.0065369996292161
FRA,2038,H51,16690.309973995078,4362075.061735695,0.0038262317217792
FRA,2038,H52,11719.176774560794,4362075.061735695,0.0026866059406822
FRA,2038,H53,2846.236354268208,4362075.061735695,0.0006524959598324
FRA,2038,I,126047.38029755799,4362075.061735695,0.0288961969965283
FRA,2038,J58T60,58500.6699158092,4362075.061735695,0.0134112020283602
FRA,2038,J61,43808.60257401424,4362075.061735695,0.0100430648152539
FRA,2038,J62_63,117099.76926933923,4362075.061735695,0.0268449688765201
FRA,2038,K,123499.64773717486,4362075.061735695,0.0283121326408431
FRA,2038,L,548208.2018382197,4362075.061735695,0.1256760129249322
FRA,2038,M,250117.06131198577,4362075.061735695,0.0573390090202764
FRA,2038,N,63174.907061719925,4362075.061735695,0.0144827647776841
FRA,2038,O,440045.14669020055,4362075.061735695,0.1008797740667727
FRA,2038,P,241202.8555557342,4362075.061735695,0.0552954390151549
FRA,2038,Q,528494.9827079488,4362075.061735695,0.1211567832346419
FRA,2038,R,83373.48514350918,4362075.061735695,0.0191132623725036
FRA,2038,S,62295.83035931863,4362075.061735695,0.0142812375939562
FRA,2038,T,1829.4298941856878,4362075.061735695,0.0004193944093795
FRA,2038,employees_compensation,0.0,4362075.061735695,0.0
FRA,2039,A01_02,71365.85347559112,4487121.950267584,0.0159045941399777
FRA,2039,A03,1280.9825875478,4487121.950267584,0.0002854797800785
FRA,2039,B05_06,-30779.04754935684,4487121.950267584,-0.0068594185516891
FRA,2039,B07_08,-1369.186811048537,4487121.950267584,-0.0003051369733704
FRA,2039,B09,-1826.5624616596224,4487121.950267584,-0.0004070677110861
FRA,2039,C10T12,214309.61808077304,4487121.950267584,0.0477610415888057
FRA,2039,C13T15,15975.071187563377,4487121.950267584,0.0035602043725624
FRA,2039,C16,-249.5444489873068,4487121.950267584,-5.5613476021623504e-05
FRA,2039,C17_18,3349.7391462366404,4487121.950267584,0.0007465228677453
FRA,2039,C19,4725.908791645912,4487121.950267584,0.0010532160355847
FRA,2039,C20,38249.57776226517,4487121.950267584,0.0085243009185396
FRA,2039,C21,46106.552729386385,4487121.950267584,0.0102753063635003
FRA,2039,C22,3516.9596532898504,4487121.950267584,0.0007837896300278
FRA,2039,C23,-214.07900078807717,4487121.950267584,-4.770964621884431e-05
FRA,2039,C24,-3117.8355419492273,4487121.950267584,-0.000694840830382
FRA,2039,C25,6727.777147513019,4487121.950267584,0.0014993524183384
FRA,2039,C26,4673.537533942644,4487121.950267584,0.0010415445770677
FRA,2039,C27,3711.5602213881075,4487121.950267584,0.000827158312728
FRA,2039,C28,9389.339591646049,4487121.950267584,0.0020925082259211
FRA,2039,C29,68633.54389385875,4487121.950267584,0.0152956716252755
FRA,2039,C30,77325.33508465409,4487121.950267584,0.0172327242142467
FRA,2039,C31T33,75950.63550963603,4487121.950267584,0.0169263586662954
FRA,2039,D,77083.14098762485,4487121.950267584,0.017178748837666
FRA,2039,E,21180.222926896375,4487121.950267584,0.0047202244916997
FRA,2039,F,432898.61107172014,4487121.950267584,0.096475784672156
FRA,2039,G,451067.9460776622,4487121.950267584,0.1005250026803402
FRA,2039,H49,70926.48618727842,4487121.950267584,0.0158066767458925
FRA,2039,H50,29332.314525146623,4487121.950267584,0.0065369996292161
FRA,2039,H51,17168.76834560558,4487121.950267584,0.0038262317217792
FRA,2039,H52,12055.12848815439,4487121.950267584,0.0026866059406822
FRA,2039,H53,2927.828943824878,4487121.950267584,0.0006524959598324
FRA,2039,I,129660.75982237837,4487121.950267584,0.0288961969965283
FRA,2039,J58T60,60177.6990009282,4487121.950267584,0.0134112020283602
FRA,2039,J61,45064.456580485836,4487121.950267584,0.0100430648152539
FRA,2039,J62_63,120456.64910008346,4487121.950267584,0.0268449688765201
FRA,2039,K,127039.99183161442,4487121.950267584,0.0283121326408431
FRA,2039,L,563923.5962175758,4487121.950267584,0.1256760129249322
FRA,2039,M,257287.12598147325,4487121.950267584,0.0573390090202764
FRA,2039,N,64985.93173450855,4487121.950267584,0.0144827647776841
FRA,2039,O,452659.84855305037,4487121.950267584,0.1008797740667727
FRA,2039,P,248117.37815458412,4487121.950267584,0.0552954390151549
FRA,2039,Q,543645.2614759733,4487121.950267584,0.1211567832346419
FRA,2039,R,85763.53913288438,4487121.950267584,0.0191132623725036
FRA,2039,S,64081.65468482749,4487121.950267584,0.0142812375939562
FRA,2039,T,1881.8738601462635,4487121.950267584,0.0004193944093795
FRA,2039,employees_compensation,0.0,4487121.950267584,0.0
FRA,2040,A01_02,73400.807673999,4615069.521925061,0.0159045941399777
FRA,2040,A03,1317.5090321661546,4615069.521925061,0.0002854797800785
FRA,2040,B05_06,-31656.693496027707,4615069.521925061,-0.0068594185516891
FRA,2040,B07_08,-1408.228345814192,4615069.521925061,-0.0003051369733704
FRA,2040,B09,-1878.6457867932563,4615069.521925061,-0.0004070677110861
FRA,2040,C10T12,220420.5273718925,4615069.521925061,0.0477610415888057
FRA,2040,C13T15,16430.59069163707,4615069.521925061,0.0035602043725624
FRA,2040,C16,-256.66005819570483,4615069.521925061,-5.5613476021623504e-05
FRA,2040,C17_18,3445.254934351427,4615069.521925061,0.0007465228677453
FRA,2040,C19,4860.665225829689,4615069.521925061,0.0010532160355847
FRA,2040,C20,39340.241364869915,4615069.521925061,0.0085243009185396
FRA,2040,C21,47421.25322663287,4615069.521925061,0.0102753063635003
FRA,2040,C22,3617.2436331422196,4615069.521925061,0.0007837896300278
FRA,2040,C23,-220.18333416641562,4615069.521925061,-4.770964621884431e-05
FRA,2040,C24,-3206.738738885069,4615069.521925061,-0.000694840830382
FRA,2040,C25,6919.615648498184,4615069.521925061,0.0014993524183384
FRA,2040,C26,4806.80063335147,4615069.521925061,0.0010415445770677
FRA,2040,C27,3817.393118877951,4615069.521925061,0.000827158312728
FRA,2040,C28,9657.070937825947,4615069.521925061,0.0020925082259211
FRA,2040,C29,70590.58793518292,4615069.521925061,0.0152956716252755
FRA,2040,C30,79530.22030090995,4615069.521925061,0.0172327242142467
FRA,2040,C31T33,78116.32199799202,4615069.521925061,0.0169263586662954
FRA,2040,D,79281.12018551792,4615069.521925061,0.017178748837666
FRA,2040,E,21784.1641882875,4615069.521925061,0.0047202244916997
FRA,2040,F,445242.45344427216,4615069.521925061,0.096475784672156
FRA,2040,G,463929.87606147316,4615069.521925061,0.1005250026803402
FRA,2040,H49,72948.91209289008,4615069.521925061,0.0158066767458925
FRA,2040,H50,30168.70775363065,4615069.521925061,0.0065369996292161
FRA,2040,H51,17658.325403006034,4615069.521925061,0.0038262317217792
FRA,2040,H52,12398.87319426523,4615069.521925061,0.0026866059406822
FRA,2040,H53,3011.314217401748,4615069.521925061,0.0006524959598324
FRA,2040,I,133357.95805822025,4615069.521925061,0.0288961969965283
FRA,2040,J58T60,61893.62973346472,4615069.521925061,0.0134112020283602
FRA,2040,J61,46349.44233559622,4615069.521925061,0.0100430648152539
FRA,2040,J62_63,123891.39767905476,4615069.521925061,0.0268449688765201
FRA,2040,K,130662.46045145468,4615069.521925061,0.0283121326408431
FRA,2040,L,580003.5368869146,4615069.521925061,0.1256760129249322
FRA,2040,M,264623.5129468638,4615069.521925061,0.0573390090202764
FRA,2040,N,66838.96631869968,4615069.521925061,0.0144827647776841
FRA,2040,O,465567.1706742489,4615069.521925061,0.1008797740667727
FRA,2040,P,255192.29530030728,4615069.521925061,0.0552954390151549
FRA,2040,Q,559146.977680677,4615069.521925061,0.1211567832346419
FRA,2040,R,88209.03463989844,4615069.521925061,0.0191132623725036
FRA,2040,S,65908.90435523765,4615069.521925061,0.0142812375939562
FRA,2040,T,1935.5343563930924,4615069.521925061,0.0004193944093795
FRA,2040,employees_compensation,0.0,4615069.521925061,0.0
DEU,2021,A01_02,18586.004461770044,4012668.635520565,0.004631831369589
DEU,2021,A03,-89.83224453953409,4012668.635520565,-2.2387157450363485e-05
DEU,2021,B05_06,-38800.135586552395,4012668.635520565,-0.0096694093409781
DEU,2021,B07_08,-2106.9744628362796,4012668.635520565,-0.0005250806020176
DEU,2021,B09,-337.3675326257443,4012668.635520565,-8.40756023658e-05
DEU,2021,C10T12,171279.52088758245,4012668.635520565,0.0426846910236739
DEU,2021,C13T15,17772.106668798468,4012668.635520565,0.0044289993226647
DEU,2021,C16,9162.447506941158,4012668.635520565,0.0022833800493353
DEU,2021,C17_18,17852.999832493162,4012668.635520565,0.0044491587654302
DEU,2021,C19,9489.441291425812,4012668.635520565,0.0023648704025606
DEU,2021,C20,61743.99713969522,4012668.635520565,0.0153872653707637
DEU,2021,C21,58614.104894749595,4012668.635520565,0.0146072627019065
DEU,2021,C22,29218.213434040405,4012668.635520565,0.0072814917173568
DEU,2021,C23,16828.75774211037,4012668.635520565,0.0041939066667854
DEU,2021,C24,-5318.973820726988,4012668.635520565,-0.001325545242795
DEU,2021,C25,51790.27543945138,4012668.635520565,0.0129066913178423
DEU,2021,C26,53470.60192023631,4012668.635520565,0.0133254466732959
DEU,2021,C27,68069.22453009276,4012668.635520565,0.0169635797801834
DEU,2021,C28,211065.82470165993,4012668.635520565,0.0525998640488983
DEU,2021,C29,300690.8149964212,4012668.635520565,0.0749353715217535
DEU,2021,C30,33674.17969666032,4012668.635520565,0.0083919662337859
DEU,2021,C31T33,73780.63503581073,4012668.635520565,0.018386924447909
DEU,2021,D,69223.24883125964,4012668.635520565,0.0172511749957343
DEU,2021,E,25519.310067662373,4012668.635520565,0.0063596853828803
DEU,2021,F,299797.5690660737,4012668.635520565,0.0747127650691697
DEU,2021,G,362293.99402305495,4012668.635520565,0.0902875435105681
DEU,2021,H49,37622.273736465824,4012668.635520565,0.0093758735529342
DEU,2021,H50,26340.381197114468,4012668.635520565,0.0065643051020826
DEU,2021,H51,12512.94743841563,4012668.635520565,0.0031183605164029
DEU,2021,H52,18865.654225484064,4012668.635520565,0.0047015230857797
DEU,2021,H53,1724.1390128266237,4012668.635520565,0.0004296739076744
DEU,2021,I,72714.34615775071,4012668.635520565,0.0181211938394503
DEU,2021,J58T60,35329.233961229445,4012668.635520565,0.0088044234822909
DEU,2021,J61,31713.09986193363,4012668.635520565,0.0079032441356373
DEU,2021,J62_63,6099.101752729192,4012668.635520565,0.0015199614786876
DEU,2021,K,128171.85192404316,4012668.635520565,0.0319417982310955
DEU,2021,L,365675.6151989523,4012668.635520565,0.0911302797250571
DEU,2021,M,147164.1983076742,4012668.635520565,0.0366748943595694
DEU,2021,N,53378.231418172785,4012668.635520565,0.0133024269548856
DEU,2021,O,343177.3833797781,4012668.635520565,0.0855234793977095
DEU,2021,P,206524.5509144344,4012668.635520565,0.0514681299836865
DEU,2021,Q,457905.51986731414,4012668.635520565,0.1141149597586719
DEU,2021,R,48489.54742724873,4012668.635520565,0.0120841145461188
DEU,2021,S,96536.66553218897,4012668.635520565,0.024057970966662
DEU,2021,T,9453.905686091975,4012668.635520565,0.002356014549122
DEU,2021,employees_compensation,0.0,4012668.635520565,0.0
DEU,2022,A01_02,17796.538458024,3842225.037567193,0.004631831369589
DEU,2022,A03,-86.0164968757455,3842225.037567193,-2.2387157450363485e-05
DEU,2022,B05_06,-37152.04666839215,3842225.037567193,-0.0096694093409781
DEU,2022,B07_08,-2017.4778358128774,3842225.037567193,-0.0005250806020176
DEU,2022,B09,-323.0373844584203,3842225.037567193,-8.40756023658e-05
DEU,2022,C10T12,164004.1885719795,3842225.037567193,0.0426846910236739
DEU,2022,C13T15,17017.212088910448,3842225.037567193,0.0044289993226647
DEU,2022,C16,8773.259995837503,3842225.037567193,0.0022833800493353
DEU,2022,C17_18,17094.669204647456,3842225.037567193,0.0044491587654302
DEU,2022,C19,9086.364271319944,3842225.037567193,0.0023648704025606
DEU,2022,C20,59121.33626723893,3842225.037567193,0.0153872653707637
DEU,2022,C21,56124.39048358656,3842225.037567193,0.0146072627019065
DEU,2022,C22,27977.129787266436,3842225.037567193,0.0072814917173568
DEU,2022,C23,16113.933200342835,3842225.037567193,0.0041939066667854
DEU,2022,C24,-5093.043120295033,3842225.037567193,-0.001325545242795
DEU,2022,C25,49590.4125335648,3842225.037567193,0.0129066913178423
DEU,2022,C26,51199.36484490397,3842225.037567193,0.0133254466732959
DEU,2022,C27,65177.890958189244,3842225.037567193,0.0169635797801834
DEU,2022,C28,202100.51462130752,3842225.037567193,0.0525998640488983
DEU,2022,C29,287918.5606602809,3842225.037567193,0.0749353715217535
DEU,2022,C30,32243.822777870642,3842225.037567193,0.0083919662337859
DEU,2022,C31T33,70646.7014776123,3842225.037567193,0.018386924447909
DEU,2022,D,66282.89649606345,3842225.037567193,0.0172511749957343
DEU,2022,E,24435.34240915279,3842225.037567193,0.0063596853828803
DEU,2022,F,287063.2565746394,3842225.037567193,0.0747127650691697
DEU,2022,G,346905.0602567421,3842225.037567193,0.0902875435105681
DEU,2022,H49,36024.21611414786,3842225.037567193,0.0093758735529342
DEU,2022,H50,25221.537417451833,3842225.037567193,0.0065643051020826
DEU,2022,H51,11981.442852284184,3842225.037567193,0.0031183605164029
DEU,2022,H52,18064.309714882933,3842225.037567193,0.0047015230857797
DEU,2022,H53,1650.903846055914,3842225.037567193,0.0004296739076744
DEU,2022,I,69625.70468054432,3842225.037567193,0.0181211938394503
DEU,2022,J58T60,33828.576345002635,3842225.037567193,0.0088044234822909
DEU,2022,J61,30366.042495951726,3842225.037567193,0.0079032441356373
DEU,2022,J62_63,5840.03404955115,3842225.037567193,0.0015199614786876
DEU,2022,K,122727.5769084346,3842225.037567193,0.0319417982310955
DEU,2022,L,350143.04244011635,3842225.037567193,0.0911302797250571
DEU,2022,M,140913.1973584694,3842225.037567193,0.0366748943595694
DEU,2022,N,51110.91790647017,3842225.037567193,0.0133024269548856
DEU,2022,O,328600.4538417415,3842225.037567193,0.0855234793977095
DEU,2022,P,197752.13766008304,3842225.037567193,0.0514681299836865
DEU,2022,Q,438455.3555457419,3842225.037567193,0.1141149597586719
DEU,2022,R,46429.88746592757,3842225.037567193,0.0120841145461188
DEU,2022,S,92436.13840117335,3842225.037567193,0.024057970966662
DEU,2022,T,9052.33808950913,3842225.037567193,0.002356014549122
DEU,2022,employees_compensation,0.0,3842225.037567193,0.0
DEU,2023,A01_02,19344.267965097326,4176375.6971173617,0.004631831369589
DEU,2023,A03,-93.49718030323794,4176375.6971173617,-2.2387157450363485e-05
DEU,2023,B05_06,-40383.08617714054,4176375.6971173617,-0.0096694093409781
DEU,2023,B07_08,-2192.9338652940583,4176375.6971173617,-0.0005250806020176
DEU,2023,B09,-351.1313024410301,4176375.6971173617,-8.40756023658e-05
DEU,2023,C10T12,178267.30623023526,4176375.6971173617,0.0426846910236739
DEU,2023,C13T15,18497.16513372611,4176375.6971173617,0.0044289993226647
DEU,2023,C16,9536.252945326589,4176375.6971173617,0.0022833800493353
DEU,2023,C17_18,18581.358540559373,4176375.6971173617,0.0044491587654302
DEU,2023,C19,9876.587276086242,4176375.6971173617,0.0023648704025606
DEU,2023,C20,64263.00113955309,4176375.6971173617,0.0153872653707637
DEU,2023,C21,61005.41694965119,4176375.6971173617,0.0146072627019065
DEU,2023,C22,30410.245047130302,4176375.6971173617,0.0072814917173568
DEU,2023,C23,17515.329879141027,4176375.6971173617,0.0041939066667854
DEU,2023,C24,-5535.974937438571,4176375.6971173617,-0.001325545242795
DEU,2023,C25,53903.19195003224,4176375.6971173617,0.0129066913178423
DEU,2023,C26,55652.07163958639,4176375.6971173617,0.0133254466732959
DEU,2023,C27,70846.28233006943,4176375.6971173617,0.0169635797801834
DEU,2023,C28,219676.7938854961,4176375.6971173617,0.0525998640488983
DEU,2023,C29,312958.26447791175,4176375.6971173617,0.0749353715217535
DEU,2023,C30,35048.003829812944,4176375.6971173617,0.0083919662337859
DEU,2023,C31T33,76790.70440898021,4176375.6971173617,0.018386924447909
DEU,2023,D,72047.38799890345,4176375.6971173617,0.0172511749957343
DEU,2023,E,26560.435474373808,4176375.6971173617,0.0063596853828803
DEU,2023,F,312028.5762993193,4176375.6971173617,0.0747127650691697
DEU,2023,G,377074.702469963,4176375.6971173617,0.0902875435105681
DEU,2023,H49,39157.17044571981,4176375.6971173617,0.0093758735529342
DEU,2023,H50,27415.00429680127,4176375.6971173617,0.0065643051020826
DEU,2023,H51,13023.445075555419,4176375.6971173617,0.0031183605164029
DEU,2023,H52,19635.326754886566,4176375.6971173617,0.0047015230857797
DEU,2023,H53,1794.479665696813,4176375.6971173617,0.0004296739076744
DEU,2023,I,75680.91355383309,4176375.6971173617,0.0181211938394503
DEU,2023,J58T60,36770.58025856913,4176375.6971173617,0.0088044234822909
DEU,2023,J61,33006.91673646093,4176375.6971173617,0.0079032441356373
DEU,2023,J62_63,6347.930180145461,4176375.6971173617,0.0015199614786876
DEU,2023,K,133400.94985457356,4176375.6971173617,0.0319417982310955
DEU,2023,L,380594.28551523556,4176375.6971173617,0.0911302797250571
DEU,2023,M,153168.13749765226,4176375.6971173617,0.0366748943595694
DEU,2023,N,55555.932647063135,4176375.6971173617,0.0133024269548856
DEU,2023,O,357178.18088951136,4176375.6971173617,0.0855234793977095
DEU,2023,P,214950.2472399457,4176375.6971173617,0.0514681299836865
DEU,2023,Q,476586.94461364305,4176375.6971173617,0.1141149597586719
DEU,2023,R,50467.80231159295,4176375.6971173617,0.0120841145461188
DEU,2023,S,100475.12526712225,4176375.6971173617,0.024057970966662
DEU,2023,T,9839.60190500804,4176375.6971173617,0.002356014549122
DEU,2023,employees_compensation,0.0,4176375.6971173617,0.0
DEU,2024,A01_02,19918.009284441297,4300244.912890405,0.004631831369589
DEU,2024,A03,-96.27025994000212,4300244.912890405,-2.2387157450363485e-05
DEU,2024,B05_06,-41580.82832919604,4300244.912890405,-0.0096694093409781
DEU,2024,B07_08,-2257.975187683616,4300244.912890405,-0.0005250806020176
DEU,2024,B09,-361.545681371728,4300244.912890405,-8.40756023658e-05
DEU,2024,C10T12,183554.62543285245,4300244.912890405,0.0426846910236739
DEU,2024,C13T15,19045.781806483927,4300244.912890405,0.0044289993226647
DEU,2024,C16,9819.093441349567,4300244.912890405,0.0022833800493353
DEU,2024,C17_18,19132.472347682975,4300244.912890405,0.0044491587654302
DEU,2024,C19,10169.521918256305,4300244.912890405,0.0023648704025606
DEU,2024,C20,66169.0096339213,4300244.912890405,0.0153872653707637
DEU,2024,C21,62814.80712512718,4300244.912890405,0.0146072627019065
DEU,2024,C22,31312.1977158172,4300244.912890405,0.0072814917173568
DEU,2024,C23,18034.825808981073,4300244.912890405,0.0041939066667854
DEU,2024,C24,-5700.169187135276,4300244.912890405,-0.001325545242795
DEU,2024,C25,55501.93368179812,4300244.912890405,0.0129066913178423
DEU,2024,C26,57302.684268833065,4300244.912890405,0.0133254466732959
DEU,2024,C27,72947.5476541442,4300244.912890405,0.0169635797801834
DEU,2024,C28,226192.29779500182,4300244.912890405,0.0525998640488983
DEU,2024,C29,322240.45018197305,4300244.912890405,0.0749353715217535
DEU,2024,C30,36087.51010598587,4300244.912890405,0.0083919662337859
DEU,2024,C31T33,79068.2783208209,4300244.912890405,0.018386924447909
DEU,2024,D,74184.27751678858,4300244.912890405,0.0172511749957343
DEU,2024,E,27348.20471531448,4300244.912890405,0.0063596853828803
DEU,2024,F,321283.18791667296,4300244.912890405,0.0747127650691697
DEU,2024,G,388258.5496786916,4300244.912890405,0.0902875435105681
DEU,2024,H49,40318.552549908985,4300244.912890405,0.0093758735529342
DEU,2024,H50,28228.119621891234,4300244.912890405,0.0065643051020826
DEU,2024,H51,13409.713947219869,4300244.912890405,0.0031183605164029
DEU,2024,H52,20217.70073246096,4300244.912890405,0.0047015230857797
DEU,2024,H53,1847.7030356785804,4300244.912890405,0.0004296739076744
DEU,2024,I,77925.57162359712,4300244.912890405,0.0181211938394503
DEU,2024,J58T60,37861.177290654276,4300244.912890405,0.0088044234822909
DEU,2024,J61,33985.88538960523,4300244.912890405,0.0079032441356373
DEU,2024,J62_63,6536.20661651573,4300244.912890405,0.0015199614786876
DEU,2024,K,137357.55535184016,4300244.912890405,0.0319417982310955
DEU,2024,L,391882.5217979565,4300244.912890405,0.0911302797250571
DEU,2024,M,157711.02790053134,4300244.912890405,0.0366748943595694
DEU,2024,N,57203.69384184301,4300244.912890405,0.0133024269548856
DEU,2024,O,367771.90721268766,4300244.912890405,0.0855234793977095
DEU,2024,P,221325.56413833002,4300244.912890405,0.0514681299836865
DEU,2024,Q,490722.27518692217,4300244.912890405,0.1141149597586719
DEU,2024,R,51964.65210373232,4300244.912890405,0.0120841145461188
DEU,2024,S,103455.16726385333,4300244.912890405,0.024057970966662
DEU,2024,T,10131.439579557664,4300244.912890405,0.002356014549122
DEU,2024,employees_compensation,0.0,4300244.912890405,0.0
DEU,2025,A01_02,20554.713804190647,4437707.715169809,0.004631831369589
DEU,2025,A03,-99.3476613381993,4437707.715169809,-2.2387157450363485e-05
DEU,2025,B05_06,-42910.01243359353,4437707.715169809,-0.0096694093409781
DEU,2025,B07_08,-2330.1542386595115,4437707.715169809,-0.0005250806020176
DEU,2025,B09,-373.1029492762597,4437707.715169809,-8.40756023658e-05
DEU,2025,C10T12,189422.18267539714,4437707.715169809,0.0426846910236739
DEU,2025,C13T15,19654.604464670996,4437707.715169809,0.0044289993226647
DEU,2025,C16,10132.97326160008,4437707.715169809,0.0022833800493353
DEU,2025,C17_18,19744.06617936498,4437707.715169809,0.0044491587654302
DEU,2025,C19,10494.603630819907,4437707.715169809,0.0023648704025606
DEU,2025,C20,68284.1862512033,4437707.715169809,0.0153872653707637
DEU,2025,C21,64822.76238976266,4437707.715169809,0.0146072627019065
DEU,2025,C22,32313.13197205933,4437707.715169809,0.0072814917173568
DEU,2025,C23,18611.331971895666,4437707.715169809,0.0041939066667854
DEU,2025,C24,-5882.382350758009,4437707.715169809,-0.001325545242795
DEU,2025,C25,57276.12363850397,4437707.715169809,0.0129066913178423
DEU,2025,C26,59134.437510169075,4437707.715169809,0.0133254466732959
DEU,2025,C27,75279.40886741845,4437707.715169809,0.0169635797801834
DEU,2025,C28,233422.82250667905,4437707.715169809,0.0525998640488983
DEU,2025,C29,332541.2763412015,4437707.715169809,0.0749353715217535
DEU,2025,C30,37241.09330111621,4437707.715169809,0.0083919662337859
DEU,2025,C31T33,81595.79648073015,4437707.715169809,0.018386924447909
DEU,2025,D,76555.6723743146,4437707.715169809,0.0172511749957343
DEU,2025,E,28222.424889660568,4437707.715169809,0.0063596853828803
DEU,2025,F,331553.4139691238,4437707.715169809,0.0747127650691697
DEU,2025,G,400669.7284205779,4437707.715169809,0.0902875435105681
DEU,2025,H49,41607.386402312666,4437707.715169809,0.0093758735529342
DEU,2025,H50,29130.467396240492,4437707.715169809,0.0065643051020826
DEU,2025,H51,13838.372522322059,4437707.715169809,0.0031183605164029
DEU,2025,H52,20863.985270813544,4437707.715169809,0.0047015230857797
DEU,2025,H53,1906.767215093845,4437707.715169809,0.0004296739076744
DEU,2025,I,80416.56170941622,4437707.715169809,0.0181211938394503
DEU,2025,J58T60,39071.458014984564,4437707.715169809,0.0088044234822909
DEU,2025,J61,35072.28747558819,4437707.715169809,0.0079032441356373
DEU,2025,J62_63,6745.144780732873,4437707.715169809,0.0015199614786876
DEU,2025,K,141748.36444652983,4437707.715169809,0.0319417982310955
DEU,2025,L,404409.54542146873,4437707.715169809,0.0911302797250571
DEU,2025,M,162752.46165249884,4437707.715169809,0.0366748943595694
DEU,2025,N,59032.28272817865,4437707.715169809,0.0133024269548856
DEU,2025,O,379528.20435138163,4437707.715169809,0.0855234793977095
DEU,2025,P,228400.51751396817,4437707.715169809,0.0514681299836865
DEU,2025,Q,506408.8373373506,4437707.715169809,0.1141149597586719
DEU,2025,R,53625.76835230711,4437707.715169809,0.0120841145461188
DEU,2025,S,106762.24337008722,4437707.715169809,0.024057970966662
DEU,2025,T,10455.303941691018,4437707.715169809,0.002356014549122
DEU,2025,employees_compensation,0.0,4437707.715169809,0.0
DEU,2026,A01_02,21210.515805448445,4579293.612610628,0.004631831369589
DEU,2026,A03,-102.51736711695794,4579293.612610628,-2.2387157450363485e-05
DEU,2026,B05_06,-44279.064432858555,4579293.612610628,-0.0096694093409781
DEU,2026,B07_08,-2404.498246924939,4579293.612610628,-0.0005250806020176
DEU,2026,B09,-385.006868890099,4579293.612610628,-8.40756023658e-05
DEU,2026,C10T12,195465.7329609681,4579293.612610628,0.0426846910236739
DEU,2026,C13T15,20281.688308535257,4579293.612610628,0.0044289993226647
DEU,2026,C16,10456.26767508368,4579293.612610628,0.0022833800493353
DEU,2026,C17_18,20374.0043160251,4579293.612610628,0.0044491587654302
DEU,2026,C19,10829.43592909768,4579293.612610628,0.0023648704025606
DEU,2026,C20,70462.80602788292,4579293.612610628,0.0153872653707637
DEU,2026,C21,66890.94478856589,4579293.612610628,0.0146072627019065
DEU,2026,C22,33344.088511569185,4579293.612610628,0.0072814917173568
DEU,2026,C23,19205.130011095513,4579293.612610628,0.0041939066667854
DEU,2026,C24,-6070.060863557547,4579293.612610628,-0.001325545242795
DEU,2026,C25,59103.52911173229,4579293.612610628,0.0129066913178423
DEU,2026,C26,61021.13283620745,4579293.612610628,0.0133254466732959
DEU,2026,C27,77681.21253440464,4579293.612610628,0.0169635797801834
DEU,2026,C28,240870.2214633074,4579293.612610628,0.0525998640488983
DEU,2026,C29,343151.06816817017,4579293.612610628,0.0749353715217535
DEU,2026,C30,38429.277371619835,4579293.612610628,0.0083919662337859
DEU,2026,C31T33,84199.12567986388,4579293.612610628,0.018386924447909
DEU,2026,D,78998.19546799426,4579293.612610628,0.0172511749957343
DEU,2026,E,29122.866652036933,4579293.612610628,0.0063596853828803
DEU,2026,F,342131.68786172726,4579293.612610628,0.0747127650691697
DEU,2026,G,413453.1712962486,4579293.612610628,0.0902875435105681
DEU,2026,H49,42934.877873596495,4579293.612610628,0.0093758735529342
DEU,2026,H50,30059.880425194206,4579293.612610628,0.0065643051020826
DEU,2026,H51,14279.88839458098,4579293.612610628,0.0031183605164029
DEU,2026,H52,21529.65463625239,4579293.612610628,0.0047015230857797
DEU,2026,H53,1967.6029809188285,4579293.612610628,0.0004296739076744
DEU,2026,I,82982.26720187382,4579293.612610628,0.0181211938394503
DEU,2026,J58T60,40318.04021517374,4579293.612610628,0.0088044234822909
DEU,2026,J61,36191.27538922629,4579293.612610628,0.0079032441356373
DEU,2026,J62_63,6960.3498907683315,4579293.612610628,0.0015199614786876
DEU,2026,K,146270.87261495306,4579293.612610628,0.0319417982310955
DEU,2026,L,417312.3078603738,4579293.612610628,0.0911302797250571
DEU,2026,M,167945.1094839457,4579293.612610628,0.0366748943595694
DEU,2026,N,60915.71878672708,4579293.612610628,0.0133024269548856
DEU,2026,O,391637.12293416774,4579293.612610628,0.0855234793977095
DEU,2026,P,235687.67888730913,4579293.612610628,0.0514681299836865
DEU,2026,Q,522565.9063262051,4579293.612610628,0.1141149597586719
DEU,2026,R,55336.70855509699,4579293.612610628,0.0120841145461188
DEU,2026,S,110168.51278000722,4579293.612610628,0.024057970966662
DEU,2026,T,10788.882376012083,4579293.612610628,0.002356014549122
DEU,2026,employees_compensation,0.0,4579293.612610628,0.0
DEU,2027,A01_02,21885.415288214692,4725002.605212864,0.004631831369589
DEU,2027,A03,-105.77937727627804,4725002.605212864,-2.2387157450363485e-05
DEU,2027,B05_06,-45687.98432699112,4725002.605212864,-0.0096694093409781
DEU,2027,B07_08,-2481.0072124798985,4725002.605212864,-0.0005250806020176
DEU,2027,B09,-397.25744021324584,4725002.605212864,-8.40756023658e-05
DEU,2027,C10T12,201685.2762895653,4725002.605212864,0.0426846910236739
DEU,2027,C13T15,20927.033338076715,4725002.605212864,0.0044289993226647
DEU,2027,C16,10788.97668180037,4725002.605212864,0.0022833800493353
DEU,2027,C17_18,21022.286757663343,4725002.605212864,0.0044491587654302
DEU,2027,C19,11174.01881308963,4725002.605212864,0.0023648704025606
DEU,2027,C20,72704.86896396017,4725002.605212864,0.0153872653707637
DEU,2027,C21,69019.3543215369,4725002.605212864,0.0146072627019065
DEU,2027,C22,34405.067334346764,4725002.605212864,0.0072814917173568
DEU,2027,C23,19816.219926580612,4725002.605212864,0.0041939066667854
DEU,2027,C24,-6263.204725533893,4725002.605212864,-0.001325545242795
DEU,2027,C25,60984.150101483116,4725002.605212864,0.0129066913178423
DEU,2027,C26,62962.77024694821,4725002.605212864,0.0133254466732959
DEU,2027,C27,80152.95865510282,4725002.605212864,0.0169635797801834
DEU,2027,C28,248534.4946648869,4725002.605212864,0.0525998640488983
DEU,2027,C29,354069.8256628791,4725002.605212864,0.0749353715217535
DEU,2027,C30,39652.062317496755,4725002.605212864,0.0083919662337859
DEU,2027,C31T33,86878.26591822213,4725002.605212864,0.018386924447909
DEU,2027,D,81511.84679782759,4725002.605212864,0.0172511749957343
DEU,2027,E,30049.530002443586,4725002.605212864,0.0063596853828803
DEU,2027,F,353018.0095944835,4725002.605212864,0.0747127650691697
DEU,2027,G,426608.87830570404,4725002.605212864,0.0902875435105681
DEU,2027,H49,44301.02696376048,4725002.605212864,0.0093758735529342
DEU,2027,H50,31016.358708752374,4725002.605212864,0.0065643051020826
DEU,2027,H51,14734.261563996633,4725002.605212864,0.0031183605164029
DEU,2027,H52,22214.708828777504,4725002.605212864,0.0047015230857797
DEU,2027,H53,2030.2103331535313,4725002.605212864,0.0004296739076744
DEU,2027,I,85622.68810096997,4725002.605212864,0.0181211938394503
DEU,2027,J58T60,41600.92389122181,4725002.605212864,0.0088044234822909
DEU,2027,J61,37342.84913051953,4725002.605212864,0.0079032441356373
DEU,2027,J62_63,7181.821946622106,4725002.605212864,0.0015199614786876
DEU,2027,K,150925.07985710987,4725002.605212864,0.0319417982310955
DEU,2027,L,430590.80911467184,4725002.605212864,0.0911302797250571
DEU,2027,M,173288.97139487197,4725002.605212864,0.0366748943595694
DEU,2027,N,62854.00201748828,4725002.605212864,0.0133024269548856
DEU,2027,O,404098.6629610461,4725002.605212864,0.0855234793977095
DEU,2027,P,243187.04825835302,4725002.605212864,0.0514681299836865
DEU,2027,Q,539193.4821534859,4725002.605212864,0.1141149597586719
DEU,2027,R,57097.47271210199,4725002.605212864,0.0120841145461188
DEU,2027,S,113673.97549361337,4725002.605212864,0.024057970966662
DEU,2027,T,11132.17488252086,4725002.605212864,0.002356014549122
DEU,2027,employees_compensation,0.0,4725002.605212864,0.0
DEU,2028,A01_02,22579.412252489383,4874834.692976515,0.004631831369589
DEU,2028,A03,-109.13369181615957,4874834.692976515,-2.2387157450363485e-05
DEU,2028,B05_06,-47136.772115991225,4874834.692976515,-0.0096694093409781
DEU,2028,B07_08,-2559.6811353243907,4874834.692976515,-0.0005250806020176
DEU,2028,B09,-409.85466324570024,4874834.692976515,-8.40756023658e-05
DEU,2028,C10T12,208080.81266118874,4874834.692976515,0.0426846910236739
DEU,2028,C13T15,21590.639553295365,4874834.692976515,0.0044289993226647
DEU,2028,C16,11131.100281750147,4874834.692976515,0.0022833800493353
DEU,2028,C17_18,21688.9135042797,4874834.692976515,0.0044491587654302
DEU,2028,C19,11528.35228279575,4874834.692976515,0.0023648704025606
DEU,2028,C20,75010.37505943501,4874834.692976515,0.0153872653707637
DEU,2028,C21,71207.99098867566,4874834.692976515,0.0146072627019065
DEU,2028,C22,35496.068440392075,4874834.692976515,0.0072814917173568
DEU,2028,C23,20444.601718350965,4874834.692976515,0.0041939066667854
DEU,2028,C24,-6461.813936687044,4874834.692976515,-0.001325545242795
DEU,2028,C25,62917.98660775642,4874834.692976515,0.0129066913178423
DEU,2028,C26,64959.349742391336,4874834.692976515,0.0133254466732959
DEU,2028,C27,82694.64722951296,4874834.692976515,0.0169635797801834
DEU,2028,C28,256415.64211141755,4874834.692976515,0.0525998640488983
DEU,2028,C29,365297.5488253283,4874834.692976515,0.0749353715217535
DEU,2028,C30,40909.448138746964,4874834.692976515,0.0083919662337859
DEU,2028,C31T33,89633.21719580484,4874834.692976515,0.018386924447909
DEU,2028,D,84096.62636381455,4874834.692976515,0.0172511749957343
DEU,2028,E,31002.414940880517,4874834.692976515,0.0063596853828803
DEU,2028,F,364212.3791673923,4874834.692976515,0.0747127650691697
DEU,2028,G,440136.849448944,4874834.692976515,0.0902875435105681
DEU,2028,H49,45705.83367280461,4874834.692976515,0.0093758735529342
DEU,2028,H50,31999.902246915,4874834.692976515,0.0065643051020826
DEU,2028,H51,15201.492030569018,4874834.692976515,0.0031183605164029
DEU,2028,H52,22919.147848388882,4874834.692976515,0.0047015230857797
DEU,2028,H53,2094.589271797953,4874834.692976515,0.0004296739076744
DEU,2028,I,88337.82440670462,4874834.692976515,0.0181211938394503
DEU,2028,J58T60,42920.10904312878,4874834.692976515,0.0088044234822909
DEU,2028,J61,38527.0086994679,4874834.692976515,0.0079032441356373
DEU,2028,J62_63,7409.560948294196,4874834.692976515,0.0015199614786876
DEU,2028,K,155710.98617300022,4874834.692976515,0.0319417982310955
DEU,2028,L,444245.0491843627,4874834.692976515,0.0911302797250571
DEU,2028,M,178784.0473852776,4874834.692976515,0.0366748943595694
DEU,2028,N,64847.13242046226,4874834.692976515,0.0133024269548856
DEU,2028,O,416912.8244320165,4874834.692976515,0.0855234793977095
DEU,2028,P,250898.62562709974,4874834.692976515,0.0514681299836865
DEU,2028,Q,556291.5648191927,4874834.692976515,0.1141149597586719
DEU,2028,R,58908.06082332208,4874834.692976515,0.0120841145461188
DEU,2028,S,117278.63151090564,4874834.692976515,0.024057970966662
DEU,2028,T,11485.181461217348,4874834.692976515,0.002356014549122
DEU,2028,employees_compensation,0.0,4874834.692976515,0.0
DEU,2029,A01_02,23292.506698272522,5028789.875901582,0.004631831369589
DEU,2029,A03,-112.58031073660256,5028789.875901582,-2.2387157450363485e-05
DEU,2029,B05_06,-48625.42779985886,5028789.875901582,-0.0096694093409781
DEU,2029,B07_08,-2640.5200154584145,5028789.875901582,-0.0005250806020176
DEU,2029,B09,-422.7985379874621,5028789.875901582,-8.40756023658e-05
DEU,2029,C10T12,214652.34207583842,5028789.875901582,0.0426846910236739
DEU,2029,C13T15,22272.506954191205,5028789.875901582,0.0044289993226647
DEU,2029,C16,11482.63847493301,5028789.875901582,0.0022833800493353
DEU,2029,C17_18,22373.88455587417,5028789.875901582,0.0044491587654302
DEU,2029,C19,11892.436338216045,5028789.875901582,0.0023648704025606
DEU,2029,C20,77379.3243143075,5028789.875901582,0.0153872653707637
DEU,2029,C21,73456.85478998219,5028789.875901582,0.0146072627019065
DEU,2029,C22,36617.091829705096,5028789.875901582,0.0072814917173568
DEU,2029,C23,21090.275386406567,5028789.875901582,0.0041939066667854
DEU,2029,C24,-6665.888497017,5028789.875901582,-0.001325545242795
DEU,2029,C25,64905.038630552204,5028789.875901582,0.0129066913178423
DEU,2029,C26,67010.87132253683,5028789.875901582,0.0133254466732959
DEU,2029,C27,85306.27825763506,5028789.875901582,0.0169635797801834
DEU,2029,C28,264513.66380289936,5028789.875901582,0.0525998640488983
DEU,2029,C29,376834.2376555177,5028789.875901582,0.0749353715217535
DEU,2029,C30,42201.434835370455,5028789.875901582,0.0083919662337859
DEU,2029,C31T33,92463.97951261206,5028789.875901582,0.018386924447909
DEU,2029,D,86752.53416595516,5028789.875901582,0.0172511749957343
DEU,2029,E,31981.521467347728,5028789.875901582,0.0063596853828803
DEU,2029,F,375714.7965804539,5028789.875901582,0.0747127650691697
DEU,2029,G,454037.0847259684,5028789.875901582,0.0902875435105681
DEU,2029,H49,47149.2980007289,5028789.875901582,0.0093758735529342
DEU,2029,H50,33010.511039682075,5028789.875901582,0.0065643051020826
DEU,2029,H51,15681.579794298133,5028789.875901582,0.0031183605164029
DEU,2029,H52,23642.97169508652,5028789.875901582,0.0047015230857797
DEU,2029,H53,2160.7397968520936,5028789.875901582,0.0004296739076744
DEU,2029,I,91127.67611907779,5028789.875901582,0.0181211938394503
DEU,2029,J58T60,44275.59567089463,5028789.875901582,0.0088044234822909
DEU,2029,J61,39743.7540960714,5028789.875901582,0.0079032441356373
DEU,2029,J62_63,7643.566895784601,5028789.875901582,0.0015199614786876
DEU,2029,K,160628.5915626241,5028789.875901582,0.0319417982310955
DEU,2029,L,458275.0280694463,5028789.875901582,0.0911302797250571
DEU,2029,M,184430.33745516263,5028789.875901582,0.0366748943595694
DEU,2029,N,66895.109995649,5028789.875901582,0.0133024269548856
DEU,2029,O,430079.607347079,5028789.875901582,0.0855234793977095
DEU,2029,P,258822.41099354933,5028789.875901582,0.0514681299836865
DEU,2029,Q,573860.1543233257,5028789.875901582,0.1141149597586719
DEU,2029,R,60768.47288875726,5028789.875901582,0.0120841145461188
DEU,2029,S,120982.48083188405,5028789.875901582,0.024057970966662
DEU,2029,T,11847.902112101543,5028789.875901582,0.002356014549122
DEU,2029,employees_compensation,0.0,5028789.875901582,0.0
DEU,2030,A01_02,24024.698625564106,5186868.153988064,0.004631831369589
DEU,2030,A03,-116.11923403760699,5186868.153988064,-2.2387157450363485e-05
DEU,2030,B05_06,-50153.95137859402,5186868.153988064,-0.0096694093409781
DEU,2030,B07_08,-2723.5238528819705,5186868.153988064,-0.0005250806020176
DEU,2030,B09,-436.0890644385316,5186868.153988064,-8.40756023658e-05
DEU,2030,C10T12,221399.86453351434,5186868.153988064,0.0426846910236739
DEU,2030,C13T15,22972.63554076424,5186868.153988064,0.0044289993226647
DEU,2030,C16,11843.591261348962,5186868.153988064,0.0022833800493353
DEU,2030,C17_18,23077.19991244676,5186868.153988064,0.0044491587654302
DEU,2030,C19,12266.270979350511,5186868.153988064,0.0023648704025606
DEU,2030,C20,79811.71672857758,5186868.153988064,0.0153872653707637
DEU,2030,C21,75765.94572545646,5186868.153988064,0.0146072627019065
DEU,2030,C22,37768.13750228585,5186868.153988064,0.0072814917173568
DEU,2030,C23,21753.240930747423,5186868.153988064,0.0041939066667854
DEU,2030,C24,-6875.4284065237625,5186868.153988064,-0.001325545242795
DEU,2030,C25,66945.30616987047,5186868.153988064,0.0129066913178423
DEU,2030,C26,69117.33498738469,5186868.153988064,0.0133254466732959
DEU,2030,C27,87987.85173946913,5186868.153988064,0.0169635797801834
DEU,2030,C28,272828.55973933224,5186868.153988064,0.0525998640488983
DEU,2030,C29,388679.8921534474,5186868.153988064,0.0749353715217535
DEU,2030,C30,43528.022407367236,5186868.153988064,0.0083919662337859
DEU,2030,C31T33,95370.55286864376,5186868.153988064,0.018386924447909
DEU,2030,D,89479.57020424942,5186868.153988064,0.0172511749957343
DEU,2030,E,32986.849581845214,5186868.153988064,0.0063596853828803
DEU,2030,F,387525.26183366816,5186868.153988064,0.0747127650691697
DEU,2030,G,468309.5841367774,5186868.153988064,0.0902875435105681
DEU,2030,H49,48631.41994753333,5186868.153988064,0.0093758735529342
DEU,2030,H50,34048.18508705361,5186868.153988064,0.0065643051020826
DEU,2030,H51,16174.524855183978,5186868.153988064,0.0031183605164029
DEU,2030,H52,24386.18036887042,5186868.153988064,0.0047015230857797
DEU,2030,H53,2228.661908315953,5186868.153988064,0.0004296739076744
DEU,2030,I,93992.24323808948,5186868.153988064,0.0181211938394503
DEU,2030,J58T60,45667.38377451937,5186868.153988064,0.0088044234822909
DEU,2030,J61,40993.085320330036,5186868.153988064,0.0079032441356373
DEU,2030,J62_63,7883.83978909332,5186868.153988064,0.0015199614786876
DEU,2030,K,165677.89602598152,5186868.153988064,0.0319417982310955
DEU,2030,L,472680.74576992285,5186868.153988064,0.0911302797250571
DEU,2030,M,190227.841604527,5186868.153988064,0.0366748943595694
DEU,2030,N,68997.93474304854,5186868.153988064,0.0133024269548856
DEU,2030,O,443599.0117062337,5186868.153988064,0.0855234793977095
DEU,2030,P,266958.4043577018,5186868.153988064,0.0514681299836865
DEU,2030,Q,591899.2506658848,5186868.153988064,0.1141149597586719
DEU,2030,R,62678.708908407534,5186868.153988064,0.0120841145461188
DEU,2030,S,124785.52345654856,5186868.153988064,0.024057970966662
DEU,2030,T,12220.33683517345,5186868.153988064,0.002356014549122
DEU,2030,employees_compensation,0.0,5186868.153988064,0.0
DEU,2031,A01_02,24775.988034364138,5349069.527235963,0.004631831369589
DEU,2031,A03,-119.75046171917288,5349069.527235963,-2.2387157450363485e-05
DEU,2031,B05_06,-51722.342852196736,5349069.527235963,-0.0096694093409781
DEU,2031,B07_08,-2808.6926475950586,5349069.527235963,-0.0005250806020176
DEU,2031,B09,-449.7262425989087,5349069.527235963,-8.40756023658e-05
DEU,2031,C10T12,228323.3800342165,5349069.527235963,0.0426846910236739
DEU,2031,C13T15,23691.02531301447,5349069.527235963,0.0044289993226647
DEU,2031,C16,12213.958640998004,5349069.527235963,0.0022833800493353
DEU,2031,C17_18,23798.859573997463,5349069.527235963,0.0044491587654302
DEU,2031,C19,12649.856206199152,5349069.527235963,0.0023648704025606
DEU,2031,C20,82307.5523022453,5349069.527235963,0.0153872653707637
DEU,2031,C21,78135.26379509852,5349069.527235963,0.0146072627019065
DEU,2031,C22,38949.20545813432,5349069.527235963,0.0072814917173568
DEU,2031,C23,22433.498351373535,5349069.527235963,0.0041939066667854
DEU,2031,C24,-7090.433665207332,5349069.527235963,-0.001325545242795
DEU,2031,C25,69038.78922571123,5349069.527235963,0.0129066913178423
DEU,2031,C26,71278.74073693494,5349069.527235963,0.0133254466732959
DEU,2031,C27,90739.36767501516,5349069.527235963,0.0169635797801834
DEU,2031,C28,281360.32992071635,5349069.527235963,0.0525998640488983
DEU,2031,C29,400834.51231911726,5349069.527235963,0.0749353715217535
DEU,2031,C30,44889.21085473731,5349069.527235963,0.0083919662337859
DEU,2031,C31T33,98352.93726389998,5349069.527235963,0.018386924447909
DEU,2031,D,92277.73447869736,5349069.527235963,0.0172511749957343
DEU,2031,E,34018.399284372994,5349069.527235963,0.0063596853828803
DEU,2031,F,399643.77492703515,5349069.527235963,0.0747127650691697
DEU,2031,G,482954.347681371,5349069.527235963,0.0902875435105681
DEU,2031,H49,50152.199513217915,5349069.527235963,0.0093758735529342
DEU,2031,H50,35112.92438902959,5349069.527235963,0.0065643051020826
DEU,2031,H51,16680.327213226556,5349069.527235963,0.0031183605164029
DEU,2031,H52,25148.773869740588,5349069.527235963,0.0047015230857797
DEU,2031,H53,2298.3556061895315,5349069.527235963,0.0004296739076744
DEU,2031,I,96931.52576373967,5349069.527235963,0.0181211938394503
DEU,2031,J58T60,47095.473354003,5349069.527235963,0.0088044234822909
DEU,2031,J61,42275.00237224381,5349069.527235963,0.0079032441356373
DEU,2031,J62_63,8130.379628220357,5349069.527235963,0.0015199614786876
DEU,2031,K,170858.8995630725,5349069.527235963,0.0319417982310955
DEU,2031,L,487462.20228579233,5349069.527235963,0.0911302797250571
DEU,2031,M,196176.5598333708,5349069.527235963,0.0366748943595694
DEU,2031,N,71155.60666266085,5349069.527235963,0.0133024269548856
DEU,2031,O,457471.0375094806,5349069.527235963,0.0855234793977095
DEU,2031,P,275306.6057195571,5349069.527235963,0.0514681299836865
DEU,2031,Q,610408.8538468701,5349069.527235963,0.1141149597586719
DEU,2031,R,64638.76888227292,5349069.527235963,0.0120841145461188
DEU,2031,S,128687.75938489923,5349069.527235963,0.024057970966662
DEU,2031,T,12602.485630433068,5349069.527235963,0.002356014549122
DEU,2031,employees_compensation,0.0,5349069.527235963,0.0
DEU,2032,A01_02,25546.37492467262,5515393.995645278,0.004631831369589
DEU,2032,A03,-123.47399378130022,5515393.995645278,-2.2387157450363485e-05
DEU,2032,B05_06,-53330.60222066698,5515393.995645278,-0.0096694093409781
DEU,2032,B07_08,-2896.026399597679,5515393.995645278,-0.0005250806020176
DEU,2032,B09,-463.7100724685933,5515393.995645278,-8.40756023658e-05
DEU,2032,C10T12,235422.88857794492,5515393.995645278,0.0426846910236739
DEU,2032,C13T15,24427.67627094189,5515393.995645278,0.0044289993226647
DEU,2032,C16,12593.740613880133,5515393.995645278,0.0022833800493353
DEU,2032,C17_18,24538.863540526283,5515393.995645278,0.0044491587654302
DEU,2032,C19,13043.192018761965,5515393.995645278,0.0023648704025606
DEU,2032,C20,84866.83103531062,5515393.995645278,0.0153872653707637
DEU,2032,C21,80564.80899890832,5515393.995645278,0.0146072627019065
DEU,2032,C22,40160.29569725052,5515393.995645278,0.0072814917173568
DEU,2032,C23,23131.047648284897,5515393.995645278,0.0041939066667854
DEU,2032,C24,-7310.904273067706,5515393.995645278,-0.001325545242795
DEU,2032,C25,71185.48779807446,5515393.995645278,0.0129066913178423
DEU,2032,C26,73495.08857118755,5515393.995645278,0.0133254466732959
DEU,2032,C27,93560.82606427318,5515393.995645278,0.0169635797801834
DEU,2032,C28,290108.9743470516,5515393.995645278,0.0525998640488983
DEU,2032,C29,413298.0981525274,5515393.995645278,0.0749353715217535
DEU,2032,C30,46285.000177480666,5515393.995645278,0.0083919662337859
DEU,2032,C31T33,101411.13269838066,5515393.995645278,0.018386924447909
DEU,2032,D,95147.02698929893,5515393.995645278,0.0172511749957343
DEU,2032,E,35076.17057493105,5515393.995645278,0.0063596853828803
DEU,2032,F,412070.3358605548,5515393.995645278,0.0747127650691697
DEU,2032,G,497971.3753597491,5515393.995645278,0.0902875435105681
DEU,2032,H49,51711.63669778265,5515393.995645278,0.0093758735529342
DEU,2032,H50,36204.72894561003,5515393.995645278,0.0065643051020826
DEU,2032,H51,17198.986868425865,5515393.995645278,0.0031183605164029
DEU,2032,H52,25930.752197697017,5515393.995645278,0.0047015230857797
DEU,2032,H53,2369.8208904728294,5515393.995645278,0.0004296739076744
DEU,2032,I,99945.5236960284,5515393.995645278,0.0181211938394503
DEU,2032,J58T60,48559.86440934552,5515393.995645278,0.0088044234822909
DEU,2032,J61,43589.50525181272,5515393.995645278,0.0079032441356373
DEU,2032,J62_63,8383.186413165708,5515393.995645278,0.0015199614786876
DEU,2032,K,176171.60217389706,5515393.995645278,0.0319417982310955
DEU,2032,L,502619.3976170546,5515393.995645278,0.0911302797250571
DEU,2032,M,202276.49214169395,5515393.995645278,0.0366748943595694
DEU,2032,N,73368.12575448594,5515393.995645278,0.0133024269548856
DEU,2032,O,471695.6847568196,5515393.995645278,0.0855234793977095
DEU,2032,P,283867.0150791152,5515393.995645278,0.0514681299836865
DEU,2032,Q,629388.9638662816,5515393.995645278,0.1141149597586719
DEU,2032,R,66648.6528103534,5515393.995645278,0.0120841145461188
DEU,2032,S,132689.188616936,5515393.995645278,0.024057970966662
DEU,2032,T,12994.348497880397,5515393.995645278,0.002356014549122
DEU,2032,employees_compensation,0.0,5515393.995645278,0.0
DEU,2033,A01_02,26335.859296489543,5685841.5592160085,0.004631831369589
DEU,2033,A03,-127.289830223989,5685841.5592160085,-2.2387157450363485e-05
DEU,2033,B05_06,-54978.72948400476,5685841.5592160085,-0.0096694093409781
DEU,2033,B07_08,-2985.5251088898312,5685841.5592160085,-0.0005250806020176
DEU,2033,B09,-478.04055404758543,5685841.5592160085,-8.40756023658e-05
DEU,2033,C10T12,242698.39016469958,5685841.5592160085,0.0426846910236739
DEU,2033,C13T15,25182.588414546502,5685841.5592160085,0.0044289993226647
DEU,2033,C16,12982.937179995348,5685841.5592160085,0.0022833800493353
DEU,2033,C17_18,25297.21181203322,5685841.5592160085,0.0044491587654302
DEU,2033,C19,13446.278417038953,5685841.5592160085,0.0023648704025606
DEU,2033,C20,87489.55292777356,5685841.5592160085,0.0153872653707637
DEU,2033,C21,83054.5813368859,5685841.5592160085,0.0146072627019065
DEU,2033,C22,41401.40821963444,5685841.5592160085,0.0072814917173568
DEU,2033,C23,23845.888821481512,5685841.5592160085,0.0041939066667854
DEU,2033,C24,-7536.840230104885,5685841.5592160085,-0.001325545242795
DEU,2033,C25,73385.40188696019,5685841.5592160085,0.0129066913178423
DEU,2033,C26,75766.37849014252,5685841.5592160085,0.0133254466732959
DEU,2033,C27,96452.22690724314,5685841.5592160085,0.0169635797801834
DEU,2033,C28,299074.493018338,5685841.5592160085,0.0525998640488983
DEU,2033,C29,426070.6496536778,5685841.5592160085,0.0749353715217535
DEU,2033,C30,47715.390375597315,5685841.5592160085,0.0083919662337859
DEU,2033,C31T33,104545.13917208585,5685841.5592160085,0.018386924447909
DEU,2033,D,98087.44773605414,5685841.5592160085,0.0172511749957343
DEU,2033,E,36160.16345351938,5685841.5592160085,0.0063596853828803
DEU,2033,F,424804.9446342272,5685841.5592160085,0.0747127650691697
DEU,2033,G,513360.66717191174,5685841.5592160085,0.0902875435105681
DEU,2033,H49,53309.73150122753,5685841.5592160085,0.0093758735529342
DEU,2033,H50,37323.59875679493,5685841.5592160085,0.0065643051020826
DEU,2033,H51,17730.503820781905,5685841.5592160085,0.0031183605164029
DEU,2033,H52,26732.11535273971,5685841.5592160085,0.0047015230857797
DEU,2033,H53,2443.057761165846,5685841.5592160085,0.0004296739076744
DEU,2033,I,103034.23703495563,5685841.5592160085,0.0181211938394503
DEU,2033,J58T60,50060.556940546936,5685841.5592160085,0.0088044234822909
DEU,2033,J61,44936.59395903676,5685841.5592160085,0.0079032441356373
DEU,2033,J62_63,8642.260143929374,5685841.5592160085,0.0015199614786876
DEU,2033,K,181616.00385845517,5685841.5592160085,0.0319417982310955
DEU,2033,L,518152.3317637097,5685841.5592160085,0.0911302797250571
DEU,2033,M,208527.63852949647,5685841.5592160085,0.0366748943595694
DEU,2033,N,75635.4920185238,5685841.5592160085,0.0133024269548856
DEU,2033,O,486272.9534482508,5685841.5592160085,0.0855234793977095
DEU,2033,P,292639.63243637624,5685841.5592160085,0.0514681299836865
DEU,2033,Q,648839.5807241191,5685841.5592160085,0.1141149597586719
DEU,2033,R,68708.36069264896,5685841.5592160085,0.0120841145461188
DEU,2033,S,136789.81115265892,5685841.5592160085,0.024057970966662
DEU,2033,T,13395.925437515434,5685841.5592160085,0.002356014549122
DEU,2033,employees_compensation,0.0,5685841.5592160085,0.0
DEU,2034,A01_02,27144.44114981492,5860412.217948156,0.004631831369589
DEU,2034,A03,-131.19797104723926,5860412.217948156,-2.2387157450363485e-05
DEU,2034,B05_06,-56666.72464221009,5860412.217948156,-0.0096694093409781
DEU,2034,B07_08,-3077.1887754715162,5860412.217948156,-0.0005250806020176
DEU,2034,B09,-492.7176873358853,5860412.217948156,-8.40756023658e-05
DEU,2034,C10T12,250149.88479448052,5860412.217948156,0.0426846910236739
DEU,2034,C13T15,25955.761743828316,5860412.217948156,0.0044289993226647
DEU,2034,C16,13381.548339343655,5860412.217948156,0.0022833800493353
DEU,2034,C17_18,26073.90438851828,5860412.217948156,0.0044491587654302
DEU,2034,C19,13859.115401030116,5860412.217948156,0.0023648704025606
DEU,2034,C20,90175.71797963415,5860412.217948156,0.0153872653707637
DEU,2034,C21,85604.58080903125,5860412.217948156,0.0146072627019065
DEU,2034,C22,42672.5430252861,5860412.217948156,0.0072814917173568
DEU,2034,C23,24578.02187096339,5860412.217948156,0.0041939066667854
DEU,2034,C24,-7768.241536318874,5860412.217948156,-0.001325545242795
DEU,2034,C25,75638.5314923684,5860412.217948156,0.0129066913178423
DEU,2034,C26,78092.6104937999,5860412.217948156,0.0133254466732959
DEU,2034,C27,99413.5702039251,5860412.217948156,0.0169635797801834
DEU,2034,C28,308256.8859345756,5860412.217948156,0.0525998640488983
DEU,2034,C29,439152.1668225686,5860412.217948156,0.0749353715217535
DEU,2034,C30,49180.38144908726,5860412.217948156,0.0083919662337859
DEU,2034,C31T33,107754.95668501557,5860412.217948156,0.018386924447909
DEU,2034,D,101098.99671896304,5860412.217948156,0.0172511749957343
DEU,2034,E,37270.37792013801,5860412.217948156,0.0063596853828803
DEU,2034,F,437847.6012480523,5860412.217948156,0.0747127650691697
DEU,2034,G,529122.2231178591,5860412.217948156,0.0902875435105681
DEU,2034,H49,54946.48392355258,5860412.217948156,0.0093758735529342
DEU,2034,H50,38469.533822584286,5860412.217948156,0.0065643051020826
DEU,2034,H51,18274.87807029468,5860412.217948156,0.0031183605164029
DEU,2034,H52,27552.863334868674,5860412.217948156,0.0047015230857797
DEU,2034,H53,2518.066218268582,5860412.217948156,0.0004296739076744
DEU,2034,I,106197.6657805214,5860412.217948156,0.0181211938394503
DEU,2034,J58T60,51597.55094760725,5860412.217948156,0.0088044234822909
DEU,2034,J61,46316.26849391595,5860412.217948156,0.0079032441356373
DEU,2034,J62_63,8907.600820511358,5860412.217948156,0.0015199614786876
DEU,2034,K,187192.10461674686,5860412.217948156,0.0319417982310955
DEU,2034,L,534061.0047257579,5860412.217948156,0.0911302797250571
DEU,2034,M,214929.99899677845,5860412.217948156,0.0366748943595694
DEU,2034,N,77957.70545477446,5860412.217948156,0.0133024269548856
DEU,2034,O,501202.8435837742,5860412.217948156,0.0855234793977095
DEU,2034,P,301624.45779134025,5860412.217948156,0.0514681299836865
DEU,2034,Q,668760.7044203831,5860412.217948156,0.1141149597586719
DEU,2034,R,70817.89252915965,5860412.217948156,0.0120841145461188
DEU,2034,S,140989.626992068,5860412.217948156,0.024057970966662
DEU,2034,T,13807.216449338186,5860412.217948156,0.002356014549122
DEU,2034,employees_compensation,0.0,5860412.217948156,0.0
DEU,2035,A01_02,27972.12048464873,6039105.971841717,0.004631831369589
DEU,2035,A03,-135.1984162510509,6039105.971841717,-2.2387157450363485e-05
DEU,2035,B05_06,-58394.58769528293,6039105.971841717,-0.0096694093409781
DEU,2035,B07_08,-3171.017399342732,6039105.971841717,-0.0005250806020176
DEU,2035,B09,-507.7414723334924,6039105.971841717,-8.40756023658e-05
DEU,2035,C10T12,257777.37246728758,6039105.971841717,0.0426846910236739
DEU,2035,C13T15,26747.19625878731,6039105.971841717,0.0044289993226647
DEU,2035,C16,13789.574091925044,6039105.971841717,0.0022833800493353
DEU,2035,C17_18,26868.941269981442,6039105.971841717,0.0044491587654302
DEU,2035,C19,14281.702970735445,6039105.971841717,0.0023648704025606
DEU,2035,C20,92925.32619089232,6039105.971841717,0.0153872653707637
DEU,2035,C21,88214.80741534432,6039105.971841717,0.0146072627019065
DEU,2035,C22,43973.70011420545,6039105.971841717,0.0072814917173568
DEU,2035,C23,25327.4467967305,6039105.971841717,0.0041939066667854
DEU,2035,C24,-8005.1081917096635,6039105.971841717,-0.001325545242795
DEU,2035,C25,77944.87661429908,6039105.971841717,0.0129066913178423
DEU,2035,C26,80473.78458215961,6039105.971841717,0.0133254466732959
DEU,2035,C27,102444.85595431898,6039105.971841717,0.0169635797801834
DEU,2035,C28,317656.15309576417,6039105.971841717,0.0525998640488983
DEU,2035,C29,452542.6496591993,6039105.971841717,0.0749353715217535
DEU,2035,C30,50679.97339795047,6039105.971841717,0.0083919662337859
DEU,2035,C31T33,111040.58523716971,6039105.971841717,0.018386924447909
DEU,2035,D,104181.67393802553,6039105.971841717,0.0172511749957343
DEU,2035,E,38406.8139747869,6039105.971841717,0.0063596853828803
DEU,2035,F,451198.30570202996,6039105.971841717,0.0747127650691697
DEU,2035,G,545256.0431975907,6039105.971841717,0.0902875435105681
DEU,2035,H49,56621.89396475774,6039105.971841717,0.0093758735529342
DEU,2035,H50,39642.53414297808,6039105.971841717,0.0065643051020826
DEU,2035,H51,18832.109616964175,6039105.971841717,0.0031183605164029
DEU,2035,H52,28392.996144083885,6039105.971841717,0.0047015230857797
DEU,2035,H53,2594.8462617810355,6039105.971841717,0.0004296739076744
DEU,2035,I,109435.80993272565,6039105.971841717,0.0181211938394503
DEU,2035,J58T60,53170.84643052642,6039105.971841717,0.0088044234822909
DEU,2035,J61,47728.52885645025,6039105.971841717,0.0079032441356373
DEU,2035,J62_63,9179.208442911651,6039105.971841717,0.0015199614786876
DEU,2035,K,192899.90444877202,6039105.971841717,0.0319417982310955
DEU,2035,L,550345.4165031986,6039105.971841717,0.0911302797250571
DEU,2035,M,221483.57354353968,6039105.971841717,0.0366748943595694
DEU,2035,N,80334.76606323785,6039105.971841717,0.0133024269548856
DEU,2035,O,516485.3551633895,6039105.971841717,0.0855234793977095
DEU,2035,P,310821.4911440069,6039105.971841717,0.0514681299836865
DEU,2035,Q,689152.3349550727,6039105.971841717,0.1141149597586719
DEU,2035,R,72977.2483198854,6039105.971841717,0.0120841145461188
DEU,2035,S,145288.63613516313,6039105.971841717,0.024057970966662
DEU,2035,T,14228.221533348642,6039105.971841717,0.002356014549122
DEU,2035,employees_compensation,0.0,6039105.971841717,0.0
DEU,2036,A01_02,28818.897300991,6221922.820896696,0.004631831369589
DEU,2036,A03,-139.29116583542407,6221922.820896696,-2.2387157450363485e-05
DEU,2036,B05_06,-60162.31864322333,6221922.820896696,-0.0096694093409781
DEU,2036,B07_08,-3267.0109805034813,6221922.820896696,-0.0005250806020176
DEU,2036,B09,-523.1119090404073,6221922.820896696,-8.40756023658e-05
DEU,2036,C10T12,265580.853183121,6221922.820896696,0.0426846910236739
DEU,2036,C13T15,27556.89195942351,6221922.820896696,0.0044289993226647
DEU,2036,C16,14207.014437739526,6221922.820896696,0.0022833800493353
DEU,2036,C17_18,27682.322456422735,6221922.820896696,0.0044491587654302
DEU,2036,C19,14714.041126154954,6221922.820896696,0.0023648704025606
DEU,2036,C20,95738.37756154813,6221922.820896696,0.0153872653707637
DEU,2036,C21,90885.26115582518,6221922.820896696,0.0146072627019065
DEU,2036,C22,45304.87948639255,6221922.820896696,0.0072814917173568
DEU,2036,C23,26094.163598782878,6221922.820896696,0.0041939066667854
DEU,2036,C24,-8247.440196277263,6221922.820896696,-0.001325545242795
DEU,2036,C25,80304.43725275226,6221922.820896696,0.0129066913178423
DEU,2036,C26,82909.90075522172,6221922.820896696,0.0133254466732959
DEU,2036,C27,105546.08415842486,6221922.820896696,0.0169635797801834
DEU,2036,C28,327272.29450190405,6221922.820896696,0.0525998640488983
DEU,2036,C29,466242.0981635705,6221922.820896696,0.0749353715217535
DEU,2036,C30,52214.166222186985,6221922.820896696,0.0083919662337859
DEU,2036,C31T33,114402.0248285484,6221922.820896696,0.018386924447909
DEU,2036,D,107335.47939324172,6221922.820896696,0.0172511749957343
DEU,2036,E,39569.47161746608,6221922.820896696,0.0063596853828803
DEU,2036,F,464857.05799616047,6221922.820896696,0.0747127650691697
DEU,2036,G,561762.1274111071,6221922.820896696,0.0902875435105681
DEU,2036,H49,58335.96162484309,6221922.820896696,0.0093758735529342
DEU,2036,H50,40842.59971797634,6221922.820896696,0.0065643051020826
DEU,2036,H51,19402.198460790412,6221922.820896696,0.0031183605164029
DEU,2036,H52,29252.513780385372,6221922.820896696,0.0047015230857797
DEU,2036,H53,2673.3978917032096,6221922.820896696,0.0004296739076744
DEU,2036,I,112748.66949156845,6221922.820896696,0.0181211938394503
DEU,2036,J58T60,54780.44338930451,6221922.820896696,0.0088044234822909
DEU,2036,J61,49173.3750466397,6221922.820896696,0.0079032441356373
DEU,2036,J62_63,9457.083011130266,6221922.820896696,0.0015199614786876
DEU,2036,K,198739.4033545308,6221922.820896696,0.0319417982310955
DEU,2036,L,567005.5670960323,6221922.820896696,0.0911302797250571
DEU,2036,M,228188.3621697804,6221922.820896696,0.0366748943595694
DEU,2036,N,82766.67384391406,6221922.820896696,0.0133024269548856
DEU,2036,O,532120.4881870972,6221922.820896696,0.0855234793977095
DEU,2036,P,320230.73249437654,6221922.820896696,0.0514681299836865
DEU,2036,Q,710014.4723281888,6221922.820896696,0.1141149597586719
DEU,2036,R,75186.42806482628,6221922.820896696,0.0120841145461188
DEU,2036,S,149686.83858194444,6221922.820896696,0.024057970966662
DEU,2036,T,14658.940689546813,6221922.820896696,0.002356014549122
DEU,2036,employees_compensation,0.0,6221922.820896696,0.0
DEU,2037,A01_02,29684.771598841708,6408862.765113089,0.004631831369589
DEU,2037,A03,-143.47621980035862,6408862.765113089,-2.2387157450363485e-05
DEU,2037,B05_06,-61969.91748603124,6408862.765113089,-0.0096694093409781
DEU,2037,B07_08,-3365.1695189537613,6408862.765113089,-0.0005250806020176
DEU,2037,B09,-538.8289974566296,6408862.765113089,-8.40756023658e-05
DEU,2037,C10T12,273560.3269419806,6408862.765113089,0.0426846910236739
DEU,2037,C13T15,28384.848845736888,6408862.765113089,0.0044289993226647
DEU,2037,C16,14633.869376787092,6408862.765113089,0.0022833800493353
DEU,2037,C17_18,28514.04794784213,6408862.765113089,0.0044491587654302
DEU,2037,C19,15156.129867288631,6408862.765113089,0.0023648704025606
DEU,2037,C20,98614.87209160153,6408862.765113089,0.0153872653707637
DEU,2037,C21,93615.94203047379,6408862.765113089,0.0146072627019065
DEU,2037,C22,46666.08114184736,6408862.765113089,0.0072814917173568
DEU,2037,C23,26878.1722771205,6408862.765113089,0.0041939066667854
DEU,2037,C24,-8495.237550021666,6408862.765113089,-0.001325545242795
DEU,2037,C25,82717.2134077279,6408862.765113089,0.0129066913178423
DEU,2037,C26,85400.95901298618,6408862.765113089,0.0133254466732959
DEU,2037,C27,108717.25481624267,6408862.765113089,0.0169635797801834
DEU,2037,C28,337105.31015299493,6408862.765113089,0.0525998640488983
DEU,2037,C29,480250.51233568176,6408862.765113089,0.0749353715217535
DEU,2037,C30,53782.95992179678,6408862.765113089,0.0083919662337859
DEU,2037,C31T33,117839.27545915154,6408862.765113089,0.018386924447909
DEU,2037,D,110560.41308461151,6408862.765113089,0.0172511749957343
DEU,2037,E,40758.350848175534,6408862.765113089,0.0063596853828803
DEU,2037,F,478823.85813044355,6408862.765113089,0.0747127650691697
DEU,2037,G,578640.4757584078,6408862.765113089,0.0902875435105681
DEU,2037,H49,60088.686903808564,6408862.765113089,0.0093758735529342
DEU,2037,H50,42069.73054757905,6408862.765113089,0.0065643051020826
DEU,2037,H51,19985.144601773372,6408862.765113089,0.0031183605164029
DEU,2037,H52,30131.416243773114,6408862.765113089,0.0047015230857797
DEU,2037,H53,2753.721108035101,6408862.765113089,0.0004296739076744
DEU,2037,I,116136.24445704973,6408862.765113089,0.0181211938394503
DEU,2037,J58T60,56426.341823941475,6408862.765113089,0.0088044234822909
DEU,2037,J61,50650.807064484274,6408862.765113089,0.0079032441356373
DEU,2037,J62_63,9741.224525167192,6408862.765113089,0.0015199614786876
DEU,2037,K,204710.6013340231,6408862.765113089,0.0319417982310955
DEU,2037,L,584041.4565042588,6408862.765113089,0.0911302797250571
DEU,2037,M,235044.36487550038,6408862.765113089,0.0366748943595694
DEU,2037,N,85253.42879680303,6408862.765113089,0.0133024269548856
DEU,2037,O,548108.2426548968,6408862.765113089,0.0855234793977095
DEU,2037,P,329852.18184244895,6408862.765113089,0.0514681299836865
DEU,2037,Q,731347.1165397309,6408862.765113089,0.1141149597586719
DEU,2037,R,77445.43176398223,6408862.765113089,0.0120841145461188
DEU,2037,S,154184.23433241184,6408862.765113089,0.024057970966662
DEU,2037,T,15099.37391793269,6408862.765113089,0.002356014549122
DEU,2037,employees_compensation,0.0,6408862.765113089,0.0
DEU,2038,A01_02,30569.74337820087,6599925.8044909,0.004631831369589
DEU,2038,A03,-147.75357814585468,6599925.8044909,-2.2387157450363485e-05
DEU,2038,B05_06,-63817.38422370671,6599925.8044909,-0.0096694093409781
DEU,2038,B07_08,-3465.4930146935744,6599925.8044909,-0.0005250806020176
DEU,2038,B09,-554.8927375821596,6599925.8044909,-8.40756023658e-05
DEU,2038,C10T12,281715.79374386644,6599925.8044909,0.0426846910236739
DEU,2038,C13T15,29231.06691772747,6599925.8044909,0.0044289993226647
DEU,2038,C16,15070.13890906775,6599925.8044909,0.0022833800493353
DEU,2038,C17_18,29364.11774423965,6599925.8044909,0.0044491587654302
DEU,2038,C19,15607.969194136487,6599925.8044909,0.0023648704025606
DEU,2038,C20,101554.80978105258,6599925.8044909,0.0153872653707637
DEU,2038,C21,96406.85003929016,6599925.8044909,0.0146072627019065
DEU,2038,C22,48057.3050805699,6599925.8044909,0.0072814917173568
DEU,2038,C23,27679.47283174338,6599925.8044909,0.0041939066667854
DEU,2038,C24,-8748.500252942875,6599925.8044909,-0.001325545242795
DEU,2038,C25,85183.20507922606,6599925.8044909,0.0129066913178423
DEU,2038,C26,87946.95935545301,6599925.8044909,0.0133254466732959
DEU,2038,C27,111958.36792777249,6599925.8044909,0.0169635797801834
DEU,2038,C28,347155.20004903706,6599925.8044909,0.0525998640488983
DEU,2038,C29,494567.89217553346,6599925.8044909,0.0749353715217535
DEU,2038,C30,55386.354496779866,6599925.8044909,0.0083919662337859
DEU,2038,C31T33,121352.3371289792,6599925.8044909,0.018386924447909
DEU,2038,D,113856.47501213501,6599925.8044909,0.0172511749957343
DEU,2038,E,41973.45166691528,6599925.8044909,0.0063596853828803
DEU,2038,F,493098.7061048794,6599925.8044909,0.0747127650691697
DEU,2038,G,595891.0882394933,6599925.8044909,0.0902875435105681
DEU,2038,H49,61880.0698016542,6599925.8044909,0.0093758735529342
DEU,2038,H50,43323.92663178622,6599925.8044909,0.0065643051020826
DEU,2038,H51,20580.94803991307,6599925.8044909,0.0031183605164029
DEU,2038,H52,31029.703534247124,6599925.8044909,0.0047015230857797
DEU,2038,H53,2835.815910776713,6599925.8044909,0.0004296739076744
DEU,2038,I,119598.53482916957,6599925.8044909,0.0181211938394503
DEU,2038,J58T60,58108.54173443734,6599925.8044909,0.0088044234822909
DEU,2038,J61,52160.824909983996,6599925.8044909,0.0079032441356373
DEU,2038,J62_63,10031.632985022436,6599925.8044909,0.0015199614786876
DEU,2038,K,210813.49838724895,6599925.8044909,0.0319417982310955
DEU,2038,L,601453.0847278782,6599925.8044909,0.0911302797250571
DEU,2038,M,242051.58166069983,6599925.8044909,0.0366748943595694
DEU,2038,N,87795.03092190478,6599925.8044909,0.0133024269548856
DEU,2038,O,564448.6185667887,6599925.8044909,0.0855234793977095
DEU,2038,P,339685.83918822434,6599925.8044909,0.0514681299836865
DEU,2038,Q,753150.2675896994,6599925.8044909,0.1141149597586719
DEU,2038,R,79754.2594173533,6599925.8044909,0.0120841145461188
DEU,2038,S,158780.8233865654,6599925.8044909,0.024057970966662
DEU,2038,T,15549.521218506281,6599925.8044909,0.002356014549122
DEU,2038,employees_compensation,0.0,6599925.8044909,0.0
DEU,2039,A01_02,31473.812639068474,6795111.939030126,0.004631831369589
DEU,2039,A03,-152.12324087191215,6795111.939030126,-2.2387157450363485e-05
DEU,2039,B05_06,-65704.7188562497,6795111.939030126,-0.0096694093409781
DEU,2039,B07_08,-3567.9814677229197,6795111.939030126,-0.0005250806020176
DEU,2039,B09,-571.3031294169971,6795111.939030126,-8.40756023658e-05
DEU,2039,C10T12,290047.25358877855,6795111.939030126,0.0426846910236739
DEU,2039,C13T15,30095.546175395244,6795111.939030126,0.0044289993226647
DEU,2039,C16,15515.823034581494,6795111.939030126,0.0022833800493353
DEU,2039,C17_18,30232.531845615285,6795111.939030126,0.0044491587654302
DEU,2039,C19,16069.559106698514,6795111.939030126,0.0023648704025606
DEU,2039,C20,104558.19062990123,6795111.939030126,0.0153872653707637
DEU,2039,C21,99257.98518227431,6795111.939030126,0.0146072627019065
DEU,2039,C22,49478.55130256017,6795111.939030126,0.0072814917173568
DEU,2039,C23,28498.06526265151,6795111.939030126,0.0041939066667854
DEU,2039,C24,-9007.228305040891,6795111.939030126,-0.001325545242795
DEU,2039,C25,87702.41226724669,6795111.939030126,0.0129066913178423
DEU,2039,C26,90547.90178262224,6795111.939030126,0.0133254466732959
DEU,2039,C27,115269.42349301426,6795111.939030126,0.0169635797801834
DEU,2039,C28,357421.9641900303,6795111.939030126,0.0525998640488983
DEU,2039,C29,509194.2376831253,6795111.939030126,0.0749353715217535
DEU,2039,C30,57024.349947136245,6795111.939030126,0.0083919662337859
DEU,2039,C31T33,124941.20983803135,6795111.939030126,0.018386924447909
DEU,2039,D,117223.66517581213,6795111.939030126,0.0172511749957343
DEU,2039,E,43214.7740736853,6795111.939030126,0.0063596853828803
DEU,2039,F,507681.60191946797,6795111.939030126,0.0747127650691697
DEU,2039,G,613513.9648543632,6795111.939030126,0.0902875435105681
DEU,2039,H49,63710.110318379986,6795111.939030126,0.0093758735529342
DEU,2039,H50,44605.18797059784,6795111.939030126,0.0065643051020826
DEU,2039,H51,21189.608775209494,6795111.939030126,0.0031183605164029
DEU,2039,H52,31947.375651807397,6795111.939030126,0.0047015230857797
DEU,2039,H53,2919.6822999280434,6795111.939030126,0.0004296739076744
DEU,2039,I,123135.5406079279,6795111.939030126,0.0181211938394503
DEU,2039,J58T60,59827.04312079209,6795111.939030126,0.0088044234822909
DEU,2039,J61,53703.42858313885,6795111.939030126,0.0079032441356373
DEU,2039,J62_63,10328.308390695995,6795111.939030126,0.0015199614786876
DEU,2039,K,217048.09451420835,6795111.939030126,0.0319417982310955
DEU,2039,L,619240.4517668906,6795111.939030126,0.0911302797250571
DEU,2039,M,249210.01252537867,6795111.939030126,0.0366748943595694
DEU,2039,N,90391.4802192193,6795111.939030126,0.0133024269548856
DEU,2039,O,581141.6159227728,6795111.939030126,0.0855234793977095
DEU,2039,P,349731.70453170256,6795111.939030126,0.0514681299836865
DEU,2039,Q,775423.9254780938,6795111.939030126,0.1141149597586719
DEU,2039,R,82112.91102493946,6795111.939030126,0.0120841145461188
DEU,2039,S,163476.60574440507,6795111.939030126,0.024057970966662
DEU,2039,T,16009.382591267582,6795111.939030126,0.002356014549122
DEU,2039,employees_compensation,0.0,6795111.939030126,0.0
DEU,2040,A01_02,32396.979381444526,6994421.168730767,0.004631831369589
DEU,2040,A03,-156.5852079785311,6994421.168730767,-2.2387157450363485e-05
DEU,2040,B05_06,-67631.92138366024,6994421.168730767,-0.0096694093409781
DEU,2040,B07_08,-3672.6348780417966,6994421.168730767,-0.0005250806020176
DEU,2040,B09,-588.0601729611421,6994421.168730767,-8.40756023658e-05
DEU,2040,C10T12,298554.7064767169,6994421.168730767,0.0426846910236739
DEU,2040,C13T15,30978.286618740207,6994421.168730767,0.0044289993226647
DEU,2040,C16,15970.921753328326,6994421.168730767,0.0022833800493353
DEU,2040,C17_18,31119.29025196904,6994421.168730767,0.0044491587654302
DEU,2040,C19,16540.899604974715,6994421.168730767,0.0023648704025606
DEU,2040,C20,107625.0146381475,6994421.168730767,0.0153872653707637
DEU,2040,C21,102169.34745942621,6994421.168730767,0.0146072627019065
DEU,2040,C22,50929.81980781815,6994421.168730767,0.0072814917173568
DEU,2040,C23,29333.949569844895,6994421.168730767,0.0041939066667854
DEU,2040,C24,-9271.421706315714,6994421.168730767,-0.001325545242795
DEU,2040,C25,90274.8349717898,6994421.168730767,0.0129066913178423
DEU,2040,C26,93203.78629449382,6994421.168730767,0.0133254466732959
DEU,2040,C27,118650.42151196799,6994421.168730767,0.0169635797801834
DEU,2040,C28,367905.6025759747,6994421.168730767,0.0525998640488983
DEU,2040,C29,524129.5488584574,6994421.168730767,0.0749353715217535
DEU,2040,C30,58696.946272865905,6994421.168730767,0.0083919662337859
DEU,2040,C31T33,128605.893586308,6994421.168730767,0.018386924447909
DEU,2040,D,120661.98357564291,6994421.168730767,0.0172511749957343
DEU,2040,E,44482.318068485605,6994421.168730767,0.0063596853828803
DEU,2040,F,522572.5455742092,6994421.168730767,0.0747127650691697
DEU,2040,G,631509.1056030177,6994421.168730767,0.0902875435105681
DEU,2040,H49,65578.80845398593,6994421.168730767,0.0093758735529342
DEU,2040,H50,45913.514564013916,6994421.168730767,0.0065643051020826
DEU,2040,H51,21811.12680766265,6994421.168730767,0.0031183605164029
DEU,2040,H52,32884.43259645393,6994421.168730767,0.0047015230857797
DEU,2040,H53,3005.3202754890926,6994421.168730767,0.0004296739076744
DEU,2040,I,126747.26179332477,6994421.168730767,0.0181211938394503
DEU,2040,J58T60,61581.84598300573,6994421.168730767,0.0088044234822909
DEU,2040,J61,55278.61808394883,6994421.168730767,0.0079032441356373
DEU,2040,J62_63,10631.250742187869,6994421.168730767,0.0015199614786876
DEU,2040,K,223414.38971490134,6994421.168730767,0.0319417982310955
DEU,2040,L,637403.5576212957,6994421.168730767,0.0911302797250571
DEU,2040,M,256519.65746953685,6994421.168730767,0.0366748943595694
DEU,2040,N,93042.7766887466,6994421.168730767,0.0133024269548856
DEU,2040,O,598187.234722849,6994421.168730767,0.0855234793977095
DEU,2040,P,359989.7778728836,6994421.168730767,0.0514681299836865
DEU,2040,Q,798168.0902049144,6994421.168730767,0.1141149597586719
DEU,2040,R,84521.38658674071,6994421.168730767,0.0120841145461188
DEU,2040,S,168271.5814059309,6994421.168730767,0.024057970966662
DEU,2040,T,16478.95803621659,6994421.168730767,0.002356014549122
DEU,2040,employees_compensation,0.0,6994421.168730767,0.0
ITA,2021,A01_02,30792.0174916643,2028622.0968670703,0.0151787844267389
ITA,2021,A03,1204.147534967572,2028622.0968670703,0.0005935790292471
ITA,2021,B05_06,-26025.009897351323,2028622.0968670703,-0.01282890979919
ITA,2021,B07_08,1437.0941026904231,2028622.0968670703,0.0007084089761764
ITA,2021,B09,74.14532734288169,2028622.0968670703,3.654960056749309e-05
ITA,2021,C10T12,115219.32528991128,2028622.0968670703,0.0567968403123735
ITA,2021,C13T15,62897.74394960878,2028622.0968670703,0.031005155690035
ITA,2021,C16,2927.312361335211,2028622.0968670703,0.0014430052624666
ITA,2021,C17_18,8570.811406148237,2028622.0968670703,0.0042249423484959
ITA,2021,C19,15436.280283410482,2028622.0968670703,0.0076092438839396
ITA,2021,C20,5445.740090066306,2028622.0968670703,0.0026844527122506
ITA,2021,C21,15353.109561830075,2028622.0968670703,0.0075682452564925
ITA,2021,C22,15256.34362614541,2028622.0968670703,0.0075205449303282
ITA,2021,C23,11063.762389120642,2028622.0968670703,0.0054538311527845
ITA,2021,C24,516.8466269632819,2028622.0968670703,0.0002547771848495
ITA,2021,C25,29867.314441566796,2028622.0968670703,0.0147229562803702
ITA,2021,C26,10985.275732903974,2028622.0968670703,0.0054151415139711
ITA,2021,C27,20362.089118103413,2028622.0968670703,0.0100373988578503
ITA,2021,C28,93138.86965630035,2028622.0968670703,0.0459123805267332
ITA,2021,C29,41703.49063371554,2028622.0968670703,0.0205575452905304
ITA,2021,C30,25046.7257093127,2028622.0968670703,0.0123466690755237
ITA,2021,C31T33,44921.557784091914,2028622.0968670703,0.0221438767986739
ITA,2021,D,21197.566435296703,2028622.0968670703,0.0104492435865869
ITA,2021,E,15877.953373560767,2028622.0968670703,0.0078269646170581
ITA,2021,F,152781.07393262303,2028622.0968670703,0.0753127327995552
ITA,2021,G,210002.64462536943,2028622.0968670703,0.103519844799921
ITA,2021,H49,38451.7210618197,2028622.0968670703,0.0189546003275835
ITA,2021,H50,4987.729893891227,2028622.0968670703,0.0024586786773121
ITA,2021,H51,3638.4905781449506,2028622.0968670703,0.0017935773172165
ITA,2021,H52,26182.097455281248,2028622.0968670703,0.0129063453936127
ITA,2021,H53,1746.356662192955,2028622.0968670703,0.0008608585427961
ITA,2021,I,83437.94179703043,2028622.0968670703,0.0411303524327616
ITA,2021,J58T60,14101.89288223194,2028622.0968670703,0.0069514637073166
ITA,2021,J61,19209.694793130144,2028622.0968670703,0.0094693313371657
ITA,2021,J62_63,27046.250392140315,2028622.0968670703,0.0133323256381312
ITA,2021,K,36362.05668211456,2028622.0968670703,0.0179245098129764
ITA,2021,L,240821.39556325608,2028622.0968670703,0.1187118073569108
ITA,2021,M,49804.296066537885,2028622.0968670703,0.0245508003405138
ITA,2021,N,18212.445852643188,2028622.0968670703,0.0089777420253727
ITA,2021,O,171091.19968492442,2028622.0968670703,0.0843386256854598
ITA,2021,P,91439.69638423454,2028622.0968670703,0.0450747808206618
ITA,2021,Q,190046.24126596324,2028622.0968670703,0.0936824268844669
ITA,2021,R,25725.00122307948,2028622.0968670703,0.0126810218930417
ITA,2021,S,37187.48039560045,2028622.0968670703,0.01833139866367
ITA,2021,T,23075.87664615086,2028622.0968670703,0.0113751480286981
ITA,2021,employees_compensation,0.0,2028622.0968670703,0.0
ITA,2022,A01_02,29730.296870740367,1958674.425757544,0.0151787844267389
ITA,2022,A03,1162.628064252284,1958674.425757544,0.0005935790292471
ITA,2022,B05_06,-25127.657534023805,1958674.425757544,-0.01282890979919
ITA,2022,B07_08,1387.5425446138001,1958674.425757544,0.0007084089761764
ITA,2022,B09,71.58876790320213,1958674.425757544,3.654960056749309e-05
ITA,2022,C10T12,111246.5185836811,1958674.425757544,0.0567968403123735
ITA,2022,C13T15,60729.00551670256,1958674.425757544,0.031005155690035
ITA,2022,C16,2826.377503826882,1958674.425757544,0.0014430052624666
ITA,2022,C17_18,8275.286528298937,1958674.425757544,0.0042249423484959
ITA,2022,C19,14904.031394824502,1958674.425757544,0.0076092438839396
ITA,2022,C20,5257.9688746407255,1958674.425757544,0.0026844527122506
ITA,2022,C21,14823.728431752705,1958674.425757544,0.0075682452564925
ITA,2022,C22,14730.299022794397,1958674.425757544,0.0075205449303282
ITA,2022,C23,10682.279601358785,1958674.425757544,0.0054538311527845
ITA,2022,C24,499.02555623121805,1958674.425757544,0.0002547771848495
ITA,2022,C25,28837.47793790753,1958674.425757544,0.0147229562803702
ITA,2022,C26,10606.499195273183,1958674.425757544,0.0054151415139711
ITA,2022,C27,19659.996443999367,1958674.425757544,0.0100373988578503
ITA,2022,C28,89927.405563361,1958674.425757544,0.0459123805267332
ITA,2022,C29,40265.538216914334,1958674.425757544,0.0205575452905304
ITA,2022,C30,24183.10496151981,1958674.425757544,0.0123466690755237
ITA,2022,C31T33,43372.645172688404,1958674.425757544,0.0221438767986739
ITA,2022,D,20466.666181558794,1958674.425757544,0.0104492435865869
ITA,2022,E,15330.47542674089,1958674.425757544,0.0078269646170581
ITA,2022,F,147513.12366840013,1958674.425757544,0.0753127327995552
ITA,2022,G,202761.67256799535,1958674.425757544,0.103519844799921
ITA,2022,H49,37125.89091209337,1958674.425757544,0.0189546003275835
ITA,2022,H50,4815.751046406595,1958674.425757544,0.0024586786773121
ITA,2022,H51,3513.0340218507845,1958674.425757544,0.0017935773172165
ITA,2022,H52,25279.32865246288,1958674.425757544,0.0129063453936127
ITA,2022,H53,1686.1416119696273,1958674.425757544,0.0008608585427961
ITA,2022,I,80560.96943244473,1958674.425757544,0.0411303524327616
ITA,2022,J58T60,13615.65418510275,1958674.425757544,0.0069514637073166
ITA,2022,J61,18547.337119130945,1958674.425757544,0.0094693313371657
ITA,2022,J62_63,26113.68526327921,1958674.425757544,0.0133323256381312
ITA,2022,K,35108.278964917015,1958674.425757544,0.0179245098129764
ITA,2022,L,232517.78110543746,1958674.425757544,0.1187118073569108
ITA,2022,M,48087.02475884398,1958674.425757544,0.0245508003405138
ITA,2022,N,17584.473706146247,1958674.425757544,0.0089777420253727
ITA,2022,O,165191.90923364845,1958674.425757544,0.0843386256854598
ITA,2022,P,88286.82044005691,1958674.425757544,0.0450747808206618
ITA,2022,Q,183493.37368150632,1958674.425757544,0.0936824268844669
ITA,2022,R,24837.993274372297,1958674.425757544,0.0126810218930417
ITA,2022,S,35905.24175089645,1958674.425757544,0.01833139866367
ITA,2022,T,22280.21153301731,1958674.425757544,0.0113751480286981
ITA,2022,employees_compensation,0.0,1958674.425757544,0.0
ITA,2023,A01_02,32563.90684305986,2145356.698372722,0.0151787844267389
ITA,2023,A03,1273.4387464088438,2145356.698372722,0.0005935790292471
ITA,2023,B05_06,-27522.58757051172,2145356.698372722,-0.01282890979919
ITA,2023,B07_08,1519.789942227402,2145356.698372722,0.0007084089761764
ITA,2023,B09,78.41193040031874,2145356.698372722,3.654960056749309e-05
ITA,2023,C10T12,121849.48181055635,2145356.698372722,0.0567968403123735
ITA,2023,C13T15,66517.11844370571,2145356.698372722,0.031005155690035
ITA,2023,C16,3095.761005619808,2145356.698372722,0.0014430052624666
ITA,2023,C17_18,9064.00836758426,2145356.698372722,0.0042249423484959
ITA,2023,C19,16324.542335961489,2145356.698372722,0.0076092438839396
ITA,2023,C20,5759.108607691646,2145356.698372722,0.0026844527122506
ITA,2023,C21,16236.585655943765,2145356.698372722,0.0075682452564925
ITA,2023,C22,16134.251441692622,2145356.698372722,0.0075205449303282
ITA,2023,C23,11700.413195420051,2145356.698372722,0.0054538311527845
ITA,2023,C24,546.5879401094201,2145356.698372722,0.0002547771848495
ITA,2023,C25,31585.992875940945,2145356.698372722,0.0147229562803702
ITA,2023,C26,11617.410119634103,2145356.698372722,0.0054151415139711
ITA,2023,C27,21533.800873927852,2145356.698372722,0.0100373988578503
ITA,2023,C28,98498.4331012644,2145356.698372722,0.0459123805267332
ITA,2023,C29,44103.267491139995,2145356.698372722,0.0205575452905304
ITA,2023,C30,26488.009203766112,2145356.698372722,0.0123466690755237
ITA,2023,C31T33,47506.51441797536,2145356.698372722,0.0221438767986739
ITA,2023,D,22417.354721412412,2145356.698372722,0.0104492435865869
ITA,2023,E,16791.630969131882,2145356.698372722,0.0078269646170581
ITA,2023,F,161572.67578428076,2145356.698372722,0.0753127327995552
ITA,2023,G,222086.99245601514,2145356.698372722,0.103519844799921
ITA,2023,H49,40664.378777759055,2145356.698372722,0.0189546003275835
ITA,2023,H50,5274.7427695176975,2145356.698372722,0.0024586786773121
ITA,2023,H51,3847.8631115397948,2145356.698372722,0.0017935773172165
ITA,2023,H52,27688.714541698933,2145356.698372722,0.0129063453936127
ITA,2023,H53,1846.8486411389938,2145356.698372722,0.0008608585427961
ITA,2023,I,88239.27709805589,2145356.698372722,0.0411303524327616
ITA,2023,J58T60,14913.369227986545,2145356.698372722,0.0069514637073166
ITA,2023,J61,20315.09341329916,2145356.698372722,0.0094693313371657
ITA,2023,J62_63,28602.594112651146,2145356.698372722,0.0133323256381312
ITA,2023,K,38454.46719231651,2145356.698372722,0.0179245098129764
ITA,2023,L,254679.17108908077,2145356.698372722,0.1187118073569108
ITA,2023,M,52670.223960932584,2145356.698372722,0.0245508003405138
ITA,2023,N,19260.45899039561,2145356.698372722,0.0089777420253727
ITA,2023,O,180936.4355458509,2145356.698372722,0.0843386256854598
ITA,2023,P,96701.48296128909,2145356.698372722,0.0450747808206618
ITA,2023,Q,200982.22203640387,2145356.698372722,0.0936824268844669
ITA,2023,R,27205.315260448147,2145356.698372722,0.0126810218930417
ITA,2023,S,39327.3889136452,2145356.698372722,0.01833139866367
ITA,2023,T,24403.750018348732,2145356.698372722,0.0113751480286981
ITA,2023,employees_compensation,0.0,2145356.698372722,0.0
ITA,2024,A01_02,33527.00076802893,2208806.701870531,0.0151787844267389
ITA,2024,A03,1311.1013378907983,2208806.701870531,0.0005935790292471
ITA,2024,B05_06,-28336.5819421434,2208806.701870531,-0.01282890979919
ITA,2024,B07_08,1564.7384942436736,2208806.701870531,0.0007084089761764
ITA,2024,B09,80.7310026841697,2208806.701870531,3.654960056749309e-05
ITA,2024,C10T12,125453.24152704093,2208806.701870531,0.0567968403123735
ITA,2024,C13T15,68484.39568068854,2208806.701870531,0.031005155690035
ITA,2024,C16,3187.3196945706704,2208806.701870531,0.0014430052624666
ITA,2024,C17_18,9332.080974374365,2208806.701870531,0.0042249423484959
ITA,2024,C19,16807.348887013137,2208806.701870531,0.0076092438839396
ITA,2024,C20,5929.437141673649,2208806.701870531,0.0026844527122506
ITA,2024,C21,16716.79084394049,2208806.701870531,0.0075682452564925
ITA,2024,C22,16611.430043827375,2208806.701870531,0.0075205449303282
ITA,2024,C23,12046.458801140685,2208806.701870531,0.0054538311527845
ITA,2024,C24,562.7535533792826,2208806.701870531,0.0002547771848495
ITA,2024,C25,32520.16450342852,2208806.701870531,0.0147229562803702
ITA,2024,C26,11961.000867636698,2208806.701870531,0.0054151415139711
ITA,2024,C27,22170.673866567355,2208806.701870531,0.0100373988578503
ITA,2024,C28,101411.57380627835,2208806.701870531,0.0459123805267332
ITA,2024,C29,45407.643811730515,2208806.701870531,0.0205575452905304
ITA,2024,C30,27271.405399794377,2208806.701870531,0.0123466690755237
ITA,2024,C31T33,48911.54347830627,2208806.701870531,0.0221438767986739
ITA,2024,D,23080.359263530805,2208806.701870531,0.0104492435865869
ITA,2024,E,17288.251901461445,2208806.701870531,0.0078269646170581
ITA,2024,F,166351.26894384206,2208806.701870531,0.0753127327995552
ITA,2024,G,228655.32697066275,2208806.701870531,0.103519844799921
ITA,2024,H49,41867.048234843794,2208806.701870531,0.0189546003275835
ITA,2024,H50,5430.745940193138,2208806.701870531,0.0024586786773121
ITA,2024,H51,3961.6655985907723,2208806.701870531,0.0017935773172165
ITA,2024,H52,28507.622202067585,2208806.701870531,0.0129063453936127
ITA,2024,H53,1901.470118690525,2208806.701870531,0.0008608585427961
ITA,2024,I,90848.99810378072,2208806.701870531,0.0411303524327616
ITA,2024,J58T60,15354.439624530673,2208806.701870531,0.0069514637073166
ITA,2024,J61,20915.922519764234,2208806.701870531,0.0094693313371657
ITA,2024,J62_63,29448.530221024495,2208806.701870531,0.0133323256381312
ITA,2024,K,39591.77740264637,2208806.701870531,0.0179245098129764
ITA,2024,L,262211.435681108,2208806.701870531,0.1187118073569108
ITA,2024,M,54227.97232841219,2208806.701870531,0.0245508003405138
ITA,2024,N,19830.096753307935,2208806.701870531,0.0089777420253727
ITA,2024,O,186287.7216405937,2208806.701870531,0.0843386256854598
ITA,2024,P,99561.47796202304,2208806.701870531,0.0450747808206618
ITA,2024,Q,206926.37234990648,2208806.701870531,0.0936824268844669
ITA,2024,R,28009.926143917433,2208806.701870531,0.0126810218930417
ITA,2024,S,40490.51622297479,2208806.701870531,0.01833139866367
ITA,2024,T,25125.50320055772,2208806.701870531,0.0113751480286981
ITA,2024,employees_compensation,0.0,2208806.701870531,0.0
ITA,2025,A01_02,34464.046552752865,2270540.616680813,0.0151787844267389
ITA,2025,A03,1347.7452951155087,2270540.616680813,0.0005935790292471
ITA,2025,B05_06,-29128.56076679539,2270540.616680813,-0.01282890979919
ITA,2025,B07_08,1608.4713536297868,2270540.616680813,0.0007084089761764
ITA,2025,B09,82.98735261195314,2270540.616680813,3.654960056749309e-05
ITA,2025,C10T12,128959.5328283782,2270540.616680813,0.0567968403123735
ITA,2025,C13T15,70398.4653207367,2270540.616680813,0.031005155690035
ITA,2025,C16,3276.402058514572,2270540.616680813,0.0014430052624666
ITA,2025,C17_18,9592.903205394763,2270540.616680813,0.0042249423484959
ITA,2025,C19,17277.097300714926,2270540.616680813,0.0076092438839396
ITA,2025,C20,6095.158916723958,2270540.616680813,0.0026844527122506
ITA,2025,C21,17184.00825186812,2270540.616680813,0.0075682452564925
ITA,2025,C22,17075.702723883154,2270540.616680813,0.0075205449303282
ITA,2025,C23,12383.145148916346,2270540.616680813,0.0054538311527845
ITA,2025,C24,578.4819464043852,2270540.616680813,0.0002547771848495
ITA,2025,C25,33429.070232196405,2270540.616680813,0.0147229562803702
ITA,2025,C26,12295.298752545814,2270540.616680813,0.0054151415139711
ITA,2025,C27,22790.32179257471,2270540.616680813,0.0100373988578503
ITA,2025,C28,104245.92479445295,2270540.616680813,0.0459123805267332
ITA,2025,C29,46676.74156140463,2270540.616680813,0.0205575452905304
ITA,2025,C30,28033.613616693503,2270540.616680813,0.0123466690755237
ITA,2025,C31T33,50278.571682164984,2270540.616680813,0.0221438767986739
ITA,2025,D,23725.43197693705,2270540.616680813,0.0104492435865869
ITA,2025,E,17771.441068354,2270540.616680813,0.0078269646170581
ITA,2025,F,171000.61877461933,2270540.616680813,0.0753127327995552
ITA,2025,G,235046.0122507147,2270540.616680813,0.103519844799921
ITA,2025,H49,43037.18991672978,2270540.616680813,0.0189546003275835
ITA,2025,H50,5582.529800204181,2270540.616680813,0.0024586786773121
ITA,2025,H51,4072.3901478974703,2270540.616680813,0.0017935773172165
ITA,2025,H52,29304.381429108947,2270540.616680813,0.0129063453936127
ITA,2025,H53,1954.614286635203,2270540.616680813,0.0008608585427961
ITA,2025,I,93388.1357769817,2270540.616680813,0.0411303524327616
ITA,2025,J58T60,15783.580692844924,2270540.616680813,0.0069514637073166
ITA,2025,J61,21500.501413843158,2270540.616680813,0.0094693313371657
ITA,2025,J62_63,30271.58687619183,2270540.616680813,0.0133323256381312
ITA,2025,K,40698.32756445672,2270540.616680813,0.0179245098129764
ITA,2025,L,269539.9802834541,2270540.616680813,0.1187118073569108
ITA,2025,M,55743.589345157714,2270540.616680813,0.0245508003405138
ITA,2025,N,20384.327914690984,2270540.616680813,0.0089777420253727
ITA,2025,O,191494.27517387614,2270540.616680813,0.0843386256854598
ITA,2025,P,102344.12064129792,2270540.616680813,0.0450747808206618
ITA,2025,Q,212709.75531041264,2270540.616680813,0.0936824268844669
ITA,2025,R,28792.775269169793,2270540.616680813,0.0126810218930417
ITA,2025,S,41622.18522643111,2270540.616680813,0.01833139866367
ITA,2025,T,25827.73561991572,2270540.616680813,0.0113751480286981
ITA,2025,employees_compensation,0.0,2270540.616680813,0.0
ITA,2026,A01_02,35442.22435322392,2334984.367443088,0.0151787844267389
ITA,2026,A03,1385.997754134022,2334984.367443088,0.0005935790292471
ITA,2026,B05_06,-29955.303832446094,2334984.367443088,-0.01282890979919
ITA,2026,B07_08,1654.123885128257,2334984.367443088,0.0007084089761764
ITA,2026,B09,85.34274596138538,2334984.367443088,3.654960056749309e-05
ITA,2026,C10T12,132619.73424955353,2334984.367443088,0.0567968403123735
ITA,2026,C13T15,72396.55384637084,2334984.367443088,0.031005155690035
ITA,2026,C16,3369.3947299976207,2334984.367443088,0.0014430052624666
ITA,2026,C17_18,9865.174337086215,2334984.367443088,0.0042249423484959
ITA,2026,C19,17767.465517060893,2334984.367443088,0.0076092438839396
ITA,2026,C20,6268.1551182453495,2334984.367443088,0.0026844527122506
ITA,2026,C21,17671.73436288529,2334984.367443088,0.0075682452564925
ITA,2026,C22,17560.354846969716,2334984.367443088,0.0075205449303282
ITA,2026,C23,12734.610484425923,2334984.367443088,0.0054538311527845
ITA,2026,C24,594.9007438047405,2334984.367443088,0.0002547771848495
ITA,2026,C25,34377.87275721245,2334984.367443088,0.0147229562803702
ITA,2026,C26,12644.270782614614,2334984.367443088,0.0054151415139711
ITA,2026,C27,23437.169422871557,2334984.367443088,0.0100373988578503
ITA,2026,C28,107204.69080202047,2334984.367443088,0.0459123805267332
ITA,2026,C29,48001.546886391756,2334984.367443088,0.0205575452905304
ITA,2026,C30,28829.27928134084,2334984.367443088,0.0123466690755237
ITA,2026,C31T33,51705.60615948925,2334984.367443088,0.0221438767986739
ITA,2026,D,24398.820426285354,2334984.367443088,0.0104492435865869
ITA,2026,E,18275.840025360838,2334984.367443088,0.0078269646170581
ITA,2026,F,175854.0537563797,2334984.367443088,0.0753127327995552
ITA,2026,G,241717.21932795018,2334984.367443088,0.103519844799921
ITA,2026,H49,44258.69545603911,2334984.367443088,0.0189546003275835
ITA,2026,H50,5740.976276089402,2334984.367443088,0.0024586786773121
ITA,2026,H51,4187.97499750104,2334984.367443088,0.0017935773172165
ITA,2026,H52,30136.11473490676,2334984.367443088,0.0129063453936127
ITA,2026,H53,2010.09124000873,2334984.367443088,0.0008608585427961
ITA,2026,I,96038.72995792312,2334984.367443088,0.0411303524327616
ITA,2026,J58T60,16231.559087432235,2334984.367443088,0.0069514637073166
ITA,2026,J61,22110.740642420864,2334984.367443088,0.0094693313371657
ITA,2026,J62_63,31130.771946697045,2334984.367443088,0.0133323256381312
ITA,2026,K,41853.45020738012,2334984.367443088,0.0179245098129764
ITA,2026,L,277190.21440930205,2334984.367443088,0.1187118073569108
ITA,2026,M,57325.735003316164,2334984.367443088,0.0245508003405138
ITA,2026,N,20962.887284182103,2334984.367443088,0.0089777420253727
ITA,2026,O,196929.37254718272,2334984.367443088,0.0843386256854598
ITA,2026,P,105248.90858216882,2334984.367443088,0.0450747808206618
ITA,2026,Q,218747.00227936028,2334984.367443088,0.0936824268844669
ITA,2026,R,29609.987883455924,2334984.367443088,0.0126810218930417
ITA,2026,S,42803.52931303656,2334984.367443088,0.01833139866367
ITA,2026,T,26560.79282436112,2334984.367443088,0.0113751480286981
ITA,2026,employees_compensation,0.0,2334984.367443088,0.0
ITA,2027,A01_02,36461.53416944212,2402137.954157356,0.0151787844267389
ITA,2027,A03,1425.8587149463383,2402137.954157356,0.0005935790292471
ITA,2027,B05_06,-30816.811139095527,2402137.954157356,-0.01282890979919
ITA,2027,B07_08,1701.6960887390849,2402137.954157356,0.0007084089761764
ITA,2027,B09,87.7971827324664,2402137.954157356,3.654960056749309e-05
ITA,2027,C10T12,136433.84579056693,2402137.954157356,0.0567968403123735
ITA,2027,C13T15,74478.66125759098,2402137.954157356,0.031005155690035
ITA,2027,C16,3466.297709019817,2402137.954157356,0.0014430052624666
ITA,2027,C17_18,10148.894369448717,2402137.954157356,0.0042249423484959
ITA,2027,C19,18278.453536051045,2402137.954157356,0.0076092438839396
ITA,2027,C20,6448.425746237822,2402137.954157356,0.0026844527122506
ITA,2027,C21,18179.96917699201,2402137.954157356,0.0075682452564925
ITA,2027,C22,18065.38641308706,2402137.954157356,0.0075205449303282
ITA,2027,C23,13100.854807669413,2402137.954157356,0.0054538311527845
ITA,2027,C24,612.0099455803485,2402137.954157356,0.0002547771848495
ITA,2027,C25,35366.57207847667,2402137.954157356,0.0147229562803702
ITA,2027,C26,13007.916957843107,2402137.954157356,0.0054151415139711
ITA,2027,C27,24111.216757457903,2402137.954157356,0.0100373988578503
ITA,2027,C28,110287.87182898093,2402137.954157356,0.0459123805267332
ITA,2027,C29,49382.05978669188,2402137.954157356,0.0205575452905304
ITA,2027,C30,29658.402393736396,2402137.954157356,0.0123466690755237
ITA,2027,C31T33,53192.64691027907,2402137.954157356,0.0221438767986739
ITA,2027,D,25100.52461157573,2402137.954157356,0.0104492435865869
ITA,2027,E,18801.44877248196,2402137.954157356,0.0078269646170581
ITA,2027,F,180911.57388912313,2402137.954157356,0.0753127327995552
ITA,2027,G,248668.94820236927,2402137.954157356,0.103519844799921
ITA,2027,H49,45531.564852771786,2402137.954157356,0.0189546003275835
ITA,2027,H50,5906.085367848802,2402137.954157356,0.0024586786773121
ITA,2027,H51,4308.420147401483,2402137.954157356,0.0017935773172165
ITA,2027,H52,31002.822119461027,2402137.954157356,0.0129063453936127
ITA,2027,H53,2067.9009788111066,2402137.954157356,0.0008608585427961
ITA,2027,I,98800.78064660498,2402137.954157356,0.0411303524327616
ITA,2027,J58T60,16698.374808292607,2402137.954157356,0.0069514637073166
ITA,2027,J61,22746.64020549736,2402137.954157356,0.0094693313371657
ITA,2027,J62_63,32026.08543254015,2402137.954157356,0.0133323256381312
ITA,2027,K,43057.145331416585,2402137.954157356,0.0179245098129764
ITA,2027,L,285162.1380586519,2402137.954157356,0.1187118073569108
ITA,2027,M,58974.40930288754,2402137.954157356,0.0245508003405138
ITA,2027,N,21565.774861781298,2402137.954157356,0.0089777420253727
ITA,2027,O,202593.01376051345,2402137.954157356,0.0843386256854598
ITA,2027,P,108275.84178463576,2402137.954157356,0.0450747808206618
ITA,2027,Q,225038.11325674944,2402137.954157356,0.0936824268844669
ITA,2027,R,30461.563986775833,2402137.954157356,0.0126810218930417
ITA,2027,S,44034.54848279114,2402137.954157356,0.01833139866367
ITA,2027,T,27324.674813893937,2402137.954157356,0.0113751480286981
ITA,2027,employees_compensation,0.0,2402137.954157356,0.0
ITA,2028,A01_02,37521.97600140746,2472001.3768236185,0.0151787844267389
ITA,2028,A03,1467.328177552458,2472001.3768236185,0.0005935790292471
ITA,2028,B05_06,-31713.08268674369,2472001.3768236185,-0.01282890979919
ITA,2028,B07_08,1751.1879644622709,2472001.3768236185,0.0007084089761764
ITA,2028,B09,90.35066292519622,2472001.3768236185,3.654960056749309e-05
ITA,2028,C10T12,140401.8674514185,2472001.3768236185,0.0567968403123735
ITA,2028,C13T15,76644.78755439717,2472001.3768236185,0.031005155690035
ITA,2028,C16,3567.110995581162,2472001.3768236185,0.0014430052624666
ITA,2028,C17_18,10444.063302482278,2472001.3768236185,0.0042249423484959
ITA,2028,C19,18810.06135768539,2472001.3768236185,0.0076092438839396
ITA,2028,C20,6635.9708007013805,2472001.3768236185,0.0026844527122506
ITA,2028,C21,18708.71269418828,2472001.3768236185,0.0075682452564925
ITA,2028,C22,18590.797422235195,2472001.3768236185,0.0075205449303282
ITA,2028,C23,13481.878118646826,2472001.3768236185,0.0054538311527845
ITA,2028,C24,629.8095517312096,2472001.3768236185,0.0002547771848495
ITA,2028,C25,36395.16819598908,2472001.3768236185,0.0147229562803702
ITA,2028,C26,13386.237278231294,2472001.3768236185,0.0054151415139711
ITA,2028,C27,24812.46379633376,2472001.3768236185,0.0100373988578503
ITA,2028,C28,113495.46787533436,2472001.3768236185,0.0459123805267332
ITA,2028,C29,50818.28026230504,2472001.3768236185,0.0205575452905304
ITA,2028,C30,30520.98295388018,2472001.3768236185,0.0123466690755237
ITA,2028,C31T33,54739.693934534465,2472001.3768236185,0.0221438767986739
ITA,2028,D,25830.54453280818,2472001.3768236185,0.0104492435865869
ITA,2028,E,19348.26730971737,2472001.3768236185,0.0078269646170581
ITA,2028,F,186173.17917284972,2472001.3768236185,0.0753127327995552
ITA,2028,G,255901.19887397203,2472001.3768236185,0.103519844799921
ITA,2028,H49,46855.798106927825,2472001.3768236185,0.0189546003275835
ITA,2028,H50,6077.857075482384,2472001.3768236185,0.0024586786773121
ITA,2028,H51,4433.7255975988,2472001.3768236185,0.0017935773172165
ITA,2028,H52,31904.50358277176,2472001.3768236185,0.0129063453936127
ITA,2028,H53,2128.043503042333,2472001.3768236185,0.0008608585427961
ITA,2028,I,101674.28784302734,2472001.3768236185,0.0411303524327616
ITA,2028,J58T60,17184.02785542605,2472001.3768236185,0.0069514637073166
ITA,2028,J61,23408.20010307265,2472001.3768236185,0.0094693313371657
ITA,2028,J62_63,32957.527333721155,2472001.3768236185,0.0133323256381312
ITA,2028,K,44309.41293656612,2472001.3768236185,0.0179245098129764
ITA,2028,L,293455.7512315037,2472001.3768236185,0.1187118073569108
ITA,2028,M,60689.612243871874,2472001.3768236185,0.0245508003405138
ITA,2028,N,22192.99064748858,2472001.3768236185,0.0089777420253727
ITA,2028,O,208485.19881386842,2472001.3768236185,0.0843386256854598
ITA,2028,P,111424.92024869879,2472001.3768236185,0.0450747808206618
ITA,2028,Q,231583.08824258015,2472001.3768236185,0.0936824268844669
ITA,2028,R,31347.503579129534,2472001.3768236185,0.0126810218930417
ITA,2028,S,45315.24273569488,2472001.3768236185,0.01833139866367
ITA,2028,T,28119.38158851417,2472001.3768236185,0.0113751480286981
ITA,2028,employees_compensation,0.0,2472001.3768236185,0.0
ITA,2029,A01_02,38623.549849119925,2544574.6354418737,0.0151787844267389
ITA,2029,A03,1510.4061419523807,2544574.6354418737,0.0005935790292471
ITA,2029,B05_06,-32644.118475390576,2544574.6354418737,-0.01282890979919
ITA,2029,B07_08,1802.599512297814,2544574.6354418737,0.0007084089761764
ITA,2029,B09,93.00318653957483,2544574.6354418737,3.654960056749309e-05
ITA,2029,C10T12,144523.7992321081,2544574.6354418737,0.0567968403123735
ITA,2029,C13T15,78894.93273678934,2544574.6354418737,0.031005155690035
ITA,2029,C16,3671.8345896816536,2544574.6354418737,0.0014430052624666
ITA,2029,C17_18,10750.68113618689,2544574.6354418737,0.0042249423484959
ITA,2029,C19,19362.288981963917,2544574.6354418737,0.0076092438839396
ITA,2029,C20,6830.790281636019,2544574.6354418737,0.0026844527122506
ITA,2029,C21,19257.964914474094,2544574.6354418737,0.0075682452564925
ITA,2029,C22,19136.587874414112,2544574.6354418737,0.0075205449303282
ITA,2029,C23,13877.680417358151,2544574.6354418737,0.0054538311527845
ITA,2029,C24,648.2995622573233,2544574.6354418737,0.0002547771848495
ITA,2029,C25,37463.66110974964,2544574.6354418737,0.0147229562803702
ITA,2029,C26,13779.231743779168,2544574.6354418737,0.0054151415139711
ITA,2029,C27,25540.91053949911,2544574.6354418737,0.0100373988578503
ITA,2029,C28,116827.47894108071,2544574.6354418737,0.0459123805267332
ITA,2029,C29,52310.2083132312,2544574.6354418737,0.0205575452905304
ITA,2029,C30,31417.020961772174,2544574.6354418737,0.0123466690755237
ITA,2029,C31T33,56346.74723225541,2544574.6354418737,0.0221438767986739
ITA,2029,D,26588.880189982698,2544574.6354418737,0.0104492435865869
ITA,2029,E,19916.295637067058,2544574.6354418737,0.0078269646170581
ITA,2029,F,191638.8696075594,2544574.6354418737,0.0753127327995552
ITA,2029,G,263413.97134275833,2544574.6354418737,0.103519844799921
ITA,2029,H49,48231.395218507205,2544574.6354418737,0.0189546003275835
ITA,2029,H50,6256.291398990144,2544574.6354418737,0.0024586786773121
ITA,2029,H51,4563.89134809299,2544574.6354418737,0.0017935773172165
ITA,2029,H52,32841.15912483894,2544574.6354418737,0.0129063453936127
ITA,2029,H53,2190.518812702409,2544574.6354418737,0.0008608585427961
ITA,2029,I,104659.25154719013,2544574.6354418737,0.0411303524327616
ITA,2029,J58T60,17688.518228832552,2544574.6354418737,0.0069514637073166
ITA,2029,J61,24095.420335146722,2544574.6354418737,0.0094693313371657
ITA,2029,J62_63,33925.097650240044,2544574.6354418737,0.0133323256381312
ITA,2029,K,45610.25302282871,2544574.6354418737,0.0179245098129764
ITA,2029,L,302071.05392785725,2544574.6354418737,0.1187118073569108
ITA,2029,M,62471.34382626913,2544574.6354418737,0.0245508003405138
ITA,2029,N,22844.53464130393,2544574.6354418737,0.0089777420253727
ITA,2029,O,214605.92770724752,2544574.6354418737,0.0843386256854598
ITA,2029,P,114696.14397435785,2544574.6354418737,0.0450747808206618
ITA,2029,Q,238381.92723685235,2544574.6354418737,0.0936824268844669
ITA,2029,R,32267.806660517002,2544574.6354418737,0.0126810218930417
ITA,2029,S,46645.61207174774,2544574.6354418737,0.01833139866367
ITA,2029,T,28944.913148221814,2544574.6354418737,0.0113751480286981
ITA,2029,employees_compensation,0.0,2544574.6354418737,0.0
ITA,2030,A01_02,39766.255712579536,2619857.730012123,0.0151787844267389
ITA,2030,A03,1555.0926081461068,2619857.730012123,0.0005935790292471
ITA,2030,B05_06,-33609.91850503619,2619857.730012123,-0.01282890979919
ITA,2030,B07_08,1855.9307322457155,2619857.730012123,0.0007084089761764
ITA,2030,B09,95.75475357560224,2619857.730012123,3.654960056749309e-05
ITA,2030,C10T12,148799.64113263588,2619857.730012123,0.0567968403123735
ITA,2030,C13T15,81229.09680476756,2619857.730012123,0.031005155690035
ITA,2030,C16,3780.468491321294,2619857.730012123,0.0014430052624666
ITA,2030,C17_18,11068.747870562558,2619857.730012123,0.0042249423484959
ITA,2030,C19,19935.136408886632,2619857.730012123,0.0076092438839396
ITA,2030,C20,7032.884189041743,2619857.730012123,0.0026844527122506
ITA,2030,C21,19827.72583784946,2619857.730012123,0.0075682452564925
ITA,2030,C22,19702.75776962382,2619857.730012123,0.0075205449303282
ITA,2030,C23,14288.261703803399,2619857.730012123,0.0054538311527845
ITA,2030,C24,667.4799771586901,2619857.730012123,0.0002547771848495
ITA,2030,C25,38572.0508197584,2619857.730012123,0.0147229562803702
ITA,2030,C26,14186.900354486737,2619857.730012123,0.0054151415139711
ITA,2030,C27,26296.556986953965,2619857.730012123,0.0100373988578503
ITA,2030,C28,120283.90502622005,2619857.730012123,0.0459123805267332
ITA,2030,C29,53857.84393947038,2619857.730012123,0.0205575452905304
ITA,2030,C30,32346.516417412397,2619857.730012123,0.0123466690755237
ITA,2030,C31T33,58013.80680344193,2619857.730012123,0.0221438767986739
ITA,2030,D,27375.531583099288,2619857.730012123,0.0104492435865869
ITA,2030,E,20505.53375453104,2619857.730012123,0.0078269646170581
ITA,2030,F,197308.64519325222,2619857.730012123,0.0753127327995552
ITA,2030,G,271207.26560872834,2619857.730012123,0.103519844799921
ITA,2030,H49,49658.356187509955,2619857.730012123,0.0189546003275835
ITA,2030,H50,6441.388338372087,2619857.730012123,0.0024586786773121
ITA,2030,H51,4698.917398884053,2619857.730012123,0.0017935773172165
ITA,2030,H52,33812.78874566259,2619857.730012123,0.0129063453936127
ITA,2030,H53,2255.3269077913346,2619857.730012123,0.0008608585427961
ITA,2030,I,107755.6717590934,2619857.730012123,0.0411303524327616
ITA,2030,J58T60,18211.845928512124,2619857.730012123,0.0069514637073166
ITA,2030,J61,24808.300901719595,2619857.730012123,0.0094693313371657
ITA,2030,J62_63,34928.796382096836,2619857.730012123,0.0133323256381312
ITA,2030,K,46959.66559020437,2619857.730012123,0.0179245098129764
ITA,2030,L,311008.04614771274,2619857.730012123,0.1187118073569108
ITA,2030,M,64319.60405007934,2619857.730012123,0.0245508003405138
ITA,2030,N,23520.406843227363,2619857.730012123,0.0089777420253727
ITA,2030,O,220955.20044065083,2619857.730012123,0.0843386256854598
ITA,2030,P,118089.512961613,2619857.730012123,0.0450747808206618
ITA,2030,Q,245434.63023956615,2619857.730012123,0.0936824268844669
ITA,2030,R,33222.47323093827,2619857.730012123,0.0126810218930417
ITA,2030,S,48025.656490949754,2619857.730012123,0.01833139866367
ITA,2030,T,29801.26949301688,2619857.730012123,0.0113751480286981
ITA,2030,employees_compensation,0.0,2619857.730012123,0.0
ITA,2031,A01_02,40950.09359178628,2697850.6605343656,0.0151787844267389
ITA,2031,A03,1601.3875761336362,2697850.6605343656,0.0005935790292471
ITA,2031,B05_06,-34610.48277568054,2697850.6605343656,-0.01282890979919
ITA,2031,B07_08,1911.1816243059745,2697850.6605343656,0.0007084089761764
ITA,2031,B09,98.60536403327845,2697850.6605343656,3.654960056749309e-05
ITA,2031,C10T12,153229.39315300173,2697850.6605343656,0.0567968403123735
ITA,2031,C13T15,83647.27975833177,2697850.6605343656,0.031005155690035
ITA,2031,C16,3893.0127005000822,2697850.6605343656,0.0014430052624666
ITA,2031,C17_18,11398.263505609279,2697850.6605343656,0.0042249423484959
ITA,2031,C19,20528.603638453533,2697850.6605343656,0.0076092438839396
ITA,2031,C20,7242.25252291855,2697850.6605343656,0.0026844527122506
ITA,2031,C21,20417.995464314372,2697850.6605343656,0.0075682452564925
ITA,2031,C22,20289.30710786431,2697850.6605343656,0.0075205449303282
ITA,2031,C23,14713.621977982562,2697850.6605343656,0.0054538311527845
ITA,2031,C24,687.3507964353097,2697850.6605343656,0.0002547771848495
ITA,2031,C25,39720.33732601533,2697850.6605343656,0.0147229562803702
ITA,2031,C26,14609.243110353997,2697850.6605343656,0.0054151415139711
ITA,2031,C27,27079.40313869832,2697850.6605343656,0.0100373988578503
ITA,2031,C28,123864.7461307523,2697850.6605343656,0.0459123805267332
ITA,2031,C29,55461.18714102257,2697850.6605343656,0.0205575452905304
ITA,2031,C30,33309.46932080084,2697850.6605343656,0.0123466690755237
ITA,2031,C31T33,59740.872648093995,2697850.6605343656,0.0221438767986739
ITA,2031,D,28190.49871215795,2697850.6605343656,0.0104492435865869
ITA,2031,E,21115.9816621093,2697850.6605343656,0.0078269646170581
ITA,2031,F,203182.50592992816,2697850.6605343656,0.0753127327995552
ITA,2031,G,279281.0816718819,2697850.6605343656,0.103519844799921
ITA,2031,H49,51136.681013936046,2697850.6605343656,0.0189546003275835
ITA,2031,H50,6633.147893628208,2697850.6605343656,0.0024586786773121
ITA,2031,H51,4838.803749971989,2697850.6605343656,0.0017935773172165
ITA,2031,H52,34819.39244524269,2697850.6605343656,0.0129063453936127
ITA,2031,H53,2322.46778830911,2697850.6605343656,0.0008608585427961
ITA,2031,I,110963.54847873712,2697850.6605343656,0.0411303524327616
ITA,2031,J58T60,18754.01095446476,2697850.6605343656,0.0069514637073166
ITA,2031,J61,25546.841802791252,2697850.6605343656,0.0094693313371657
ITA,2031,J62_63,35968.623529291515,2697850.6605343656,0.0133323256381312
ITA,2031,K,48357.6506386931,2697850.6605343656,0.0179245098129764
ITA,2031,L,320266.7278910701,2697850.6605343656,0.1187118073569108
ITA,2031,M,66234.39291530248,2697850.6605343656,0.0245508003405138
ITA,2031,N,24220.607253258873,2697850.6605343656,0.0089777420253727
ITA,2031,O,227533.01701407833,2697850.6605343656,0.0843386256854598
ITA,2031,P,121605.02721046418,2697850.6605343656,0.0450747808206618
ITA,2031,Q,252741.19725072145,2697850.6605343656,0.0936824268844669
ITA,2031,R,34211.5032903933,2697850.6605343656,0.0126810218930417
ITA,2031,S,49455.37599330089,2697850.6605343656,0.01833139866367
ITA,2031,T,30688.450622899352,2697850.6605343656,0.0113751480286981
ITA,2031,employees_compensation,0.0,2697850.6605343656,0.0
ITA,2032,A01_02,42175.063486740175,2778553.4270086023,0.0151787844267389
ITA,2032,A03,1649.291045914969,2778553.4270086023,0.0005935790292471
ITA,2032,B05_06,-35645.81128732362,2778553.4270086023,-0.01282890979919
ITA,2032,B07_08,1968.3521884785916,2778553.4270086023,0.0007084089761764
ITA,2032,B09,101.55501791260347,2778553.4270086023,3.654960056749309e-05
ITA,2032,C10T12,157813.05529320572,2778553.4270086023,0.0567968403123735
ITA,2032,C13T15,86149.48159748202,2778553.4270086023,0.031005155690035
ITA,2032,C16,4009.467217218019,2778553.4270086023,0.0014430052624666
ITA,2032,C17_18,11739.228041327056,2778553.4270086023,0.0042249423484959
ITA,2032,C19,21142.690670664622,2778553.4270086023,0.0076092438839396
ITA,2032,C20,7458.895283266442,2778553.4270086023,0.0026844527122506
ITA,2032,C21,21028.773793868837,2778553.4270086023,0.0075682452564925
ITA,2032,C22,20896.23588913559,2778553.4270086023,0.0075205449303282
ITA,2032,C23,15153.761239895648,2778553.4270086023,0.0054538311527845
ITA,2032,C24,707.9120200871823,2778553.4270086023,0.0002547771848495
ITA,2032,C25,40908.52062852044,2778553.4270086023,0.0147229562803702
ITA,2032,C26,15046.260011380951,2778553.4270086023,0.0054151415139711
ITA,2032,C27,27889.44899473218,2778553.4270086023,0.0100373988578503
ITA,2032,C28,127570.00225467756,2778553.4270086023,0.0459123805267332
ITA,2032,C29,57120.23791788779,2778553.4270086023,0.0205575452905304
ITA,2032,C30,34305.87967193751,2778553.4270086023,0.0123466690755237
ITA,2032,C31T33,61527.94476621164,2778553.4270086023,0.0221438767986739
ITA,2032,D,29033.781577158687,2778553.4270086023,0.0104492435865869
ITA,2032,E,21747.639359801855,2778553.4270086023,0.0078269646170581
ITA,2032,F,209260.45181758725,2778553.4270086023,0.0753127327995552
ITA,2032,G,287635.4195322191,2778553.4270086023,0.103519844799921
ITA,2032,H49,52666.369697785514,2778553.4270086023,0.0189546003275835
ITA,2032,H50,6831.570064758513,2778553.4270086023,0.0024586786773121
ITA,2032,H51,4983.550401356801,2778553.4270086023,0.0017935773172165
ITA,2032,H52,35860.97022357926,2778553.4270086023,0.0129063453936127
ITA,2032,H53,2391.941454255735,2778553.4270086023,0.0008608585427961
ITA,2032,I,114282.88170612135,2778553.4270086023,0.0411303524327616
ITA,2032,J58T60,19315.013306690464,2778553.4270086023,0.0069514637073166
ITA,2032,J61,26311.04303836171,2778553.4270086023,0.0094693313371657
ITA,2032,J62_63,37044.5790918241,2778553.4270086023,0.0133323256381312
ITA,2032,K,49804.2081682949,2778553.4270086023,0.0179245098129764
ITA,2032,L,329847.0991579295,2778553.4270086023,0.1187118073569108
ITA,2032,M,68215.71042193858,2778553.4270086023,0.0245508003405138
ITA,2032,N,24945.135871398466,2778553.4270086023,0.0089777420253727
ITA,2032,O,234339.37742753007,2778553.4270086023,0.0843386256854598
ITA,2032,P,125242.68672091146,2778553.4270086023,0.0450747808206618
ITA,2032,Q,260301.62827031832,2778553.4270086023,0.0936824268844669
ITA,2032,R,35234.89683888213,2778553.4270086023,0.0126810218930417
ITA,2032,S,50934.77057880119,2778553.4270086023,0.01833139866367
ITA,2032,T,31606.45653786925,2778553.4270086023,0.0113751480286981
ITA,2032,employees_compensation,0.0,2778553.4270086023,0.0
ITA,2033,A01_02,43441.16539744119,2861966.029434832,0.0151787844267389
ITA,2033,A03,1698.8030174901046,2861966.029434832,0.0005935790292471
ITA,2033,B05_06,-36715.90403996541,2861966.029434832,-0.01282890979919
ITA,2033,B07_08,2027.442424763566,2861966.029434832,0.0007084089761764
ITA,2033,B09,104.60371521357726,2861966.029434832,3.654960056749309e-05
ITA,2033,C10T12,162550.6275532478,2861966.029434832,0.0567968403123735
ITA,2033,C13T15,88735.70232221826,2861966.029434832,0.031005155690035
ITA,2033,C16,4129.832041475102,2861966.029434832,0.0014430052624666
ITA,2033,C17_18,12091.641477715886,2861966.029434832,0.0042249423484959
ITA,2033,C19,21777.397505519897,2861966.029434832,0.0076092438839396
ITA,2033,C20,7682.812470085415,2861966.029434832,0.0026844527122506
ITA,2033,C21,21660.060826512843,2861966.029434832,0.0075682452564925
ITA,2033,C22,21523.544113437652,2861966.029434832,0.0075205449303282
ITA,2033,C23,15608.679489542646,2861966.029434832,0.0054538311527845
ITA,2033,C24,729.1636481143076,2861966.029434832,0.0002547771848495
ITA,2033,C25,42136.60072727372,2861966.029434832,0.0147229562803702
ITA,2033,C26,15497.951057567594,2861966.029434832,0.0054151415139711
ITA,2033,C27,28726.69455505554,2861966.029434832,0.0100373988578503
ITA,2033,C28,131399.6733979957,2861966.029434832,0.0459123805267332
ITA,2033,C29,58834.99627006601,2861966.029434832,0.0205575452905304
ITA,2033,C30,35335.74747082239,2861966.029434832,0.0123466690755237
ITA,2033,C31T33,63375.023157794836,2861966.029434832,0.0221438767986739
ITA,2033,D,29905.380178101488,2861966.029434832,0.0104492435865869
ITA,2033,E,22400.50684760869,2861966.029434832,0.0078269646170581
ITA,2033,F,215542.4828562294,2861966.029434832,0.0753127327995552
ITA,2033,G,296270.27918973996,2861966.029434832,0.103519844799921
ITA,2033,H49,54247.422239058316,2861966.029434832,0.0189546003275835
ITA,2033,H50,7036.654851762994,2861966.029434832,0.0024586786773121
ITA,2033,H51,5133.157353038484,2861966.029434832,0.0017935773172165
ITA,2033,H52,36937.52208067227,2861966.029434832,0.0129063453936127
ITA,2033,H53,2463.7479056312095,2861966.029434832,0.0008608585427961
ITA,2033,I,117713.67144124598,2861966.029434832,0.0411303524327616
ITA,2033,J58T60,19894.852985189227,2861966.029434832,0.0069514637073166
ITA,2033,J61,27100.90460843095,2861966.029434832,0.0094693313371657
ITA,2033,J62_63,38156.66306969456,2861966.029434832,0.0133323256381312
ITA,2033,K,51299.33817900975,2861966.029434832,0.0179245098129764
ITA,2033,L,339749.1599482906,2861966.029434832,0.1187118073569108
ITA,2033,M,70263.55656998759,2861966.029434832,0.0245508003405138
ITA,2033,N,25693.992697646132,2861966.029434832,0.0089777420253727
ITA,2033,O,241374.2816810059,2861966.029434832,0.0843386256854598
ITA,2033,P,129002.49149295475,2861966.029434832,0.0450747808206618
ITA,2033,Q,268115.9232983567,2861966.029434832,0.0936824268844669
ITA,2033,R,36292.65387640473,2861966.029434832,0.0126810218930417
ITA,2033,S,52463.84024745061,2861966.029434832,0.01833139866367
ITA,2033,T,32555.287237926554,2861966.029434832,0.0113751480286981
ITA,2033,employees_compensation,0.0,2861966.029434832,0.0
ITA,2034,A01_02,44748.39932388934,2948088.4678130546,0.0151787844267389
ITA,2034,A03,1749.9234908590433,2948088.4678130546,0.0005935790292471
ITA,2034,B05_06,-37820.76103360593,2948088.4678130546,-0.01282890979919
ITA,2034,B07_08,2088.452333160898,2948088.4678130546,0.0007084089761764
ITA,2034,B09,107.75145593619985,2948088.4678130546,3.654960056749309e-05
ITA,2034,C10T12,167442.10993312794,2948088.4678130546,0.0567968403123735
ITA,2034,C13T15,91405.9419325405,2948088.4678130546,0.031005155690035
ITA,2034,C16,4254.1071732713335,2948088.4678130546,0.0014430052624666
ITA,2034,C17_18,12455.503814775768,2948088.4678130546,0.0042249423484959
ITA,2034,C19,22432.724143019354,2948088.4678130546,0.0076092438839396
ITA,2034,C20,7914.00408337547,2948088.4678130546,0.0026844527122506
ITA,2034,C21,22311.856562246394,2948088.4678130546,0.0075682452564925
ITA,2034,C22,22171.2317807705,2948088.4678130546,0.0075205449303282
ITA,2034,C23,16078.376726923561,2948088.4678130546,0.0054538311527845
ITA,2034,C24,751.1056805166858,2948088.4678130546,0.0002547771848495
ITA,2034,C25,43404.577622275174,2948088.4678130546,0.0147229562803702
ITA,2034,C26,15964.316248913925,2948088.4678130546,0.0054151415139711
ITA,2034,C27,29591.1398196684,2948088.4678130546,0.0100373988578503
ITA,2034,C28,135353.7595607068,2948088.4678130546,0.0459123805267332
ITA,2034,C29,60605.46219755724,2948088.4678130546,0.0205575452905304
ITA,2034,C30,36399.072717455485,2948088.4678130546,0.0123466690755237
ITA,2034,C31T33,65282.10782284359,2948088.4678130546,0.0221438767986739
ITA,2034,D,30805.29451498636,2948088.4678130546,0.0104492435865869
ITA,2034,E,23074.584125529804,2948088.4678130546,0.0078269646170581
ITA,2034,F,222028.59904585464,2948088.4678130546,0.0753127327995552
ITA,2034,G,305185.66064444435,2948088.4678130546,0.103519844799921
ITA,2034,H49,55879.83863775447,2948088.4678130546,0.0189546003275835
ITA,2034,H50,7248.402254641656,2948088.4678130546,0.0024586786773121
ITA,2034,H51,5287.62460501704,2948088.4678130546,0.0017935773172165
ITA,2034,H52,38049.04801652174,2948088.4678130546,0.0129063453936127
ITA,2034,H53,2537.8871424355334,2948088.4678130546,0.0008608585427961
ITA,2034,I,121255.91768411109,2948088.4678130546,0.0411303524327616
ITA,2034,J58T60,20493.52998996105,2948088.4678130546,0.0069514637073166
ITA,2034,J61,27916.426512998973,2948088.4678130546,0.0094693313371657
ITA,2034,J62_63,39304.87546290291,2948088.4678130546,0.0133323256381312
ITA,2034,K,52843.040670837654,2948088.4678130546,0.0179245098129764
ITA,2034,L,349972.91026215366,2948088.4678130546,0.1187118073569108
ITA,2034,M,72377.93135944955,2948088.4678130546,0.0245508003405138
ITA,2034,N,26467.177732001874,2948088.4678130546,0.0089777420253727
ITA,2034,O,248637.72977450592,2948088.4678130546,0.0843386256854598
ITA,2034,P,132884.4415265941,2948088.4678130546,0.0450747808206618
ITA,2034,Q,276184.08233483654,2948088.4678130546,0.0936824268844669
ITA,2034,R,37384.774402961106,2948088.4678130546,0.0126810218930417
ITA,2034,S,54042.584999249164,2948088.4678130546,0.01833139866367
ITA,2034,T,33534.94272307127,2948088.4678130546,0.0113751480286981
ITA,2034,employees_compensation,0.0,2948088.4678130546,0.0
ITA,2035,A01_02,46096.76526608463,3036920.7421432715,0.0151787844267389
ITA,2035,A03,1802.6524660217856,3036920.7421432715,0.0005935790292471
ITA,2035,B05_06,-38960.38226824519,3036920.7421432715,-0.01282890979919
ITA,2035,B07_08,2151.381913670588,3036920.7421432715,0.0007084089761764
ITA,2035,B09,110.99824008047125,3036920.7421432715,3.654960056749309e-05
ITA,2035,C10T12,172487.50243284623,3036920.7421432715,0.0567968403123735
ITA,2035,C13T15,94160.20042844878,3036920.7421432715,0.031005155690035
ITA,2035,C16,4382.292612606713,3036920.7421432715,0.0014430052624666
ITA,2035,C17_18,12830.815052506707,3036920.7421432715,0.0042249423484959
ITA,2035,C19,23108.670583163,3036920.7421432715,0.0076092438839396
ITA,2035,C20,8152.47012313661,3036920.7421432715,0.0026844527122506
ITA,2035,C21,22984.161001069497,3036920.7421432715,0.0075682452564925
ITA,2035,C22,22839.298891134138,3036920.7421432715,0.0075205449303282
ITA,2035,C23,16562.852952038396,3036920.7421432715,0.0054538311527845
ITA,2035,C24,773.738117294317,3036920.7421432715,0.0002547771848495
ITA,2035,C25,44712.451313524805,3036920.7421432715,0.0147229562803702
ITA,2035,C26,16445.35558541995,3036920.7421432715,0.0054151415139711
ITA,2035,C27,30482.78478857076,3036920.7421432715,0.0100373988578503
ITA,2035,C28,139432.26074281087,3036920.7421432715,0.0459123805267332
ITA,2035,C29,62431.63570036149,3036920.7421432715,0.0205575452905304
ITA,2035,C30,37495.85541183681,3036920.7421432715,0.0123466690755237
ITA,2035,C31T33,67249.19876135791,3036920.7421432715,0.0221438767986739
ITA,2035,D,31733.524587813306,3036920.7421432715,0.0104492435865869
ITA,2035,E,23769.87119356521,3036920.7421432715,0.0078269646170581
ITA,2035,F,228718.80038646306,3036920.7421432715,0.0753127327995552
ITA,2035,G,314381.5638963324,3036920.7421432715,0.103519844799921
ITA,2035,H49,57563.61889387398,3036920.7421432715,0.0189546003275835
ITA,2035,H50,7466.812273394499,3036920.7421432715,0.0024586786773121
ITA,2035,H51,5446.952157292471,3036920.7421432715,0.0017935773172165
ITA,2035,H52,39195.54803112767,3036920.7421432715,0.0129063453936127
ITA,2035,H53,2614.3591646687073,3036920.7421432715,0.0008608585427961
ITA,2035,I,124909.62043471666,3036920.7421432715,0.0411303524327616
ITA,2035,J58T60,21111.044321005946,3036920.7421432715,0.0069514637073166
ITA,2035,J61,28757.608752065797,3036920.7421432715,0.0094693313371657
ITA,2035,J62_63,40489.21627144917,3036920.7421432715,0.0133323256381312
ITA,2035,K,54435.31564377864,3036920.7421432715,0.0179245098129764
ITA,2035,L,360518.3500995186,3036920.7421432715,0.1187118073569108
ITA,2035,M,74558.83479032444,3036920.7421432715,0.0245508003405138
ITA,2035,N,27264.6909744657,3036920.7421432715,0.0089777420253727
ITA,2035,O,256129.72170803015,3036920.7421432715,0.0843386256854598
ITA,2035,P,136888.53682182953,3036920.7421432715,0.0450747808206618
ITA,2035,Q,284506.105379758,3036920.7421432715,0.0936824268844669
ITA,2035,R,38511.258418551275,3036920.7421432715,0.0126810218930417
ITA,2035,S,55671.00483419687,3036920.7421432715,0.01833139866367
ITA,2035,T,34545.4229933034,3036920.7421432715,0.0113751480286981
ITA,2035,employees_compensation,0.0,3036920.7421432715,0.0
ITA,2036,A01_02,47486.26322402706,3128462.8524254817,0.0151787844267389
ITA,2036,A03,1856.9899429783309,3128462.8524254817,0.0005935790292471
ITA,2036,B05_06,-40134.76774388316,3128462.8524254817,-0.01282890979919
ITA,2036,B07_08,2216.2311662926354,3128462.8524254817,0.0007084089761764
ITA,2036,B09,114.34406764639142,3128462.8524254817,3.654960056749309e-05
ITA,2036,C10T12,177686.8050524026,3128462.8524254817,0.0567968403123735
ITA,2036,C13T15,96998.47780994306,3128462.8524254817,0.031005155690035
ITA,2036,C16,4514.38835948124,3128462.8524254817,0.0014430052624666
ITA,2036,C17_18,13217.575190908698,3128462.8524254817,0.0042249423484959
ITA,2036,C19,23805.236825950833,3128462.8524254817,0.0076092438839396
ITA,2036,C20,8398.210589368833,3128462.8524254817,0.0026844527122506
ITA,2036,C21,23676.974142982148,3128462.8524254817,0.0075682452564925
ITA,2036,C22,23527.74544452856,3128462.8524254817,0.0075205449303282
ITA,2036,C23,17062.108164887148,3128462.8524254817,0.0054538311527845
ITA,2036,C24,797.060958447201,3128462.8524254817,0.0002547771848495
ITA,2036,C25,46060.22180102261,3128462.8524254817,0.0147229562803702
ITA,2036,C26,16941.069067085667,3128462.8524254817,0.0054151415139711
ITA,2036,C27,31401.629461762623,3128462.8524254817,0.0100373988578503
ITA,2036,C28,143635.1769443079,3128462.8524254817,0.0459123805267332
ITA,2036,C29,64313.516778478755,3128462.8524254817,0.0205575452905304
ITA,2036,C30,38626.095553966356,3128462.8524254817,0.0123466690755237
ITA,2036,C31T33,69276.2959733378,3128462.8524254817,0.0221438767986739
ITA,2036,D,32690.07039658232,3128462.8524254817,0.0104492435865869
ITA,2036,E,24486.3680517149,3128462.8524254817,0.0078269646170581
ITA,2036,F,235613.08687805457,3128462.8524254817,0.0753127327995552
ITA,2036,G,323857.988945404,3128462.8524254817,0.103519844799921
ITA,2036,H49,59298.76300741685,3128462.8524254817,0.0189546003275835
ITA,2036,H50,7691.884908021522,3128462.8524254817,0.0024586786773121
ITA,2036,H51,5611.140009864775,3128462.8524254817,0.0017935773172165
ITA,2036,H52,40377.02212449006,3128462.8524254817,0.0129063453936127
ITA,2036,H53,2693.1639723307308,3128462.8524254817,0.0008608585427961
ITA,2036,I,128674.77969306271,3128462.8524254817,0.0411303524327616
ITA,2036,J58T60,21747.395978323904,3128462.8524254817,0.0069514637073166
ITA,2036,J61,29624.45132563141,3128462.8524254817,0.0094693313371657
ITA,2036,J62_63,41709.68549533331,3128462.8524254817,0.0133323256381312
ITA,2036,K,56076.16309783269,3128462.8524254817,0.0179245098129764
ITA,2036,L,371385.47946038545,3128462.8524254817,0.1187118073569108
ITA,2036,M,76806.26686261229,3128462.8524254817,0.0245508003405138
ITA,2036,N,28086.5324250376,3128462.8524254817,0.0089777420253727
ITA,2036,O,263850.25748157856,3128462.8524254817,0.0843386256854598
ITA,2036,P,141014.777378661,3128462.8524254817,0.0450747808206618
ITA,2036,Q,293081.99243312096,3128462.8524254817,0.0936824268844669
ITA,2036,R,39672.10592317522,3128462.8524254817,0.0126810218930417
ITA,2036,S,57349.09975229371,3128462.8524254817,0.01833139866367
ITA,2036,T,35586.72804862295,3128462.8524254817,0.0113751480286981
ITA,2036,employees_compensation,0.0,3128462.8524254817,0.0
ITA,2037,A01_02,48916.89319771662,3222714.798659685,0.0151787844267389
ITA,2037,A03,1912.9359217286792,3222714.798659685,0.0005935790292471
ITA,2037,B05_06,-41343.917460519864,3222714.798659685,-0.01282890979919
ITA,2037,B07_08,2283.0000910270405,3222714.798659685,0.0007084089761764
ITA,2037,B09,117.7889386339604,3222714.798659685,3.654960056749309e-05
ITA,2037,C10T12,183040.01779179706,3222714.798659685,0.0567968403123735
ITA,2037,C13T15,99920.77407702334,3222714.798659685,0.031005155690035
ITA,2037,C16,4650.394413894915,3222714.798659685,0.0014430052624666
ITA,2037,C17_18,13615.784229981742,3222714.798659685,0.0042249423484959
ITA,2037,C19,24522.42287138285,3222714.798659685,0.0076092438839396
ITA,2037,C20,8651.225482072137,3222714.798659685,0.0026844527122506
ITA,2037,C21,24390.295987984344,3222714.798659685,0.0075682452564925
ITA,2037,C22,24236.57144095376,3222714.798659685,0.0075205449303282
ITA,2037,C23,17576.142365469816,3222714.798659685,0.0054538311527845
ITA,2037,C24,821.0742039753377,3222714.798659685,0.0002547771848495
ITA,2037,C25,47447.8890847686,3222714.798659685,0.0147229562803702
ITA,2037,C26,17451.456693911077,3222714.798659685,0.0054151415139711
ITA,2037,C27,32347.673839243984,3222714.798659685,0.0100373988578503
ITA,2037,C28,147962.50816519783,3222714.798659685,0.0459123805267332
ITA,2037,C29,66251.10543190903,3222714.798659685,0.0205575452905304
ITA,2037,C30,39789.793143844116,3222714.798659685,0.0123466690755237
ITA,2037,C31T33,71363.39945878323,3222714.798659685,0.0221438767986739
ITA,2037,D,33674.931941293406,3222714.798659685,0.0104492435865869
ITA,2037,E,25224.07469997887,3222714.798659685,0.0078269646170581
ITA,2037,F,242711.45852062918,3222714.798659685,0.0753127327995552
ITA,2037,G,333614.9357916593,3222714.798659685,0.103519844799921
ITA,2037,H49,61085.270978383065,3222714.798659685,0.0189546003275835
ITA,2037,H50,7923.6201585227245,3222714.798659685,0.0024586786773121
ITA,2037,H51,5780.188162733951,3222714.798659685,0.0017935773172165
ITA,2037,H52,41593.4702966089,3222714.798659685,0.0129063453936127
ITA,2037,H53,2774.3015654216033,3222714.798659685,0.0008608585427961
ITA,2037,I,132551.39545914918,3222714.798659685,0.0411303524327616
ITA,2037,J58T60,22402.584961914923,3222714.798659685,0.0069514637073166
ITA,2037,J61,30516.954233695807,3222714.798659685,0.0094693313371657
ITA,2037,J62_63,42966.28313455535,3222714.798659685,0.0133323256381312
ITA,2037,K,57765.583032999784,3222714.798659685,0.0179245098129764
ITA,2037,L,382574.2983447541,3222714.798659685,0.1187118073569108
ITA,2037,M,79120.22757631306,3222714.798659685,0.0245508003405138
ITA,2037,N,28932.702083717577,3222714.798659685,0.0089777420253727
ITA,2037,O,271799.33709515113,3222714.798659685,0.0843386256854598
ITA,2037,P,145263.16319708852,3222714.798659685,0.0450747808206618
ITA,2037,Q,301911.74349492544,3222714.798659685,0.0936824268844669
ITA,2037,R,40867.31691683294,3222714.798659685,0.0126810218930417
ITA,2037,S,59076.869753539686,3222714.798659685,0.01833139866367
ITA,2037,T,36658.85788902991,3222714.798659685,0.0113751480286981
ITA,2037,employees_compensation,0.0,3222714.798659685,0.0
ITA,2038,A01_02,50388.65518715333,3319676.580845883,0.0151787844267389
ITA,2038,A03,1970.4904022728313,3319676.580845883,0.0005935790292471
ITA,2038,B05_06,-42587.83141815531,3319676.580845883,-0.01282890979919
ITA,2038,B07_08,2351.688687873804,3319676.580845883,0.0007084089761764
ITA,2038,B09,121.3328530431782,3319676.580845883,3.654960056749309e-05
ITA,2038,C10T12,188547.14065102968,3319676.580845883,0.0567968403123735
ITA,2038,C13T15,102927.08922968966,3319676.580845883,0.031005155690035
ITA,2038,C16,4790.310775847738,3319676.580845883,0.0014430052624666
ITA,2038,C17_18,14025.442169725846,3319676.580845883,0.0042249423484959
ITA,2038,C19,25260.22871945906,3319676.580845883,0.0076092438839396
ITA,2038,C20,8911.514801246529,3319676.580845883,0.0026844527122506
ITA,2038,C21,25124.1265360761,3319676.580845883,0.0075682452564925
ITA,2038,C22,24965.77688040976,3319676.580845883,0.0075205449303282
ITA,2038,C23,18104.955553786407,3319676.580845883,0.0054538311527845
ITA,2038,C24,845.7778538787277,3319676.580845883,0.0002547771848495
ITA,2038,C25,48875.45316476277,3319676.580845883,0.0147229562803702
ITA,2038,C26,17976.51846589618,3319676.580845883,0.0054151415139711
ITA,2038,C27,33320.91792101486,3319676.580845883,0.0100373988578503
ITA,2038,C28,152414.25440548078,3319676.580845883,0.0459123805267332
ITA,2038,C29,68244.40166065234,3319676.580845883,0.0205575452905304
ITA,2038,C30,40986.948181470114,3319676.580845883,0.0123466690755237
ITA,2038,C31T33,73510.50921769426,3319676.580845883,0.0221438767986739
ITA,2038,D,34688.10922194657,3319676.580845883,0.0104492435865869
ITA,2038,E,25982.991138357138,3319676.580845883,0.0078269646170581
ITA,2038,F,250013.91531418698,3319676.580845883,0.0753127327995552
ITA,2038,G,343652.40443509823,3319676.580845883,0.103519844799921
ITA,2038,H49,62923.14280677265,3319676.580845883,0.0189546003275835
ITA,2038,H50,8162.01802489811,3319676.580845883,0.0024586786773121
ITA,2038,H51,5954.096615900003,3319676.580845883,0.0017935773172165
ITA,2038,H52,42844.89254748422,3319676.580845883,0.0129063453936127
ITA,2038,H53,2857.7719439413268,3319676.580845883,0.0008608585427961
ITA,2038,I,136539.4677329762,3319676.580845883,0.0411303524327616
ITA,2038,J58T60,23076.611271779017,3319676.580845883,0.0069514637073166
ITA,2038,J61,31435.11747625901,3319676.580845883,0.0094693313371657
ITA,2038,J62_63,44259.009189115284,3319676.580845883,0.0133323256381312
ITA,2038,K,59503.575449279975,3319676.580845883,0.0179245098129764
ITA,2038,L,394084.8067526248,3319676.580845883,0.1187118073569108
ITA,2038,M,81500.7169314268,3319676.580845883,0.0245508003405138
ITA,2038,N,29803.19995050564,3319676.580845883,0.0089777420253727
ITA,2038,O,279976.960548748,3319676.580845883,0.0843386256854598
ITA,2038,P,149633.69427711214,3319676.580845883,0.0450747808206618
ITA,2038,Q,310995.35856517154,3319676.580845883,0.0936824268844669
ITA,2038,R,42096.89139952446,3319676.580845883,0.0126810218930417
ITA,2038,S,60854.31483793481,3319676.580845883,0.01833139866367
ITA,2038,T,37761.812514524296,3319676.580845883,0.0113751480286981
ITA,2038,employees_compensation,0.0,3319676.580845883,0.0
ITA,2039,A01_02,51901.54919233715,3419348.198984073,0.0151787844267389
ITA,2039,A03,2029.6533846107857,3419348.198984073,0.0005935790292471
ITA,2039,B05_06,-43866.50961678945,3419348.198984073,-0.01282890979919
ITA,2039,B07_08,2422.2969568329245,3419348.198984073,0.0007084089761764
ITA,2039,B09,124.97581087404474,3419348.198984073,3.654960056749309e-05
ITA,2039,C10T12,194208.17363010033,3419348.198984073,0.0567968403123735
ITA,2039,C13T15,106017.42326794197,3419348.198984073,0.031005155690035
ITA,2039,C16,4934.137445339708,3419348.198984073,0.0014430052624666
ITA,2039,C17_18,14446.549010140996,3419348.198984073,0.0042249423484959
ITA,2039,C19,26018.654370179444,3419348.198984073,0.0076092438839396
ITA,2039,C20,9179.078546891998,3419348.198984073,0.0026844527122506
ITA,2039,C21,25878.465787257384,3419348.198984073,0.0075682452564925
ITA,2039,C22,25715.361762896533,3419348.198984073,0.0075205449303282
ITA,2039,C23,18648.547729836908,3419348.198984073,0.0054538311527845
ITA,2039,C24,871.17190815737,3419348.198984073,0.0002547771848495
ITA,2039,C25,50342.91404100509,3419348.198984073,0.0147229562803702
ITA,2039,C26,18516.254383040967,3419348.198984073,0.0054151415139711
ITA,2039,C27,34321.361707075215,3419348.198984073,0.0100373988578503
ITA,2039,C28,156990.4156651566,3419348.198984073,0.0459123805267332
ITA,2039,C29,70293.40546470863,3419348.198984073,0.0205575452905304
ITA,2039,C30,42217.560666844314,3419348.198984073,0.0123466690755237
ITA,2039,C31T33,75717.6252500708,3419348.198984073,0.0221438767986739
ITA,2039,D,35729.60223854179,3419348.198984073,0.0104492435865869
ITA,2039,E,26763.117366849678,3419348.198984073,0.0078269646170581
ITA,2039,F,257520.45725872778,3419348.198984073,0.0753127327995552
ITA,2039,G,353970.39487572067,3419348.198984073,0.103519844799921
ITA,2039,H49,64812.378492585565,3419348.198984073,0.0189546003275835
ITA,2039,H50,8407.078507147671,3419348.198984073,0.0024586786773121
ITA,2039,H51,6132.865369362925,3419348.198984073,0.0017935773172165
ITA,2039,H52,44131.28887711597,3419348.198984073,0.0129063453936127
ITA,2039,H53,2943.575107889898,3419348.198984073,0.0008608585427961
ITA,2039,I,140638.99651454357,3419348.198984073,0.0411303524327616
ITA,2039,J58T60,23769.474907916163,3419348.198984073,0.0069514637073166
ITA,2039,J61,32378.941053320985,3419348.198984073,0.0094693313371657
ITA,2039,J62_63,45587.8636590131,3419348.198984073,0.0133323256381312
ITA,2039,K,61290.14034667319,3419348.198984073,0.0179245098129764
ITA,2039,L,405917.00468399713,3419348.198984073,0.1187118073569108
ITA,2039,M,83947.73492795342,3419348.198984073,0.0245508003405138
ITA,2039,N,30698.026025401767,3419348.198984073,0.0089777420253727
ITA,2039,O,288383.12784236885,3419348.198984073,0.0843386256854598
ITA,2039,P,154126.37061873174,3419348.198984073,0.0450747808206618
ITA,2039,Q,320332.837643859,3419348.198984073,0.0936824268844669
ITA,2039,R,43360.82937124974,3419348.198984073,0.0126810218930417
ITA,2039,S,62681.435005479056,3419348.198984073,0.01833139866367
ITA,2039,T,38895.59192510608,3419348.198984073,0.0113751480286981
ITA,2039,employees_compensation,0.0,3419348.198984073,0.0
ITA,2040,A01_02,53455.57521326814,3521729.653074258,0.0151787844267389
ITA,2040,A03,2090.4248687425443,3521729.653074258,0.0005935790292471
ITA,2040,B05_06,-45179.95205642235,3521729.653074258,-0.01282890979919
ITA,2040,B07_08,2494.8248979044038,3521729.653074258,0.0007084089761764
ITA,2040,B09,128.71781212656015,3521729.653074258,3.654960056749309e-05
ITA,2040,C10T12,200023.11672900917,3521729.653074258,0.0567968403123735
ITA,2040,C13T15,109191.77619178031,3521729.653074258,0.031005155690035
ITA,2040,C16,5081.874422370827,3521729.653074258,0.0014430052624666
ITA,2040,C17_18,14879.104751227207,3521729.653074258,0.0042249423484959
ITA,2040,C19,26797.69982354403,3521729.653074258,0.0076092438839396
ITA,2040,C20,9453.916719008557,3521729.653074258,0.0026844527122506
ITA,2040,C21,26653.313741528233,3521729.653074258,0.0075682452564925
ITA,2040,C22,26485.326088414102,3521729.653074258,0.0075205449303282
ITA,2040,C23,19206.918893621336,3521729.653074258,0.0054538311527845
ITA,2040,C24,897.2563668112657,3521729.653074258,0.0002547771848495
ITA,2040,C25,51850.27171349561,3521729.653074258,0.0147229562803702
ITA,2040,C26,19070.664445345454,3521729.653074258,0.0054151415139711
ITA,2040,C27,35349.0051974251,3521729.653074258,0.0100373988578503
ITA,2040,C28,161690.99194422545,3521729.653074258,0.0459123805267332
ITA,2040,C29,72398.11684407797,3521729.653074258,0.0205575452905304
ITA,2040,C30,43481.630599966746,3521729.653074258,0.0123466690755237
ITA,2040,C31T33,77984.74755591295,3521729.653074258,0.0221438767986739
ITA,2040,D,36799.410991079094,3521729.653074258,0.0104492435865869
ITA,2040,E,27564.453385456512,3521729.653074258,0.0078269646170581
ITA,2040,F,265231.0843542518,3521729.653074258,0.0753127327995552
ITA,2040,G,364568.90711352683,3521729.653074258,0.103519844799921
ITA,2040,H49,66752.97803582186,3521729.653074258,0.0189546003275835
ITA,2040,H50,8658.801605271417,3521729.653074258,0.0024586786773121
ITA,2040,H51,6316.494423122723,3521729.653074258,0.0017935773172165
ITA,2040,H52,45452.659285504196,3521729.653074258,0.0129063453936127
ITA,2040,H53,3031.7110572673205,3521729.653074258,0.0008608585427961
ITA,2040,I,144849.98180385146,3521729.653074258,0.0411303524327616
ITA,2040,J58T60,24481.175870326384,3521729.653074258,0.0069514637073166
ITA,2040,J61,33348.424964881764,3521729.653074258,0.0094693313371657
ITA,2040,J62_63,46952.84654424882,3521729.653074258,0.0133323256381312
ITA,2040,K,63125.27772517951,3521729.653074258,0.0179245098129764
ITA,2040,L,418070.8921388716,3521729.653074258,0.1187118073569108
ITA,2040,M,86461.28156589303,3521729.653074258,0.0245508003405138
ITA,2040,N,31617.180308405987,3521729.653074258,0.0089777420253727
ITA,2040,O,297017.83897601406,3521729.653074258,0.0843386256854598
ITA,2040,P,158741.19222194748,3521729.653074258,0.0450747808206618
ITA,2040,Q,329924.18073098816,3521729.653074258,0.0936824268844669
ITA,2040,R,44659.13083200882,3521729.653074258,0.0126810218930417
ITA,2040,S,64558.230256172465,3521729.653074258,0.01833139866367
ITA,2040,T,40060.19612077529,3521729.653074258,0.0113751480286981
ITA,2040,employees_compensation,0.0,3521729.653074258,0.0
JPN,2021,A01_02,30245.548471825507,4797380.235980111,0.0063045968808112
JPN,2021,A03,3704.033036740446,4797380.235980111,0.0007720949465211
JPN,2021,B05_06,-85277.01039459243,4797380.235980111,-0.0177757455527538
JPN,2021,B07_08,-32057.98218762283,4797380.235980111,-0.0066823934336473
JPN,2021,B09,-74.7785942814405,4797380.235980111,-1.5587381154531966e-05
JPN,2021,C10T12,198645.64663132842,4797380.235980111,0.0414071090595438
JPN,2021,C13T15,5901.327251106451,4797380.235980111,0.0012301145543659
JPN,2021,C16,-5438.298195315589,4797380.235980111,-0.001133597490257
JPN,2021,C17_18,2449.4476342826297,4797380.235980111,0.0005105802570978
JPN,2021,C19,33088.33151202881,4797380.235980111,0.0068971667627819
JPN,2021,C20,26864.459257588005,4797380.235980111,0.0055998186377027
JPN,2021,C21,16673.233609743827,4797380.235980111,0.0034754872012636
JPN,2021,C22,14628.986251674274,4797380.235980111,0.0030493697668485
JPN,2021,C23,2117.1315612961002,4797380.235980111,0.0004413099352471
JPN,2021,C24,14433.36544903381,4797380.235980111,0.0030085931777482
JPN,2021,C25,3227.2447196019616,4797380.235980111,0.0006727098042798
JPN,2021,C26,145208.06551947218,4797380.235980111,0.0302682002211163
JPN,2021,C27,61417.35446481727,4797380.235980111,0.0128022694561899
JPN,2021,C28,192644.31547346973,4797380.235980111,0.0401561489807806
JPN,2021,C29,223778.33335015108,4797380.235980111,0.0466459447328825
JPN,2021,C30,25510.468177132017,4797380.235980111,0.0053175831229313
JPN,2021,C31T33,95728.66496012117,4797380.235980111,0.0199543626419605
JPN,2021,D,82073.19630119872,4797380.235980111,0.0171079197945691
JPN,2021,E,55088.393359213114,4797380.235980111,0.0114830158647949
JPN,2021,F,552659.3768299605,4797380.235980111,0.115200244642908
JPN,2021,G,453099.6549276125,4797380.235980111,0.0944473092896385
JPN,2021,H49,84549.06570546095,4797380.235980111,0.0176240075930082
JPN,2021,H50,6501.151282035888,4797380.235980111,0.0013551461344001
JPN,2021,H51,11991.894198141123,4797380.235980111,0.0024996755746402
JPN,2021,H52,34432.15270366212,4797380.235980111,0.0071772823937162
JPN,2021,H53,1253.3889449491815,4797380.235980111,0.0002612652913248
JPN,2021,I,145079.7454516851,4797380.235980111,0.0302414522750551
JPN,2021,J58T60,44948.515679442455,4797380.235980111,0.0093693877634153
JPN,2021,J61,94425.0247998146,4797380.235980111,0.0196826226304998
JPN,2021,J62_63,71625.82904174247,4797380.235980111,0.014930196381882
JPN,2021,K,153713.18342345834,4797380.235980111,0.032041067387283
JPN,2021,L,597123.9254472136,4797380.235980111,0.1244687508754912
JPN,2021,M,100359.05522282037,4797380.235980111,0.020919554066224
JPN,2021,N,54877.41801854734,4797380.235980111,0.0114390386667643
JPN,2021,O,374734.4798548497,4797380.235980111,0.0781123157685855
JPN,2021,P,206991.43627709942,4797380.235980111,0.043146764712264
JPN,2021,Q,580333.439001636,4797380.235980111,0.1209688226605772
JPN,2021,R,49407.812518425584,4797380.235980111,0.0102989152595972
JPN,2021,S,68694.20903153274,4797380.235980111,0.0143191086910997
JPN,2021,T,0.0,4797380.235980111,0.0
JPN,2021,employees_compensation,0.0,4797380.235980111,0.0
JPN,2022,A01_02,25583.767210584592,4057954.488486309,0.0063045968808112
JPN,2022,A03,3133.126153772894,4057954.488486309,0.0007720949465211
JPN,2022,B05_06,-72133.16645198782,4057954.488486309,-0.0177757455527538
JPN,2022,B07_08,-27116.848427900502,4057954.488486309,-0.0066823934336473
JPN,2022,B09,-63.2528833197799,4057954.488486309,-1.5587381154531966e-05
JPN,2022,C10T12,168028.16406341788,4057954.488486309,0.0414071090595438
JPN,2022,C13T15,4991.74887724144,4057954.488486309,0.0012301145543659
JPN,2022,C16,-4600.087023725208,4057954.488486309,-0.001133597490257
JPN,2022,C17_18,2071.9114460225114,4057954.488486309,0.0005105802570978
JPN,2022,C19,27988.388822869398,4057954.488486309,0.0068971667627819
JPN,2022,C20,22723.80917557496,4057954.488486309,0.0055998186377027
JPN,2022,C21,14103.368888044346,4057954.488486309,0.0034754872012636
JPN,2022,C22,12374.203732437321,4057954.488486309,0.0030493697668485
JPN,2022,C23,1790.8156325495718,4057954.488486309,0.0004413099352471
JPN,2022,C24,12208.734189672596,4057954.488486309,0.0030085931777482
JPN,2022,C25,2729.825769725961,4057954.488486309,0.0006727098042798
JPN,2022,C26,122826.97894568118,4057954.488486309,0.0302682002211163
JPN,2022,C27,51951.02680255698,4057954.488486309,0.0128022694561899
JPN,2022,C28,162951.82499688354,4057954.488486309,0.0401561489807806
JPN,2022,C29,189287.12079848486,4057954.488486309,0.0466459447328825
JPN,2022,C30,21578.510301598115,4057954.488486309,0.0053175831229313
JPN,2022,C31T33,80973.89544782713,4057954.488486309,0.0199543626419605
JPN,2022,D,69423.15991903546,4057954.488486309,0.0171079197945691
JPN,2022,E,46597.55576990396,4057954.488486309,0.0114830158647949
JPN,2022,F,467477.3498234094,4057954.488486309,0.115200244642908
JPN,2022,G,383262.88265734323,4057954.488486309,0.0944473092896385
JPN,2022,H49,71517.42071716441,4057954.488486309,0.0176240075930082
JPN,2022,H50,5499.121338643757,4057954.488486309,0.0013551461344001
JPN,2022,H51,10143.569717870792,4057954.488486309,0.0024996755746402
JPN,2022,H52,29125.085304714416,4057954.488486309,0.0071772823937162
JPN,2022,H53,1060.2026616171554,4057954.488486309,0.0002612652913248
JPN,2022,I,122718.43699790434,4057954.488486309,0.0302414522750551
JPN,2022,J58T60,38020.54912891982,4057954.488486309,0.0093693877634153
JPN,2022,J61,79871.18684861886,4057954.488486309,0.0196826226304998
JPN,2022,J62_63,60586.057421840116,4057954.488486309,0.014930196381882
JPN,2022,K,130021.19322011733,4057954.488486309,0.032041067387283
JPN,2022,L,505088.5262914837,4057954.488486309,0.1244687508754912
JPN,2022,M,84890.59832016569,4057954.488486309,0.020919554066224
JPN,2022,N,46419.098301764636,4057954.488486309,0.0114390386667643
JPN,2022,O,316976.22237919143,4057954.488486309,0.0781123157685855
JPN,2022,P,175087.6075277944,4057954.488486309,0.043146764712264
JPN,2022,Q,490885.9768823936,4057954.488486309,0.1209688226605772
JPN,2022,R,41792.5294042226,4057954.488486309,0.0102989152595972
JPN,2022,S,58106.291384171345,4057954.488486309,0.0143191086910997
JPN,2022,T,0.0,4057954.488486309,0.0
JPN,2022,employees_compensation,0.0,4057954.488486309,0.0
JPN,2023,A01_02,25287.923053499315,4011029.3380479496,0.0063045968808112
JPN,2023,A03,3096.895482254695,4011029.3380479496,0.0007720949465211
JPN,2023,B05_06,-71299.03691777086,4011029.3380479496,-0.0177757455527538
JPN,2023,B07_08,-26803.276110738298,4011029.3380479496,-0.0066823934336473
JPN,2023,B09,-62.52144311416344,4011029.3380479496,-1.5587381154531966e-05
JPN,2023,C10T12,166085.12924158122,4011029.3380479496,0.0414071090595438
JPN,2023,C13T15,4934.025566721404,4011029.3380479496,0.0012301145543659
JPN,2023,C16,-4546.892790958352,4011029.3380479496,-0.001133597490257
JPN,2023,C17_18,2047.9523906473407,4011029.3380479496,0.0005105802570978
JPN,2023,C19,27664.738234927405,4011029.3380479496,0.0068971667627819
JPN,2023,C20,22461.03684357323,4011029.3380479496,0.0055998186377027
JPN,2023,C21,13940.281128278459,4011029.3380479496,0.0034754872012636
JPN,2023,C22,12231.11159738577,4011029.3380479496,0.0030493697668485
JPN,2023,C23,1770.107097448159,4011029.3380479496,0.0004413099352471
JPN,2023,C24,12067.555502198938,4011029.3380479496,0.0030085931777482
JPN,2023,C25,2698.258760958772,4011029.3380479496,0.0006727098042798
JPN,2023,C26,121406.63909680692,4011029.3380479496,0.0302682002211163
JPN,2023,C27,51350.27838237286,4011029.3380479496,0.0128022694561899
JPN,2023,C28,161067.49166493525,4011029.3380479496,0.0401561489807806
JPN,2023,C29,187098.25282455492,4011029.3380479496,0.0466459447328825
JPN,2023,C30,21328.98191358608,4011029.3380479496,0.0053175831229313
JPN,2023,C31T33,80037.53397895156,4011029.3380479496,0.0199543626419605
JPN,2023,D,68620.36820898791,4011029.3380479496,0.0171079197945691
JPN,2023,E,46058.71352296239,4011029.3380479496,0.0114830158647949
JPN,2023,F,462071.5610130051,4011029.3380479496,0.115200244642908
JPN,2023,G,378830.92846042867,4011029.3380479496,0.0944473092896385
JPN,2023,H49,70690.41150953571,4011029.3380479496,0.0176240075930082
JPN,2023,H50,5435.530902421071,4011029.3380479496,0.0013551461344001
JPN,2023,H51,10026.272065483709,4011029.3380479496,0.0024996755746402
JPN,2023,H52,28788.290248650694,4011029.3380479496,0.0071772823937162
JPN,2023,H53,1047.9427485174172,4011029.3380479496,0.0002612652913248
JPN,2023,I,121299.3523004229,4011029.3380479496,0.0302414522750551
JPN,2023,J58T60,37580.88919860623,4011029.3380479496,0.0093693877634153
JPN,2023,J61,78947.5768206612,4011029.3380479496,0.0196826226304998
JPN,2023,J62_63,59885.45571054605,4011029.3380479496,0.014930196381882
JPN,2023,K,128517.66131276346,4011029.3380479496,0.032041067387283
JPN,2023,L,499247.8114317766,4011029.3380479496,0.1244687508754912
JPN,2023,M,83908.94509850473,4011029.3380479496,0.020919554066224
JPN,2023,N,45882.31969145651,4011029.3380479496,0.0114390386667643
JPN,2023,O,313310.79021066194,4011029.3380479496,0.0781123157685855
JPN,2023,P,173062.9391027429,4011029.3380479496,0.043146764712264
JPN,2023,Q,485209.49668069475,4011029.3380479496,0.1209688226605772
JPN,2023,R,41309.251256314084,4011029.3380479496,0.0102989152595972
JPN,2023,S,57434.365054698275,4011029.3380479496,0.0143191086910997
JPN,2023,T,0.0,4011029.3380479496,0.0
JPN,2023,employees_compensation,0.0,4011029.3380479496,0.0
JPN,2024,A01_02,24165.767979272016,3833039.3578094486,0.0063045968808112
JPN,2024,A03,2959.4703179811577,3833039.3578094486,0.0007720949465211
JPN,2024,B05_06,-68135.13231811159,3833039.3578094486,-0.0177757455527538
JPN,2024,B07_08,-25613.877035537524,3833039.3578094486,-0.0066823934336473
JPN,2024,B09,-59.74704545049831,3833039.3578094486,-1.5587381154531966e-05
JPN,2024,C10T12,158715.07871833956,3833039.3578094486,0.0414071090595438
JPN,2024,C13T15,4715.077501498726,3833039.3578094486,0.0012301145543659
JPN,2024,C16,-4345.123796069094,3833039.3578094486,-0.001133597490257
JPN,2024,C17_18,1957.0742207763346,3833039.3578094486,0.0005105802570978
JPN,2024,C19,26437.111659118207,3833039.3578094486,0.0068971667627819
JPN,2024,C20,21464.325234909338,3833039.3578094486,0.0055998186377027
JPN,2024,C21,13321.679230006388,3833039.3578094486,0.0034754872012636
JPN,2024,C22,11688.354332844523,3833039.3578094486,0.0030493697668485
JPN,2024,C23,1691.5583507944737,3833039.3578094486,0.0004413099352471
JPN,2024,C24,11532.056061945848,3833039.3578094486,0.0030085931777482
JPN,2024,C25,2578.5231561887645,3833039.3578094486,0.0006727098042798
JPN,2024,C26,116019.20273759543,3833039.3578094486,0.0302682002211163
JPN,2024,C27,49071.602694857655,3833039.3578094486,0.0128022694561899
JPN,2024,C28,153920.09950139181,3833039.3578094486,0.0401561489807806
JPN,2024,C29,178795.74204334297,3833039.3578094486,0.0466459447328825
JPN,2024,C30,20382.505398618952,3833039.3578094486,0.0053175831229313
JPN,2024,C31T33,76485.85736663712,3833039.3578094486,0.0199543626419605
JPN,2024,D,65575.3299028307,3833039.3578094486,0.0171079197945691
JPN,2024,E,44014.85175610915,3833039.3578094486,0.0114830158647949
JPN,2024,F,441567.07174554345,3833039.3578094486,0.115200244642908
JPN,2024,G,362020.2537463863,3833039.3578094486,0.0944473092896385
JPN,2024,H49,67553.51474633299,3833039.3578094486,0.0176240075930082
JPN,2024,H50,5194.328468738916,3833039.3578094486,0.0013551461344001
JPN,2024,H51,9581.354859350837,3833039.3578094486,0.0024996755746402
JPN,2024,H52,27510.80589722701,3833039.3578094486,0.0071772823937162
JPN,2024,H53,1001.4401444775099,3833039.3578094486,0.0002612652913248
JPN,2024,I,115916.67680760229,3833039.3578094486,0.0302414522750551
JPN,2024,J58T60,35913.23205574909,3833039.3578094486,0.0093693877634153
JPN,2024,J61,75444.26720761666,3833039.3578094486,0.0196826226304998
JPN,2024,J62_63,57228.03035157793,3833039.3578094486,0.014930196381882
JPN,2024,K,122814.67236168048,3833039.3578094486,0.032041067387283
JPN,2024,L,477093.620923137,3833039.3578094486,0.1244687508754912
JPN,2024,M,80185.47408365927,3833039.3578094486,0.020919554066224
JPN,2024,N,43846.28542521169,3833039.3578094486,0.0114390386667643
JPN,2024,O,299407.5806706278,3833039.3578094486,0.0781123157685855
JPN,2024,P,165383.2473042518,3833039.3578094486,0.043146764712264
JPN,2024,Q,463678.25832586386,3833039.3578094486,0.1209688226605772
JPN,2024,R,39476.147532780386,3833039.3578094486,0.0102989152595972
JPN,2024,S,54885.70718173649,3833039.3578094486,0.0143191086910997
JPN,2024,T,0.0,3833039.3578094486,0.0
JPN,2024,employees_compensation,0.0,3833039.3578094486,0.0
JPN,2025,A01_02,23496.172236435057,3726831.815044113,0.0063045968808112
JPN,2025,A03,2877.4680109296182,3726831.815044113,0.0007720949465211
JPN,2025,B05_06,-66247.21406213177,3726831.815044113,-0.0177757455527538
JPN,2025,B07_08,-24904.156449158632,3726831.815044113,-0.0066823934336473
JPN,2025,B09,-58.09154799992877,3726831.815044113,-1.5587381154531966e-05
JPN,2025,C10T12,154317.33141210914,3726831.815044113,0.0414071090595438
JPN,2025,C13T15,4584.430057359647,3726831.815044113,0.0012301145543659
JPN,2025,C16,-4224.727192143947,3726831.815044113,-0.001133597490257
JPN,2025,C17_18,1902.846746285484,3726831.815044113,0.0005105802570978
JPN,2025,C19,25704.580525200396,3726831.815044113,0.0068971667627819
JPN,2025,C20,20869.582257467406,3726831.815044113,0.0055998186377027
JPN,2025,C21,12952.556274447807,3726831.815044113,0.0034754872012636
JPN,2025,C22,11364.48826292464,3726831.815044113,0.0030493697668485
JPN,2025,C23,1644.6879069739496,3726831.815044113,0.0004413099352471
JPN,2025,C24,11212.520773356659,3726831.815044113,0.0030085931777482
JPN,2025,C25,2507.0763008820572,3726831.815044113,0.0006727098042798
JPN,2025,C26,112804.49156818149,3726831.815044113,0.0302682002211163
JPN,2025,C27,47711.905114096015,3726831.815044113,0.0128022694561899
JPN,2025,C28,149655.21359122437,3726831.815044113,0.0401561489807806
JPN,2025,C29,173841.59087329588,3726831.815044113,0.0466459447328825
JPN,2025,C30,19817.737961682,3726831.815044113,0.0053175831229313
JPN,2025,C31T33,74366.55354298609,3726831.815044113,0.0199543626419605
JPN,2025,D,63758.33977962307,3726831.815044113,0.0171079197945691
JPN,2025,E,42795.26885757392,3726831.815044113,0.0114830158647949
JPN,2025,F,429331.93683605467,3726831.815044113,0.115200244642908
JPN,2025,G,351989.23710593616,3726831.815044113,0.0944473092896385
JPN,2025,H49,65681.71220620198,3726831.815044113,0.0176240075930082
JPN,2025,H50,5050.401727716338,3726831.815044113,0.0013551461344001
JPN,2025,H51,9315.870458857771,3726831.815044113,0.0024996755746402
JPN,2025,H52,26748.524370457504,3726831.815044113,0.0071772823937162
JPN,2025,H53,973.6917998760333,3726831.815044113,0.0002612652913248
JPN,2025,I,112704.80647181351,3726831.815044113,0.0302414522750551
JPN,2025,J58T60,34918.132404181146,3726831.815044113,0.0093693877634153
JPN,2025,J61,73353.8242228539,3726831.815044113,0.0196826226304998
JPN,2025,J62_63,55642.330880854344,3726831.815044113,0.014930196381882
JPN,2025,K,119411.66932689863,3726831.815044113,0.032041067387283
JPN,2025,L,463874.10074158036,3726831.815044113,0.1244687508754912
JPN,2025,M,77963.65965053903,3726831.815044113,0.020919554066224
JPN,2025,N,42631.37323681699,3726831.815044113,0.0114390386667643
JPN,2025,O,291111.4635531364,3726831.815044113,0.0781123157685855
JPN,2025,P,160800.73544588813,3726831.815044113,0.043146764712264
JPN,2025,Q,450830.4569198683,3726831.815044113,0.1209688226605772
JPN,2025,R,38382.32504991015,3726831.815044113,0.0102989152595972
JPN,2025,S,53364.90983306503,3726831.815044113,0.0143191086910997
JPN,2025,T,0.0,3726831.815044113,0.0
JPN,2025,employees_compensation,0.0,3726831.815044113,0.0
JPN,2026,A01_02,22826.5764935981,3620624.272278777,0.0063045968808112
JPN,2026,A03,2795.465703878079,3620624.272278777,0.0007720949465211
JPN,2026,B05_06,-64359.29580615193,3620624.272278777,-0.0177757455527538
JPN,2026,B07_08,-24194.435862779734,3620624.272278777,-0.0066823934336473
JPN,2026,B09,-56.43605054935922,3620624.272278777,-1.5587381154531966e-05
JPN,2026,C10T12,149919.58410587872,3620624.272278777,0.0414071090595438
JPN,2026,C13T15,4453.782613220568,3620624.272278777,0.0012301145543659
JPN,2026,C16,-4104.330588218799,3620624.272278777,-0.001133597490257
JPN,2026,C17_18,1848.619271794633,3620624.272278777,0.0005105802570978
JPN,2026,C19,24972.049391282584,3620624.272278777,0.0068971667627819
JPN,2026,C20,20274.83928002547,3620624.272278777,0.0055998186377027
JPN,2026,C21,12583.433318889225,3620624.272278777,0.0034754872012636
JPN,2026,C22,11040.622193004754,3620624.272278777,0.0030493697668485
JPN,2026,C23,1597.8174631534257,3620624.272278777,0.0004413099352471
JPN,2026,C24,10892.985484767469,3620624.272278777,0.0030085931777482
JPN,2026,C25,2435.6294455753496,3620624.272278777,0.0006727098042798
JPN,2026,C26,109589.78039876751,3620624.272278777,0.0302682002211163
JPN,2026,C27,46352.20753333437,3620624.272278777,0.0128022694561899
JPN,2026,C28,145390.3276810569,3620624.272278777,0.0401561489807806
JPN,2026,C29,168887.43970324873,3620624.272278777,0.0466459447328825
JPN,2026,C30,19252.970524745044,3620624.272278777,0.0053175831229313
JPN,2026,C31T33,72247.24971933504,3620624.272278777,0.0199543626419605
JPN,2026,D,61941.349656415434,3620624.272278777,0.0171079197945691
JPN,2026,E,41575.68595903868,3620624.272278777,0.0114830158647949
JPN,2026,F,417096.8019265658,3620624.272278777,0.115200244642908
JPN,2026,G,341958.22046548594,3620624.272278777,0.0944473092896385
JPN,2026,H49,63809.90966607095,3620624.272278777,0.0176240075930082
JPN,2026,H50,4906.47498669376,3620624.272278777,0.0013551461344001
JPN,2026,H51,9050.386058364707,3620624.272278777,0.0024996755746402
JPN,2026,H52,25986.242843687996,3620624.272278777,0.0071772823937162
JPN,2026,H53,945.9434552745566,3620624.272278777,0.0002612652913248
JPN,2026,I,109492.93613602473,3620624.272278777,0.0302414522750551
JPN,2026,J58T60,33923.032752613195,3620624.272278777,0.0093693877634153
JPN,2026,J61,71263.38123809111,3620624.272278777,0.0196826226304998
JPN,2026,J62_63,54056.63141013074,3620624.272278777,0.014930196381882
JPN,2026,K,116008.66629211674,3620624.272278777,0.032041067387283
JPN,2026,L,450654.58056002366,3620624.272278777,0.1244687508754912
JPN,2026,M,75741.8452174188,3620624.272278777,0.020919554066224
JPN,2026,N,41416.46104842229,3620624.272278777,0.0114390386667643
JPN,2026,O,282815.3464356449,3620624.272278777,0.0781123157685855
JPN,2026,P,156218.22358752447,3620624.272278777,0.043146764712264
JPN,2026,Q,437982.65551387274,3620624.272278777,0.1209688226605772
JPN,2026,R,37288.502567039905,3620624.272278777,0.0102989152595972
JPN,2026,S,51844.11248439356,3620624.272278777,0.0143191086910997
JPN,2026,T,0.0,3620624.272278777,0.0
JPN,2026,employees_compensation,0.0,3620624.272278777,0.0
JPN,2027,A01_02,22156.980750761144,3514416.7295134417,0.0063045968808112
JPN,2027,A03,2713.46339682654,3514416.7295134417,0.0007720949465211
JPN,2027,B05_06,-62471.37755017212,3514416.7295134417,-0.0177757455527538
JPN,2027,B07_08,-23484.715276400842,3514416.7295134417,-0.0066823934336473
JPN,2027,B09,-54.78055309878969,3514416.7295134417,-1.5587381154531966e-05
JPN,2027,C10T12,145521.83679964833,3514416.7295134417,0.0414071090595438
JPN,2027,C13T15,4323.135169081491,3514416.7295134417,0.0012301145543659
JPN,2027,C16,-3983.9339842936515,3514416.7295134417,-0.001133597490257
JPN,2027,C17_18,1794.3917973037826,3514416.7295134417,0.0005105802570978
JPN,2027,C19,24239.518257364776,3514416.7295134417,0.0068971667627819
JPN,2027,C20,19680.09630258354,3514416.7295134417,0.0055998186377027
JPN,2027,C21,12214.310363330645,3514416.7295134417,0.0034754872012636
JPN,2027,C22,10716.756123084871,3514416.7295134417,0.0030493697668485
JPN,2027,C23,1550.9470193329018,3514416.7295134417,0.0004413099352471
JPN,2027,C24,10573.45019617828,3514416.7295134417,0.0030085931777482
JPN,2027,C25,2364.1825902686423,3514416.7295134417,0.0006727098042798
JPN,2027,C26,106375.06922935358,3514416.7295134417,0.0302682002211163
JPN,2027,C27,44992.509952572735,3514416.7295134417,0.0128022694561899
JPN,2027,C28,141125.44177088948,3514416.7295134417,0.0401561489807806
JPN,2027,C29,163933.28853320167,3514416.7295134417,0.0466459447328825
JPN,2027,C30,18688.203087808095,3514416.7295134417,0.0053175831229313
JPN,2027,C31T33,70127.94589568401,3514416.7295134417,0.0199543626419605
JPN,2027,D,60124.35953320781,3514416.7295134417,0.0171079197945691
JPN,2027,E,40356.103060503454,3514416.7295134417,0.0114830158647949
JPN,2027,F,404861.6670170771,3514416.7295134417,0.115200244642908
JPN,2027,G,331927.20382503583,3514416.7295134417,0.0944473092896385
JPN,2027,H49,61938.10712593994,3514416.7295134417,0.0176240075930082
JPN,2027,H50,4762.5482456711825,3514416.7295134417,0.0013551461344001
JPN,2027,H51,8784.901657871644,3514416.7295134417,0.0024996755746402
JPN,2027,H52,25223.961316918496,3514416.7295134417,0.0071772823937162
JPN,2027,H53,918.1951106730802,3514416.7295134417,0.0002612652913248
JPN,2027,I,106281.06580023597,3514416.7295134417,0.0302414522750551
JPN,2027,J58T60,32927.93310104526,3514416.7295134417,0.0093693877634153
JPN,2027,J61,69172.93825332835,3514416.7295134417,0.0196826226304998
JPN,2027,J62_63,52470.93193940716,3514416.7295134417,0.014930196381882
JPN,2027,K,112605.6632573349,3514416.7295134417,0.032041067387283
JPN,2027,L,437435.0603784671,3514416.7295134417,0.1244687508754912
JPN,2027,M,73520.03078429856,3514416.7295134417,0.020919554066224
JPN,2027,N,40201.54886002759,3514416.7295134417,0.0114390386667643
JPN,2027,O,274519.2293181535,3514416.7295134417,0.0781123157685855
JPN,2027,P,151635.71172916083,3514416.7295134417,0.043146764712264
JPN,2027,Q,425134.85410787724,3514416.7295134417,0.1209688226605772
JPN,2027,R,36194.68008416967,3514416.7295134417,0.0102989152595972
JPN,2027,S,50323.31513572211,3514416.7295134417,0.0143191086910997
JPN,2027,T,0.0,3514416.7295134417,0.0
JPN,2027,employees_compensation,0.0,3514416.7295134417,0.0
JPN,2028,A01_02,21487.385007924186,3408209.186748106,0.0063045968808112
JPN,2028,A03,2631.4610897750003,3408209.186748106,0.0007720949465211
JPN,2028,B05_06,-60583.45929419229,3408209.186748106,-0.0177757455527538
JPN,2028,B07_08,-22774.99469002195,3408209.186748106,-0.0066823934336473
JPN,2028,B09,-53.12505564822015,3408209.186748106,-1.5587381154531966e-05
JPN,2028,C10T12,141124.0894934179,3408209.186748106,0.0414071090595438
JPN,2028,C13T15,4192.487724942413,3408209.186748106,0.0012301145543659
JPN,2028,C16,-3863.537380368504,3408209.186748106,-0.001133597490257
JPN,2028,C17_18,1740.164322812932,3408209.186748106,0.0005105802570978
JPN,2028,C19,23506.987123446965,3408209.186748106,0.0068971667627819
JPN,2028,C20,19085.353325141605,3408209.186748106,0.0055998186377027
JPN,2028,C21,11845.187407772066,3408209.186748106,0.0034754872012636
JPN,2028,C22,10392.890053164989,3408209.186748106,0.0030493697668485
JPN,2028,C23,1504.076575512378,3408209.186748106,0.0004413099352471
JPN,2028,C24,10253.914907589093,3408209.186748106,0.0030085931777482
JPN,2028,C25,2292.735734961935,3408209.186748106,0.0006727098042798
JPN,2028,C26,103160.35805993964,3408209.186748106,0.0302682002211163
JPN,2028,C27,43632.812371811095,3408209.186748106,0.0128022694561899
JPN,2028,C28,136860.55586072203,3408209.186748106,0.0401561489807806
JPN,2028,C29,158979.13736315456,3408209.186748106,0.0466459447328825
JPN,2028,C30,18123.435650871143,3408209.186748106,0.0053175831229313
JPN,2028,C31T33,68008.64207203298,3408209.186748106,0.0199543626419605
JPN,2028,D,58307.36941000018,3408209.186748106,0.0171079197945691
JPN,2028,E,39136.52016196823,3408209.186748106,0.0114830158647949
JPN,2028,F,392626.5321075883,3408209.186748106,0.115200244642908
JPN,2028,G,321896.18718458567,3408209.186748106,0.0944473092896385
JPN,2028,H49,60066.30458580892,3408209.186748106,0.0176240075930082
JPN,2028,H50,4618.621504648604,3408209.186748106,0.0013551461344001
JPN,2028,H51,8519.41725737858,3408209.186748106,0.0024996755746402
JPN,2028,H52,24461.67979014899,3408209.186748106,0.0071772823937162
JPN,2028,H53,890.4467660716036,3408209.186748106,0.0002612652913248
JPN,2028,I,103069.1954644472,3408209.186748106,0.0302414522750551
JPN,2028,J58T60,31932.833449477315,3408209.186748106,0.0093693877634153
JPN,2028,J61,67082.49526856559,3408209.186748106,0.0196826226304998
JPN,2028,J62_63,50885.232468683564,3408209.186748106,0.014930196381882
JPN,2028,K,109202.66022255305,3408209.186748106,0.032041067387283
JPN,2028,L,424215.54019691044,3408209.186748106,0.1244687508754912
JPN,2028,M,71298.21635117833,3408209.186748106,0.020919554066224
JPN,2028,N,38986.63667163289,3408209.186748106,0.0114390386667643
JPN,2028,O,266223.112200662,3408209.186748106,0.0781123157685855
JPN,2028,P,147053.19987079717,3408209.186748106,0.043146764712264
JPN,2028,Q,412287.0527018817,3408209.186748106,0.1209688226605772
JPN,2028,R,35100.85760129943,3408209.186748106,0.0102989152595972
JPN,2028,S,48802.517787050645,3408209.186748106,0.0143191086910997
JPN,2028,T,0.0,3408209.186748106,0.0
JPN,2028,employees_compensation,0.0,3408209.186748106,0.0
JPN,2029,A01_02,20817.789265087227,3302001.6439827704,0.0063045968808112
JPN,2029,A03,2549.4587827234614,3302001.6439827704,0.0007720949465211
JPN,2029,B05_06,-58695.54103821247,3302001.6439827704,-0.0177757455527538
JPN,2029,B07_08,-22065.274103643056,3302001.6439827704,-0.0066823934336473
JPN,2029,B09,-51.469558197650606,3302001.6439827704,-1.5587381154531966e-05
JPN,2029,C10T12,136726.3421871875,3302001.6439827704,0.0414071090595438
JPN,2029,C13T15,4061.8402808033347,3302001.6439827704,0.0012301145543659
JPN,2029,C16,-3743.1407764433566,3302001.6439827704,-0.001133597490257
JPN,2029,C17_18,1685.9368483220812,3302001.6439827704,0.0005105802570978
JPN,2029,C19,22774.455989529157,3302001.6439827704,0.0068971667627819
JPN,2029,C20,18490.610347699672,3302001.6439827704,0.0055998186377027
JPN,2029,C21,11476.064452213486,3302001.6439827704,0.0034754872012636
JPN,2029,C22,10069.023983245104,3302001.6439827704,0.0030493697668485
JPN,2029,C23,1457.2061316918541,3302001.6439827704,0.0004413099352471
JPN,2029,C24,9934.379618999903,3302001.6439827704,0.0030085931777482
JPN,2029,C25,2221.2888796552274,3302001.6439827704,0.0006727098042798
JPN,2029,C26,99945.64689052568,3302001.6439827704,0.0302682002211163
JPN,2029,C27,42273.114791049455,3302001.6439827704,0.0128022694561899
JPN,2029,C28,132595.66995055458,3302001.6439827704,0.0401561489807806
JPN,2029,C29,154024.98619310747,3302001.6439827704,0.0466459447328825
JPN,2029,C30,17558.668213934186,3302001.6439827704,0.0053175831229313
JPN,2029,C31T33,65889.33824838194,3302001.6439827704,0.0199543626419605
JPN,2029,D,56490.37928679255,3302001.6439827704,0.0171079197945691
JPN,2029,E,37916.93726343299,3302001.6439827704,0.0114830158647949
JPN,2029,F,380391.3971980995,3302001.6439827704,0.115200244642908
JPN,2029,G,311865.1705441355,3302001.6439827704,0.0944473092896385
JPN,2029,H49,58194.5020456779,3302001.6439827704,0.0176240075930082
JPN,2029,H50,4474.6947636260265,3302001.6439827704,0.0013551461344001
JPN,2029,H51,8253.932856885516,3302001.6439827704,0.0024996755746402
JPN,2029,H52,23699.398263379488,3302001.6439827704,0.0071772823937162
JPN,2029,H53,862.6984214701271,3302001.6439827704,0.0002612652913248
JPN,2029,I,99857.32512865843,3302001.6439827704,0.0302414522750551
JPN,2029,J58T60,30937.73379790937,3302001.6439827704,0.0093693877634153
JPN,2029,J61,64992.05228380281,3302001.6439827704,0.0196826226304998
JPN,2029,J62_63,49299.53299795997,3302001.6439827704,0.014930196381882
JPN,2029,K,105799.65718777118,3302001.6439827704,0.032041067387283
JPN,2029,L,410996.0200153538,3302001.6439827704,0.1244687508754912
JPN,2029,M,69076.4019180581,3302001.6439827704,0.020919554066224
JPN,2029,N,37771.7244832382,3302001.6439827704,0.0114390386667643
JPN,2029,O,257926.9950831706,3302001.6439827704,0.0781123157685855
JPN,2029,P,142470.68801243353,3302001.6439827704,0.043146764712264
JPN,2029,Q,399439.2512958861,3302001.6439827704,0.1209688226605772
JPN,2029,R,34007.035118429194,3302001.6439827704,0.0102989152595972
JPN,2029,S,47281.72043837918,3302001.6439827704,0.0143191086910997
JPN,2029,T,0.0,3302001.6439827704,0.0
JPN,2029,employees_compensation,0.0,3302001.6439827704,0.0
JPN,2030,A01_02,20148.193522250273,3195794.1012174347,0.0063045968808112
JPN,2030,A03,2467.456475671922,3195794.1012174347,0.0007720949465211
JPN,2030,B05_06,-56807.62278223264,3195794.1012174347,-0.0177757455527538
JPN,2030,B07_08,-21355.55351726416,3195794.1012174347,-0.0066823934336473
JPN,2030,B09,-49.814060747081065,3195794.1012174347,-1.5587381154531966e-05
JPN,2030,C10T12,132328.59488095707,3195794.1012174347,0.0414071090595438
JPN,2030,C13T15,3931.192836664257,3195794.1012174347,0.0012301145543659
JPN,2030,C16,-3622.744172518209,3195794.1012174347,-0.001133597490257
JPN,2030,C17_18,1631.7093738312306,3195794.1012174347,0.0005105802570978
JPN,2030,C19,22041.924855611345,3195794.1012174347,0.0068971667627819
JPN,2030,C20,17895.86737025774,3195794.1012174347,0.0055998186377027
JPN,2030,C21,11106.941496654905,3195794.1012174347,0.0034754872012636
JPN,2030,C22,9745.157913325222,3195794.1012174347,0.0030493697668485
JPN,2030,C23,1410.3356878713303,3195794.1012174347,0.0004413099352471
JPN,2030,C24,9614.844330410713,3195794.1012174347,0.0030085931777482
JPN,2030,C25,2149.84202434852,3195794.1012174347,0.0006727098042798
JPN,2030,C26,96730.93572111173,3195794.1012174347,0.0302682002211163
JPN,2030,C27,40913.417210287815,3195794.1012174347,0.0128022694561899
JPN,2030,C28,128330.78404038714,3195794.1012174347,0.0401561489807806
JPN,2030,C29,149070.83502306035,3195794.1012174347,0.0466459447328825
JPN,2030,C30,16993.900776997234,3195794.1012174347,0.0053175831229313
JPN,2030,C31T33,63770.03442473091,3195794.1012174347,0.0199543626419605
JPN,2030,D,54673.38916358492,3195794.1012174347,0.0171079197945691
JPN,2030,E,36697.35436489776,3195794.1012174347,0.0114830158647949
JPN,2030,F,368156.26228861074,3195794.1012174347,0.115200244642908
JPN,2030,G,301834.15390368534,3195794.1012174347,0.0944473092896385
JPN,2030,H49,56322.69950554688,3195794.1012174347,0.0176240075930082
JPN,2030,H50,4330.768022603448,3195794.1012174347,0.0013551461344001
JPN,2030,H51,7988.4484563924525,3195794.1012174347,0.0024996755746402
JPN,2030,H52,22937.116736609983,3195794.1012174347,0.0071772823937162
JPN,2030,H53,834.9500768686505,3195794.1012174347,0.0002612652913248
JPN,2030,I,96645.45479286966,3195794.1012174347,0.0302414522750551
JPN,2030,J58T60,29942.63414634143,3195794.1012174347,0.0093693877634153
JPN,2030,J61,62901.60929904004,3195794.1012174347,0.0196826226304998
JPN,2030,J62_63,47713.833527236384,3195794.1012174347,0.014930196381882
JPN,2030,K,102396.65415298933,3195794.1012174347,0.032041067387283
JPN,2030,L,397776.49983379716,3195794.1012174347,0.1244687508754912
JPN,2030,M,66854.58748493786,3195794.1012174347,0.020919554066224
JPN,2030,N,36556.8122948435,3195794.1012174347,0.0114390386667643
JPN,2030,O,249630.87796567916,3195794.1012174347,0.0781123157685855
JPN,2030,P,137888.17615406986,3195794.1012174347,0.043146764712264
JPN,2030,Q,386591.44988989056,3195794.1012174347,0.1209688226605772
JPN,2030,R,32913.21263555896,3195794.1012174347,0.0102989152595972
JPN,2030,S,45760.92308970773,3195794.1012174347,0.0143191086910997
JPN,2030,T,0.0,3195794.1012174347,0.0
JPN,2030,employees_compensation,0.0,3195794.1012174347,0.0
JPN,2031,A01_02,19478.597779413314,3089586.558452099,0.0063045968808112
JPN,2031,A03,2385.454168620383,3089586.558452099,0.0007720949465211
JPN,2031,B05_06,-54919.70452625282,3089586.558452099,-0.0177757455527538
JPN,2031,B07_08,-20645.83293088527,3089586.558452099,-0.0066823934336473
JPN,2031,B09,-48.158563296511524,3089586.558452099,-1.5587381154531966e-05
JPN,2031,C10T12,127930.84757472665,3089586.558452099,0.0414071090595438
JPN,2031,C13T15,3800.5453925251786,3089586.558452099,0.0012301145543659
JPN,2031,C16,-3502.3475685930616,3089586.558452099,-0.001133597490257
JPN,2031,C17_18,1577.4818993403799,3089586.558452099,0.0005105802570978
JPN,2031,C19,21309.393721693534,3089586.558452099,0.0068971667627819
JPN,2031,C20,17301.124392815807,3089586.558452099,0.0055998186377027
JPN,2031,C21,10737.818541096325,3089586.558452099,0.0034754872012636
JPN,2031,C22,9421.291843405337,3089586.558452099,0.0030493697668485
JPN,2031,C23,1363.4652440508064,3089586.558452099,0.0004413099352471
JPN,2031,C24,9295.309041821525,3089586.558452099,0.0030085931777482
JPN,2031,C25,2078.3951690418126,3089586.558452099,0.0006727098042798
JPN,2031,C26,93516.22455169777,3089586.558452099,0.0302682002211163
JPN,2031,C27,39553.71962952618,3089586.558452099,0.0128022694561899
JPN,2031,C28,124065.89813021969,3089586.558452099,0.0401561489807806
JPN,2031,C29,144116.68385301327,3089586.558452099,0.0466459447328825
JPN,2031,C30,16429.13334006028,3089586.558452099,0.0053175831229313
JPN,2031,C31T33,61650.73060107987,3089586.558452099,0.0199543626419605
JPN,2031,D,52856.39904037729,3089586.558452099,0.0171079197945691
JPN,2031,E,35477.77146636253,3089586.558452099,0.0114830158647949
JPN,2031,F,355921.127379122,3089586.558452099,0.115200244642908
JPN,2031,G,291803.13726323517,3089586.558452099,0.0944473092896385
JPN,2031,H49,54450.896965415865,3089586.558452099,0.0176240075930082
JPN,2031,H50,4186.841281580871,3089586.558452099,0.0013551461344001
JPN,2031,H51,7722.964055899388,3089586.558452099,0.0024996755746402
JPN,2031,H52,22174.83520984048,3089586.558452099,0.0071772823937162
JPN,2031,H53,807.201732267174,3089586.558452099,0.0002612652913248
JPN,2031,I,93433.58445708088,3089586.558452099,0.0302414522750551
JPN,2031,J58T60,28947.534494773485,3089586.558452099,0.0093693877634153
JPN,2031,J61,60811.166314277274,3089586.558452099,0.0196826226304998
JPN,2031,J62_63,46128.13405651279,3089586.558452099,0.014930196381882
JPN,2031,K,98993.65111820746,3089586.558452099,0.032041067387283
JPN,2031,L,384556.9796522405,3089586.558452099,0.1244687508754912
JPN,2031,M,64632.77305181762,3089586.558452099,0.020919554066224
JPN,2031,N,35341.900106448804,3089586.558452099,0.0114390386667643
JPN,2031,O,241334.76084818773,3089586.558452099,0.0781123157685855
JPN,2031,P,133305.6642957062,3089586.558452099,0.043146764712264
JPN,2031,Q,373743.648483895,3089586.558452099,0.1209688226605772
JPN,2031,R,31819.39015268872,3089586.558452099,0.0102989152595972
JPN,2031,S,44240.12574103627,3089586.558452099,0.0143191086910997
JPN,2031,T,0.0,3089586.558452099,0.0
JPN,2031,employees_compensation,0.0,3089586.558452099,0.0
JPN,2032,A01_02,18809.002036576356,2983379.0156867635,0.0063045968808112
JPN,2032,A03,2303.4518615688435,2983379.0156867635,0.0007720949465211
JPN,2032,B05_06,-53031.786270273,2983379.0156867635,-0.0177757455527538
JPN,2032,B07_08,-19936.112344506375,2983379.0156867635,-0.0066823934336473
JPN,2032,B09,-46.50306584594198,2983379.0156867635,-1.5587381154531966e-05
JPN,2032,C10T12,123533.10026849624,2983379.0156867635,0.0414071090595438
JPN,2032,C13T15,3669.8979483861003,2983379.0156867635,0.0012301145543659
JPN,2032,C16,-3381.950964667914,2983379.0156867635,-0.001133597490257
JPN,2032,C17_18,1523.2544248495292,2983379.0156867635,0.0005105802570978
JPN,2032,C19,20576.862587775726,2983379.0156867635,0.0068971667627819
JPN,2032,C20,16706.381415373875,2983379.0156867635,0.0055998186377027
JPN,2032,C21,10368.695585537744,2983379.0156867635,0.0034754872012636
JPN,2032,C22,9097.425773485455,2983379.0156867635,0.0030493697668485
JPN,2032,C23,1316.5948002302825,2983379.0156867635,0.0004413099352471
JPN,2032,C24,8975.773753232335,2983379.0156867635,0.0030085931777482
JPN,2032,C25,2006.948313735105,2983379.0156867635,0.0006727098042798
JPN,2032,C26,90301.51338228383,2983379.0156867635,0.0302682002211163
JPN,2032,C27,38194.02204876454,2983379.0156867635,0.0128022694561899
JPN,2032,C28,119801.01222005225,2983379.0156867635,0.0401561489807806
JPN,2032,C29,139162.53268296615,2983379.0156867635,0.0466459447328825
JPN,2032,C30,15864.36590312333,2983379.0156867635,0.0053175831229313
JPN,2032,C31T33,59531.42677742884,2983379.0156867635,0.0199543626419605
JPN,2032,D,51039.40891716966,2983379.0156867635,0.0171079197945691
JPN,2032,E,34258.188567827296,2983379.0156867635,0.0114830158647949
JPN,2032,F,343685.99246963323,2983379.0156867635,0.115200244642908
JPN,2032,G,281772.120622785,2983379.0156867635,0.0944473092896385
JPN,2032,H49,52579.09442528484,2983379.0156867635,0.0176240075930082
JPN,2032,H50,4042.9145405582926,2983379.0156867635,0.0013551461344001
JPN,2032,H51,7457.479655406324,2983379.0156867635,0.0024996755746402
JPN,2032,H52,21412.553683070975,2983379.0156867635,0.0071772823937162
JPN,2032,H53,779.4533876656973,2983379.0156867635,0.0002612652913248
JPN,2032,I,90221.71412129211,2983379.0156867635,0.0302414522750551
JPN,2032,J58T60,27952.43484320554,2983379.0156867635,0.0093693877634153
JPN,2032,J61,58720.723329514505,2983379.0156867635,0.0196826226304998
JPN,2032,J62_63,44542.4345857892,2983379.0156867635,0.014930196381882
JPN,2032,K,95590.6480834256,2983379.0156867635,0.032041067387283
JPN,2032,L,371337.4594706839,2983379.0156867635,0.1244687508754912
JPN,2032,M,62410.95861869738,2983379.0156867635,0.020919554066224
JPN,2032,N,34126.9879180541,2983379.0156867635,0.0114390386667643
JPN,2032,O,233038.64373069626,2983379.0156867635,0.0781123157685855
JPN,2032,P,128723.15243734256,2983379.0156867635,0.043146764712264
JPN,2032,Q,360895.84707789944,2983379.0156867635,0.1209688226605772
JPN,2032,R,30725.567669818483,2983379.0156867635,0.0102989152595972
JPN,2032,S,42719.328392364805,2983379.0156867635,0.0143191086910997
JPN,2032,T,0.0,2983379.0156867635,0.0
JPN,2032,employees_compensation,0.0,2983379.0156867635,0.0
JPN,2033,A01_02,18139.4062937394,2877171.472921428,0.0063045968808112
JPN,2033,A03,2221.449554517304,2877171.472921428,0.0007720949465211
JPN,2033,B05_06,-51143.86801429317,2877171.472921428,-0.0177757455527538
JPN,2033,B07_08,-19226.39175812748,2877171.472921428,-0.0066823934336473
JPN,2033,B09,-44.84756839537244,2877171.472921428,-1.5587381154531966e-05
JPN,2033,C10T12,119135.35296226582,2877171.472921428,0.0414071090595438
JPN,2033,C13T15,3539.2505042470225,2877171.472921428,0.0012301145543659
JPN,2033,C16,-3261.5543607427667,2877171.472921428,-0.001133597490257
JPN,2033,C17_18,1469.0269503586785,2877171.472921428,0.0005105802570978
JPN,2033,C19,19844.331453857914,2877171.472921428,0.0068971667627819
JPN,2033,C20,16111.63843793194,2877171.472921428,0.0055998186377027
JPN,2033,C21,9999.572629979164,2877171.472921428,0.0034754872012636
JPN,2033,C22,8773.55970356557,2877171.472921428,0.0030493697668485
JPN,2033,C23,1269.7243564097587,2877171.472921428,0.0004413099352471
JPN,2033,C24,8656.238464643147,2877171.472921428,0.0030085931777482
JPN,2033,C25,1935.5014584283977,2877171.472921428,0.0006727098042798
JPN,2033,C26,87086.80221286988,2877171.472921428,0.0302682002211163
JPN,2033,C27,36834.3244680029,2877171.472921428,0.0128022694561899
JPN,2033,C28,115536.1263098848,2877171.472921428,0.0401561489807806
JPN,2033,C29,134208.38151291906,2877171.472921428,0.0466459447328825
JPN,2033,C30,15299.598466186375,2877171.472921428,0.0053175831229313
JPN,2033,C31T33,57412.1229537778,2877171.472921428,0.0199543626419605
JPN,2033,D,49222.41879396203,2877171.472921428,0.0171079197945691
JPN,2033,E,33038.60566929207,2877171.472921428,0.0114830158647949
JPN,2033,F,331450.85756014445,2877171.472921428,0.115200244642908
JPN,2033,G,271741.10398233484,2877171.472921428,0.0944473092896385
JPN,2033,H49,50707.29188515383,2877171.472921428,0.0176240075930082
JPN,2033,H50,3898.9877995357147,2877171.472921428,0.0013551461344001
JPN,2033,H51,7191.99525491326,2877171.472921428,0.0024996755746402
JPN,2033,H52,20650.27215630147,2877171.472921428,0.0071772823937162
JPN,2033,H53,751.7050430642207,2877171.472921428,0.0002612652913248
JPN,2033,I,87009.84378550334,2877171.472921428,0.0302414522750551
JPN,2033,J58T60,26957.3351916376,2877171.472921428,0.0093693877634153
JPN,2033,J61,56630.280344751736,2877171.472921428,0.0196826226304998
JPN,2033,J62_63,42956.7351150656,2877171.472921428,0.014930196381882
JPN,2033,K,92187.64504864374,2877171.472921428,0.032041067387283
JPN,2033,L,358117.93928912724,2877171.472921428,0.1244687508754912
JPN,2033,M,60189.14418557715,2877171.472921428,0.020919554066224
JPN,2033,N,32912.07572965941,2877171.472921428,0.0114390386667643
JPN,2033,O,224742.52661320483,2877171.472921428,0.0781123157685855
JPN,2033,P,124140.6405789789,2877171.472921428,0.043146764712264
JPN,2033,Q,348048.0456719039,2877171.472921428,0.1209688226605772
JPN,2033,R,29631.745186948247,2877171.472921428,0.0102989152595972
JPN,2033,S,41198.53104369334,2877171.472921428,0.0143191086910997
JPN,2033,T,0.0,2877171.472921428,0.0
JPN,2033,employees_compensation,0.0,2877171.472921428,0.0
JPN,2034,A01_02,17469.810550902443,2770963.930156092,0.0063045968808112
JPN,2034,A03,2139.447247465765,2770963.930156092,0.0007720949465211
JPN,2034,B05_06,-49255.94975831335,2770963.930156092,-0.0177757455527538
JPN,2034,B07_08,-18516.67117174859,2770963.930156092,-0.0066823934336473
JPN,2034,B09,-43.1920709448029,2770963.930156092,-1.5587381154531966e-05
JPN,2034,C10T12,114737.6056560354,2770963.930156092,0.0414071090595438
JPN,2034,C13T15,3408.603060107944,2770963.930156092,0.0012301145543659
JPN,2034,C16,-3141.157756817619,2770963.930156092,-0.001133597490257
JPN,2034,C17_18,1414.799475867828,2770963.930156092,0.0005105802570978
JPN,2034,C19,19111.800319940106,2770963.930156092,0.0068971667627819
JPN,2034,C20,15516.895460490008,2770963.930156092,0.0055998186377027
JPN,2034,C21,9630.449674420583,2770963.930156092,0.0034754872012636
JPN,2034,C22,8449.693633645686,2770963.930156092,0.0030493697668485
JPN,2034,C23,1222.8539125892348,2770963.930156092,0.0004413099352471
JPN,2034,C24,8336.703176053958,2770963.930156092,0.0030085931777482
JPN,2034,C25,1864.0546031216902,2770963.930156092,0.0006727098042798
JPN,2034,C26,83872.09104345592,2770963.930156092,0.0302682002211163
JPN,2034,C27,35474.62688724126,2770963.930156092,0.0128022694561899
JPN,2034,C28,111271.24039971737,2770963.930156092,0.0401561489807806
JPN,2034,C29,129254.23034287196,2770963.930156092,0.0466459447328825
JPN,2034,C30,14734.831029249422,2770963.930156092,0.0053175831229313
JPN,2034,C31T33,55292.819130126765,2770963.930156092,0.0199543626419605
JPN,2034,D,47405.4286707544,2770963.930156092,0.0171079197945691
JPN,2034,E,31819.022770756834,2770963.930156092,0.0114830158647949
JPN,2034,F,319215.72265065566,2770963.930156092,0.115200244642908
JPN,2034,G,261710.0873418847,2770963.930156092,0.0944473092896385
JPN,2034,H49,48835.489345022805,2770963.930156092,0.0176240075930082
JPN,2034,H50,3755.061058513137,2770963.930156092,0.0013551461344001
JPN,2034,H51,6926.510854420196,2770963.930156092,0.0024996755746402
JPN,2034,H52,19887.990629531967,2770963.930156092,0.0071772823937162
JPN,2034,H53,723.9566984627442,2770963.930156092,0.0002612652913248
JPN,2034,I,83797.97344971457,2770963.930156092,0.0302414522750551
JPN,2034,J58T60,25962.235540069658,2770963.930156092,0.0093693877634153
JPN,2034,J61,54539.83735998896,2770963.930156092,0.0196826226304998
JPN,2034,J62_63,41371.03564434202,2770963.930156092,0.014930196381882
JPN,2034,K,88784.64201386189,2770963.930156092,0.032041067387283
JPN,2034,L,344898.4191075706,2770963.930156092,0.1244687508754912
JPN,2034,M,57967.329752456906,2770963.930156092,0.020919554066224
JPN,2034,N,31697.163541264712,2770963.930156092,0.0114390386667643
JPN,2034,O,216446.40949571336,2770963.930156092,0.0781123157685855
JPN,2034,P,119558.12872061525,2770963.930156092,0.043146764712264
JPN,2034,Q,335200.2442659083,2770963.930156092,0.1209688226605772
JPN,2034,R,28537.922704078006,2770963.930156092,0.0102989152595972
JPN,2034,S,39677.73369502188,2770963.930156092,0.0143191086910997
JPN,2034,T,0.0,2770963.930156092,0.0
JPN,2034,employees_compensation,0.0,2770963.930156092,0.0
JPN,2035,A01_02,16800.214808065484,2664756.3873907565,0.0063045968808112
JPN,2035,A03,2057.4449404142256,2664756.3873907565,0.0007720949465211
JPN,2035,B05_06,-47368.03150233352,2664756.3873907565,-0.0177757455527538
JPN,2035,B07_08,-17806.950585369694,2664756.3873907565,-0.0066823934336473
JPN,2035,B09,-41.53657349423336,2664756.3873907565,-1.5587381154531966e-05
JPN,2035,C10T12,110339.858349805,2664756.3873907565,0.0414071090595438
JPN,2035,C13T15,3277.955615968866,2664756.3873907565,0.0012301145543659
JPN,2035,C16,-3020.7611528924717,2664756.3873907565,-0.001133597490257
JPN,2035,C17_18,1360.5720013769774,2664756.3873907565,0.0005105802570978
JPN,2035,C19,18379.269186022295,2664756.3873907565,0.0068971667627819
JPN,2035,C20,14922.152483048074,2664756.3873907565,0.0055998186377027
JPN,2035,C21,9261.326718862003,2664756.3873907565,0.0034754872012636
JPN,2035,C22,8125.827563725803,2664756.3873907565,0.0030493697668485
JPN,2035,C23,1175.983468768711,2664756.3873907565,0.0004413099352471
JPN,2035,C24,8017.167887464769,2664756.3873907565,0.0030085931777482
JPN,2035,C25,1792.6077478149828,2664756.3873907565,0.0006727098042798
JPN,2035,C26,80657.37987404197,2664756.3873907565,0.0302682002211163
JPN,2035,C27,34114.92930647962,2664756.3873907565,0.0128022694561899
JPN,2035,C28,107006.35448954992,2664756.3873907565,0.0401561489807806
JPN,2035,C29,124300.07917282486,2664756.3873907565,0.0466459447328825
JPN,2035,C30,14170.06359231247,2664756.3873907565,0.0053175831229313
JPN,2035,C31T33,53173.51530647573,2664756.3873907565,0.0199543626419605
JPN,2035,D,45588.43854754677,2664756.3873907565,0.0171079197945691
JPN,2035,E,30599.4398722216,2664756.3873907565,0.0114830158647949
JPN,2035,F,306980.5877411669,2664756.3873907565,0.115200244642908
JPN,2035,G,251679.07070143454,2664756.3873907565,0.0944473092896385
JPN,2035,H49,46963.68680489179,2664756.3873907565,0.0176240075930082
JPN,2035,H50,3611.134317490559,2664756.3873907565,0.0013551461344001
JPN,2035,H51,6661.026453927132,2664756.3873907565,0.0024996755746402
JPN,2035,H52,19125.709102762463,2664756.3873907565,0.0071772823937162
JPN,2035,H53,696.2083538612676,2664756.3873907565,0.0002612652913248
JPN,2035,I,80586.1031139258,2664756.3873907565,0.0302414522750551
JPN,2035,J58T60,24967.135888501714,2664756.3873907565,0.0093693877634153
JPN,2035,J61,52449.39437522619,2664756.3873907565,0.0196826226304998
JPN,2035,J62_63,39785.33617361842,2664756.3873907565,0.014930196381882
JPN,2035,K,85381.63897908003,2664756.3873907565,0.032041067387283
JPN,2035,L,331678.89892601396,2664756.3873907565,0.1244687508754912
JPN,2035,M,55745.51531933667,2664756.3873907565,0.020919554066224
JPN,2035,N,30482.251352870015,2664756.3873907565,0.0114390386667643
JPN,2035,O,208150.29237822193,2664756.3873907565,0.0781123157685855
JPN,2035,P,114975.6168622516,2664756.3873907565,0.043146764712264
JPN,2035,Q,322352.44285991276,2664756.3873907565,0.1209688226605772
JPN,2035,R,27444.10022120777,2664756.3873907565,0.0102989152595972
JPN,2035,S,38156.93634635042,2664756.3873907565,0.0143191086910997
JPN,2035,T,0.0,2664756.3873907565,0.0
JPN,2035,employees_compensation,0.0,2664756.3873907565,0.0
JPN,2036,A01_02,16130.619065228528,2558548.844625421,0.0063045968808112
JPN,2036,A03,1975.4426333626864,2558548.844625421,0.0007720949465211
JPN,2036,B05_06,-45480.1132463537,2558548.844625421,-0.0177757455527538
JPN,2036,B07_08,-17097.2299989908,2558548.844625421,-0.0066823934336473
JPN,2036,B09,-39.881076043663825,2558548.844625421,-1.5587381154531966e-05
JPN,2036,C10T12,105942.11104357458,2558548.844625421,0.0414071090595438
JPN,2036,C13T15,3147.308171829788,2558548.844625421,0.0012301145543659
JPN,2036,C16,-2900.364548967324,2558548.844625421,-0.001133597490257
JPN,2036,C17_18,1306.3445268861267,2558548.844625421,0.0005105802570978
JPN,2036,C19,17646.738052104483,2558548.844625421,0.0068971667627819
JPN,2036,C20,14327.409505606141,2558548.844625421,0.0055998186377027
JPN,2036,C21,8892.203763303422,2558548.844625421,0.0034754872012636
JPN,2036,C22,7801.961493805919,2558548.844625421,0.0030493697668485
JPN,2036,C23,1129.113024948187,2558548.844625421,0.0004413099352471
JPN,2036,C24,7697.63259887558,2558548.844625421,0.0030085931777482
JPN,2036,C25,1721.1608925082755,2558548.844625421,0.0006727098042798
JPN,2036,C26,77442.66870462801,2558548.844625421,0.0302682002211163
JPN,2036,C27,32755.231725717982,2558548.844625421,0.0128022694561899
JPN,2036,C28,102741.46857938248,2558548.844625421,0.0401561489807806
JPN,2036,C29,119345.92800277776,2558548.844625421,0.0466459447328825
JPN,2036,C30,13605.296155375516,2558548.844625421,0.0053175831229313
JPN,2036,C31T33,51054.21148282469,2558548.844625421,0.0199543626419605
JPN,2036,D,43771.44842433914,2558548.844625421,0.0171079197945691
JPN,2036,E,29379.85697368637,2558548.844625421,0.0114830158647949
JPN,2036,F,294745.4528316781,2558548.844625421,0.115200244642908
JPN,2036,G,241648.05406098437,2558548.844625421,0.0944473092896385
JPN,2036,H49,45091.884264760774,2558548.844625421,0.0176240075930082
JPN,2036,H50,3467.207576467981,2558548.844625421,0.0013551461344001
JPN,2036,H51,6395.542053434068,2558548.844625421,0.0024996755746402
JPN,2036,H52,18363.42757599296,2558548.844625421,0.0071772823937162
JPN,2036,H53,668.460009259791,2558548.844625421,0.0002612652913248
JPN,2036,I,77374.23277813703,2558548.844625421,0.0302414522750551
JPN,2036,J58T60,23972.03623693377,2558548.844625421,0.0093693877634153
JPN,2036,J61,50358.95139046342,2558548.844625421,0.0196826226304998
JPN,2036,J62_63,38199.63670289483,2558548.844625421,0.014930196381882
JPN,2036,K,81978.63594429816,2558548.844625421,0.032041067387283
JPN,2036,L,318459.3787444573,2558548.844625421,0.1244687508754912
JPN,2036,M,53523.70088621644,2558548.844625421,0.020919554066224
JPN,2036,N,29267.339164475314,2558548.844625421,0.0114390386667643
JPN,2036,O,199854.1752607305,2558548.844625421,0.0781123157685855
JPN,2036,P,110393.10500388795,2558548.844625421,0.043146764712264
JPN,2036,Q,309504.6414539172,2558548.844625421,0.1209688226605772
JPN,2036,R,26350.277738337532,2558548.844625421,0.0102989152595972
JPN,2036,S,36636.13899767896,2558548.844625421,0.0143191086910997
JPN,2036,T,0.0,2558548.844625421,0.0
JPN,2036,employees_compensation,0.0,2558548.844625421,0.0
JPN,2037,A01_02,15461.023322391571,2452341.301860085,0.0063045968808112
JPN,2037,A03,1893.4403263111471,2452341.301860085,0.0007720949465211
JPN,2037,B05_06,-43592.19499037387,2452341.301860085,-0.0177757455527538
JPN,2037,B07_08,-16387.509412611904,2452341.301860085,-0.0066823934336473
JPN,2037,B09,-38.22557859309428,2452341.301860085,-1.5587381154531966e-05
JPN,2037,C10T12,101544.36373734416,2452341.301860085,0.0414071090595438
JPN,2037,C13T15,3016.66072769071,2452341.301860085,0.0012301145543659
JPN,2037,C16,-2779.967945042177,2452341.301860085,-0.001133597490257
JPN,2037,C17_18,1252.117052395276,2452341.301860085,0.0005105802570978
JPN,2037,C19,16914.206918186675,2452341.301860085,0.0068971667627819
JPN,2037,C20,13732.666528164209,2452341.301860085,0.0055998186377027
JPN,2037,C21,8523.080807744842,2452341.301860085,0.0034754872012636
JPN,2037,C22,7478.095423886036,2452341.301860085,0.0030493697668485
JPN,2037,C23,1082.2425811276632,2452341.301860085,0.0004413099352471
JPN,2037,C24,7378.097310286391,2452341.301860085,0.0030085931777482
JPN,2037,C25,1649.714037201568,2452341.301860085,0.0006727098042798
JPN,2037,C26,74227.95753521407,2452341.301860085,0.0302682002211163
JPN,2037,C27,31395.534144956346,2452341.301860085,0.0128022694561899
JPN,2037,C28,98476.58266921503,2452341.301860085,0.0401561489807806
JPN,2037,C29,114391.77683273065,2452341.301860085,0.0466459447328825
JPN,2037,C30,13040.528718438563,2452341.301860085,0.0053175831229313
JPN,2037,C31T33,48934.90765917366,2452341.301860085,0.0199543626419605
JPN,2037,D,41954.45830113151,2452341.301860085,0.0171079197945691
JPN,2037,E,28160.274075151137,2452341.301860085,0.0114830158647949
JPN,2037,F,282510.3179221893,2452341.301860085,0.115200244642908
JPN,2037,G,231617.0374205342,2452341.301860085,0.0944473092896385
JPN,2037,H49,43220.08172462975,2452341.301860085,0.0176240075930082
JPN,2037,H50,3323.280835445403,2452341.301860085,0.0013551461344001
JPN,2037,H51,6130.057652941005,2452341.301860085,0.0024996755746402
JPN,2037,H52,17601.146049223455,2452341.301860085,0.0071772823937162
JPN,2037,H53,640.7116646583145,2452341.301860085,0.0002612652913248
JPN,2037,I,74162.36244234825,2452341.301860085,0.0302414522750551
JPN,2037,J58T60,22976.936585365827,2452341.301860085,0.0093693877634153
JPN,2037,J61,48268.50840570065,2452341.301860085,0.0196826226304998
JPN,2037,J62_63,36613.937232171236,2452341.301860085,0.014930196381882
JPN,2037,K,78575.63290951631,2452341.301860085,0.032041067387283
JPN,2037,L,305239.8585629007,2452341.301860085,0.1244687508754912
JPN,2037,M,51301.8864530962,2452341.301860085,0.020919554066224
JPN,2037,N,28052.426976080616,2452341.301860085,0.0114390386667643
JPN,2037,O,191558.05814323903,2452341.301860085,0.0781123157685855
JPN,2037,P,105810.59314552428,2452341.301860085,0.043146764712264
JPN,2037,Q,296656.84004792164,2452341.301860085,0.1209688226605772
JPN,2037,R,25256.455255467296,2452341.301860085,0.0102989152595972
JPN,2037,S,35115.3416490075,2452341.301860085,0.0143191086910997
JPN,2037,T,0.0,2452341.301860085,0.0
JPN,2037,employees_compensation,0.0,2452341.301860085,0.0
JPN,2038,A01_02,14791.427579554613,2346133.7590947496,0.0063045968808112
JPN,2038,A03,1811.438019259608,2346133.7590947496,0.0007720949465211
JPN,2038,B05_06,-41704.27673439405,2346133.7590947496,-0.0177757455527538
JPN,2038,B07_08,-15677.788826233013,2346133.7590947496,-0.0066823934336473
JPN,2038,B09,-36.57008114252474,2346133.7590947496,-1.5587381154531966e-05
JPN,2038,C10T12,97146.61643111375,2346133.7590947496,0.0414071090595438
JPN,2038,C13T15,2886.0132835516315,2346133.7590947496,0.0012301145543659
JPN,2038,C16,-2659.571341117029,2346133.7590947496,-0.001133597490257
JPN,2038,C17_18,1197.8895779044253,2346133.7590947496,0.0005105802570978
JPN,2038,C19,16181.675784268864,2346133.7590947496,0.0068971667627819
JPN,2038,C20,13137.923550722275,2346133.7590947496,0.0055998186377027
JPN,2038,C21,8153.95785218626,2346133.7590947496,0.0034754872012636
JPN,2038,C22,7154.229353966151,2346133.7590947496,0.0030493697668485
JPN,2038,C23,1035.3721373071392,2346133.7590947496,0.0004413099352471
JPN,2038,C24,7058.562021697202,2346133.7590947496,0.0030085931777482
JPN,2038,C25,1578.2671818948606,2346133.7590947496,0.0006727098042798
JPN,2038,C26,71013.24636580012,2346133.7590947496,0.0302682002211163
JPN,2038,C27,30035.836564194706,2346133.7590947496,0.0128022694561899
JPN,2038,C28,94211.69675904758,2346133.7590947496,0.0401561489807806
JPN,2038,C29,109437.62566268355,2346133.7590947496,0.0466459447328825
JPN,2038,C30,12475.76128150161,2346133.7590947496,0.0053175831229313
JPN,2038,C31T33,46815.60383552262,2346133.7590947496,0.0199543626419605
JPN,2038,D,40137.46817792388,2346133.7590947496,0.0171079197945691
JPN,2038,E,26940.691176615906,2346133.7590947496,0.0114830158647949
JPN,2038,F,270275.1830127005,2346133.7590947496,0.115200244642908
JPN,2038,G,221586.02078008404,2346133.7590947496,0.0944473092896385
JPN,2038,H49,41348.27918449874,2346133.7590947496,0.0176240075930082
JPN,2038,H50,3179.3540944228253,2346133.7590947496,0.0013551461344001
JPN,2038,H51,5864.57325244794,2346133.7590947496,0.0024996755746402
JPN,2038,H52,16838.86452245395,2346133.7590947496,0.0071772823937162
JPN,2038,H53,612.9633200568379,2346133.7590947496,0.0002612652913248
JPN,2038,I,70950.49210655948,2346133.7590947496,0.0302414522750551
JPN,2038,J58T60,21981.836933797884,2346133.7590947496,0.0093693877634153
JPN,2038,J61,46178.06542093788,2346133.7590947496,0.0196826226304998
JPN,2038,J62_63,35028.23776144764,2346133.7590947496,0.014930196381882
JPN,2038,K,75172.62987473444,2346133.7590947496,0.032041067387283
JPN,2038,L,292020.33838134405,2346133.7590947496,0.1244687508754912
JPN,2038,M,49080.07201997596,2346133.7590947496,0.020919554066224
JPN,2038,N,26837.51478768592,2346133.7590947496,0.0114390386667643
JPN,2038,O,183261.9410257476,2346133.7590947496,0.0781123157685855
JPN,2038,P,101228.08128716063,2346133.7590947496,0.043146764712264
JPN,2038,Q,283809.0386419261,2346133.7590947496,0.1209688226605772
JPN,2038,R,24162.63277259706,2346133.7590947496,0.0102989152595972
JPN,2038,S,33594.54430033604,2346133.7590947496,0.0143191086910997
JPN,2038,T,0.0,2346133.7590947496,0.0
JPN,2038,employees_compensation,0.0,2346133.7590947496,0.0
JPN,2039,A01_02,14121.831836717656,2239926.216329414,0.0063045968808112
JPN,2039,A03,1729.4357122080687,2239926.216329414,0.0007720949465211
JPN,2039,B05_06,-39816.35847841423,2239926.216329414,-0.0177757455527538
JPN,2039,B07_08,-14968.068239854118,2239926.216329414,-0.0066823934336473
JPN,2039,B09,-34.9145836919552,2239926.216329414,-1.5587381154531966e-05
JPN,2039,C10T12,92748.86912488333,2239926.216329414,0.0414071090595438
JPN,2039,C13T15,2755.3658394125537,2239926.216329414,0.0012301145543659
JPN,2039,C16,-2539.174737191882,2239926.216329414,-0.001133597490257
JPN,2039,C17_18,1143.6621034135746,2239926.216329414,0.0005105802570978
JPN,2039,C19,15449.144650351054,2239926.216329414,0.0068971667627819
JPN,2039,C20,12543.180573280342,2239926.216329414,0.0055998186377027
JPN,2039,C21,7784.83489662768,2239926.216329414,0.0034754872012636
JPN,2039,C22,6830.363284046268,2239926.216329414,0.0030493697668485
JPN,2039,C23,988.5016934866154,2239926.216329414,0.0004413099352471
JPN,2039,C24,6739.026733108013,2239926.216329414,0.0030085931777482
JPN,2039,C25,1506.8203265881532,2239926.216329414,0.0006727098042798
JPN,2039,C26,67798.53519638616,2239926.216329414,0.0302682002211163
JPN,2039,C27,28676.138983433066,2239926.216329414,0.0128022694561899
JPN,2039,C28,89946.81084888014,2239926.216329414,0.0401561489807806
JPN,2039,C29,104483.47449263645,2239926.216329414,0.0466459447328825
JPN,2039,C30,11910.993844564657,2239926.216329414,0.0053175831229313
JPN,2039,C31T33,44696.300011871586,2239926.216329414,0.0199543626419605
JPN,2039,D,38320.47805471625,2239926.216329414,0.0171079197945691
JPN,2039,E,25721.108278080672,2239926.216329414,0.0114830158647949
JPN,2039,F,258040.04810321174,2239926.216329414,0.115200244642908
JPN,2039,G,211555.00413963388,2239926.216329414,0.0944473092896385
JPN,2039,H49,39476.476644367714,2239926.216329414,0.0176240075930082
JPN,2039,H50,3035.4273534002473,2239926.216329414,0.0013551461344001
JPN,2039,H51,5599.088851954876,2239926.216329414,0.0024996755746402
JPN,2039,H52,16076.582995684448,2239926.216329414,0.0071772823937162
JPN,2039,H53,585.2149754553614,2239926.216329414,0.0002612652913248
JPN,2039,I,67738.62177077071,2239926.216329414,0.0302414522750551
JPN,2039,J58T60,20986.73728222994,2239926.216329414,0.0093693877634153
JPN,2039,J61,44087.62243617511,2239926.216329414,0.0196826226304998
JPN,2039,J62_63,33442.53829072406,2239926.216329414,0.014930196381882
JPN,2039,K,71769.62683995259,2239926.216329414,0.032041067387283
JPN,2039,L,278800.8181997874,2239926.216329414,0.1244687508754912
JPN,2039,M,46858.257586855725,2239926.216329414,0.020919554066224
JPN,2039,N,25622.602599291222,2239926.216329414,0.0114390386667643
JPN,2039,O,174965.82390825613,2239926.216329414,0.0781123157685855
JPN,2039,P,96645.56942879698,2239926.216329414,0.043146764712264
JPN,2039,Q,270961.2372359305,2239926.216329414,0.1209688226605772
JPN,2039,R,23068.81028972682,2239926.216329414,0.0102989152595972
JPN,2039,S,32073.74695166458,2239926.216329414,0.0143191086910997
JPN,2039,T,0.0,2239926.216329414,0.0
JPN,2039,employees_compensation,0.0,2239926.216329414,0.0
JPN,2040,A01_02,13452.2360938807,2133718.6735640783,0.0063045968808112
JPN,2040,A03,1647.4334051565295,2133718.6735640783,0.0007720949465211
JPN,2040,B05_06,-37928.4402224344,2133718.6735640783,-0.0177757455527538
JPN,2040,B07_08,-14258.347653475224,2133718.6735640783,-0.0066823934336473
JPN,2040,B09,-33.25908624138566,2133718.6735640783,-1.5587381154531966e-05
JPN,2040,C10T12,88351.12181865291,2133718.6735640783,0.0414071090595438
JPN,2040,C13T15,2624.7183952734754,2133718.6735640783,0.0012301145543659
JPN,2040,C16,-2418.778133266734,2133718.6735640783,-0.001133597490257
JPN,2040,C17_18,1089.434628922724,2133718.6735640783,0.0005105802570978
JPN,2040,C19,14716.613516433243,2133718.6735640783,0.0068971667627819
JPN,2040,C20,11948.437595838408,2133718.6735640783,0.0055998186377027
JPN,2040,C21,7415.711941069099,2133718.6735640783,0.0034754872012636
JPN,2040,C22,6506.497214126384,2133718.6735640783,0.0030493697668485
JPN,2040,C23,941.6312496660915,2133718.6735640783,0.0004413099352471
JPN,2040,C24,6419.491444518824,2133718.6735640783,0.0030085931777482
JPN,2040,C25,1435.3734712814457,2133718.6735640783,0.0006727098042798
JPN,2040,C26,64583.824026972216,2133718.6735640783,0.0302682002211163
JPN,2040,C27,27316.441402671426,2133718.6735640783,0.0128022694561899
JPN,2040,C28,85681.92493871269,2133718.6735640783,0.0401561489807806
JPN,2040,C29,99529.32332258935,2133718.6735640783,0.0466459447328825
JPN,2040,C30,11346.226407627704,2133718.6735640783,0.0053175831229313
JPN,2040,C31T33,42576.99618822055,2133718.6735640783,0.0199543626419605
JPN,2040,D,36503.48793150862,2133718.6735640783,0.0171079197945691
JPN,2040,E,24501.52537954544,2133718.6735640783,0.0114830158647949
JPN,2040,F,245804.91319372298,2133718.6735640783,0.115200244642908
JPN,2040,G,201523.9874991837,2133718.6735640783,0.0944473092896385
JPN,2040,H49,37604.6741042367,2133718.6735640783,0.0176240075930082
JPN,2040,H50,2891.5006123776693,2133718.6735640783,0.0013551461344001
JPN,2040,H51,5333.6044514618125,2133718.6735640783,0.0024996755746402
JPN,2040,H52,15314.301468914944,2133718.6735640783,0.0071772823937162
JPN,2040,H53,557.4666308538848,2133718.6735640783,0.0002612652913248
JPN,2040,I,64526.75143498194,2133718.6735640783,0.0302414522750551
JPN,2040,J58T60,19991.637630662,2133718.6735640783,0.0093693877634153
JPN,2040,J61,41997.17945141234,2133718.6735640783,0.0196826226304998
JPN,2040,J62_63,31856.838820000463,2133718.6735640783,0.014930196381882
JPN,2040,K,68366.62380517072,2133718.6735640783,0.032041067387283
JPN,2040,L,265581.29801823077,2133718.6735640783,0.1244687508754912
JPN,2040,M,44636.44315373549,2133718.6735640783,0.020919554066224
JPN,2040,N,24407.690410896525,2133718.6735640783,0.0114390386667643
JPN,2040,O,166669.7067907647,2133718.6735640783,0.0781123157685855
JPN,2040,P,92063.05757043333,2133718.6735640783,0.043146764712264
JPN,2040,Q,258113.43582993498,2133718.6735640783,0.1209688226605772
JPN,2040,R,21974.98780685658,2133718.6735640783,0.0102989152595972
JPN,2040,S,30552.949602993118,2133718.6735640783,0.0143191086910997
JPN,2040,T,0.0,2133718.6735640783,0.0
JPN,2040,employees_compensation,0.0,2133718.6735640783,0.0
