country,year,sector,GDP,GDP total,GDP sector ratio
CAN,1995,A01_02,13880.2,566190.4,0.0245150747875626
CAN,1995,A03,1235.1,566190.4,0.0021814216560365
CAN,1995,B05_06,12883.4,566190.4,0.0227545362832008
CAN,1995,B07_08,6264.3,566190.4,0.0110639459800095
CAN,1995,B09,2029.1,566190.4,0.003583776764848
CAN,1995,C10T12,12508.9,566190.4,0.0220930980108458
CAN,1995,C13T15,3921.5,566190.4,0.006926115313859
CAN,1995,C16,5607.7,566190.4,0.0099042654202543
CAN,1995,C17_18,12860.8,566190.4,0.0227146203821188
CAN,1995,C19,1046.2,566190.4,0.0018477883058419
CAN,1995,C20,8049.0,566190.4,0.0142160658322712
CAN,1995,C21,1975.1,566190.4,0.0034884024879263
CAN,1995,C22,4116.9,566190.4,0.0072712289010905
CAN,1995,C23,2485.2,566190.4,0.0043893361667735
CAN,1995,C24,6445.3,566190.4,0.0113836264267285
CAN,1995,C25,4803.4,566190.4,0.0084837185512152
CAN,1995,C26,5060.5,566190.4,0.0089378060807813
CAN,1995,C27,2143.7,566190.4,0.0037861821747595
CAN,1995,C28,6061.0,566190.4,0.0107048794893025
CAN,1995,C29,14562.5,566190.4,0.0257201464383712
CAN,1995,C30,4641.0,566190.4,0.0081968892443248
CAN,1995,C31T33,4986.2,566190.4,0.0088065781404983
CAN,1995,D,17450.5,566190.4,0.030820904063368
CAN,1995,E,2448.7,566190.4,0.0043248702203357
CAN,1995,F,28777.3,566190.4,0.0508261885047856
CAN,1995,G,58088.4,566190.4,0.1025951693988453
CAN,1995,H49,15215.6,566190.4,0.0268736453320296
CAN,1995,H50,702.8,566190.4,0.0012412785522326
CAN,1995,H51,2790.7,566190.4,0.0049289073075064
CAN,1995,H52,4392.1,566190.4,0.0077572844753284
CAN,1995,H53,3308.2,566190.4,0.0058429107946726
CAN,1995,I,13332.6,566190.4,0.0235479089719642
CAN,1995,J58T60,5172.8,566190.4,0.0091361492529721
CAN,1995,J61,8856.8,566190.4,0.0156427943674071
CAN,1995,J62_63,5942.1,566190.4,0.0104948794610434
CAN,1995,K,35698.9,566190.4,0.0630510513777697
CAN,1995,L,69972.2,566190.4,0.1235842218448069
CAN,1995,M,16338.7,566190.4,0.0288572536729693
CAN,1995,N,15700.7,566190.4,0.0277304242530427
CAN,1995,O,40915.0,566190.4,0.0722636766713105
CAN,1995,P,34447.1,566190.4,0.0608401343434999
CAN,1995,Q,37333.8,566190.4,0.0659385959210894
CAN,1995,R,4453.1,566190.4,0.0078650220844436
CAN,1995,S,6445.4,566190.4,0.0113838030457598
CAN,1995,T,839.9,566190.4,0.0014834232441948
CAN,1995,HFCE,0.0,566190.4,0.0
CAN,1996,A01_02,15085.3,584409.9,0.0258128755176803
CAN,1996,A03,1039.7,584409.9,0.0017790595265412
CAN,1996,B05_06,16794.3,584409.9,0.0287371928504291
CAN,1996,B07_08,5710.1,584409.9,0.0097707105920005
CAN,1996,B09,2607.3,584409.9,0.0044614233947782
CAN,1996,C10T12,12940.3,584409.9,0.0221425064838908
CAN,1996,C13T15,3972.1,584409.9,0.006796770554366
CAN,1996,C16,5939.3,584409.9,0.0101629010733733
CAN,1996,C17_18,11475.5,584409.9,0.0196360465488349
CAN,1996,C19,898.2,584409.9,0.0015369349492539
CAN,1996,C20,7759.0,584409.9,0.0132766402485652
CAN,1996,C21,1961.4,584409.9,0.0033562059780301
CAN,1996,C22,4721.0,584409.9,0.0080782341298461
CAN,1996,C23,2765.8,584409.9,0.004732637143895
CAN,1996,C24,6284.1,584409.9,0.0107528979231871
CAN,1996,C25,5149.4,584409.9,0.0088112812599512
CAN,1996,C26,5053.7,584409.9,0.0086475263338283
CAN,1996,C27,2373.5,584409.9,0.0040613617257339
CAN,1996,C28,6373.2,584409.9,0.0109053594061291
CAN,1996,C29,14372.3,584409.9,0.0245928414285931
CAN,1996,C30,4721.9,584409.9,0.0080797741448254
CAN,1996,C31T33,5493.5,584409.9,0.0094000803203368
CAN,1996,D,17891.6,584409.9,0.0306148133356399
CAN,1996,E,2645.4,584409.9,0.0045266173622315
CAN,1996,F,29783.6,584409.9,0.0509635445942993
CAN,1996,G,59709.7,584409.9,0.1021709248936405
CAN,1996,H49,15448.3,584409.9,0.0264340148926293
CAN,1996,H50,713.3,584409.9,0.0012205474274135
CAN,1996,H51,2835.2,584409.9,0.0048513894100698
CAN,1996,H52,4459.3,584409.9,0.0076304319964463
CAN,1996,H53,3358.8,584409.9,0.0057473359024205
CAN,1996,I,13403.1,584409.9,0.0229344164087569
CAN,1996,J58T60,5347.0,584409.9,0.0091494001042761
CAN,1996,J61,9156.7,584409.9,0.015668283511282
CAN,1996,J62_63,6142.2,584409.9,0.0105100888947979
CAN,1996,K,38279.4,584409.9,0.065500943772513
CAN,1996,L,72246.3,584409.9,0.1236226491029669
CAN,1996,M,17168.0,584409.9,0.0293766412923531
CAN,1996,N,17045.2,584409.9,0.0291665148040784
CAN,1996,O,40519.1,584409.9,0.0693333566046708
CAN,1996,P,34860.9,584409.9,0.0596514535431381
CAN,1996,Q,37486.6,584409.9,0.0641443616886024
CAN,1996,R,4940.5,584409.9,0.0084538266719985
CAN,1996,S,6602.3,584409.9,0.0112973787747264
CAN,1996,T,876.5,584409.9,0.0014998034769773
CAN,1996,HFCE,0.0,584409.9,0.0
CAN,1997,A01_02,13192.9,607046.9,0.0217329171765805
CAN,1997,A03,772.3,607046.9,0.001272224600768
CAN,1997,B05_06,16030.7,607046.9,0.0264076795384343
CAN,1997,B07_08,5431.6,607046.9,0.0089475788444023
CAN,1997,B09,3060.3,607046.9,0.0050412908788431
CAN,1997,C10T12,13180.6,607046.9,0.0217126551506975
CAN,1997,C13T15,4180.7,607046.9,0.0068869472852921
CAN,1997,C16,6751.6,607046.9,0.0111220401586763
CAN,1997,C17_18,10392.1,607046.9,0.0171191056242936
CAN,1997,C19,1032.1,607046.9,0.0017001981230774
CAN,1997,C20,7480.3,607046.9,0.0123224416433063
CAN,1997,C21,1673.9,607046.9,0.0027574475711843
CAN,1997,C22,4919.8,607046.9,0.0081044808893678
CAN,1997,C23,2986.4,607046.9,0.0049195539916273
CAN,1997,C24,6863.0,607046.9,0.0113055515150476
CAN,1997,C25,6068.9,607046.9,0.0099974153562105
CAN,1997,C26,5881.9,607046.9,0.0096893666700217
CAN,1997,C27,2364.7,607046.9,0.0038954156589877
CAN,1997,C28,6974.1,607046.9,0.0114885686756657
CAN,1997,C29,14254.3,607046.9,0.0234813817515582
CAN,1997,C30,5101.5,607046.9,0.008403798783916
CAN,1997,C31T33,6151.2,607046.9,0.0101329897245171
CAN,1997,D,17942.9,607046.9,0.0295576832696122
CAN,1997,E,2600.8,607046.9,0.0042843477167909
CAN,1997,F,32880.7,607046.9,0.0541650076789783
CAN,1997,G,63789.9,607046.9,0.1050823255995541
CAN,1997,H49,16380.0,607046.9,0.0269830881271282
CAN,1997,H50,756.3,607046.9,0.0012458674939283
CAN,1997,H51,3006.1,607046.9,0.0049520061794236
CAN,1997,H52,4728.3,607046.9,0.0077890192668803
CAN,1997,H53,3561.3,607046.9,0.0058665977867607
CAN,1997,I,13800.0,607046.9,0.0227330046492289
CAN,1997,J58T60,6116.1,607046.9,0.0100751688213876
CAN,1997,J61,10473.9,607046.9,0.0172538563330115
CAN,1997,J62_63,7025.7,607046.9,0.0115735703452237
CAN,1997,K,41530.3,607046.9,0.0684136596365124
CAN,1997,L,74085.9,607046.9,0.1220431238508919
CAN,1997,M,20851.2,607046.9,0.0343485816334784
CAN,1997,N,15842.9,607046.9,0.0260983129969035
CAN,1997,O,40723.2,607046.9,0.067084108328368
CAN,1997,P,34189.5,607046.9,0.0563210190184646
CAN,1997,Q,37848.5,607046.9,0.0623485598888652
CAN,1997,R,5595.7,607046.9,0.0092179039214268
CAN,1997,S,7655.2,607046.9,0.0126105577674476
CAN,1997,T,917.6,607046.9,0.0015115800772559
CAN,1997,HFCE,0.0,607046.9,0.0
CAN,1998,A01_02,13014.5,586995.7,0.022171371953832
CAN,1998,A03,696.7,586995.7,0.0011868911475842
CAN,1998,B05_06,10998.4,586995.7,0.0187367641705041
CAN,1998,B07_08,4864.0,586995.7,0.0082862617221897
CAN,1998,B09,2645.9,586995.7,0.0045075287604321
CAN,1998,C10T12,13182.4,586995.7,0.0224574047135268
CAN,1998,C13T15,4061.6,586995.7,0.0069193011124272
CAN,1998,C16,6250.3,586995.7,0.0106479485284134
CAN,1998,C17_18,10121.9,586995.7,0.0172435675423176
CAN,1998,C19,1005.9,586995.7,0.0017136411731806
CAN,1998,C20,6692.0,586995.7,0.0114004242279798
CAN,1998,C21,1377.0,586995.7,0.0023458434192959
CAN,1998,C22,4792.1,586995.7,0.0081637736017487
CAN,1998,C23,2997.7,586995.7,0.0051068517196974
CAN,1998,C24,6790.2,586995.7,0.0115677167652165
CAN,1998,C25,6078.1,586995.7,0.010354590331752
CAN,1998,C26,5815.4,586995.7,0.009907057240794
CAN,1998,C27,2368.7,586995.7,0.0040352936145869
CAN,1998,C28,6813.8,586995.7,0.011607921489033
CAN,1998,C29,15278.3,586995.7,0.0260279589782344
CAN,1998,C30,4550.5,586995.7,0.0077521862596267
CAN,1998,C31T33,6475.2,586995.7,0.0110310859176651
CAN,1998,D,16424.8,586995.7,0.0279811249043221
CAN,1998,E,2462.8,586995.7,0.0041956014328554
CAN,1998,F,30805.7,586995.7,0.0524802822235324
CAN,1998,G,63015.7,586995.7,0.1073529158731486
CAN,1998,H49,15828.8,586995.7,0.0269657852689551
CAN,1998,H50,669.9,586995.7,0.0011412349357925
CAN,1998,H51,3085.2,586995.7,0.0052559158440172
CAN,1998,H52,4585.1,586995.7,0.0078111304733578
CAN,1998,H53,3369.7,586995.7,0.0057405871968057
CAN,1998,I,13572.0,586995.7,0.0231211233744983
CAN,1998,J58T60,6359.8,586995.7,0.0108344916325622
CAN,1998,J61,10891.1,586995.7,0.0185539689643382
CAN,1998,J62_63,7305.6,586995.7,0.01244574704721
CAN,1998,K,40576.5,586995.7,0.0691257193195793
CAN,1998,L,71439.2,586995.7,0.1217031061726687
CAN,1998,M,21996.2,586995.7,0.0374725061870129
CAN,1998,N,15952.2,586995.7,0.0271760082739958
CAN,1998,O,38565.6,586995.7,0.065699970204211
CAN,1998,P,32956.9,586995.7,0.0561450450148101
CAN,1998,Q,36591.1,586995.7,0.0623362317645597
CAN,1998,R,5334.4,586995.7,0.0090876304545331
CAN,1998,S,7449.6,586995.7,0.0126910640060906
CAN,1998,T,887.2,586995.7,0.0015114250411033
CAN,1998,HFCE,0.0,586995.7,0.0
CAN,1999,A01_02,13933.2,628480.8,0.022169651006045
CAN,1999,A03,898.8,628480.8,0.0014301152875314
CAN,1999,B05_06,15843.9,628480.8,0.0252098393459275
CAN,1999,B07_08,4995.7,628480.8,0.0079488506251901
CAN,1999,B09,2331.5,628480.8,0.0037097394224294
CAN,1999,C10T12,13361.6,628480.8,0.021260156237072
CAN,1999,C13T15,4230.4,628480.8,0.0067311523279629
CAN,1999,C16,8058.7,628480.8,0.0128225078634064
CAN,1999,C17_18,10207.1,628480.8,0.0162409098257257
CAN,1999,C19,1131.9,628480.8,0.0018010096728491
CAN,1999,C20,6480.3,628480.8,0.0103110548484536
CAN,1999,C21,1683.5,628480.8,0.0026786816717392
CAN,1999,C22,5097.7,628480.8,0.0081111467526136
CAN,1999,C23,3023.4,628480.8,0.0048106481534519
CAN,1999,C24,6927.0,628480.8,0.0110218164182581
CAN,1999,C25,6726.8,628480.8,0.0107032704897269
CAN,1999,C26,7673.2,628480.8,0.012209123970056
CAN,1999,C27,2419.9,628480.8,0.0038503960661964
CAN,1999,C28,7010.4,628480.8,0.0111545173695043
CAN,1999,C29,21711.8,628480.8,0.0345464809744386
CAN,1999,C30,5566.4,628480.8,0.0088569133695094
CAN,1999,C31T33,7026.0,628480.8,0.0111793391301691
CAN,1999,D,16547.9,628480.8,0.0263300008528502
CAN,1999,E,2572.8,628480.8,0.0040936811434812
CAN,1999,F,32184.8,628480.8,0.0512104745284183
CAN,1999,G,66595.4,628480.8,0.1059625051393773
CAN,1999,H49,16144.2,628480.8,0.0256876582387242
CAN,1999,H50,715.3,628480.8,0.0011381413720196
CAN,1999,H51,3342.6,628480.8,0.0053185395639771
CAN,1999,H52,5004.8,628480.8,0.0079633299855779
CAN,1999,H53,3572.4,628480.8,0.0056841831922311
CAN,1999,I,14392.3,628480.8,0.022900142693301
CAN,1999,J58T60,7088.1,628480.8,0.0112781488312769
CAN,1999,J61,12138.3,628480.8,0.0193137165049433
CAN,1999,J62_63,8142.1,628480.8,0.0129552088146527
CAN,1999,K,41983.1,628480.8,0.0668009269336469
CAN,1999,L,74316.2,628480.8,0.118247367302231
CAN,1999,M,23245.0,628480.8,0.0369860145290039
CAN,1999,N,17408.5,628480.8,0.0276993346495231
CAN,1999,O,40128.4,628480.8,0.063849842349997
CAN,1999,P,33936.5,628480.8,0.0539976718461407
CAN,1999,Q,38348.4,628480.8,0.0610176158126071
CAN,1999,R,5668.2,628480.8,0.009018891269232
CAN,1999,S,7717.7,628480.8,0.0122799296334907
CAN,1999,T,948.6,628480.8,0.0015093539850382
CAN,1999,HFCE,0.0,628480.8,0.0
CAN,2000,A01_02,14566.8,691752.0,0.0210578357561669
CAN,2000,A03,953.3,691752.0,0.0013780950398408
CAN,2000,B05_06,32129.7,691752.0,0.0464468480033306
CAN,2000,B07_08,5728.9,691752.0,0.0082817252425724
CAN,2000,B09,3216.8,691752.0,0.0046502214666527
CAN,2000,C10T12,13929.6,691752.0,0.020136696388301
CAN,2000,C13T15,4946.5,691752.0,0.0071506840601834
CAN,2000,C16,8270.1,691752.0,0.0119552961176837
CAN,2000,C17_18,12808.2,691752.0,0.0185155951844013
CAN,2000,C19,1513.4,691752.0,0.0021877782789207
CAN,2000,C20,6939.2,691752.0,0.0100313407117001
CAN,2000,C21,1953.4,691752.0,0.0028238443835362
CAN,2000,C22,5925.0,691752.0,0.0085652083405613
CAN,2000,C23,3395.3,691752.0,0.004908261920457
CAN,2000,C24,7809.7,691752.0,0.0112897396754906
CAN,2000,C25,8410.2,691752.0,0.0121578253478125
CAN,2000,C26,8295.7,691752.0,0.0119923036001341
CAN,2000,C27,2916.3,691752.0,0.004215817229296
CAN,2000,C28,8130.4,691752.0,0.0117533451294683
CAN,2000,C29,20799.7,691752.0,0.0300681458094808
CAN,2000,C30,6092.7,691752.0,0.0088076362627068
CAN,2000,C31T33,8537.6,691752.0,0.0123419953971943
CAN,2000,D,17308.9,691752.0,0.0250218286322265
CAN,2000,E,2640.2,691752.0,0.0038166857486498
CAN,2000,F,34246.9,691752.0,0.0495074824503579
CAN,2000,G,70635.8,691752.0,0.1021114503463669
CAN,2000,H49,17176.1,691752.0,0.0248298523170153
CAN,2000,H50,735.2,691752.0,0.0010628086366212
CAN,2000,H51,3199.5,691752.0,0.0046252125039031
CAN,2000,H52,5181.4,691752.0,0.0074902566237611
CAN,2000,H53,3762.9,691752.0,0.0054396662387676
CAN,2000,I,15185.8,691752.0,0.0219526651169783
CAN,2000,J58T60,7612.6,691752.0,0.0110048109727185
CAN,2000,J61,13036.6,691752.0,0.0188457713168881
CAN,2000,J62_63,8744.7,691752.0,0.0126413801477986
CAN,2000,K,46840.7,691752.0,0.0677131399692375
CAN,2000,L,76014.7,691752.0,0.1098872139148134
CAN,2000,M,26950.6,691752.0,0.0389599162705709
CAN,2000,N,19095.2,691752.0,0.0276041124564872
CAN,2000,O,43640.2,691752.0,0.0630864818605511
CAN,2000,P,35486.1,691752.0,0.0512988758977205
CAN,2000,Q,41636.8,691752.0,0.060190357237854
CAN,2000,R,6091.6,691752.0,0.0088060460974453
CAN,2000,S,8218.9,691752.0,0.011881281152783
CAN,2000,T,1042.1,691752.0,0.0015064647445905
CAN,2000,HFCE,0.0,691752.0,0.0
CAN,2001,A01_02,14708.1,688025.4,0.0213772631068562
CAN,2001,A03,962.9,688025.4,0.0013995122854476
CAN,2001,B05_06,30163.0,688025.4,0.0438399512576134
CAN,2001,B07_08,4959.6,688025.4,0.0072084548041394
CAN,2001,B09,3509.8,688025.4,0.0051012651567805
CAN,2001,C10T12,14325.0,688025.4,0.0208204522681866
CAN,2001,C13T15,4453.1,688025.4,0.0064722901218472
CAN,2001,C16,7416.6,688025.4,0.0107795438947457
CAN,2001,C17_18,12251.0,688025.4,0.0178060286727786
CAN,2001,C19,2348.7,688025.4,0.0034136821111546
CAN,2001,C20,6255.8,688025.4,0.0090923968795338
CAN,2001,C21,2443.6,688025.4,0.0035516130654478
CAN,2001,C22,5926.1,688025.4,0.008613199454555
CAN,2001,C23,3543.6,688025.4,0.0051503912500904
CAN,2001,C24,6318.5,688025.4,0.0091835272360584
CAN,2001,C25,7919.3,688025.4,0.0115101855251274
CAN,2001,C26,4525.2,688025.4,0.006577082764677
CAN,2001,C27,2864.2,688025.4,0.0041629277058666
CAN,2001,C28,7918.6,688025.4,0.011509168120828
CAN,2001,C29,18039.5,688025.4,0.026219235510782
CAN,2001,C30,5686.7,688025.4,0.0082652471841882
CAN,2001,C31T33,8640.0,688025.4,0.0125576759230109
CAN,2001,D,17218.2,688025.4,0.0250255295807393
CAN,2001,E,2757.6,688025.4,0.0040079915654276
CAN,2001,F,35918.2,688025.4,0.0522047587196635
CAN,2001,G,71540.1,688025.4,0.1039788647337729
CAN,2001,H49,17887.1,688025.4,0.0259977320604733
CAN,2001,H50,763.7,688025.4,0.0011099880905559
CAN,2001,H51,2606.4,688025.4,0.0037882322367749
CAN,2001,H52,5475.2,688025.4,0.0079578457423228
CAN,2001,H53,3683.9,688025.4,0.005354308140368
CAN,2001,I,15028.5,688025.4,0.0218429435890012
CAN,2001,J58T60,7730.0,688025.4,0.0112350503338975
CAN,2001,J61,13237.5,688025.4,0.0192398420174604
CAN,2001,J62_63,8879.5,688025.4,0.012905773536849
CAN,2001,K,48058.3,688025.4,0.0698496014827359
CAN,2001,L,76086.3,688025.4,0.1105864696274294
CAN,2001,M,27646.9,688025.4,0.0401829641754505
CAN,2001,N,20352.9,688025.4,0.0295816113765567
CAN,2001,O,42871.8,688025.4,0.062311362342146
CAN,2001,P,35980.3,688025.4,0.0522950170153601
CAN,2001,Q,43301.1,688025.4,0.0629353218645707
CAN,2001,R,6324.3,688025.4,0.0091919571573956
CAN,2001,S,8459.6,688025.4,0.0122954763007295
CAN,2001,T,1039.1,688025.4,0.0015102640106019
CAN,2001,HFCE,0.0,688025.4,0.0
CAN,2002,A01_02,14303.0,709444.1,0.0201608555205406
CAN,2002,A03,975.7,709444.1,0.0013753021555891
CAN,2002,B05_06,26320.0,709444.1,0.0370994698525225
CAN,2002,B07_08,4881.3,709444.1,0.0068804575300576
CAN,2002,B09,3397.1,709444.1,0.0047883969998481
CAN,2002,C10T12,14438.3,709444.1,0.0203515682208083
CAN,2002,C13T15,4235.1,709444.1,0.0059696035247879
CAN,2002,C16,7855.3,709444.1,0.0110724720947006
CAN,2002,C17_18,10999.8,709444.1,0.015504815671876
CAN,2002,C19,1921.3,709444.1,0.0027081767259746
CAN,2002,C20,6657.3,709444.1,0.0093838260125075
CAN,2002,C21,2964.8,709444.1,0.0041790466648464
CAN,2002,C22,6207.4,709444.1,0.0087496675213734
CAN,2002,C23,3590.2,709444.1,0.0050605819401415
CAN,2002,C24,7091.7,709444.1,0.0099961364115932
CAN,2002,C25,8175.8,709444.1,0.0115242342560886
CAN,2002,C26,4035.2,709444.1,0.0056878336150797
CAN,2002,C27,2465.2,709444.1,0.0034748333237248
CAN,2002,C28,7693.9,709444.1,0.010844970026532
CAN,2002,C29,19800.7,709444.1,0.0279101623369621
CAN,2002,C30,5011.9,709444.1,0.0070645453249945
CAN,2002,C31T33,9021.8,709444.1,0.012716717215634
CAN,2002,D,17239.4,709444.1,0.0242998708425371
CAN,2002,E,3143.1,709444.1,0.0044303702011194
CAN,2002,F,38327.0,709444.1,0.0540239886412474
CAN,2002,G,75154.3,709444.1,0.1059340686602369
CAN,2002,H49,18340.6,709444.1,0.0258520720660021
CAN,2002,H50,725.1,709444.1,0.0010220678415677
CAN,2002,H51,2542.5,709444.1,0.0035837918731017
CAN,2002,H52,5762.2,709444.1,0.0081221339355701
CAN,2002,H53,3718.9,709444.1,0.0052419915818596
CAN,2002,I,15717.6,709444.1,0.0221548110696811
CAN,2002,J58T60,8222.7,709444.1,0.0115903423539641
CAN,2002,J61,14081.3,709444.1,0.0198483573265321
CAN,2002,J62_63,9445.5,709444.1,0.0133139453834347
CAN,2002,K,48988.2,709444.1,0.0690515292184401
CAN,2002,L,80053.6,709444.1,0.1128398981681573
CAN,2002,M,28273.4,709444.1,0.0398528932723522
CAN,2002,N,21687.9,709444.1,0.0305702732604302
CAN,2002,O,45919.8,709444.1,0.0647264527254508
CAN,2002,P,37807.5,709444.1,0.0532917251690443
CAN,2002,Q,45503.4,709444.1,0.0641395143042277
CAN,2002,R,6742.1,709444.1,0.0095033562193272
CAN,2002,S,8940.6,709444.1,0.0126022614043869
CAN,2002,T,1064.6,709444.1,0.0015006115351442
CAN,2002,HFCE,0.0,709444.1,0.0
CAN,2003,A01_02,17213.2,832246.6,0.0206828120415271
CAN,2003,A03,1209.3,832246.6,0.0014530548998337
CAN,2003,B05_06,41076.5,832246.6,0.0493561643868536
CAN,2003,B07_08,6143.8,832246.6,0.0073821869623738
CAN,2003,B09,4253.4,832246.6,0.005110744820105
CAN,2003,C10T12,17019.2,832246.6,0.0204497080552807
CAN,2003,C13T15,4478.9,832246.6,0.0053816981649429
CAN,2003,C16,8385.7,832246.6,0.0100759798838469
CAN,2003,C17_18,11260.9,832246.6,0.013530725148051
CAN,2003,C19,2443.3,832246.6,0.002935788503071
CAN,2003,C20,7177.7,832246.6,0.0086244870210343
CAN,2003,C21,3589.8,832246.6,0.0043133849991096
CAN,2003,C22,7007.0,832246.6,0.0084193795444763
CAN,2003,C23,4287.5,832246.6,0.005151718252739
CAN,2003,C24,7528.5,832246.6,0.0090459967033809
CAN,2003,C25,9056.1,832246.6,0.0108815103600303
CAN,2003,C26,4969.4,832246.6,0.0059710667487256
CAN,2003,C27,2302.6,832246.6,0.0027667280346954
CAN,2003,C28,8394.3,832246.6,0.0100863133595258
CAN,2003,C29,20295.0,832246.6,0.0243858010354142
CAN,2003,C30,5995.0,832246.6,0.007203393801789
CAN,2003,C31T33,10140.3,832246.6,0.0121842492357433
CAN,2003,D,20951.9,832246.6,0.0251751103579155
CAN,2003,E,3569.6,832246.6,0.0042891133469334
CAN,2003,F,44781.7,832246.6,0.0538082102107716
CAN,2003,G,89502.5,832246.6,0.107543244994933
CAN,2003,H49,20760.2,832246.6,0.0249447699756298
CAN,2003,H50,789.0,832246.6,0.0009480363151979
CAN,2003,H51,2303.4,832246.6,0.002767689288247
CAN,2003,H52,6968.9,832246.6,0.0083735998440846
CAN,2003,H53,4375.9,832246.6,0.0052579367701832
CAN,2003,I,17475.0,832246.6,0.0209973822662657
CAN,2003,J58T60,9753.3,832246.6,0.0117192428301899
CAN,2003,J61,16702.5,832246.6,0.0200691718055682
CAN,2003,J62_63,11203.7,832246.6,0.0134619955191165
CAN,2003,K,57386.4,832246.6,0.0689536010120077
CAN,2003,L,92531.0,832246.6,0.1111821904709493
CAN,2003,M,32901.8,832246.6,0.0395337151272231
CAN,2003,N,25322.8,832246.6,0.0304270392934017
CAN,2003,O,53881.2,832246.6,0.0647418685759725
CAN,2003,P,43875.0,832246.6,0.0527187494668046
CAN,2003,Q,53930.1,832246.6,0.0648006251993099
CAN,2003,R,7621.6,832246.6,0.0091578625854404
CAN,2003,S,10175.8,832246.6,0.0122269048620925
CAN,2003,T,1255.9,832246.6,0.0015090479192104
CAN,2003,HFCE,0.0,832246.6,0.0
CAN,2004,A01_02,21012.4,954376.5,0.0220168874652718
CAN,2004,A03,1291.1,954376.5,0.001352820401592
CAN,2004,B05_06,51781.4,954376.5,0.0542567844032203
CAN,2004,B07_08,9032.7,954376.5,0.0094645037885991
CAN,2004,B09,5420.7,954376.5,0.0056798339020292
CAN,2004,C10T12,19086.3,954376.5,0.0199987112004539
CAN,2004,C13T15,4661.8,954376.5,0.0048846550601361
CAN,2004,C16,11051.9,954376.5,0.0115802306532065
CAN,2004,C17_18,12542.9,954376.5,0.0131425071761511
CAN,2004,C19,3079.2,954376.5,0.0032263996441655
CAN,2004,C20,7826.9,954376.5,0.0082010611116262
CAN,2004,C21,3523.1,954376.5,0.0036915200657182
CAN,2004,C22,7608.3,954376.5,0.0079720110459551
CAN,2004,C23,4891.9,954376.5,0.0051257548776609
CAN,2004,C24,9944.4,954376.5,0.01041978715947
CAN,2004,C25,10007.8,954376.5,0.0104862179653417
CAN,2004,C26,5778.6,954376.5,0.0060548431358064
CAN,2004,C27,2746.2,954376.5,0.0028774807426628
CAN,2004,C28,9700.4,954376.5,0.0101641228592699
CAN,2004,C29,19390.8,954376.5,0.0203177676734496
CAN,2004,C30,6207.1,954376.5,0.0065038273679203
CAN,2004,C31T33,11418.5,954376.5,0.0119643557862122
CAN,2004,D,22380.9,954376.5,0.0234508079358617
CAN,2004,E,4063.0,954376.5,0.0042572297201366
CAN,2004,F,53189.6,954376.5,0.0557323027128182
CAN,2004,G,103228.0,954376.5,0.1081627638568217
CAN,2004,H49,23671.7,954376.5,0.0248033139961011
CAN,2004,H50,868.9,954376.5,0.0009104373378849
CAN,2004,H51,2641.1,954376.5,0.0027673564887651
CAN,2004,H52,7745.2,954376.5,0.0081154554832395
CAN,2004,H53,4907.1,954376.5,0.005141681506198
CAN,2004,I,19947.1,954376.5,0.0209006613218158
CAN,2004,J58T60,11332.6,954376.5,0.0118743493788876
CAN,2004,J61,19407.0,954376.5,0.0203347421064957
CAN,2004,J62_63,13017.9,954376.5,0.0136402143179342
CAN,2004,K,67418.6,954376.5,0.0706415130716232
CAN,2004,L,104089.5,954376.5,0.1090654474413399
CAN,2004,M,37183.5,954376.5,0.0389610389610389
CAN,2004,N,29461.1,954376.5,0.0308694734206049
CAN,2004,O,59493.4,954376.5,0.0623374527767605
CAN,2004,P,49747.2,954376.5,0.0521253404709776
CAN,2004,Q,61356.3,954376.5,0.0642894077966085
CAN,2004,R,8585.5,954376.5,0.0089959256121666
CAN,2004,S,11199.0,954376.5,0.0117343626964829
CAN,2004,T,1437.9,954376.5,0.0015066381035157
CAN,2004,HFCE,0.0,954376.5,0.0
CAN,2005,A01_02,20792.4,1092854.3,0.0190257749820813
CAN,2005,A03,1357.6,1092854.3,0.001242251597491
CAN,2005,B05_06,74103.7,1092854.3,0.067807483577637
CAN,2005,B07_08,11540.0,1092854.3,0.0105595045926982
CAN,2005,B09,6870.0,1092854.3,0.0062862908623775
CAN,2005,C10T12,21322.2,1092854.3,0.019510560556883
CAN,2005,C13T15,4387.1,1092854.3,0.0040143503118393
CAN,2005,C16,10802.6,1092854.3,0.0098847577394351
CAN,2005,C17_18,13784.2,1092854.3,0.0126130262744082
CAN,2005,C19,3345.5,1092854.3,0.0030612497933164
CAN,2005,C20,7899.6,1092854.3,0.0072284109601801
CAN,2005,C21,3734.8,1092854.3,0.0034174729421845
CAN,2005,C22,8402.1,1092854.3,0.0076882160778431
CAN,2005,C23,5592.2,1092854.3,0.0051170590626765
CAN,2005,C24,10783.0,1092854.3,0.0098668230522586
CAN,2005,C25,11284.6,1092854.3,0.0103258046383676
CAN,2005,C26,6506.5,1092854.3,0.0059536756180581
CAN,2005,C27,3059.3,1092854.3,0.002799366759137
CAN,2005,C28,10739.4,1092854.3,0.0098269275236415
CAN,2005,C29,19474.4,1092854.3,0.0178197587729672
CAN,2005,C30,6683.6,1092854.3,0.0061157283271887
CAN,2005,C31T33,12034.6,1092854.3,0.011012080933387
CAN,2005,D,26132.6,1092854.3,0.0239122452096313
CAN,2005,E,4635.4,1092854.3,0.0042415535172437
CAN,2005,F,63495.2,1092854.3,0.0581003341433528
CAN,2005,G,118382.7,1092854.3,0.1083243210005212
CAN,2005,H49,27884.3,1092854.3,0.0255151121242785
CAN,2005,H50,1155.8,1092854.3,0.0010575975223778
CAN,2005,H51,3495.2,1092854.3,0.0031982305418023
CAN,2005,H52,8832.5,1092854.3,0.0080820471676782
CAN,2005,H53,5623.2,1092854.3,0.0051454251495373
CAN,2005,I,22493.0,1092854.3,0.0205818836051612
CAN,2005,J58T60,12727.4,1092854.3,0.0116460172229729
CAN,2005,J61,21795.7,1092854.3,0.0199438296578052
CAN,2005,J62_63,14620.1,1092854.3,0.0133779040810838
CAN,2005,K,76177.6,1092854.3,0.0697051747886246
CAN,2005,L,117338.4,1092854.3,0.1073687498873363
CAN,2005,M,42784.4,1092854.3,0.0391492260221696
CAN,2005,N,34514.0,1092854.3,0.0315815200617319
CAN,2005,O,68547.3,1092854.3,0.0627231827701094
CAN,2005,P,55998.1,1092854.3,0.0512402247948331
CAN,2005,Q,68728.6,1092854.3,0.0628890786264921
CAN,2005,R,9002.6,1092854.3,0.0082376946313886
CAN,2005,S,12350.4,1092854.3,0.0113010490053431
CAN,2005,T,1640.4,1092854.3,0.0015010235124663
CAN,2005,HFCE,0.0,1092854.3,0.0
CAN,2006,A01_02,21253.5,1230810.9,0.0172678841241981
CAN,2006,A03,1252.9,1230810.9,0.0010179467861391
CAN,2006,B05_06,78373.3,1230810.9,0.0636761504143325
CAN,2006,B07_08,16225.6,1230810.9,0.0131828536780101
CAN,2006,B09,9379.6,1230810.9,0.0076206669927931
CAN,2006,C10T12,23728.9,1230810.9,0.0192790785326974
CAN,2006,C13T15,4304.2,1230810.9,0.0034970441032005
CAN,2006,C16,10056.9,1230810.9,0.0081709546121179
CAN,2006,C17_18,14260.8,1230810.9,0.0115865077242978
CAN,2006,C19,3679.3,1230810.9,0.0029893300424947
CAN,2006,C20,7862.5,1230810.9,0.0063880649740752
CAN,2006,C21,4998.8,1230810.9,0.0040613874966495
CAN,2006,C22,8513.7,1230810.9,0.0069171470613398
CAN,2006,C23,6286.9,1230810.9,0.0051079333145327
CAN,2006,C24,13207.0,1230810.9,0.0107303242114609
CAN,2006,C25,12230.0,1230810.9,0.0099365385860654
CAN,2006,C26,6873.9,1230810.9,0.0055848546677641
CAN,2006,C27,3146.2,1230810.9,0.0025562009566213
CAN,2006,C28,11989.3,1230810.9,0.0097409764570658
CAN,2006,C29,18315.4,1230810.9,0.0148807586933134
CAN,2006,C30,7503.3,1230810.9,0.0060962248546872
CAN,2006,C31T33,13096.6,1230810.9,0.0106406272482637
CAN,2006,D,27848.0,1230810.9,0.022625733977494
CAN,2006,E,5284.0,1230810.9,0.0042931046515756
CAN,2006,F,77486.9,1230810.9,0.0629559747967782
CAN,2006,G,135415.7,1230810.9,0.1100215313335297
CAN,2006,H49,31927.0,1230810.9,0.0259398092753322
CAN,2006,H50,1335.8,1230810.9,0.0010853007557862
CAN,2006,H51,4056.3,1230810.9,0.0032956321722532
CAN,2006,H52,10399.4,1230810.9,0.0084492264408773
CAN,2006,H53,6173.6,1230810.9,0.0050158801811066
CAN,2006,I,25114.8,1230810.9,0.0204050841603693
CAN,2006,J58T60,14341.2,1230810.9,0.0116518305127132
CAN,2006,J61,24559.2,1230810.9,0.0199536744434096
CAN,2006,J62_63,16473.9,1230810.9,0.0133845905979545
CAN,2006,K,88901.0,1230810.9,0.0722296170760268
CAN,2006,L,132182.1,1230810.9,0.1073943202810439
CAN,2006,M,48994.7,1230810.9,0.0398068460394687
CAN,2006,N,39124.7,1230810.9,0.0317877425362417
CAN,2006,O,76312.0,1230810.9,0.0620014008650719
CAN,2006,P,64864.6,1230810.9,0.0527007032518155
CAN,2006,Q,77563.5,1230810.9,0.0630182101897212
CAN,2006,R,10132.5,1230810.9,0.0082323775325681
CAN,2006,S,13934.2,1230810.9,0.0113211542081728
CAN,2006,T,1847.2,1230810.9,0.0015007991885674
CAN,2006,HFCE,0.0,1230810.9,0.0
CAN,2007,A01_02,22054.8,1371498.7,0.0160808027014535
CAN,2007,A03,1260.6,1371498.7,0.0009191404993675
CAN,2007,B05_06,84240.9,1371498.7,0.0614225153840831
CAN,2007,B07_08,20445.0,1371498.7,0.0149070502217756
CAN,2007,B09,9933.4,1371498.7,0.0072427338064556
CAN,2007,C10T12,25058.4,1371498.7,0.0182708157142256
CAN,2007,C13T15,3916.9,1371498.7,0.0028559268776558
CAN,2007,C16,9033.1,1371498.7,0.0065862986235422
CAN,2007,C17_18,14300.1,1371498.7,0.0104266230802843
CAN,2007,C19,5723.2,1371498.7,0.0041729532809619
CAN,2007,C20,8455.8,1371498.7,0.006165372231122
CAN,2007,C21,4450.4,1371498.7,0.0032449174031298
CAN,2007,C22,8963.3,1371498.7,0.0065354053926554
CAN,2007,C23,6994.1,1371498.7,0.0050996038129675
CAN,2007,C24,14526.3,1371498.7,0.0105915521465678
CAN,2007,C25,13370.9,1371498.7,0.0097491160582215
CAN,2007,C26,7317.2,1371498.7,0.0053351855163989
CAN,2007,C27,3477.5,1371498.7,0.0025355474270591
CAN,2007,C28,13034.8,1371498.7,0.0095040556728198
CAN,2007,C29,18504.7,1371498.7,0.013492320481237
CAN,2007,C30,8582.5,1371498.7,0.0062577529238635
CAN,2007,C31T33,13736.8,1371498.7,0.0100159044992168
CAN,2007,D,30776.0,1371498.7,0.0224396858706464
CAN,2007,E,6070.5,1371498.7,0.0044261799154457
CAN,2007,F,95058.6,1371498.7,0.0693100183033348
CAN,2007,G,152530.1,1371498.7,0.1112141776000225
CAN,2007,H49,33945.3,1371498.7,0.0247505156220709
CAN,2007,H50,1469.2,1371498.7,0.001071236888522
CAN,2007,H51,4564.0,1371498.7,0.0033277465009627
CAN,2007,H52,11551.6,1371498.7,0.0084226109729451
CAN,2007,H53,6796.7,1371498.7,0.0049556736728952
CAN,2007,I,28178.4,1371498.7,0.0205456993871011
CAN,2007,J58T60,15677.1,1371498.7,0.0114306342397553
CAN,2007,J61,26847.0,1371498.7,0.0195749365274644
CAN,2007,J62_63,18008.5,1371498.7,0.0131305264817239
CAN,2007,K,100741.1,1371498.7,0.0734532960184358
CAN,2007,L,146939.1,1371498.7,0.1071376152234048
CAN,2007,M,56637.0,1371498.7,0.0412957008271316
CAN,2007,N,44131.1,1371498.7,0.0321772816846271
CAN,2007,O,85902.9,1371498.7,0.0626343284175187
CAN,2007,P,70604.7,1371498.7,0.0514799613007289
CAN,2007,Q,89617.8,1371498.7,0.0653429711599435
CAN,2007,R,10735.1,1371498.7,0.0078272768322711
CAN,2007,S,15119.4,1371498.7,0.0110239987832288
CAN,2007,T,2216.8,1371498.7,0.0016163340147533
CAN,2007,HFCE,0.0,1371498.7,0.0
CAN,2008,A01_02,26286.5,1457327.3,0.0180374717470811
CAN,2008,A03,1174.3,1457327.3,0.0008057901612081
CAN,2008,B05_06,114701.0,1457327.3,0.0787064100151009
CAN,2008,B07_08,20716.0,1457327.3,0.0142150634246678
CAN,2008,B09,11536.5,1457327.3,0.0079162038616857
CAN,2008,C10T12,25876.0,1457327.3,0.0177557917154231
CAN,2008,C13T15,3149.8,1457327.3,0.0021613538701978
CAN,2008,C16,7475.7,1457327.3,0.0051297330393796
CAN,2008,C17_18,13731.3,1457327.3,0.0094222485230325
CAN,2008,C19,5117.8,1457327.3,0.0035117711717882
CAN,2008,C20,8508.5,1457327.3,0.0058384276476533
CAN,2008,C21,4176.0,1457327.3,0.00286551963996
CAN,2008,C22,8011.8,1457327.3,0.0054975982402854
CAN,2008,C23,6986.5,1457327.3,0.0047940500394111
CAN,2008,C24,13796.0,1457327.3,0.0094666448641976
CAN,2008,C25,12840.1,1457327.3,0.0088107180864586
CAN,2008,C26,7085.9,1457327.3,0.0048622570921439
CAN,2008,C27,3539.7,1457327.3,0.0024288984361989
CAN,2008,C28,12722.0,1457327.3,0.0087296793246101
CAN,2008,C29,13511.1,1457327.3,0.0092711500017875
CAN,2008,C30,9407.2,1457327.3,0.0064551044916265
CAN,2008,C31T33,13575.7,1457327.3,0.0093154777241872
CAN,2008,D,32691.0,1457327.3,0.0224321605723024
CAN,2008,E,6249.0,1457327.3,0.0042879866451414
CAN,2008,F,104974.0,1457327.3,0.0720318627119659
CAN,2008,G,156164.9,1457327.3,0.1071584262505752
CAN,2008,H49,34242.0,1457327.3,0.0234964376224887
CAN,2008,H50,1332.6,1457327.3,0.0009144136667171
CAN,2008,H51,4317.5,1457327.3,0.0029626151928945
CAN,2008,H52,12552.3,1457327.3,0.0086132332798541
CAN,2008,H53,6831.0,1457327.3,0.0046873478593312
CAN,2008,I,29756.8,1457327.3,0.0204187487601446
CAN,2008,J58T60,15809.0,1457327.3,0.0108479406101841
CAN,2008,J61,27733.4,1457327.3,0.0190303166625644
CAN,2008,J62_63,19118.1,1457327.3,0.0131186041735442
CAN,2008,K,104416.7,1457327.3,0.0716494503328113
CAN,2008,L,154403.8,1457327.3,0.1059499811744417
CAN,2008,M,61576.2,1457327.3,0.0422528281738769
CAN,2008,N,45810.3,1457327.3,0.0314344622515477
CAN,2008,O,94494.0,1457327.3,0.0648406161059358
CAN,2008,P,74948.6,1457327.3,0.051428803948159
CAN,2008,Q,95961.6,1457327.3,0.0658476651058413
CAN,2008,R,11468.0,1457327.3,0.0078692000074382
CAN,2008,S,16086.4,1457327.3,0.0110382890651948
CAN,2008,T,2464.7,1457327.3,0.0016912467089582
CAN,2008,HFCE,0.0,1457327.3,0.0
CAN,2009,A01_02,20232.0,1287006.4,0.0157202015467832
CAN,2009,A03,1102.9,1287006.4,0.0008569498955094
CAN,2009,B05_06,58089.7,1287006.4,0.0451355175856157
CAN,2009,B07_08,12860.2,1287006.4,0.0099923357024487
CAN,2009,B09,8558.0,1287006.4,0.0066495395827091
CAN,2009,C10T12,24662.1,1287006.4,0.0191623755717143
CAN,2009,C13T15,2593.1,1287006.4,0.0020148306954806
CAN,2009,C16,5350.8,1287006.4,0.0041575550828651
CAN,2009,C17_18,11334.1,1287006.4,0.0088065607132956
CAN,2009,C19,5576.0,1287006.4,0.0043325347877057
CAN,2009,C20,8130.5,1287006.4,0.0063173734023389
CAN,2009,C21,4115.6,1287006.4,0.0031978084957464
CAN,2009,C22,6590.4,1287006.4,0.0051207204564017
CAN,2009,C23,6186.6,1287006.4,0.0048069691028731
CAN,2009,C24,8072.7,1287006.4,0.006272462980759
CAN,2009,C25,10618.4,1287006.4,0.0082504640225565
CAN,2009,C26,6715.7,1287006.4,0.005218078169619
CAN,2009,C27,3232.6,1287006.4,0.0025117202214379
CAN,2009,C28,10155.0,1287006.4,0.0078904036530043
CAN,2009,C29,9733.6,1287006.4,0.0075629771538043
CAN,2009,C30,7954.4,1287006.4,0.0061805442459338
CAN,2009,C31T33,11680.2,1287006.4,0.0090754793449356
CAN,2009,D,28672.6,1287006.4,0.022278521691889
CAN,2009,E,5926.4,1287006.4,0.0046047945060723
CAN,2009,F,92579.1,1287006.4,0.0719336749218962
CAN,2009,G,141837.9,1287006.4,0.1102076104672051
CAN,2009,H49,29969.1,1287006.4,0.0232858981897836
CAN,2009,H50,1409.5,1287006.4,0.0010951771490802
CAN,2009,H51,4126.1,1287006.4,0.0032059669633344
CAN,2009,H52,11268.4,1287006.4,0.0087555120161018
CAN,2009,H53,6367.0,1287006.4,0.0049471393460048
CAN,2009,I,27722.1,1287006.4,0.0215399861259431
CAN,2009,J58T60,14084.9,1287006.4,0.0109439238219794
CAN,2009,J61,26177.7,1287006.4,0.0203399920932794
CAN,2009,J62_63,19400.7,1287006.4,0.0150742840128844
CAN,2009,K,91937.2,1287006.4,0.0714349206033474
CAN,2009,L,151231.5,1287006.4,0.1175064086705396
CAN,2009,M,55657.1,1287006.4,0.0432453948946951
CAN,2009,N,42133.8,1287006.4,0.0327378325391388
CAN,2009,O,95282.8,1287006.4,0.0740344414759709
CAN,2009,P,73790.1,1287006.4,0.0573346799207836
CAN,2009,Q,95102.3,1287006.4,0.0738941935331479
CAN,2009,R,10785.7,1287006.4,0.0083804556061259
CAN,2009,S,15596.0,1287006.4,0.0121180438574353
CAN,2009,T,2403.8,1287006.4,0.0018677451798219
CAN,2009,HFCE,0.0,1287006.4,0.0
CAN,2010,A01_02,22788.7,1513473.5,0.0150572177180505
CAN,2010,A03,1362.0,1513473.5,0.0008999166486892
CAN,2010,B05_06,77609.7,1513473.5,0.05127919319367
CAN,2010,B07_08,21200.5,1513473.5,0.0140078435466494
CAN,2010,B09,13633.4,1513473.5,0.0090080202923936
CAN,2010,C10T12,27650.3,1513473.5,0.0182694312123733
CAN,2010,C13T15,2669.6,1513473.5,0.0017638894899712
CAN,2010,C16,6613.8,1513473.5,0.0043699476733487
CAN,2010,C17_18,12967.5,1513473.5,0.0085680390175315
CAN,2010,C19,6107.1,1513473.5,0.0040351548936932
CAN,2010,C20,10629.9,1513473.5,0.0070235124698252
CAN,2010,C21,4540.3,1513473.5,0.0029999203818236
CAN,2010,C22,7937.9,1513473.5,0.0052448225885686
CAN,2010,C23,6995.3,1513473.5,0.0046220168374272
CAN,2010,C24,10273.6,1513473.5,0.0067880937459426
CAN,2010,C25,12055.0,1513473.5,0.0079651212921798
CAN,2010,C26,7725.3,1513473.5,0.0051043510177086
CAN,2010,C27,3513.2,1513473.5,0.0023212827974853
CAN,2010,C28,11440.5,1513473.5,0.0075591016294636
CAN,2010,C29,14078.0,1513473.5,0.0093017816301375
CAN,2010,C30,8436.9,1513473.5,0.0055745277337198
CAN,2010,C31T33,13381.0,1513473.5,0.0088412515977319
CAN,2010,D,32427.4,1513473.5,0.0214258128734992
CAN,2010,E,7082.7,1513473.5,0.0046797647927102
CAN,2010,F,112060.0,1513473.5,0.0740416003319516
CAN,2010,G,164732.0,1513473.5,0.1088436632686333
CAN,2010,H49,35615.4,1513473.5,0.0235322257046456
CAN,2010,H50,1529.9,1513473.5,0.0010108535101539
CAN,2010,H51,5361.5,1513473.5,0.0035425132980524
CAN,2010,H52,12717.0,1513473.5,0.0084025257132021
CAN,2010,H53,6977.9,1513473.5,0.0046105201049109
CAN,2010,I,31556.7,1513473.5,0.0208505137354568
CAN,2010,J58T60,15946.8,1513473.5,0.0105365571316577
CAN,2010,J61,30252.9,1513473.5,0.0199890516748393
CAN,2010,J62_63,22156.7,1513473.5,0.0146396352496426
CAN,2010,K,107696.7,1513473.5,0.0711586294705523
CAN,2010,L,175053.1,1513473.5,0.115663141772882
CAN,2010,M,64848.1,1513473.5,0.042847198844248
CAN,2010,N,48827.5,1513473.5,0.0322618797091591
CAN,2010,O,109634.3,1513473.5,0.0724388633167346
CAN,2010,P,84306.1,1513473.5,0.0557037173098835
CAN,2010,Q,108972.3,1513473.5,0.0720014588957124
CAN,2010,R,11947.2,1513473.5,0.0078938944091191
CAN,2010,S,17403.9,1513473.5,0.0114993093701343
CAN,2010,T,2757.9,1513473.5,0.0018222321038326
CAN,2010,HFCE,0.0,1513473.5,0.0
CAN,2011,A01_02,30076.0,1680405.0,0.0178980662399838
CAN,2011,A03,1588.1,1680405.0,0.0009450697897233
CAN,2011,B05_06,95341.9,1680405.0,0.0567374531734909
CAN,2011,B07_08,28641.6,1680405.0,0.0170444624956483
CAN,2011,B09,17564.6,1680405.0,0.0104525992245916
CAN,2011,C10T12,28684.0,1680405.0,0.0170696945081691
CAN,2011,C13T15,2748.5,1680405.0,0.0016356176040894
CAN,2011,C16,6599.9,1680405.0,0.003927565081037
CAN,2011,C17_18,12968.3,1680405.0,0.007717365754089
CAN,2011,C19,7903.9,1680405.0,0.0047035684849783
CAN,2011,C20,13435.3,1680405.0,0.0079952749485987
CAN,2011,C21,4283.0,1680405.0,0.0025487903213808
CAN,2011,C22,8502.3,1680405.0,0.005059673114517
CAN,2011,C23,7697.7,1680405.0,0.0045808599712569
CAN,2011,C24,12635.7,1680405.0,0.0075194372785132
CAN,2011,C25,13976.1,1680405.0,0.0083171021271657
CAN,2011,C26,7690.6,1680405.0,0.0045766347993489
CAN,2011,C27,4060.6,1680405.0,0.0024164412745736
CAN,2011,C28,14506.8,1680405.0,0.0086329188499201
CAN,2011,C29,14576.5,1680405.0,0.0086743969459743
CAN,2011,C30,9233.2,1680405.0,0.0054946277831832
CAN,2011,C31T33,14729.2,1680405.0,0.0087652678967272
CAN,2011,D,35546.7,1680405.0,0.0211536504592642
CAN,2011,E,8053.5,1680405.0,0.004792594642363
CAN,2011,F,123015.9,1680405.0,0.0732061021003865
CAN,2011,G,178892.1,1680405.0,0.1064577289403447
CAN,2011,H49,39876.2,1680405.0,0.0237301126811691
CAN,2011,H50,1707.3,1680405.0,0.0010160050702062
CAN,2011,H51,5921.6,1680405.0,0.0035239123901678
CAN,2011,H52,14240.9,1680405.0,0.0084746831864937
CAN,2011,H53,7119.5,1680405.0,0.0042367762533436
CAN,2011,I,34143.7,1680405.0,0.0203187326864654
CAN,2011,J58T60,17255.3,1680405.0,0.0102685364540095
CAN,2011,J61,32189.7,1680405.0,0.0191559177698233
CAN,2011,J62_63,25325.0,1680405.0,0.0150707716294583
CAN,2011,K,118409.6,1680405.0,0.0704649176835346
CAN,2011,L,190083.3,1680405.0,0.1131175520187097
CAN,2011,M,71994.2,1680405.0,0.0428433621656683
CAN,2011,N,53118.4,1680405.0,0.0316104748557639
CAN,2011,O,120484.9,1680405.0,0.071699917579393
CAN,2011,P,91653.3,1680405.0,0.054542387103109
CAN,2011,Q,119377.0,1680405.0,0.0710406122333604
CAN,2011,R,12743.9,1680405.0,0.007583826518012
CAN,2011,S,18846.4,1680405.0,0.0112153915276376
CAN,2011,T,2962.8,1680405.0,0.0017631463843537
CAN,2011,HFCE,0.0,1680405.0,0.0
CAN,2012,A01_02,31539.0,1711519.6,0.0184274839738908
CAN,2012,A03,1580.0,1711519.6,0.0009231562408049
CAN,2012,B05_06,81680.5,1711519.6,0.0477239641310563
CAN,2012,B07_08,23835.0,1711519.6,0.0139262208858139
CAN,2012,B09,19090.0,1711519.6,0.0111538307828902
CAN,2012,C10T12,29247.5,1711519.6,0.0170886152866727
CAN,2012,C13T15,2548.6,1711519.6,0.0014890860729844
CAN,2012,C16,7406.7,1711519.6,0.004327557803019
CAN,2012,C17_18,12221.7,1711519.6,0.007140847233067
CAN,2012,C19,9780.2,1711519.6,0.0057143371305826
CAN,2012,C20,13321.4,1711519.6,0.0077833756621893
CAN,2012,C21,4693.0,1711519.6,0.0027420077456314
CAN,2012,C22,8930.6,1711519.6,0.0052179361545143
CAN,2012,C23,7841.9,1711519.6,0.0045818347625116
CAN,2012,C24,11158.0,1711519.6,0.0065193527436086
CAN,2012,C25,15061.5,1711519.6,0.0088000745068884
CAN,2012,C26,6728.2,1711519.6,0.0039311264679644
CAN,2012,C27,3996.5,1711519.6,0.0023350594407449
CAN,2012,C28,15252.6,1711519.6,0.0089117296699377
CAN,2012,C29,16080.1,1711519.6,0.0093952181441568
CAN,2012,C30,9987.3,1711519.6,0.0058353407112603
CAN,2012,C31T33,15047.5,1711519.6,0.0087918946414636
CAN,2012,D,35508.4,1711519.6,0.0207467095322776
CAN,2012,E,8616.4,1711519.6,0.0050343566033365
CAN,2012,F,135044.0,1711519.6,0.0789029818881419
CAN,2012,G,183474.8,1711519.6,0.1071999409180005
CAN,2012,H49,41267.1,1711519.6,0.0241113803195709
CAN,2012,H50,1753.1,1711519.6,0.0010242944340222
CAN,2012,H51,6490.1,1711519.6,0.0037920103281317
CAN,2012,H52,14882.4,1711519.6,0.0086954306570605
CAN,2012,H53,7080.5,1711519.6,0.0041369669386199
CAN,2012,I,35568.4,1711519.6,0.0207817660983841
CAN,2012,J58T60,17721.2,1711519.6,0.0103540736547802
CAN,2012,J61,32509.5,1711519.6,0.0189945239306637
CAN,2012,J62_63,26452.7,1711519.6,0.0154556804374311
CAN,2012,K,116428.4,1711519.6,0.0680263316879339
CAN,2012,L,197186.4,1711519.6,0.1152113011151026
CAN,2012,M,74876.2,1711519.6,0.0437483742517468
CAN,2012,N,55732.2,1711519.6,0.0325629925593606
CAN,2012,O,122504.3,1711519.6,0.0715763348547103
CAN,2012,P,93764.2,1711519.6,0.0547841812620784
CAN,2012,Q,122244.1,1711519.6,0.0714243062130284
CAN,2012,R,12940.2,1711519.6,0.0075606496121925
CAN,2012,S,19425.3,1711519.6,0.0113497385598155
CAN,2012,T,3021.9,1711519.6,0.0017656239519547
CAN,2012,HFCE,0.0,1711519.6,0.0
CAN,2013,A01_02,33317.0,1729799.0,0.0192606192973865
CAN,2013,A03,1662.9,1729799.0,0.0009613255644152
CAN,2013,B05_06,89325.9,1729799.0,0.0516394679381824
CAN,2013,B07_08,22402.8,1729799.0,0.0129511000989132
CAN,2013,B09,19704.2,1729799.0,0.0113910344496672
CAN,2013,C10T12,27997.2,1729799.0,0.0161852330819939
CAN,2013,C13T15,2288.0,1729799.0,0.0013226970301173
CAN,2013,C16,8528.0,1729799.0,0.0049300525668011
CAN,2013,C17_18,11535.4,1729799.0,0.006668636066965
CAN,2013,C19,9836.6,1729799.0,0.0056865566461768
CAN,2013,C20,13670.0,1729799.0,0.0079026522734722
CAN,2013,C21,3800.5,1729799.0,0.002197076076469
CAN,2013,C22,8706.6,1729799.0,0.0050333015570017
CAN,2013,C23,7203.9,1729799.0,0.0041645879087685
CAN,2013,C24,9418.2,1729799.0,0.0054446788326273
CAN,2013,C25,14976.6,1729799.0,0.0086580001491502
CAN,2013,C26,5895.3,1729799.0,0.0034080838293928
CAN,2013,C27,3788.8,1729799.0,0.0021903122848377
CAN,2013,C28,14717.5,1729799.0,0.008508213960119
CAN,2013,C29,15501.8,1729799.0,0.0089616192401544
CAN,2013,C30,10719.9,1729799.0,0.0061971940092461
CAN,2013,C31T33,14679.6,1729799.0,0.0084863039000485
CAN,2013,D,36043.7,1729799.0,0.0208369296085845
CAN,2013,E,8754.2,1729799.0,0.0050608192050059
CAN,2013,F,138147.4,1729799.0,0.0798632673507153
CAN,2013,G,184538.5,1729799.0,0.1066820480298578
CAN,2013,H49,41933.3,1729799.0,0.0242417182574391
CAN,2013,H50,1614.3,1729799.0,0.0009332298145622
CAN,2013,H51,6334.1,1729799.0,0.0036617549206584
CAN,2013,H52,15812.5,1729799.0,0.0091412354845852
CAN,2013,H53,7155.4,1729799.0,0.0041365499691004
CAN,2013,I,36528.1,1729799.0,0.0211169621441566
CAN,2013,J58T60,17764.6,1729799.0,0.0102697481036814
CAN,2013,J61,31212.3,1729799.0,0.0180438883361592
CAN,2013,J62_63,27326.4,1729799.0,0.0157974423618004
CAN,2013,K,119680.1,1729799.0,0.0691872870778628
CAN,2013,L,199879.1,1729799.0,0.1155504772519813
CAN,2013,M,74870.6,1729799.0,0.0432828322828259
CAN,2013,N,55952.7,1729799.0,0.0323463593168917
CAN,2013,O,124372.7,1729799.0,0.0719000878136708
CAN,2013,P,94004.9,1729799.0,0.0543444064888463
CAN,2013,Q,123152.5,1729799.0,0.0711946879377315
CAN,2013,R,12467.3,1729799.0,0.0072073691798873
CAN,2013,S,19557.6,1729799.0,0.0113062847186291
CAN,2013,T,3020.0,1729799.0,0.0017458675834591
CAN,2013,HFCE,0.0,1729799.0,0.0
CAN,2014,A01_02,26879.6,1690660.3,0.0158988769062596
CAN,2014,A03,1769.6,1690660.3,0.0010466916387638
CAN,2014,B05_06,101141.6,1690660.3,0.0598237268598547
CAN,2014,B07_08,20552.2,1690660.3,0.0121563154940114
CAN,2014,B09,19228.8,1690660.3,0.011373544407472
CAN,2014,C10T12,26812.5,1690660.3,0.0158591882709968
CAN,2014,C13T15,2111.8,1690660.3,0.0012490977637553
CAN,2014,C16,7896.8,1690660.3,0.0046708377785886
CAN,2014,C17_18,11076.7,1690660.3,0.006551700539724
CAN,2014,C19,9444.7,1690660.3,0.0055863972200683
CAN,2014,C20,11943.9,1690660.3,0.0070646362252665
CAN,2014,C21,4465.3,1690660.3,0.0026411574223396
CAN,2014,C22,8365.7,1690660.3,0.0049481850375264
CAN,2014,C23,6692.9,1690660.3,0.0039587491348794
CAN,2014,C24,10216.8,1690660.3,0.0060430826937853
CAN,2014,C25,13919.0,1690660.3,0.0082328780063032
CAN,2014,C26,5645.6,1690660.3,0.003339287022946
CAN,2014,C27,3007.0,1690660.3,0.0017785950258606
CAN,2014,C28,13899.1,1690660.3,0.0082211074572461
CAN,2014,C29,15907.7,1690660.3,0.0094091639816703
CAN,2014,C30,11211.6,1690660.3,0.0066314918496637
CAN,2014,C31T33,13547.0,1690660.3,0.0080128456319699
CAN,2014,D,34870.4,1690660.3,0.0206253142633088
CAN,2014,E,8652.7,1690660.3,0.0051179411972943
CAN,2014,F,135383.6,1690660.3,0.0800773520263059
CAN,2014,G,178420.7,1690660.3,0.1055331458365704
CAN,2014,H49,41834.9,1690660.3,0.0247447106908466
CAN,2014,H50,1595.8,1690660.3,0.0009438915670995
CAN,2014,H51,6829.6,1690660.3,0.0040396051175981
CAN,2014,H52,15943.9,1690660.3,0.0094305757342264
CAN,2014,H53,7114.7,1690660.3,0.0042082374560992
CAN,2014,I,35897.8,1690660.3,0.0212330058261851
CAN,2014,J58T60,17826.7,1690660.3,0.0105442234610938
CAN,2014,J61,28995.7,1690660.3,0.0171505180549871
CAN,2014,J62_63,27740.3,1690660.3,0.0164079679401
CAN,2014,K,118983.7,1690660.3,0.070377059188058
CAN,2014,L,194778.3,1690660.3,0.1152084188645111
CAN,2014,M,73540.7,1690660.3,0.0434982119116418
CAN,2014,N,54511.1,1690660.3,0.032242491291716
CAN,2014,O,118037.8,1690660.3,0.0698175736426767
CAN,2014,P,90139.1,1690660.3,0.0533159144980218
CAN,2014,Q,119712.3,1690660.3,0.0708080150696151
CAN,2014,R,12180.2,1690660.3,0.0072044041017583
CAN,2014,S,19034.2,1690660.3,0.0112584414503611
CAN,2014,T,2900.2,1690660.3,0.0017154244409713
CAN,2014,HFCE,0.0,1690660.3,0.0
CAN,2015,A01_02,27362.3,1452182.5,0.0188421909780623
CAN,2015,A03,1744.1,1452182.5,0.0012010198442688
CAN,2015,B05_06,39945.0,1452182.5,0.0275068732752253
CAN,2015,B07_08,17401.4,1452182.5,0.0119829291428591
CAN,2015,B09,11817.3,1452182.5,0.0081376135575246
CAN,2015,C10T12,23892.7,1452182.5,0.0164529595970203
CAN,2015,C13T15,1918.5,1452182.5,0.0013211149425089
CAN,2015,C16,7008.3,1452182.5,0.0048260463130494
CAN,2015,C17_18,10052.1,1452182.5,0.0069220638590535
CAN,2015,C19,10699.7,1452182.5,0.0073680133178853
CAN,2015,C20,11528.7,1452182.5,0.0079388782057351
CAN,2015,C21,3994.9,1452182.5,0.0027509627749955
CAN,2015,C22,8007.8,1452182.5,0.0055143206862773
CAN,2015,C23,5707.7,1452182.5,0.0039304288545
CAN,2015,C24,8875.1,1452182.5,0.0061115596696696
CAN,2015,C25,12001.9,1452182.5,0.0082647325663268
CAN,2015,C26,4925.6,1452182.5,0.0033918601828626
CAN,2015,C27,2893.7,1452182.5,0.0019926558817503
CAN,2015,C28,11614.0,1452182.5,0.0079976173793583
CAN,2015,C29,14594.5,1452182.5,0.0100500453627557
CAN,2015,C30,10454.9,1452182.5,0.0071994394643923
CAN,2015,C31T33,12364.8,1452182.5,0.0085146322862312
CAN,2015,D,31283.4,1452182.5,0.0215423336942842
CAN,2015,E,7575.3,1452182.5,0.0052164931060662
CAN,2015,F,116767.6,1452182.5,0.0804083508787635
CAN,2015,G,154750.3,1452182.5,0.1065639477131834
CAN,2015,H49,36650.1,1452182.5,0.0252379435780282
CAN,2015,H50,1458.6,1452182.5,0.0010044192103953
CAN,2015,H51,6970.7,1452182.5,0.0048001542505848
CAN,2015,H52,14991.8,1452182.5,0.0103236335653404
CAN,2015,H53,5986.9,1452182.5,0.0041226911906733
CAN,2015,I,32271.2,1452182.5,0.0222225512289261
CAN,2015,J58T60,14245.7,1452182.5,0.0098098551662755
CAN,2015,J61,25663.3,1452182.5,0.0176722278363773
CAN,2015,J62_63,25631.3,1452182.5,0.0176501920385351
CAN,2015,K,107735.3,1452182.5,0.074188540352194
CAN,2015,L,176102.1,1452182.5,0.1212671960996637
CAN,2015,M,64349.1,1452182.5,0.0443119924665116
CAN,2015,N,47945.7,1452182.5,0.0330163047688565
CAN,2015,O,103713.8,1452182.5,0.0714192603202421
CAN,2015,P,80670.5,1452182.5,0.055551213432196
CAN,2015,Q,108351.5,1452182.5,0.0746128671843931
CAN,2015,R,10963.3,1452182.5,0.0075495332026105
CAN,2015,S,16736.6,1452182.5,0.0115251354426871
CAN,2015,T,2563.4,1452182.5,0.0017652051308978
CAN,2015,HFCE,0.0,1452182.5,0.0
CAN,2016,A01_02,26402.7,1422916.9,0.0185553351710138
CAN,2016,A03,2054.3,1422916.9,0.0014437245070319
CAN,2016,B05_06,33318.3,1422916.9,0.0234154924999485
CAN,2016,B07_08,15355.5,1422916.9,0.0107915648482353
CAN,2016,B09,8740.0,1422916.9,0.0061423123163411
CAN,2016,C10T12,24548.2,1422916.9,0.0172520264535476
CAN,2016,C13T15,1807.6,1422916.9,0.0012703482543499
CAN,2016,C16,7536.7,1422916.9,0.0052966550611634
CAN,2016,C17_18,9793.9,1422916.9,0.0068829739811228
CAN,2016,C19,8967.8,1422916.9,0.0063024059943345
CAN,2016,C20,11256.7,1422916.9,0.007911003095121
CAN,2016,C21,4109.3,1422916.9,0.0028879409612746
CAN,2016,C22,7806.0,1422916.9,0.0054859141809335
CAN,2016,C23,5545.0,1422916.9,0.0038969246904018
CAN,2016,C24,8397.5,1422916.9,0.0059016095739673
CAN,2016,C25,11522.3,1422916.9,0.0080976619224917
CAN,2016,C26,4709.1,1422916.9,0.0033094694426638
CAN,2016,C27,3002.6,1422916.9,0.0021101724211723
CAN,2016,C28,10720.3,1422916.9,0.0075340309753858
CAN,2016,C29,15254.4,1422916.9,0.0107205136153769
CAN,2016,C30,9290.0,1422916.9,0.0065288422675983
CAN,2016,C31T33,12314.4,1422916.9,0.008654335330475
CAN,2016,D,30618.2,1422916.9,0.0215179115519676
CAN,2016,E,7584.2,1422916.9,0.0053300371933174
CAN,2016,F,108650.3,1422916.9,0.0763574457510484
CAN,2016,G,155182.5,1422916.9,0.1090594257472098
CAN,2016,H49,36140.7,1422916.9,0.0253990236534543
CAN,2016,H50,1321.7,1422916.9,0.0009288666119574
CAN,2016,H51,7072.7,1422916.9,0.0049705643386483
CAN,2016,H52,15246.1,1422916.9,0.0107146805270216
CAN,2016,H53,5849.0,1422916.9,0.0041105703361875
CAN,2016,I,33162.2,1422916.9,0.0233057882719644
CAN,2016,J58T60,14171.1,1422916.9,0.0099591901677462
CAN,2016,J61,25682.8,1422916.9,0.0180494026039047
CAN,2016,J62_63,26680.9,1422916.9,0.018750849048177
CAN,2016,K,103536.2,1422916.9,0.0727633497079133
CAN,2016,L,178212.0,1422916.9,0.125244137588077
CAN,2016,M,63429.6,1422916.9,0.0445771639932029
CAN,2016,N,46633.1,1422916.9,0.0327728906726738
CAN,2016,O,102676.9,1422916.9,0.0721594493677037
CAN,2016,P,80298.5,1422916.9,0.0564323187109521
CAN,2016,Q,108464.8,1422916.9,0.0762270797402153
CAN,2016,R,11072.7,1422916.9,0.0077816912568822
CAN,2016,S,16272.1,1422916.9,0.0114357345815486
CAN,2016,T,2506.0,1422916.9,0.0017611710142735
CAN,2016,HFCE,0.0,1422916.9,0.0
CAN,2017,A01_02,28769.4,1534485.8,0.0187485605927405
CAN,2017,A03,2404.0,1534485.8,0.0015666485802605
CAN,2017,B05_06,51662.4,1534485.8,0.0336675647308042
CAN,2017,B07_08,18402.8,1534485.8,0.0119928121850329
CAN,2017,B09,10722.4,1534485.8,0.006987617611059
CAN,2017,C10T12,26516.2,1534485.8,0.0172801859750021
CAN,2017,C13T15,1892.4,1534485.8,0.0012332469938789
CAN,2017,C16,8569.6,1534485.8,0.0055846720771218
CAN,2017,C17_18,10241.6,1534485.8,0.0066742878950069
CAN,2017,C19,8692.8,1534485.8,0.0056649595584397
CAN,2017,C20,11908.4,1534485.8,0.0077605149555636
CAN,2017,C21,4077.3,1534485.8,0.0026571115874777
CAN,2017,C22,8227.5,1534485.8,0.0053617309459624
CAN,2017,C23,6069.3,1534485.8,0.0039552663178766
CAN,2017,C24,9602.0,1534485.8,0.0062574707436197
CAN,2017,C25,11764.1,1534485.8,0.0076664769397018
CAN,2017,C26,5036.0,1534485.8,0.0032818811356872
CAN,2017,C27,3129.0,1534485.8,0.0020391195539248
CAN,2017,C28,12146.3,1534485.8,0.0079155506033356
CAN,2017,C29,14457.5,1534485.8,0.0094217228989671
CAN,2017,C30,9672.5,1534485.8,0.006303414472783
CAN,2017,C31T33,12973.0,1534485.8,0.0084542978501332
CAN,2017,D,31169.3,1534485.8,0.0203125372681845
CAN,2017,E,8064.9,1534485.8,0.0052557671110413
CAN,2017,F,116551.3,1534485.8,0.0759546292314989
CAN,2017,G,166295.9,1534485.8,0.1083723941922434
CAN,2017,H49,38746.5,1534485.8,0.0252504780428727
CAN,2017,H50,1376.9,1534485.8,0.0008973038395011
CAN,2017,H51,7938.5,1534485.8,0.0051733942405983
CAN,2017,H52,16840.2,1534485.8,0.0109744906078635
CAN,2017,H53,6435.3,1534485.8,0.0041937826990644
CAN,2017,I,35435.6,1534485.8,0.0230928171508657
CAN,2017,J58T60,14925.5,1534485.8,0.0097267110585187
CAN,2017,J61,27866.1,1534485.8,0.0181598943437599
CAN,2017,J62_63,29461.1,1534485.8,0.0191993304858213
CAN,2017,K,111032.9,1534485.8,0.0723583756851969
CAN,2017,L,188500.4,1534485.8,0.1228427138263514
CAN,2017,M,67878.5,1534485.8,0.0442353392908556
CAN,2017,N,48433.2,1534485.8,0.0315631464298985
CAN,2017,O,110212.4,1534485.8,0.0718236688798293
CAN,2017,P,84008.2,1534485.8,0.0547468083445281
CAN,2017,Q,114311.4,1534485.8,0.0744949220123118
CAN,2017,R,12023.7,1534485.8,0.0078356541324787
CAN,2017,S,17445.8,1534485.8,0.011369150499796
CAN,2017,T,2595.7,1534485.8,0.0016915764225384
CAN,2017,HFCE,0.0,1534485.8,0.0
CAN,2018,A01_02,27032.0,1607933.4,0.0168116415766971
CAN,2018,A03,2299.2,1607933.4,0.0014299099701517
CAN,2018,B05_06,59239.6,1607933.4,0.0368420731853694
CAN,2018,B07_08,19601.2,1607933.4,0.0121903058920226
CAN,2018,B09,11955.1,1607933.4,0.0074350716267228
CAN,2018,C10T12,26546.6,1607933.4,0.0165097634018921
CAN,2018,C13T15,2099.3,1607933.4,0.0013055889006348
CAN,2018,C16,9155.0,1607933.4,0.0056936437790271
CAN,2018,C17_18,11513.6,1607933.4,0.0071604955777397
CAN,2018,C19,12168.9,1607933.4,0.0075680373328895
CAN,2018,C20,13135.9,1607933.4,0.0081694304005377
CAN,2018,C21,4275.7,1607933.4,0.0026591275484419
CAN,2018,C22,8474.3,1607933.4,0.0052703053497116
CAN,2018,C23,6482.3,1607933.4,0.0040314480686824
CAN,2018,C24,9902.1,1607933.4,0.0061582774510436
CAN,2018,C25,12679.0,1607933.4,0.0078852768404462
CAN,2018,C26,5335.4,1607933.4,0.003318172257632
CAN,2018,C27,3199.1,1607933.4,0.0019895724536849
CAN,2018,C28,13268.7,1607933.4,0.0082520208859396
CAN,2018,C29,14011.9,1607933.4,0.0087142290843638
CAN,2018,C30,9807.9,1607933.4,0.0060996929350432
CAN,2018,C31T33,13679.2,1607933.4,0.0085073175294449
CAN,2018,D,33861.6,1607933.4,0.0210590811783622
CAN,2018,E,8458.1,1607933.4,0.0052602303055586
CAN,2018,F,121499.3,1607933.4,0.0755623958056969
CAN,2018,G,172233.9,1607933.4,0.1071150708107686
CAN,2018,H49,41159.7,1607933.4,0.0255978885692653
CAN,2018,H50,1322.1,1607933.4,0.0008222355478155
CAN,2018,H51,7985.7,1607933.4,0.0049664370427282
CAN,2018,H52,17938.8,1607933.4,0.0111564322253645
CAN,2018,H53,7181.5,1607933.4,0.0044662919496541
CAN,2018,I,37477.4,1607933.4,0.023307806156648
CAN,2018,J58T60,16005.4,1607933.4,0.0099540192398516
CAN,2018,J61,28092.5,1607933.4,0.0174711838189318
CAN,2018,J62_63,31949.1,1607933.4,0.0198696662436391
CAN,2018,K,113535.2,1607933.4,0.0706093921551726
CAN,2018,L,195212.4,1607933.4,0.1214057746421587
CAN,2018,M,71115.2,1607933.4,0.0442277024657862
CAN,2018,N,50750.0,1607933.4,0.03156225251618
CAN,2018,O,115486.3,1607933.4,0.0718228130592971
CAN,2018,P,87363.0,1607933.4,0.0543324742181485
CAN,2018,Q,120122.4,1607933.4,0.0747060792443269
CAN,2018,R,12498.4,1607933.4,0.00777295875563
CAN,2018,S,18147.9,1607933.4,0.0112864749248942
CAN,2018,T,2675.5,1607933.4,0.0016639370760007
CAN,2018,HFCE,0.0,1607933.4,0.0
CAN,2019,A01_02,27348.8,1626595.6,0.0168135214431909
CAN,2019,A03,2338.1,1626595.6,0.0014374193561079
CAN,2019,B05_06,58575.1,1626595.6,0.0360108560480552
CAN,2019,B07_08,19774.7,1626595.6,0.0121571089950077
CAN,2019,B09,11615.4,1626595.6,0.0071409267306514
CAN,2019,C10T12,27467.5,1626595.6,0.0168864959428145
CAN,2019,C13T15,2040.3,1626595.6,0.0012543375870437
CAN,2019,C16,8014.3,1626595.6,0.0049270390255574
CAN,2019,C17_18,10729.2,1626595.6,0.0065961078463509
CAN,2019,C19,10934.3,1626595.6,0.0067221994206796
CAN,2019,C20,12058.1,1626595.6,0.0074130902604187
CAN,2019,C21,4283.1,1626595.6,0.0026331683179273
CAN,2019,C22,8326.6,1626595.6,0.0051190351185014
CAN,2019,C23,6733.6,1626595.6,0.0041396890536283
CAN,2019,C24,9020.6,1626595.6,0.0055456931028216
CAN,2019,C25,13140.5,1626595.6,0.0080785291685284
CAN,2019,C26,5714.5,1626595.6,0.0035131657801115
CAN,2019,C27,3231.1,1626595.6,0.0019864187509175
CAN,2019,C28,12929.6,1626595.6,0.0079488718646478
CAN,2019,C29,14212.7,1626595.6,0.0087376973108743
CAN,2019,C30,10818.0,1626595.6,0.0066507003953533
CAN,2019,C31T33,13685.5,1626595.6,0.0084135847902207
CAN,2019,D,33832.0,1626595.6,0.0207992693451279
CAN,2019,E,8754.4,1626595.6,0.005382038412006
CAN,2019,F,122282.8,1626595.6,0.0751771368372077
CAN,2019,G,172228.6,1626595.6,0.1058828635710068
CAN,2019,H49,41403.6,1626595.6,0.025454144840918
CAN,2019,H50,1290.6,1626595.6,0.0007934363034057
CAN,2019,H51,8414.3,1626595.6,0.0051729514084508
CAN,2019,H52,18167.1,1626595.6,0.0111687871281589
CAN,2019,H53,7313.9,1626595.6,0.0044964464431109
CAN,2019,I,38362.3,1626595.6,0.0235844115156834
CAN,2019,J58T60,16333.1,1626595.6,0.0100412788525924
CAN,2019,J61,27763.4,1626595.6,0.0170684096280599
CAN,2019,J62_63,33503.9,1626595.6,0.0205975597130595
CAN,2019,K,115239.1,1626595.6,0.0708468042087412
CAN,2019,L,201409.1,1626595.6,0.1238224792935625
CAN,2019,M,72917.6,1626595.6,0.0448283519271784
CAN,2019,N,51748.8,1626595.6,0.0318141767996913
CAN,2019,O,116596.3,1626595.6,0.0716811849238987
CAN,2019,P,88414.4,1626595.6,0.0543554894652364
CAN,2019,Q,123499.3,1626595.6,0.0759250178716824
CAN,2019,R,12824.6,1626595.6,0.0078843198641383
CAN,2019,S,18604.3,1626595.6,0.0114375693626614
CAN,2019,T,2700.5,1626595.6,0.0016602159750093
CAN,2019,HFCE,0.0,1626595.6,0.0
CAN,2020,A01_02,27647.0,1545340.6,0.0178905543541663
CAN,2020,A03,2091.8,1545340.6,0.001353617448477
CAN,2020,B05_06,30384.1,1545340.6,0.0196617496492359
CAN,2020,B07_08,20357.1,1545340.6,0.013173212429674
CAN,2020,B09,9869.5,1545340.6,0.0063866179404074
CAN,2020,C10T12,27346.0,1545340.6,0.0176957752873379
CAN,2020,C13T15,1788.8,1545340.6,0.00115754416858
CAN,2020,C16,8874.3,1545340.6,0.0057426175174586
CAN,2020,C17_18,9471.3,1545340.6,0.0061289401184437
CAN,2020,C19,6425.6,1545340.6,0.004158047746885
CAN,2020,C20,10486.5,1545340.6,0.0067858826720788
CAN,2020,C21,4591.8,1545340.6,0.0029713837842608
CAN,2020,C22,7671.3,1545340.6,0.0049641483566794
CAN,2020,C23,6189.5,1545340.6,0.0040052658941336
CAN,2020,C24,8029.4,1545340.6,0.0051958772066171
CAN,2020,C25,11518.1,1545340.6,0.0074534377728767
CAN,2020,C26,5003.7,1545340.6,0.0032379269657446
CAN,2020,C27,2909.4,1545340.6,0.0018826917509318
CAN,2020,C28,11111.0,1545340.6,0.0071900007027576
CAN,2020,C29,10750.0,1545340.6,0.0069563952438705
CAN,2020,C30,8673.9,1545340.6,0.0056129373679821
CAN,2020,C31T33,12965.0,1545340.6,0.0083897362173749
CAN,2020,D,33939.7,1545340.6,0.0219626016426411
CAN,2020,E,8678.4,1545340.6,0.0056158493473865
CAN,2020,F,119625.5,1545340.6,0.0774104427205238
CAN,2020,G,164553.6,1545340.6,0.1064837098048158
CAN,2020,H49,36472.4,1545340.6,0.023601528362097
CAN,2020,H50,1529.2,1545340.6,0.0009895553122722
CAN,2020,H51,2377.0,1545340.6,0.0015381722320632
CAN,2020,H52,15985.1,1545340.6,0.0103440626616553
CAN,2020,H53,7789.8,1545340.6,0.0050408304809955
CAN,2020,I,25855.3,1545340.6,0.0167311335766367
CAN,2020,J58T60,15797.5,1545340.6,0.010222665475818
CAN,2020,J61,27782.8,1545340.6,0.0179784314215261
CAN,2020,J62_63,35782.4,1545340.6,0.0231550248534206
CAN,2020,K,118534.3,1545340.6,0.0767043200702809
CAN,2020,L,211356.1,1545340.6,0.1367699133770251
CAN,2020,M,70792.9,1545340.6,0.0458105481730047
CAN,2020,N,47206.6,1545340.6,0.0305476993227253
CAN,2020,O,117995.7,1545340.6,0.0763557884908996
CAN,2020,P,87170.9,1545340.6,0.0564088589919917
CAN,2020,Q,123137.4,1545340.6,0.0796830161583795
CAN,2020,R,8879.3,1545340.6,0.0057458530501301
CAN,2020,S,17733.5,1545340.6,0.011475463726249
CAN,2020,T,2210.1,1545340.6,0.0014301701514863
CAN,2020,HFCE,0.0,1545340.6,0.0
USA,1995,A01_02,93031.4,7334444.6,0.0126841778858074
USA,1995,A03,2285.6,7334444.6,0.0003116255046769
USA,1995,B05_06,51595.2,7334444.6,0.0070346430866762
USA,1995,B07_08,11891.0,7334444.6,0.0016212543210156
USA,1995,B09,8709.6,7334444.6,0.0011874927789351
USA,1995,C10T12,124071.3,7334444.6,0.0169162502093205
USA,1995,C13T15,54754.5,7334444.6,0.0074653914489994
USA,1995,C16,25343.0,7334444.6,0.0034553400267008
USA,1995,C17_18,97735.6,7334444.6,0.0133255625108955
USA,1995,C19,27814.0,7334444.6,0.0037922435190252
USA,1995,C20,102603.5,7334444.6,0.0139892664810638
USA,1995,C21,55818.8,7334444.6,0.0076105012777654
USA,1995,C22,50634.7,7334444.6,0.0069036856587614
USA,1995,C23,39166.7,7334444.6,0.0053401044163589
USA,1995,C24,58313.2,7334444.6,0.0079505951957152
USA,1995,C25,97357.9,7334444.6,0.0132740657690699
USA,1995,C26,155420.8,7334444.6,0.0211905343180313
USA,1995,C27,45723.0,7334444.6,0.0062340098662685
USA,1995,C28,97305.8,7334444.6,0.0132669623000492
USA,1995,C29,96945.6,7334444.6,0.013217851560294
USA,1995,C30,51454.5,7334444.6,0.0070154596300311
USA,1995,C31T33,72584.1,7334444.6,0.0098963321639923
USA,1995,D,154230.7,7334444.6,0.0210282725429543
USA,1995,E,23596.9,7334444.6,0.0032172715572764
USA,1995,F,294844.2,7334444.6,0.04019993552068
USA,1995,G,837629.9,7334444.6,0.1142049528876392
USA,1995,H49,110094.9,7334444.6,0.015010666247312
USA,1995,H50,6234.0,7334444.6,0.0008499621089236
USA,1995,H51,40872.4,7334444.6,0.0055726646295753
USA,1995,H52,42231.3,7334444.6,0.0057579410989074
USA,1995,H53,66505.8,7334444.6,0.0090675986563454
USA,1995,I,168074.9,7334444.6,0.022915831963609
USA,1995,J58T60,145041.3,7334444.6,0.0197753624044007
USA,1995,J61,164367.8,7334444.6,0.0224103949193371
USA,1995,J62_63,79560.1,7334444.6,0.0108474607606961
USA,1995,K,477824.5,7334444.6,0.065148014070486
USA,1995,L,829892.2,7334444.6,0.113149971846539
USA,1995,M,462013.8,7334444.6,0.0629923361886188
USA,1995,N,236833.2,7334444.6,0.0322905431721442
USA,1995,O,704111.6,7334444.6,0.0960006705892904
USA,1995,P,404597.2,7334444.6,0.0551639861046874
USA,1995,Q,468838.9,7334444.6,0.063922890630328
USA,1995,R,63105.9,7334444.6,0.0086040461741302
USA,1995,S,122776.4,7334444.6,0.0167396996904169
USA,1995,T,10606.9,7334444.6,0.0014461763062468
USA,1995,HFCE,0.0,7334444.6,0.0
USA,1996,A01_02,116609.5,7756825.9,0.0150331464832799
USA,1996,A03,2858.5,7756825.9,0.0003685141366908
USA,1996,B05_06,63085.7,7756825.9,0.0081329271551653
USA,1996,B07_08,12368.3,7756825.9,0.0015945052988748
USA,1996,B09,9728.5,7756825.9,0.0012541856843789
USA,1996,C10T12,118894.8,7756825.9,0.0153277644145654
USA,1996,C13T15,54245.5,7756825.9,0.0069932599621708
USA,1996,C16,24959.8,7756825.9,0.0032177852541462
USA,1996,C17_18,95337.4,7756825.9,0.0122907747613621
USA,1996,C19,29500.1,7756825.9,0.0038031148797602
USA,1996,C20,102299.4,7756825.9,0.0131883068305039
USA,1996,C21,61064.1,7756825.9,0.0078723050880902
USA,1996,C22,54240.6,7756825.9,0.0069926282604847
USA,1996,C23,39834.2,7756825.9,0.0051353737357957
USA,1996,C24,56706.2,7756825.9,0.0073104902354454
USA,1996,C25,104802.7,7756825.9,0.0135110290408864
USA,1996,C26,165481.5,7756825.9,0.0213336617494534
USA,1996,C27,46189.2,7756825.9,0.005954652147085
USA,1996,C28,99752.5,7756825.9,0.012859963764302
USA,1996,C29,100024.4,7756825.9,0.0128950167619464
USA,1996,C30,60197.0,7756825.9,0.0077605196733885
USA,1996,C31T33,82162.5,7756825.9,0.0105922836298285
USA,1996,D,152850.4,7756825.9,0.0197052766132085
USA,1996,E,24334.8,7756825.9,0.0031372110594876
USA,1996,F,319857.1,7756825.9,0.0412355651813714
USA,1996,G,890494.9,7756825.9,0.1148014550642421
USA,1996,H49,114982.2,7756825.9,0.014823357064131
USA,1996,H50,6519.5,7756825.9,0.0008404855393235
USA,1996,H51,41577.7,7756825.9,0.0053601435092155
USA,1996,H52,44459.5,7756825.9,0.0057316614518833
USA,1996,H53,69364.3,7756825.9,0.0089423561768996
USA,1996,I,178986.2,7756825.9,0.0230746702720245
USA,1996,J58T60,161387.6,7756825.9,0.0208058814366324
USA,1996,J61,174129.9,7756825.9,0.0224486023335911
USA,1996,J62_63,92835.8,7756825.9,0.0119682717127891
USA,1996,K,515953.4,7756825.9,0.0665160474982428
USA,1996,L,865000.0,7756825.9,0.1115146854075969
USA,1996,M,502238.0,7756825.9,0.0647478758031684
USA,1996,N,263955.8,7756825.9,0.0340288416167752
USA,1996,O,724669.7,7756825.9,0.093423483953662
USA,1996,P,420047.8,7756825.9,0.0541520211250326
USA,1996,Q,484699.7,7756825.9,0.062486860766077
USA,1996,R,68051.6,7756825.9,0.0087731245843741
USA,1996,S,128924.8,7756825.9,0.0166208190904478
USA,1996,T,11162.8,7756825.9,0.0014390937922172
USA,1996,HFCE,0.0,7756825.9,0.0
USA,1997,A01_02,111930.6,8258302.3,0.0135537058264384
USA,1997,A03,2743.8,8258302.3,0.0003322474644697
USA,1997,B05_06,63388.8,8258302.3,0.0076757664829004
USA,1997,B07_08,12662.7,8258302.3,0.0015333296772146
USA,1997,B09,13455.9,8258302.3,0.001629378474072
USA,1997,C10T12,123008.3,8258302.3,0.0148951074363068
USA,1997,C13T15,52501.5,8258302.3,0.0063574204591662
USA,1997,C16,26708.7,8258302.3,0.0032341635156659
USA,1997,C17_18,92658.4,8258302.3,0.0112200300538768
USA,1997,C19,40551.5,8258302.3,0.0049103918126126
USA,1997,C20,109710.3,8258302.3,0.0132848491148114
USA,1997,C21,63136.6,8258302.3,0.0076452275184937
USA,1997,C22,57315.2,8258302.3,0.0069403126596612
USA,1997,C23,46539.4,8258302.3,0.0056354682002861
USA,1997,C24,58114.3,8258302.3,0.0070370758890722
USA,1997,C25,108296.6,8258302.3,0.0131136638095701
USA,1997,C26,196832.4,8258302.3,0.0238344871439254
USA,1997,C27,46800.3,8258302.3,0.0056670606499837
USA,1997,C28,102457.6,8258302.3,0.0124066177621034
USA,1997,C29,104326.2,8258302.3,0.0126328870281244
USA,1997,C30,62489.3,8258302.3,0.0075668457910532
USA,1997,C31T33,88437.5,8258302.3,0.0107089201614719
USA,1997,D,150739.5,8258302.3,0.0182530857462071
USA,1997,E,25114.7,8258302.3,0.0030411456359498
USA,1997,F,338920.9,8258302.3,0.0410400210222384
USA,1997,G,948385.1,8258302.3,0.1148402014782142
USA,1997,H49,119904.2,8258302.3,0.0145192311499665
USA,1997,H50,6719.9,8258302.3,0.0008137144604163
USA,1997,H51,48015.9,8258302.3,0.0058142579740632
USA,1997,H52,47391.6,8258302.3,0.0057386613226788
USA,1997,H53,73223.2,8258302.3,0.0088666165683956
USA,1997,I,195795.8,8258302.3,0.0237089649769783
USA,1997,J58T60,170438.0,8258302.3,0.0206383822980178
USA,1997,J61,170384.7,8258302.3,0.0206319281869834
USA,1997,J62_63,104362.2,8258302.3,0.0126372462776035
USA,1997,K,566501.3,8258302.3,0.0685977915824176
USA,1997,L,940891.1,8258302.3,0.1139327510449696
USA,1997,M,544230.2,8258302.3,0.0659009782192158
USA,1997,N,292473.7,8258302.3,0.0354157173442294
USA,1997,O,750295.8,8258302.3,0.0908535159823345
USA,1997,P,441337.9,8258302.3,0.0534417225196515
USA,1997,Q,510990.2,8258302.3,0.0618759378667937
USA,1997,R,75245.6,8258302.3,0.0091115095169136
USA,1997,S,140680.0,8258302.3,0.0170349782424409
USA,1997,T,12194.9,8258302.3,0.0014766836520382
USA,1997,HFCE,0.0,8258302.3,0.0
USA,1998,A01_02,107269.0,8727890.8,0.0122903691691468
USA,1998,A03,2753.4,8727890.8,0.0003154714080519
USA,1998,B05_06,49809.1,8727890.8,0.005706888541731
USA,1998,B07_08,13850.1,8727890.8,0.0015868782409605
USA,1998,B09,13577.3,8727890.8,0.0015556221212116
USA,1998,C10T12,128027.1,8727890.8,0.0146687330231033
USA,1998,C13T15,51454.8,8727890.8,0.0058954449796736
USA,1998,C16,27425.2,8727890.8,0.0031422482966904
USA,1998,C17_18,95392.9,8727890.8,0.0109296624105333
USA,1998,C19,41729.7,8727890.8,0.004781189517174
USA,1998,C20,109507.2,8727890.8,0.0125468114243592
USA,1998,C21,70914.8,8727890.8,0.0081250787418192
USA,1998,C22,61520.0,8727890.8,0.0070486674741622
USA,1998,C23,49044.3,8727890.8,0.0056192614142239
USA,1998,C24,59343.5,8727890.8,0.0067992945099633
USA,1998,C25,110592.9,8727890.8,0.0126712057396501
USA,1998,C26,193255.8,8727890.8,0.0221423256120482
USA,1998,C27,40511.5,8727890.8,0.0046416139853628
USA,1998,C28,114058.5,8727890.8,0.0130682776186888
USA,1998,C29,115244.2,8727890.8,0.0132041294558818
USA,1998,C30,66777.3,8727890.8,0.0076510237731205
USA,1998,C31T33,94796.2,8727890.8,0.0108612953773436
USA,1998,D,142658.0,8727890.8,0.0163450715950754
USA,1998,E,25999.5,8727890.8,0.0029788984069324
USA,1998,F,379099.3,8727890.8,0.0434353853281482
USA,1998,G,1024946.9,8727890.8,0.1174335155522339
USA,1998,H49,134217.6,8727890.8,0.0153780109164518
USA,1998,H50,6634.8,8727890.8,0.0007601836631594
USA,1998,H51,46696.9,8727890.8,0.0053503075450944
USA,1998,H52,54097.4,8727890.8,0.0061982214534581
USA,1998,H53,77493.6,8727890.8,0.0088788461927135
USA,1998,I,211835.0,8727890.8,0.0242710415212802
USA,1998,J58T60,193544.2,8727890.8,0.0221753691052138
USA,1998,J61,180811.6,8727890.8,0.020716528671509
USA,1998,J62_63,122933.1,8727890.8,0.0140850868574111
USA,1998,K,626660.4,8727890.8,0.071799752581689
USA,1998,L,971430.2,8727890.8,0.1113018279284612
USA,1998,M,586536.5,8727890.8,0.0672025479512186
USA,1998,N,314422.4,8727890.8,0.036025015345059
USA,1998,O,770035.4,8727890.8,0.0882269746088023
USA,1998,P,464950.6,8727890.8,0.0532718168288723
USA,1998,Q,533148.8,8727890.8,0.0610856405306995
USA,1998,R,77386.1,8727890.8,0.0088665293566688
USA,1998,S,151364.8,8727890.8,0.017342655112046
USA,1998,T,14132.9,8727890.8,0.0016192801128996
USA,1998,HFCE,0.0,8727890.8,0.0
USA,1999,A01_02,108226.6,9284422.0,0.0116567945748265
USA,1999,A03,2651.5,9284422.0,0.0002855858986159
USA,1999,B05_06,53861.2,9284422.0,0.0058012442777805
USA,1999,B07_08,15321.7,9284422.0,0.0016502588960303
USA,1999,B09,11100.0,9284422.0,0.0011955509992975
USA,1999,C10T12,149881.7,9284422.0,0.016143352811839
USA,1999,C13T15,50846.3,9284422.0,0.0054765175473497
USA,1999,C16,29282.4,9284422.0,0.0031539281605252
USA,1999,C17_18,101430.8,9284422.0,0.0109248373242836
USA,1999,C19,38492.3,9284422.0,0.0041459015973207
USA,1999,C20,109427.8,9284422.0,0.011786172580264
USA,1999,C21,78759.3,9284422.0,0.0084829513350427
USA,1999,C22,65720.0,9284422.0,0.0070785235742192
USA,1999,C23,49791.8,9284422.0,0.0053629402024164
USA,1999,C24,56623.4,9284422.0,0.0060987533742003
USA,1999,C25,116437.9,9284422.0,0.0125412115046041
USA,1999,C26,188051.1,9284422.0,0.0202544757228829
USA,1999,C27,44522.7,9284422.0,0.0047954196825607
USA,1999,C28,111795.6,9284422.0,0.0120412019186547
USA,1999,C29,124631.9,9284422.0,0.0134237650981396
USA,1999,C30,73778.2,9284422.0,0.0079464505167903
USA,1999,C31T33,99413.1,9284422.0,0.0107075163106545
USA,1999,D,158073.9,9284422.0,0.0170257125322394
USA,1999,E,28427.2,9284422.0,0.0030618168799307
USA,1999,F,416984.7,9284422.0,0.0449122950249353
USA,1999,G,1062200.7,9284422.0,0.1144067665170755
USA,1999,H49,143679.9,9284422.0,0.0154753736958531
USA,1999,H50,6691.8,9284422.0,0.0007207556916305
USA,1999,H51,48713.8,9284422.0,0.0052468317359982
USA,1999,H52,53625.3,9284422.0,0.005775836126363
USA,1999,H53,74197.1,9284422.0,0.0079915691036017
USA,1999,I,234372.1,9284422.0,0.0252435854380595
USA,1999,J58T60,238673.5,9284422.0,0.0257068776063819
USA,1999,J61,189562.0,9284422.0,0.0204172106782737
USA,1999,J62_63,130404.2,9284422.0,0.0140454839299635
USA,1999,K,662987.8,9284422.0,0.0714086240371237
USA,1999,L,1046522.8,9284422.0,0.1127181422817704
USA,1999,M,634471.4,9284422.0,0.0683371996662797
USA,1999,N,346769.8,9284422.0,0.0373496379203788
USA,1999,O,808032.7,9284422.0,0.0870310181937012
USA,1999,P,497751.7,9284422.0,0.0536114903006347
USA,1999,Q,563609.3,9284422.0,0.0607048343989534
USA,1999,R,84366.7,9284422.0,0.0090869092335527
USA,1999,S,161371.8,9284422.0,0.0173809204277875
USA,1999,T,12884.5,9284422.0,0.0013877546712116
USA,1999,HFCE,0.0,9284422.0,0.0
USA,2000,A01_02,115209.8,9884025.6,0.0116561616351944
USA,2000,A03,2733.1,9884025.6,0.0002765168880177
USA,2000,B05_06,75993.5,9884025.6,0.0076885171159411
USA,2000,B07_08,14725.9,9884025.6,0.0014898686624202
USA,2000,B09,13777.4,9884025.6,0.001393905738164
USA,2000,C10T12,149757.9,9884025.6,0.0151515087132109
USA,2000,C13T15,50093.9,9884025.6,0.0050681677716415
USA,2000,C16,28208.7,9884025.6,0.002853968731121
USA,2000,C17_18,105697.7,9884025.6,0.0106937905947957
USA,2000,C19,45952.4,9884025.6,0.0046491583348387
USA,2000,C20,105674.1,9884025.6,0.0106914029036913
USA,2000,C21,81634.8,9884025.6,0.0082592663458904
USA,2000,C22,65264.3,9884025.6,0.0066030079889716
USA,2000,C23,49129.0,9884025.6,0.0049705456044144
USA,2000,C24,58148.8,9884025.6,0.0058831090036836
USA,2000,C25,120364.0,9884025.6,0.012177629325444
USA,2000,C26,227022.4,9884025.6,0.0229686171593889
USA,2000,C27,45597.1,9884025.6,0.0046132114429165
USA,2000,C28,113581.6,9884025.6,0.0114914311836667
USA,2000,C29,127467.4,9884025.6,0.0128963041131742
USA,2000,C30,71047.8,9884025.6,0.007188144069558
USA,2000,C31T33,104791.5,9884025.6,0.0106021073033238
USA,2000,D,157936.8,9884025.6,0.0159789954408859
USA,2000,E,29206.1,9884025.6,0.0029548790322841
USA,2000,F,460422.9,9884025.6,0.046582528074391
USA,2000,G,1127389.3,9884025.6,0.1140617543523966
USA,2000,H49,149837.7,9884025.6,0.0151595823466908
USA,2000,H50,8188.5,9884025.6,0.000828457991853
USA,2000,H51,48081.1,9884025.6,0.0048645260489815
USA,2000,H52,61309.6,9884025.6,0.0062028977342996
USA,2000,H53,79377.4,9884025.6,0.008030877621361
USA,2000,I,256038.3,9884025.6,0.0259042530201459
USA,2000,J58T60,213685.1,9884025.6,0.0216192378133864
USA,2000,J61,203477.7,9884025.6,0.0205865209414269
USA,2000,J62_63,135919.4,9884025.6,0.0137514212832471
USA,2000,K,732716.1,9884025.6,0.0741313438119787
USA,2000,L,1106824.7,9884025.6,0.1119811648403662
USA,2000,M,701602.7,9884025.6,0.0709834968456577
USA,2000,N,383292.4,9884025.6,0.0387789768573646
USA,2000,O,847004.0,9884025.6,0.0856942337340769
USA,2000,P,533221.4,9884025.6,0.0539477963310819
USA,2000,Q,597304.4,9884025.6,0.06043128823948
USA,2000,R,92484.2,9884025.6,0.0093569365097557
USA,2000,S,173066.3,9884025.6,0.0175096976681242
USA,2000,T,13766.4,9884025.6,0.0013927928312933
USA,2000,HFCE,0.0,9884025.6,0.0
USA,2001,A01_02,116758.4,10223809.4,0.0114202441997793
USA,2001,A03,2738.9,10223809.4,0.00026789427432
USA,2001,B05_06,83988.3,10223809.4,0.0082149712219791
USA,2001,B07_08,13785.4,10223809.4,0.0013483623824207
USA,2001,B09,19677.9,10223809.4,0.0019247131113379
USA,2001,C10T12,160511.2,10223809.4,0.015699744950253
USA,2001,C13T15,44287.6,10223809.4,0.0043318100198542
USA,2001,C16,27137.6,10223809.4,0.0026543530829125
USA,2001,C17_18,96055.7,10223809.4,0.0093952944780054
USA,2001,C19,59698.8,10223809.4,0.0058391933636791
USA,2001,C20,105393.9,10223809.4,0.0103086722254426
USA,2001,C21,87893.7,10223809.4,0.0085969619112813
USA,2001,C22,63342.5,10223809.4,0.0061955869404216
USA,2001,C23,49703.5,10223809.4,0.0048615440737774
USA,2001,C24,50259.6,10223809.4,0.0049159367153303
USA,2001,C25,111552.1,10223809.4,0.0109110113105199
USA,2001,C26,174869.7,10223809.4,0.0171041627595287
USA,2001,C27,44205.6,10223809.4,0.0043237895260449
USA,2001,C28,105906.7,10223809.4,0.0103588296550207
USA,2001,C29,115542.5,10223809.4,0.0113013159263317
USA,2001,C30,76806.9,10223809.4,0.007512552023906
USA,2001,C31T33,99757.2,10223809.4,0.0097573415247745
USA,2001,D,164580.4,10223809.4,0.0160977570649937
USA,2001,E,31345.0,10223809.4,0.0030658826640488
USA,2001,F,485527.1,10223809.4,0.0474898426803613
USA,2001,G,1139273.3,10223809.4,0.1114333469479585
USA,2001,H49,156202.4,10223809.4,0.0152782973438452
USA,2001,H50,8647.0,10223809.4,0.000845770853279
USA,2001,H51,45036.9,10223809.4,0.004405099727309
USA,2001,H52,63917.7,10223809.4,0.0062518477701667
USA,2001,H53,78383.8,10223809.4,0.0076667900322946
USA,2001,I,260850.9,10223809.4,0.0255140613243435
USA,2001,J58T60,226944.9,10223809.4,0.0221976849451047
USA,2001,J61,203714.1,10223809.4,0.0199254594867545
USA,2001,J62_63,155340.0,10223809.4,0.0151939452235875
USA,2001,K,788172.1,10223809.4,0.0770918225451268
USA,2001,L,1192662.0,10223809.4,0.1166553437508332
USA,2001,M,734265.1,10223809.4,0.0718191303527235
USA,2001,N,406157.2,10223809.4,0.0397266013194651
USA,2001,O,889168.2,10223809.4,0.0869703419940516
USA,2001,P,569205.1,10223809.4,0.0556744631800354
USA,2001,Q,645840.3,10223809.4,0.063170221072392
USA,2001,R,90167.9,10223809.4,0.0088194034603188
USA,2001,S,165466.3,10223809.4,0.0161844077414041
USA,2001,T,13068.0,10223809.4,0.0012781928426795
USA,2001,HFCE,0.0,10223809.4,0.0
USA,2002,A01_02,103924.9,10545488.9,0.0098549153088578
USA,2002,A03,2493.2,10545488.9,0.0002364233677207
USA,2002,B05_06,78008.1,10545488.9,0.0073972957289822
USA,2002,B07_08,14258.4,10545488.9,0.001352085250405
USA,2002,B09,15155.8,10545488.9,0.0014371832490383
USA,2002,C10T12,161446.2,10545488.9,0.0153095035736086
USA,2002,C13T15,42112.3,10545488.9,0.0039933947491045
USA,2002,C16,27169.7,10545488.9,0.0025764286755827
USA,2002,C17_18,96099.8,10545488.9,0.0091128823813943
USA,2002,C19,44625.9,10545488.9,0.0042317525932818
USA,2002,C20,110019.0,10545488.9,0.0104328022193451
USA,2002,C21,97370.1,10545488.9,0.0092333414717263
USA,2002,C22,62847.2,10545488.9,0.0059596288608297
USA,2002,C23,47700.1,10545488.9,0.0045232706091037
USA,2002,C24,50591.8,10545488.9,0.0047974826468216
USA,2002,C25,108335.8,10545488.9,0.0102731889462232
USA,2002,C26,174328.7,10545488.9,0.0165311159732006
USA,2002,C27,43631.0,10545488.9,0.0041374089351134
USA,2002,C28,99657.8,10545488.9,0.0094502778339655
USA,2002,C29,125240.5,10545488.9,0.011876215620501
USA,2002,C30,72907.3,10545488.9,0.0069136007530196
USA,2002,C31T33,106192.5,10545488.9,0.0100699456428236
USA,2002,D,152916.2,10545488.9,0.0145006268983887
USA,2002,E,33849.8,10545488.9,0.0032098843705577
USA,2002,F,492663.4,10545488.9,0.0467179288387473
USA,2002,G,1159830.6,10545488.9,0.1099835779069475
USA,2002,H49,149343.7,10545488.9,0.0141618564502969
USA,2002,H50,7742.3,10545488.9,0.0007341812289044
USA,2002,H51,41738.5,10545488.9,0.0039579483128563
USA,2002,H52,67549.1,10545488.9,0.0064054972358844
USA,2002,H53,78720.4,10545488.9,0.0074648411985906
USA,2002,I,276133.8,10545488.9,0.0261850164196749
USA,2002,J58T60,259096.8,10545488.9,0.0245694440966127
USA,2002,J61,197984.4,10545488.9,0.0187743215964126
USA,2002,J62_63,169312.0,10545488.9,0.0160553959712574
USA,2002,K,797667.3,10545488.9,0.0756406182362962
USA,2002,L,1264956.9,10545488.9,0.1199524187067325
USA,2002,M,769399.8,10545488.9,0.0729600881757127
USA,2002,N,407548.4,10545488.9,0.0386467051328459
USA,2002,O,947587.0,10545488.9,0.0898570951983079
USA,2002,P,598480.1,10545488.9,0.0567522383907682
USA,2002,Q,698013.3,10545488.9,0.0661907007459843
USA,2002,R,96982.2,10545488.9,0.0091965579708684
USA,2002,S,181084.2,10545488.9,0.0171717216448826
USA,2002,T,12772.6,10545488.9,0.0012111908818186
USA,2002,HFCE,0.0,10545488.9,0.0
USA,2003,A01_02,125834.2,11051414.6,0.0113862527608004
USA,2003,A03,2598.0,11051414.6,0.0002350830272895
USA,2003,B05_06,100254.0,11051414.6,0.0090715988521505
USA,2003,B07_08,15372.5,11051414.6,0.0013909983976168
USA,2003,B09,16796.3,11051414.6,0.0015198325832423
USA,2003,C10T12,164095.3,11051414.6,0.0148483525357921
USA,2003,C13T15,34151.5,11051414.6,0.0030902378777826
USA,2003,C16,28619.1,11051414.6,0.0025896322811018
USA,2003,C17_18,93056.4,11051414.6,0.0084203157123432
USA,2003,C19,69337.1,11051414.6,0.0062740474870972
USA,2003,C20,109636.8,11051414.6,0.0099206123350037
USA,2003,C21,100501.7,11051414.6,0.0090940122724198
USA,2003,C22,62513.8,11051414.6,0.0056566333146165
USA,2003,C23,53702.6,11051414.6,0.0048593417172132
USA,2003,C24,48642.9,11051414.6,0.0044015089253822
USA,2003,C25,111397.1,11051414.6,0.0100798951113462
USA,2003,C26,194727.3,11051414.6,0.0176201243956588
USA,2003,C27,45485.1,11051414.6,0.0041157717492564
USA,2003,C28,98303.1,11051414.6,0.0088950694149145
USA,2003,C29,132335.4,11051414.6,0.0119745213431771
USA,2003,C30,72503.4,11051414.6,0.0065605537955294
USA,2003,C31T33,106585.2,11051414.6,0.0096444847883998
USA,2003,D,157415.0,11051414.6,0.0142438778832892
USA,2003,E,36261.0,11051414.6,0.003281118418994
USA,2003,F,524309.6,11051414.6,0.0474427590473349
USA,2003,G,1208153.0,11051414.6,0.1093211180404
USA,2003,H49,157477.1,11051414.6,0.0142494970734334
USA,2003,H50,8855.3,11051414.6,0.000801282036781
USA,2003,H51,46512.4,11051414.6,0.0042087281749433
USA,2003,H52,69320.6,11051414.6,0.0062725544655613
USA,2003,H53,81039.4,11051414.6,0.0073329436034369
USA,2003,I,285106.5,11051414.6,0.0257981905773402
USA,2003,J58T60,265829.4,11051414.6,0.0240538799440209
USA,2003,J61,202945.5,11051414.6,0.0183637577039232
USA,2003,J62_63,176835.3,11051414.6,0.0160011461338171
USA,2003,K,831010.7,11051414.6,0.0751949619191736
USA,2003,L,1319902.5,11051414.6,0.1194329004723069
USA,2003,M,794676.8,11051414.6,0.0719072470595755
USA,2003,N,421786.8,11051414.6,0.0381658652096899
USA,2003,O,1004570.2,11051414.6,0.0908996935107293
USA,2003,P,630180.7,11051414.6,0.057022627673384
USA,2003,Q,743213.6,11051414.6,0.0672505400349381
USA,2003,R,103721.5,11051414.6,0.0093853595900745
USA,2003,S,181663.7,11051414.6,0.0164380494782993
USA,2003,T,14179.2,11051414.6,0.0012830212704172
USA,2003,HFCE,0.0,11051414.6,0.0
USA,2004,A01_02,152175.7,11774847.1,0.0129237941442144
USA,2004,A03,2431.0,11774847.1,0.0002064570333146
USA,2004,B05_06,119355.3,11774847.1,0.0101364628335598
USA,2004,B07_08,19376.4,11774847.1,0.0016455755081524
USA,2004,B09,19839.8,11774847.1,0.0016849305839393
USA,2004,C10T12,160773.5,11774847.1,0.0136539777234134
USA,2004,C13T15,36683.3,11774847.1,0.00311539501859
USA,2004,C16,32470.0,11774847.1,0.0027575729624548
USA,2004,C17_18,95327.2,11774847.1,0.0080958333633054
USA,2004,C19,91271.9,11774847.1,0.0077514297404337
USA,2004,C20,120666.7,11774847.1,0.0102478358296474
USA,2004,C21,105597.9,11774847.1,0.0089680909741919
USA,2004,C22,63571.2,11774847.1,0.005398898130915
USA,2004,C23,57952.3,11774847.1,0.0049217029748097
USA,2004,C24,64811.5,11774847.1,0.0055042328320339
USA,2004,C25,115423.5,11774847.1,0.0098025476695998
USA,2004,C26,202738.6,11774847.1,0.0172179390762534
USA,2004,C27,41999.2,11774847.1,0.0035668573564747
USA,2004,C28,105201.8,11774847.1,0.0089344514715609
USA,2004,C29,129949.5,11774847.1,0.0110361942619195
USA,2004,C30,75787.1,11774847.1,0.0064363553391703
USA,2004,C31T33,109285.1,11774847.1,0.0092812330446312
USA,2004,D,171514.6,11774847.1,0.0145661848976365
USA,2004,E,36314.8,11774847.1,0.0030840994954405
USA,2004,F,583591.1,11774847.1,0.0495625204339171
USA,2004,G,1272304.7,11774847.1,0.1080527576447255
USA,2004,H49,169160.0,11774847.1,0.0143662162712923
USA,2004,H50,9792.7,11774847.1,0.0008316626039245
USA,2004,H51,48590.2,11774847.1,0.004126609847868
USA,2004,H52,77560.4,11774847.1,0.0065869560208556
USA,2004,H53,88476.1,11774847.1,0.0075139914131029
USA,2004,I,304855.5,11774847.1,0.025890399884683
USA,2004,J58T60,290921.4,11774847.1,0.024707021461026
USA,2004,J61,220859.1,11774847.1,0.0187568550253191
USA,2004,J62_63,194908.5,11774847.1,0.0165529537958926
USA,2004,K,860469.0,11774847.1,0.073076872480153
USA,2004,L,1392037.3,11774847.1,0.1182212633572116
USA,2004,M,851214.8,11774847.1,0.0722909429541552
USA,2004,N,442887.7,11774847.1,0.0376130319348265
USA,2004,O,1057400.8,11774847.1,0.0898016586559327
USA,2004,P,666280.1,11774847.1,0.0565850320043646
USA,2004,Q,795368.2,11774847.1,0.0675480703269599
USA,2004,R,109805.8,11774847.1,0.009325454425646
USA,2004,S,192734.0,11774847.1,0.016368280484933
USA,2004,T,15111.8,11774847.1,0.0012833967075462
USA,2004,HFCE,0.0,11774847.1,0.0
USA,2005,A01_02,147315.8,12567501.5,0.01172196398783
USA,2005,A03,2701.1,12567501.5,0.0002149273664299
USA,2005,B05_06,165172.4,12567501.5,0.013142819199186
USA,2005,B07_08,23563.4,12567501.5,0.0018749470608776
USA,2005,B09,26694.3,12567501.5,0.002124073746878
USA,2005,C10T12,162549.9,12567501.5,0.0129341460591828
USA,2005,C13T15,34455.4,12567501.5,0.0027416268858213
USA,2005,C16,34585.5,12567501.5,0.0027519789832529
USA,2005,C17_18,95972.0,12567501.5,0.0076365218655434
USA,2005,C19,129723.5,12567501.5,0.0103221392096113
USA,2005,C20,118731.3,12567501.5,0.0094474864395281
USA,2005,C21,103726.3,12567501.5,0.0082535339263735
USA,2005,C22,62808.0,12567501.5,0.0049976520790548
USA,2005,C23,59847.0,12567501.5,0.0047620443888548
USA,2005,C24,66566.1,12567501.5,0.0052966852639723
USA,2005,C25,122291.6,12567501.5,0.0097307806169746
USA,2005,C26,212596.0,12567501.5,0.0169163297891788
USA,2005,C27,43142.7,12567501.5,0.0034328780466029
USA,2005,C28,115577.1,12567501.5,0.0091965057652867
USA,2005,C29,127027.3,12567501.5,0.0101076017377041
USA,2005,C30,89639.5,12567501.5,0.0071326428725709
USA,2005,C31T33,113676.6,12567501.5,0.0090452823896619
USA,2005,D,168428.7,12567501.5,0.0134019240021574
USA,2005,E,37961.1,12567501.5,0.0030205765242995
USA,2005,F,650387.8,12567501.5,0.051751559369219
USA,2005,G,1355926.8,12567501.5,0.1078915168619633
USA,2005,H49,179475.8,12567501.5,0.0142809451823021
USA,2005,H50,9664.7,12567501.5,0.0007690231825315
USA,2005,H51,49160.8,12567501.5,0.0039117401338682
USA,2005,H52,86279.2,12567501.5,0.0068652627572791
USA,2005,H53,90994.9,12567501.5,0.0072404924717932
USA,2005,I,316651.8,12567501.5,0.0251960821329522
USA,2005,J58T60,295904.6,12567501.5,0.0235452209812746
USA,2005,J61,238046.4,12567501.5,0.0189414260264858
USA,2005,J62_63,204488.6,12567501.5,0.0162712214516147
USA,2005,K,963626.5,12567501.5,0.0766760600744706
USA,2005,L,1506245.3,12567501.5,0.1198524066219526
USA,2005,M,902899.1,12567501.5,0.0718439619840109
USA,2005,N,478928.2,12567501.5,0.0381084657121385
USA,2005,O,1116271.8,12567501.5,0.0888220940335674
USA,2005,P,691975.7,12567501.5,0.0550607214966316
USA,2005,Q,833447.0,12567501.5,0.0663176368031465
USA,2005,R,113575.7,12567501.5,0.0090372537453049
USA,2005,S,203506.3,12567501.5,0.016193059535342
USA,2005,T,15291.9,12567501.5,0.0012167812353155
USA,2005,HFCE,0.0,12567501.5,0.0
USA,2006,A01_02,136377.5,13304110.0,0.0102507796462897
USA,2006,A03,3089.2,13304110.0,0.0002321989219872
USA,2006,B05_06,189378.9,13304110.0,0.0142346162201004
USA,2006,B07_08,29745.9,13304110.0,0.0022358429086951
USA,2006,B09,42489.7,13304110.0,0.0031937273519235
USA,2006,C10T12,177666.4,13304110.0,0.0133542491756306
USA,2006,C13T15,32892.6,13304110.0,0.002472363803366
USA,2006,C16,31543.2,13304110.0,0.002370936500074
USA,2006,C17_18,104628.1,13304110.0,0.0078643441763485
USA,2006,C19,129444.6,13304110.0,0.0097296700042317
USA,2006,C20,135385.1,13304110.0,0.0101761861560074
USA,2006,C21,117759.3,13304110.0,0.0088513474407532
USA,2006,C22,63786.6,13304110.0,0.0047945033527233
USA,2006,C23,60661.5,13304110.0,0.0045596060164866
USA,2006,C24,73398.8,13304110.0,0.0055170018888899
USA,2006,C25,126515.1,13304110.0,0.0095094748915936
USA,2006,C26,225429.4,13304110.0,0.0169443427632513
USA,2006,C27,51349.2,13304110.0,0.0038596493865429
USA,2006,C28,122858.2,13304110.0,0.009234604945389
USA,2006,C29,125413.9,13304110.0,0.0094267034773464
USA,2006,C30,96175.6,13304110.0,0.0072290141918549
USA,2006,C31T33,119831.2,13304110.0,0.0090070812703743
USA,2006,D,193456.7,13304110.0,0.0145411230063491
USA,2006,E,36884.6,13304110.0,0.0027724214547233
USA,2006,F,695666.0,13304110.0,0.0522895556335598
USA,2006,G,1422951.2,13304110.0,0.1069557602876103
USA,2006,H49,195206.1,13304110.0,0.0146726162065707
USA,2006,H50,13740.9,13304110.0,0.0010328312077996
USA,2006,H51,56044.5,13304110.0,0.0042125704011767
USA,2006,H52,90546.5,13304110.0,0.006805904340839
USA,2006,H53,96447.9,13304110.0,0.0072494815511898
USA,2006,I,334986.0,13304110.0,0.0251791363721436
USA,2006,J58T60,291349.3,13304110.0,0.0218991950607744
USA,2006,J61,242328.3,13304110.0,0.0182145442273102
USA,2006,J62_63,228282.2,13304110.0,0.0171587727401532
USA,2006,K,1031746.5,13304110.0,0.0775509598161771
USA,2006,L,1543709.9,13304110.0,0.1160325568564902
USA,2006,M,971354.0,13304110.0,0.0730115731153756
USA,2006,N,523894.6,13304110.0,0.039378402613929
USA,2006,O,1170413.9,13304110.0,0.0879738592059145
USA,2006,P,728434.5,13304110.0,0.0547525914924034
USA,2006,Q,888505.1,13304110.0,0.0667842568950497
USA,2006,R,121249.9,13304110.0,0.0091137174903093
USA,2006,S,214698.6,13304110.0,0.0161377649463211
USA,2006,T,16392.8,13304110.0,0.0012321605879686
USA,2006,HFCE,0.0,13304110.0,0.0
USA,2007,A01_02,152704.7,13956205.2,0.0109417064174436
USA,2007,A03,2911.3,13956205.2,0.0002086025504984
USA,2007,B05_06,218006.1,13956205.2,0.0156207290503295
USA,2007,B07_08,32383.3,13956205.2,0.0023203513803308
USA,2007,B09,49990.4,13956205.2,0.0035819479065842
USA,2007,C10T12,177938.1,13956205.2,0.0127497480475566
USA,2007,C13T15,31094.3,13956205.2,0.0022279910301118
USA,2007,C16,28965.8,13956205.2,0.00207547822527
USA,2007,C17_18,103278.4,13956205.2,0.0074001778076464
USA,2007,C19,145640.1,13956205.2,0.0104355086438539
USA,2007,C20,144300.0,13956205.2,0.0103394868398753
USA,2007,C21,123078.6,13956205.2,0.0088189159041599
USA,2007,C22,63240.9,13956205.2,0.0045313822126948
USA,2007,C23,59009.8,13956205.2,0.0042282124083414
USA,2007,C24,75860.7,13956205.2,0.0054356251511693
USA,2007,C25,135215.1,13956205.2,0.0096885290852559
USA,2007,C26,230465.4,13956205.2,0.0165134717279737
USA,2007,C27,50213.1,13956205.2,0.0035979049663156
USA,2007,C28,129845.9,13956205.2,0.0093038113254454
USA,2007,C29,115415.5,13956205.2,0.0082698339803716
USA,2007,C30,114178.9,13956205.2,0.0081812282324424
USA,2007,C31T33,120575.9,13956205.2,0.0086395906531956
USA,2007,D,197122.4,13956205.2,0.0141243552366226
USA,2007,E,40832.4,13956205.2,0.0029257523384651
USA,2007,F,714284.2,13956205.2,0.0511804025352106
USA,2007,G,1464173.8,13956205.2,0.1049120286652133
USA,2007,H49,196202.1,13956205.2,0.0140584132425911
USA,2007,H50,15252.7,13956205.2,0.0010928973729907
USA,2007,H51,59548.5,13956205.2,0.004266811726156
USA,2007,H52,86741.4,13956205.2,0.0062152568521993
USA,2007,H53,96023.4,13956205.2,0.0068803373570345
USA,2007,I,347307.7,13956205.2,0.0248855398027538
USA,2007,J58T60,335319.5,13956205.2,0.0240265527193595
USA,2007,J61,271576.6,13956205.2,0.0194592008435072
USA,2007,J62_63,229370.5,13956205.2,0.0164350191698241
USA,2007,K,1022642.1,13956205.2,0.0732750834016112
USA,2007,L,1681629.0,13956205.2,0.1204932842345998
USA,2007,M,1044790.8,13956205.2,0.0748620979003662
USA,2007,N,547246.7,13956205.2,0.0392117120777215
USA,2007,O,1236665.4,13956205.2,0.0886104340168343
USA,2007,P,766958.5,13956205.2,0.0549546591647993
USA,2007,Q,932142.3,13956205.2,0.0667905269836531
USA,2007,R,127333.4,13956205.2,0.0091237838778696
USA,2007,S,220686.5,13956205.2,0.0158127869888298
USA,2007,T,18043.0,13956205.2,0.0012928299449194
USA,2007,HFCE,0.0,13956205.2,0.0
USA,2008,A01_02,152384.4,14247898.9,0.0106952190684059
USA,2008,A03,3142.5,14247898.9,0.0002205588362225
USA,2008,B05_06,278788.7,14247898.9,0.0195670043672193
USA,2008,B07_08,32641.0,14247898.9,0.0022909342794396
USA,2008,B09,59235.2,14247898.9,0.0041574691409411
USA,2008,C10T12,183310.1,14247898.9,0.0128657636670905
USA,2008,C13T15,29370.6,14247898.9,0.0020613986810364
USA,2008,C16,25521.5,14247898.9,0.0017912465675903
USA,2008,C17_18,96434.5,14247898.9,0.0067683312940969
USA,2008,C19,141990.2,14247898.9,0.0099656939592686
USA,2008,C20,141048.4,14247898.9,0.0098995929848996
USA,2008,C21,123828.1,14247898.9,0.0086909726738726
USA,2008,C22,55748.5,14247898.9,0.0039127523567703
USA,2008,C23,57150.5,14247898.9,0.0040111528304008
USA,2008,C24,79655.7,14247898.9,0.0055906980081112
USA,2008,C25,129942.8,14247898.9,0.0091201377067603
USA,2008,C26,234300.0,14247898.9,0.0164445299369719
USA,2008,C27,55544.7,14247898.9,0.0038984484933424
USA,2008,C28,133632.1,14247898.9,0.0093790741314145
USA,2008,C29,83203.5,14247898.9,0.0058397031438789
USA,2008,C30,114510.0,14247898.9,0.0080369744903229
USA,2008,C31T33,119195.9,14247898.9,0.0083658580704836
USA,2008,D,205282.7,14247898.9,0.0144079278945473
USA,2008,E,42972.2,14247898.9,0.0030160376839844
USA,2008,F,647859.0,14247898.9,0.0454704938985775
USA,2008,G,1471048.1,14247898.9,0.1032466688825255
USA,2008,H49,203039.0,14247898.9,0.0142504520438448
USA,2008,H50,17171.0,14247898.9,0.0012051601517189
USA,2008,H51,55388.6,14247898.9,0.0038874924919631
USA,2008,H52,94683.6,14247898.9,0.0066454429993183
USA,2008,H53,93731.2,14247898.9,0.0065785980556052
USA,2008,I,348919.8,14247898.9,0.0244892108267275
USA,2008,J58T60,341319.0,14247898.9,0.0239557426955071
USA,2008,J61,286926.5,14247898.9,0.020138162266157
USA,2008,J62_63,261219.1,14247898.9,0.0183338681607292
USA,2008,K,868095.8,14247898.9,0.0609279870732378
USA,2008,L,1768246.7,14247898.9,0.1241057865732048
USA,2008,M,1138385.6,14247898.9,0.0798984894537678
USA,2008,N,567917.0,14247898.9,0.0398597016995958
USA,2008,O,1303401.5,14247898.9,0.0914802602929755
USA,2008,P,815428.8,14247898.9,0.0572315122196719
USA,2008,Q,1012678.3,14247898.9,0.0710756236486209
USA,2008,R,132769.5,14247898.9,0.0093185318713905
USA,2008,S,221730.5,14247898.9,0.0155623296849755
USA,2008,T,19106.5,14247898.9,0.0013410047428115
USA,2008,HFCE,0.0,14247898.9,0.0
USA,2009,A01_02,135908.4,14006529.7,0.0097032172073286
USA,2009,A03,3122.5,14006529.7,0.000222931737331
USA,2009,B05_06,192552.3,14006529.7,0.0137473238642402
USA,2009,B07_08,31898.2,14006529.7,0.0022773806705311
USA,2009,B09,41211.2,14006529.7,0.0029422848401913
USA,2009,C10T12,213273.6,14006529.7,0.0152267267173252
USA,2009,C13T15,24951.7,14006529.7,0.0017814334124461
USA,2009,C16,21126.5,14006529.7,0.0015083322173657
USA,2009,C17_18,98714.3,14006529.7,0.0070477343149459
USA,2009,C19,101843.3,14006529.7,0.007271130121546
USA,2009,C20,143703.0,14006529.7,0.0102597147957355
USA,2009,C21,143822.9,14006529.7,0.010268275088868
USA,2009,C22,60403.2,14006529.7,0.0043125029035564
USA,2009,C23,47365.5,14006529.7,0.0033816727636682
USA,2009,C24,50783.0,14006529.7,0.0036256661062875
USA,2009,C25,112916.1,14006529.7,0.0080616756911599
USA,2009,C26,225324.3,14006529.7,0.0160870897235879
USA,2009,C27,50891.8,14006529.7,0.0036334339118989
USA,2009,C28,119670.5,14006529.7,0.0085439079174622
USA,2009,C29,43886.1,14006529.7,0.0031332600537019
USA,2009,C30,117293.9,14006529.7,0.008374229913638
USA,2009,C31T33,117782.8,14006529.7,0.0084091350621988
USA,2009,D,220849.4,14006529.7,0.0157676030201827
USA,2009,E,45167.7,14006529.7,0.0032247602345069
USA,2009,F,564266.3,14006529.7,0.0402859460612859
USA,2009,G,1427046.3,14006529.7,0.1018843589786555
USA,2009,H49,187273.0,14006529.7,0.0133704068039066
USA,2009,H50,16526.3,14006529.7,0.0011798996863584
USA,2009,H51,58224.8,14006529.7,0.0041569754426751
USA,2009,H52,89131.8,14006529.7,0.0063635891194376
USA,2009,H53,85816.5,14006529.7,0.0061268923736334
USA,2009,I,339457.8,14006529.7,0.02423568201908
USA,2009,J58T60,329031.0,14006529.7,0.0234912577952838
USA,2009,J61,274430.0,14006529.7,0.0195930045398754
USA,2009,J62_63,272273.2,14006529.7,0.0194390192168728
USA,2009,K,962746.3,14006529.7,0.0687355341130644
USA,2009,L,1777012.3,14006529.7,0.1268702767966857
USA,2009,M,1075597.3,14006529.7,0.0767925619720065
USA,2009,N,525518.7,14006529.7,0.037519550613597
USA,2009,O,1357447.7,14006529.7,0.0969153479894452
USA,2009,P,852070.2,14006529.7,0.060833783831551
USA,2009,Q,1074494.4,14006529.7,0.0767138201263372
USA,2009,R,134401.2,14006529.7,0.0095956102531235
USA,2009,S,221892.0,14006529.7,0.0158420397309406
USA,2009,T,17410.4,14006529.7,0.0012430202464783
USA,2009,HFCE,0.0,14006529.7,0.0
USA,2010,A01_02,151306.8,14539846.2,0.0104063549172892
USA,2010,A03,3613.0,14539846.2,0.0002484895610518
USA,2010,B05_06,210067.9,14539846.2,0.0144477387938257
USA,2010,B07_08,36309.9,14539846.2,0.0024972685061826
USA,2010,B09,47422.1,14539846.2,0.0032615269341707
USA,2010,C10T12,197396.1,14539846.2,0.0135762165077096
USA,2010,C13T15,25907.6,14539846.2,0.001781834528621
USA,2010,C16,23242.7,14539846.2,0.0015985519846833
USA,2010,C17_18,95685.7,14539846.2,0.0065809293085919
USA,2010,C19,115486.6,14539846.2,0.0079427662721769
USA,2010,C20,171613.4,14539846.2,0.0118029721662392
USA,2010,C21,131190.7,14539846.2,0.0090228395950983
USA,2010,C22,61831.7,14539846.2,0.0042525690539972
USA,2010,C23,46524.2,14539846.2,0.0031997724982813
USA,2010,C24,62017.4,14539846.2,0.0042653408534679
USA,2010,C25,115030.1,14539846.2,0.0079113697915181
USA,2010,C26,242110.3,14539846.2,0.0166515035076505
USA,2010,C27,51633.9,14539846.2,0.0035511998744525
USA,2010,C28,128106.9,14539846.2,0.0088107465675943
USA,2010,C29,83702.7,14539846.2,0.0057567802883637
USA,2010,C30,120692.3,14539846.2,0.0083007961941165
USA,2010,C31T33,119564.1,14539846.2,0.0082232025260349
USA,2010,D,241050.6,14539846.2,0.0165786210310807
USA,2010,E,54755.9,14539846.2,0.0037659201649602
USA,2010,F,524645.7,14539846.2,0.0360833046500863
USA,2010,G,1484136.4,14539846.2,0.1020737344525693
USA,2010,H49,200168.7,14539846.2,0.0137669062826813
USA,2010,H50,15391.5,14539846.2,0.0010585737832632
USA,2010,H51,72022.5,14539846.2,0.004953456797913
USA,2010,H52,93428.2,14539846.2,0.0064256663182585
USA,2010,H53,84410.6,14539846.2,0.0058054671857533
USA,2010,I,351222.5,14539846.2,0.0241558607408103
USA,2010,J58T60,350226.8,14539846.2,0.0240873799614194
USA,2010,J61,271859.9,14539846.2,0.0186975774200417
USA,2010,J62_63,300803.8,14539846.2,0.0206882380915418
USA,2010,K,987934.4,14539846.2,0.0679466884594694
USA,2010,L,1841142.2,14539846.2,0.1266273504323587
USA,2010,M,1115447.3,14539846.2,0.0767165817751222
USA,2010,N,538532.4,14539846.2,0.037038383528431
USA,2010,O,1400944.2,14539846.2,0.0963520645768591
USA,2010,P,882343.0,14539846.2,0.0606844795923632
USA,2010,Q,1107927.3,14539846.2,0.0761993823566029
USA,2010,R,141725.9,14539846.2,0.0097474139719579
USA,2010,S,223948.8,14539846.2,0.0154024187683635
USA,2010,T,15321.5,14539846.2,0.0010537594269738
USA,2010,HFCE,0.0,14539846.2,0.0
USA,2011,A01_02,183643.8,15055229.7,0.0121980071815177
USA,2011,A03,3640.3,15055229.7,0.0002417963772415
USA,2011,B05_06,239986.6,15055229.7,0.0159404143797287
USA,2011,B07_08,38638.7,15055229.7,0.0025664636654464
USA,2011,B09,61798.3,15055229.7,0.0041047729746693
USA,2011,C10T12,184366.2,15055229.7,0.0122459905078698
USA,2011,C13T15,25165.3,15055229.7,0.0016715321188357
USA,2011,C16,23600.1,15055229.7,0.001567568245073
USA,2011,C17_18,92469.8,15055229.7,0.0061420384705256
USA,2011,C19,152213.7,15055229.7,0.0101103538792237
USA,2011,C20,174876.3,15055229.7,0.011615651403844
USA,2011,C21,127862.8,15055229.7,0.0084929159201071
USA,2011,C22,62699.8,15055229.7,0.0041646524994567
USA,2011,C23,45288.1,15055229.7,0.0030081307892632
USA,2011,C24,74948.8,15055229.7,0.0049782568246036
USA,2011,C25,122089.8,15055229.7,0.0081094611263221
USA,2011,C26,239957.2,15055229.7,0.0159384615699354
USA,2011,C27,49377.1,15055229.7,0.0032797307635897
USA,2011,C28,145497.0,15055229.7,0.0096642165479547
USA,2011,C29,98074.9,15055229.7,0.0065143409934157
USA,2011,C30,127111.5,15055229.7,0.0084430129950126
USA,2011,C31T33,118130.9,15055229.7,0.0078465026674418
USA,2011,D,249108.3,15055229.7,0.0165462968658658
USA,2011,E,49834.3,15055229.7,0.0033100989485401
USA,2011,F,524414.5,15055229.7,0.0348327133129028
USA,2011,G,1530811.7,15055229.7,0.1016797305988629
USA,2011,H49,215134.8,15055229.7,0.0142897055898124
USA,2011,H50,14718.8,15055229.7,0.0009776536322125
USA,2011,H51,71504.5,15055229.7,0.004749479179318
USA,2011,H52,97250.8,15055229.7,0.0064596025393089
USA,2011,H53,81936.2,15055229.7,0.0054423746188342
USA,2011,I,371850.9,15055229.7,0.0246991183402535
USA,2011,J58T60,352444.0,15055229.7,0.0234100712525163
USA,2011,J61,263241.5,15055229.7,0.0174850537152548
USA,2011,J62_63,335958.0,15055229.7,0.0223150364819741
USA,2011,K,1013785.4,15055229.7,0.0673377570585987
USA,2011,L,1901086.8,15055229.7,0.1262741809910745
USA,2011,M,1166813.4,15055229.7,0.0775021984553314
USA,2011,N,562600.4,15055229.7,0.0373691010506468
USA,2011,O,1430275.4,15055229.7,0.0950018982440367
USA,2011,P,893522.1,15055229.7,0.0593496159012439
USA,2011,Q,1149390.6,15055229.7,0.0763449394598077
USA,2011,R,147464.6,15055229.7,0.0097949086754883
USA,2011,S,224317.3,15055229.7,0.0148996265397398
USA,2011,T,16328.4,15055229.7,0.0010845666472959
USA,2011,HFCE,0.0,15055229.7,0.0
USA,2012,A01_02,182845.8,15681141.8,0.0116602350984416
USA,2012,A03,3966.1,15681141.8,0.0002529216335509
USA,2012,B05_06,239899.4,15681141.8,0.0152985926063113
USA,2012,B07_08,34318.3,15681141.8,0.0021885077271605
USA,2012,B09,68321.6,15681141.8,0.0043569276313794
USA,2012,C10T12,194341.5,15681141.8,0.0123933258482491
USA,2012,C13T15,25940.3,15681141.8,0.0016542354077813
USA,2012,C16,25733.9,15681141.8,0.0016410731009396
USA,2012,C17_18,91447.7,15681141.8,0.0058316990667095
USA,2012,C19,152038.8,15681141.8,0.0096956460147563
USA,2012,C20,180395.9,15681141.8,0.0115040028526494
USA,2012,C21,121141.3,15681141.8,0.0077252856676546
USA,2012,C22,67558.8,15681141.8,0.0043082832144276
USA,2012,C23,49567.9,15681141.8,0.0031609879326516
USA,2012,C24,77592.2,15681141.8,0.0049481218261797
USA,2012,C25,136726.4,15681141.8,0.0087191609988502
USA,2012,C26,243605.2,15681141.8,0.0155349146833172
USA,2012,C27,52901.5,15681141.8,0.0033735744931532
USA,2012,C28,151778.2,15681141.8,0.0096790273269514
USA,2012,C29,107628.3,15681141.8,0.0068635499488946
USA,2012,C30,126809.7,15681141.8,0.0080867644472164
USA,2012,C31T33,122105.7,15681141.8,0.007786786291289
USA,2012,D,242405.1,15681141.8,0.0154583832664532
USA,2012,E,48747.2,15681141.8,0.0031086511825305
USA,2012,F,553670.7,15681141.8,0.0353080602842326
USA,2012,G,1617586.0,15681141.8,0.1031548608278001
USA,2012,H49,230083.5,15681141.8,0.0146726241580189
USA,2012,H50,14096.1,15681141.8,0.0008989205110051
USA,2012,H51,74276.1,15681141.8,0.0047366512558415
USA,2012,H52,100934.2,15681141.8,0.0064366613915831
USA,2012,H53,74770.7,15681141.8,0.0047681923264031
USA,2012,I,396622.7,15681141.8,0.0252929732450987
USA,2012,J58T60,362575.4,15681141.8,0.0231217474227546
USA,2012,J61,262099.2,15681141.8,0.0167142930880199
USA,2012,J62_63,353985.8,15681141.8,0.022573981188028
USA,2012,K,1152419.0,15681141.8,0.0734907581793565
USA,2012,L,1960256.7,15681141.8,0.1250072682845071
USA,2012,M,1225997.2,15681141.8,0.0781829037474809
USA,2012,N,591490.5,15681141.8,0.0377198617003769
USA,2012,O,1452921.7,15681141.8,0.0926540757382858
USA,2012,P,907503.6,15681141.8,0.0578722909067756
USA,2012,Q,1191758.0,15681141.8,0.075999440295859
USA,2012,R,159185.1,15681141.8,0.0101513717578907
USA,2012,S,233762.8,15681141.8,0.014907256307063
USA,2012,T,17330.0,15681141.8,0.0011051491161185
USA,2012,HFCE,0.0,15681141.8,0.0
USA,2013,A01_02,218363.0,16233260.7,0.013451579694029
USA,2013,A03,4150.1,16233260.7,0.0002556541212943
USA,2013,B05_06,268086.0,16233260.7,0.0165146118795467
USA,2013,B07_08,31351.9,16233260.7,0.0019313371835394
USA,2013,B09,69122.3,16233260.7,0.004258066279931
USA,2013,C10T12,203509.1,16233260.7,0.012536550959229
USA,2013,C13T15,26948.1,16233260.7,0.0016600546555628
USA,2013,C16,30451.4,16233260.7,0.0018758646560761
USA,2013,C17_18,95305.5,16233260.7,0.0058710016281571
USA,2013,C19,143888.5,16233260.7,0.0088638076267696
USA,2013,C20,187712.4,16233260.7,0.0115634439358199
USA,2013,C21,129877.3,16233260.7,0.008000690828553
USA,2013,C22,68664.3,16233260.7,0.0042298526013322
USA,2013,C23,54019.5,16233260.7,0.0033277048276567
USA,2013,C24,74810.8,16233260.7,0.0046084887923964
USA,2013,C25,141016.7,16233260.7,0.0086868992376867
USA,2013,C26,246516.4,16233260.7,0.0151858831417646
USA,2013,C27,58402.1,16233260.7,0.0035976813949645
USA,2013,C28,157181.8,16233260.7,0.0096827004078114
USA,2013,C29,113992.8,16233260.7,0.0070221751567138
USA,2013,C30,133310.8,16233260.7,0.0082122010151663
USA,2013,C31T33,121558.7,16233260.7,0.0074882491106669
USA,2013,D,248675.4,16233260.7,0.0153188816834562
USA,2013,E,49178.4,16233260.7,0.0030294837807908
USA,2013,F,587311.9,16233260.7,0.0361795397027043
USA,2013,G,1681367.9,16233260.7,0.1035754880718449
USA,2013,H49,237170.6,16233260.7,0.0146101639333618
USA,2013,H50,17018.0,16233260.7,0.0010483414462751
USA,2013,H51,78213.3,16233260.7,0.0048180893195413
USA,2013,H52,102296.2,16233260.7,0.0063016421586822
USA,2013,H53,74526.2,16233260.7,0.0045909568864374
USA,2013,I,416209.5,16233260.7,0.0256393036304776
USA,2013,J58T60,373878.8,16233260.7,0.0230316513058895
USA,2013,J61,292317.8,16233260.7,0.0180073372443282
USA,2013,J62_63,382362.3,16233260.7,0.0235542511801094
USA,2013,K,1134149.5,16233260.7,0.0698657848820231
USA,2013,L,2039908.3,16233260.7,0.1256622645134997
USA,2013,M,1257177.7,16233260.7,0.0774445580116876
USA,2013,N,614314.6,16233260.7,0.0378429578230084
USA,2013,O,1479101.1,16233260.7,0.0911154651757672
USA,2013,P,940763.9,16233260.7,0.0579528609430882
USA,2013,Q,1227701.6,16233260.7,0.0756287737065665
USA,2013,R,164609.5,16233260.7,0.0101402609766502
USA,2013,S,238536.3,16233260.7,0.0146942936732359
USA,2013,T,18232.4,16233260.7,0.0011231508159047
USA,2013,HFCE,0.0,16233260.7,0.0
USA,2014,A01_02,201862.9,16906769.0,0.0119397680301895
USA,2014,A03,3842.9,16906769.0,0.0002272994917006
USA,2014,B05_06,288616.1,16906769.0,0.0170710382332662
USA,2014,B07_08,31215.3,16906769.0,0.0018463196604862
USA,2014,B09,79093.5,16906769.0,0.0046782149800473
USA,2014,C10T12,214461.8,16906769.0,0.0126849665953323
USA,2014,C13T15,27711.5,16906769.0,0.0016390772240396
USA,2014,C16,30883.5,16906769.0,0.0018266943849531
USA,2014,C17_18,95725.7,16906769.0,0.005661974798378
USA,2014,C19,147339.8,16906769.0,0.0087148407835938
USA,2014,C20,189360.8,16906769.0,0.0112002949824416
USA,2014,C21,136583.3,16906769.0,0.0080786163222553
USA,2014,C22,66786.0,16906769.0,0.003950252114996
USA,2014,C23,59936.2,16906769.0,0.0035451007818229
USA,2014,C24,76858.1,16906769.0,0.0045459957488033
USA,2014,C25,143533.3,16906769.0,0.0084896942757069
USA,2014,C26,253156.7,16906769.0,0.0149736889408023
USA,2014,C27,54623.4,16906769.0,0.0032308597816649
USA,2014,C28,160178.0,16906769.0,0.0094741934428748
USA,2014,C29,122964.0,16906769.0,0.0072730632328388
USA,2014,C30,139254.9,16906769.0,0.0082366358705202
USA,2014,C31T33,126244.5,16906769.0,0.0074670979416587
USA,2014,D,259665.6,16906769.0,0.0153586767524889
USA,2014,E,52454.9,16906769.0,0.0031025975453973
USA,2014,F,636153.6,16906769.0,0.0376271539523607
USA,2014,G,1742363.4,16906769.0,0.1030571482936804
USA,2014,H49,255523.2,16906769.0,0.0151136624626503
USA,2014,H50,16723.7,16906769.0,0.0009891718518186
USA,2014,H51,85539.5,16906769.0,0.0050594823883853
USA,2014,H52,105800.0,16906769.0,0.0062578485575806
USA,2014,H53,77725.6,16906769.0,0.004597306558101
USA,2014,I,441089.8,16906769.0,0.0260895384564608
USA,2014,J58T60,378482.2,16906769.0,0.0223864299559543
USA,2014,J61,282012.8,16906769.0,0.0166804668591615
USA,2014,J62_63,410529.3,16906769.0,0.0242819488454594
USA,2014,K,1264137.7,16906769.0,0.0747710990787181
USA,2014,L,2091089.7,16906769.0,0.1236835790445826
USA,2014,M,1316312.8,16906769.0,0.0778571470397448
USA,2014,N,646551.0,16906769.0,0.0382421384003058
USA,2014,O,1517005.3,16906769.0,0.089727688359615
USA,2014,P,967495.3,16906769.0,0.0572253219997268
USA,2014,Q,1262967.2,16906769.0,0.074701866453608
USA,2014,R,175831.2,16906769.0,0.0104000474602805
USA,2014,S,250238.1,16906769.0,0.0148010598595154
USA,2014,T,20844.9,16906769.0,0.0012329322060294
USA,2014,HFCE,0.0,16906769.0,0.0
USA,2015,A01_02,184437.4,17543953.2,0.0105128757411413
USA,2015,A03,3801.1,17543953.2,0.0002166615446739
USA,2015,B05_06,171273.2,17543953.2,0.0097625203423365
USA,2015,B07_08,26301.1,17543953.2,0.0014991547059074
USA,2015,B09,53300.6,17543953.2,0.0030381179995395
USA,2015,C10T12,238081.3,17543953.2,0.0135705617363365
USA,2015,C13T15,27631.9,17543953.2,0.0015750099014172
USA,2015,C16,32391.4,17543953.2,0.0018462999547901
USA,2015,C17_18,99761.3,17543953.2,0.0056863637780337
USA,2015,C19,133850.2,17543953.2,0.0076294207168769
USA,2015,C20,184831.5,17543953.2,0.0105353393213566
USA,2015,C21,144249.1,17543953.2,0.0082221548561814
USA,2015,C22,77912.2,17543953.2,0.0044409717189624
USA,2015,C23,65856.1,17543953.2,0.0037537776833558
USA,2015,C24,73116.5,17543953.2,0.0041676182765923
USA,2015,C25,147006.8,17543953.2,0.0083793429179918
USA,2015,C26,269158.7,17543953.2,0.0153419640905106
USA,2015,C27,63850.3,17543953.2,0.0036394476930091
USA,2015,C28,151604.2,17543953.2,0.0086413933206342
USA,2015,C29,135948.4,17543953.2,0.0077490174791391
USA,2015,C30,149077.6,17543953.2,0.0084973778885821
USA,2015,C31T33,128901.1,17543953.2,0.007347323521132
USA,2015,D,261464.6,17543953.2,0.0149034027290952
USA,2015,E,54720.8,17543953.2,0.0031190689678766
USA,2015,F,693675.1,17543953.2,0.0395392698607973
USA,2015,G,1841062.4,17543953.2,0.1049399972179588
USA,2015,H49,272520.0,17543953.2,0.0155335571688597
USA,2015,H50,16363.0,17543953.2,0.000932686026545
USA,2015,H51,99160.0,17543953.2,0.005652089860796
USA,2015,H52,115175.5,17543953.2,0.006564968492962
USA,2015,H53,85487.4,17543953.2,0.0048727558165168
USA,2015,I,485229.9,17543953.2,0.027657956816711
USA,2015,J58T60,395108.0,17543953.2,0.0225210359088281
USA,2015,J61,302858.2,17543953.2,0.0172628253477101
USA,2015,J62_63,449193.5,17543953.2,0.0256038929698011
USA,2015,K,1347391.6,17543953.2,0.0768009116668186
USA,2015,L,2140681.9,17543953.2,0.1220182176500562
USA,2015,M,1391243.3,17543953.2,0.0793004452383058
USA,2015,N,682151.1,17543953.2,0.0388824053634616
USA,2015,O,1555562.5,17543953.2,0.0886665896942771
USA,2015,P,998645.3,17543953.2,0.0569224785665753
USA,2015,Q,1332668.6,17543953.2,0.0759617051418035
USA,2015,R,179472.4,17543953.2,0.0102298722502292
USA,2015,S,260462.4,17543953.2,0.0148462776337091
USA,2015,T,21313.7,17543953.2,0.0012148744218036
USA,2015,HFCE,0.0,17543953.2,0.0
USA,2016,A01_02,172132.5,18026679.8,0.0095487633834822
USA,2016,A03,4096.5,18026679.8,0.0002272465060371
USA,2016,B05_06,150933.2,18026679.8,0.0083727675686567
USA,2016,B07_08,26763.0,18026679.8,0.0014846327941099
USA,2016,B09,31932.8,18026679.8,0.0017714188277754
USA,2016,C10T12,241111.3,18026679.8,0.0133752472820868
USA,2016,C13T15,28189.6,18026679.8,0.0015637710500632
USA,2016,C16,35217.8,18026679.8,0.0019536487245976
USA,2016,C17_18,99292.8,18026679.8,0.005508102495946
USA,2016,C19,80229.5,18026679.8,0.0044505977190541
USA,2016,C20,198500.9,18026679.8,0.0110115064006406
USA,2016,C21,155362.9,18026679.8,0.0086184977890382
USA,2016,C22,79603.8,18026679.8,0.0044158880549928
USA,2016,C23,61974.1,18026679.8,0.0034379098473807
USA,2016,C24,69727.6,18026679.8,0.0038680223298801
USA,2016,C25,145027.6,18026679.8,0.0080451642570363
USA,2016,C26,270082.8,18026679.8,0.014982392930727
USA,2016,C27,58619.6,18026679.8,0.0032518245539591
USA,2016,C28,143426.5,18026679.8,0.0079563459045852
USA,2016,C29,146056.2,18026679.8,0.008102224126708
USA,2016,C30,148345.3,18026679.8,0.0082292081318269
USA,2016,C31T33,137485.6,18026679.8,0.0076267843843323
USA,2016,D,264278.3,18026679.8,0.0146603979730088
USA,2016,E,54877.9,18026679.8,0.0030442599862454
USA,2016,F,745958.4,18026679.8,0.041380798254374
USA,2016,G,1861147.4,18026679.8,0.1032440483022281
USA,2016,H49,270856.8,18026679.8,0.0150253292899782
USA,2016,H50,14111.5,18026679.8,0.0007828119296821
USA,2016,H51,109586.0,18026679.8,0.0060791006006552
USA,2016,H52,122469.1,18026679.8,0.006793769088859
USA,2016,H53,86848.6,18026679.8,0.0048177812533176
USA,2016,I,510997.9,18026679.8,0.0283467563450037
USA,2016,J58T60,418599.0,18026679.8,0.0232210814550553
USA,2016,J61,316456.6,18026679.8,0.0175549021511992
USA,2016,J62_63,494362.3,18026679.8,0.0274239241770966
USA,2016,K,1436577.8,18026679.8,0.0796917577689486
USA,2016,L,2206665.2,18026679.8,0.1224110720599808
USA,2016,M,1419619.5,18026679.8,0.0787510243566871
USA,2016,N,715165.1,18026679.8,0.0396725912888295
USA,2016,O,1584904.2,18026679.8,0.0879199174547938
USA,2016,P,1028501.0,18026679.8,0.0570543778117143
USA,2016,Q,1400254.4,18026679.8,0.0776767777280872
USA,2016,R,192578.2,18026679.8,0.0106829544950368
USA,2016,S,267705.5,18026679.8,0.0148505161776934
USA,2016,T,20047.2,18026679.8,0.0011120849886067
USA,2016,HFCE,0.0,18026679.8,0.0
USA,2017,A01_02,180483.0,18779120.4,0.0096108335297749
USA,2017,A03,3942.3,18779120.4,0.0002099299602978
USA,2017,B05_06,188935.0,18779120.4,0.0100609078580698
USA,2017,B07_08,32456.4,18779120.4,0.0017283237611065
USA,2017,B09,43141.5,18779120.4,0.0022973120721884
USA,2017,C10T12,244253.0,18779120.4,0.0130066262315459
USA,2017,C13T15,27090.4,18779120.4,0.0014425808782822
USA,2017,C16,37811.1,18779120.4,0.002013464911807
USA,2017,C17_18,95709.3,18779120.4,0.0050965805618882
USA,2017,C19,128144.0,18779120.4,0.0068237487843147
USA,2017,C20,200660.7,18779120.4,0.0106853087751649
USA,2017,C21,157929.7,18779120.4,0.0084098560867632
USA,2017,C22,77895.7,18779120.4,0.0041479951318699
USA,2017,C23,64564.7,18779120.4,0.0034381109777644
USA,2017,C24,71653.5,18779120.4,0.0038155940466732
USA,2017,C25,147432.7,18779120.4,0.007850884219263
USA,2017,C26,281791.8,18779120.4,0.0150055909966901
USA,2017,C27,60933.8,18779120.4,0.0032447632637788
USA,2017,C28,153479.9,18779120.4,0.0081729014315281
USA,2017,C29,150405.0,18779120.4,0.0080091610680551
USA,2017,C30,152788.8,18779120.4,0.0081360999208461
USA,2017,C31T33,140363.7,18779120.4,0.0074744555128364
USA,2017,D,273445.4,18779120.4,0.0145611399349673
USA,2017,E,61054.0,18779120.4,0.0032511639895551
USA,2017,F,798773.7,18779120.4,0.0425352030865087
USA,2017,G,1905883.7,18779120.4,0.1014895085288446
USA,2017,H49,284066.0,18779120.4,0.0151266935803872
USA,2017,H50,13652.0,18779120.4,0.0007269776064697
USA,2017,H51,113303.7,18779120.4,0.0060334934537189
USA,2017,H52,127779.0,18779120.4,0.006804312304212
USA,2017,H53,90113.7,18779120.4,0.00479861133432
USA,2017,I,533616.6,18779120.4,0.0284154203516369
USA,2017,J58T60,441732.0,18779120.4,0.0235225074759092
USA,2017,J61,308636.0,18779120.4,0.0164350615697634
USA,2017,J62_63,529176.6,18779120.4,0.0281789875525799
USA,2017,K,1483524.3,18779120.4,0.0789986042157757
USA,2017,L,2298488.6,18779120.4,0.122395966959134
USA,2017,M,1486170.5,18779120.4,0.0791395160339884
USA,2017,N,759469.3,18779120.4,0.0404422190082981
USA,2017,O,1624776.0,18779120.4,0.0865203462884236
USA,2017,P,1052197.8,18779120.4,0.0560301961746834
USA,2017,Q,1454252.7,18779120.4,0.0774398730624252
USA,2017,R,201884.4,18779120.4,0.0107504715716077
USA,2017,S,276574.3,18779120.4,0.0147277558324829
USA,2017,T,18684.1,18779120.4,0.0009949401037974
USA,2017,HFCE,0.0,18779120.4,0.0
USA,2018,A01_02,181333.9,19767244.8,0.0091734534496178
USA,2018,A03,4265.1,19767244.8,0.0002157660333118
USA,2018,B05_06,216446.7,19767244.8,0.0109497657458059
USA,2018,B07_08,33671.8,19767244.8,0.0017034139224096
USA,2018,B09,55506.2,19767244.8,0.0028079886985565
USA,2018,C10T12,242876.4,19767244.8,0.0122868109570839
USA,2018,C13T15,26029.5,19767244.8,0.0013167995976859
USA,2018,C16,39120.3,19767244.8,0.0019790466701763
USA,2018,C17_18,100226.4,19767244.8,0.0050703272516764
USA,2018,C19,182412.2,19767244.8,0.0092280032875395
USA,2018,C20,210273.0,19767244.8,0.0106374460440738
USA,2018,C21,161250.5,19767244.8,0.0081574595565285
USA,2018,C22,81419.2,19767244.8,0.0041188947080778
USA,2018,C23,65185.3,19767244.8,0.0032976421681184
USA,2018,C24,80269.8,19767244.8,0.0040607480107698
USA,2018,C25,152217.6,19767244.8,0.0077004965305028
USA,2018,C26,307018.1,19767244.8,0.015531658716545
USA,2018,C27,65216.6,19767244.8,0.0032992255956682
USA,2018,C28,161255.8,19767244.8,0.0081577276768485
USA,2018,C29,149758.3,19767244.8,0.0075760836431792
USA,2018,C30,158665.6,19767244.8,0.0080266927235099
USA,2018,C31T33,146892.1,19767244.8,0.0074310861977082
USA,2018,D,279831.5,19767244.8,0.014156322888256
USA,2018,E,64656.0,19767244.8,0.0032708655482427
USA,2018,F,845276.4,19767244.8,0.0427614676983208
USA,2018,G,1970928.7,19767244.8,0.0997067987947414
USA,2018,H49,304105.0,19767244.8,0.0153842886591863
USA,2018,H50,14921.3,19767244.8,0.0007548497603469
USA,2018,H51,112804.1,19767244.8,0.0057066172418727
USA,2018,H52,140986.6,19767244.8,0.0071323343959396
USA,2018,H53,94654.7,19767244.8,0.0047884619711898
USA,2018,I,555324.1,19767244.8,0.0280931462942169
USA,2018,J58T60,461968.6,19767244.8,0.0233704092135288
USA,2018,J61,318506.9,19767244.8,0.0161128626281797
USA,2018,J62_63,589679.3,19767244.8,0.0298311325612763
USA,2018,K,1582653.6,19767244.8,0.0800644508636833
USA,2018,L,2405694.3,19767244.8,0.1217010425246516
USA,2018,M,1575289.9,19767244.8,0.079691930561815
USA,2018,N,802069.2,19767244.8,0.0405756699082312
USA,2018,O,1694675.3,19767244.8,0.085731487475685
USA,2018,P,1094838.1,19767244.8,0.0553864795563213
USA,2018,Q,1514926.3,19767244.8,0.0766382121194755
USA,2018,R,213714.2,19767244.8,0.0108115320148208
USA,2018,S,286473.8,19767244.8,0.0144923484733694
USA,2018,T,21956.5,19767244.8,0.0011107516612532
USA,2018,HFCE,0.0,19767244.8,0.0
USA,2019,A01_02,174885.9,20589957.8,0.0084937473742661
USA,2019,A03,4461.0,20589957.8,0.0002166590161734
USA,2019,B05_06,197387.6,20589957.8,0.0095865956558687
USA,2019,B07_08,33825.7,20589957.8,0.0016428251251685
USA,2019,B09,53229.7,20589957.8,0.0025852262795798
USA,2019,C10T12,264972.6,20589957.8,0.0128690210331562
USA,2019,C13T15,26345.7,20589957.8,0.0012795412334453
USA,2019,C16,38916.5,20589957.8,0.0018900718679471
USA,2019,C17_18,101850.4,20589957.8,0.0049466055729361
USA,2019,C19,142106.5,20589957.8,0.0069017382833101
USA,2019,C20,212241.6,20589957.8,0.0103080152986034
USA,2019,C21,180760.4,20589957.8,0.0087790563611548
USA,2019,C22,83106.1,20589957.8,0.0040362443093496
USA,2019,C23,67218.5,20589957.8,0.0032646254379404
USA,2019,C24,80296.7,20589957.8,0.0038997991535465
USA,2019,C25,160106.7,20589957.8,0.0077759605704485
USA,2019,C26,310960.8,20589957.8,0.015102546737614
USA,2019,C27,64787.5,20589957.8,0.0031465581731303
USA,2019,C28,167610.1,20589957.8,0.0081403809385175
USA,2019,C29,149267.5,20589957.8,0.0072495291855333
USA,2019,C30,166663.7,20589957.8,0.0080944167840887
USA,2019,C31T33,147087.3,20589957.8,0.0071436426159163
USA,2019,D,291175.2,20589957.8,0.0141416122766409
USA,2019,E,66810.0,20589957.8,0.0032447856692547
USA,2019,F,901791.5,20589957.8,0.0437976371180323
USA,2019,G,2041629.1,20589957.8,0.0991565461100653
USA,2019,H49,313446.4,20589957.8,0.0152232657805641
USA,2019,H50,15018.3,20589957.8,0.0007293992608377
USA,2019,H51,121253.0,20589957.8,0.0058889387330361
USA,2019,H52,151008.3,20589957.8,0.0073340752548798
USA,2019,H53,98540.9,20589957.8,0.0047858718777947
USA,2019,I,589819.7,20589957.8,0.0286459887741974
USA,2019,J58T60,478812.1,20589957.8,0.0232546421246186
USA,2019,J61,336587.2,20589957.8,0.0163471534652683
USA,2019,J62_63,634803.7,20589957.8,0.0308307431305177
USA,2019,K,1681646.7,20589957.8,0.0816731494223849
USA,2019,L,2525659.4,20589957.8,0.1226646224597895
USA,2019,M,1656807.8,20589957.8,0.0804667894948284
USA,2019,N,849013.0,20589957.8,0.0412343244336324
USA,2019,O,1745100.3,20589957.8,0.0847549235870702
USA,2019,P,1131976.6,20589957.8,0.0549771209341672
USA,2019,Q,1591005.5,20589957.8,0.0772709451594893
USA,2019,R,220962.9,20589957.8,0.0107315858607539
USA,2019,S,296028.8,20589957.8,0.0143773388403933
USA,2019,T,22972.9,20589957.8,0.0011157332240865
USA,2019,HFCE,0.0,20589957.8,0.0
USA,2020,A01_02,195779.2,20343313.0,0.0096237618720215
USA,2020,A03,4053.0,20343313.0,0.000199230086073
USA,2020,B05_06,120264.9,20343313.0,0.0059117656991267
USA,2020,B07_08,37005.8,20343313.0,0.001819064574192
USA,2020,B09,33335.9,20343313.0,0.0016386662290453
USA,2020,C10T12,282523.9,20343313.0,0.0138878018541031
USA,2020,C13T15,23667.3,20343313.0,0.0011633945758982
USA,2020,C16,44273.4,20343313.0,0.0021763121867121
USA,2020,C17_18,97608.3,20343313.0,0.0047980532964321
USA,2020,C19,57173.5,20343313.0,0.0028104321061176
USA,2020,C20,200733.0,20343313.0,0.0098672718647154
USA,2020,C21,195910.9,20343313.0,0.0096302357438043
USA,2020,C22,79404.9,20343313.0,0.0039032432917883
USA,2020,C23,71132.3,20343313.0,0.0034965936964151
USA,2020,C24,69098.1,20343313.0,0.0033966001506244
USA,2020,C25,147062.7,20343313.0,0.007229043764897
USA,2020,C26,318579.3,20343313.0,0.0156601483740627
USA,2020,C27,61603.3,20343313.0,0.0030281842490453
USA,2020,C28,159979.4,20343313.0,0.0078639796772531
USA,2020,C29,136114.2,20343313.0,0.00669085708901
USA,2020,C30,148792.2,20343313.0,0.0073140594159859
USA,2020,C31T33,144863.2,20343313.0,0.0071209246989416
USA,2020,D,297255.0,20343313.0,0.0146119267790846
USA,2020,E,68822.6,20343313.0,0.0033830576170164
USA,2020,F,892143.4,20343313.0,0.0438543810440315
USA,2020,G,2083530.7,20343313.0,0.1024184556369948
USA,2020,H49,293235.1,20343313.0,0.0144143237632926
USA,2020,H50,11095.2,20343313.0,0.0005453978906975
USA,2020,H51,49536.0,20343313.0,0.0024350016145354
USA,2020,H52,156670.1,20343313.0,0.0077013070584914
USA,2020,H53,112525.0,20343313.0,0.0055313016124758
USA,2020,I,448302.1,20343313.0,0.0220368285146082
USA,2020,J58T60,513376.0,20343313.0,0.0252356142777727
USA,2020,J61,329073.2,20343313.0,0.0161759886405916
USA,2020,J62_63,665923.8,20343313.0,0.0327342847254033
USA,2020,K,1745673.1,20343313.0,0.0858106592569263
USA,2020,L,2589809.4,20343313.0,0.1273051936034214
USA,2020,M,1658546.0,20343313.0,0.0815278219432596
USA,2020,N,798225.4,20343313.0,0.0392377288792636
USA,2020,O,1825179.0,20343313.0,0.0897188673251008
USA,2020,P,1129669.1,20343313.0,0.055530242296326
USA,2020,Q,1606621.6,20343313.0,0.0789754156562404
USA,2020,R,146165.6,20343313.0,0.007184945736223
USA,2020,S,270505.3,20343313.0,0.0132970131266229
USA,2020,T,22471.6,20343313.0,0.0011046185053535
USA,2020,HFCE,0.0,20343313.0,0.0
GBR,1995,A01_02,15884.2,1221058.8,0.0130085463533779
GBR,1995,A03,559.7,1221058.8,0.0004583726844276
GBR,1995,B05_06,20116.9,1221058.8,0.0164749641868188
GBR,1995,B07_08,2212.9,1221058.8,0.0018122796379666
GBR,1995,B09,2744.3,1221058.8,0.0022474757153381
GBR,1995,C10T12,30816.0,1221058.8,0.0252371138883729
GBR,1995,C13T15,11822.4,1221058.8,0.0096820890197916
GBR,1995,C16,2845.4,1221058.8,0.0023302727108637
GBR,1995,C17_18,11161.4,1221058.8,0.0091407555475624
GBR,1995,C19,2028.3,1221058.8,0.0016610993672049
GBR,1995,C20,18903.5,1221058.8,0.0154812364482365
GBR,1995,C21,11677.2,1221058.8,0.0095631758274048
GBR,1995,C22,9037.8,1221058.8,0.0074016091608364
GBR,1995,C23,7428.9,1221058.8,0.0060839821964347
GBR,1995,C24,7341.7,1221058.8,0.0060125687640922
GBR,1995,C25,17928.1,1221058.8,0.0146824215181119
GBR,1995,C26,15056.5,1221058.8,0.0123306920190903
GBR,1995,C27,7360.3,1221058.8,0.0060278014457616
GBR,1995,C28,16842.6,1221058.8,0.0137934389400412
GBR,1995,C29,11545.0,1221058.8,0.009454909132959
GBR,1995,C30,7988.1,1221058.8,0.0065419454001723
GBR,1995,C31T33,16312.5,1221058.8,0.0133593075124637
GBR,1995,D,18182.4,1221058.8,0.0148906833970649
GBR,1995,E,16256.2,1221058.8,0.0133131999867655
GBR,1995,F,61251.7,1221058.8,0.0501627767639035
GBR,1995,G,139454.0,1221058.8,0.1142074402968964
GBR,1995,H49,21379.7,1221058.8,0.0175091486175768
GBR,1995,H50,3180.3,1221058.8,0.0026045428770506
GBR,1995,H51,5050.0,1221058.8,0.0041357549693757
GBR,1995,H52,11357.2,1221058.8,0.009301108185781
GBR,1995,H53,9223.3,1221058.8,0.0075535264968402
GBR,1995,I,27815.8,1221058.8,0.0227800659558737
GBR,1995,J58T60,20713.8,1221058.8,0.0169638022345852
GBR,1995,J61,23716.2,1221058.8,0.0194226518821206
GBR,1995,J62_63,15451.0,1221058.8,0.0126537722835296
GBR,1995,K,91865.6,1221058.8,0.0752343785573635
GBR,1995,L,178278.5,1221058.8,0.1460032063975952
GBR,1995,M,58346.2,1221058.8,0.0477832844740973
GBR,1995,N,40771.7,1221058.8,0.0333904476999797
GBR,1995,O,71334.4,1221058.8,0.0584201186707798
GBR,1995,P,61437.2,1221058.8,0.0503146940999073
GBR,1995,Q,66295.2,1221058.8,0.0542932084843088
GBR,1995,R,13480.0,1221058.8,0.011039599403403
GBR,1995,S,16671.5,1221058.8,0.0136533146479104
GBR,1995,T,1933.2,1221058.8,0.0015832161399598
GBR,1995,HFCE,0.0,1221058.8,0.0
GBR,1996,A01_02,14514.2,1291726.0,0.0112362838558641
GBR,1996,A03,563.2,1291726.0,0.0004360057783152
GBR,1996,B05_06,24994.7,1291726.0,0.0193498466393027
GBR,1996,B07_08,2485.4,1291726.0,0.0019240922610522
GBR,1996,B09,3380.1,1291726.0,0.0026167314120796
GBR,1996,C10T12,33352.3,1291726.0,0.0258199494320002
GBR,1996,C13T15,12384.6,1291726.0,0.0095876370066097
GBR,1996,C16,2798.9,1291726.0,0.0021667907899972
GBR,1996,C17_18,11487.5,1291726.0,0.0088931398764134
GBR,1996,C19,1800.5,1291726.0,0.0013938714557111
GBR,1996,C20,19338.3,1291726.0,0.0149708994012662
GBR,1996,C21,11448.5,1291726.0,0.0088629477149178
GBR,1996,C22,9824.4,1291726.0,0.007605637728125
GBR,1996,C23,7509.1,1291726.0,0.0058132297406725
GBR,1996,C24,7343.7,1291726.0,0.0056851840096119
GBR,1996,C25,18981.0,1291726.0,0.0146942927524877
GBR,1996,C26,15373.9,1291726.0,0.0119018274773442
GBR,1996,C27,7641.7,1291726.0,0.0059158830897574
GBR,1996,C28,16771.8,1291726.0,0.0129840229274629
GBR,1996,C29,12724.7,1291726.0,0.0098509281380106
GBR,1996,C30,8438.9,1291726.0,0.0065330418370459
GBR,1996,C31T33,17380.2,1291726.0,0.0134550206467935
GBR,1996,D,19558.2,1291726.0,0.0151411367426218
GBR,1996,E,16888.8,1291726.0,0.0130745994119495
GBR,1996,F,65029.2,1291726.0,0.0503428745724712
GBR,1996,G,148913.0,1291726.0,0.1152821883278652
GBR,1996,H49,21740.9,1291726.0,0.0168308913809894
GBR,1996,H50,3989.3,1291726.0,0.0030883484577998
GBR,1996,H51,5806.9,1291726.0,0.0044954580150898
GBR,1996,H52,12899.4,1291726.0,0.009986173538351
GBR,1996,H53,9726.1,1291726.0,0.0075295379979964
GBR,1996,I,31318.7,1291726.0,0.0242456217495041
GBR,1996,J58T60,21870.4,1291726.0,0.0169311448403144
GBR,1996,J61,24048.4,1291726.0,0.0186172609361428
GBR,1996,J62_63,17108.8,1291726.0,0.0132449141691039
GBR,1996,K,93452.3,1291726.0,0.0723468444546289
GBR,1996,L,189391.6,1291726.0,0.1466190198230894
GBR,1996,M,64194.5,1291726.0,0.0496966849006677
GBR,1996,N,45135.6,1291726.0,0.0349420852409876
GBR,1996,O,71625.1,1291726.0,0.0554491432393557
GBR,1996,P,63517.4,1291726.0,0.0491725025276258
GBR,1996,Q,70186.8,1291726.0,0.0543356718065596
GBR,1996,R,15024.4,1291726.0,0.0116312592608649
GBR,1996,S,17684.5,1291726.0,0.0136905969222575
GBR,1996,T,2078.1,1291726.0,0.0016087777129205
GBR,1996,HFCE,0.0,1291726.0,0.0
GBR,1997,A01_02,14044.7,1411904.4,0.0099473448768911
GBR,1997,A03,584.4,1411904.4,0.0004139090437001
GBR,1997,B05_06,21963.6,1411904.4,0.0155560107327379
GBR,1997,B07_08,2558.8,1411904.4,0.0018123040058519
GBR,1997,B09,3012.3,1411904.4,0.0021335013900374
GBR,1997,C10T12,35682.8,1411904.4,0.0252728159215312
GBR,1997,C13T15,13311.3,1411904.4,0.0094279046088389
GBR,1997,C16,3362.6,1411904.4,0.0023816060067522
GBR,1997,C17_18,12803.8,1411904.4,0.0090684610091164
GBR,1997,C19,2062.8,1411904.4,0.0014610054335123
GBR,1997,C20,19347.3,1411904.4,0.0137029815899716
GBR,1997,C21,11186.3,1411904.4,0.007922845201134
GBR,1997,C22,11099.5,1411904.4,0.0078613679509745
GBR,1997,C23,7915.4,1411904.4,0.0056061869344695
GBR,1997,C24,7885.9,1411904.4,0.0055852931685743
GBR,1997,C25,19168.8,1411904.4,0.0135765565997244
GBR,1997,C26,16849.0,1411904.4,0.0119335275107861
GBR,1997,C27,8526.0,1411904.4,0.0060386524753375
GBR,1997,C28,18931.4,1411904.4,0.0134084149040119
GBR,1997,C29,14365.6,1411904.4,0.0101746265540358
GBR,1997,C30,10662.4,1411904.4,0.0075517860841003
GBR,1997,C31T33,19576.4,1411904.4,0.0138652447007035
GBR,1997,D,20327.9,1411904.4,0.014397504533593
GBR,1997,E,19181.9,1411904.4,0.0135858348483084
GBR,1997,F,67831.6,1411904.4,0.0480426295151428
GBR,1997,G,168821.0,1411904.4,0.119569710243838
GBR,1997,H49,24473.0,1411904.4,0.0173333265340061
GBR,1997,H50,4105.8,1411904.4,0.0029079872546611
GBR,1997,H51,6424.0,1411904.4,0.0045498831223983
GBR,1997,H52,14465.4,1411904.4,0.0102453112264541
GBR,1997,H53,11148.7,1411904.4,0.0078962145029082
GBR,1997,I,35623.3,1411904.4,0.0252306742581154
GBR,1997,J58T60,25288.3,1411904.4,0.0179107735622893
GBR,1997,J61,25612.4,1411904.4,0.0181403216818362
GBR,1997,J62_63,22783.5,1411904.4,0.0161367157719743
GBR,1997,K,100506.5,1411904.4,0.0711850604049396
GBR,1997,L,206153.6,1411904.4,0.1460110188763488
GBR,1997,M,73394.5,1411904.4,0.0519826271523766
GBR,1997,N,53279.4,1411904.4,0.0377358410385292
GBR,1997,O,73256.7,1411904.4,0.0518850284764322
GBR,1997,P,69231.3,1411904.4,0.0490339855871261
GBR,1997,Q,75277.0,1411904.4,0.0533159327217905
GBR,1997,R,16857.2,1411904.4,0.0119393352694417
GBR,1997,S,20629.1,1411904.4,0.0146108334246992
GBR,1997,T,2331.2,1411904.4,0.0016511032899961
GBR,1997,HFCE,0.0,1411904.4,0.0
GBR,1998,A01_02,14924.9,1491520.6,0.0100064994073833
GBR,1998,A03,572.9,1491520.6,0.0003841046513202
GBR,1998,B05_06,17800.1,1491520.6,0.011934196550822
GBR,1998,B07_08,2068.5,1491520.6,0.0013868397124384
GBR,1998,B09,2219.2,1491520.6,0.0014878775392039
GBR,1998,C10T12,36198.8,1491520.6,0.0242697284905082
GBR,1998,C13T15,12414.2,1491520.6,0.0083231837361146
GBR,1998,C16,3411.6,1491520.6,0.0022873301247062
GBR,1998,C17_18,13874.9,1491520.6,0.0093025198579221
GBR,1998,C19,2774.0,1491520.6,0.0018598469240049
GBR,1998,C20,18411.0,1491520.6,0.0123437785572656
GBR,1998,C21,11344.4,1491520.6,0.0076059291437208
GBR,1998,C22,11612.6,1491520.6,0.0077857456343546
GBR,1998,C23,7586.6,1491520.6,0.0050864869047065
GBR,1998,C24,8096.7,1491520.6,0.0054284868744018
GBR,1998,C25,19923.0,1491520.6,0.0133575091084896
GBR,1998,C26,17847.9,1491520.6,0.0119662443817403
GBR,1998,C27,8684.6,1491520.6,0.0058226483764287
GBR,1998,C28,19293.7,1491520.6,0.0129355906985126
GBR,1998,C29,14221.0,1491520.6,0.0095345649265588
GBR,1998,C30,10980.0,1491520.6,0.0073616147172221
GBR,1998,C31T33,20830.6,1491520.6,0.0139660156219096
GBR,1998,D,21678.5,1491520.6,0.0145344958695173
GBR,1998,E,20799.1,1491520.6,0.0139448962354257
GBR,1998,F,77345.3,1491520.6,0.0518566756637487
GBR,1998,G,180820.8,1491520.6,0.1212325193497159
GBR,1998,H49,27539.5,1491520.6,0.0184640426689379
GBR,1998,H50,3562.3,1491520.6,0.0023883679514718
GBR,1998,H51,6402.5,1491520.6,0.0042925991099284
GBR,1998,H52,17129.1,1491520.6,0.0114843200958806
GBR,1998,H53,11458.6,1491520.6,0.0076824953004336
GBR,1998,I,38560.9,1491520.6,0.0258534142941103
GBR,1998,J58T60,27703.4,1491520.6,0.0185739305243253
GBR,1998,J61,28703.7,1491520.6,0.0192445883751119
GBR,1998,J62_63,27657.0,1491520.6,0.0185428213328062
GBR,1998,K,104071.6,1491520.6,0.0697755029330469
GBR,1998,L,215104.1,1491520.6,0.144217988004993
GBR,1998,M,81608.1,1491520.6,0.0547146985432182
GBR,1998,N,56645.6,1491520.6,0.037978422825672
GBR,1998,O,74715.2,1491520.6,0.0500933074608557
GBR,1998,P,73374.0,1491520.6,0.049194090916344
GBR,1998,Q,80692.2,1491520.6,0.0541006272390739
GBR,1998,R,16483.3,1491520.6,0.0110513391501263
GBR,1998,S,21971.6,1491520.6,0.014731006732324
GBR,1998,T,2403.0,1491520.6,0.0016111074831953
GBR,1998,HFCE,0.0,1491520.6,0.0
GBR,1999,A01_02,13633.0,1516181.7,0.0089916663682195
GBR,1999,A03,634.1,1516181.7,0.0004182216419047
GBR,1999,B05_06,19844.6,1516181.7,0.013088536815871
GBR,1999,B07_08,1702.1,1516181.7,0.0011226227041257
GBR,1999,B09,1918.9,1516181.7,0.0012656134815503
GBR,1999,C10T12,36199.0,1516181.7,0.0238751067896413
GBR,1999,C13T15,11694.7,1516181.7,0.0077132575864752
GBR,1999,C16,3438.2,1516181.7,0.0022676701611686
GBR,1999,C17_18,13251.2,1516181.7,0.0087398495839911
GBR,1999,C19,2393.0,1516181.7,0.0015783068744333
GBR,1999,C20,17184.5,1516181.7,0.0113340637207268
GBR,1999,C21,12830.5,1516181.7,0.0084623762442192
GBR,1999,C22,12209.2,1516181.7,0.0080525968622362
GBR,1999,C23,7185.4,1516181.7,0.0047391417532608
GBR,1999,C24,8390.8,1516181.7,0.0055341651993293
GBR,1999,C25,19124.4,1516181.7,0.0126135277849613
GBR,1999,C26,15168.5,1516181.7,0.0100044077830513
GBR,1999,C27,8227.4,1516181.7,0.0054263944750157
GBR,1999,C28,18575.9,1516181.7,0.0122517637562833
GBR,1999,C29,12233.5,1516181.7,0.0080686239650564
GBR,1999,C30,12031.2,1516181.7,0.0079351966851994
GBR,1999,C31T33,22007.7,1516181.7,0.0145152127874911
GBR,1999,D,20038.6,1516181.7,0.01321648981781
GBR,1999,E,20278.0,1516181.7,0.013374386460409
GBR,1999,F,84255.9,1516181.7,0.0555711099797603
GBR,1999,G,183034.7,1516181.7,0.1207208212577687
GBR,1999,H49,28620.3,1516181.7,0.0188765634092536
GBR,1999,H50,4341.0,1516181.7,0.0028631133062745
GBR,1999,H51,6869.9,1516181.7,0.0045310532372208
GBR,1999,H52,16550.2,1516181.7,0.0109157101685108
GBR,1999,H53,11913.1,1516181.7,0.0078573036463901
GBR,1999,I,39659.7,1516181.7,0.0261576168608287
GBR,1999,J58T60,28099.3,1516181.7,0.0185329370483761
GBR,1999,J61,30725.3,1516181.7,0.0202649194354476
GBR,1999,J62_63,28652.7,1516181.7,0.0188979328796805
GBR,1999,K,103181.3,1516181.7,0.0680533870050007
GBR,1999,L,220253.1,1516181.7,0.1452682749039907
GBR,1999,M,85907.8,1516181.7,0.0566606231957555
GBR,1999,N,57171.0,1516181.7,0.0377072220301827
GBR,1999,O,76484.5,1516181.7,0.0504454710144569
GBR,1999,P,77030.0,1516181.7,0.0508052563884658
GBR,1999,Q,81919.4,1516181.7,0.0540300677682628
GBR,1999,R,17223.3,1516181.7,0.0113596543211146
GBR,1999,S,21565.9,1516181.7,0.0142238229098794
GBR,1999,T,2528.9,1516181.7,0.0016679399309462
GBR,1999,HFCE,0.0,1516181.7,0.0
GBR,2000,A01_02,13105.9,1494736.1,0.0087680360432855
GBR,2000,A03,552.3,1494736.1,0.0003694966623205
GBR,2000,B05_06,28437.9,1494736.1,0.0190253650794946
GBR,2000,B07_08,1832.3,1494736.1,0.0012258351156434
GBR,2000,B09,1789.9,1494736.1,0.0011974689043771
GBR,2000,C10T12,35005.6,1494736.1,0.023419251063783
GBR,2000,C13T15,10580.6,1494736.1,0.0070785739368976
GBR,2000,C16,3076.0,1494736.1,0.0020578883456417
GBR,2000,C17_18,12576.3,1494736.1,0.0084137260082231
GBR,2000,C19,1517.6,1494736.1,0.001015296278721
GBR,2000,C20,16578.3,1494736.1,0.0110911217036907
GBR,2000,C21,13039.3,1494736.1,0.008723479683136
GBR,2000,C22,11173.7,1494736.1,0.0074753663874178
GBR,2000,C23,7474.4,1494736.1,0.0050004813558727
GBR,2000,C24,7867.8,1494736.1,0.0052636716273862
GBR,2000,C25,18106.5,1494736.1,0.0121135095352283
GBR,2000,C26,13189.1,1494736.1,0.0088236980427514
GBR,2000,C27,7834.5,1494736.1,0.0052413934473115
GBR,2000,C28,17409.0,1494736.1,0.0116468719796089
GBR,2000,C29,12986.4,1494736.1,0.0086880888204948
GBR,2000,C30,12222.3,1494736.1,0.0081768949047259
GBR,2000,C31T33,20082.5,1494736.1,0.0134354820225456
GBR,2000,D,17651.0,1494736.1,0.0118087734684403
GBR,2000,E,19719.4,1494736.1,0.0131925628878569
GBR,2000,F,86096.1,1494736.1,0.0575995321180775
GBR,2000,G,174620.6,1494736.1,0.1168236988455687
GBR,2000,H49,27768.7,1494736.1,0.0185776606318667
GBR,2000,H50,5607.3,1494736.1,0.0037513645385295
GBR,2000,H51,6332.0,1494736.1,0.004236199286282
GBR,2000,H52,15827.8,1494736.1,0.0105890263839884
GBR,2000,H53,12024.1,1494736.1,0.0080442962473442
GBR,2000,I,39343.4,1494736.1,0.0263213018003646
GBR,2000,J58T60,28552.4,1494736.1,0.019101967230202
GBR,2000,J61,32198.8,1494736.1,0.0215414613991058
GBR,2000,J62_63,30371.1,1494736.1,0.0203187037497789
GBR,2000,K,98831.3,1494736.1,0.0661195645171077
GBR,2000,L,213433.2,1494736.1,0.142789887793571
GBR,2000,M,86621.1,1494736.1,0.0579507646868233
GBR,2000,N,56905.2,1494736.1,0.038070399182839
GBR,2000,O,74498.5,1494736.1,0.0498405705194381
GBR,2000,P,77816.8,1494736.1,0.0520605610582362
GBR,2000,Q,82386.0,1494736.1,0.0551174217308326
GBR,2000,R,17156.3,1494736.1,0.0114778120365193
GBR,2000,S,21678.7,1494736.1,0.014503362834416
GBR,2000,T,2858.1,1494736.1,0.0019121101042518
GBR,2000,HFCE,0.0,1494736.1,0.0
GBR,2001,A01_02,11919.6,1483189.5,0.0080364646594383
GBR,2001,A03,644.9,1483189.5,0.0004348062064894
GBR,2001,B05_06,26285.4,1483189.5,0.0177222128392899
GBR,2001,B07_08,1648.3,1483189.5,0.0011113212438464
GBR,2001,B09,1639.7,1483189.5,0.0011055229287963
GBR,2001,C10T12,33082.6,1483189.5,0.0223050392414455
GBR,2001,C13T15,9102.3,1483189.5,0.0061369771023864
GBR,2001,C16,2895.0,1483189.5,0.0019518746593068
GBR,2001,C17_18,11349.5,1483189.5,0.0076520903094311
GBR,2001,C19,1952.1,1483189.5,0.0013161500941046
GBR,2001,C20,13652.8,1483189.5,0.0092050274088375
GBR,2001,C21,13140.3,1483189.5,0.0088594882852123
GBR,2001,C22,11530.9,1483189.5,0.0077743943036274
GBR,2001,C23,6963.2,1483189.5,0.0046947473670761
GBR,2001,C24,7436.8,1483189.5,0.0050140592284397
GBR,2001,C25,16943.6,1483189.5,0.0114237594049849
GBR,2001,C26,11090.4,1483189.5,0.0074773992129798
GBR,2001,C27,7364.8,1483189.5,0.0049655151954622
GBR,2001,C28,16088.5,1483189.5,0.0108472315911082
GBR,2001,C29,11987.2,1483189.5,0.0080820421126228
GBR,2001,C30,11908.1,1483189.5,0.0080287110986155
GBR,2001,C31T33,18105.4,1483189.5,0.0122070713148926
GBR,2001,D,16016.6,1483189.5,0.0107987549803986
GBR,2001,E,19300.2,1483189.5,0.0130126325732483
GBR,2001,F,86480.2,1483189.5,0.0583069122320512
GBR,2001,G,179019.5,1483189.5,0.1206990071059699
GBR,2001,H49,27877.1,1483189.5,0.0187953730794345
GBR,2001,H50,5481.8,1483189.5,0.0036959538885624
GBR,2001,H51,5669.0,1483189.5,0.0038221683743041
GBR,2001,H52,16506.0,1483189.5,0.0111287195601101
GBR,2001,H53,11840.4,1483189.5,0.0079830662231629
GBR,2001,I,38786.1,1483189.5,0.0261504682982181
GBR,2001,J58T60,27488.4,1483189.5,0.0185333027236236
GBR,2001,J61,30636.7,1483189.5,0.0206559579878363
GBR,2001,J62_63,31870.4,1483189.5,0.0214877465084535
GBR,2001,K,95990.0,1483189.5,0.0647186350766372
GBR,2001,L,208480.5,1483189.5,0.1405622814886432
GBR,2001,M,88402.0,1483189.5,0.0596026333789444
GBR,2001,N,59671.3,1483189.5,0.0402317438196535
GBR,2001,O,75022.6,1483189.5,0.0505819384508857
GBR,2001,P,81115.0,1483189.5,0.0546895727080052
GBR,2001,Q,88793.5,1483189.5,0.05986659155826
GBR,2001,R,17490.7,1483189.5,0.0117926266333465
GBR,2001,S,21718.7,1483189.5,0.0146432401254189
GBR,2001,T,2801.4,1483189.5,0.0018887674164359
GBR,2001,HFCE,0.0,1483189.5,0.0
GBR,2002,A01_02,15297.7,1607008.2,0.0095193664848754
GBR,2002,A03,640.0,1607008.2,0.0003982555907306
GBR,2002,B05_06,23809.5,1607008.2,0.0148160413867209
GBR,2002,B07_08,1862.9,1607008.2,0.0011592349062064
GBR,2002,B09,1663.6,1607008.2,0.0010352156261554
GBR,2002,C10T12,34738.2,1607008.2,0.0216166911904992
GBR,2002,C13T15,8794.6,1607008.2,0.0054726540909996
GBR,2002,C16,3026.0,1607008.2,0.0018830022149233
GBR,2002,C17_18,12409.6,1607008.2,0.0077221759042673
GBR,2002,C19,1161.5,1607008.2,0.00072277166974
GBR,2002,C20,14286.1,1607008.2,0.0088898737417768
GBR,2002,C21,14912.5,1607008.2,0.0092796664012044
GBR,2002,C22,11044.3,1607008.2,0.0068725847198539
GBR,2002,C23,7595.7,1607008.2,0.0047266093601762
GBR,2002,C24,7035.1,1607008.2,0.0043777623536706
GBR,2002,C25,18966.6,1607008.2,0.0118024288861749
GBR,2002,C26,13581.6,1607008.2,0.0084514814547928
GBR,2002,C27,7478.7,1607008.2,0.0046538032599958
GBR,2002,C28,16989.8,1607008.2,0.0105723169303056
GBR,2002,C29,12014.0,1607008.2,0.0074760041672469
GBR,2002,C30,12009.5,1607008.2,0.0074732039326246
GBR,2002,C31T33,19680.0,1607008.2,0.0122463594149675
GBR,2002,D,18049.4,1607008.2,0.011231678842709
GBR,2002,E,20351.5,1607008.2,0.0126642166480544
GBR,2002,F,97739.3,1607008.2,0.0608206604048442
GBR,2002,G,189715.9,1607008.2,0.1180553403523392
GBR,2002,H49,28666.5,1607008.2,0.0178384279557503
GBR,2002,H50,4923.4,1607008.2,0.0030637055865676
GBR,2002,H51,6216.8,1607008.2,0.0038685552444598
GBR,2002,H52,17853.1,1607008.2,0.0111095263857396
GBR,2002,H53,12346.7,1607008.2,0.0076830348469908
GBR,2002,I,43201.4,1607008.2,0.0268831235584236
GBR,2002,J58T60,28915.3,1607008.2,0.0179932498166468
GBR,2002,J61,33885.2,1607008.2,0.0210858911609785
GBR,2002,J62_63,35565.3,1607008.2,0.0221313743140825
GBR,2002,K,105331.9,1607008.2,0.0655453407145028
GBR,2002,L,220761.3,1607008.2,0.1373740967843225
GBR,2002,M,99172.1,1607008.2,0.0617122551085924
GBR,2002,N,65447.3,1607008.2,0.0407261767550408
GBR,2002,O,81408.8,1607008.2,0.0506586089604272
GBR,2002,P,90004.2,1607008.2,0.0560073059988119
GBR,2002,Q,100255.6,1607008.2,0.0623864893782122
GBR,2002,R,20697.7,1607008.2,0.0128796480316653
GBR,2002,S,24973.6,1607008.2,0.0155404309697984
GBR,2002,T,2528.4,1607008.2,0.0015733584931302
GBR,2002,HFCE,0.0,1607008.2,0.0
GBR,2003,A01_02,16869.3,1851895.9,0.009109205328442
GBR,2003,A03,604.1,1851895.9,0.0003262062408583
GBR,2003,B05_06,26316.8,1851895.9,0.0142107339834814
GBR,2003,B07_08,2067.0,1851895.9,0.001116153451174
GBR,2003,B09,1676.8,1851895.9,0.0009054504629552
GBR,2003,C10T12,38341.3,1851895.9,0.0207038095391863
GBR,2003,C13T15,8746.5,1851895.9,0.0047229976587776
GBR,2003,C16,3407.5,1851895.9,0.0018400062336117
GBR,2003,C17_18,13806.3,1851895.9,0.0074552246700259
GBR,2003,C19,1874.4,1851895.9,0.0010121519249543
GBR,2003,C20,15698.7,1851895.9,0.0084770963637858
GBR,2003,C21,16102.0,1851895.9,0.0086948731837464
GBR,2003,C22,12516.5,1851895.9,0.0067587492363906
GBR,2003,C23,8707.3,1851895.9,0.0047018301622677
GBR,2003,C24,8173.4,1851895.9,0.0044135310197511
GBR,2003,C25,20980.6,1851895.9,0.0113292545223519
GBR,2003,C26,13873.3,1851895.9,0.0074914038094689
GBR,2003,C27,7946.5,1851895.9,0.0042910079340852
GBR,2003,C28,19133.9,1851895.9,0.010332060241615
GBR,2003,C29,12759.8,1851895.9,0.0068901281114127
GBR,2003,C30,14067.6,1851895.9,0.0075963233138536
GBR,2003,C31T33,21271.2,1851895.9,0.0114861747898464
GBR,2003,D,21708.8,1851895.9,0.0117224731692531
GBR,2003,E,24061.5,1851895.9,0.0129929009508579
GBR,2003,F,114725.2,1851895.9,0.0619501344541018
GBR,2003,G,216418.1,1851895.9,0.1168629942968176
GBR,2003,H49,32003.1,1851895.9,0.0172812629478795
GBR,2003,H50,6261.5,1851895.9,0.0033811295764518
GBR,2003,H51,7161.1,1851895.9,0.0038669020218685
GBR,2003,H52,21036.1,1851895.9,0.0113592238095024
GBR,2003,H53,14043.1,1851895.9,0.0075830936285349
GBR,2003,I,50142.7,1851895.9,0.0270764139604175
GBR,2003,J58T60,33297.8,1851895.9,0.0179803843185786
GBR,2003,J61,38116.0,1851895.9,0.0205821504329698
GBR,2003,J62_63,45193.9,1851895.9,0.0244041255234703
GBR,2003,K,125462.1,1851895.9,0.0677479225479142
GBR,2003,L,248762.8,1851895.9,0.1343287168571408
GBR,2003,M,116996.4,1851895.9,0.0631765532825036
GBR,2003,N,74441.0,1851895.9,0.0401971838697844
GBR,2003,O,96774.9,1851895.9,0.0522572030101692
GBR,2003,P,103545.9,1851895.9,0.0559134560425345
GBR,2003,Q,121174.4,1851895.9,0.0654326196197097
GBR,2003,R,25846.1,1851895.9,0.0139565620292155
GBR,2003,S,27382.5,1851895.9,0.0147861982954873
GBR,2003,T,2400.1,1851895.9,0.0012960231727928
GBR,2003,HFCE,0.0,1851895.9,0.0
GBR,2004,A01_02,16926.6,2179127.8,0.0077676031667348
GBR,2004,A03,752.5,2179127.8,0.000345321646578
GBR,2004,B05_06,31479.3,2179127.8,0.0144458255270755
GBR,2004,B07_08,2338.1,2179127.8,0.0010729522151018
GBR,2004,B09,2268.5,2179127.8,0.0010410128309133
GBR,2004,C10T12,44069.0,2179127.8,0.0202232287615256
GBR,2004,C13T15,8634.5,2179127.8,0.0039623651260839
GBR,2004,C16,4346.5,2179127.8,0.0019946053645866
GBR,2004,C17_18,14905.3,2179127.8,0.0068400302175943
GBR,2004,C19,3271.9,2179127.8,0.0015014722862972
GBR,2004,C20,14696.6,2179127.8,0.0067442579549487
GBR,2004,C21,18818.0,2179127.8,0.0086355651100408
GBR,2004,C22,14171.1,2179127.8,0.0065031064263417
GBR,2004,C23,9731.2,2179127.8,0.0044656398766515
GBR,2004,C24,8176.8,2179127.8,0.0037523269631088
GBR,2004,C25,22163.0,2179127.8,0.0101705829277199
GBR,2004,C26,18083.8,2179127.8,0.0082986413187881
GBR,2004,C27,8735.2,2179127.8,0.0040085762753336
GBR,2004,C28,21264.0,2179127.8,0.0097580325486187
GBR,2004,C29,13603.6,2179127.8,0.0062426811314141
GBR,2004,C30,17410.0,2179127.8,0.0079894350391014
GBR,2004,C31T33,22845.9,2179127.8,0.0104839651901095
GBR,2004,D,26297.2,2179127.8,0.0120677639925478
GBR,2004,E,26947.1,2179127.8,0.0123660025813997
GBR,2004,F,135711.5,2179127.8,0.0622778985243545
GBR,2004,G,249538.4,2179127.8,0.114512971657743
GBR,2004,H49,36773.6,2179127.8,0.0168753755516312
GBR,2004,H50,9403.5,2179127.8,0.0043152586094308
GBR,2004,H51,8048.6,2179127.8,0.003693496085911
GBR,2004,H52,24946.0,2179127.8,0.0114476993960611
GBR,2004,H53,15699.9,2179127.8,0.0072046715204128
GBR,2004,I,60344.5,2179127.8,0.0276920426603708
GBR,2004,J58T60,39364.3,2179127.8,0.0180642457041757
GBR,2004,J61,45450.2,2179127.8,0.0208570603339556
GBR,2004,J62_63,52092.7,2179127.8,0.0239052982574037
GBR,2004,K,160225.4,2179127.8,0.0735273075769122
GBR,2004,L,285014.1,2179127.8,0.1307927419401468
GBR,2004,M,141502.7,2179127.8,0.0649354755604513
GBR,2004,N,86440.3,2179127.8,0.0396673843544192
GBR,2004,O,115015.0,2179127.8,0.0527802912706634
GBR,2004,P,124367.3,2179127.8,0.0570720542411509
GBR,2004,Q,149675.7,2179127.8,0.0686860587066073
GBR,2004,R,31352.3,2179127.8,0.0143875453289155
GBR,2004,S,33271.0,2179127.8,0.0152680352203298
GBR,2004,T,2955.1,2179127.8,0.0013560930203359
GBR,2004,HFCE,0.0,2179127.8,0.0
GBR,2005,A01_02,12972.8,2292371.8,0.0056591169024152
GBR,2005,A03,914.5,2292371.8,0.0003989317963168
GBR,2005,B05_06,37288.4,2292371.8,0.0162662967673917
GBR,2005,B07_08,2465.5,2292371.8,0.0010755236127054
GBR,2005,B09,2334.6,2292371.8,0.0010184211828116
GBR,2005,C10T12,43282.5,2292371.8,0.018881099479587
GBR,2005,C13T15,7980.0,2292371.8,0.0034811106994074
GBR,2005,C16,4321.8,2292371.8,0.001885296268258
GBR,2005,C17_18,15821.9,2292371.8,0.0069019781171623
GBR,2005,C19,2729.2,2292371.8,0.0011905573083737
GBR,2005,C20,16429.1,2292371.8,0.0071668566154931
GBR,2005,C21,19609.1,2292371.8,0.0085540661423247
GBR,2005,C22,13972.8,2292371.8,0.0060953463133685
GBR,2005,C23,10270.9,2292371.8,0.0044804686569604
GBR,2005,C24,9165.5,2292371.8,0.0039982606660926
GBR,2005,C25,23521.9,2292371.8,0.0102609445815028
GBR,2005,C26,16607.3,2292371.8,0.007244592696525
GBR,2005,C27,8300.0,2292371.8,0.0036207041109125
GBR,2005,C28,21294.6,2292371.8,0.0092893308144865
GBR,2005,C29,13687.3,2292371.8,0.0059708028165413
GBR,2005,C30,17363.7,2292371.8,0.0075745566229701
GBR,2005,C31T33,22976.4,2292371.8,0.0100229814378278
GBR,2005,D,27661.9,2292371.8,0.0120669343428496
GBR,2005,E,29978.3,2292371.8,0.0130774161503818
GBR,2005,F,148180.4,2292371.8,0.0646406486068272
GBR,2005,G,254718.9,2292371.8,0.1111158757056774
GBR,2005,H49,36958.3,2292371.8,0.016122297438836
GBR,2005,H50,8947.3,2292371.8,0.0039030754086226
GBR,2005,H51,8192.7,2292371.8,0.0035738966951172
GBR,2005,H52,25120.1,2292371.8,0.0109581264260884
GBR,2005,H53,17089.1,2292371.8,0.0074547680267223
GBR,2005,I,64607.4,2292371.8,0.0281836480452254
GBR,2005,J58T60,40041.9,2292371.8,0.0174674544504517
GBR,2005,J61,45292.9,2292371.8,0.0197580950873675
GBR,2005,J62_63,57576.5,2292371.8,0.0251165626797537
GBR,2005,K,183718.7,2292371.8,0.0801435002821095
GBR,2005,L,294495.7,2292371.8,0.1284676857392854
GBR,2005,M,147484.0,2292371.8,0.0643368584450393
GBR,2005,N,90467.5,2292371.8,0.0394645842354194
GBR,2005,O,123705.7,2292371.8,0.053964064642568
GBR,2005,P,132460.4,2292371.8,0.057783122266641
GBR,2005,Q,160387.7,2292371.8,0.0699658318951576
GBR,2005,R,33618.3,2292371.8,0.0146652912062519
GBR,2005,S,34792.8,2292371.8,0.0151776426494166
GBR,2005,T,3565.5,2292371.8,0.001555375964754
GBR,2005,HFCE,0.0,2292371.8,0.0
GBR,2006,A01_02,14521.0,2441136.0,0.0059484600612174
GBR,2006,A03,971.5,2441136.0,0.0003979704531005
GBR,2006,B05_06,39788.6,2441136.0,0.0162992147918018
GBR,2006,B07_08,2988.1,2441136.0,0.0012240612567263
GBR,2006,B09,3265.9,2441136.0,0.0013378607336911
GBR,2006,C10T12,45205.8,2441136.0,0.0185183455571504
GBR,2006,C13T15,7726.0,2441136.0,0.0031649199389136
GBR,2006,C16,4329.4,2441136.0,0.0017735185585727
GBR,2006,C17_18,15779.6,2441136.0,0.0064640396929953
GBR,2006,C19,1265.9,2441136.0,0.0005185700427997
GBR,2006,C20,16964.5,2441136.0,0.006949428462814
GBR,2006,C21,22843.2,2441136.0,0.0093576105550858
GBR,2006,C22,13187.1,2441136.0,0.0054020341349273
GBR,2006,C23,10129.0,2441136.0,0.0041492977040197
GBR,2006,C24,7659.8,2441136.0,0.0031378014170451
GBR,2006,C25,23065.9,2441136.0,0.0094488385735165
GBR,2006,C26,17376.7,2441136.0,0.0071182842742067
GBR,2006,C27,8314.8,2441136.0,0.0034061191183121
GBR,2006,C28,21345.5,2441136.0,0.0087440847212117
GBR,2006,C29,13429.9,2441136.0,0.0055014960248015
GBR,2006,C30,18705.1,2441136.0,0.0076624571510968
GBR,2006,C31T33,24808.3,2441136.0,0.0101626046234212
GBR,2006,D,36797.5,2441136.0,0.0150739245990391
GBR,2006,E,32113.0,2441136.0,0.0131549409782986
GBR,2006,F,157357.9,2441136.0,0.0644609313041141
GBR,2006,G,270131.4,2441136.0,0.1106580706687378
GBR,2006,H49,38989.0,2441136.0,0.0159716623735834
GBR,2006,H50,7330.4,2441136.0,0.0030028642402553
GBR,2006,H51,7737.1,2441136.0,0.0031694670022481
GBR,2006,H52,27693.4,2441136.0,0.0113444724095666
GBR,2006,H53,18013.3,2441136.0,0.0073790645011175
GBR,2006,I,66546.2,2441136.0,0.0272603410871004
GBR,2006,J58T60,39079.1,2441136.0,0.0160085714192081
GBR,2006,J61,46847.5,2441136.0,0.0191908603207686
GBR,2006,J62_63,58960.0,2441136.0,0.02415268956748
GBR,2006,K,209004.0,2441136.0,0.0856175157795387
GBR,2006,L,313860.4,2441136.0,0.128571451979734
GBR,2006,M,162171.2,2441136.0,0.066432677245348
GBR,2006,N,95030.7,2441136.0,0.0389288839294492
GBR,2006,O,130001.2,2441136.0,0.053254386482359
GBR,2006,P,141363.0,2441136.0,0.0579086949682442
GBR,2006,Q,172250.5,2441136.0,0.0705616155756991
GBR,2006,R,35505.9,2441136.0,0.0145448266708614
GBR,2006,S,37218.9,2441136.0,0.0152465491476099
GBR,2006,T,3462.8,2441136.0,0.0014185199022094
GBR,2006,HFCE,0.0,2441136.0,0.0
GBR,2007,A01_02,16511.5,2783895.0,0.0059310785787538
GBR,2007,A03,878.4,2783895.0,0.000315529141724
GBR,2007,B05_06,41836.0,2783895.0,0.0150278656343001
GBR,2007,B07_08,3063.4,2783895.0,0.0011004006975837
GBR,2007,B09,3823.7,2783895.0,0.0013735072623069
GBR,2007,C10T12,51132.1,2783895.0,0.0183671079548618
GBR,2007,C13T15,9666.4,2783895.0,0.0034722573947652
GBR,2007,C16,5272.4,2783895.0,0.0018938932682446
GBR,2007,C17_18,17646.0,2783895.0,0.0063386011325858
GBR,2007,C19,2861.4,2783895.0,0.0010278404896736
GBR,2007,C20,16019.3,2783895.0,0.0057542759335391
GBR,2007,C21,23948.9,2783895.0,0.0086026592238572
GBR,2007,C22,14060.4,2783895.0,0.0050506215212858
GBR,2007,C23,10961.0,2783895.0,0.0039372893015002
GBR,2007,C24,9074.1,2783895.0,0.0032594979336505
GBR,2007,C25,24619.2,2783895.0,0.0088434369830758
GBR,2007,C26,18588.5,2783895.0,0.0066771555680081
GBR,2007,C27,9376.3,2783895.0,0.0033680508783556
GBR,2007,C28,24035.0,2783895.0,0.0086335871144565
GBR,2007,C29,14614.7,2783895.0,0.0052497310422986
GBR,2007,C30,18998.7,2783895.0,0.0068245030793187
GBR,2007,C31T33,27686.6,2783895.0,0.0099452745164598
GBR,2007,D,42427.3,2783895.0,0.0152402658864648
GBR,2007,E,36718.7,2783895.0,0.0131896856742082
GBR,2007,F,182651.3,2783895.0,0.065609981698304
GBR,2007,G,305729.4,2783895.0,0.1098207367734774
GBR,2007,H49,46351.1,2783895.0,0.0166497299646718
GBR,2007,H50,7273.3,2783895.0,0.0026126344564001
GBR,2007,H51,7923.6,2783895.0,0.0028462280366177
GBR,2007,H52,31272.3,2783895.0,0.0112332900486548
GBR,2007,H53,19400.8,2783895.0,0.0069689409981339
GBR,2007,I,75544.4,2783895.0,0.0271362246061722
GBR,2007,J58T60,46243.1,2783895.0,0.0166109353980663
GBR,2007,J61,54396.8,2783895.0,0.0195398174140906
GBR,2007,J62_63,72941.3,2783895.0,0.0262011677882966
GBR,2007,K,248235.2,2783895.0,0.0891683055575012
GBR,2007,L,353849.5,2783895.0,0.127105907370788
GBR,2007,M,186733.2,2783895.0,0.0670762367115139
GBR,2007,N,112559.3,2783895.0,0.0404323079713854
GBR,2007,O,145080.1,2783895.0,0.0521140703941779
GBR,2007,P,164729.1,2783895.0,0.0591721670537143
GBR,2007,Q,194826.8,2783895.0,0.0699835302696401
GBR,2007,R,38375.5,2783895.0,0.0137848230626514
GBR,2007,S,42627.4,2783895.0,0.0153121435973698
GBR,2007,T,3331.5,2783895.0,0.0011967046170922
GBR,2007,HFCE,0.0,2783895.0,0.0
GBR,2008,A01_02,18789.8,2653033.4,0.0070823835086282
GBR,2008,A03,928.4,2653033.4,0.0003499390546685
GBR,2008,B05_06,46197.9,2653033.4,0.0174132372400588
GBR,2008,B07_08,2757.5,2653033.4,0.001039376285274
GBR,2008,B09,4880.8,2653033.4,0.0018397054481108
GBR,2008,C10T12,46792.1,2653033.4,0.0176372072812954
GBR,2008,C13T15,7623.6,2653033.4,0.0028735409060436
GBR,2008,C16,4601.4,2653033.4,0.0017343920359238
GBR,2008,C17_18,16591.1,2653033.4,0.0062536340477281
GBR,2008,C19,3561.0,2653033.4,0.0013422371538933
GBR,2008,C20,14581.8,2653033.4,0.0054962745663134
GBR,2008,C21,25338.0,2653033.4,0.0095505770865907
GBR,2008,C22,11844.5,2653033.4,0.0044645122070457
GBR,2008,C23,8814.9,2653033.4,0.0033225740769038
GBR,2008,C24,8456.4,2653033.4,0.0031874457366424
GBR,2008,C25,25406.0,2653033.4,0.0095762081246319
GBR,2008,C26,19699.8,2653033.4,0.0074253871059444
GBR,2008,C27,8640.2,2653033.4,0.0032567249247597
GBR,2008,C28,21275.2,2653033.4,0.0080191979490344
GBR,2008,C29,15199.5,2653033.4,0.0057291023927554
GBR,2008,C30,18161.1,2653033.4,0.006845409484856
GBR,2008,C31T33,24310.3,2653033.4,0.0091632091778414
GBR,2008,D,43793.2,2653033.4,0.016506840810975
GBR,2008,E,35748.5,2653033.4,0.0134745759325909
GBR,2008,F,169201.7,2653033.4,0.0637766942549611
GBR,2008,G,287615.3,2653033.4,0.1084099808166757
GBR,2008,H49,41675.4,2653033.4,0.0157085847468034
GBR,2008,H50,9026.3,2653033.4,0.0034022564510495
GBR,2008,H51,7381.0,2653033.4,0.0027820984085613
GBR,2008,H52,31976.2,2653033.4,0.0120526940972548
GBR,2008,H53,18622.5,2653033.4,0.0070193236165062
GBR,2008,I,69355.4,2653033.4,0.0261419249376958
GBR,2008,J58T60,45870.5,2653033.4,0.017289831330431
GBR,2008,J61,50198.0,2653033.4,0.018920983052833
GBR,2008,J62_63,68906.8,2653033.4,0.0259728354720298
GBR,2008,K,219612.9,2653033.4,0.0827780381505939
GBR,2008,L,349461.3,2653033.4,0.131721409915156
GBR,2008,M,176952.1,2653033.4,0.066698029508411
GBR,2008,N,107392.7,2653033.4,0.0404792114565915
GBR,2008,O,139104.2,2653033.4,0.0524321329690007
GBR,2008,P,162313.4,2653033.4,0.0611803077940895
GBR,2008,Q,184257.7,2653033.4,0.069451707618909
GBR,2008,R,36064.7,2653033.4,0.0135937602594825
GBR,2008,S,40734.1,2653033.4,0.0153537833334476
GBR,2008,T,3318.2,2653033.4,0.001250719271005
GBR,2008,HFCE,0.0,2653033.4,0.0
GBR,2009,A01_02,15508.2,2201614.1,0.0070440137533639
GBR,2009,A03,811.6,2201614.1,0.0003686386274506
GBR,2009,B05_06,26389.3,2201614.1,0.011986342202296
GBR,2009,B07_08,1735.4,2201614.1,0.0007882398645611
GBR,2009,B09,3565.9,2201614.1,0.0016196753100373
GBR,2009,C10T12,40174.6,2201614.1,0.0182477937436901
GBR,2009,C13T15,6290.5,2201614.1,0.0028572218900669
GBR,2009,C16,2913.1,2201614.1,0.001323165581107
GBR,2009,C17_18,13846.0,2201614.1,0.0062890222223776
GBR,2009,C19,2547.2,2201614.1,0.0011569693344532
GBR,2009,C20,11630.7,2201614.1,0.0052828059195296
GBR,2009,C21,21624.2,2201614.1,0.0098219756132557
GBR,2009,C22,9893.8,2201614.1,0.0044938847366575
GBR,2009,C23,6658.2,2201614.1,0.0030242357186938
GBR,2009,C24,4854.2,2201614.1,0.0022048368967113
GBR,2009,C25,17863.6,2201614.1,0.0081138651864557
GBR,2009,C26,17080.0,2201614.1,0.0077579445008096
GBR,2009,C27,6651.9,2201614.1,0.0030213741817878
GBR,2009,C28,12649.6,2201614.1,0.0057456027375551
GBR,2009,C29,10071.4,2201614.1,0.0045745528246753
GBR,2009,C30,13025.0,2201614.1,0.0059161140001783
GBR,2009,C31T33,20549.3,2201614.1,0.009333742911621
GBR,2009,D,46192.7,2201614.1,0.0209812882284865
GBR,2009,E,30570.8,2201614.1,0.0138856305471517
GBR,2009,F,121780.1,2201614.1,0.0553140080271106
GBR,2009,G,239662.5,2201614.1,0.1088576331337994
GBR,2009,H49,34395.3,2201614.1,0.0156227651339987
GBR,2009,H50,5103.4,2201614.1,0.0023180265787723
GBR,2009,H51,4069.0,2201614.1,0.0018481894715336
GBR,2009,H52,26330.4,2201614.1,0.0119595891032856
GBR,2009,H53,16162.5,2201614.1,0.0073412048006051
GBR,2009,I,53762.2,2201614.1,0.0244194475316995
GBR,2009,J58T60,38872.5,2201614.1,0.0176563640285552
GBR,2009,J61,42006.8,2201614.1,0.0190800013499186
GBR,2009,J62_63,56165.9,2201614.1,0.0255112374144042
GBR,2009,K,211341.2,2201614.1,0.0959937529469855
GBR,2009,L,270157.2,2201614.1,0.122708698131975
GBR,2009,M,150293.0,2201614.1,0.0682649152728445
GBR,2009,N,88480.0,2201614.1,0.0401886961025549
GBR,2009,O,124891.0,2201614.1,0.0567270167828231
GBR,2009,P,143250.1,2201614.1,0.0650659441179996
GBR,2009,Q,162179.2,2201614.1,0.0736637724113413
GBR,2009,R,30172.0,2201614.1,0.0137044907188775
GBR,2009,S,36920.5,2201614.1,0.0167697417998912
GBR,2009,T,2522.1,2201614.1,0.0011455686080498
GBR,2009,HFCE,0.0,2201614.1,0.0
GBR,2010,A01_02,13814.3,2244953.3,0.0061534910325306
GBR,2010,A03,922.5,2244953.3,0.000410921688215
GBR,2010,B05_06,34587.2,2244953.3,0.015406645652718
GBR,2010,B07_08,1474.1,2244953.3,0.0006566283583716
GBR,2010,B09,3796.6,2244953.3,0.0016911710368318
GBR,2010,C10T12,40671.6,2244953.3,0.0181169024763232
GBR,2010,C13T15,7670.5,2244953.3,0.0034167748611964
GBR,2010,C16,3220.2,2244953.3,0.0014344173662766
GBR,2010,C17_18,13465.1,2244953.3,0.0059979421398209
GBR,2010,C19,3492.4,2244953.3,0.0015556671045228
GBR,2010,C20,11830.2,2244953.3,0.0052696864562839
GBR,2010,C21,21764.5,2244953.3,0.0096948564587067
GBR,2010,C22,10213.9,2244953.3,0.004549716023046
GBR,2010,C23,7060.1,2244953.3,0.0031448761094495
GBR,2010,C24,6171.6,2244953.3,0.0027490995024261
GBR,2010,C25,19075.8,2244953.3,0.008497192346941
GBR,2010,C26,18480.9,2244953.3,0.0082321979704433
GBR,2010,C27,7080.2,2244953.3,0.0031538295250952
GBR,2010,C28,18102.3,2244953.3,0.0080635530369384
GBR,2010,C29,14090.9,2244953.3,0.0062767007224604
GBR,2010,C30,12340.2,2244953.3,0.0054968626741589
GBR,2010,C31T33,22294.5,2244953.3,0.0099309415478709
GBR,2010,D,35537.1,2244953.3,0.0158297724945993
GBR,2010,E,31354.1,2244953.3,0.0139664820644598
GBR,2010,F,124542.0,2244953.3,0.0554764324050749
GBR,2010,G,245948.7,2244953.3,0.109556265602496
GBR,2010,H49,36030.0,2244953.3,0.016049331627522
GBR,2010,H50,5439.2,2244953.3,0.002422856635815
GBR,2010,H51,4878.3,2244953.3,0.002173007340509
GBR,2010,H52,28509.4,2244953.3,0.0126993287566382
GBR,2010,H53,16139.9,2244953.3,0.0071894145860406
GBR,2010,I,57516.3,2244953.3,0.0256202656865958
GBR,2010,J58T60,39706.1,2244953.3,0.0176868267148363
GBR,2010,J61,40296.4,2244953.3,0.0179497720509375
GBR,2010,J62_63,58247.2,2244953.3,0.0259458403878601
GBR,2010,K,207369.1,2244953.3,0.0923712310630247
GBR,2010,L,262954.3,2244953.3,0.1171313006822903
GBR,2010,M,156402.9,2244953.3,0.0696686652680035
GBR,2010,N,91553.0,2244953.3,0.0407816946570781
GBR,2010,O,126135.1,2244953.3,0.0561860685476174
GBR,2010,P,144917.3,2244953.3,0.0645524786640327
GBR,2010,Q,168021.5,2244953.3,0.0748440958660476
GBR,2010,R,30505.8,2244953.3,0.0135886122887277
GBR,2010,S,37992.4,2244953.3,0.0169234700784198
GBR,2010,T,3337.6,2244953.3,0.0014867124407443
GBR,2010,HFCE,0.0,2244953.3,0.0
GBR,2011,A01_02,17061.1,2380902.9,0.0071658109198825
GBR,2011,A03,1120.0,2380902.9,0.0004704097760559
GBR,2011,B05_06,39172.0,2380902.9,0.0164525819175574
GBR,2011,B07_08,1780.1,2380902.9,0.0007476575378189
GBR,2011,B09,3180.5,2380902.9,0.0013358377613803
GBR,2011,C10T12,41052.3,2380902.9,0.0172423243299842
GBR,2011,C13T15,6247.3,2380902.9,0.0026239205303164
GBR,2011,C16,3512.2,2380902.9,0.001475154656664
GBR,2011,C17_18,13473.6,2380902.9,0.0056590296059532
GBR,2011,C19,1583.1,2380902.9,0.0006649158182805
GBR,2011,C20,14406.1,2380902.9,0.0060506877453927
GBR,2011,C21,21863.1,2380902.9,0.0091826928347224
GBR,2011,C22,11107.0,2380902.9,0.0046650369487978
GBR,2011,C23,6905.8,2380902.9,0.0029004962781136
GBR,2011,C24,6133.5,2380902.9,0.0025761235369993
GBR,2011,C25,21964.1,2380902.9,0.0092251137163132
GBR,2011,C26,19581.5,2380902.9,0.0082244009194999
GBR,2011,C27,6838.5,2380902.9,0.0028722296906774
GBR,2011,C28,20690.3,2380902.9,0.0086901065977953
GBR,2011,C29,14869.2,2380902.9,0.0062451937876172
GBR,2011,C30,16107.7,2380902.9,0.0067653745980148
GBR,2011,C31T33,22340.6,2380902.9,0.0093832470026392
GBR,2011,D,31645.0,2380902.9,0.0132911762172241
GBR,2011,E,33518.1,2380902.9,0.0140778945668048
GBR,2011,F,130568.3,2380902.9,0.0548398256812573
GBR,2011,G,251172.0,2380902.9,0.1054944323852938
GBR,2011,H49,38148.7,2380902.9,0.0160227869855591
GBR,2011,H50,8117.2,2380902.9,0.0034092948519656
GBR,2011,H51,5111.3,2380902.9,0.0021467906146025
GBR,2011,H52,30345.6,2380902.9,0.0127454168752535
GBR,2011,H53,16537.1,2380902.9,0.0069457263460849
GBR,2011,I,63874.9,2380902.9,0.0268280155398189
GBR,2011,J58T60,42756.9,2380902.9,0.0179582712087922
GBR,2011,J61,44825.4,2380902.9,0.0188270592639456
GBR,2011,J62_63,63780.4,2380902.9,0.0267883247149642
GBR,2011,K,218422.9,2380902.9,0.0917395245307988
GBR,2011,L,286454.6,2380902.9,0.1203134323537511
GBR,2011,M,164679.2,2380902.9,0.0691667014223889
GBR,2011,N,98561.1,2380902.9,0.0413965223025264
GBR,2011,O,130005.9,2380902.9,0.0546036127722806
GBR,2011,P,153118.8,2380902.9,0.0643112325160341
GBR,2011,Q,180936.0,2380902.9,0.0759946993218413
GBR,2011,R,35056.3,2380902.9,0.0147239519931703
GBR,2011,S,38826.5,2380902.9,0.0163074689018187
GBR,2011,T,3451.1,2380902.9,0.0014494921233453
GBR,2011,HFCE,0.0,2380902.9,0.0
GBR,2012,A01_02,15943.5,2418676.8,0.0065918273991795
GBR,2012,A03,1107.3,2418676.8,0.0004578123046452
GBR,2012,B05_06,34562.6,2418676.8,0.0142898794911333
GBR,2012,B07_08,2257.3,2418676.8,0.000933278890342
GBR,2012,B09,3789.6,2418676.8,0.0015668071070926
GBR,2012,C10T12,41069.7,2418676.8,0.0169802348126876
GBR,2012,C13T15,8053.1,2418676.8,0.0033295477924127
GBR,2012,C16,4127.7,2418676.8,0.0017065942832874
GBR,2012,C17_18,13600.9,2418676.8,0.005623281291655
GBR,2012,C19,1477.0,2418676.8,0.0006106644757166
GBR,2012,C20,13589.8,2418676.8,0.00561869200548
GBR,2012,C21,19556.2,2418676.8,0.0080854953419158
GBR,2012,C22,11122.4,2418676.8,0.0045985474371772
GBR,2012,C23,7075.3,2418676.8,0.002925277159809
GBR,2012,C24,6263.4,2418676.8,0.0025895977503071
GBR,2012,C25,23192.6,2418676.8,0.0095889620308095
GBR,2012,C26,18861.1,2418676.8,0.0077981067995525
GBR,2012,C27,7189.0,2418676.8,0.0029722863344122
GBR,2012,C28,21867.2,2418676.8,0.0090409764545639
GBR,2012,C29,15760.3,2418676.8,0.006516083504832
GBR,2012,C30,14997.3,2418676.8,0.0062006217614523
GBR,2012,C31T33,23614.3,2418676.8,0.0097633135605385
GBR,2012,D,38382.6,2418676.8,0.0158692554540565
GBR,2012,E,32928.0,2418676.8,0.0136140554207159
GBR,2012,F,130767.4,2418676.8,0.0540656775638646
GBR,2012,G,252398.0,2418676.8,0.1043537524319082
GBR,2012,H49,36637.0,2418676.8,0.0151475385218893
GBR,2012,H50,8119.4,2418676.8,0.0033569594747012
GBR,2012,H51,4810.1,2418676.8,0.0019887320207478
GBR,2012,H52,30038.8,2418676.8,0.0124195179777637
GBR,2012,H53,18136.1,2418676.8,0.0074983561259611
GBR,2012,I,65481.6,2418676.8,0.0270733154590973
GBR,2012,J58T60,43413.8,2418676.8,0.0179494010940196
GBR,2012,J61,44304.7,2418676.8,0.0183177429907129
GBR,2012,J62_63,64658.6,2418676.8,0.0267330467634203
GBR,2012,K,214138.6,2418676.8,0.088535433919902
GBR,2012,L,308370.5,2418676.8,0.1274955380561801
GBR,2012,M,166698.3,2418676.8,0.0689212796021361
GBR,2012,N,103543.5,2418676.8,0.0428099777531251
GBR,2012,O,129358.3,2418676.8,0.0534830862891643
GBR,2012,P,155119.4,2418676.8,0.0641339926028976
GBR,2012,Q,184918.1,2418676.8,0.0764542414265519
GBR,2012,R,34613.5,2418676.8,0.0143109240556654
GBR,2012,S,39262.4,2418676.8,0.0162330080645748
GBR,2012,T,3500.5,2418676.8,0.0014472789419404
GBR,2012,HFCE,0.0,2418676.8,0.0
GBR,2013,A01_02,16590.0,2486871.9,0.0066710311858041
GBR,2013,A03,1050.6,2486871.9,0.0004224584306091
GBR,2013,B05_06,31763.3,2486871.9,0.0127723908899368
GBR,2013,B07_08,2282.5,2486871.9,0.0009178196914766
GBR,2013,B09,3664.4,2486871.9,0.0014734976900096
GBR,2013,C10T12,43075.1,2486871.9,0.0173209967107674
GBR,2013,C13T15,8523.3,2486871.9,0.0034273176676289
GBR,2013,C16,3633.2,2486871.9,0.0014609518085752
GBR,2013,C17_18,13061.6,2486871.9,0.0052522206712778
GBR,2013,C19,2676.5,2486871.9,0.0010762516557447
GBR,2013,C20,16379.0,2486871.9,0.006586185641488
GBR,2013,C21,18023.6,2486871.9,0.0072474983532525
GBR,2013,C22,12578.5,2486871.9,0.0050579605648364
GBR,2013,C23,7239.8,2486871.9,0.0029112074490045
GBR,2013,C24,5817.1,2486871.9,0.0023391232978264
GBR,2013,C25,25465.0,2486871.9,0.0102397714976794
GBR,2013,C26,19305.5,2486871.9,0.0077629651933418
GBR,2013,C27,6834.9,2486871.9,0.0027483924684661
GBR,2013,C28,23709.4,2486871.9,0.0095338244000424
GBR,2013,C29,20729.7,2486871.9,0.0083356525118965
GBR,2013,C30,14184.1,2486871.9,0.0057035909248079
GBR,2013,C31T33,24492.6,2486871.9,0.0098487581929732
GBR,2013,D,41223.4,2486871.9,0.016576406689866
GBR,2013,E,32747.0,2486871.9,0.0131679480555472
GBR,2013,F,140008.4,2486871.9,0.0562989995584412
GBR,2013,G,255530.4,2486871.9,0.1027517340157327
GBR,2013,H49,38087.3,2486871.9,0.0153153445499142
GBR,2013,H50,9018.8,2486871.9,0.0036265639577173
GBR,2013,H51,5354.4,2486871.9,0.0021530662677076
GBR,2013,H52,30078.4,2486871.9,0.0120948730813195
GBR,2013,H53,18816.2,2486871.9,0.007566211995077
GBR,2013,I,68473.7,2486871.9,0.0275340679992403
GBR,2013,J58T60,44753.3,2486871.9,0.017995820371769
GBR,2013,J61,43982.6,2486871.9,0.0176859129736437
GBR,2013,J62_63,64377.8,2486871.9,0.0258870591605462
GBR,2013,K,218823.5,2486871.9,0.0879914642969748
GBR,2013,L,314021.1,2486871.9,0.1262715220675419
GBR,2013,M,177149.9,2486871.9,0.0712340269717953
GBR,2013,N,114179.1,2486871.9,0.0459127388105515
GBR,2013,O,127504.9,2486871.9,0.0512711973624375
GBR,2013,P,155138.3,2486871.9,0.0623829076198094
GBR,2013,Q,184902.4,2486871.9,0.0743513970301405
GBR,2013,R,37071.2,2486871.9,0.0149067589689682
GBR,2013,S,40835.6,2486871.9,0.0164204678174215
GBR,2013,T,3714.5,2486871.9,0.0014936434803899
GBR,2013,HFCE,0.0,2486871.9,0.0
GBR,2014,A01_02,21410.8,2733207.3,0.0078335807166913
GBR,2014,A03,1429.9,2733207.3,0.0005231582690416
GBR,2014,B05_06,26438.4,2733207.3,0.0096730313869716
GBR,2014,B07_08,2385.9,2733207.3,0.0008729304945146
GBR,2014,B09,3406.1,2733207.3,0.0012461916079325
GBR,2014,C10T12,45182.3,2733207.3,0.0165308719905731
GBR,2014,C13T15,9955.1,2733207.3,0.0036422777006339
GBR,2014,C16,4317.7,2733207.3,0.0015797191819295
GBR,2014,C17_18,14513.0,2733207.3,0.0053098789835663
GBR,2014,C19,2697.0,2733207.3,0.0009867528160048
GBR,2014,C20,18212.0,2733207.3,0.006663234069366
GBR,2014,C21,18493.4,2733207.3,0.0067661900361527
GBR,2014,C22,12484.2,2733207.3,0.0045676008548638
GBR,2014,C23,8373.8,2733207.3,0.0030637266335414
GBR,2014,C24,7217.0,2733207.3,0.002640487605898
GBR,2014,C25,27309.8,2733207.3,0.0099918509657134
GBR,2014,C26,19725.9,2733207.3,0.0072171254628216
GBR,2014,C27,7898.2,2733207.3,0.0028897186100739
GBR,2014,C28,24705.0,2733207.3,0.0090388314124581
GBR,2014,C29,24410.5,2733207.3,0.008931082541745
GBR,2014,C30,14016.1,2733207.3,0.0051280779178366
GBR,2014,C31T33,27046.5,2733207.3,0.0098955172554968
GBR,2014,D,44067.2,2733207.3,0.016122889763978
GBR,2014,E,35997.9,2733207.3,0.013170570706437
GBR,2014,F,158112.9,2733207.3,0.0578488503232082
GBR,2014,G,282965.9,2733207.3,0.1035288834476624
GBR,2014,H49,42212.8,2733207.3,0.0154444194554873
GBR,2014,H50,8961.2,2733207.3,0.0032786389821218
GBR,2014,H51,6591.7,2733207.3,0.0024117087642785
GBR,2014,H52,34424.8,2733207.3,0.0125950197776802
GBR,2014,H53,17529.2,2733207.3,0.0064134176723441
GBR,2014,I,75911.9,2733207.3,0.0277739269904628
GBR,2014,J58T60,47772.8,2733207.3,0.0174786595952674
GBR,2014,J61,48714.0,2733207.3,0.0178230169369151
GBR,2014,J62_63,72665.4,2733207.3,0.0265861283189167
GBR,2014,K,237845.6,2733207.3,0.0870206954298709
GBR,2014,L,356029.9,2733207.3,0.1302608477593339
GBR,2014,M,196529.6,2733207.3,0.0719043886645553
GBR,2014,N,130541.4,2733207.3,0.0477612510401241
GBR,2014,O,134516.9,2733207.3,0.0492157693271198
GBR,2014,P,169226.4,2733207.3,0.0619149524443316
GBR,2014,Q,201057.9,2733207.3,0.073561160179837
GBR,2014,R,40313.9,2733207.3,0.0147496679084678
GBR,2014,S,45296.4,2733207.3,0.016572617817902
GBR,2014,T,4293.0,2733207.3,0.0015706821798697
GBR,2014,HFCE,0.0,2733207.3,0.0
GBR,2015,A01_02,17502.2,2617740.5,0.0066859950403792
GBR,2015,A03,971.7,2617740.5,0.0003711979854382
GBR,2015,B05_06,13870.3,2617740.5,0.0052985771507909
GBR,2015,B07_08,2484.2,2617740.5,0.0009489863491052
GBR,2015,B09,3484.9,2617740.5,0.0013312625907724
GBR,2015,C10T12,43128.0,2617740.5,0.016475277056683
GBR,2015,C13T15,9185.0,2617740.5,0.0035087511539054
GBR,2015,C16,4552.8,2617740.5,0.001739209826184
GBR,2015,C17_18,12566.0,2617740.5,0.0048003230266712
GBR,2015,C19,4930.3,2617740.5,0.0018834181615786
GBR,2015,C20,18374.6,2617740.5,0.007019259548454
GBR,2015,C21,17758.9,2617740.5,0.0067840567084476
GBR,2015,C22,12740.1,2617740.5,0.0048668307649287
GBR,2015,C23,8547.9,2617740.5,0.0032653733248196
GBR,2015,C24,6589.3,2617740.5,0.0025171708196438
GBR,2015,C25,23865.4,2617740.5,0.0091167936623206
GBR,2015,C26,16623.7,2617740.5,0.006350400278408
GBR,2015,C27,6755.8,2617740.5,0.0025807752907517
GBR,2015,C28,22653.9,2617740.5,0.0086539899581337
GBR,2015,C29,23535.4,2617740.5,0.0089907307466114
GBR,2015,C30,14492.5,2617740.5,0.005536263048228
GBR,2015,C31T33,24281.0,2617740.5,0.009275556534347
GBR,2015,D,43501.9,2617740.5,0.0166181101602698
GBR,2015,E,34148.9,2617740.5,0.0130451815220034
GBR,2015,F,160024.0,2617740.5,0.0611305818892285
GBR,2015,G,270578.6,2617740.5,0.1033634158924461
GBR,2015,H49,40003.3,2617740.5,0.0152816140484513
GBR,2015,H50,9469.2,2617740.5,0.0036173180649495
GBR,2015,H51,6913.2,2617740.5,0.0026409034814566
GBR,2015,H52,33191.0,2617740.5,0.0126792552584948
GBR,2015,H53,15882.8,2617740.5,0.0060673699321991
GBR,2015,I,73594.6,2617740.5,0.0281137874437897
GBR,2015,J58T60,46375.7,2617740.5,0.017715927151679
GBR,2015,J61,46384.9,2617740.5,0.0177194416329655
GBR,2015,J62_63,68696.5,2617740.5,0.0262426699667136
GBR,2015,K,211597.2,2617740.5,0.0808319999633271
GBR,2015,L,354559.3,2617740.5,0.1354447853024392
GBR,2015,M,194988.7,2617740.5,0.0744874062192184
GBR,2015,N,130460.0,2617740.5,0.0498368726770281
GBR,2015,O,127118.7,2617740.5,0.0485604665550309
GBR,2015,P,159929.3,2617740.5,0.0610944056525083
GBR,2015,Q,195381.3,2617740.5,0.0746373828880288
GBR,2015,R,38309.0,2617740.5,0.0146343764784935
GBR,2015,S,43841.1,2617740.5,0.0167476875572655
GBR,2015,T,3897.4,2617740.5,0.0014888412354089
GBR,2015,HFCE,0.0,2617740.5,0.0
GBR,2016,A01_02,14686.1,2406202.5,0.0061034347691019
GBR,2016,A03,791.2,2406202.5,0.000328816880541
GBR,2016,B05_06,12711.7,2406202.5,0.0052828887011795
GBR,2016,B07_08,2215.7,2406202.5,0.0009208285670054
GBR,2016,B09,1682.3,2406202.5,0.0006991514637691
GBR,2016,C10T12,35976.8,2406202.5,0.0149516925528919
GBR,2016,C13T15,7867.6,2406202.5,0.0032697164931047
GBR,2016,C16,4712.2,2406202.5,0.0019583555415639
GBR,2016,C17_18,12547.4,2406202.5,0.0052146068337972
GBR,2016,C19,4319.5,2406202.5,0.0017951523198899
GBR,2016,C20,15266.7,2406202.5,0.0063447278439782
GBR,2016,C21,17487.7,2406202.5,0.0072677590518669
GBR,2016,C22,10843.4,2406202.5,0.0045064370101851
GBR,2016,C23,7733.9,2406202.5,0.0032141517598788
GBR,2016,C24,5600.6,2406202.5,0.0023275680247194
GBR,2016,C25,20967.2,2406202.5,0.0087138135713847
GBR,2016,C26,16938.2,2406202.5,0.0070393909074568
GBR,2016,C27,6331.1,2406202.5,0.0026311584332573
GBR,2016,C28,18929.7,2406202.5,0.0078670436091725
GBR,2016,C29,22384.9,2406202.5,0.0093029992280367
GBR,2016,C30,13483.0,2406202.5,0.0056034352885927
GBR,2016,C31T33,22062.2,2406202.5,0.009168887489727
GBR,2016,D,34651.4,2406202.5,0.014400866095019
GBR,2016,E,30780.4,2406202.5,0.0127921070649706
GBR,2016,F,146508.2,2406202.5,0.060887726614863
GBR,2016,G,242345.0,2406202.5,0.1007167933704665
GBR,2016,H49,37242.4,2406202.5,0.0154776665721193
GBR,2016,H50,8693.9,2406202.5,0.0036131206745899
GBR,2016,H51,6383.7,2406202.5,0.0026530186050425
GBR,2016,H52,29150.7,2406202.5,0.0121148157729866
GBR,2016,H53,14853.5,2406202.5,0.0061730049736046
GBR,2016,I,70053.5,2406202.5,0.0291137175694896
GBR,2016,J58T60,43696.3,2406202.5,0.0181598597790501
GBR,2016,J61,44332.3,2406202.5,0.0184241766850462
GBR,2016,J62_63,66914.3,2406202.5,0.0278090892183845
GBR,2016,K,204445.0,2406202.5,0.0849658330917701
GBR,2016,L,331088.1,2406202.5,0.137597770761189
GBR,2016,M,178803.5,2406202.5,0.0743094149391001
GBR,2016,N,120598.0,2406202.5,0.0501196387253358
GBR,2016,O,117962.4,2406202.5,0.0490243028174062
GBR,2016,P,141041.3,2406202.5,0.0586157233233694
GBR,2016,Q,182100.7,2406202.5,0.0756797069240847
GBR,2016,R,33803.5,2406202.5,0.0140484851129528
GBR,2016,S,40906.8,2406202.5,0.0170005641669809
GBR,2016,T,4308.5,2406202.5,0.0017905808010755
GBR,2016,HFCE,0.0,2406202.5,0.0
GBR,2017,A01_02,14976.0,2394261.3,0.0062549563825802
GBR,2017,A03,921.5,2394261.3,0.0003848786262384
GBR,2017,B05_06,17746.0,2394261.3,0.0074118894207578
GBR,2017,B07_08,2047.7,2394261.3,0.0008552533510022
GBR,2017,B09,1518.7,2394261.3,0.0006343083772853
GBR,2017,C10T12,36273.8,2394261.3,0.0151503096174172
GBR,2017,C13T15,8782.7,2394261.3,0.003668229528665
GBR,2017,C16,3813.5,2394261.3,0.0015927668379386
GBR,2017,C17_18,12063.4,2394261.3,0.0050384642645311
GBR,2017,C19,4560.1,2394261.3,0.0019045957932828
GBR,2017,C20,14073.8,2394261.3,0.0058781386977269
GBR,2017,C21,16569.3,2394261.3,0.0069204225954786
GBR,2017,C22,9706.8,2394261.3,0.004054194084831
GBR,2017,C23,7572.9,2394261.3,0.0031629379800776
GBR,2017,C24,5314.2,2394261.3,0.0022195572388026
GBR,2017,C25,20234.8,2394261.3,0.0084513749606193
GBR,2017,C26,17009.5,2394261.3,0.0071042788855167
GBR,2017,C27,6177.8,2394261.3,0.0025802530408857
GBR,2017,C28,19233.5,2394261.3,0.0080331666389128
GBR,2017,C29,22130.6,2394261.3,0.0092431849439323
GBR,2017,C30,15122.7,2394261.3,0.0063162278904144
GBR,2017,C31T33,22205.3,2394261.3,0.009274384546081
GBR,2017,D,34336.9,2394261.3,0.0143413335879421
GBR,2017,E,30514.4,2394261.3,0.0127448077617927
GBR,2017,F,148568.0,2394261.3,0.0620517067205655
GBR,2017,G,243629.9,2394261.3,0.1017557690967147
GBR,2017,H49,35450.2,2394261.3,0.0148063204296039
GBR,2017,H50,8261.5,2394261.3,0.0034505423447307
GBR,2017,H51,6280.7,2394261.3,0.0026232308060945
GBR,2017,H52,29587.7,2394261.3,0.0123577572756991
GBR,2017,H53,14589.9,2394261.3,0.0060936957883418
GBR,2017,I,71106.3,2394261.3,0.0296986381561611
GBR,2017,J58T60,41002.5,2394261.3,0.0171253237898469
GBR,2017,J61,42787.6,2394261.3,0.0178708982181685
GBR,2017,J62_63,66242.6,2394261.3,0.0276672391605711
GBR,2017,K,210277.6,2394261.3,0.0878256688190215
GBR,2017,L,319147.2,2394261.3,0.1332967291414684
GBR,2017,M,178377.1,2394261.3,0.0745019351062476
GBR,2017,N,121276.3,2394261.3,0.0506529091039478
GBR,2017,O,116816.7,2394261.3,0.0487902886790176
GBR,2017,P,137086.3,2394261.3,0.0572561983940516
GBR,2017,Q,179823.7,2394261.3,0.0751061298113117
GBR,2017,R,35095.0,2394261.3,0.0146579656948888
GBR,2017,S,41797.9,2394261.3,0.0174575348146002
GBR,2017,T,4150.7,2394261.3,0.0017336035962323
GBR,2017,HFCE,0.0,2394261.3,0.0
GBR,2018,A01_02,15525.7,2568849.5,0.0060438340198598
GBR,2018,A03,792.5,2568849.5,0.0003085038652517
GBR,2018,B05_06,26010.4,2568849.5,0.0101253109611909
GBR,2018,B07_08,2558.9,2568849.5,0.0009961268653535
GBR,2018,B09,1694.4,2568849.5,0.0006595948886846
GBR,2018,C10T12,39515.2,2568849.5,0.0153824503926757
GBR,2018,C13T15,9012.3,2568849.5,0.0035083020628495
GBR,2018,C16,4276.0,2568849.5,0.001664558394721
GBR,2018,C17_18,12405.1,2568849.5,0.0048290489575196
GBR,2018,C19,3118.1,2568849.5,0.001213811864027
GBR,2018,C20,15046.7,2568849.5,0.0058573692230704
GBR,2018,C21,17168.0,2568849.5,0.0066831474556995
GBR,2018,C22,10353.1,2568849.5,0.0040302477821297
GBR,2018,C23,8006.3,2568849.5,0.0031166870616593
GBR,2018,C24,5658.2,2568849.5,0.0022026202780661
GBR,2018,C25,22419.3,2568849.5,0.0087273699763259
GBR,2018,C26,17450.9,2568849.5,0.0067932745768095
GBR,2018,C27,6422.7,2568849.5,0.0025002243222111
GBR,2018,C28,21594.8,2568849.5,0.0084064091726665
GBR,2018,C29,21825.6,2568849.5,0.0084962548409317
GBR,2018,C30,15437.6,2568849.5,0.0060095385113063
GBR,2018,C31T33,24411.2,2568849.5,0.0095027754642691
GBR,2018,D,33372.8,2568849.5,0.012991341065329
GBR,2018,E,32591.0,2568849.5,0.0126870024888573
GBR,2018,F,160860.2,2568849.5,0.0626195501137766
GBR,2018,G,263329.4,2568849.5,0.1025086911475351
GBR,2018,H49,38069.0,2568849.5,0.0148194746325154
GBR,2018,H50,8235.8,2568849.5,0.0032060266668016
GBR,2018,H51,6642.8,2568849.5,0.0025859047016962
GBR,2018,H52,31915.9,2568849.5,0.0124242000163886
GBR,2018,H53,15721.8,2568849.5,0.0061201716955391
GBR,2018,I,76726.5,2568849.5,0.0298680401479339
GBR,2018,J58T60,42671.9,2568849.5,0.016611288438657
GBR,2018,J61,45469.7,2568849.5,0.0177004141348101
GBR,2018,J62_63,72973.5,2568849.5,0.0284070748403127
GBR,2018,K,217515.5,2568849.5,0.0846742870689777
GBR,2018,L,346709.6,2568849.5,0.1349668791418103
GBR,2018,M,189923.6,2568849.5,0.0739333308549216
GBR,2018,N,131037.6,2568849.5,0.0510102285089103
GBR,2018,O,124581.6,2568849.5,0.0484970411851686
GBR,2018,P,149539.8,2568849.5,0.0582127524403434
GBR,2018,Q,191759.4,2568849.5,0.0746479698401949
GBR,2018,R,37552.7,2568849.5,0.0146184897168946
GBR,2018,S,46150.1,2568849.5,0.0179652797877026
GBR,2018,T,4796.3,2568849.5,0.0018671004276428
GBR,2018,HFCE,0.0,2568849.5,0.0
GBR,2019,A01_02,16302.5,2553057.1,0.0063854819384964
GBR,2019,A03,968.8,2553057.1,0.0003794666402094
GBR,2019,B05_06,23438.4,2553057.1,0.0091805232244903
GBR,2019,B07_08,2457.1,2553057.1,0.0009624148241729
GBR,2019,B09,1904.4,2553057.1,0.0007459292626083
GBR,2019,C10T12,38123.0,2553057.1,0.0149322943070877
GBR,2019,C13T15,8875.0,2553057.1,0.0034762246406474
GBR,2019,C16,4655.1,2553057.1,0.0018233434732031
GBR,2019,C17_18,12021.4,2553057.1,0.0047086295093047
GBR,2019,C19,4412.7,2553057.1,0.0017283984756941
GBR,2019,C20,15822.6,2553057.1,0.0061975112111671
GBR,2019,C21,17779.4,2553057.1,0.0069639648874284
GBR,2019,C22,10157.8,2553057.1,0.0039786810878612
GBR,2019,C23,7926.6,2553057.1,0.0031047484210204
GBR,2019,C24,5826.9,2553057.1,0.0022823226319536
GBR,2019,C25,22470.2,2553057.1,0.0088012915966509
GBR,2019,C26,17257.3,2553057.1,0.0067594649567375
GBR,2019,C27,6387.2,2553057.1,0.0025017850168725
GBR,2019,C28,18901.3,2553057.1,0.0074033988507346
GBR,2019,C29,20817.2,2553057.1,0.0081538325171027
GBR,2019,C30,14184.9,2553057.1,0.0055560449470558
GBR,2019,C31T33,23150.6,2553057.1,0.0090677956243125
GBR,2019,D,37668.6,2553057.1,0.0147543116054866
GBR,2019,E,31189.5,2553057.1,0.0122165305272647
GBR,2019,F,159258.5,2553057.1,0.0623795292318373
GBR,2019,G,265219.8,2553057.1,0.1038832229800109
GBR,2019,H49,39344.6,2553057.1,0.0154107794925542
GBR,2019,H50,8497.2,2553057.1,0.0033282451849588
GBR,2019,H51,7188.8,2553057.1,0.0028157615432886
GBR,2019,H52,32067.7,2553057.1,0.0125605102995933
GBR,2019,H53,15730.7,2553057.1,0.0061615151498178
GBR,2019,I,77295.3,2553057.1,0.030275586080703
GBR,2019,J58T60,41302.6,2553057.1,0.0161777031935556
GBR,2019,J61,43412.5,2553057.1,0.0170041241929136
GBR,2019,J62_63,75538.9,2553057.1,0.0295876265360457
GBR,2019,K,208722.6,2553057.1,0.0817539881892966
GBR,2019,L,337842.4,2553057.1,0.132328571891322
GBR,2019,M,187565.8,2553057.1,0.0734671386707332
GBR,2019,N,129863.6,2553057.1,0.0508659207034578
GBR,2019,O,124838.3,2553057.1,0.0488975745979202
GBR,2019,P,152710.4,2553057.1,0.0598147217310572
GBR,2019,Q,196292.7,2553057.1,0.0768853544247012
GBR,2019,R,38134.5,2553057.1,0.0149367987108474
GBR,2019,S,44532.0,2553057.1,0.0174426181067395
GBR,2019,T,4999.7,2553057.1,0.0019583189110811
GBR,2019,HFCE,0.0,2553057.1,0.0
GBR,2020,A01_02,16634.6,2440482.3,0.0068161117169339
GBR,2020,A03,775.6,2440482.3,0.000317806033668
GBR,2020,B05_06,14792.4,2440482.3,0.0060612609237116
GBR,2020,B07_08,2543.6,2440482.3,0.0010422530005646
GBR,2020,B09,1420.5,2440482.3,0.0005820570794551
GBR,2020,C10T12,36028.2,2440482.3,0.0147627376768928
GBR,2020,C13T15,7401.3,2440482.3,0.0030327202127218
GBR,2020,C16,4465.4,2440482.3,0.0018297202975002
GBR,2020,C17_18,10464.1,2440482.3,0.0042877180465517
GBR,2020,C19,5067.0,2440482.3,0.0020762289486795
GBR,2020,C20,14873.1,2440482.3,0.0060943281580038
GBR,2020,C21,19544.9,2440482.3,0.0080086219023182
GBR,2020,C22,9893.6,2440482.3,0.0040539527781045
GBR,2020,C23,7501.3,2440482.3,0.0030736957198993
GBR,2020,C24,4903.8,2440482.3,0.0020093569209659
GBR,2020,C25,20575.6,2440482.3,0.0084309564547958
GBR,2020,C26,15873.1,2440482.3,0.0065040832297779
GBR,2020,C27,7057.7,2440482.3,0.0028919283700602
GBR,2020,C28,17879.5,2440482.3,0.0073262158057856
GBR,2020,C29,17623.1,2440482.3,0.0072211546053827
GBR,2020,C30,13955.1,2440482.3,0.0057181730021151
GBR,2020,C31T33,22688.5,2440482.3,0.0092967279459474
GBR,2020,D,37112.8,2440482.3,0.015207158027739
GBR,2020,E,31094.9,2440482.3,0.0127412929813094
GBR,2020,F,136791.0,2440482.3,0.0560508060230553
GBR,2020,G,254285.8,2440482.3,0.1041948962301427
GBR,2020,H49,24596.1,2440482.3,0.0100783767208637
GBR,2020,H50,4225.6,2440482.3,0.0017314610312887
GBR,2020,H51,2802.6,2440482.3,0.0011483795641541
GBR,2020,H52,30467.9,2440482.3,0.012484376551307
GBR,2020,H53,17348.7,2440482.3,0.0071087178136878
GBR,2020,I,47446.1,2440482.3,0.0194412801109026
GBR,2020,J58T60,39203.8,2440482.3,0.0160639558828187
GBR,2020,J61,44161.5,2440482.3,0.0180953986021533
GBR,2020,J62_63,80543.6,2440482.3,0.033003148598947
GBR,2020,K,214716.6,2440482.3,0.0879812158440977
GBR,2020,L,334940.0,2440482.3,0.1372433637400279
GBR,2020,M,184530.7,2440482.3,0.0756123902230309
GBR,2020,N,119023.1,2440482.3,0.0487703188832797
GBR,2020,O,129617.9,2440482.3,0.0531115919177123
GBR,2020,P,154601.3,2440482.3,0.0633486667778742
GBR,2020,Q,208067.9,2440482.3,0.085256877298393
GBR,2020,R,29216.7,2440482.3,0.0119716910055032
GBR,2020,S,39721.8,2440482.3,0.0162762090099977
GBR,2020,T,4003.9,2440482.3,0.0016406183318764
GBR,2020,HFCE,0.0,2440482.3,0.0
FRA,1995,A01_02,38230.1,1433412.7,0.0266706859789926
FRA,1995,A03,917.6,1433412.7,0.000640150600033
FRA,1995,B05_06,575.2,1433412.7,0.000401280105862
FRA,1995,B07_08,1848.6,1433412.7,0.0012896495196393
FRA,1995,B09,18.3,1433412.7,1.2766734939630435e-05
FRA,1995,C10T12,40873.7,1433412.7,0.0285149559509274
FRA,1995,C13T15,12333.9,1433412.7,0.0086045700585741
FRA,1995,C16,3928.6,1433412.7,0.0027407319608651
FRA,1995,C17_18,12236.6,1433412.7,0.0085366900962995
FRA,1995,C19,2350.1,1433412.7,0.0016395138678483
FRA,1995,C20,17074.9,1433412.7,0.0119120613344642
FRA,1995,C21,9837.4,1433412.7,0.0068629223112087
FRA,1995,C22,13901.1,1433412.7,0.0096979048671746
FRA,1995,C23,9765.8,1433412.7,0.0068129715887127
FRA,1995,C24,8731.9,1433412.7,0.006091685946413
FRA,1995,C25,19179.0,1433412.7,0.0133799567982061
FRA,1995,C26,17155.2,1433412.7,0.011968081488325
FRA,1995,C27,9702.7,1433412.7,0.0067689507704236
FRA,1995,C28,12328.8,1433412.7,0.00860101211605
FRA,1995,C29,17528.4,1433412.7,0.0122284391647988
FRA,1995,C30,6895.8,1433412.7,0.0048107568741368
FRA,1995,C31T33,24531.4,1433412.7,0.0171139825955218
FRA,1995,D,32969.6,1433412.7,0.0230007729106906
FRA,1995,E,7975.6,1433412.7,0.0055640639991539
FRA,1995,F,75535.4,1433412.7,0.052696198380271
FRA,1995,G,166224.5,1433412.7,0.1159641602170819
FRA,1995,H49,31263.7,1433412.7,0.0218106760181488
FRA,1995,H50,419.4,1433412.7,0.0002925884499279
FRA,1995,H51,3335.0,1433412.7,0.0023266153564845
FRA,1995,H52,16677.6,1433412.7,0.0116348906354743
FRA,1995,H53,8841.4,1433412.7,0.0061680770653141
FRA,1995,I,33494.8,1433412.7,0.0233671712271001
FRA,1995,J58T60,16896.4,1433412.7,0.0117875333461186
FRA,1995,J61,25033.0,1433412.7,0.0174639167073097
FRA,1995,J62_63,27212.7,1433412.7,0.0189845534367038
FRA,1995,K,57396.2,1433412.7,0.04004164327552
FRA,1995,L,151286.4,1433412.7,0.1055428070366615
FRA,1995,M,84526.1,1433412.7,0.0589684324688905
FRA,1995,N,68749.6,1433412.7,0.0479621814429298
FRA,1995,O,121944.4,1433412.7,0.0850727777143316
FRA,1995,P,78529.6,1433412.7,0.0547850594598471
FRA,1995,Q,108227.9,1433412.7,0.0755036564138157
FRA,1995,R,13314.1,1433412.7,0.0092883926590018
FRA,1995,S,20753.3,1433412.7,0.0144782448209088
FRA,1995,T,2860.9,1433412.7,0.0019958662288955
FRA,1995,HFCE,0.0,1433412.7,0.0
FRA,1996,A01_02,37562.1,1432138.5,0.026227980045226
FRA,1996,A03,1049.1,1432138.5,0.0007325408820445
FRA,1996,B05_06,559.4,1432138.5,0.0003906046796451
FRA,1996,B07_08,1797.8,1432138.5,0.0012553255149554
FRA,1996,B09,17.8,1432138.5,1.242896549460824e-05
FRA,1996,C10T12,40294.3,1432138.5,0.0281357564229995
FRA,1996,C13T15,11226.1,1432138.5,0.0078386971651135
FRA,1996,C16,3675.4,1432138.5,0.00256637189769
FRA,1996,C17_18,11825.4,1432138.5,0.0082571622786483
FRA,1996,C19,2668.7,1432138.5,0.0018634370907562
FRA,1996,C20,16513.6,1432138.5,0.0115307283478518
FRA,1996,C21,10019.2,1432138.5,0.0069959714091898
FRA,1996,C22,13163.5,1432138.5,0.0091914992858581
FRA,1996,C23,8997.3,1432138.5,0.0062824231036313
FRA,1996,C24,8073.5,1432138.5,0.0056373737595909
FRA,1996,C25,18658.6,1432138.5,0.0130284885156009
FRA,1996,C26,16640.5,1432138.5,0.0116193370962375
FRA,1996,C27,9645.1,1432138.5,0.0067347536568565
FRA,1996,C28,12417.5,1432138.5,0.0086705999454661
FRA,1996,C29,17061.1,1432138.5,0.0119130237752843
FRA,1996,C30,7390.0,1432138.5,0.0051601154497278
FRA,1996,C31T33,24250.2,1432138.5,0.0169328594964802
FRA,1996,D,33629.7,1432138.5,0.0234821562300014
FRA,1996,E,8329.2,1432138.5,0.0058159179436905
FRA,1996,F,71269.5,1432138.5,0.049764390804381
FRA,1996,G,162162.9,1432138.5,0.1132312971126745
FRA,1996,H49,31321.9,1432138.5,0.0218707199059308
FRA,1996,H50,392.5,1432138.5,0.0002740656717209
FRA,1996,H51,2955.8,1432138.5,0.0020639065285934
FRA,1996,H52,16403.4,1432138.5,0.0114537804828234
FRA,1996,H53,8800.7,1432138.5,0.0061451458779999
FRA,1996,I,32519.1,1432138.5,0.0227066725739165
FRA,1996,J58T60,17534.5,1432138.5,0.0122435783969218
FRA,1996,J61,24733.4,1432138.5,0.0172702570317046
FRA,1996,J62_63,28000.5,1432138.5,0.019551530805156
FRA,1996,K,57122.4,1432138.5,0.0398860864364724
FRA,1996,L,155135.5,1432138.5,0.1083243694656627
FRA,1996,M,86348.8,1432138.5,0.060293609870833
FRA,1996,N,69688.8,1432138.5,0.0486606567730704
FRA,1996,O,126366.7,1432138.5,0.0882363682004219
FRA,1996,P,77622.6,1432138.5,0.0542004841012234
FRA,1996,Q,109816.7,1432138.5,0.0766802233163901
FRA,1996,R,13962.7,1432138.5,0.0097495458714363
FRA,1996,S,21347.8,1432138.5,0.0149062398643706
FRA,1996,T,3167.2,1432138.5,0.0022115179502541
FRA,1996,HFCE,0.0,1432138.5,0.0
FRA,1997,A01_02,33097.1,1296972.8,0.0255187310019146
FRA,1997,A03,964.4,1296972.8,0.0007435776602254
FRA,1997,B05_06,500.0,1296972.8,0.0003855130963424
FRA,1997,B07_08,1607.1,1296972.8,0.001239116194264
FRA,1997,B09,15.9,1296972.8,1.2259316463691451e-05
FRA,1997,C10T12,36083.5,1296972.8,0.027821323623749
FRA,1997,C13T15,9773.6,1296972.8,0.007535701596826
FRA,1997,C16,3241.3,1296972.8,0.0024991271983498
FRA,1997,C17_18,10795.1,1296972.8,0.0083233048526538
FRA,1997,C19,2346.7,1296972.8,0.0018093671663738
FRA,1997,C20,15438.2,1296972.8,0.0119032565679095
FRA,1997,C21,9203.7,1296972.8,0.0070962937696149
FRA,1997,C22,12217.1,1296972.8,0.0094197040986518
FRA,1997,C23,8048.2,1296972.8,0.0062053730039673
FRA,1997,C24,7278.3,1296972.8,0.0056117599382192
FRA,1997,C25,17102.2,1296972.8,0.0131862441525373
FRA,1997,C26,14900.6,1296972.8,0.011488752886722
FRA,1997,C27,8791.5,1296972.8,0.0067784767729901
FRA,1997,C28,11427.8,1296972.8,0.0088111331247656
FRA,1997,C29,15922.2,1296972.8,0.012276433245169
FRA,1997,C30,8129.0,1296972.8,0.0062676719203363
FRA,1997,C31T33,22544.2,1296972.8,0.0173821686931291
FRA,1997,D,27883.9,1296972.8,0.0214992172542091
FRA,1997,E,7295.2,1296972.8,0.0056247902808755
FRA,1997,F,62270.6,1296972.8,0.0480122636342103
FRA,1997,G,146193.1,1296972.8,0.112718709289817
FRA,1997,H49,27981.5,1296972.8,0.0215744694106152
FRA,1997,H50,361.9,1296972.8,0.0002790343791327
FRA,1997,H51,2961.5,1296972.8,0.0022833940696366
FRA,1997,H52,16975.8,1296972.8,0.0130887864417819
FRA,1997,H53,8138.9,1296972.8,0.0062753050796439
FRA,1997,I,29957.5,1296972.8,0.0230980171673607
FRA,1997,J58T60,16173.6,1296972.8,0.01247026923001
FRA,1997,J61,22947.2,1296972.8,0.0176928922487811
FRA,1997,J62_63,26027.6,1296972.8,0.020067961332728
FRA,1997,K,49318.3,1296972.8,0.0380257010786964
FRA,1997,L,142878.3,1296972.8,0.1101629116663047
FRA,1997,M,78418.3,1296972.8,0.0604625632858299
FRA,1997,N,62995.9,1296972.8,0.0485714889317648
FRA,1997,O,113295.5,1296972.8,0.087353798013343
FRA,1997,P,70694.3,1296972.8,0.0545071569735309
FRA,1997,Q,98892.7,1296972.8,0.0762488619653395
FRA,1997,R,12840.5,1296972.8,0.0099003618271717
FRA,1997,S,20036.7,1296972.8,0.0154488205149714
FRA,1997,T,3006.3,1296972.8,0.0023179360430689
FRA,1997,HFCE,0.0,1296972.8,0.0
FRA,1998,A01_02,34531.7,1342228.7,0.0257271357705285
FRA,1998,A03,982.0,1342228.7,0.0007316189856467
FRA,1998,B05_06,473.3,1342228.7,0.0003526224703733
FRA,1998,B07_08,1521.0,1342228.7,0.0011331898952838
FRA,1998,B09,15.1,1342228.7,1.1249945705973952e-05
FRA,1998,C10T12,37786.2,1342228.7,0.0281518343334485
FRA,1998,C13T15,9561.7,1342228.7,0.0071237487322391
FRA,1998,C16,3458.3,1342228.7,0.0025765355784748
FRA,1998,C17_18,10953.2,1342228.7,0.0081604573050777
FRA,1998,C19,1949.2,1342228.7,0.0014522115344426
FRA,1998,C20,15558.4,1342228.7,0.0115914672365447
FRA,1998,C21,9359.7,1342228.7,0.0069732527698148
FRA,1998,C22,12806.2,1342228.7,0.0095409969999896
FRA,1998,C23,8303.8,1342228.7,0.0061865761028653
FRA,1998,C24,7505.7,1342228.7,0.005591968045386
FRA,1998,C25,17753.6,1342228.7,0.0132269560321575
FRA,1998,C26,15127.7,1342228.7,0.0112705830235935
FRA,1998,C27,8845.6,1342228.7,0.0065902330951498
FRA,1998,C28,12316.8,1342228.7,0.0091763795543933
FRA,1998,C29,17481.6,1342228.7,0.0130243080035466
FRA,1998,C30,8093.5,1342228.7,0.0060298963954503
FRA,1998,C31T33,23658.3,1342228.7,0.0176261318209035
FRA,1998,D,29295.0,1342228.7,0.0218256396991064
FRA,1998,E,8116.0,1342228.7,0.0060466595595817
FRA,1998,F,62468.4,1342228.7,0.0465408018767591
FRA,1998,G,152104.2,1342228.7,0.1133221186523578
FRA,1998,H49,30613.2,1342228.7,0.0228077376083524
FRA,1998,H50,388.1,1342228.7,0.000289145955529
FRA,1998,H51,3164.4,1342228.7,0.0023575714034426
FRA,1998,H52,17545.3,1342228.7,0.0130717663837764
FRA,1998,H53,8459.2,1342228.7,0.0063023536897996
FRA,1998,I,31753.6,1342228.7,0.0236573692694844
FRA,1998,J58T60,17290.5,1342228.7,0.0128819328628571
FRA,1998,J61,23171.7,1342228.7,0.0172636004579547
FRA,1998,J62_63,28319.4,1342228.7,0.0210987889023681
FRA,1998,K,49135.8,1342228.7,0.036607621339046
FRA,1998,L,146694.5,1342228.7,0.109291732474503
FRA,1998,M,82417.0,1342228.7,0.0614030976986261
FRA,1998,N,67234.2,1342228.7,0.0500914635486486
FRA,1998,O,114365.8,1342228.7,0.0852058967298196
FRA,1998,P,72839.5,1342228.7,0.0542675775000191
FRA,1998,Q,100416.6,1342228.7,0.0748133309919539
FRA,1998,R,13839.1,1342228.7,0.0103105379880492
FRA,1998,S,21443.5,1342228.7,0.0159760404467584
FRA,1998,T,3111.1,1342228.7,0.0023178613301891
FRA,1998,HFCE,0.0,1342228.7,0.0
FRA,1999,A01_02,32515.6,1333795.8,0.0243782444059278
FRA,1999,A03,877.3,1333795.8,0.0006577468605014
FRA,1999,B05_06,469.0,1333795.8,0.000351628037815
FRA,1999,B07_08,1443.1,1333795.8,0.0010819497257376
FRA,1999,B09,14.9,1333795.8,1.1171125295191362e-05
FRA,1999,C10T12,35733.7,1333795.8,0.0267909825477033
FRA,1999,C13T15,8779.3,1333795.8,0.0065821919667163
FRA,1999,C16,3374.4,1333795.8,0.0025299224963821
FRA,1999,C17_18,10668.5,1333795.8,0.0079986006853522
FRA,1999,C19,1332.3,1333795.8,0.0009988785389787
FRA,1999,C20,15242.4,1333795.8,0.0114278362549949
FRA,1999,C21,9453.3,1333795.8,0.0070875166948343
FRA,1999,C22,12513.4,1333795.8,0.0093817959240837
FRA,1999,C23,8118.4,1333795.8,0.0060866888319786
FRA,1999,C24,6573.7,1333795.8,0.0049285655270469
FRA,1999,C25,17559.3,1333795.8,0.0131649087513995
FRA,1999,C26,15098.4,1333795.8,0.0113198737018065
FRA,1999,C27,8939.1,1333795.8,0.0067020004111573
FRA,1999,C28,12576.7,1333795.8,0.0094292544630894
FRA,1999,C29,17832.0,1333795.8,0.0133693628365001
FRA,1999,C30,8257.9,1333795.8,0.0061912775553799
FRA,1999,C31T33,23650.6,1333795.8,0.0177317997252652
FRA,1999,D,27747.4,1333795.8,0.020803334363476
FRA,1999,E,7979.9,1333795.8,0.00598284984853
FRA,1999,F,63263.8,1333795.8,0.0474313984194582
FRA,1999,G,149012.0,1333795.8,0.111720249831346
FRA,1999,H49,28666.3,1333795.8,0.0214922704060096
FRA,1999,H50,401.9,1333795.8,0.000301320486989
FRA,1999,H51,3283.5,1333795.8,0.0024617711346819
FRA,1999,H52,19030.2,1333795.8,0.0142677012478221
FRA,1999,H53,8822.5,1333795.8,0.0066145807326728
FRA,1999,I,32420.0,1333795.8,0.0243065692664499
FRA,1999,J58T60,17348.6,1333795.8,0.0130069385433662
FRA,1999,J61,23406.5,1333795.8,0.0175487882028118
FRA,1999,J62_63,29513.6,1333795.8,0.0221275250679301
FRA,1999,K,50694.5,1333795.8,0.0380076920320186
FRA,1999,L,143559.0,1333795.8,0.107631917869287
FRA,1999,M,83935.0,1333795.8,0.0629294229296568
FRA,1999,N,70092.9,1333795.8,0.052551447530424
FRA,1999,O,112903.0,1333795.8,0.0846478898793953
FRA,1999,P,72842.4,1333795.8,0.0546128575303655
FRA,1999,Q,99222.9,1333795.8,0.0743913723524995
FRA,1999,R,13959.3,1333795.8,0.0104658449216889
FRA,1999,S,21449.7,1333795.8,0.0160816970633735
FRA,1999,T,3217.6,1333795.8,0.0024123632717991
FRA,1999,HFCE,0.0,1333795.8,0.0
FRA,2000,A01_02,27952.1,1225025.0,0.0228175751515275
FRA,2000,A03,705.7,1225025.0,0.0005760698761249
FRA,2000,B05_06,340.8,1225025.0,0.0002781984041142
FRA,2000,B07_08,1464.9,1225025.0,0.0011958123303606
FRA,2000,B09,24.0,1225025.0,1.9591436909450827e-05
FRA,2000,C10T12,31686.8,1225025.0,0.0258662476275994
FRA,2000,C13T15,7391.3,1225025.0,0.0060335911512009
FRA,2000,C16,3035.9,1225025.0,0.0024782351380584
FRA,2000,C17_18,9720.4,1225025.0,0.007934858472276
FRA,2000,C19,2032.1,1225025.0,0.0016588232893206
FRA,2000,C20,13549.3,1225025.0,0.0110604273382175
FRA,2000,C21,9195.1,1225025.0,0.0075060508969204
FRA,2000,C22,11259.1,1225025.0,0.0091909144711332
FRA,2000,C23,7220.4,1225025.0,0.0058940837942082
FRA,2000,C24,6996.5,1225025.0,0.0057113120140405
FRA,2000,C25,16337.9,1225025.0,0.0133367890451215
FRA,2000,C26,14850.5,1225025.0,0.0121226097426583
FRA,2000,C27,8060.1,1225025.0,0.0065795391930776
FRA,2000,C28,11196.6,1225025.0,0.0091398951041815
FRA,2000,C29,16171.8,1225025.0,0.0132011999755107
FRA,2000,C30,7113.7,1225025.0,0.0058069835309483
FRA,2000,C31T33,21939.1,1225025.0,0.0179091038958388
FRA,2000,D,23531.8,1225025.0,0.0192092406277422
FRA,2000,E,8247.5,1225025.0,0.0067325156629456
FRA,2000,F,59484.5,1225025.0,0.0485577845350094
FRA,2000,G,136271.4,1225025.0,0.111239688985939
FRA,2000,H49,26446.5,1225025.0,0.0215885390094079
FRA,2000,H50,364.2,1225025.0,0.0002973000551009
FRA,2000,H51,2170.8,1225025.0,0.0017720454684598
FRA,2000,H52,17409.1,1225025.0,0.01421122017918
FRA,2000,H53,7658.7,1225025.0,0.0062518724107671
FRA,2000,I,30235.2,1225025.0,0.0246812922185261
FRA,2000,J58T60,15982.3,1225025.0,0.0130465092549131
FRA,2000,J61,19418.1,1225025.0,0.0158511867104752
FRA,2000,J62_63,27774.8,1225025.0,0.0226728434113589
FRA,2000,K,50204.3,1225025.0,0.0409822656680475
FRA,2000,L,135408.9,1225025.0,0.1105356217220056
FRA,2000,M,77705.8,1225025.0,0.0634320115916001
FRA,2000,N,68900.4,1225025.0,0.0562440766514969
FRA,2000,O,100440.0,1225025.0,0.0819901634660517
FRA,2000,P,65085.5,1225025.0,0.0531299361237525
FRA,2000,Q,88590.2,1225025.0,0.0723170547539846
FRA,2000,R,13359.1,1225025.0,0.0109051652007101
FRA,2000,S,19157.5,1225025.0,0.0156384563580335
FRA,2000,T,2934.3,1225025.0,0.0023952980551417
FRA,2000,HFCE,0.0,1225025.0,0.0
FRA,2001,A01_02,28135.5,1239700.0,0.0226954101798822
FRA,2001,A03,896.6,1239700.0,0.0007232394934258
FRA,2001,B05_06,303.7,1239700.0,0.0002449786238606
FRA,2001,B07_08,1448.5,1239700.0,0.0011684278454464
FRA,2001,B09,37.6,1239700.0,3.0329918528676293e-05
FRA,2001,C10T12,30700.5,1239700.0,0.0247644591433411
FRA,2001,C13T15,7158.9,1239700.0,0.0057747035573122
FRA,2001,C16,2900.3,1239700.0,0.0023395176252319
FRA,2001,C17_18,9807.8,1239700.0,0.0079114301847221
FRA,2001,C19,1099.1,1239700.0,0.0008865854642252
FRA,2001,C20,12616.6,1239700.0,0.0101771396305557
FRA,2001,C21,9951.6,1239700.0,0.0080274259901589
FRA,2001,C22,11590.0,1239700.0,0.0093490360571105
FRA,2001,C23,7227.4,1239700.0,0.0058299588610147
FRA,2001,C24,6060.3,1239700.0,0.0048885214164717
FRA,2001,C25,16206.3,1239700.0,0.013072759538598
FRA,2001,C26,14084.5,1239700.0,0.0113612164233282
FRA,2001,C27,7535.3,1239700.0,0.0060783254013067
FRA,2001,C28,11388.3,1239700.0,0.0091863354037267
FRA,2001,C29,15512.1,1239700.0,0.0125127853512946
FRA,2001,C30,7859.8,1239700.0,0.0063400822779704
FRA,2001,C31T33,21640.9,1239700.0,0.0174565620714689
FRA,2001,D,23258.8,1239700.0,0.0187616358796483
FRA,2001,E,8593.2,1239700.0,0.0069316770186335
FRA,2001,F,61541.4,1239700.0,0.0496421714931031
FRA,2001,G,142411.1,1239700.0,0.1148754537388077
FRA,2001,H49,28284.0,1239700.0,0.0228151972251351
FRA,2001,H50,416.8,1239700.0,0.0003362103734774
FRA,2001,H51,2018.4,1239700.0,0.0016281358393159
FRA,2001,H52,17312.3,1239700.0,0.0139649108655319
FRA,2001,H53,7448.2,1239700.0,0.0060080664676937
FRA,2001,I,30018.5,1239700.0,0.0242143260466241
FRA,2001,J58T60,16194.6,1239700.0,0.0130633217713963
FRA,2001,J61,21043.1,1239700.0,0.0169743486327337
FRA,2001,J62_63,28847.5,1239700.0,0.0232697426796805
FRA,2001,K,45747.2,1239700.0,0.0369018310881664
FRA,2001,L,139758.9,1239700.0,0.1127360651770589
FRA,2001,M,80168.8,1239700.0,0.0646679035250463
FRA,2001,N,69780.9,1239700.0,0.0562885375494071
FRA,2001,O,100064.1,1239700.0,0.0807163829958861
FRA,2001,P,65836.6,1239700.0,0.0531068806969428
FRA,2001,Q,90494.5,1239700.0,0.0729970960716302
FRA,2001,R,14084.2,1239700.0,0.0113609744292974
FRA,2001,S,19234.6,1239700.0,0.0155155279503105
FRA,2001,T,2980.7,1239700.0,0.00240437202549
FRA,2001,HFCE,0.0,1239700.0,0.0
FRA,2002,A01_02,29275.1,1352378.5,0.0216471202403764
FRA,2002,A03,916.1,1352378.5,0.0006773991157061
FRA,2002,B05_06,329.1,1352378.5,0.0002433490328336
FRA,2002,B07_08,1558.3,1352378.5,0.0011522661740038
FRA,2002,B09,38.8,1352378.5,2.869019287130045e-05
FRA,2002,C10T12,34101.6,1352378.5,0.0252160175572149
FRA,2002,C13T15,7376.2,1352378.5,0.0054542422849816
FRA,2002,C16,3145.2,1352378.5,0.0023256802736807
FRA,2002,C17_18,10177.7,1352378.5,0.0075257777316039
FRA,2002,C19,877.5,1352378.5,0.0006488568104269
FRA,2002,C20,12116.7,1352378.5,0.0089595479372084
FRA,2002,C21,10853.9,1352378.5,0.008025785680562
FRA,2002,C22,12457.8,1352378.5,0.0092117702255692
FRA,2002,C23,7776.3,1352378.5,0.0057500914130178
FRA,2002,C24,5779.0,1352378.5,0.0042732119743104
FRA,2002,C25,16985.2,1352378.5,0.012559501648392
FRA,2002,C26,14834.5,1352378.5,0.0109691924265285
FRA,2002,C27,7670.5,1352378.5,0.0056718588767863
FRA,2002,C28,11412.6,1352378.5,0.0084389096691495
FRA,2002,C29,17566.7,1352378.5,0.0129894848224812
FRA,2002,C30,8323.5,1352378.5,0.0061547118650584
FRA,2002,C31T33,22507.3,1352378.5,0.0166427520106242
FRA,2002,D,26492.1,1352378.5,0.0195892643960252
FRA,2002,E,9942.7,1352378.5,0.0073520098108628
FRA,2002,F,67703.9,1352378.5,0.050062833740702
FRA,2002,G,154518.2,1352378.5,0.1142566226836643
FRA,2002,H49,30730.2,1352378.5,0.0227230764168463
FRA,2002,H50,459.0,1352378.5,0.0003394020239156
FRA,2002,H51,2813.9,1352378.5,0.0020807044773338
FRA,2002,H52,19325.4,1352378.5,0.0142899343637894
FRA,2002,H53,7848.8,1352378.5,0.0058037006651614
FRA,2002,I,33509.9,1352378.5,0.0247784921159276
FRA,2002,J58T60,17337.2,1352378.5,0.0128197838105234
FRA,2002,J61,26430.7,1352378.5,0.0195438629052443
FRA,2002,J62_63,30888.0,1352378.5,0.022839759727029
FRA,2002,K,49742.0,1352378.5,0.0367811230361914
FRA,2002,L,150274.2,1352378.5,0.1111184479788757
FRA,2002,M,89550.2,1352378.5,0.0662168172593693
FRA,2002,N,73851.4,1352378.5,0.0546085286034937
FRA,2002,O,108504.4,1352378.5,0.0802322722521838
FRA,2002,P,72674.7,1352378.5,0.0537384319552551
FRA,2002,Q,103101.3,1352378.5,0.0762370150072631
FRA,2002,R,16597.6,1352378.5,0.0122728954948633
FRA,2002,S,20565.9,1352378.5,0.0152072071539143
FRA,2002,T,3437.2,1352378.5,0.0025415961581761
FRA,2002,HFCE,0.0,1352378.5,0.0
FRA,2003,A01_02,32904.1,1661938.1,0.0197986314893436
FRA,2003,A03,1223.7,1661938.1,0.0007363090117495
FRA,2003,B05_06,272.6,1661938.1,0.0001640253629181
FRA,2003,B07_08,1812.2,1661938.1,0.0010904136562005
FRA,2003,B09,36.2,1661938.1,2.178179801040725e-05
FRA,2003,C10T12,42183.2,1661938.1,0.0253819320948235
FRA,2003,C13T15,8608.3,1661938.1,0.0051796754644472
FRA,2003,C16,4016.9,1661938.1,0.0024169973598896
FRA,2003,C17_18,11780.2,1661938.1,0.0070882303017182
FRA,2003,C19,1494.3,1661938.1,0.000899130960413
FRA,2003,C20,14397.8,1661938.1,0.0086632588782939
FRA,2003,C21,13812.5,1661938.1,0.0083110796966505
FRA,2003,C22,15549.9,1661938.1,0.0093564856597246
FRA,2003,C23,9264.5,1661938.1,0.0055745156814203
FRA,2003,C24,6499.3,1661938.1,0.0039106751328464
FRA,2003,C25,19935.0,1661938.1,0.0119950315839079
FRA,2003,C26,16306.0,1661938.1,0.009811436418721
FRA,2003,C27,8606.1,1661938.1,0.005178351708767
FRA,2003,C28,13653.4,1661938.1,0.0082153480926876
FRA,2003,C29,20403.4,1661938.1,0.012276871202363
FRA,2003,C30,9401.8,1661938.1,0.0056571300700068
FRA,2003,C31T33,25605.7,1661938.1,0.0154071321910244
FRA,2003,D,31963.0,1661938.1,0.0192323649117858
FRA,2003,E,11888.9,1661938.1,0.0071536358664621
FRA,2003,F,84956.1,1661938.1,0.0511186908826508
FRA,2003,G,194736.0,1661938.1,0.1171740391534438
FRA,2003,H49,36983.9,1661938.1,0.0222534762275442
FRA,2003,H50,573.5,1661938.1,0.0003450790375405
FRA,2003,H51,3651.4,1661938.1,0.0021970734048398
FRA,2003,H52,23703.6,1661938.1,0.0142626250640742
FRA,2003,H53,9640.3,1661938.1,0.005800637219882
FRA,2003,I,41331.2,1661938.1,0.0248692776223133
FRA,2003,J58T60,21795.5,1661938.1,0.0131145076943599
FRA,2003,J61,31921.6,1661938.1,0.0192074542367131
FRA,2003,J62_63,36827.2,1661938.1,0.022159188720687
FRA,2003,K,59871.4,1661938.1,0.0360250481049805
FRA,2003,L,188208.4,1661938.1,0.1132463357088931
FRA,2003,M,112128.3,1661938.1,0.0674683972886836
FRA,2003,N,89796.1,1661938.1,0.0540309533790699
FRA,2003,O,133880.4,1661938.1,0.0805567908937162
FRA,2003,P,89991.1,1661938.1,0.0541482862689049
FRA,2003,Q,129966.3,1661938.1,0.0782016490265191
FRA,2003,R,20784.6,1661938.1,0.0125062419593124
FRA,2003,S,25053.2,1661938.1,0.0150746890031584
FRA,2003,T,4519.0,1661938.1,0.0027191145085367
FRA,2003,HFCE,0.0,1661938.1,0.0
FRA,2004,A01_02,37483.1,1906515.5,0.019660527281315
FRA,2004,A03,1151.9,1906515.5,0.0006041912588699
FRA,2004,B05_06,261.2,1906515.5,0.0001370038691004
FRA,2004,B07_08,1976.6,1906515.5,0.0010367605193873
FRA,2004,B09,26.1,1906515.5,1.3689896567848518e-05
FRA,2004,C10T12,48310.5,1906515.5,0.0253396838368216
FRA,2004,C13T15,8821.4,1906515.5,0.0046269752330888
FRA,2004,C16,3958.1,1906515.5,0.002076091172613
FRA,2004,C17_18,12935.5,1906515.5,0.006784891074843
FRA,2004,C19,2517.7,1906515.5,0.0013205767275429
FRA,2004,C20,16213.1,1906515.5,0.0085040483541833
FRA,2004,C21,14658.9,1906515.5,0.0076888438620089
FRA,2004,C22,16976.6,1906515.5,0.0089045171675761
FRA,2004,C23,9879.2,1906515.5,0.0051818094319191
FRA,2004,C24,8292.6,1906515.5,0.0043496105853846
FRA,2004,C25,22227.4,1906515.5,0.0116586516081301
FRA,2004,C26,17907.3,1906515.5,0.0093926852417407
FRA,2004,C27,9877.9,1906515.5,0.0051811275596762
FRA,2004,C28,15460.5,1906515.5,0.0081092967772882
FRA,2004,C29,23673.2,1906515.5,0.0124169984455935
FRA,2004,C30,8697.9,1906515.5,0.0045621973700187
FRA,2004,C31T33,28454.5,1906515.5,0.0149248721030592
FRA,2004,D,37113.7,1906515.5,0.0194667706609256
FRA,2004,E,14242.9,1906515.5,0.0074706447442992
FRA,2004,F,100538.9,1906515.5,0.0527343732584392
FRA,2004,G,217625.0,1906515.5,0.1141480360374725
FRA,2004,H49,42241.7,1906515.5,0.0221564944003864
FRA,2004,H50,1401.9,1906515.5,0.0007353205363397
FRA,2004,H51,4519.9,1906515.5,0.0023707648849432
FRA,2004,H52,27345.0,1906515.5,0.0143429203696481
FRA,2004,H53,11114.7,1906515.5,0.0058298503211749
FRA,2004,I,46776.9,1906515.5,0.0245352843971108
FRA,2004,J58T60,24935.0,1906515.5,0.0130788341348391
FRA,2004,J61,37256.1,1906515.5,0.0195414618973724
FRA,2004,J62_63,41842.3,1906515.5,0.0219470022667006
FRA,2004,K,71184.7,1906515.5,0.0373375931116217
FRA,2004,L,223463.0,1906515.5,0.1172101669249476
FRA,2004,M,130412.7,1906515.5,0.0684036924955501
FRA,2004,N,101090.2,1906515.5,0.0530235395411157
FRA,2004,O,153531.4,1906515.5,0.0805298462037156
FRA,2004,P,99781.3,1906515.5,0.0523369990959947
FRA,2004,Q,152359.5,1906515.5,0.0799151646026481
FRA,2004,R,23627.1,1906515.5,0.0123928182068281
FRA,2004,S,28985.5,1906515.5,0.0152033906884051
FRA,2004,T,5364.9,1906515.5,0.0028139818427912
FRA,2004,HFCE,0.0,1906515.5,0.0
FRA,2005,A01_02,35832.8,1973653.1,0.0181555715135552
FRA,2005,A03,1084.8,1973653.1,0.0005496406638025
FRA,2005,B05_06,409.4,1973653.1,0.0002074326030243
FRA,2005,B07_08,2013.3,1973653.1,0.0010200880793083
FRA,2005,B09,53.5,1973653.1,2.710709394675285e-05
FRA,2005,C10T12,47103.7,1973653.1,0.0238662508624235
FRA,2005,C13T15,8096.4,1973653.1,0.0041022406622521
FRA,2005,C16,3719.3,1973653.1,0.0018844750376851
FRA,2005,C17_18,12477.1,1973653.1,0.0063218303155706
FRA,2005,C19,3357.2,1973653.1,0.0017010081457577
FRA,2005,C20,17096.6,1973653.1,0.0086624138760757
FRA,2005,C21,15357.6,1973653.1,0.007781306654143
FRA,2005,C22,16633.0,1973653.1,0.0084275195068474
FRA,2005,C23,10245.8,1973653.1,0.0051912871618624
FRA,2005,C24,8724.9,1973653.1,0.0044206856817948
FRA,2005,C25,22856.2,1973653.1,0.011580657208706
FRA,2005,C26,16559.1,1973653.1,0.0083900762499752
FRA,2005,C27,9286.4,1973653.1,0.0047051834995724
FRA,2005,C28,15451.7,1973653.1,0.0078289847390101
FRA,2005,C29,21626.4,1973653.1,0.0109575487201879
FRA,2005,C30,11359.3,1973653.1,0.0057554693882121
FRA,2005,C31T33,29194.3,1973653.1,0.0147920118282184
FRA,2005,D,38638.7,1973653.1,0.0195772499229981
FRA,2005,E,13407.6,1973653.1,0.0067932910803828
FRA,2005,F,107209.7,1973653.1,0.0543204375682839
FRA,2005,G,219303.1,1973653.1,0.1111153221404511
FRA,2005,H49,43606.0,1973653.1,0.0220940549278898
FRA,2005,H50,1664.6,1973653.1,0.0008434106277339
FRA,2005,H51,4924.0,1973653.1,0.0024948659924076
FRA,2005,H52,28017.8,1973653.1,0.0141959090987164
FRA,2005,H53,10981.5,1973653.1,0.0055640477042292
FRA,2005,I,49464.1,1973653.1,0.0250622057138612
FRA,2005,J58T60,25180.1,1973653.1,0.0127581184353015
FRA,2005,J61,37416.9,1973653.1,0.0189581948317057
FRA,2005,J62_63,42753.7,1973653.1,0.0216622161209586
FRA,2005,K,74854.5,1973653.1,0.0379268778287329
FRA,2005,L,240616.6,1973653.1,0.1219143323616495
FRA,2005,M,138378.1,1973653.1,0.0701126758294048
FRA,2005,N,105943.3,1973653.1,0.0536787847874583
FRA,2005,O,159565.9,1973653.1,0.0808479970466947
FRA,2005,P,103468.0,1973653.1,0.0524246130183668
FRA,2005,Q,159681.5,1973653.1,0.0809065686366058
FRA,2005,R,24854.1,1973653.1,0.0125929424983549
FRA,2005,S,29561.2,1973653.1,0.0149779107584813
FRA,2005,T,5623.3,1973653.1,0.0028491835773976
FRA,2005,HFCE,0.0,1973653.1,0.0
FRA,2006,A01_02,34367.3,2078010.2,0.0165385617452695
FRA,2006,A03,880.4,2078010.2,0.0004236745324926
FRA,2006,B05_06,474.5,2078010.2,0.00022834344124
FRA,2006,B07_08,2220.8,2078010.2,0.0010687146771464
FRA,2006,B09,50.2,2078010.2,2.415772550105866e-05
FRA,2006,C10T12,46638.4,2078010.2,0.0224437781874217
FRA,2006,C13T15,7768.4,2078010.2,0.0037383839598092
FRA,2006,C16,3848.6,2078010.2,0.0018520602064417
FRA,2006,C17_18,12043.3,2078010.2,0.0057955923411733
FRA,2006,C19,2722.9,2078010.2,0.0013103400551161
FRA,2006,C20,17204.0,2078010.2,0.0082790738948249
FRA,2006,C21,17125.6,2078010.2,0.0082413454948392
FRA,2006,C22,16752.0,2078010.2,0.0080615581193971
FRA,2006,C23,10602.4,2078010.2,0.0051021886225582
FRA,2006,C24,8570.6,2078010.2,0.0041244263382345
FRA,2006,C25,23542.1,2078010.2,0.0113291551696906
FRA,2006,C26,16584.7,2078010.2,0.0079810484087132
FRA,2006,C27,9029.1,2078010.2,0.0043450701060081
FRA,2006,C28,16249.4,2078010.2,0.0078196921266315
FRA,2006,C29,20382.6,2078010.2,0.0098087102748581
FRA,2006,C30,12960.3,2078010.2,0.0062368798767205
FRA,2006,C31T33,30164.6,2078010.2,0.0145160981404229
FRA,2006,D,39250.5,2078010.2,0.0188885020872371
FRA,2006,E,14544.2,2078010.2,0.0069990994269421
FRA,2006,F,118871.8,2078010.2,0.0572046277732419
FRA,2006,G,224988.5,2078010.2,0.1082711239819708
FRA,2006,H49,45293.0,2078010.2,0.0217963318948097
FRA,2006,H50,1228.8,2078010.2,0.0005913349222251
FRA,2006,H51,5660.3,2078010.2,0.0027239038576422
FRA,2006,H52,29144.0,2078010.2,0.0140249552191803
FRA,2006,H53,11325.6,2078010.2,0.0054502138632428
FRA,2006,I,51927.4,2078010.2,0.0249890014976827
FRA,2006,J58T60,26177.2,2078010.2,0.0125972432666596
FRA,2006,J61,37959.3,2078010.2,0.0182671384384927
FRA,2006,J62_63,46967.1,2078010.2,0.0226019583541986
FRA,2006,K,80060.5,2078010.2,0.0385274817226595
FRA,2006,L,263324.6,2078010.2,0.126719589730599
FRA,2006,M,150445.8,2078010.2,0.0723989709001428
FRA,2006,N,114358.9,2078010.2,0.055032886749064
FRA,2006,O,165488.5,2078010.2,0.0796379632785248
FRA,2006,P,106712.6,2078010.2,0.0513532609223958
FRA,2006,Q,170712.0,2078010.2,0.0821516660505323
FRA,2006,R,26425.7,2078010.2,0.0127168288201857
FRA,2006,S,31177.2,2078010.2,0.0150033912249323
FRA,2006,T,5784.5,2078010.2,0.0027836725729257
FRA,2006,HFCE,0.0,2078010.2,0.0
FRA,2007,A01_02,41919.2,2388759.0,0.0175485262431245
FRA,2007,A03,1008.9,2388759.0,0.0004223531967854
FRA,2007,B05_06,512.7,2388759.0,0.0002146302745484
FRA,2007,B07_08,2722.6,2388759.0,0.0011397549941203
FRA,2007,B09,58.9,2388759.0,2.4657154614592764e-05
FRA,2007,C10T12,53203.5,2388759.0,0.0222724435575125
FRA,2007,C13T15,8736.3,2388759.0,0.0036572546665444
FRA,2007,C16,4633.6,2388759.0,0.001939751980003
FRA,2007,C17_18,13048.2,2388759.0,0.0054623342078459
FRA,2007,C19,4136.0,2388759.0,0.001731442979388
FRA,2007,C20,20075.3,2388759.0,0.0084040709004131
FRA,2007,C21,18018.3,2388759.0,0.00754295431226
FRA,2007,C22,18274.8,2388759.0,0.0076503322436461
FRA,2007,C23,12639.7,2388759.0,0.0052913249097125
FRA,2007,C24,10844.1,2388759.0,0.0045396375272683
FRA,2007,C25,27072.2,2388759.0,0.0113331650451133
FRA,2007,C26,18079.3,2388759.0,0.0075684905844415
FRA,2007,C27,10651.8,2388759.0,0.0044591354757847
FRA,2007,C28,18696.2,2388759.0,0.0078267418354049
FRA,2007,C29,22230.4,2388759.0,0.009306254837763
FRA,2007,C30,14664.3,2388759.0,0.0061388779696905
FRA,2007,C31T33,34473.8,2388759.0,0.0144316777037784
FRA,2007,D,35624.1,2388759.0,0.0149132248167353
FRA,2007,E,16993.6,2388759.0,0.0071139868023521
FRA,2007,F,143880.9,2388759.0,0.0602324889199789
FRA,2007,G,255406.7,2388759.0,0.106920246035703
FRA,2007,H49,53502.6,2388759.0,0.0223976550166843
FRA,2007,H50,1564.2,2388759.0,0.0006548169991196
FRA,2007,H51,6387.9,2388759.0,0.002674150050298
FRA,2007,H52,34094.7,2388759.0,0.0142729760515815
FRA,2007,H53,12845.2,2388759.0,0.0053773528430452
FRA,2007,I,60508.4,2388759.0,0.0253304749453586
FRA,2007,J58T60,28514.8,2388759.0,0.0119370769508351
FRA,2007,J61,42536.8,2388759.0,0.0178070705332769
FRA,2007,J62_63,54484.1,2388759.0,0.0228085378223588
FRA,2007,K,91834.8,2388759.0,0.0384445647300543
FRA,2007,L,309056.9,2388759.0,0.1293796904585184
FRA,2007,M,175498.8,2388759.0,0.0734686085955092
FRA,2007,N,133960.7,2388759.0,0.056079621259407
FRA,2007,O,186524.0,2388759.0,0.0780840595472377
FRA,2007,P,121655.9,2388759.0,0.050928494670245
FRA,2007,Q,195766.5,2388759.0,0.0819532234101472
FRA,2007,R,30547.6,2388759.0,0.0127880627555982
FRA,2007,S,35383.2,2388759.0,0.0148123774729891
FRA,2007,T,6486.5,2388759.0,0.0027154267132012
FRA,2007,HFCE,0.0,2388759.0,0.0
FRA,2008,A01_02,43352.3,2636776.2,0.0164414029525903
FRA,2008,A03,1046.7,2636776.2,0.0003969620174818
FRA,2008,B05_06,464.7,2636776.2,0.0001762379378272
FRA,2008,B07_08,2956.0,2636776.2,0.0011210659440873
FRA,2008,B09,72.1,2636776.2,2.7343996809437217e-05
FRA,2008,C10T12,56577.7,2636776.2,0.021457149074692
FRA,2008,C13T15,8863.3,2636776.2,0.0033614153525809
FRA,2008,C16,5154.9,2636776.2,0.0019550009591257
FRA,2008,C17_18,13449.1,2636776.2,0.0051005845699001
FRA,2008,C19,3148.5,2636776.2,0.0011940717608115
FRA,2008,C20,22314.7,2636776.2,0.0084628721997718
FRA,2008,C21,18222.5,2636776.2,0.0069109012740633
FRA,2008,C22,18217.8,2636776.2,0.0069091187943823
FRA,2008,C23,12999.4,2636776.2,0.0049300353970124
FRA,2008,C24,12122.9,2636776.2,0.0045976218990447
FRA,2008,C25,28466.5,2636776.2,0.01079594847678
FRA,2008,C26,18090.0,2636776.2,0.0068606505170973
FRA,2008,C27,11337.8,2636776.2,0.0042998719421087
FRA,2008,C28,20151.3,2636776.2,0.0076424005950903
FRA,2008,C29,21935.8,2636776.2,0.0083191739973987
FRA,2008,C30,17079.1,2636776.2,0.0064772656852712
FRA,2008,C31T33,37229.8,2636776.2,0.014119438729764
FRA,2008,D,36736.2,2636776.2,0.0139322404381532
FRA,2008,E,18647.2,2636776.2,0.0070719691720518
FRA,2008,F,167021.6,2636776.2,0.0633431081485034
FRA,2008,G,290734.2,2636776.2,0.110261234912542
FRA,2008,H49,58586.6,2636776.2,0.0222190264004961
FRA,2008,H50,2004.9,2636776.2,0.0007603603218202
FRA,2008,H51,7882.9,2636776.2,0.0029895976761319
FRA,2008,H52,38474.1,2636776.2,0.0145913407440494
FRA,2008,H53,13738.0,2636776.2,0.0052101501826359
FRA,2008,I,65728.2,2636776.2,0.0249274853133155
FRA,2008,J58T60,30635.3,2636776.2,0.0116184680368398
FRA,2008,J61,46647.1,2636776.2,0.0176909591341123
FRA,2008,J62_63,60900.9,2636776.2,0.0230967269804695
FRA,2008,K,93995.6,2636776.2,0.035647924916798
FRA,2008,L,346079.7,2636776.2,0.1312510709099998
FRA,2008,M,198109.7,2636776.2,0.0751333010363185
FRA,2008,N,148655.8,2636776.2,0.0563778602067175
FRA,2008,O,204832.1,2636776.2,0.0776827779316272
FRA,2008,P,136458.6,2636776.2,0.0517520599586722
FRA,2008,Q,219148.0,2636776.2,0.0831120972648342
FRA,2008,R,33819.0,2636776.2,0.0128258894327095
FRA,2008,S,38735.5,2636776.2,0.014690476954396
FRA,2008,T,5952.1,2636776.2,0.002257339853113
FRA,2008,HFCE,0.0,2636776.2,0.0
FRA,2009,A01_02,34779.1,2441193.1,0.0142467631913264
FRA,2009,A03,959.3,2441193.1,0.0003929635881733
FRA,2009,B05_06,362.7,2441193.1,0.0001485748915151
FRA,2009,B07_08,2608.2,2441193.1,0.0010684119990344
FRA,2009,B09,89.3,2441193.1,3.658047370361648e-05
FRA,2009,C10T12,52825.0,2441193.1,0.0216390092205323
FRA,2009,C13T15,7147.8,2441193.1,0.0029279945121916
FRA,2009,C16,4449.9,2441193.1,0.001822838185148
FRA,2009,C17_18,11782.3,2441193.1,0.0048264514593294
FRA,2009,C19,2207.0,2441193.1,0.0009040661306145
FRA,2009,C20,20564.7,2441193.1,0.0084240365909603
FRA,2009,C21,16645.8,2441193.1,0.0068187149963679
FRA,2009,C22,15938.8,2441193.1,0.0065291025113908
FRA,2009,C23,10775.0,2441193.1,0.0044138253544957
FRA,2009,C24,8664.5,2441193.1,0.0035492890750838
FRA,2009,C25,25238.4,2441193.1,0.0103385512600375
FRA,2009,C26,15082.5,2441193.1,0.0061783314068846
FRA,2009,C27,9974.5,2441193.1,0.0040859119256071
FRA,2009,C28,15811.4,2441193.1,0.006476914915088
FRA,2009,C29,17309.4,2441193.1,0.0070905492891979
FRA,2009,C30,15515.2,2441193.1,0.0063555808018628
FRA,2009,C31T33,36076.2,2441193.1,0.0147781017404972
FRA,2009,D,36142.6,2441193.1,0.0148053015552108
FRA,2009,E,17396.5,2441193.1,0.0071262285642213
FRA,2009,F,151781.2,2441193.1,0.0621750077861517
FRA,2009,G,268177.9,2441193.1,0.1098552588895978
FRA,2009,H49,54186.8,2441193.1,0.0221968512036184
FRA,2009,H50,551.6,2441193.1,0.000225955087289
FRA,2009,H51,6657.7,2441193.1,0.0027272320243736
FRA,2009,H52,36843.5,2441193.1,0.015092415262029
FRA,2009,H53,12432.0,2441193.1,0.0050925918150432
FRA,2009,I,61641.3,2441193.1,0.0252504810045547
FRA,2009,J58T60,28558.1,2441193.1,0.0116984191049859
FRA,2009,J61,44048.9,2441193.1,0.0180440047942131
FRA,2009,J62_63,55345.9,2441193.1,0.0226716600173906
FRA,2009,K,96508.7,2441193.1,0.0395334150338209
FRA,2009,L,314703.3,2441193.1,0.1289137266527584
FRA,2009,M,181467.7,2441193.1,0.0743356598869626
FRA,2009,N,126688.9,2441193.1,0.0518963043111993
FRA,2009,O,201009.1,2441193.1,0.0823405162008691
FRA,2009,P,132455.4,2441193.1,0.0542584689429115
FRA,2009,Q,215348.0,2441193.1,0.088214242453823
FRA,2009,R,32519.3,2441193.1,0.0133210682923853
FRA,2009,S,36366.3,2441193.1,0.0148969370755635
FRA,2009,T,5555.4,2441193.1,0.0022756905219828
FRA,2009,HFCE,0.0,2441193.1,0.0
FRA,2010,A01_02,41508.2,2383500.9,0.0174148035773764
FRA,2010,A03,923.7,2383500.9,0.0003875391865805
FRA,2010,B05_06,466.8,2383500.9,0.0001958463703537
FRA,2010,B07_08,2451.3,2383500.9,0.0010284451749105
FRA,2010,B09,65.0,2383500.9,2.7270809925014085e-05
FRA,2010,C10T12,49133.1,2383500.9,0.0206138374019493
FRA,2010,C13T15,6542.6,2383500.9,0.0027449538617753
FRA,2010,C16,3806.4,2383500.9,0.0015969786292088
FRA,2010,C17_18,10702.6,2383500.9,0.0044902856969762
FRA,2010,C19,2445.7,2383500.9,0.0010260956897477
FRA,2010,C20,19251.3,2383500.9,0.0080769006632219
FRA,2010,C21,15611.1,2383500.9,0.0065496513972367
FRA,2010,C22,13815.1,2383500.9,0.0057961379414624
FRA,2010,C23,10117.4,2383500.9,0.0042447644974667
FRA,2010,C24,8484.8,2383500.9,0.0035598056623347
FRA,2010,C25,25014.1,2383500.9,0.0104946887160814
FRA,2010,C26,15193.8,2383500.9,0.0063745727975181
FRA,2010,C27,9382.6,2383500.9,0.0039364784800374
FRA,2010,C28,14946.9,2383500.9,0.0062709856748952
FRA,2010,C29,19028.2,2383500.9,0.0079832988525408
FRA,2010,C30,15061.7,2383500.9,0.006319150120732
FRA,2010,C31T33,34656.4,2383500.9,0.0145401245705424
FRA,2010,D,34098.8,2383500.9,0.014306182976478
FRA,2010,E,18473.6,2383500.9,0.0077506159112421
FRA,2010,F,143336.5,2383500.9,0.0601369607202581
FRA,2010,G,251390.3,2383500.9,0.1054710321275733
FRA,2010,H49,50805.3,2383500.9,0.0213154104535895
FRA,2010,H50,3124.6,2383500.9,0.0013109288106415
FRA,2010,H51,7698.1,2383500.9,0.0032297449520577
FRA,2010,H52,37044.8,2383500.9,0.015542179992464
FRA,2010,H53,11361.8,2383500.9,0.004766853664708
FRA,2010,I,62607.4,2383500.9,0.0262669923892204
FRA,2010,J58T60,28243.9,2383500.9,0.0118497542837093
FRA,2010,J61,40066.1,2383500.9,0.0168097691928708
FRA,2010,J62_63,54044.7,2383500.9,0.0226745037100678
FRA,2010,K,108215.2,2383500.9,0.0454017869261136
FRA,2010,L,301698.9,2383500.9,0.1265780516382435
FRA,2010,M,179663.5,2383500.9,0.0753779870609656
FRA,2010,N,125804.5,2383500.9,0.0527813939570989
FRA,2010,O,194988.4,2383500.9,0.0818075629843479
FRA,2010,P,128802.1,2383500.9,0.0540390398006562
FRA,2010,Q,210699.0,2383500.9,0.088398959698316
FRA,2010,R,32228.7,2383500.9,0.0135215807973892
FRA,2010,S,35206.3,2383500.9,0.014770835622508
FRA,2010,T,5289.6,2383500.9,0.0022192565566054
FRA,2010,HFCE,0.0,2383500.9,0.0
FRA,2011,A01_02,46255.7,2573823.1,0.0179715925309707
FRA,2011,A03,1039.6,2573823.1,0.0004039127630799
FRA,2011,B05_06,454.2,2573823.1,0.000176469004416
FRA,2011,B07_08,2613.0,2573823.1,0.0010152212869641
FRA,2011,B09,51.5,2573823.1,2.0009145150651573e-05
FRA,2011,C10T12,54531.3,2573823.1,0.0211868873194898
FRA,2011,C13T15,7331.6,2573823.1,0.0028485252152721
FRA,2011,C16,4596.0,2573823.1,0.0017856705070367
FRA,2011,C17_18,11585.0,2573823.1,0.0045010863411708
FRA,2011,C19,3107.2,2573823.1,0.0012072313749923
FRA,2011,C20,21999.5,2573823.1,0.0085474017231409
FRA,2011,C21,16678.5,2573823.1,0.0064800490756338
FRA,2011,C22,15282.2,2573823.1,0.0059375486994424
FRA,2011,C23,11211.0,2573823.1,0.0043557772093971
FRA,2011,C24,10343.1,2573823.1,0.0040185745477224
FRA,2011,C25,27029.2,2573823.1,0.0105015764292425
FRA,2011,C26,15397.7,2573823.1,0.0059824235783725
FRA,2011,C27,9676.6,2573823.1,0.0037596212420348
FRA,2011,C28,17239.5,2573823.1,0.0066980127732943
FRA,2011,C29,19663.1,2573823.1,0.0076396470293548
FRA,2011,C30,14494.1,2573823.1,0.0056313504995739
FRA,2011,C31T33,37781.9,2573823.1,0.0146792916731534
FRA,2011,D,38510.8,2573823.1,0.0149624890692759
FRA,2011,E,20237.3,2573823.1,0.0078627392846073
FRA,2011,F,155429.5,2573823.1,0.0603885713823922
FRA,2011,G,271054.5,2573823.1,0.1053120161987822
FRA,2011,H49,54135.4,2573823.1,0.0210330694444385
FRA,2011,H50,1060.7,2573823.1,0.0004121106846853
FRA,2011,H51,7898.4,2573823.1,0.0030687423700564
FRA,2011,H52,40784.6,2573823.1,0.015845921967209
FRA,2011,H53,11773.3,2573823.1,0.004574245992275
FRA,2011,I,68870.0,2573823.1,0.0267578607092305
FRA,2011,J58T60,31154.6,2573823.1,0.0121044060875823
FRA,2011,J61,40483.7,2573823.1,0.0157290141657365
FRA,2011,J62_63,58445.3,2573823.1,0.0227075823509393
FRA,2011,K,109791.5,2573823.1,0.0426569720351021
FRA,2011,L,325119.2,2573823.1,0.1263176167779363
FRA,2011,M,198201.3,2573823.1,0.0770065743834531
FRA,2011,N,138896.9,2573823.1,0.0539652084092337
FRA,2011,O,209596.6,2573823.1,0.0814339571355933
FRA,2011,P,137906.2,2573823.1,0.0535802946208696
FRA,2011,Q,229264.5,2573823.1,0.0890754690949817
FRA,2011,R,34707.7,2573823.1,0.0134848816921411
FRA,2011,S,36658.1,2573823.1,0.0142426649290699
FRA,2011,T,5481.5,2573823.1,0.0021297112455009
FRA,2011,HFCE,0.0,2573823.1,0.0
FRA,2012,A01_02,43002.1,2410038.4,0.0178429107187669
FRA,2012,A03,801.4,2410038.4,0.0003325258219952
FRA,2012,B05_06,480.8,2410038.4,0.0001994988959512
FRA,2012,B07_08,2316.9,2410038.4,0.0009613539767665
FRA,2012,B09,48.8,2410038.4,2.0248640021669363e-05
FRA,2012,C10T12,51386.8,2410038.4,0.021321983915277
FRA,2012,C13T15,7006.8,2410038.4,0.0029073395677014
FRA,2012,C16,4103.1,2410038.4,0.0017025039932973
FRA,2012,C17_18,10662.2,2410038.4,0.0044240788860459
FRA,2012,C19,3337.2,2410038.4,0.0013847082270556
FRA,2012,C20,20564.2,2410038.4,0.0085327271133937
FRA,2012,C21,15139.1,2410038.4,0.0062816841424601
FRA,2012,C22,14151.8,2410038.4,0.0058720226200545
FRA,2012,C23,9957.1,2410038.4,0.0041315109336017
FRA,2012,C24,7702.8,2410038.4,0.003196131646699
FRA,2012,C25,25077.0,2410038.4,0.0104052283980205
FRA,2012,C26,14125.0,2410038.4,0.0058609024652885
FRA,2012,C27,9110.3,2410038.4,0.003780147237488
FRA,2012,C28,16114.2,2410038.4,0.0066862835048603
FRA,2012,C29,16490.1,2410038.4,0.0068422561233879
FRA,2012,C30,17052.9,2410038.4,0.0070757793734738
FRA,2012,C31T33,36189.6,2410038.4,0.0150161922731189
FRA,2012,D,39496.5,2410038.4,0.0163883280863906
FRA,2012,E,18291.3,2410038.4,0.0075896301071385
FRA,2012,F,140880.1,2410038.4,0.0584555416212455
FRA,2012,G,253335.1,2410038.4,0.1051166238679018
FRA,2012,H49,50676.0,2410038.4,0.0210270508552892
FRA,2012,H50,2179.5,2410038.4,0.0009043424370333
FRA,2012,H51,7595.3,2410038.4,0.0031515265482906
FRA,2012,H52,37728.4,2410038.4,0.0156546883236383
FRA,2012,H53,10603.3,2410038.4,0.0043996394414296
FRA,2012,I,64563.8,2410038.4,0.0267895316522757
FRA,2012,J58T60,28946.5,2410038.4,0.0120108044751486
FRA,2012,J61,35192.1,2410038.4,0.0146022984530039
FRA,2012,J62_63,56071.7,2410038.4,0.023265894850472
FRA,2012,K,102060.2,2410038.4,0.0423479559495815
FRA,2012,L,307402.2,2410038.4,0.1275507477391231
FRA,2012,M,185939.3,2410038.4,0.0771520072045325
FRA,2012,N,127314.4,2410038.4,0.052826710147025
FRA,2012,O,197942.8,2410038.4,0.0821326332393707
FRA,2012,P,129275.5,2410038.4,0.0536404316213384
FRA,2012,Q,217374.0,2410038.4,0.0901952433620974
FRA,2012,R,32603.9,2410038.4,0.013528373655789
FRA,2012,S,34799.9,2410038.4,0.0144395624567641
FRA,2012,T,4946.4,2410038.4,0.0020524154303931
FRA,2012,HFCE,0.0,2410038.4,0.0
FRA,2013,A01_02,40187.5,2524246.9,0.0159205900183535
FRA,2013,A03,843.2,2524246.9,0.0003340402240367
FRA,2013,B05_06,340.4,2524246.9,0.0001348521018288
FRA,2013,B07_08,2408.7,2524246.9,0.0009542251988107
FRA,2013,B09,55.8,2524246.9,2.210560306125364e-05
FRA,2013,C10T12,55313.4,2524246.9,0.0219128326947732
FRA,2013,C13T15,7005.6,2524246.9,0.0027753228101419
FRA,2013,C16,4251.6,2524246.9,0.0016843043364735
FRA,2013,C17_18,10666.8,2524246.9,0.004225735604548
FRA,2013,C19,3251.5,2524246.9,0.0012881069597431
FRA,2013,C20,23504.2,2524246.9,0.0093113712450236
FRA,2013,C21,15946.3,2524246.9,0.0063172505035066
FRA,2013,C22,14525.2,2524246.9,0.0057542707094143
FRA,2013,C23,10183.4,2524246.9,0.0040342329429026
FRA,2013,C24,8044.4,2524246.9,0.0031868514922213
FRA,2013,C25,26096.4,2524246.9,0.0103382913929695
FRA,2013,C26,14741.3,2524246.9,0.0058398804015565
FRA,2013,C27,9402.7,2524246.9,0.0037249525789256
FRA,2013,C28,16068.3,2524246.9,0.006365581750343
FRA,2013,C29,16676.2,2524246.9,0.0066064060532272
FRA,2013,C30,18341.4,2524246.9,0.0072660879567684
FRA,2013,C31T33,37305.5,2524246.9,0.0147788633512831
FRA,2013,D,43781.9,2524246.9,0.0173445394743279
FRA,2013,E,18979.6,2524246.9,0.0075189158398094
FRA,2013,F,148710.2,2524246.9,0.058912699863076
FRA,2013,G,262388.0,2524246.9,0.1039470425812942
FRA,2013,H49,53765.8,2524246.9,0.0212997389439202
FRA,2013,H50,2117.8,2524246.9,0.0008389829061491
FRA,2013,H51,7991.6,2524246.9,0.0031659343624429
FRA,2013,H52,38218.2,2524246.9,0.0151404365397061
FRA,2013,H53,10505.7,2524246.9,0.0041619145892582
FRA,2013,I,67838.2,2524246.9,0.0268746294191744
FRA,2013,J58T60,30122.3,2524246.9,0.0119331829227957
FRA,2013,J61,34779.9,2524246.9,0.0137783273102167
FRA,2013,J62_63,58780.2,2524246.9,0.0232862324204498
FRA,2013,K,111606.9,2524246.9,0.0442139396110578
FRA,2013,L,322041.8,2524246.9,0.1275793584217138
FRA,2013,M,194032.8,2524246.9,0.0768675995997063
FRA,2013,N,131874.2,2524246.9,0.0522429877996482
FRA,2013,O,208283.7,2524246.9,0.0825132042352909
FRA,2013,P,135599.3,2524246.9,0.0537187150749793
FRA,2013,Q,231237.2,2524246.9,0.0916064114013569
FRA,2013,R,35192.9,2524246.9,0.0139419404654909
FRA,2013,S,36344.8,2524246.9,0.0143982745903342
FRA,2013,T,4894.1,2524246.9,0.0019388356978867
FRA,2013,HFCE,0.0,2524246.9,0.0
FRA,2014,A01_02,43540.6,2561687.4,0.0169968435649096
FRA,2014,A03,931.5,2561687.4,0.0003636275058385
FRA,2014,B05_06,443.0,2561687.4,0.0001729328879081
FRA,2014,B07_08,2287.5,2561687.4,0.0008929660972685
FRA,2014,B09,172.8,2561687.4,6.74555373149745e-05
FRA,2014,C10T12,56997.5,2561687.4,0.0222499825700825
FRA,2014,C13T15,6709.5,2561687.4,0.0026191720348079
FRA,2014,C16,3857.3,2561687.4,0.0015057653014181
FRA,2014,C17_18,10969.1,2561687.4,0.0042819822590375
FRA,2014,C19,3005.9,2561687.4,0.0011734062477724
FRA,2014,C20,24194.6,2561687.4,0.0094447901800976
FRA,2014,C21,15307.6,2561687.4,0.0059755924942286
FRA,2014,C22,14328.1,2561687.4,0.0055932273391359
FRA,2014,C23,10291.1,2561687.4,0.0040173129633225
FRA,2014,C24,7740.0,2561687.4,0.0030214459422332
FRA,2014,C25,25774.2,2561687.4,0.0100614149876366
FRA,2014,C26,14784.5,2561687.4,0.0057713911541275
FRA,2014,C27,9197.9,2561687.4,0.003590563001559
FRA,2014,C28,16597.3,2561687.4,0.0064790497076263
FRA,2014,C29,16725.5,2561687.4,0.0065290948458426
FRA,2014,C30,19206.2,2561687.4,0.0074974799813591
FRA,2014,C31T33,38138.2,2561687.4,0.0148879211413539
FRA,2014,D,45304.8,2561687.4,0.0176855302485385
FRA,2014,E,18749.6,2561687.4,0.0073192380928289
FRA,2014,F,146364.9,2561687.4,0.0571361283191696
FRA,2014,G,263547.9,2561687.4,0.1028805856639651
FRA,2014,H49,55066.5,2561687.4,0.0214961825552953
FRA,2014,H50,2705.8,2561687.4,0.0010562569031646
FRA,2014,H51,8190.6,2561687.4,0.0031973456246066
FRA,2014,H52,39798.1,2561687.4,0.0155358924746243
FRA,2014,H53,10692.9,2561687.4,0.0041741627022875
FRA,2014,I,67653.1,2561687.4,0.0264095845574288
FRA,2014,J58T60,31101.6,2561687.4,0.0121410598342327
FRA,2014,J61,32078.2,2561687.4,0.0125222929230162
FRA,2014,J62_63,62242.0,2561687.4,0.0242972659349458
FRA,2014,K,115620.1,2561687.4,0.0451343516777261
FRA,2014,L,326882.5,2561687.4,0.1276043673400587
FRA,2014,M,197710.1,2561687.4,0.077179635579267
FRA,2014,N,134889.3,2561687.4,0.0526564248237314
FRA,2014,O,210250.2,2561687.4,0.0820748854836854
FRA,2014,P,137510.1,2561687.4,0.0536795004730085
FRA,2014,Q,236691.8,2561687.4,0.0923968318694935
FRA,2014,R,36131.4,2561687.4,0.0141045312554529
FRA,2014,S,36519.4,2561687.4,0.0142559939202574
FRA,2014,T,4786.6,2561687.4,0.0018685339983325
FRA,2014,HFCE,0.0,2561687.4,0.0
FRA,2015,A01_02,38395.5,2183785.2,0.017582086370033
FRA,2015,A03,783.5,2183785.2,0.0003587807079194
FRA,2015,B05_06,273.5,2183785.2,0.0001252412554128
FRA,2015,B07_08,1808.0,2183785.2,0.0008279202551606
FRA,2015,B09,76.6,2183785.2,3.507670992549999e-05
FRA,2015,C10T12,48684.0,2183785.2,0.0222934013839822
FRA,2015,C13T15,5820.8,2183785.2,0.0026654636179419
FRA,2015,C16,3239.8,2183785.2,0.0014835708200605
FRA,2015,C17_18,9071.0,2183785.2,0.0041537968111515
FRA,2015,C19,2913.6,2183785.2,0.0013341971545553
FRA,2015,C20,21748.5,2183785.2,0.0099590838879208
FRA,2015,C21,13776.8,2183785.2,0.0063086790770447
FRA,2015,C22,12350.4,2183785.2,0.0056555012828184
FRA,2015,C23,8660.9,2183785.2,0.0039660036161065
FRA,2015,C24,6949.6,2183785.2,0.0031823642728231
FRA,2015,C25,21757.0,2183785.2,0.0099629762121292
FRA,2015,C26,12760.7,2183785.2,0.0058433860619625
FRA,2015,C27,7538.5,2183785.2,0.003452033652394
FRA,2015,C28,13513.3,2183785.2,0.006188017026583
FRA,2015,C29,14687.9,2183785.2,0.0067258904401403
FRA,2015,C30,18516.5,2183785.2,0.0084790848477222
FRA,2015,C31T33,32688.0,2183785.2,0.0149685051441872
FRA,2015,D,39220.4,2183785.2,0.0179598249864501
FRA,2015,E,15688.6,2183785.2,0.0071841314795979
FRA,2015,F,119742.2,2183785.2,0.0548324075096763
FRA,2015,G,228358.9,2183785.2,0.1045702205509955
FRA,2015,H49,47546.4,2183785.2,0.021772471028744
FRA,2015,H50,2391.2,2183785.2,0.0010949794879093
FRA,2015,H51,8143.4,2183785.2,0.0037290297598866
FRA,2015,H52,33537.2,2183785.2,0.0153573712286354
FRA,2015,H53,8958.2,2183785.2,0.004102143379303
FRA,2015,I,57873.6,2183785.2,0.026501507565854
FRA,2015,J58T60,26494.7,2183785.2,0.0121324661418165
FRA,2015,J61,27550.1,2183785.2,0.0126157554323566
FRA,2015,J62_63,54732.6,2183785.2,0.0250631792907104
FRA,2015,K,97245.3,2183785.2,0.0445306159232144
FRA,2015,L,278060.6,2183785.2,0.1273296476228522
FRA,2015,M,169050.6,2183785.2,0.0774117344508058
FRA,2015,N,116339.8,2183785.2,0.0532743788171107
FRA,2015,O,174385.2,2183785.2,0.0798545571240248
FRA,2015,P,116840.6,2183785.2,0.0535037054010623
FRA,2015,Q,201100.9,2183785.2,0.0920882236952608
FRA,2015,R,30623.6,2183785.2,0.0140231740740801
FRA,2015,S,30036.7,2183785.2,0.0137544205354995
FRA,2015,T,3850.0,2183785.2,0.0017629939061772
FRA,2015,HFCE,0.0,2183785.2,0.0
FRA,2016,A01_02,34683.9,2210722.3,0.015688944739916
FRA,2016,A03,862.3,2210722.3,0.0003900535132793
FRA,2016,B05_06,220.6,2210722.3,9.978639108132216e-05
FRA,2016,B07_08,1720.5,2210722.3,0.0007782524290816
FRA,2016,B09,110.7,2210722.3,5.0074131879883786e-05
FRA,2016,C10T12,49451.2,2210722.3,0.0223687977454246
FRA,2016,C13T15,5789.0,2210722.3,0.0026186011694006
FRA,2016,C16,3278.2,2210722.3,0.0014828637680996
FRA,2016,C17_18,9149.8,2210722.3,0.0041388282915497
FRA,2016,C19,2942.3,2210722.3,0.0013309224772374
FRA,2016,C20,20979.5,2210722.3,0.0094898848218068
FRA,2016,C21,13853.0,2210722.3,0.0062662777681303
FRA,2016,C22,12454.3,2210722.3,0.0056335886239533
FRA,2016,C23,8645.6,2210722.3,0.0039107580359595
FRA,2016,C24,6392.3,2210722.3,0.0028914984030332
FRA,2016,C25,21647.6,2210722.3,0.0097920937423936
FRA,2016,C26,13097.2,2210722.3,0.005924398555169
FRA,2016,C27,7607.0,2210722.3,0.0034409568311678
FRA,2016,C28,13102.7,2210722.3,0.0059268864298333
FRA,2016,C29,14889.9,2210722.3,0.0067353099934804
FRA,2016,C30,18491.3,2210722.3,0.008364370323672
FRA,2016,C31T33,32650.0,2210722.3,0.0147689286890533
FRA,2016,D,39108.7,2210722.3,0.0176904625243975
FRA,2016,E,15748.7,2210722.3,0.0071237803137915
FRA,2016,F,119969.3,2210722.3,0.0542670149027763
FRA,2016,G,230286.9,2210722.3,0.1041681716423632
FRA,2016,H49,48661.7,2210722.3,0.0220116746458838
FRA,2016,H50,1363.4,2210722.3,0.0006167215122405
FRA,2016,H51,8037.4,2210722.3,0.0036356443321714
FRA,2016,H52,34698.1,2210722.3,0.0156953679799584
FRA,2016,H53,8891.4,2210722.3,0.0040219434164119
FRA,2016,I,60340.3,2210722.3,0.0272943824739995
FRA,2016,J58T60,27111.4,2210722.3,0.0122635936680061
FRA,2016,J61,27254.9,2210722.3,0.0123285045797023
FRA,2016,J62_63,58534.3,2210722.3,0.026477454902409
FRA,2016,K,95318.0,2210722.3,0.0431162249550746
FRA,2016,L,284806.1,2210722.3,0.1288294328057395
FRA,2016,M,173278.9,2210722.3,0.0783811245763432
FRA,2016,N,121997.7,2210722.3,0.0551845430789746
FRA,2016,O,175027.1,2210722.3,0.079171906846916
FRA,2016,P,118422.6,2210722.3,0.0535673793130869
FRA,2016,Q,204682.4,2210722.3,0.0925862103982938
FRA,2016,R,31041.3,2210722.3,0.0140412479667844
FRA,2016,S,30385.9,2210722.3,0.013744783774968
FRA,2016,T,3736.9,2210722.3,0.0016903525151033
FRA,2016,HFCE,0.0,2210722.3,0.0
FRA,2017,A01_02,39087.8,2312384.6,0.016903675971549
FRA,2017,A03,954.8,2312384.6,0.0004129070916663
FRA,2017,B05_06,198.1,2312384.6,8.566913998648841e-05
FRA,2017,B07_08,1765.3,2312384.6,0.0007634110692486
FRA,2017,B09,146.9,2312384.6,6.35274945179967e-05
FRA,2017,C10T12,50752.7,2312384.6,0.0219482087884515
FRA,2017,C13T15,6070.2,2312384.6,0.0026250823500554
FRA,2017,C16,3507.8,2312384.6,0.0015169621869995
FRA,2017,C17_18,9251.9,2312384.6,0.0040010212833972
FRA,2017,C19,3095.3,2312384.6,0.0013385749066137
FRA,2017,C20,23207.4,2312384.6,0.0100361332626069
FRA,2017,C21,14086.1,2312384.6,0.0060915904733148
FRA,2017,C22,12268.6,2312384.6,0.0053056053045847
FRA,2017,C23,9017.4,2312384.6,0.0038996108173354
FRA,2017,C24,7023.8,2312384.6,0.003037470496906
FRA,2017,C25,22608.8,2312384.6,0.0097772662903913
FRA,2017,C26,13564.6,2312384.6,0.0058660657055059
FRA,2017,C27,7868.9,2312384.6,0.0034029373833401
FRA,2017,C28,13106.9,2312384.6,0.0056681315037299
FRA,2017,C29,15541.9,2312384.6,0.0067211570255224
FRA,2017,C30,18757.9,2312384.6,0.0081119291315121
FRA,2017,C31T33,33499.6,2312384.6,0.0144870364557868
FRA,2017,D,37460.3,2312384.6,0.0161998570652996
FRA,2017,E,17023.8,2312384.6,0.0073620106274708
FRA,2017,F,127855.8,2312384.6,0.0552917538025465
FRA,2017,G,240665.4,2312384.6,0.1040767180338426
FRA,2017,H49,50501.5,2312384.6,0.0218395763403717
FRA,2017,H50,1828.5,2312384.6,0.0007907421628737
FRA,2017,H51,8375.5,2312384.6,0.0036220185863545
FRA,2017,H52,37070.3,2312384.6,0.0160312000002075
FRA,2017,H53,9199.4,2312384.6,0.0039783174477117
FRA,2017,I,62705.0,2312384.6,0.0271170288887064
FRA,2017,J58T60,29677.6,2312384.6,0.0128341972178849
FRA,2017,J61,28076.2,2312384.6,0.0121416653613763
FRA,2017,J62_63,62956.5,2312384.6,0.0272257910729901
FRA,2017,K,89773.2,2312384.6,0.0388227806049218
FRA,2017,L,298752.7,2312384.6,0.1291968040264582
FRA,2017,M,185234.5,2312384.6,0.0801054028815102
FRA,2017,N,131360.0,2312384.6,0.056807159155099
FRA,2017,O,181815.4,2312384.6,0.0786267993654688
FRA,2017,P,125028.1,2312384.6,0.0540689035898267
FRA,2017,Q,213021.9,2312384.6,0.0921221755239158
FRA,2017,R,33274.5,2312384.6,0.0143896910574477
FRA,2017,S,31526.4,2312384.6,0.0136337181972237
FRA,2017,T,3819.4,2312384.6,0.0016517148574679
FRA,2017,HFCE,0.0,2312384.6,0.0
FRA,2018,A01_02,45125.5,2483078.4,0.0181732079019333
FRA,2018,A03,913.0,2483078.4,0.0003676887527997
FRA,2018,B05_06,253.0,2483078.4,0.0001018896543902
FRA,2018,B07_08,1819.3,2483078.4,0.0007326792420247
FRA,2018,B09,180.8,2483078.4,7.281284392792431e-05
FRA,2018,C10T12,52850.4,2483078.4,0.0212842252584533
FRA,2018,C13T15,6559.4,2483078.4,0.0026416403122833
FRA,2018,C16,3611.7,2483078.4,0.0014545251571597
FRA,2018,C17_18,9775.9,2483078.4,0.0039370081911227
FRA,2018,C19,2348.6,2483078.4,0.0009458420644309
FRA,2018,C20,23548.3,2483078.4,0.0094835104682961
FRA,2018,C21,14872.7,2483078.4,0.0059896215922944
FRA,2018,C22,13491.4,2483078.4,0.005433336297396
FRA,2018,C23,9518.4,2483078.4,0.0038333062701524
FRA,2018,C24,7040.9,2483078.4,0.0028355528363502
FRA,2018,C25,23774.1,2483078.4,0.0095744459780246
FRA,2018,C26,14278.9,2483078.4,0.0057504829489072
FRA,2018,C27,8381.2,2483078.4,0.0033753263690747
FRA,2018,C28,13851.2,2483078.4,0.0055782370786198
FRA,2018,C29,15763.2,2483078.4,0.0063482490121938
FRA,2018,C30,22796.7,2483078.4,0.0091808216768346
FRA,2018,C31T33,35992.7,2483078.4,0.0144951927413971
FRA,2018,D,42527.5,2483078.4,0.0171269259963761
FRA,2018,E,18030.1,2483078.4,0.007261188370049
FRA,2018,F,138685.6,2483078.4,0.0558522840035981
FRA,2018,G,256498.6,2483078.4,0.1032986312474064
FRA,2018,H49,52176.9,2483078.4,0.0210129893603037
FRA,2018,H50,1465.2,2483078.4,0.0005900739984689
FRA,2018,H51,8087.7,2483078.4,0.0032571263154639
FRA,2018,H52,39588.0,2483078.4,0.0159431131936873
FRA,2018,H53,8955.8,2483078.4,0.0036067326750536
FRA,2018,I,69057.6,2483078.4,0.0278112845732136
FRA,2018,J58T60,31775.6,2483078.4,0.0127968573203326
FRA,2018,J61,29661.7,2483078.4,0.0119455350261997
FRA,2018,J62_63,70888.2,2483078.4,0.0285485146179838
FRA,2018,K,101297.1,2483078.4,0.0407949664416556
FRA,2018,L,319074.3,2483078.4,0.1284994867661045
FRA,2018,M,200486.8,2483078.4,0.0807412283075717
FRA,2018,N,145311.6,2483078.4,0.0585207458612664
FRA,2018,O,193131.4,2483078.4,0.0777790181735703
FRA,2018,P,132604.6,2483078.4,0.0534033077650709
FRA,2018,Q,225650.8,2483078.4,0.0908754230232923
FRA,2018,R,36316.5,2483078.4,0.0146255953899804
FRA,2018,S,33205.4,2483078.4,0.0133726748217051
FRA,2018,T,1854.1,2483078.4,0.0007466941035772
FRA,2018,HFCE,0.0,2483078.4,0.0
FRA,2019,A01_02,40624.4,2429974.5,0.0167180355184797
FRA,2019,A03,946.6,2429974.5,0.000389551412988
FRA,2019,B05_06,205.2,2429974.5,8.444533059914826e-05
FRA,2019,B07_08,1776.8,2429974.5,0.0007312010887357
FRA,2019,B09,151.2,2429974.5,6.222287517831976e-05
FRA,2019,C10T12,51867.2,2429974.5,0.0213447507370962
FRA,2019,C13T15,6547.1,2429974.5,0.0026943081089945
FRA,2019,C16,3685.3,2429974.5,0.001516600277081
FRA,2019,C17_18,9213.9,2429974.5,0.0037917681852216
FRA,2019,C19,2034.5,2429974.5,0.0008372515843273
FRA,2019,C20,23409.9,2429974.5,0.0096338047991861
FRA,2019,C21,14372.1,2429974.5,0.0059145065102535
FRA,2019,C22,12864.3,2429974.5,0.0052940061716697
FRA,2019,C23,9659.5,2429974.5,0.0039751445951387
FRA,2019,C24,5529.4,2429974.5,0.0022754971297023
FRA,2019,C25,23085.7,2429974.5,0.0095003877612707
FRA,2019,C26,14885.7,2429974.5,0.0061258667529227
FRA,2019,C27,8011.3,2429974.5,0.0032968658724608
FRA,2019,C28,13792.4,2429974.5,0.0056759443360413
FRA,2019,C29,15346.4,2429974.5,0.0063154572198185
FRA,2019,C30,23076.2,2429974.5,0.0094964782552244
FRA,2019,C31T33,35979.1,2429974.5,0.0148063693672505
FRA,2019,D,44481.5,2429974.5,0.0183053361259552
FRA,2019,E,16877.3,2429974.5,0.006945463830999
FRA,2019,F,139026.2,2429974.5,0.0572130283671701
FRA,2019,G,251986.2,2429974.5,0.1036991128919254
FRA,2019,H49,52691.1,2429974.5,0.0216838077930447
FRA,2019,H50,825.3,2429974.5,0.0003396331936816
FRA,2019,H51,8568.1,2429974.5,0.0035260040794666
FRA,2019,H52,40392.2,2429974.5,0.0166224789601701
FRA,2019,H53,8701.2,2429974.5,0.0035807783168094
FRA,2019,I,70656.0,2429974.5,0.0290768483372973
FRA,2019,J58T60,30789.7,2429974.5,0.0126707914013089
FRA,2019,J61,27962.1,2429974.5,0.011507157791162
FRA,2019,J62_63,71415.0,2429974.5,0.0293891972940456
FRA,2019,K,93267.0,2429974.5,0.0383818842543409
FRA,2019,L,311408.7,2429974.5,0.1281530732112621
FRA,2019,M,199765.6,2429974.5,0.0822089285299084
FRA,2019,N,142631.3,2429974.5,0.0586966241826817
FRA,2019,O,186053.1,2429974.5,0.0765658651973508
FRA,2019,P,127826.7,2429974.5,0.0526041322655855
FRA,2019,Q,217326.6,2429974.5,0.0894357533381523
FRA,2019,R,36381.3,2429974.5,0.0149718855074405
FRA,2019,S,32229.1,2429974.5,0.0132631432963596
FRA,2019,T,1649.0,2429974.5,0.0006786079442397
FRA,2019,HFCE,0.0,2429974.5,0.0
FRA,2020,A01_02,40604.2,2347984.2,0.017293216879398
FRA,2020,A03,875.1,2347984.2,0.0003727026783229
FRA,2020,B05_06,178.1,2347984.2,7.585229917645953e-05
FRA,2020,B07_08,1616.9,2347984.2,0.0006886332540057
FRA,2020,B09,131.2,2347984.2,5.587771842757714e-05
FRA,2020,C10T12,52368.5,2347984.2,0.0223035998283123
FRA,2020,C13T15,5964.6,2347984.2,0.0025403067022341
FRA,2020,C16,3532.9,2347984.2,0.0015046523737255
FRA,2020,C17_18,8377.9,2347984.2,0.0035681245214512
FRA,2020,C19,1297.5,2347984.2,0.0005526016742361
FRA,2020,C20,22381.6,2347984.2,0.0095322617588312
FRA,2020,C21,13748.8,2347984.2,0.0058555760298557
FRA,2020,C22,12214.5,2347984.2,0.0052021218882137
FRA,2020,C23,9188.2,2347984.2,0.0039132290583556
FRA,2020,C24,3659.8,2347984.2,0.0015586987340034
FRA,2020,C25,20338.2,2347984.2,0.0086619833302115
FRA,2020,C26,13407.8,2347984.2,0.0057103450696133
FRA,2020,C27,7435.3,2347984.2,0.0031666737791506
FRA,2020,C28,12929.8,2347984.2,0.0055067661869274
FRA,2020,C29,12444.9,2347984.2,0.0053002486132572
FRA,2020,C30,11263.6,2347984.2,0.004797136198787
FRA,2020,C31T33,34387.8,2347984.2,0.0146456692510963
FRA,2020,D,47487.2,2347984.2,0.0202246676106253
FRA,2020,E,16968.1,2347984.2,0.0072266670278275
FRA,2020,F,124621.6,2347984.2,0.0530759959969066
FRA,2020,G,236897.1,2347984.2,0.1008938220282743
FRA,2020,H49,49221.7,2347984.2,0.0209633863805386
FRA,2020,H50,2714.0,2347984.2,0.0011558851205216
FRA,2020,H51,4622.4,2347984.2,0.0019686674211862
FRA,2020,H52,36303.6,2347984.2,0.0154616031913673
FRA,2020,H53,8803.1,2347984.2,0.0037492160296478
FRA,2020,I,46740.7,2347984.2,0.0199067353178952
FRA,2020,J58T60,29571.9,2347984.2,0.0125945907131743
FRA,2020,J61,28470.0,2347984.2,0.0121252945398865
FRA,2020,J62_63,74096.3,2347984.2,0.0315574099689427
FRA,2020,K,93530.6,2347984.2,0.0398344247802008
FRA,2020,L,315360.1,2347984.2,0.1343109974930836
FRA,2020,M,197865.6,2347984.2,0.0842704137446921
FRA,2020,N,134600.4,2347984.2,0.0573259394164577
FRA,2020,O,192644.0,2347984.2,0.0820465486948336
FRA,2020,P,132139.6,2347984.2,0.0562778914781453
FRA,2020,Q,223451.1,2347984.2,0.0951672076839358
FRA,2020,R,32720.4,2347984.2,0.0139355281862629
FRA,2020,S,29783.4,2347984.2,0.0126846679803041
FRA,2020,T,1024.1,2347984.2,0.0004361613676957
FRA,2020,HFCE,0.0,2347984.2,0.0
DEU,1995,A01_02,25527.5,2342576.9,0.0108971876227414
DEU,1995,A03,208.9,2342576.9,8.9175300926087e-05
DEU,1995,B05_06,9535.9,2342576.9,0.0040706881383488
DEU,1995,B07_08,2969.8,2342576.9,0.0012677492038788
DEU,1995,B09,666.0,2342576.9,0.0002843022997452
DEU,1995,C10T12,47003.8,2342576.9,0.0200649976527985
DEU,1995,C13T15,13753.2,2342576.9,0.0058709705538375
DEU,1995,C16,10520.2,2342576.9,0.0044908664471164
DEU,1995,C17_18,27715.1,2342576.9,0.0118310310325351
DEU,1995,C19,2904.0,2342576.9,0.0012396604781682
DEU,1995,C20,46856.0,2342576.9,0.0200019047400322
DEU,1995,C21,14334.5,2342576.9,0.0061191160896361
DEU,1995,C22,25735.0,2342576.9,0.0109857652912055
DEU,1995,C23,24846.6,2342576.9,0.01060652480608
DEU,1995,C24,22836.0,2342576.9,0.009748239214687
DEU,1995,C25,44519.7,2342576.9,0.0190045842251752
DEU,1995,C26,30641.0,2342576.9,0.0130800401899293
DEU,1995,C27,42315.7,2342576.9,0.0180637399779704
DEU,1995,C28,71504.7,2342576.9,0.0305239499288155
DEU,1995,C29,65128.9,2342576.9,0.0278022463211346
DEU,1995,C30,7503.9,2342576.9,0.0032032673078949
DEU,1995,C31T33,32917.2,2342576.9,0.0140517051969563
DEU,1995,D,41597.9,2342576.9,0.0177573252771339
DEU,1995,E,22925.1,2342576.9,0.0097862742520853
DEU,1995,F,160933.0,2342576.9,0.0686991321394828
DEU,1995,G,241036.3,2342576.9,0.1028936552733871
DEU,1995,H49,44563.3,2342576.9,0.019023196207561
DEU,1995,H50,3403.5,2342576.9,0.0014528872029772
DEU,1995,H51,5323.5,2342576.9,0.0022724974364768
DEU,1995,H52,23340.0,2342576.9,0.0099633869009807
DEU,1995,H53,16440.2,2342576.9,0.0070179980004071
DEU,1995,I,35039.8,2342576.9,0.0149578013853035
DEU,1995,J58T60,29678.4,2342576.9,0.0126691251843215
DEU,1995,J61,39329.3,2342576.9,0.0167889045606144
DEU,1995,J62_63,21522.2,2342576.9,0.0091874038372016
DEU,1995,K,107233.2,2342576.9,0.0457757437973541
DEU,1995,L,252892.3,2342576.9,0.1079547484652478
DEU,1995,M,150618.4,2342576.9,0.0642960322882036
DEU,1995,N,78426.3,2342576.9,0.0334786448205819
DEU,1995,O,161218.8,2342576.9,0.0688211345377818
DEU,1995,P,100796.2,2342576.9,0.0430279151134803
DEU,1995,Q,137956.2,2342576.9,0.0588907881743391
DEU,1995,R,29189.5,2342576.9,0.0124604233910101
DEU,1995,S,63223.8,2342576.9,0.0269889966045511
DEU,1995,T,5946.1,2342576.9,0.0025382731299023
DEU,1995,HFCE,0.0,2342576.9,0.0
DEU,1996,A01_02,25816.9,2263719.5,0.0114046373678364
DEU,1996,A03,208.3,2263719.5,9.20167008324132e-05
DEU,1996,B05_06,4802.5,2263719.5,0.0021215084289374
DEU,1996,B07_08,2292.7,2263719.5,0.0010128021603383
DEU,1996,B09,336.6,2263719.5,0.0001486933341343
DEU,1996,C10T12,43500.3,2263719.5,0.0192162942449362
DEU,1996,C13T15,12467.0,2263719.5,0.0055073077737767
DEU,1996,C16,9451.7,2263719.5,0.0041752964534696
DEU,1996,C17_18,25851.7,2263719.5,0.0114200102972121
DEU,1996,C19,3799.1,2263719.5,0.0016782556319367
DEU,1996,C20,43713.9,2263719.5,0.0193106522252425
DEU,1996,C21,14034.5,2263719.5,0.0061997522219515
DEU,1996,C22,24636.4,2263719.5,0.0108831504963402
DEU,1996,C23,22170.8,2263719.5,0.0097939696150516
DEU,1996,C24,19973.7,2263719.5,0.0088233988354122
DEU,1996,C25,42186.7,2263719.5,0.0186360103360862
DEU,1996,C26,28505.7,2263719.5,0.0125924170375349
DEU,1996,C27,40121.5,2263719.5,0.0177237064927876
DEU,1996,C28,68904.1,2263719.5,0.0304384443390623
DEU,1996,C29,61522.9,2263719.5,0.0271777930083652
DEU,1996,C30,8337.2,2263719.5,0.003682965137686
DEU,1996,C31T33,31785.0,2263719.5,0.0140410505806925
DEU,1996,D,44979.9,2263719.5,0.0198699087939119
DEU,1996,E,21904.4,2263719.5,0.0096762871901752
DEU,1996,F,145358.3,2263719.5,0.0642121517263954
DEU,1996,G,230178.9,2263719.5,0.1016817233760631
DEU,1996,H49,40970.2,2263719.5,0.0180986204342013
DEU,1996,H50,3558.7,2263719.5,0.0015720587290077
DEU,1996,H51,5539.5,2263719.5,0.0024470788010617
DEU,1996,H52,23327.6,2263719.5,0.010304986991542
DEU,1996,H53,15659.2,2263719.5,0.0069174648184105
DEU,1996,I,33431.9,2263719.5,0.0147685700458912
DEU,1996,J58T60,29018.8,2263719.5,0.0128190793956583
DEU,1996,J61,35651.1,2263719.5,0.015748903519186
DEU,1996,J62_63,23157.4,2263719.5,0.0102298009978709
DEU,1996,K,107570.3,2263719.5,0.0475192708283866
DEU,1996,L,250709.1,2263719.5,0.1107509565562341
DEU,1996,M,147661.1,2263719.5,0.0652294155702594
DEU,1996,N,79416.4,2263719.5,0.0350822617378168
DEU,1996,O,155984.9,2263719.5,0.0689064612466341
DEU,1996,P,99012.8,2263719.5,0.0437389879797386
DEU,1996,Q,139808.8,2263719.5,0.0617606554168924
DEU,1996,R,28627.6,2263719.5,0.0126462664654344
DEU,1996,S,61816.6,2263719.5,0.0273075352312863
DEU,1996,T,5956.8,2263719.5,0.0026314214283174
DEU,1996,HFCE,0.0,2263719.5,0.0
DEU,1997,A01_02,22622.1,2006604.0,0.0112738238337011
DEU,1997,A03,191.0,2006604.0,9.518569682907042e-05
DEU,1997,B05_06,3925.0,2006604.0,0.0019560411521157
DEU,1997,B07_08,1743.7,2006604.0,0.000868980625973
DEU,1997,B09,262.8,2006604.0,0.0001309675451658
DEU,1997,C10T12,38708.9,2006604.0,0.0192907519371036
DEU,1997,C13T15,10714.8,2006604.0,0.0053397680857807
DEU,1997,C16,8447.8,2006604.0,0.0042099985846734
DEU,1997,C17_18,22121.0,2006604.0,0.011024098426994
DEU,1997,C19,3445.7,2006604.0,0.0017171798720624
DEU,1997,C20,38030.8,2006604.0,0.0189528177956388
DEU,1997,C21,12501.4,2006604.0,0.0062301281169578
DEU,1997,C22,21821.0,2006604.0,0.010874592096896
DEU,1997,C23,18409.2,2006604.0,0.0091743064401346
DEU,1997,C24,17544.7,2006604.0,0.0087434790322355
DEU,1997,C25,37499.6,2006604.0,0.0186880919204785
DEU,1997,C26,26757.7,2006604.0,0.0133348184295456
DEU,1997,C27,35186.3,2006604.0,0.0175352486090927
DEU,1997,C28,61404.9,2006604.0,0.0306014041634522
DEU,1997,C29,58333.7,2006604.0,0.0290708580267955
DEU,1997,C30,8115.7,2006604.0,0.0040444950772549
DEU,1997,C31T33,28431.5,2006604.0,0.0141689640806058
DEU,1997,D,37825.6,2006604.0,0.0188505554658517
DEU,1997,E,19538.2,2006604.0,0.0097369485957368
DEU,1997,F,121384.2,2006604.0,0.0604923542462787
DEU,1997,G,203748.5,2006604.0,0.1015389683265856
DEU,1997,H49,36334.5,2006604.0,0.0181074591698212
DEU,1997,H50,4426.9,2006604.0,0.0022061652423696
DEU,1997,H51,5517.6,2006604.0,0.0027497204231627
DEU,1997,H52,21836.8,2006604.0,0.0108824660969478
DEU,1997,H53,13802.9,2006604.0,0.0068787364123663
DEU,1997,I,29758.2,2006604.0,0.0148301309077426
DEU,1997,J58T60,27657.7,2006604.0,0.0137833374198396
DEU,1997,J61,32954.1,2006604.0,0.0164228218422768
DEU,1997,J62_63,22704.1,2006604.0,0.0113146888972612
DEU,1997,K,96428.2,2006604.0,0.0480554209998584
DEU,1997,L,221989.7,2006604.0,0.1106295512218654
DEU,1997,M,129691.0,2006604.0,0.0646320848558061
DEU,1997,N,71685.8,2006604.0,0.0357249362604679
DEU,1997,O,136036.4,2006604.0,0.0677943430791526
DEU,1997,P,87935.2,2006604.0,0.0438228967947836
DEU,1997,Q,124069.2,2006604.0,0.061830435900656
DEU,1997,R,25625.3,2006604.0,0.0127704818688689
DEU,1997,S,53958.7,2006604.0,0.0268905573795327
DEU,1997,T,5475.9,2006604.0,0.002728939043279
DEU,1997,HFCE,0.0,2006604.0,0.0
DEU,1998,A01_02,21635.4,2029400.8,0.0106609793393202
DEU,1998,A03,199.4,2029400.8,9.825560332882494e-05
DEU,1998,B05_06,3694.4,2029400.8,0.0018204388211535
DEU,1998,B07_08,1738.3,2029400.8,0.0008565582510857
DEU,1998,B09,249.0,2029400.8,0.0001226963150896
DEU,1998,C10T12,38587.2,2029400.8,0.0190140853398697
DEU,1998,C13T15,10536.4,2029400.8,0.0051918773265488
DEU,1998,C16,8087.9,2029400.8,0.0039853635615005
DEU,1998,C17_18,22324.3,2029400.8,0.0110004391444016
DEU,1998,C19,4719.2,2029400.8,0.0023254154625345
DEU,1998,C20,37087.6,2029400.8,0.018275148014133
DEU,1998,C21,12353.6,2029400.8,0.0060873140485605
DEU,1998,C22,22116.5,2029400.8,0.0108980443882746
DEU,1998,C23,18212.0,2029400.8,0.0089740774715374
DEU,1998,C24,19309.8,2029400.8,0.0095150253217599
DEU,1998,C25,38638.0,2029400.8,0.0190391173591732
DEU,1998,C26,26966.8,2029400.8,0.0132880601998382
DEU,1998,C27,34341.2,2029400.8,0.0169218421516341
DEU,1998,C28,64494.5,2029400.8,0.0317800702552201
DEU,1998,C29,62376.1,2029400.8,0.0307362153400156
DEU,1998,C30,8389.9,2029400.8,0.0041341759597217
DEU,1998,C31T33,28446.1,2029400.8,0.0140169945729793
DEU,1998,D,37871.1,2029400.8,0.0186612225638227
DEU,1998,E,20273.7,2029400.8,0.009989993105354
DEU,1998,F,114718.2,2029400.8,0.0565281141113179
DEU,1998,G,211735.6,2029400.8,0.1043340477642464
DEU,1998,H49,36287.1,2029400.8,0.0178806966075897
DEU,1998,H50,3551.4,2029400.8,0.0017499746723269
DEU,1998,H51,5560.5,2029400.8,0.0027399713255262
DEU,1998,H52,22877.0,2029400.8,0.0112727855433978
DEU,1998,H53,13745.2,2029400.8,0.0067730336954632
DEU,1998,I,30846.7,2029400.8,0.0151999053119521
DEU,1998,J58T60,28879.5,2029400.8,0.0142305551471153
DEU,1998,J61,35545.9,2029400.8,0.0175154656487767
DEU,1998,J62_63,27620.4,2029400.8,0.0136101257080415
DEU,1998,K,92485.8,2029400.8,0.0455729592695538
DEU,1998,L,222162.4,2029400.8,0.1094719190019044
DEU,1998,M,132045.4,2029400.8,0.0650662008214444
DEU,1998,N,75374.3,2029400.8,0.0371411600902098
DEU,1998,O,134806.3,2029400.8,0.0664266516500831
DEU,1998,P,88075.4,2029400.8,0.0433997069479818
DEU,1998,Q,125365.7,2029400.8,0.0617747366611859
DEU,1998,R,26186.6,2029400.8,0.0129036117458907
DEU,1998,S,53234.5,2029400.8,0.0262316344804831
DEU,1998,T,5648.5,2029400.8,0.0027833338786502
DEU,1998,HFCE,0.0,2029400.8,0.0
DEU,1999,A01_02,20830.5,1978741.2,0.0105271472590756
DEU,1999,A03,203.8,1978741.2,0.0001029947726362
DEU,1999,B05_06,3306.3,1978741.2,0.0016709107790346
DEU,1999,B07_08,1635.6,1978741.2,0.0008265861144448
DEU,1999,B09,223.8,1978741.2,0.0001131022086162
DEU,1999,C10T12,37665.5,1978741.2,0.0190350814952455
DEU,1999,C13T15,9505.3,1978741.2,0.0048037105610374
DEU,1999,C16,7688.3,1978741.2,0.0038854500022539
DEU,1999,C17_18,21679.3,1978741.2,0.010956106842067
DEU,1999,C19,2144.3,1978741.2,0.0010836687485963
DEU,1999,C20,34264.6,1978741.2,0.0173163625440254
DEU,1999,C21,12647.1,1978741.2,0.0063914876791366
DEU,1999,C22,21438.4,1978741.2,0.0108343627756878
DEU,1999,C23,17882.1,1978741.2,0.0090371090469031
DEU,1999,C24,16630.5,1978741.2,0.0084045857032743
DEU,1999,C25,38755.7,1978741.2,0.0195860378305156
DEU,1999,C26,27084.7,1978741.2,0.0136878435643832
DEU,1999,C27,34036.6,1978741.2,0.0172011377738533
DEU,1999,C28,60587.4,1978741.2,0.0306191633347504
DEU,1999,C29,60089.6,1978741.2,0.030367589253208
DEU,1999,C30,8944.2,1978741.2,0.0045201464446184
DEU,1999,C31T33,27867.0,1978741.2,0.0140831959227411
DEU,1999,D,34973.3,1978741.2,0.0176745195379769
DEU,1999,E,19558.5,1978741.2,0.0098843143307472
DEU,1999,F,108425.3,1978741.2,0.0547950889181465
DEU,1999,G,198359.9,1978741.2,0.1002454995125183
DEU,1999,H49,35479.6,1978741.2,0.0179303892798108
DEU,1999,H50,3594.7,1978741.2,0.0018166600058663
DEU,1999,H51,5299.9,1978741.2,0.0026784199975216
DEU,1999,H52,23346.1,1978741.2,0.0117984605566407
DEU,1999,H53,13273.8,1978741.2,0.00670820418557
DEU,1999,I,30401.0,1978741.2,0.0153638080614079
DEU,1999,J58T60,27942.6,1978741.2,0.0141214020307456
DEU,1999,J61,32947.3,1978741.2,0.0166506362732023
DEU,1999,J62_63,27722.1,1978741.2,0.014009967549066
DEU,1999,K,106530.3,1978741.2,0.0538374093590409
DEU,1999,L,211338.6,1978741.2,0.1068045684802034
DEU,1999,M,133674.7,1978741.2,0.0675554236198245
DEU,1999,N,75406.8,1978741.2,0.0381084701728553
DEU,1999,O,132171.0,1978741.2,0.0667954960456678
DEU,1999,P,86940.9,1978741.2,0.0439374790397046
DEU,1999,Q,122147.4,1978741.2,0.0617298512812084
DEU,1999,R,26328.1,1978741.2,0.0133054792612596
DEU,1999,S,52125.4,1978741.2,0.0263427071716099
DEU,1999,T,5643.3,1978741.2,0.0028519646732983
DEU,1999,HFCE,0.0,1978741.2,0.0
DEU,2000,A01_02,19203.1,1756534.9,0.010932376009153
DEU,2000,A03,174.1,1756534.9,9.911559400271524e-05
DEU,2000,B05_06,3133.7,1756534.9,0.0017840237617823
DEU,2000,B07_08,1357.7,1756534.9,0.0007729422284749
DEU,2000,B09,195.8,1756534.9,0.0001114694618364
DEU,2000,C10T12,33211.5,1756534.9,0.0189073954636483
DEU,2000,C13T15,8347.3,1756534.9,0.0047521401368114
DEU,2000,C16,6759.7,1756534.9,0.0038483152256183
DEU,2000,C17_18,19433.0,1756534.9,0.0110632586918711
DEU,2000,C19,4677.0,1756534.9,0.0026626285649092
DEU,2000,C20,31622.3,1756534.9,0.018002659668191
DEU,2000,C21,11508.7,1756534.9,0.0065519335824184
DEU,2000,C22,18621.1,1756534.9,0.0106010418580353
DEU,2000,C23,15252.9,1756534.9,0.0086835166212752
DEU,2000,C24,15617.4,1756534.9,0.0088910274427226
DEU,2000,C25,35526.3,1756534.9,0.0202252172729389
DEU,2000,C26,27937.3,1756534.9,0.0159047793471111
DEU,2000,C27,31960.4,1756534.9,0.0181951408992784
DEU,2000,C28,56079.5,1756534.9,0.0319262088103117
DEU,2000,C29,51542.0,1756534.9,0.0293429979671909
DEU,2000,C30,7296.7,1756534.9,0.0041540307568042
DEU,2000,C31T33,24880.2,1756534.9,0.0141643641694793
DEU,2000,D,27301.8,1756534.9,0.0155429875034079
DEU,2000,E,17052.9,1756534.9,0.0097082614185462
DEU,2000,F,90552.9,1756534.9,0.0515520073071135
DEU,2000,G,178664.0,1756534.9,0.1017138913664624
DEU,2000,H49,30166.8,1756534.9,0.0171740396390643
DEU,2000,H50,4137.6,1756534.9,0.002355546707327
DEU,2000,H51,4905.1,1756534.9,0.00279248650283
DEU,2000,H52,21516.6,1756534.9,0.0122494577249788
DEU,2000,H53,11995.4,1756534.9,0.0068290131895472
DEU,2000,I,27988.1,1756534.9,0.0159336999225008
DEU,2000,J58T60,24768.5,1756534.9,0.014100773061782
DEU,2000,J61,28412.0,1756534.9,0.0161750273222581
DEU,2000,J62_63,27276.0,1756534.9,0.0155282994946471
DEU,2000,K,78731.5,1756534.9,0.0448220527813025
DEU,2000,L,190493.1,1756534.9,0.1084482295227951
DEU,2000,M,120992.2,1756534.9,0.0688811819224314
DEU,2000,N,70535.4,1756534.9,0.0401559912074619
DEU,2000,O,115339.9,1756534.9,0.0656633124682008
DEU,2000,P,76711.0,1756534.9,0.0436717767463658
DEU,2000,Q,108783.5,1756534.9,0.0619307364744076
DEU,2000,R,23847.7,1756534.9,0.0135765591677113
DEU,2000,S,46977.7,1756534.9,0.0267445298126442
DEU,2000,T,5047.5,1756534.9,0.0028735552023475
DEU,2000,HFCE,0.0,1756534.9,0.0
DEU,2001,A01_02,20913.3,1757741.1,0.01189782727388
DEU,2001,A03,167.3,1757741.1,9.517897715425782e-05
DEU,2001,B05_06,2305.2,1757741.1,0.0013114559362581
DEU,2001,B07_08,1299.5,1757741.1,0.0007393011405377
DEU,2001,B09,158.5,1757741.1,9.01725515777039e-05
DEU,2001,C10T12,32637.7,1757741.1,0.0185679790954424
DEU,2001,C13T15,7737.9,1757741.1,0.0044021841441836
DEU,2001,C16,5935.1,1757741.1,0.0033765495953869
DEU,2001,C17_18,18718.7,1757741.1,0.0106492930045272
DEU,2001,C19,6261.1,1757741.1,0.0035620149065183
DEU,2001,C20,31325.9,1757741.1,0.0178216803373375
DEU,2001,C21,11767.1,1757741.1,0.0066944443638485
DEU,2001,C22,18180.5,1757741.1,0.0103431045675611
DEU,2001,C23,13649.7,1757741.1,0.0077654780900327
DEU,2001,C24,15413.0,1757741.1,0.0087686406149347
DEU,2001,C25,34961.1,1757741.1,0.0198897892300521
DEU,2001,C26,23976.7,1757741.1,0.0136406322865181
DEU,2001,C27,28323.0,1757741.1,0.0161132945005382
DEU,2001,C28,56463.3,1757741.1,0.0321226487791632
DEU,2001,C29,58239.3,1757741.1,0.0331330364864313
DEU,2001,C30,7926.6,1757741.1,0.0045095378380809
DEU,2001,C31T33,24326.9,1757741.1,0.0138398652679851
DEU,2001,D,27313.7,1757741.1,0.0155390916216273
DEU,2001,E,16394.6,1757741.1,0.0093270846315193
DEU,2001,F,83435.8,1757741.1,0.0474676276272996
DEU,2001,G,183527.7,1757741.1,0.1044111103734218
DEU,2001,H49,31347.4,1757741.1,0.0178339119452802
DEU,2001,H50,4718.9,1757741.1,0.0026846388242272
DEU,2001,H51,3888.7,1757741.1,0.0022123280840392
DEU,2001,H52,22851.9,1757741.1,0.013000720071915
DEU,2001,H53,11579.1,1757741.1,0.0065874889083494
DEU,2001,I,27950.7,1757741.1,0.0159014885639301
DEU,2001,J58T60,23834.3,1757741.1,0.0135596192180975
DEU,2001,J61,30586.2,1757741.1,0.0174008561329083
DEU,2001,J62_63,30862.9,1757741.1,0.017558274082571
DEU,2001,K,78881.5,1757741.1,0.0448766317178337
DEU,2001,L,193924.6,1757741.1,0.1103260315185211
DEU,2001,M,121839.5,1757741.1,0.0693159532993795
DEU,2001,N,70166.9,1757741.1,0.0399187912258523
DEU,2001,O,113454.2,1757741.1,0.0645454555281207
DEU,2001,P,76942.6,1757741.1,0.0437735682461996
DEU,2001,Q,108669.4,1757741.1,0.0618233254032689
DEU,2001,R,23332.8,1757741.1,0.0132743098514337
DEU,2001,S,46610.0,1757741.1,0.0265169881958156
DEU,2001,T,4940.3,1757741.1,0.0028105959404374
DEU,2001,HFCE,0.0,1757741.1,0.0
DEU,2002,A01_02,18535.6,1878973.0,0.0098647505844948
DEU,2002,A03,180.4,1878973.0,9.600989476698176e-05
DEU,2002,B05_06,2580.4,1878973.0,0.0013733033949929
DEU,2002,B07_08,1418.3,1878973.0,0.000754827238071
DEU,2002,B09,178.7,1878973.0,9.510514520432172e-05
DEU,2002,C10T12,34667.8,1878973.0,0.0184503981696384
DEU,2002,C13T15,7707.1,1878973.0,0.004101761973163
DEU,2002,C16,6022.2,1878973.0,0.0032050487154418
DEU,2002,C17_18,19049.0,1878973.0,0.0101379849524181
DEU,2002,C19,4386.4,1878973.0,0.0023344667539129
DEU,2002,C20,33772.0,1878973.0,0.017973648370679
DEU,2002,C21,12552.1,1878973.0,0.006680298226744
DEU,2002,C22,19658.8,1878973.0,0.0104625239426005
DEU,2002,C23,13565.7,1878973.0,0.0072197418483394
DEU,2002,C24,16289.3,1878973.0,0.0086692570888458
DEU,2002,C25,34694.9,1878973.0,0.0184648209420784
DEU,2002,C26,25181.8,1878973.0,0.0134018956099954
DEU,2002,C27,29905.7,1878973.0,0.0159159817623776
DEU,2002,C28,58551.0,1878973.0,0.0311611715548866
DEU,2002,C29,62498.6,1878973.0,0.0332621064805082
DEU,2002,C30,8130.2,1878973.0,0.0043269381731403
DEU,2002,C31T33,24731.7,1878973.0,0.0131623498581405
DEU,2002,D,30704.7,1878973.0,0.0163412140568278
DEU,2002,E,17500.1,1878973.0,0.0093136516597098
DEU,2002,F,84561.0,1878973.0,0.045003839863585
DEU,2002,G,196740.5,1878973.0,0.1047064007838324
DEU,2002,H49,32705.5,1878973.0,0.0174060510715161
DEU,2002,H50,4195.4,1878973.0,0.0022328154795199
DEU,2002,H51,3731.1,1878973.0,0.0019857124077887
DEU,2002,H52,27220.4,1878973.0,0.0144868499973123
DEU,2002,H53,12623.0,1878973.0,0.0067180316055632
DEU,2002,I,28802.6,1878973.0,0.0153289057373363
DEU,2002,J58T60,23014.6,1878973.0,0.0122484995792914
DEU,2002,J61,35991.2,1878973.0,0.0191547190938879
DEU,2002,J62_63,33608.5,1878973.0,0.0178866327509761
DEU,2002,K,89634.7,1878973.0,0.0477040915436251
DEU,2002,L,211015.7,1878973.0,0.1123037425231762
DEU,2002,M,129227.7,1878973.0,0.0687757088579772
DEU,2002,N,75878.0,1878973.0,0.0403826984208926
DEU,2002,O,122034.2,1878973.0,0.0649472876938625
DEU,2002,P,83930.8,1878973.0,0.0446684438786507
DEU,2002,Q,121738.6,1878973.0,0.0647899677110847
DEU,2002,R,25058.8,1878973.0,0.0133364343181088
DEU,2002,S,49610.8,1878973.0,0.02640314682542
DEU,2002,T,5187.4,1878973.0,0.0027607634596133
DEU,2002,HFCE,0.0,1878973.0,0.0
DEU,2003,A01_02,20605.1,2258388.7,0.0091238058355499
DEU,2003,A03,211.0,2258388.7,9.342944374456e-05
DEU,2003,B05_06,2733.6,2258388.7,0.0012104205091001
DEU,2003,B07_08,1339.1,2258388.7,0.0005929448725987
DEU,2003,B09,174.2,2258388.7,7.713464028579313e-05
DEU,2003,C10T12,41693.4,2258388.7,0.0184615695252106
DEU,2003,C13T15,8809.2,2258388.7,0.0039006571366567
DEU,2003,C16,6890.0,2258388.7,0.0030508477127962
DEU,2003,C17_18,20838.4,2258388.7,0.0092271095759556
DEU,2003,C19,4767.1,2258388.7,0.0021108412382686
DEU,2003,C20,38994.1,2258388.7,0.0172663368356386
DEU,2003,C21,16823.4,2258388.7,0.0074492933833755
DEU,2003,C22,23305.1,2258388.7,0.0103193484806224
DEU,2003,C23,15422.1,2258388.7,0.0068288067505828
DEU,2003,C24,19185.5,2258388.7,0.0084952160803851
DEU,2003,C25,42477.6,2258388.7,0.0188088082445683
DEU,2003,C26,31628.0,2258388.7,0.0140046751030945
DEU,2003,C27,35621.5,2258388.7,0.0157729712338712
DEU,2003,C28,70633.5,2258388.7,0.0312760597854567
DEU,2003,C29,79607.8,2258388.7,0.0352498221408918
DEU,2003,C30,9224.9,2258388.7,0.0040847264246407
DEU,2003,C31T33,30359.1,2258388.7,0.0134428143392676
DEU,2003,D,36207.4,2258388.7,0.016032403987852
DEU,2003,E,21698.0,2258388.7,0.0096077349306609
DEU,2003,F,96607.7,2258388.7,0.0427772685897693
DEU,2003,G,238481.9,2258388.7,0.1055982524177525
DEU,2003,H49,38681.9,2258388.7,0.0171280966823824
DEU,2003,H50,5153.3,2258388.7,0.0022818481158712
DEU,2003,H51,4312.5,2258388.7,0.0019095472803242
DEU,2003,H52,34251.6,2258388.7,0.0151663883192472
DEU,2003,H53,15615.5,2258388.7,0.0069144430274558
DEU,2003,I,33925.2,2258388.7,0.0150218604972651
DEU,2003,J58T60,26996.6,2258388.7,0.01195392095258
DEU,2003,J61,36142.9,2258388.7,0.0160038438024419
DEU,2003,J62_63,38605.1,2258388.7,0.0170940901360337
DEU,2003,K,118451.6,2258388.7,0.0524496071026214
DEU,2003,L,252076.8,2258388.7,0.1116179867531218
DEU,2003,M,154088.9,2258388.7,0.0682295744749342
DEU,2003,N,92257.4,2258388.7,0.040850983712414
DEU,2003,O,147297.9,2258388.7,0.0652225633257906
DEU,2003,P,100940.7,2258388.7,0.0446958931383246
DEU,2003,Q,148065.5,2258388.7,0.065562451671849
DEU,2003,R,29939.5,2258388.7,0.0132570181563519
DEU,2003,S,60755.4,2258388.7,0.0269021005994229
DEU,2003,T,6491.7,2258388.7,0.0028744830329694
DEU,2003,HFCE,0.0,2258388.7,0.0
DEU,2004,A01_02,26531.5,2549592.9,0.0104061711185342
DEU,2004,A03,230.7,2549592.9,9.048503390482456e-05
DEU,2004,B05_06,3094.4,2549592.9,0.0012136839571525
DEU,2004,B07_08,1573.3,2549592.9,0.0006170789069894
DEU,2004,B09,205.2,2549592.9,8.04834371793238e-05
DEU,2004,C10T12,46438.6,2549592.9,0.0182141235175231
DEU,2004,C13T15,9713.5,2549592.9,0.0038098239134569
DEU,2004,C16,8107.9,2549592.9,0.0031800763172818
DEU,2004,C17_18,23869.7,2549592.9,0.0093621613081837
DEU,2004,C19,5717.4,2549592.9,0.0022424756517011
DEU,2004,C20,43533.0,2549592.9,0.0170744905980872
DEU,2004,C21,19655.9,2549592.9,0.0077094268657557
DEU,2004,C22,26899.4,2549592.9,0.010550468665017
DEU,2004,C23,17386.1,2549592.9,0.0068191670913423
DEU,2004,C24,23276.1,2549592.9,0.0091293398251932
DEU,2004,C25,47565.2,2549592.9,0.0186559979830505
DEU,2004,C26,37870.3,2549592.9,0.014853469351911
DEU,2004,C27,41651.2,2549592.9,0.0163364119816932
DEU,2004,C28,82374.7,2549592.9,0.0323089619523179
DEU,2004,C29,86736.4,2549592.9,0.0340197056557539
DEU,2004,C30,9067.7,2549592.9,0.0035565285736401
DEU,2004,C31T33,33920.2,2549592.9,0.013304163186209
DEU,2004,D,45902.3,2549592.9,0.018003776210704
DEU,2004,E,25105.9,2549592.9,0.0098470230286568
DEU,2004,F,103396.2,2549592.9,0.0405540037391851
DEU,2004,G,263504.0,2549592.9,0.1033514017080923
DEU,2004,H49,40814.3,2549592.9,0.016008163499357
DEU,2004,H50,7239.5,2549592.9,0.0028394729213436
DEU,2004,H51,5273.4,2549592.9,0.0020683302028335
DEU,2004,H52,40331.8,2549592.9,0.0158189176005314
DEU,2004,H53,16530.4,2549592.9,0.0064835448827928
DEU,2004,I,37733.0,2549592.9,0.0147996176173851
DEU,2004,J58T60,30567.1,2549592.9,0.0119890120497276
DEU,2004,J61,45547.8,2549592.9,0.0178647344052456
DEU,2004,J62_63,44525.5,2549592.9,0.0174637684314229
DEU,2004,K,145122.1,2549592.9,0.0569197145159919
DEU,2004,L,278678.3,2549592.9,0.1093030577548282
DEU,2004,M,165418.5,2549592.9,0.0648803579583234
DEU,2004,N,105692.7,2549592.9,0.0414547357736994
DEU,2004,O,161905.2,2549592.9,0.0635023732612371
DEU,2004,P,113131.8,2549592.9,0.0443724957031375
DEU,2004,Q,167764.5,2549592.9,0.0658005048570695
DEU,2004,R,33636.7,2549592.9,0.0131929689637902
DEU,2004,S,69082.9,2549592.9,0.0270956590756116
DEU,2004,T,7270.6,2549592.9,0.0028516709471539
DEU,2004,HFCE,0.0,2549592.9,0.0
DEU,2005,A01_02,20445.3,2574841.5,0.0079404110893816
DEU,2005,A03,249.4,2574841.5,9.686033101454984e-05
DEU,2005,B05_06,3147.5,2574841.5,0.0012224053402898
DEU,2005,B07_08,1553.8,2574841.5,0.0006034546204106
DEU,2005,B09,202.8,2574841.5,7.87621296301151e-05
DEU,2005,C10T12,44972.8,2574841.5,0.0174662401549765
DEU,2005,C13T15,9269.6,2574841.5,0.0036000662565054
DEU,2005,C16,7739.4,2574841.5,0.0030057772488131
DEU,2005,C17_18,24116.3,2574841.5,0.0093661299151811
DEU,2005,C19,5664.3,2574841.5,0.0021998635644174
DEU,2005,C20,43589.8,2574841.5,0.0169291197147474
DEU,2005,C21,22066.1,2574841.5,0.0085698867289501
DEU,2005,C22,27017.5,2574841.5,0.0104928788820593
DEU,2005,C23,16816.1,2574841.5,0.0065309262725492
DEU,2005,C24,25241.9,2574841.5,0.0098032830370335
DEU,2005,C25,49714.4,2574841.5,0.0193077515645137
DEU,2005,C26,37879.5,2574841.5,0.0147113909729977
DEU,2005,C27,40354.0,2574841.5,0.015672421001448
DEU,2005,C28,84264.8,2574841.5,0.0327262085841012
DEU,2005,C29,85735.2,2574841.5,0.0332972728612615
DEU,2005,C30,11064.3,2574841.5,0.0042970800338583
DEU,2005,C31T33,35875.3,2574841.5,0.0139330129640989
DEU,2005,D,47777.4,2574841.5,0.0185554722494569
DEU,2005,E,26089.4,2574841.5,0.0101324295107096
DEU,2005,F,100110.5,2574841.5,0.0388802572896234
DEU,2005,G,267886.1,2574841.5,0.1040398408989446
DEU,2005,H49,42593.3,2574841.5,0.0165421056014515
DEU,2005,H50,8356.4,2574841.5,0.0032454036491178
DEU,2005,H51,5442.8,2574841.5,0.0021138388518283
DEU,2005,H52,42432.8,2574841.5,0.0164797716674987
DEU,2005,H53,16037.3,2574841.5,0.0062284610528453
DEU,2005,I,38171.0,2574841.5,0.0148246018250055
DEU,2005,J58T60,31930.4,2574841.5,0.0124009186584882
DEU,2005,J61,40064.1,2574841.5,0.0155598315469126
DEU,2005,J62_63,47458.9,2574841.5,0.0184317753151019
DEU,2005,K,142101.5,2574841.5,0.0551884455800483
DEU,2005,L,283779.5,2574841.5,0.1102124150166136
DEU,2005,M,167898.8,2574841.5,0.065207431214698
DEU,2005,N,110932.0,2574841.5,0.043083040257041
DEU,2005,O,162360.3,2574841.5,0.0630564250265501
DEU,2005,P,114323.4,2574841.5,0.044400169874534
DEU,2005,Q,170142.6,2574841.5,0.0660788634950928
DEU,2005,R,34661.1,2574841.5,0.0134614499572109
DEU,2005,S,69979.1,2574841.5,0.0271780224141952
DEU,2005,T,7332.7,2574841.5,0.0028478257787906
DEU,2005,HFCE,0.0,2574841.5,0.0
DEU,2006,A01_02,21814.1,2708271.5,0.008054620816266
DEU,2006,A03,262.3,2708271.5,9.685144196215188e-05
DEU,2006,B05_06,3715.8,2708271.5,0.0013720190165572
DEU,2006,B07_08,2224.9,2708271.5,0.0008215202944017
DEU,2006,B09,220.9,2708271.5,8.156493911337915e-05
DEU,2006,C10T12,46015.9,2708271.5,0.016990874068571
DEU,2006,C13T15,9566.1,2708271.5,0.0035321791039044
DEU,2006,C16,8237.2,2708271.5,0.0030414971320268
DEU,2006,C17_18,24717.8,2708271.5,0.0091267806791158
DEU,2006,C19,7488.0,2708271.5,0.0027648631239519
DEU,2006,C20,44222.7,2708271.5,0.0163287543364836
DEU,2006,C21,23552.0,2708271.5,0.0086963216206351
DEU,2006,C22,28562.8,2708271.5,0.0105465054002155
DEU,2006,C23,18260.1,2708271.5,0.0067423447021467
DEU,2006,C24,27520.0,2708271.5,0.0101614627632421
DEU,2006,C25,55920.9,2708271.5,0.0206481883370998
DEU,2006,C26,39736.4,2708271.5,0.0146722365169075
DEU,2006,C27,45497.7,2708271.5,0.0167995343155219
DEU,2006,C28,91926.5,2708271.5,0.0339428672494615
DEU,2006,C29,97310.0,2708271.5,0.0359306664786008
DEU,2006,C30,11090.5,2708271.5,0.0040950473392346
DEU,2006,C31T33,38763.9,2708271.5,0.014313151395641
DEU,2006,D,51699.4,2708271.5,0.019089445057484
DEU,2006,E,26718.1,2708271.5,0.009865369849367
DEU,2006,F,104420.3,2708271.5,0.0385560679569976
DEU,2006,G,278091.0,2708271.5,0.102682098157441
DEU,2006,H49,47077.6,2708271.5,0.0173828953264102
DEU,2006,H50,8043.3,2708271.5,0.002969901651293
DEU,2006,H51,6204.2,2708271.5,0.0022908338399602
DEU,2006,H52,47274.8,2708271.5,0.0174557092965014
DEU,2006,H53,16099.1,2708271.5,0.0059444187925767
DEU,2006,I,38965.4,2708271.5,0.0143875530942891
DEU,2006,J58T60,32284.8,2708271.5,0.0119208136998081
DEU,2006,J61,44723.4,2708271.5,0.0165136324035459
DEU,2006,J62_63,50773.3,2708271.5,0.0187474926350626
DEU,2006,K,142386.1,2708271.5,0.0525745295477207
DEU,2006,L,302066.5,2708271.5,0.1115347925789567
DEU,2006,M,176870.8,2708271.5,0.0653076325619495
DEU,2006,N,115138.9,2708271.5,0.0425137952380328
DEU,2006,O,165547.7,2708271.5,0.0611267001849703
DEU,2006,P,115311.9,2708271.5,0.0425776736195023
DEU,2006,Q,175298.7,2708271.5,0.0647271516168153
DEU,2006,R,35557.6,2708271.5,0.0131292597510995
DEU,2006,S,73556.0,2708271.5,0.027159758539718
DEU,2006,T,7536.1,2708271.5,0.0027826235294356
DEU,2006,HFCE,0.0,2708271.5,0.0
DEU,2007,A01_02,26359.1,3080603.2,0.0085564736152971
DEU,2007,A03,310.2,3080603.2,0.0001006945652721
DEU,2007,B05_06,4060.3,3080603.2,0.0013180210940506
DEU,2007,B07_08,2465.8,3080603.2,0.0008004276565057
DEU,2007,B09,260.3,3080603.2,8.449643887924287e-05
DEU,2007,C10T12,50561.2,3080603.2,0.0164127596829088
DEU,2007,C13T15,10531.6,3080603.2,0.0034186811206324
DEU,2007,C16,9245.3,3080603.2,0.0030011330248569
DEU,2007,C17_18,26961.9,3080603.2,0.0087521495790175
DEU,2007,C19,6424.7,3080603.2,0.0020855331189683
DEU,2007,C20,51393.6,3080603.2,0.0166829665047416
DEU,2007,C21,27005.7,3080603.2,0.0087663675737271
DEU,2007,C22,31957.8,3080603.2,0.0103738774276414
DEU,2007,C23,21172.8,3080603.2,0.0068729396892141
DEU,2007,C24,35055.2,3080603.2,0.0113793298663067
DEU,2007,C25,63159.5,3080603.2,0.0205023159100789
DEU,2007,C26,49947.0,3080603.2,0.0162133831452229
DEU,2007,C27,48218.3,3080603.2,0.0156522268106453
DEU,2007,C28,110812.0,3080603.2,0.0359708773918043
DEU,2007,C29,114124.4,3080603.2,0.0370461213570121
DEU,2007,C30,12928.7,3080603.2,0.0041968079498196
DEU,2007,C31T33,44564.8,3080603.2,0.0144662577770483
DEU,2007,D,61251.3,3080603.2,0.019882891766132
DEU,2007,E,30388.0,3080603.2,0.009864301900355
DEU,2007,F,120110.7,3080603.2,0.0389893446841839
DEU,2007,G,313339.9,3080603.2,0.10171381371025
DEU,2007,H49,53070.1,3080603.2,0.0172271781058982
DEU,2007,H50,10312.3,3080603.2,0.003347493763559
DEU,2007,H51,7472.7,3080603.2,0.0024257262343946
DEU,2007,H52,54056.2,3080603.2,0.0175472777539152
DEU,2007,H53,18231.7,3080603.2,0.0059182240672865
DEU,2007,I,45166.4,3080603.2,0.014661544206667
DEU,2007,J58T60,37116.8,3080603.2,0.0120485494529123
DEU,2007,J61,46719.6,3080603.2,0.0151657311788808
DEU,2007,J62_63,62982.8,3080603.2,0.0204449570136134
DEU,2007,K,146564.3,3080603.2,0.0475764941099846
DEU,2007,L,350236.5,3080603.2,0.1136908836555126
DEU,2007,M,203118.4,3080603.2,0.0659346195576243
DEU,2007,N,138519.5,3080603.2,0.0449650574926365
DEU,2007,O,183050.9,3080603.2,0.0594204732371893
DEU,2007,P,128912.1,3080603.2,0.0418463825526117
DEU,2007,Q,193277.1,3080603.2,0.0627400179289562
DEU,2007,R,40534.6,3080603.2,0.0131580074967136
DEU,2007,S,80176.1,3080603.2,0.0260261042382868
DEU,2007,T,8475.0,3080603.2,0.0027510845927836
DEU,2007,HFCE,0.0,3080603.2,0.0
DEU,2008,A01_02,31078.8,3367370.8,0.0092293964181194
DEU,2008,A03,306.6,3367370.8,9.105026390322088e-05
DEU,2008,B05_06,5883.2,3367370.8,0.0017471197410157
DEU,2008,B07_08,3097.4,3367370.8,0.000919827421441
DEU,2008,B09,342.5,3367370.8,0.0001017114004789
DEU,2008,C10T12,52834.3,3367370.8,0.0156900748797845
DEU,2008,C13T15,10803.6,3367370.8,0.0032083190838383
DEU,2008,C16,8802.8,3367370.8,0.0026141463244855
DEU,2008,C17_18,27678.5,3367370.8,0.0082196175128679
DEU,2008,C19,5052.6,3367370.8,0.0015004584585695
DEU,2008,C20,55279.2,3367370.8,0.0164161309470284
DEU,2008,C21,31434.6,3367370.8,0.0093350574875805
DEU,2008,C22,34645.2,3367370.8,0.0102885016405083
DEU,2008,C23,21827.6,3367370.8,0.0064820898250944
DEU,2008,C24,36921.6,3367370.8,0.0109645186683925
DEU,2008,C25,69127.3,3367370.8,0.0205285678666572
DEU,2008,C26,48072.9,3367370.8,0.0142760933841916
DEU,2008,C27,54225.1,3367370.8,0.0161030974076273
DEU,2008,C28,123465.6,3367370.8,0.0366652820057713
DEU,2008,C29,108619.3,3367370.8,0.0322564120351699
DEU,2008,C30,14605.3,3367370.8,0.0043373007807753
DEU,2008,C31T33,47176.1,3367370.8,0.0140097728471126
DEU,2008,D,76232.1,3367370.8,0.0226384632188412
DEU,2008,E,34389.4,3367370.8,0.0102125373303112
DEU,2008,F,134582.3,3367370.8,0.0399665816428651
DEU,2008,G,348400.0,3367370.8,0.1034635092755451
DEU,2008,H49,58135.9,3367370.8,0.0172644782689212
DEU,2008,H50,13984.9,3367370.8,0.0041530620863018
DEU,2008,H51,6336.0,3367370.8,0.0018815866669628
DEU,2008,H52,59327.3,3367370.8,0.0176182854587917
DEU,2008,H53,19979.8,3367370.8,0.0059333531074154
DEU,2008,I,47957.0,3367370.8,0.0142416748402047
DEU,2008,J58T60,38645.3,3367370.8,0.0114764017078249
DEU,2008,J61,48863.8,3367370.8,0.01451096505321
DEU,2008,J62_63,68725.9,3367370.8,0.0204093650749718
DEU,2008,K,144753.2,3367370.8,0.0429870093308405
DEU,2008,L,390542.0,3367370.8,0.1159783175645521
DEU,2008,M,225847.4,3367370.8,0.0670693586818535
DEU,2008,N,154532.9,3367370.8,0.0458912632965754
DEU,2008,O,203020.0,3367370.8,0.0602903606576383
DEU,2008,P,142013.2,3367370.8,0.0421733181270087
DEU,2008,Q,215877.4,3367370.8,0.0641085917832393
DEU,2008,R,44738.7,3367370.8,0.0132859440368135
DEU,2008,S,90169.9,3367370.8,0.0267775381315297
DEU,2008,T,9036.3,3367370.8,0.0026834882573668
DEU,2008,HFCE,0.0,3367370.8,0.0
DEU,2009,A01_02,23484.3,3058524.9,0.0076783092398561
DEU,2009,A03,235.1,3058524.9,7.686711983283183e-05
DEU,2009,B05_06,4050.3,3058524.9,0.001324265825006
DEU,2009,B07_08,2693.2,3058524.9,0.0008805551983572
DEU,2009,B09,320.8,3058524.9,0.0001048871630896
DEU,2009,C10T12,50113.5,3058524.9,0.0163848592502876
DEU,2009,C13T15,8505.0,3058524.9,0.0027807522508644
DEU,2009,C16,7221.9,3058524.9,0.0023612362940056
DEU,2009,C17_18,24194.2,3058524.9,0.0079104145923415
DEU,2009,C19,4983.3,3058524.9,0.0016293148373583
DEU,2009,C20,47486.0,3058524.9,0.0155257849952439
DEU,2009,C21,28626.6,3058524.9,0.0093596099217632
DEU,2009,C22,28907.0,3058524.9,0.0094512881029675
DEU,2009,C23,18222.0,3058524.9,0.0059577739582895
DEU,2009,C24,24451.5,3058524.9,0.0079945401131113
DEU,2009,C25,51518.2,3058524.9,0.0168441329348013
DEU,2009,C26,35081.4,3058524.9,0.0114700390374457
DEU,2009,C27,46679.9,3058524.9,0.0152622265720315
DEU,2009,C28,90854.8,3058524.9,0.0297054308761717
DEU,2009,C29,80465.6,3058524.9,0.0263086300196542
DEU,2009,C30,12985.2,3058524.9,0.0042455760291505
DEU,2009,C31T33,42921.1,3058524.9,0.0140332681286982
DEU,2009,D,74860.2,3058524.9,0.0244759164785612
DEU,2009,E,31276.6,3058524.9,0.010226040664243
DEU,2009,F,127365.8,3058524.9,0.0416428847775605
DEU,2009,G,327916.7,3058524.9,0.107214003717936
DEU,2009,H49,53044.9,3058524.9,0.0173432951289688
DEU,2009,H50,11508.4,3058524.9,0.0037627288893413
DEU,2009,H51,7491.0,3058524.9,0.0024492198837419
DEU,2009,H52,50273.7,3058524.9,0.0164372374408329
DEU,2009,H53,20460.5,3058524.9,0.006689662719437
DEU,2009,I,43411.6,3058524.9,0.0141936395548063
DEU,2009,J58T60,35968.4,3058524.9,0.0117600481199286
DEU,2009,J61,42532.0,3058524.9,0.0139060499393024
DEU,2009,J62_63,63412.3,3058524.9,0.0207329683665482
DEU,2009,K,156432.3,3058524.9,0.0511463222025754
DEU,2009,L,363333.5,3058524.9,0.11879370346143
DEU,2009,M,191309.5,3058524.9,0.0625495970296007
DEU,2009,N,137144.4,3058524.9,0.0448400469128108
DEU,2009,O,200014.1,3058524.9,0.0653956094978988
DEU,2009,P,139577.1,3058524.9,0.0456354303344072
DEU,2009,Q,215874.9,3058524.9,0.0705813773168889
DEU,2009,R,42353.5,3058524.9,0.0138476884723089
DEU,2009,S,80188.0,3058524.9,0.026217867312442
DEU,2009,T,8774.6,3058524.9,0.0028688993180993
DEU,2009,HFCE,0.0,3058524.9,0.0
DEU,2010,A01_02,27030.8,3056704.1,0.0088431196202471
DEU,2010,A03,278.7,3056704.1,9.11766369535082e-05
DEU,2010,B05_06,4444.0,3056704.1,0.0014538535149673
DEU,2010,B07_08,2215.4,3056704.1,0.000724767569095
DEU,2010,B09,212.0,3056704.1,6.935574823876475e-05
DEU,2010,C10T12,49422.0,3056704.1,0.0161683952332841
DEU,2010,C13T15,9050.9,3056704.1,0.0029609997251614
DEU,2010,C16,8028.0,3056704.1,0.0026263582399094
DEU,2010,C17_18,23458.7,3056704.1,0.0076745079773995
DEU,2010,C19,7087.3,3056704.1,0.0023186084645877
DEU,2010,C20,53146.1,3056704.1,0.0173867336390198
DEU,2010,C21,27211.0,3056704.1,0.0089020720062501
DEU,2010,C22,30571.2,3056704.1,0.0100013606158345
DEU,2010,C23,18573.5,3056704.1,0.0060763159901542
DEU,2010,C24,22995.0,3056704.1,0.007522808635615
DEU,2010,C25,58373.1,3056704.1,0.0190967454128124
DEU,2010,C26,39706.9,3056704.1,0.0129901026402915
DEU,2010,C27,51703.2,3056704.1,0.0169146892563136
DEU,2010,C28,100419.9,3056704.1,0.0328523457668015
DEU,2010,C29,110471.1,3056704.1,0.036140593392733
DEU,2010,C30,14288.5,3056704.1,0.0046744792863659
DEU,2010,C31T33,44695.4,3056704.1,0.0146220891973155
DEU,2010,D,72594.1,3056704.1,0.023749142090659
DEU,2010,E,31200.5,3056704.1,0.0102072359571866
DEU,2010,F,132399.5,3056704.1,0.0433144640987657
DEU,2010,G,300638.2,3056704.1,0.0983537137271481
DEU,2010,H49,52346.0,3056704.1,0.0171249811193697
DEU,2010,H50,11789.9,3056704.1,0.003857062906416
DEU,2010,H51,8202.9,3056704.1,0.0026835767322064
DEU,2010,H52,50940.1,3056704.1,0.0166650412776297
DEU,2010,H53,17247.2,3056704.1,0.0056424172689793
DEU,2010,I,43307.9,3056704.1,0.014168168911083
DEU,2010,J58T60,34525.8,3056704.1,0.0112951070402921
DEU,2010,J61,35771.7,3056704.1,0.0117027029210972
DEU,2010,J62_63,61737.2,3056704.1,0.0201973099064446
DEU,2010,K,152659.7,3056704.1,0.0499425835821007
DEU,2010,L,346976.9,3056704.1,0.1135134081182408
DEU,2010,M,188102.8,3056704.1,0.0615377850934279
DEU,2010,N,140231.4,3056704.1,0.0458766682715543
DEU,2010,O,194650.9,3056704.1,0.0636799944096649
DEU,2010,P,137060.8,3056704.1,0.0448394072556777
DEU,2010,Q,214432.8,3056704.1,0.0701516381647801
DEU,2010,R,40435.6,3056704.1,0.0132284966673745
DEU,2010,S,78140.4,3056704.1,0.0255636127814923
DEU,2010,T,7929.1,3056704.1,0.0025940031290565
DEU,2010,HFCE,0.0,3056704.1,0.0
DEU,2011,A01_02,33794.5,3365921.5,0.0100401925594521
DEU,2011,A03,310.2,3365921.5,9.215901202686992e-05
DEU,2011,B05_06,4147.3,3365921.5,0.0012321440057351
DEU,2011,B07_08,3067.7,3365921.5,0.0009113997459536
DEU,2011,B09,300.5,3365921.5,8.927718605439847e-05
DEU,2011,C10T12,52275.6,3365921.5,0.015530843485209
DEU,2011,C13T15,10320.2,3365921.5,0.0030660845774329
DEU,2011,C16,8781.5,3365921.5,0.0026089437914698
DEU,2011,C17_18,24655.5,3365921.5,0.0073250371406463
DEU,2011,C19,4639.8,3365921.5,0.0013784635203167
DEU,2011,C20,56520.3,3365921.5,0.0167919245888533
DEU,2011,C21,29619.4,3365921.5,0.008799789299899
DEU,2011,C22,34552.7,3365921.5,0.0102654503380426
DEU,2011,C23,20950.6,3365921.5,0.0062243281668927
DEU,2011,C24,28168.5,3365921.5,0.0083687334954187
DEU,2011,C25,68276.3,3365921.5,0.0202845788293042
DEU,2011,C26,44920.2,3365921.5,0.0133455875307846
DEU,2011,C27,57345.3,3365921.5,0.0170370283442439
DEU,2011,C28,118374.7,3365921.5,0.0351685860766509
DEU,2011,C29,132654.3,3365921.5,0.0394109904226821
DEU,2011,C30,15029.6,3365921.5,0.0044652259418408
DEU,2011,C31T33,51129.3,3365921.5,0.0151902829581735
DEU,2011,D,65748.4,3365921.5,0.0195335512132413
DEU,2011,E,35473.7,3365921.5,0.0105390752576968
DEU,2011,F,147432.0,3365921.5,0.0438013780178771
DEU,2011,G,332136.6,3365921.5,0.0986762763183871
DEU,2011,H49,57788.9,3365921.5,0.0171688198907787
DEU,2011,H50,11525.8,3365921.5,0.0034242628653104
DEU,2011,H51,7622.6,3365921.5,0.0022646398616248
DEU,2011,H52,55941.2,3365921.5,0.0166198766073421
DEU,2011,H53,17821.7,3365921.5,0.005294746178721
DEU,2011,I,48473.5,3365921.5,0.0144012568326385
DEU,2011,J58T60,38378.2,3365921.5,0.0114019890244023
DEU,2011,J61,37115.4,3365921.5,0.0110268168761511
DEU,2011,J62_63,75622.0,3365921.5,0.0224669529577561
DEU,2011,K,161546.1,3365921.5,0.0479946130650997
DEU,2011,L,386708.5,3365921.5,0.114889340110873
DEU,2011,M,201655.4,3365921.5,0.0599109040421768
DEU,2011,N,156361.0,3365921.5,0.0464541433898562
DEU,2011,O,208657.6,3365921.5,0.0619912258797479
DEU,2011,P,148859.4,3365921.5,0.044225452079022
DEU,2011,Q,234363.4,3365921.5,0.0696283023831661
DEU,2011,R,44441.6,3365921.5,0.0132033976431119
DEU,2011,S,83801.1,3365921.5,0.0248969264434717
DEU,2011,T,8613.4,3365921.5,0.0025590020444624
DEU,2011,HFCE,0.0,3365921.5,0.0
DEU,2012,A01_02,29621.7,3168032.3,0.0093501887591234
DEU,2012,A03,275.4,3168032.3,8.693093185950156e-05
DEU,2012,B05_06,4227.6,3168032.3,0.0013344560912462
DEU,2012,B07_08,2886.9,3168032.3,0.0009112596484574
DEU,2012,B09,328.8,3168032.3,0.0001037868206078
DEU,2012,C10T12,49732.1,3168032.3,0.0156981038356206
DEU,2012,C13T15,9237.3,3168032.3,0.002915784665453
DEU,2012,C16,7765.6,3168032.3,0.0024512376341617
DEU,2012,C17_18,23657.8,3168032.3,0.0074676637608776
DEU,2012,C19,4987.9,3168032.3,0.0015744473312345
DEU,2012,C20,51114.3,3168032.3,0.0161343998923243
DEU,2012,C21,28387.5,3168032.3,0.0089606093978271
DEU,2012,C22,32041.1,3168032.3,0.0101138804676959
DEU,2012,C23,19624.1,3168032.3,0.006194412853682
DEU,2012,C24,26959.3,3168032.3,0.0085097932871454
DEU,2012,C25,63622.5,3168032.3,0.0200826550916163
DEU,2012,C26,40563.2,3168032.3,0.0128039098591261
DEU,2012,C27,52262.4,3168032.3,0.0164968015004139
DEU,2012,C28,111539.1,3168032.3,0.0352076902751275
DEU,2012,C29,126003.2,3168032.3,0.0397733318564965
DEU,2012,C30,15287.8,3168032.3,0.0048256452435791
DEU,2012,C31T33,47843.4,3168032.3,0.0151019293584853
DEU,2012,D,68738.8,3168032.3,0.0216976323126503
DEU,2012,E,33336.9,3168032.3,0.0105229040751888
DEU,2012,F,141766.9,3168032.3,0.0447491965280783
DEU,2012,G,300336.4,3168032.3,0.0948021899902977
DEU,2012,H49,55508.7,3168032.3,0.0175215069619081
DEU,2012,H50,10315.3,3168032.3,0.0032560589738936
DEU,2012,H51,6739.6,3168032.3,0.0021273772997832
DEU,2012,H52,54192.9,3168032.3,0.0171061702874683
DEU,2012,H53,16196.5,3168032.3,0.0051124794403137
DEU,2012,I,47403.8,3168032.3,0.0149631681469914
DEU,2012,J58T60,36408.2,3168032.3,0.0114923702008972
DEU,2012,J61,33460.2,3168032.3,0.0105618241329168
DEU,2012,J62_63,74846.5,3168032.3,0.0236255482622446
DEU,2012,K,152072.7,3168032.3,0.0480022567951722
DEU,2012,L,351045.8,3168032.3,0.110808781842281
DEU,2012,M,195893.9,3168032.3,0.0618345652599564
DEU,2012,N,147322.4,3168032.3,0.0465028086992673
DEU,2012,O,196826.3,3168032.3,0.0621288804410232
DEU,2012,P,143092.2,3168032.3,0.0451675319093179
DEU,2012,Q,225988.0,3168032.3,0.0713338686603668
DEU,2012,R,42189.0,3168032.3,0.0133170990712436
DEU,2012,S,78425.6,3168032.3,0.0247553031577361
DEU,2012,T,7956.7,3168032.3,0.0025115589888398
DEU,2012,HFCE,0.0,3168032.3,0.0
DEU,2013,A01_02,34883.6,3357327.1,0.0103902893465459
DEU,2013,A03,291.2,3357327.1,8.673566540477989e-05
DEU,2013,B05_06,3649.0,3357327.1,0.0010868765215042
DEU,2013,B07_08,2854.2,3357327.1,0.0008501405776041
DEU,2013,B09,298.6,3357327.1,8.893979975915961e-05
DEU,2013,C10T12,53023.8,3357327.1,0.0157934566459133
DEU,2013,C13T15,9498.6,3357327.1,0.002829214943042
DEU,2013,C16,8186.0,3357327.1,0.002438249165534
DEU,2013,C17_18,23849.4,3357327.1,0.0071036867393707
DEU,2013,C19,6081.1,3357327.1,0.0018112920841106
DEU,2013,C20,52991.7,3357327.1,0.0157838954685112
DEU,2013,C21,29540.4,3357327.1,0.0087987852002862
DEU,2013,C22,34200.1,3357327.1,0.0101867047747596
DEU,2013,C23,20808.9,3357327.1,0.0061980555901151
DEU,2013,C24,26913.3,3357327.1,0.008016287718882
DEU,2013,C25,67388.9,3357327.1,0.0200721877829538
DEU,2013,C26,43007.3,3357327.1,0.0128099820836641
DEU,2013,C27,54451.6,3357327.1,0.0162187354339111
DEU,2013,C28,116539.7,3357327.1,0.0347120481647439
DEU,2013,C29,132724.7,3357327.1,0.0395328474249649
DEU,2013,C30,15467.4,3357327.1,0.0046070577990449
DEU,2013,C31T33,48765.9,3357327.1,0.0145252156097628
DEU,2013,D,65491.0,3357327.1,0.0195068868922542
DEU,2013,E,34624.8,3357327.1,0.0103132042153414
DEU,2013,F,148944.1,3357327.1,0.0443638929313738
DEU,2013,G,314067.9,3357327.1,0.0935470064862014
DEU,2013,H49,59399.7,3357327.1,0.0176925566770065
DEU,2013,H50,12365.4,3357327.1,0.0036831085061684
DEU,2013,H51,8022.8,3357327.1,0.0023896390673402
DEU,2013,H52,58517.2,3357327.1,0.017429698762447
DEU,2013,H53,18308.5,3357327.1,0.0054532964631298
DEU,2013,I,48087.6,3357327.1,0.0143231798891445
DEU,2013,J58T60,39623.3,3357327.1,0.0118020374005261
DEU,2013,J61,32246.5,3357327.1,0.0096048133052034
DEU,2013,J62_63,85786.3,3357327.1,0.0255519636439356
DEU,2013,K,154892.6,3357327.1,0.0461356893107019
DEU,2013,L,375994.6,3357327.1,0.1119922452596293
DEU,2013,M,212837.2,3357327.1,0.063394835731079
DEU,2013,N,160769.3,3357327.1,0.0478860996296726
DEU,2013,O,209041.6,3357327.1,0.0622642935208785
DEU,2013,P,152604.5,3357327.1,0.0454541650112078
DEU,2013,Q,244438.5,3357327.1,0.07280747234906
DEU,2013,R,45048.5,3357327.1,0.0134179657382803
DEU,2013,S,82245.4,3357327.1,0.0244972853553649
DEU,2013,T,8554.4,3357327.1,0.0025479793136629
DEU,2013,HFCE,0.0,3357327.1,0.0
DEU,2014,A01_02,34867.6,3501561.0,0.0099577302808661
DEU,2014,A03,304.3,3501561.0,8.690409791518698e-05
DEU,2014,B05_06,3091.4,3501561.0,0.000882863385787
DEU,2014,B07_08,3165.8,3501561.0,0.000904111052185
DEU,2014,B09,252.3,3501561.0,7.205357838975246e-05
DEU,2014,C10T12,54557.9,3501561.0,0.0155810222926289
DEU,2014,C13T15,10187.2,3501561.0,0.0029093310097982
DEU,2014,C16,8306.5,3501561.0,0.0023722277007311
DEU,2014,C17_18,23997.7,3501561.0,0.0068534290849138
DEU,2014,C19,4664.6,3501561.0,0.0013321487188142
DEU,2014,C20,55644.5,3501561.0,0.0158913410333277
DEU,2014,C21,31351.9,3501561.0,0.0089536923674898
DEU,2014,C22,35345.8,3501561.0,0.0100942979431173
DEU,2014,C23,22239.2,3501561.0,0.0063512244967316
DEU,2014,C24,27321.7,3501561.0,0.0078027199868858
DEU,2014,C25,69597.1,3501561.0,0.0198760210089157
DEU,2014,C26,45258.1,3501561.0,0.0129251211102705
DEU,2014,C27,57322.0,3501561.0,0.0163704130814799
DEU,2014,C28,122188.2,3501561.0,0.0348953509591864
DEU,2014,C29,150563.6,3501561.0,0.0429989938773021
DEU,2014,C30,17081.5,3501561.0,0.0048782528706482
DEU,2014,C31T33,50730.2,3501561.0,0.0144878812620999
DEU,2014,D,61624.0,3501561.0,0.0175990079852957
DEU,2014,E,36913.1,3501561.0,0.0105418983133522
DEU,2014,F,158828.9,3501561.0,0.0453594553971785
DEU,2014,G,338870.4,3501561.0,0.096776951765227
DEU,2014,H49,62222.1,3501561.0,0.0177698175185295
DEU,2014,H50,8939.1,3501561.0,0.0025528899824963
DEU,2014,H51,6840.2,3501561.0,0.0019534716088053
DEU,2014,H52,61093.1,3501561.0,0.0174473898926792
DEU,2014,H53,18949.3,3501561.0,0.0054116721085253
DEU,2014,I,51531.5,3501561.0,0.0147167220562486
DEU,2014,J58T60,39442.7,3501561.0,0.0112643189708818
DEU,2014,J61,34178.3,3501561.0,0.0097608752210799
DEU,2014,J62_63,91465.8,3501561.0,0.0261214355540286
DEU,2014,K,156019.8,3501561.0,0.0445572131971997
DEU,2014,L,383742.4,3501561.0,0.1095918077680211
DEU,2014,M,217465.8,3501561.0,0.0621053867118122
DEU,2014,N,175654.4,3501561.0,0.0501645980178554
DEU,2014,O,214512.0,3501561.0,0.0612618200853847
DEU,2014,P,158729.3,3501561.0,0.045331010940549
DEU,2014,Q,258343.3,3501561.0,0.0737794657868304
DEU,2014,R,46741.7,3501561.0,0.0133488178558077
DEU,2014,S,82755.5,3501561.0,0.0236338878574441
DEU,2014,T,8659.2,3501561.0,0.0024729542052815
DEU,2014,HFCE,0.0,3501561.0,0.0
DEU,2015,A01_02,22731.3,3020571.1,0.0075254974133864
DEU,2015,A03,257.1,3020571.1,8.511635432120767e-05
DEU,2015,B05_06,2387.4,3020571.1,0.0007903803356921
DEU,2015,B07_08,2564.7,3020571.1,0.0008490778449148
DEU,2015,B09,157.5,3020571.1,5.214245743131158e-05
DEU,2015,C10T12,48363.4,3020571.1,0.0160113430205301
DEU,2015,C13T15,8035.7,3020571.1,0.0026603247313066
DEU,2015,C16,7800.5,3020571.1,0.0025824586615425
DEU,2015,C17_18,20293.9,3020571.1,0.006718563916605
DEU,2015,C19,6058.6,3020571.1,0.0020057796355132
DEU,2015,C20,50412.9,3020571.1,0.0166898570935807
DEU,2015,C21,25297.4,3020571.1,0.0083750387468118
DEU,2015,C22,31224.1,3020571.1,0.0103371511433715
DEU,2015,C23,18223.7,3020571.1,0.0060331968348634
DEU,2015,C24,23348.1,3020571.1,0.0077296972085841
DEU,2015,C25,58945.6,3020571.1,0.019514720246115
DEU,2015,C26,42310.7,3020571.1,0.0140075166580253
DEU,2015,C27,45789.9,3020571.1,0.0151593518192635
DEU,2015,C28,104073.2,3020571.1,0.0344548088935896
DEU,2015,C29,134003.6,3020571.1,0.0443636635469365
DEU,2015,C30,14974.9,3020571.1,0.0049576386399247
DEU,2015,C31T33,43997.0,3020571.1,0.0145657885689232
DEU,2015,D,51166.2,3020571.1,0.0169392470185522
DEU,2015,E,32168.2,3020571.1,0.0106497079310597
DEU,2015,F,138576.7,3020571.1,0.0458776487664865
DEU,2015,G,294267.7,3020571.1,0.0974212128295871
DEU,2015,H49,52959.2,3020571.1,0.0175328433752147
DEU,2015,H50,7711.7,3020571.1,0.0025530602474479
DEU,2015,H51,9300.4,3020571.1,0.0030790203878994
DEU,2015,H52,50876.4,3020571.1,0.0168433048968786
DEU,2015,H53,16832.4,3020571.1,0.0055725885743924
DEU,2015,I,46141.5,3020571.1,0.0152757536480435
DEU,2015,J58T60,32471.8,3020571.1,0.010750218725194
DEU,2015,J61,29541.0,3020571.1,0.0097799386347833
DEU,2015,J62_63,77839.4,3020571.1,0.0257697625458973
DEU,2015,K,132941.9,3020571.1,0.0440121737243662
DEU,2015,L,332039.6,3020571.1,0.1099260997365696
DEU,2015,M,189015.2,3020571.1,0.062575981078545
DEU,2015,N,151420.7,3020571.1,0.0501298247871073
DEU,2015,O,183145.2,3020571.1,0.0606326399666606
DEU,2015,P,136180.3,3020571.1,0.0450842888617983
DEU,2015,Q,224687.1,3020571.1,0.0743856352197768
DEU,2015,R,41162.4,3020571.1,0.0136273567604483
DEU,2015,S,71300.3,3020571.1,0.0236049070323158
DEU,2015,T,7574.6,3020571.1,0.002507671479741
DEU,2015,HFCE,0.0,3020571.1,0.0
DEU,2016,A01_02,23941.0,3124637.0,0.0076620100190838
DEU,2016,A03,278.2,3124637.0,8.903434222919334e-05
DEU,2016,B05_06,1836.6,3124637.0,0.0005877802765569
DEU,2016,B07_08,2463.8,3124637.0,0.000788507593042
DEU,2016,B09,152.7,3124637.0,4.886967670164566e-05
DEU,2016,C10T12,50740.3,3124637.0,0.0162387822969516
DEU,2016,C13T15,8257.6,3124637.0,0.0026427389805599
DEU,2016,C16,7602.8,3124637.0,0.0024331786380305
DEU,2016,C17_18,20546.2,3124637.0,0.0065755478156342
DEU,2016,C19,5999.9,3124637.0,0.0019201910493922
DEU,2016,C20,52589.9,3124637.0,0.0168307230567902
DEU,2016,C21,28134.5,3124637.0,0.0090040859146198
DEU,2016,C22,32981.8,3124637.0,0.0105554021155097
DEU,2016,C23,19567.2,3124637.0,0.0062622314208018
DEU,2016,C24,22787.8,3124637.0,0.0072929431482761
DEU,2016,C25,61585.4,3124637.0,0.0197096174691652
DEU,2016,C26,44601.1,3124637.0,0.0142740100690096
DEU,2016,C27,47501.5,3124637.0,0.0152022458928829
DEU,2016,C28,106665.5,3124637.0,0.0341369253452481
DEU,2016,C29,146625.0,3124637.0,0.0469254508603719
DEU,2016,C30,15927.0,3124637.0,0.00509723209448
DEU,2016,C31T33,44347.8,3124637.0,0.0141929446524508
DEU,2016,D,55459.4,3124637.0,0.01774906973194
DEU,2016,E,32958.6,3124637.0,0.0105479772530377
DEU,2016,F,146621.7,3124637.0,0.0469243947376927
DEU,2016,G,308974.4,3124637.0,0.0988832942834639
DEU,2016,H49,52987.7,3124637.0,0.0169580338452114
DEU,2016,H50,7048.3,3124637.0,0.0022557180242056
DEU,2016,H51,9206.7,3124637.0,0.0029464862638444
DEU,2016,H52,52418.0,3124637.0,0.0167757086663186
DEU,2016,H53,17842.7,3124637.0,0.0057103273116205
DEU,2016,I,48757.6,3124637.0,0.0156042445890514
DEU,2016,J58T60,33713.5,3124637.0,0.0107895733168364
DEU,2016,J61,27913.3,3124637.0,0.0089332936913951
DEU,2016,J62_63,82001.0,3124637.0,0.0262433684296767
DEU,2016,K,130654.0,3124637.0,0.041814137130169
DEU,2016,L,338138.1,3124637.0,0.1082167624591272
DEU,2016,M,195143.1,3124637.0,0.0624530465458867
DEU,2016,N,155381.6,3124637.0,0.0497278883915155
DEU,2016,O,188656.5,3124637.0,0.0603770934031697
DEU,2016,P,141639.5,3124637.0,0.0453299055218254
DEU,2016,Q,234080.7,3124637.0,0.0749145260713484
DEU,2016,R,41705.1,3124637.0,0.0133471824087085
DEU,2016,S,70443.6,3124637.0,0.0225445707773414
DEU,2016,T,7758.3,3124637.0,0.0024829444188236
DEU,2016,HFCE,0.0,3124637.0,0.0
DEU,2017,A01_02,31192.3,3326373.6,0.0093772689874643
DEU,2017,A03,222.4,3326373.6,6.685959749079297e-05
DEU,2017,B05_06,2046.0,3326373.6,0.0006150842467003
DEU,2017,B07_08,2607.7,3326373.6,0.0007839468182407
DEU,2017,B09,158.1,3326373.6,4.752923724502864e-05
DEU,2017,C10T12,52274.6,3326373.6,0.0157151920638138
DEU,2017,C13T15,8656.3,3326373.6,0.0026023234431634
DEU,2017,C16,7741.9,3326373.6,0.0023274294865736
DEU,2017,C17_18,20606.7,3326373.6,0.0061949445486219
DEU,2017,C19,6162.6,3326373.6,0.0018526481811904
DEU,2017,C20,55849.5,3326373.6,0.0167899059804947
DEU,2017,C21,24974.4,3326373.6,0.0075079960952071
DEU,2017,C22,33401.5,3326373.6,0.0100414156726111
DEU,2017,C23,19818.8,3326373.6,0.0059580799943818
DEU,2017,C24,23421.8,3326373.6,0.0070412415490551
DEU,2017,C25,63511.2,3326373.6,0.0190932251266063
DEU,2017,C26,45681.6,3326373.6,0.0137331537263282
DEU,2017,C27,50250.2,3326373.6,0.0151066013751431
DEU,2017,C28,116410.9,3326373.6,0.0349963395572884
DEU,2017,C29,156213.3,3326373.6,0.0469620429887971
DEU,2017,C30,20003.3,3326373.6,0.006013545802552
DEU,2017,C31T33,47065.6,3326373.6,0.0141492224445263
DEU,2017,D,64898.6,3326373.6,0.0195103159789387
DEU,2017,E,35343.2,3326373.6,0.0106251444516033
DEU,2017,F,155779.8,3326373.6,0.0468317208866737
DEU,2017,G,332941.8,3326373.6,0.1000915230928961
DEU,2017,H49,54873.5,3326373.6,0.0164964933584128
DEU,2017,H50,9854.0,3326373.6,0.0029623852233555
DEU,2017,H51,9162.1,3326373.6,0.0027543809270251
DEU,2017,H52,54923.9,3326373.6,0.0165116449938154
DEU,2017,H53,18826.5,3326373.6,0.005659767141009
DEU,2017,I,51829.4,3326373.6,0.0155813526177576
DEU,2017,J58T60,34502.8,3326373.6,0.0103724969438189
DEU,2017,J61,29777.8,3326373.6,0.0089520311248261
DEU,2017,J62_63,88703.5,3326373.6,0.0266667279947147
DEU,2017,K,133685.2,3326373.6,0.0401894724032201
DEU,2017,L,353549.9,3326373.6,0.1062868885202792
DEU,2017,M,213402.7,3326373.6,0.0641547600065128
DEU,2017,N,166830.5,3326373.6,0.0501538672625347
DEU,2017,O,200919.5,3326373.6,0.0604019644696554
DEU,2017,P,149992.0,3326373.6,0.0450917479624056
DEU,2017,Q,251913.6,3326373.6,0.0757322027808301
DEU,2017,R,44576.4,3326373.6,0.0134009000071429
DEU,2017,S,73743.5,3326373.6,0.0221693378037872
DEU,2017,T,8072.7,3326373.6,0.0024268771252874
DEU,2017,HFCE,0.0,3326373.6,0.0
DEU,2018,A01_02,27155.7,3583587.0,0.007577798446082
DEU,2018,A03,225.6,3583587.0,6.295368299974299e-05
DEU,2018,B05_06,2284.0,3583587.0,0.0006373502303697
DEU,2018,B07_08,2721.7,3583587.0,0.0007594904211897
DEU,2018,B09,131.2,3583587.0,3.661136174453138e-05
DEU,2018,C10T12,55500.0,3583587.0,0.0154872757379686
DEU,2018,C13T15,8915.3,3583587.0,0.0024878145835443
DEU,2018,C16,8202.2,3583587.0,0.0022888240190624
DEU,2018,C17_18,21618.3,3583587.0,0.0060325869024527
DEU,2018,C19,5849.1,3583587.0,0.0016321914327739
DEU,2018,C20,54745.9,3583587.0,0.0152768441229416
DEU,2018,C21,28814.6,3583587.0,0.00804071451314
DEU,2018,C22,35845.5,3583587.0,0.010002687251628
DEU,2018,C23,21804.9,3583587.0,0.0060846576349339
DEU,2018,C24,27214.0,3583587.0,0.0075940670618572
DEU,2018,C25,68703.9,3583587.0,0.0191718242085374
DEU,2018,C26,51200.3,3583587.0,0.0142874443957967
DEU,2018,C27,53967.8,3583587.0,0.0150597153075954
DEU,2018,C28,125493.6,3583587.0,0.0350189907486549
DEU,2018,C29,162725.3,3583587.0,0.0454084971287148
DEU,2018,C30,17874.9,3583587.0,0.0049879910826777
DEU,2018,C31T33,47762.2,3583587.0,0.0133280425450812
DEU,2018,D,69819.7,3583587.0,0.0194831882133739
DEU,2018,E,39023.9,3583587.0,0.0108896198138903
DEU,2018,F,174793.0,3583587.0,0.0487759889741758
DEU,2018,G,356875.0,3583587.0,0.0995859734952716
DEU,2018,H49,59753.5,3583587.0,0.0166742149695263
DEU,2018,H50,9692.5,3583587.0,0.0027046922538785
DEU,2018,H51,8663.9,3583587.0,0.0024176614102015
DEU,2018,H52,61497.6,3583587.0,0.0171609060977171
DEU,2018,H53,19575.7,3583587.0,0.0054625993452928
DEU,2018,I,57233.4,3583587.0,0.0159709810310172
DEU,2018,J58T60,36237.0,3583587.0,0.0101119353318337
DEU,2018,J61,31441.6,3583587.0,0.0087737788980705
DEU,2018,J62_63,104548.3,3583587.0,0.0291742045051508
DEU,2018,K,139896.8,3583587.0,0.0390382039001704
DEU,2018,L,377035.3,3583587.0,0.1052117054783377
DEU,2018,M,231772.8,3583587.0,0.064676202921821
DEU,2018,N,185984.7,3583587.0,0.0518990330079889
DEU,2018,O,219169.0,3583587.0,0.0611591123642317
DEU,2018,P,163580.1,3583587.0,0.0456470290800809
DEU,2018,Q,271943.1,3583587.0,0.0758857256709548
DEU,2018,R,48108.1,3583587.0,0.0134245659446805
DEU,2018,S,79474.1,3583587.0,0.0221772486617459
DEU,2018,T,8711.9,3583587.0,0.0024310558108398
DEU,2018,HFCE,0.0,3583587.0,0.0
DEU,2019,A01_02,30014.0,3504462.3,0.0085645093114569
DEU,2019,A03,125.2,3504462.3,3.572588011575985e-05
DEU,2019,B05_06,2271.6,3504462.3,0.0006482021507265
DEU,2019,B07_08,2707.0,3504462.3,0.0007724437497872
DEU,2019,B09,130.5,3504462.3,3.723823766059632e-05
DEU,2019,C10T12,53509.4,3504462.3,0.0152689329829571
DEU,2019,C13T15,8369.8,3504462.3,0.0023883264488249
DEU,2019,C16,8792.6,3504462.3,0.0025089726318357
DEU,2019,C17_18,20683.4,3504462.3,0.0059020181212963
DEU,2019,C19,6146.2,3504462.3,0.001753821121146
DEU,2019,C20,52065.3,3504462.3,0.0148568583545612
DEU,2019,C21,29584.5,3504462.3,0.0084419512802292
DEU,2019,C22,34432.1,3504462.3,0.0098252162678422
DEU,2019,C23,21265.0,3504462.3,0.0060679779605561
DEU,2019,C24,23281.3,3504462.3,0.0066433301336984
DEU,2019,C25,64672.0,3504462.3,0.0184541862527669
DEU,2019,C26,49609.1,3504462.3,0.0141559805051976
DEU,2019,C27,49237.7,3504462.3,0.0140500013368669
DEU,2019,C28,117637.7,3504462.3,0.0335679741796623
DEU,2019,C29,152803.5,3504462.3,0.0436025520947964
DEU,2019,C30,18756.3,3504462.3,0.0053521192109842
DEU,2019,C31T33,48893.2,3504462.3,0.0139516980964526
DEU,2019,D,71217.5,3504462.3,0.0203219478206399
DEU,2019,E,38448.6,3504462.3,0.0109713264713961
DEU,2019,F,172611.1,3504462.3,0.0492546602655705
DEU,2019,G,349383.6,3504462.3,0.0996967780192698
DEU,2019,H49,59480.3,3504462.3,0.0169727321649315
DEU,2019,H50,10404.8,3504462.3,0.0029690146759461
DEU,2019,H51,7442.5,3504462.3,0.0021237209485746
DEU,2019,H52,61803.3,3504462.3,0.0176356013303381
DEU,2019,H53,20021.2,3504462.3,0.0057130590333358
DEU,2019,I,56487.5,3504462.3,0.0161187352479152
DEU,2019,J58T60,35149.6,3504462.3,0.0100299552373555
DEU,2019,J61,31034.0,3504462.3,0.0088555668012179
DEU,2019,J62_63,104384.5,3504462.3,0.0297861671960346
DEU,2019,K,136344.7,3504462.3,0.0389060256119747
DEU,2019,L,365974.5,3504462.3,0.1044309993005203
DEU,2019,M,220945.0,3504462.3,0.0630467618384709
DEU,2019,N,181308.6,3504462.3,0.0517364960667432
DEU,2019,O,218280.8,3504462.3,0.0622865310892344
DEU,2019,P,162824.2,3504462.3,0.0464619636513139
DEU,2019,Q,271350.6,3504462.3,0.0774300240011142
DEU,2019,R,47674.0,3504462.3,0.0136037987910442
DEU,2019,S,78383.7,3504462.3,0.022366826431547
DEU,2019,T,8520.3,3504462.3,0.0024312716960887
DEU,2019,HFCE,0.0,3504462.3,0.0
DEU,2020,A01_02,29077.1,3528158.7,0.0082414376654882
DEU,2020,A03,164.2,3528158.7,4.653985661132533e-05
DEU,2020,B05_06,2235.0,3528158.7,0.0006334749057631
DEU,2020,B07_08,2663.3,3528158.7,0.0007548696718206
DEU,2020,B09,128.4,3528158.7,3.639292076062225e-05
DEU,2020,C10T12,58169.0,3528158.7,0.0164870701536186
DEU,2020,C13T15,7763.4,3528158.7,0.0022004112229985
DEU,2020,C16,10448.6,3528158.7,0.0029614880985937
DEU,2020,C17_18,20778.5,3528158.7,0.0058893325858612
DEU,2020,C19,2304.0,3528158.7,0.0006530318491625
DEU,2020,C20,56358.0,3528158.7,0.0159737712478749
DEU,2020,C21,28591.0,3528158.7,0.0081036604164092
DEU,2020,C22,33932.8,3528158.7,0.0096177079562775
DEU,2020,C23,21890.0,3528158.7,0.006204369434969
DEU,2020,C24,20530.0,3528158.7,0.0058188992462272
DEU,2020,C25,60942.1,3528158.7,0.0172730608745009
DEU,2020,C26,48321.9,3528158.7,0.0136960675833544
DEU,2020,C27,49133.2,3528158.7,0.0139260175569766
DEU,2020,C28,107262.4,3528158.7,0.0304018070388953
DEU,2020,C29,135344.4,3528158.7,0.0383611995684887
DEU,2020,C30,15217.7,3528158.7,0.004313213008247
DEU,2020,C31T33,49916.1,3528158.7,0.0141479180060692
DEU,2020,D,72282.0,3528158.7,0.0204871736637016
DEU,2020,E,39384.2,3528158.7,0.011162819858415
DEU,2020,F,190951.5,3528158.7,0.0541221402540651
DEU,2020,G,365968.3,3528158.7,0.1037278453489067
DEU,2020,H49,53120.7,3528158.7,0.0150562104816883
DEU,2020,H50,8924.8,3528158.7,0.0025295914268255
DEU,2020,H51,4759.8,3528158.7,0.0013490889738038
DEU,2020,H52,59567.5,3528158.7,0.0168834525499093
DEU,2020,H53,23038.0,3528158.7,0.006529751623701
DEU,2020,I,35516.8,3528158.7,0.0100666673525768
DEU,2020,J58T60,33037.6,3528158.7,0.0093639778732175
DEU,2020,J61,33593.9,3528158.7,0.0095216521864506
DEU,2020,J62_63,109874.5,3528158.7,0.0311421648918457
DEU,2020,K,140954.4,3528158.7,0.0399512640970486
DEU,2020,L,379592.8,3528158.7,0.1075894913684013
DEU,2020,M,229151.2,3528158.7,0.0649492325841238
DEU,2020,N,170371.6,3528158.7,0.0482890976531186
DEU,2020,O,232784.7,3528158.7,0.0659790898861777
DEU,2020,P,168760.2,3528158.7,0.047832372166252
DEU,2020,Q,288377.2,3528158.7,0.0817358924359043
DEU,2020,R,39450.4,3528158.7,0.01118158318672
DEU,2020,S,78959.0,3528158.7,0.0223796622300465
DEU,2020,T,8566.5,3528158.7,0.0024280370381298
DEU,2020,HFCE,0.0,3528158.7,0.0
ITA,1995,A01_02,33338.7,1061529.8,0.0314062779961523
ITA,1995,A03,1640.9,1061529.8,0.0015457879750526
ITA,1995,B05_06,5080.5,1061529.8,0.0047860173119963
ITA,1995,B07_08,919.9,1061529.8,0.0008665795345547
ITA,1995,B09,212.9,1061529.8,0.0002005596074646
ITA,1995,C10T12,21909.7,1061529.8,0.0206397408720885
ITA,1995,C13T15,31102.7,1061529.8,0.0292998839976042
ITA,1995,C16,6784.1,1061529.8,0.0063908709863821
ITA,1995,C17_18,11100.8,1061529.8,0.0104573606883198
ITA,1995,C19,4582.9,1061529.8,0.0043172598640188
ITA,1995,C20,11704.4,1061529.8,0.0110259740235271
ITA,1995,C21,5772.1,1061529.8,0.0054375298743379
ITA,1995,C22,10620.4,1061529.8,0.0100048062711004
ITA,1995,C23,12469.1,1061529.8,0.0117463494665905
ITA,1995,C24,11728.1,1061529.8,0.0110483002926531
ITA,1995,C25,20949.6,1061529.8,0.0197352914633202
ITA,1995,C26,7152.4,1061529.8,0.0067378230926724
ITA,1995,C27,9075.1,1061529.8,0.0085490770018891
ITA,1995,C28,22579.4,1061529.8,0.0212706228313138
ITA,1995,C29,11090.9,1061529.8,0.0104480345252672
ITA,1995,C30,5958.2,1061529.8,0.0056128428989935
ITA,1995,C31T33,18578.8,1061529.8,0.0175019109213891
ITA,1995,D,18176.3,1061529.8,0.017122741160917
ITA,1995,E,6673.9,1061529.8,0.0062870585451298
ITA,1995,F,55436.3,1061529.8,0.052223027558906
ITA,1995,G,149132.7,1061529.8,0.1404884723914486
ITA,1995,H49,29604.2,1061529.8,0.0278882420446416
ITA,1995,H50,3551.9,1061529.8,0.0033460200552071
ITA,1995,H51,4252.4,1061529.8,0.0040059167439293
ITA,1995,H52,14587.5,1061529.8,0.0137419599525138
ITA,1995,H53,3354.2,1061529.8,0.0031597794051565
ITA,1995,I,32714.4,1061529.8,0.0308181645018349
ITA,1995,J58T60,8185.3,1061529.8,0.007710852771161
ITA,1995,J61,14845.8,1061529.8,0.0139852880248863
ITA,1995,J62_63,11200.4,1061529.8,0.010551187540849
ITA,1995,K,49520.6,1061529.8,0.0466502212184716
ITA,1995,L,101022.6,1061529.8,0.0951669938988052
ITA,1995,M,66101.8,1061529.8,0.0622703196839127
ITA,1995,N,22067.9,1061529.8,0.0207887710735958
ITA,1995,O,67355.2,1061529.8,0.0634510684485729
ITA,1995,P,50281.1,1061529.8,0.0473666401075127
ITA,1995,Q,47748.9,1061529.8,0.044981214846724
ITA,1995,R,8991.7,1061529.8,0.0084705111434459
ITA,1995,S,21690.5,1061529.8,0.0204332464335904
ITA,1995,T,10682.6,1061529.8,0.0100634009520976
ITA,1995,HFCE,0.0,1061529.8,0.0
ITA,1996,A01_02,37384.6,1189271.2,0.0314348821362192
ITA,1996,A03,1656.6,1189271.2,0.0013929539368312
ITA,1996,B05_06,5507.8,1189271.2,0.0046312397037782
ITA,1996,B07_08,1148.7,1189271.2,0.0009658856617397
ITA,1996,B09,245.7,1189271.2,0.0002065971159479
ITA,1996,C10T12,24484.6,1189271.2,0.0205879029106229
ITA,1996,C13T15,33225.0,1189271.2,0.0279372778891812
ITA,1996,C16,7275.1,1189271.2,0.0061172758576849
ITA,1996,C17_18,11864.4,1189271.2,0.0099761938235786
ITA,1996,C19,4435.9,1189271.2,0.0037299314067304
ITA,1996,C20,12114.7,1189271.2,0.0101866588545993
ITA,1996,C21,6998.1,1189271.2,0.0058843601022205
ITA,1996,C22,11674.2,1189271.2,0.0098162639438338
ITA,1996,C23,13404.0,1189271.2,0.011270768181387
ITA,1996,C24,9863.4,1189271.2,0.0082936507669571
ITA,1996,C25,25860.7,1189271.2,0.0217449981131301
ITA,1996,C26,7687.2,1189271.2,0.006463790597132
ITA,1996,C27,10301.1,1189271.2,0.0086616912946348
ITA,1996,C28,26247.0,1189271.2,0.022069818894126
ITA,1996,C29,12135.1,1189271.2,0.0102038122170956
ITA,1996,C30,6297.9,1189271.2,0.0052955961600684
ITA,1996,C31T33,20865.1,1189271.2,0.0175444423441852
ITA,1996,D,19892.2,1189271.2,0.0167263783063106
ITA,1996,E,7278.1,1189271.2,0.0061197984109932
ITA,1996,F,61405.5,1189271.2,0.0516328823904926
ITA,1996,G,163000.3,1189271.2,0.1370589820051137
ITA,1996,H49,33686.9,1189271.2,0.0283256670135457
ITA,1996,H50,3451.6,1189271.2,0.0029022816662843
ITA,1996,H51,4558.4,1189271.2,0.0038329356668184
ITA,1996,H52,15685.2,1189271.2,0.0131889177170018
ITA,1996,H53,3605.3,1189271.2,0.0030315204807784
ITA,1996,I,38557.6,1189271.2,0.032421200479756
ITA,1996,J58T60,9861.2,1189271.2,0.008291800894531
ITA,1996,J61,17934.9,1189271.2,0.0150805804428796
ITA,1996,J62_63,14103.7,1189271.2,0.0118591116979878
ITA,1996,K,55375.3,1189271.2,0.0465623820706328
ITA,1996,L,113128.6,1189271.2,0.0951243080636275
ITA,1996,M,75618.8,1189271.2,0.0635841513693428
ITA,1996,N,25340.7,1189271.2,0.0213077555396952
ITA,1996,O,77027.6,1189271.2,0.0647687424029102
ITA,1996,P,57720.1,1189271.2,0.048534009736383
ITA,1996,Q,54419.7,1189271.2,0.0457588647568359
ITA,1996,R,10935.3,1189271.2,0.0091949590640049
ITA,1996,S,23687.8,1189271.2,0.0199179127519442
ITA,1996,T,12319.5,1189271.2,0.0103588651604444
ITA,1996,HFCE,0.0,1189271.2,0.0
ITA,1997,A01_02,34143.9,1119400.3,0.0305019571640279
ITA,1997,A03,1398.6,1119400.3,0.0012494189969397
ITA,1997,B05_06,5533.0,1119400.3,0.0049428251895233
ITA,1997,B07_08,1126.9,1119400.3,0.0010066997480704
ITA,1997,B09,244.6,1119400.3,0.0002185098574656
ITA,1997,C10T12,23218.8,1119400.3,0.0207421777535703
ITA,1997,C13T15,30336.7,1119400.3,0.0271008503392396
ITA,1997,C16,6556.5,1119400.3,0.0058571540493601
ITA,1997,C17_18,10519.7,1119400.3,0.0093976212084274
ITA,1997,C19,4318.5,1119400.3,0.0038578692537423
ITA,1997,C20,11298.3,1119400.3,0.0100931722101557
ITA,1997,C21,6847.5,1119400.3,0.006117114672919
ITA,1997,C22,10821.2,1119400.3,0.0096669618544858
ITA,1997,C23,12216.3,1119400.3,0.010913254177259
ITA,1997,C24,9211.7,1119400.3,0.0082291384056266
ITA,1997,C25,23751.8,1119400.3,0.0212183255623569
ITA,1997,C26,7411.6,1119400.3,0.0066210452150137
ITA,1997,C27,9845.3,1119400.3,0.0087951557633136
ITA,1997,C28,24669.5,1119400.3,0.0220381395288173
ITA,1997,C29,12988.2,1119400.3,0.0116028198312971
ITA,1997,C30,6069.8,1119400.3,0.0054223676731192
ITA,1997,C31T33,19118.0,1119400.3,0.0170787876329852
ITA,1997,D,17908.6,1119400.3,0.0159983877081326
ITA,1997,E,7229.0,1119400.3,0.0064579221570692
ITA,1997,F,55753.2,1119400.3,0.0498063114687391
ITA,1997,G,151985.2,1119400.3,0.135773771009352
ITA,1997,H49,30615.6,1119400.3,0.0273500016035371
ITA,1997,H50,3186.4,1119400.3,0.0028465241611959
ITA,1997,H51,4095.6,1119400.3,0.0036587447761091
ITA,1997,H52,15375.1,1119400.3,0.0137351222793133
ITA,1997,H53,3685.0,1119400.3,0.003291941229603
ITA,1997,I,36150.9,1119400.3,0.0322948814646556
ITA,1997,J58T60,9284.9,1119400.3,0.0082945305624806
ITA,1997,J61,17134.3,1119400.3,0.0153066780489517
ITA,1997,J62_63,13451.6,1119400.3,0.0120167914909438
ITA,1997,K,48102.3,1119400.3,0.0429714910742832
ITA,1997,L,107334.0,1119400.3,0.0958852699968009
ITA,1997,M,75946.2,1119400.3,0.0678454347385827
ITA,1997,N,24245.1,1119400.3,0.0216590079527404
ITA,1997,O,73027.7,1119400.3,0.0652382351514467
ITA,1997,P,54314.9,1119400.3,0.0485214270533963
ITA,1997,Q,55200.0,1119400.3,0.0493121182833343
ITA,1997,R,10308.0,1119400.3,0.009208502088127
ITA,1997,S,21945.5,1119400.3,0.0196046936917919
ITA,1997,T,11474.8,1119400.3,0.0102508459216957
ITA,1997,HFCE,0.0,1119400.3,0.0
ITA,1998,A01_02,33739.4,1139319.1,0.0296136525754724
ITA,1998,A03,1427.3,1139319.1,0.0012527657966938
ITA,1998,B05_06,4589.7,1139319.1,0.0040284587522494
ITA,1998,B07_08,1190.1,1139319.1,0.0010445712706826
ITA,1998,B09,227.3,1139319.1,0.0001995051254736
ITA,1998,C10T12,23815.5,1139319.1,0.0209032745962039
ITA,1998,C13T15,30193.4,1139319.1,0.0265012672920167
ITA,1998,C16,6804.7,1139319.1,0.0059726024078767
ITA,1998,C17_18,11150.6,1139319.1,0.0097870737004233
ITA,1998,C19,4786.9,1139319.1,0.0042015445892199
ITA,1998,C20,10819.7,1139319.1,0.0094966370703343
ITA,1998,C21,7187.8,1139319.1,0.0063088558771638
ITA,1998,C22,11678.1,1139319.1,0.0102500695371472
ITA,1998,C23,11967.9,1139319.1,0.0105044319892469
ITA,1998,C24,9203.7,1139319.1,0.0080782460330911
ITA,1998,C25,24377.8,1139319.1,0.0213968149923932
ITA,1998,C26,7329.3,1139319.1,0.0064330528646452
ITA,1998,C27,9735.0,1139319.1,0.0085445771952739
ITA,1998,C28,25351.4,1139319.1,0.0222513604836432
ITA,1998,C29,12583.1,1139319.1,0.0110444036266924
ITA,1998,C30,7191.8,1139319.1,0.0063123667460678
ITA,1998,C31T33,18975.9,1139319.1,0.0166554743091729
ITA,1998,D,19258.5,1139319.1,0.0169035171972452
ITA,1998,E,7823.8,1139319.1,0.0068670840329105
ITA,1998,F,54643.9,1139319.1,0.0479618923267414
ITA,1998,G,152859.4,1139319.1,0.1341673285385981
ITA,1998,H49,33561.0,1139319.1,0.029457067822351
ITA,1998,H50,3489.3,1139319.1,0.0030626187167405
ITA,1998,H51,3955.5,1139319.1,0.0034718104875096
ITA,1998,H52,15491.9,1139319.1,0.0135975074937302
ITA,1998,H53,4018.1,1139319.1,0.0035267555858582
ITA,1998,I,37845.7,1139319.1,0.0332178228206654
ITA,1998,J58T60,9349.0,1139319.1,0.0082057783460314
ITA,1998,J61,18273.8,1139319.1,0.0160392290447864
ITA,1998,J62_63,14564.8,1139319.1,0.01278377585349
ITA,1998,K,53786.3,1139319.1,0.0472091620337094
ITA,1998,L,110291.9,1139319.1,0.0968051005201264
ITA,1998,M,73775.2,1139319.1,0.0647537638928374
ITA,1998,N,25304.4,1139319.1,0.0222101077740204
ITA,1998,O,73353.6,1139319.1,0.0643837183103487
ITA,1998,P,54575.6,1139319.1,0.0479019442402045
ITA,1998,Q,55058.2,1139319.1,0.0483255305734802
ITA,1998,R,10055.9,1139319.1,0.0088262366531027
ITA,1998,S,22463.3,1139319.1,0.019716425363184
ITA,1998,T,11193.6,1139319.1,0.009824815541142
ITA,1998,HFCE,0.0,1139319.1,0.0
ITA,1999,A01_02,32772.4,1121174.2,0.0292304264582613
ITA,1999,A03,1321.9,1121174.2,0.0011790317686582
ITA,1999,B05_06,4541.4,1121174.2,0.0040505748348472
ITA,1999,B07_08,1246.3,1121174.2,0.0011116024610626
ITA,1999,B09,232.3,1121174.2,0.0002071934941064
ITA,1999,C10T12,22326.4,1121174.2,0.0199134086389073
ITA,1999,C13T15,27410.2,1121174.2,0.0244477619980909
ITA,1999,C16,6783.5,1121174.2,0.006050353281408
ITA,1999,C17_18,10711.7,1121174.2,0.0095540015102024
ITA,1999,C19,3069.1,1121174.2,0.0027373979886444
ITA,1999,C20,10931.3,1121174.2,0.0097498675941704
ITA,1999,C21,7406.0,1121174.2,0.0066055747626015
ITA,1999,C22,11167.1,1121174.2,0.0099601828154804
ITA,1999,C23,12336.1,1121174.2,0.0110028397014487
ITA,1999,C24,7939.5,1121174.2,0.0070814151806204
ITA,1999,C25,24084.7,1121174.2,0.0214816751937388
ITA,1999,C26,6994.3,1121174.2,0.0062383704512643
ITA,1999,C27,9274.2,1121174.2,0.0082718635516229
ITA,1999,C28,24918.7,1121174.2,0.0222255381902294
ITA,1999,C29,12671.7,1121174.2,0.0113021687441612
ITA,1999,C30,6303.5,1121174.2,0.0056222306934997
ITA,1999,C31T33,19004.8,1121174.2,0.0169508003305819
ITA,1999,D,18206.2,1121174.2,0.0162385113749495
ITA,1999,E,7986.3,1121174.2,0.0071231571329415
ITA,1999,F,53587.0,1121174.2,0.0477954273296692
ITA,1999,G,147157.7,1121174.2,0.131253198655481
ITA,1999,H49,31492.9,1121174.2,0.0280892121848683
ITA,1999,H50,3519.4,1121174.2,0.0031390304914258
ITA,1999,H51,3101.2,1121174.2,0.0027660286867107
ITA,1999,H52,15552.8,1121174.2,0.0138718853858749
ITA,1999,H53,4447.1,1121174.2,0.0039664665847644
ITA,1999,I,38280.0,1121174.2,0.0341427763856856
ITA,1999,J58T60,9377.6,1121174.2,0.0083640882924348
ITA,1999,J61,19047.7,1121174.2,0.0169890637868762
ITA,1999,J62_63,15820.3,1121174.2,0.0141104745364279
ITA,1999,K,53969.4,1121174.2,0.0481364983247028
ITA,1999,L,112459.9,1121174.2,0.1003054654664725
ITA,1999,M,74554.5,1121174.2,0.066496803083767
ITA,1999,N,26431.9,1121174.2,0.0235751946486103
ITA,1999,O,71759.1,1121174.2,0.0640035241624361
ITA,1999,P,53613.0,1121174.2,0.0478186173031809
ITA,1999,Q,54416.4,1121174.2,0.0485351874846923
ITA,1999,R,10124.4,1121174.2,0.0090301756854554
ITA,1999,S,22103.8,1121174.2,0.0197148667887648
ITA,1999,T,10718.5,1121174.2,0.0095600665801977
ITA,1999,HFCE,0.0,1121174.2,0.0
ITA,2000,A01_02,28195.2,1027478.3,0.0274411634776131
ITA,2000,A03,1201.0,1027478.3,0.001168881133548
ITA,2000,B05_06,4296.4,1027478.3,0.0041814995022279
ITA,2000,B07_08,1007.6,1027478.3,0.0009806533140407
ITA,2000,B09,202.6,1027478.3,0.0001971817798974
ITA,2000,C10T12,20272.4,1027478.3,0.0197302463711399
ITA,2000,C13T15,25151.3,1027478.3,0.024478667821987
ITA,2000,C16,6122.2,1027478.3,0.0059584713370588
ITA,2000,C17_18,9603.8,1027478.3,0.0093469613908147
ITA,2000,C19,2956.4,1027478.3,0.0028773357062626
ITA,2000,C20,9268.4,1027478.3,0.0090205311391977
ITA,2000,C21,6660.9,1027478.3,0.0064827646481682
ITA,2000,C22,9580.1,1027478.3,0.0093238952102443
ITA,2000,C23,11153.4,1027478.3,0.0108551197626266
ITA,2000,C24,7270.8,1027478.3,0.0070763538266452
ITA,2000,C25,21126.7,1027478.3,0.020561699453896
ITA,2000,C26,6613.4,1027478.3,0.0064365349613709
ITA,2000,C27,8498.1,1027478.3,0.0082708316078305
ITA,2000,C28,23400.0,1027478.3,0.0227742036011855
ITA,2000,C29,10583.4,1027478.3,0.0103003635210592
ITA,2000,C30,6027.1,1027478.3,0.0058659146378079
ITA,2000,C31T33,17228.2,1027478.3,0.0167674587385446
ITA,2000,D,15136.8,1027478.3,0.0147319899602745
ITA,2000,E,6698.9,1027478.3,0.006519748397606
ITA,2000,F,49897.7,1027478.3,0.0485632640611485
ITA,2000,G,133149.1,1027478.3,0.1295882355860946
ITA,2000,H49,27974.7,1027478.3,0.0272265604052173
ITA,2000,H50,3331.6,1027478.3,0.0032425015691328
ITA,2000,H51,2303.6,1027478.3,0.0022419938211833
ITA,2000,H52,16717.0,1027478.3,0.0162699299829495
ITA,2000,H53,3897.3,1027478.3,0.0037930728074743
ITA,2000,I,36761.8,1027478.3,0.0357786631600881
ITA,2000,J58T60,8428.3,1027478.3,0.0082028982996526
ITA,2000,J61,17220.6,1027478.3,0.016760061988657
ITA,2000,J62_63,14955.4,1027478.3,0.0145554412195371
ITA,2000,K,51543.2,1027478.3,0.0501647577374626
ITA,2000,L,104230.5,1027478.3,0.101443018309973
ITA,2000,M,71454.7,1027478.3,0.0695437558145996
ITA,2000,N,24156.9,1027478.3,0.0235108614945931
ITA,2000,O,65305.1,1027478.3,0.0635586172476829
ITA,2000,P,47251.8,1027478.3,0.0459881245180555
ITA,2000,Q,52096.1,1027478.3,0.050702871291783
ITA,2000,R,9354.1,1027478.3,0.0091039392267457
ITA,2000,S,19542.9,1027478.3,0.0190202557075901
ITA,2000,T,9650.8,1027478.3,0.0093927044493299
ITA,2000,HFCE,0.0,1027478.3,0.0
ITA,2001,A01_02,27911.2,1052792.0,0.026511599632216
ITA,2001,A03,1168.0,1052792.0,0.0011094309227273
ITA,2001,B05_06,3683.9,1052792.0,0.0034991717262289
ITA,2001,B07_08,1084.1,1052792.0,0.0010297380679184
ITA,2001,B09,195.1,1052792.0,0.0001853167577261
ITA,2001,C10T12,19887.4,1052792.0,0.0188901511409661
ITA,2001,C13T15,25939.4,1052792.0,0.0246386750659199
ITA,2001,C16,6742.9,1052792.0,0.0064047789116938
ITA,2001,C17_18,9591.0,1052792.0,0.0091100616266081
ITA,2001,C19,2730.9,1052792.0,0.0025939596805446
ITA,2001,C20,8346.9,1052792.0,0.0079283467199598
ITA,2001,C21,7002.5,1052792.0,0.0066513613325329
ITA,2001,C22,9263.5,1052792.0,0.008798984034833
ITA,2001,C23,11491.3,1052792.0,0.0109150715430968
ITA,2001,C24,6583.9,1052792.0,0.0062537519282061
ITA,2001,C25,21717.5,1052792.0,0.0206284812194621
ITA,2001,C26,7021.2,1052792.0,0.0066691236255594
ITA,2001,C27,8235.9,1052792.0,0.007822912788091
ITA,2001,C28,23165.5,1052792.0,0.0220038716099666
ITA,2001,C29,10040.6,1052792.0,0.0095371165434387
ITA,2001,C30,5266.8,1052792.0,0.0050026975888874
ITA,2001,C31T33,17212.0,1052792.0,0.0163489084263558
ITA,2001,D,16479.5,1052792.0,0.015653139461546
ITA,2001,E,6501.6,1052792.0,0.0061755788417845
ITA,2001,F,53562.0,1052792.0,0.0508761464752771
ITA,2001,G,135976.6,1052792.0,0.1291580863076467
ITA,2001,H49,28293.0,1052792.0,0.0268742543636349
ITA,2001,H50,2940.9,1052792.0,0.0027934292813775
ITA,2001,H51,2509.0,1052792.0,0.0023831868023313
ITA,2001,H52,18602.8,1052792.0,0.0176699670970144
ITA,2001,H53,4274.6,1052792.0,0.0040602512177144
ITA,2001,I,37781.8,1052792.0,0.0358872407845044
ITA,2001,J58T60,8818.0,1052792.0,0.0083758235244948
ITA,2001,J61,19944.1,1052792.0,0.0189440079331909
ITA,2001,J62_63,16382.0,1052792.0,0.0155605285754451
ITA,2001,K,53774.3,1052792.0,0.0510778007431667
ITA,2001,L,108571.3,1052792.0,0.1031270184423893
ITA,2001,M,69941.4,1052792.0,0.0664342054270929
ITA,2001,N,25965.5,1052792.0,0.0246634662877377
ITA,2001,O,66553.3,1052792.0,0.0632160008814656
ITA,2001,P,48674.1,1052792.0,0.0462333490376066
ITA,2001,Q,53647.5,1052792.0,0.0509573590984733
ITA,2001,R,9650.9,1052792.0,0.0091669579556075
ITA,2001,S,19739.1,1052792.0,0.0187492876085684
ITA,2001,T,9927.2,1052792.0,0.009429402958989
ITA,2001,HFCE,0.0,1052792.0,0.0
ITA,2002,A01_02,28915.3,1151046.9,0.0251208704006761
ITA,2002,A03,1361.5,1151046.9,0.0011828362510684
ITA,2002,B05_06,4245.9,1151046.9,0.0036887289301591
ITA,2002,B07_08,1181.4,1151046.9,0.0010263699941331
ITA,2002,B09,217.4,1151046.9,0.0001888715394655
ITA,2002,C10T12,22482.1,1151046.9,0.0195318713772653
ITA,2002,C13T15,26508.9,1151046.9,0.023030251851597
ITA,2002,C16,6659.8,1151046.9,0.0057858632867175
ITA,2002,C17_18,10533.1,1151046.9,0.0091508869013069
ITA,2002,C19,2209.1,1151046.9,0.001919209373658
ITA,2002,C20,9302.7,1151046.9,0.0080819469649759
ITA,2002,C21,7896.9,1151046.9,0.0068606240110633
ITA,2002,C22,10542.8,1151046.9,0.0091593140123134
ITA,2002,C23,13326.2,1151046.9,0.0115774604840167
ITA,2002,C24,6599.2,1151046.9,0.005733215562285
ITA,2002,C25,23664.6,1151046.9,0.0205591970231621
ITA,2002,C26,7376.8,1151046.9,0.0064087744817348
ITA,2002,C27,9149.9,1151046.9,0.0079491982472651
ITA,2002,C28,23973.3,1151046.9,0.0208273876590085
ITA,2002,C29,10000.3,1151046.9,0.0086880039379802
ITA,2002,C30,5725.6,1151046.9,0.0049742543071007
ITA,2002,C31T33,18632.1,1151046.9,0.0161870902045781
ITA,2002,D,18246.3,1151046.9,0.0158519170678449
ITA,2002,E,7475.3,1151046.9,0.0064943487532958
ITA,2002,F,60857.8,1151046.9,0.052871694454848
ITA,2002,G,143708.4,1151046.9,0.1248501690070144
ITA,2002,H49,32010.8,1151046.9,0.0278101613409497
ITA,2002,H50,2940.2,1151046.9,0.0025543702867363
ITA,2002,H51,2365.1,1151046.9,0.0020547381692266
ITA,2002,H52,20639.8,1151046.9,0.0179313284280597
ITA,2002,H53,4290.7,1151046.9,0.0037276500201685
ITA,2002,I,39918.6,1151046.9,0.0346802549922162
ITA,2002,J58T60,9643.2,1151046.9,0.0083777646245344
ITA,2002,J61,23617.7,1151046.9,0.0205184515070584
ITA,2002,J62_63,19983.8,1151046.9,0.017361412467207
ITA,2002,K,54958.6,1151046.9,0.0477466209239606
ITA,2002,L,125335.6,1151046.9,0.1088883519863526
ITA,2002,M,76605.9,1151046.9,0.0665532394900677
ITA,2002,N,29170.5,1151046.9,0.0253425816098371
ITA,2002,O,73713.6,1151046.9,0.0640404834937655
ITA,2002,P,54007.2,1151046.9,0.0469200690258581
ITA,2002,Q,58748.4,1151046.9,0.0510391018819476
ITA,2002,R,10880.8,1151046.9,0.0094529597360455
ITA,2002,S,20055.1,1151046.9,0.0174233560769765
ITA,2002,T,11368.6,1151046.9,0.0098767478544966
ITA,2002,HFCE,0.0,1151046.9,0.0
ITA,2003,A01_02,35445.6,1426934.2,0.0248403885757311
ITA,2003,A03,1753.9,1426934.2,0.0012291386666603
ITA,2003,B05_06,4357.8,1426934.2,0.0030539600214221
ITA,2003,B07_08,1328.3,1426934.2,0.000930876840712
ITA,2003,B09,235.5,1426934.2,0.0001650391447622
ITA,2003,C10T12,26997.5,1426934.2,0.0189199333788481
ITA,2003,C13T15,30320.9,1426934.2,0.0212489826090088
ITA,2003,C16,7672.7,1426934.2,0.0053770524247018
ITA,2003,C17_18,12171.6,1426934.2,0.0085298957723488
ITA,2003,C19,3035.6,1426934.2,0.0021273580800011
ITA,2003,C20,10427.7,1426934.2,0.0073077651373132
ITA,2003,C21,9578.9,1426934.2,0.0067129234130067
ITA,2003,C22,11816.7,1426934.2,0.0082811807299874
ITA,2003,C23,15528.2,1426934.2,0.0108822116675036
ITA,2003,C24,8878.3,1426934.2,0.0062219407173785
ITA,2003,C25,29057.9,1426934.2,0.0203638682148062
ITA,2003,C26,8594.5,1426934.2,0.0060230527798688
ITA,2003,C27,11108.4,1426934.2,0.0077848018500082
ITA,2003,C28,29646.1,1426934.2,0.0207760806349725
ITA,2003,C29,11656.4,1426934.2,0.008168841983043
ITA,2003,C30,6521.2,1426934.2,0.0045700775831149
ITA,2003,C31T33,21473.5,1426934.2,0.0150486967093507
ITA,2003,D,22095.2,1426934.2,0.0154843860354598
ITA,2003,E,9295.6,1426934.2,0.0065143858770782
ITA,2003,F,78623.8,1426934.2,0.0550998076855961
ITA,2003,G,173668.9,1426934.2,0.1217077143431
ITA,2003,H49,40006.6,1426934.2,0.0280367517997676
ITA,2003,H50,3602.4,1426934.2,0.0025245733124905
ITA,2003,H51,3158.4,1426934.2,0.0022134167083527
ITA,2003,H52,24549.3,1426934.2,0.0172042270764832
ITA,2003,H53,4907.8,1426934.2,0.0034394017607819
ITA,2003,I,48838.2,1426934.2,0.0342259650094587
ITA,2003,J58T60,11160.8,1426934.2,0.0078215239357217
ITA,2003,J61,28685.1,1426934.2,0.0201026087958365
ITA,2003,J62_63,23905.1,1426934.2,0.0167527696792185
ITA,2003,K,72918.4,1426934.2,0.0511014453224262
ITA,2003,L,160672.9,1426934.2,0.1126000764436089
ITA,2003,M,98968.0,1426934.2,0.0693570873835668
ITA,2003,N,37520.4,1426934.2,0.0262944149772288
ITA,2003,O,94749.9,1426934.2,0.066401029563942
ITA,2003,P,67516.4,1426934.2,0.0473157066387504
ITA,2003,Q,72700.1,1426934.2,0.0509484599920585
ITA,2003,R,13580.4,1426934.2,0.0095171872676399
ITA,2003,S,24118.1,1426934.2,0.0169020407528251
ITA,2003,T,14085.2,1426934.2,0.009870952704056
ITA,2003,HFCE,0.0,1426934.2,0.0
ITA,2004,A01_02,40495.0,1629875.9,0.0248454498897738
ITA,2004,A03,1904.8,1629875.9,0.0011686779343138
ITA,2004,B05_06,4847.7,1629875.9,0.0029742755261305
ITA,2004,B07_08,1358.1,1629875.9,0.0008332536237881
ITA,2004,B09,247.1,1629875.9,0.000151606634591
ITA,2004,C10T12,30360.3,1629875.9,0.0186273691144215
ITA,2004,C13T15,31988.1,1629875.9,0.0196260954591696
ITA,2004,C16,8557.3,1629875.9,0.0052502770302941
ITA,2004,C17_18,13651.9,1629875.9,0.0083760364822867
ITA,2004,C19,3900.9,1629875.9,0.0023933724033835
ITA,2004,C20,11778.9,1629875.9,0.0072268692358724
ITA,2004,C21,10240.2,1629875.9,0.006282809629862
ITA,2004,C22,13065.7,1629875.9,0.0080163771977976
ITA,2004,C23,17359.0,1629875.9,0.0106505041273387
ITA,2004,C24,10359.6,1629875.9,0.0063560667410322
ITA,2004,C25,32691.4,1629875.9,0.0200576007044462
ITA,2004,C26,9908.3,1629875.9,0.0060791744942053
ITA,2004,C27,12971.4,1629875.9,0.0079585200321079
ITA,2004,C28,34376.2,1629875.9,0.0210912990369389
ITA,2004,C29,13517.7,1629875.9,0.0082936989251758
ITA,2004,C30,7945.5,1629875.9,0.0048749110285022
ITA,2004,C31T33,24509.6,1629875.9,0.0150377093127151
ITA,2004,D,25233.1,1629875.9,0.0154816081396135
ITA,2004,E,10894.6,1629875.9,0.0066843125909156
ITA,2004,F,93319.9,1629875.9,0.0572558315636178
ITA,2004,G,196659.6,1629875.9,0.1206592477378185
ITA,2004,H49,46771.6,1629875.9,0.0286964179297331
ITA,2004,H50,4148.6,1629875.9,0.0025453471641613
ITA,2004,H51,3358.1,1629875.9,0.0020603409130719
ITA,2004,H52,27576.8,1629875.9,0.0169195703795608
ITA,2004,H53,5316.1,1629875.9,0.0032616593692808
ITA,2004,I,56266.9,1629875.9,0.0345221988987014
ITA,2004,J58T60,12740.5,1629875.9,0.0078168528045601
ITA,2004,J61,33180.3,1629875.9,0.0203575621923117
ITA,2004,J62_63,25692.6,1629875.9,0.0157635314443265
ITA,2004,K,80876.1,1629875.9,0.0496210171584229
ITA,2004,L,189085.4,1629875.9,0.1160121454645718
ITA,2004,M,111376.3,1629875.9,0.0683342210287298
ITA,2004,N,42469.9,1629875.9,0.0260571372335771
ITA,2004,O,109892.8,1629875.9,0.0674240290319036
ITA,2004,P,72972.7,1629875.9,0.0447719363173601
ITA,2004,Q,86335.8,1629875.9,0.0529707813950743
ITA,2004,R,15547.1,1629875.9,0.0095388243976121
ITA,2004,S,27483.0,1629875.9,0.0168620199856933
ITA,2004,T,16643.4,1629875.9,0.010211452295233
ITA,2004,HFCE,0.0,1629875.9,0.0
ITA,2005,A01_02,35879.9,1674676.6,0.0214249724394548
ITA,2005,A03,1908.4,1674676.6,0.0011395633043418
ITA,2005,B05_06,4946.6,1674676.6,0.0029537643267959
ITA,2005,B07_08,1507.9,1674676.6,0.0009004126528071
ITA,2005,B09,264.9,1674676.6,0.000158179794236
ITA,2005,C10T12,29729.2,1674676.6,0.0177522036194928
ITA,2005,C13T15,30954.0,1674676.6,0.0184835687081314
ITA,2005,C16,8241.0,1674676.6,0.0049209501106064
ITA,2005,C17_18,13295.3,1674676.6,0.0079390253616728
ITA,2005,C19,5195.4,1674676.6,0.0031023303245534
ITA,2005,C20,11751.2,1674676.6,0.007016996595044
ITA,2005,C21,9727.3,1674676.6,0.0058084647507465
ITA,2005,C22,13087.6,1674676.6,0.0078150014157957
ITA,2005,C23,17589.5,1674676.6,0.0105032219355068
ITA,2005,C24,11066.9,1674676.6,0.0066083803881895
ITA,2005,C25,33460.5,1674676.6,0.0199802755947028
ITA,2005,C26,10132.4,1674676.6,0.0060503622012751
ITA,2005,C27,13304.2,1674676.6,0.0079443398205958
ITA,2005,C28,35299.5,1674676.6,0.0210783980620497
ITA,2005,C29,13070.7,1674676.6,0.0078049099151442
ITA,2005,C30,7760.1,1674676.6,0.0046337901896999
ITA,2005,C31T33,25275.8,1674676.6,0.015092943915261
ITA,2005,D,25943.8,1674676.6,0.0154918268995936
ITA,2005,E,11804.3,1674676.6,0.0070487042095172
ITA,2005,F,99037.2,1674676.6,0.05913810463465
ITA,2005,G,199781.7,1674676.6,0.1192956896871909
ITA,2005,H49,46912.0,1674676.6,0.0280125726961253
ITA,2005,H50,4279.1,1674676.6,0.0025551799075714
ITA,2005,H51,2866.5,1674676.6,0.0017116737643554
ITA,2005,H52,28733.4,1674676.6,0.0171575813503335
ITA,2005,H53,5419.1,1674676.6,0.0032359083538875
ITA,2005,I,58692.4,1674676.6,0.0350470054934785
ITA,2005,J58T60,12816.7,1674676.6,0.0076532388402632
ITA,2005,J61,34317.0,1674676.6,0.020491717624764
ITA,2005,J62_63,26138.3,1674676.6,0.0156079687266186
ITA,2005,K,86698.6,1674676.6,0.0517703537506883
ITA,2005,L,195885.3,1674676.6,0.1169690315133082
ITA,2005,M,113616.8,1674676.6,0.0678440243328174
ITA,2005,N,45228.6,1674676.6,0.0270073636903984
ITA,2005,O,113068.3,1674676.6,0.0675164984093048
ITA,2005,P,76585.3,1674676.6,0.04573139673654
ITA,2005,Q,91827.1,1674676.6,0.0548327360637868
ITA,2005,R,15893.8,1674676.6,0.0094906682281223
ITA,2005,S,28095.3,1674676.6,0.0167765525594613
ITA,2005,T,17587.7,1674676.6,0.0105021471011179
ITA,2005,HFCE,0.0,1674676.6,0.0
ITA,2006,A01_02,35844.4,1746771.2,0.0205203749638189
ITA,2006,A03,2090.1,1746771.2,0.0011965505270524
ITA,2006,B05_06,5130.1,1746771.2,0.0029369043867908
ITA,2006,B07_08,1530.3,1746771.2,0.0008760735235387
ITA,2006,B09,273.4,1746771.2,0.000156517350412
ITA,2006,C10T12,29991.8,1746771.2,0.017169850292929
ITA,2006,C13T15,31096.0,1746771.2,0.0178019880336932
ITA,2006,C16,8593.3,1746771.2,0.0049195338233192
ITA,2006,C17_18,13605.5,1746771.2,0.007788942249563
ITA,2006,C19,5283.1,1746771.2,0.0030244945646001
ITA,2006,C20,12015.3,1746771.2,0.0068785768851696
ITA,2006,C21,9745.8,1746771.2,0.0055793225809997
ITA,2006,C22,13281.0,1746771.2,0.0076031709247324
ITA,2006,C23,17561.3,1746771.2,0.0100535777095477
ITA,2006,C24,12070.4,1746771.2,0.0069101207988773
ITA,2006,C25,37090.5,1746771.2,0.021233748300865
ITA,2006,C26,10453.8,1746771.2,0.0059846418351756
ITA,2006,C27,14151.1,1746771.2,0.0081012899686003
ITA,2006,C28,38724.3,1746771.2,0.02216907400351
ITA,2006,C29,14761.6,1746771.2,0.0084507919526037
ITA,2006,C30,8489.9,1746771.2,0.0048603388926952
ITA,2006,C31T33,27341.9,1746771.2,0.0156528227623629
ITA,2006,D,27926.1,1746771.2,0.0159872683955402
ITA,2006,E,12578.8,1746771.2,0.0072011720825257
ITA,2006,F,104537.0,1746771.2,0.0598458458669343
ITA,2006,G,204159.7,1746771.2,0.1168783295717264
ITA,2006,H49,48541.1,1746771.2,0.0277890430068918
ITA,2006,H50,4013.8,1746771.2,0.002297839579677
ITA,2006,H51,2627.2,1746771.2,0.0015040321251002
ITA,2006,H52,29729.2,1746771.2,0.0170195157785976
ITA,2006,H53,5450.8,1746771.2,0.0031205002692968
ITA,2006,I,62034.7,1746771.2,0.0355139242048414
ITA,2006,J58T60,13152.4,1746771.2,0.0075295493765869
ITA,2006,J61,34144.2,1746771.2,0.0195470362689744
ITA,2006,J62_63,26784.0,1746771.2,0.0153334334800115
ITA,2006,K,90890.6,1746771.2,0.0520334889881399
ITA,2006,L,209756.2,1746771.2,0.1200822408796298
ITA,2006,M,114592.0,1746771.2,0.0656021807549838
ITA,2006,N,47090.8,1746771.2,0.0269587682691356
ITA,2006,O,118164.6,1746771.2,0.0676474400310699
ITA,2006,P,79866.0,1746771.2,0.0457220728164054
ITA,2006,Q,97191.4,1746771.2,0.0556406013563768
ITA,2006,R,16804.6,1746771.2,0.0096203784445266
ITA,2006,S,28979.3,1746771.2,0.0165902094103681
ITA,2006,T,18631.8,1746771.2,0.010666422711801
ITA,2006,HFCE,0.0,1746771.2,0.0
ITA,2007,A01_02,39791.7,1986806.2,0.0200279725319963
ITA,2007,A03,2174.6,1986806.2,0.0010945204419031
ITA,2007,B05_06,5531.2,1986806.2,0.0027839655422859
ITA,2007,B07_08,1570.1,1986806.2,0.0007902632878838
ITA,2007,B09,291.5,1986806.2,0.0001467178832037
ITA,2007,C10T12,34125.9,1986806.2,0.0171762600700561
ITA,2007,C13T15,35559.0,1986806.2,0.017897568469436
ITA,2007,C16,9652.8,1986806.2,0.0048584507135119
ITA,2007,C17_18,15208.8,1986806.2,0.0076548986005781
ITA,2007,C19,6844.1,1986806.2,0.0034447748351097
ITA,2007,C20,13784.1,1986806.2,0.0069378180921722
ITA,2007,C21,10738.9,1986806.2,0.0054051069500387
ITA,2007,C22,15030.3,1986806.2,0.0075650559173813
ITA,2007,C23,20099.4,1986806.2,0.0101164371240637
ITA,2007,C24,15184.0,1986806.2,0.0076424162557978
ITA,2007,C25,44317.6,1986806.2,0.0223059501223622
ITA,2007,C26,11837.3,1986806.2,0.0059579540269201
ITA,2007,C27,16213.6,1986806.2,0.0081606348923211
ITA,2007,C28,45681.2,1986806.2,0.022992277757136
ITA,2007,C29,17609.0,1986806.2,0.0088629681143535
ITA,2007,C30,9904.8,1986806.2,0.0049852874427309
ITA,2007,C31T33,31336.2,1986806.2,0.0157721472783807
ITA,2007,D,31686.1,1986806.2,0.0159482590702606
ITA,2007,E,14451.1,1986806.2,0.0072735327683193
ITA,2007,F,119454.4,1986806.2,0.0601238309000646
ITA,2007,G,228191.3,1986806.2,0.114853325905667
ITA,2007,H49,57313.8,1986806.2,0.0288472021075835
ITA,2007,H50,5254.2,1986806.2,0.0026445458042158
ITA,2007,H51,2619.4,1986806.2,0.0013183973353817
ITA,2007,H52,33345.3,1986806.2,0.0167833682016897
ITA,2007,H53,6974.1,1986806.2,0.0035102064811354
ITA,2007,I,71029.2,1986806.2,0.0357504420914329
ITA,2007,J58T60,15341.7,1986806.2,0.0077217898756305
ITA,2007,J61,36651.5,1986806.2,0.0184474459562286
ITA,2007,J62_63,31098.9,1986806.2,0.0156527093583662
ITA,2007,K,111239.7,1986806.2,0.0559892051877027
ITA,2007,L,236828.6,1986806.2,0.1192006547996478
ITA,2007,M,128541.0,1986806.2,0.0646973016291171
ITA,2007,N,54426.0,1986806.2,0.0273937135891764
ITA,2007,O,130243.2,1986806.2,0.0655540535357701
ITA,2007,P,90480.9,1986806.2,0.0455408786221826
ITA,2007,Q,105940.0,1986806.2,0.0533217583073779
ITA,2007,R,19999.4,1986806.2,0.0100661050886593
ITA,2007,S,31573.2,1986806.2,0.015891434202289
ITA,2007,T,21637.1,1986806.2,0.0108903928324765
ITA,2007,HFCE,0.0,1986806.2,0.0
ITA,2008,A01_02,43394.6,2172701.7,0.019972645117367
ITA,2008,A03,1758.3,2172701.7,0.0008092689392197
ITA,2008,B05_06,6420.5,2172701.7,0.002955076621885
ITA,2008,B07_08,1923.5,2172701.7,0.000885303306938
ITA,2008,B09,342.5,2172701.7,0.0001576378386411
ITA,2008,C10T12,36998.9,2172701.7,0.0170289828557689
ITA,2008,C13T15,37308.1,2172701.7,0.017171294154186
ITA,2008,C16,9961.9,2172701.7,0.0045850288606116
ITA,2008,C17_18,15688.7,2172701.7,0.0072208255739846
ITA,2008,C19,7159.6,2172701.7,0.0032952521738257
ITA,2008,C20,13696.0,2172701.7,0.0063036725197941
ITA,2008,C21,12126.2,2172701.7,0.0055811619238849
ITA,2008,C22,15283.6,2172701.7,0.007034375680748
ITA,2008,C23,20032.7,2172701.7,0.0092201796500642
ITA,2008,C24,15058.9,2172701.7,0.0069309560534702
ITA,2008,C25,47780.3,2172701.7,0.0219911918879614
ITA,2008,C26,12084.6,2172701.7,0.0055620152550163
ITA,2008,C27,17378.3,2172701.7,0.0079984748941835
ITA,2008,C28,49619.1,2172701.7,0.0228375114724676
ITA,2008,C29,17205.7,2172701.7,0.0079190346286377
ITA,2008,C30,11914.9,2172701.7,0.0054839097332137
ITA,2008,C31T33,33346.1,2172701.7,0.0153477580470434
ITA,2008,D,39145.2,2172701.7,0.0180168313027048
ITA,2008,E,16156.9,2172701.7,0.0074363176500483
ITA,2008,F,131859.1,2172701.7,0.0606890030048763
ITA,2008,G,248215.3,2172701.7,0.1142426960866279
ITA,2008,H49,63351.8,2172701.7,0.0291580754044607
ITA,2008,H50,5873.5,2172701.7,0.0027033163365224
ITA,2008,H51,2472.9,2172701.7,0.0011381682078124
ITA,2008,H52,36021.5,2172701.7,0.016579128188651
ITA,2008,H53,6935.8,2172701.7,0.0031922467773647
ITA,2008,I,76908.1,2172701.7,0.0353974500963477
ITA,2008,J58T60,16457.9,2172701.7,0.0075748548454672
ITA,2008,J61,38691.7,2172701.7,0.01780810499665
ITA,2008,J62_63,34600.9,2172701.7,0.0159252878570491
ITA,2008,K,117625.0,2172701.7,0.0541376664822419
ITA,2008,L,262683.6,2172701.7,0.1209018246729405
ITA,2008,M,142664.7,2172701.7,0.0656623502434779
ITA,2008,N,60612.5,2172701.7,0.0278972948748555
ITA,2008,O,146532.0,2172701.7,0.0674423000635568
ITA,2008,P,95020.5,2172701.7,0.0437337992601561
ITA,2008,Q,121764.9,2172701.7,0.0560430822141852
ITA,2008,R,22573.4,2172701.7,0.0103895532460806
ITA,2008,S,35188.4,2172701.7,0.0161956885291708
ITA,2008,T,24863.1,2172701.7,0.0114434024698374
ITA,2008,HFCE,0.0,2172701.7,0.0
ITA,2009,A01_02,37759.9,1987783.4,0.0189959831639604
ITA,2009,A03,1899.0,1987783.4,0.0009553354756861
ITA,2009,B05_06,4490.3,1987783.4,0.0022589483341092
ITA,2009,B07_08,1213.9,1987783.4,0.0006106802179754
ITA,2009,B09,292.1,1987783.4,0.0001469476000252
ITA,2009,C10T12,34855.7,1987783.4,0.0175349587887694
ITA,2009,C13T15,30136.6,1987783.4,0.0151609073704911
ITA,2009,C16,8337.6,1987783.4,0.0041944207804532
ITA,2009,C17_18,13494.1,1987783.4,0.0067885162940791
ITA,2009,C19,2854.4,1987783.4,0.001435971343759
ITA,2009,C20,11774.7,1987783.4,0.0059235327148823
ITA,2009,C21,11204.8,1987783.4,0.0056368314575924
ITA,2009,C22,13328.4,1987783.4,0.0067051571111822
ITA,2009,C23,16708.9,1987783.4,0.0084057951183212
ITA,2009,C24,8197.6,1987783.4,0.0041239905716085
ITA,2009,C25,37897.2,1987783.4,0.0190650550759202
ITA,2009,C26,10260.8,1987783.4,0.0051619306208111
ITA,2009,C27,14228.3,1987783.4,0.0071578724321774
ITA,2009,C28,38238.9,1987783.4,0.0192369550927933
ITA,2009,C29,12902.9,1987783.4,0.0064910995835864
ITA,2009,C30,9246.3,1987783.4,0.0046515631431472
ITA,2009,C31T33,28046.4,1987783.4,0.01410938435244
ITA,2009,D,38044.9,1987783.4,0.0191393589462513
ITA,2009,E,16441.0,1987783.4,0.0082710218829677
ITA,2009,F,119271.1,1987783.4,0.0600020605866816
ITA,2009,G,222825.2,1987783.4,0.1120973240847066
ITA,2009,H49,59285.8,1987783.4,0.0298250805394591
ITA,2009,H50,4060.3,1987783.4,0.0020426269783719
ITA,2009,H51,2130.5,1987783.4,0.00107179685674
ITA,2009,H52,35224.1,1987783.4,0.017720290852615
ITA,2009,H53,6151.3,1987783.4,0.0030945524547594
ITA,2009,I,74312.8,1987783.4,0.0373847573130955
ITA,2009,J58T60,15306.2,1987783.4,0.0077001347329895
ITA,2009,J61,35886.8,1987783.4,0.0180536772769105
ITA,2009,J62_63,33813.5,1987783.4,0.0170106561912127
ITA,2009,K,101592.5,1987783.4,0.0511084356575268
ITA,2009,L,255266.8,1987783.4,0.1284178145365335
ITA,2009,M,132418.5,1987783.4,0.066616161499286
ITA,2009,N,55613.0,1987783.4,0.0279773943177108
ITA,2009,O,141170.6,1987783.4,0.0710191060052116
ITA,2009,P,92003.1,1987783.4,0.046284268195418
ITA,2009,Q,118327.0,1987783.4,0.0595271094426082
ITA,2009,R,21543.0,1987783.4,0.0108376999224362
ITA,2009,S,34969.2,1987783.4,0.0175920575652256
ITA,2009,T,24757.4,1987783.4,0.0124547775175102
ITA,2009,HFCE,0.0,1987783.4,0.0
ITA,2010,A01_02,36103.7,1921534.0,0.0187889987895087
ITA,2010,A03,1823.1,1921534.0,0.0009487732197296
ITA,2010,B05_06,4594.7,1921534.0,0.0023911624774789
ITA,2010,B07_08,1204.9,1921534.0,0.000627051095635
ITA,2010,B09,192.5,1921534.0,0.0001001803767198
ITA,2010,C10T12,33881.5,1921534.0,0.0176325269290056
ITA,2010,C13T15,30100.7,1921534.0,0.0156649322884736
ITA,2010,C16,7840.6,1921534.0,0.004080385775115
ITA,2010,C17_18,13044.1,1921534.0,0.0067883784517994
ITA,2010,C19,3315.1,1921534.0,0.0017252361915011
ITA,2010,C20,12978.6,1921534.0,0.0067542911028376
ITA,2010,C21,11053.3,1921534.0,0.0057523312103767
ITA,2010,C22,13611.0,1921534.0,0.0070834031560201
ITA,2010,C23,15415.0,1921534.0,0.008022236400709
ITA,2010,C24,10395.0,1921534.0,0.0054097403428718
ITA,2010,C25,37756.1,1921534.0,0.0196489367349211
ITA,2010,C26,10730.6,1921534.0,0.0055843924697663
ITA,2010,C27,14779.2,1921534.0,0.0076913549278857
ITA,2010,C28,39630.3,1921534.0,0.0206243032910164
ITA,2010,C29,14389.4,1921534.0,0.0074884961702473
ITA,2010,C30,8217.5,1921534.0,0.0042765311464694
ITA,2010,C31T33,26837.6,1921534.0,0.0139667578091254
ITA,2010,D,32257.5,1921534.0,0.0167873688417691
ITA,2010,E,16758.3,1921534.0,0.008721313284074
ITA,2010,F,108110.4,1921534.0,0.056262548567967
ITA,2010,G,215861.4,1921534.0,0.1123380590715542
ITA,2010,H49,57010.7,1921534.0,0.0296693683275965
ITA,2010,H50,4302.7,1921534.0,0.0022392005553896
ITA,2010,H51,1920.3,1921534.0,0.0009993578047539
ITA,2010,H52,35576.9,1921534.0,0.0185148428286983
ITA,2010,H53,5972.5,1921534.0,0.0031081937660223
ITA,2010,I,69696.5,1921534.0,0.0362712811743117
ITA,2010,J58T60,14877.3,1921534.0,0.0077424078886972
ITA,2010,J61,33022.3,1921534.0,0.0171853841774332
ITA,2010,J62_63,32545.0,1921534.0,0.0169369888849221
ITA,2010,K,100334.2,1921534.0,0.0522156776825182
ITA,2010,L,244729.8,1921534.0,0.1273616808237585
ITA,2010,M,127728.3,1921534.0,0.0664720478534337
ITA,2010,N,55159.8,1921534.0,0.0287061275002159
ITA,2010,O,137165.0,1921534.0,0.0713830720663803
ITA,2010,P,85733.5,1921534.0,0.0446172172857727
ITA,2010,Q,115142.0,1921534.0,0.059921916552088
ITA,2010,R,22008.4,1921534.0,0.0114535574181877
ITA,2010,S,33857.2,1921534.0,0.0176198807827496
ITA,2010,T,23869.5,1921534.0,0.0124221065044906
ITA,2010,HFCE,0.0,1921534.0,0.0
ITA,2011,A01_02,41395.3,2061311.4,0.0200820215713162
ITA,2011,A03,1829.3,2061311.4,0.0008874447596806
ITA,2011,B05_06,5460.0,2061311.4,0.0026487992061752
ITA,2011,B07_08,1792.0,2061311.4,0.0008693494830523
ITA,2011,B09,222.3,2061311.4,0.0001078439676799
ITA,2011,C10T12,35007.3,2061311.4,0.0169830235257031
ITA,2011,C13T15,33427.6,2061311.4,0.0162166667297333
ITA,2011,C16,8230.5,2061311.4,0.0039928464956823
ITA,2011,C17_18,13801.1,2061311.4,0.0066953008652647
ITA,2011,C19,3957.2,2061311.4,0.0019197487579993
ITA,2011,C20,13426.4,2061311.4,0.0065135233812804
ITA,2011,C21,11921.4,2061311.4,0.0057834056513731
ITA,2011,C22,14463.8,2061311.4,0.0070167952304537
ITA,2011,C23,15405.5,2061311.4,0.00747364032431
ITA,2011,C24,11980.3,2061311.4,0.0058119796940918
ITA,2011,C25,40593.9,2061311.4,0.0196932399442413
ITA,2011,C26,11882.8,2061311.4,0.0057646797082672
ITA,2011,C27,15688.6,2061311.4,0.0076109800780221
ITA,2011,C28,44418.7,2061311.4,0.0215487577471312
ITA,2011,C29,14884.2,2061311.4,0.007220743066768
ITA,2011,C30,8382.9,2061311.4,0.0040667800119865
ITA,2011,C31T33,28770.5,2061311.4,0.0139573768427225
ITA,2011,D,32304.7,2061311.4,0.0156719164314523
ITA,2011,E,18162.4,2061311.4,0.0088110898722046
ITA,2011,F,114996.8,2061311.4,0.0557881744602004
ITA,2011,G,234203.1,2061311.4,0.1136184954878724
ITA,2011,H49,60601.3,2061311.4,0.0293993910866645
ITA,2011,H50,4398.2,2061311.4,0.0021336902323443
ITA,2011,H51,2471.6,2061311.4,0.001199042512451
ITA,2011,H52,38633.7,2061311.4,0.0187422919215408
ITA,2011,H53,5811.3,2061311.4,0.0028192246935615
ITA,2011,I,75458.4,2061311.4,0.0366069871830136
ITA,2011,J58T60,14756.6,2061311.4,0.0071588407263453
ITA,2011,J61,33566.2,2061311.4,0.0162839054788131
ITA,2011,J62_63,35339.1,2061311.4,0.0171439890159245
ITA,2011,K,108775.5,2061311.4,0.0527700472621458
ITA,2011,L,266669.5,2061311.4,0.1293688571265845
ITA,2011,M,132644.3,2061311.4,0.0643494718944454
ITA,2011,N,62351.0,2061311.4,0.0302482196527899
ITA,2011,O,146141.6,2061311.4,0.0708973908551614
ITA,2011,P,87502.9,2061311.4,0.0424501120985407
ITA,2011,Q,122379.0,2061311.4,0.0593694868228061
ITA,2011,R,23951.1,2061311.4,0.0116193506716161
ITA,2011,S,38100.5,2061311.4,0.0184836216400879
ITA,2011,T,25151.0,2061311.4,0.012201455830497
ITA,2011,HFCE,0.0,2061311.4,0.0
ITA,2012,A01_02,39720.4,1873435.8,0.0212019008070626
ITA,2012,A03,1412.8,1873435.8,0.000754122452448
ITA,2012,B05_06,6589.7,1873435.8,0.0035174410566938
ITA,2012,B07_08,1696.0,1873435.8,0.0009052885612626
ITA,2012,B09,372.5,1873435.8,0.0001988325407254
ITA,2012,C10T12,31336.1,1873435.8,0.01672654061591
ITA,2012,C13T15,29249.2,1873435.8,0.015612597987078
ITA,2012,C16,6683.0,1873435.8,0.0035672426031359
ITA,2012,C17_18,12278.2,1873435.8,0.0065538408094902
ITA,2012,C19,2909.7,1873435.8,0.0015531356879162
ITA,2012,C20,12281.5,1873435.8,0.0065556022789785
ITA,2012,C21,10909.2,1873435.8,0.0058230978611596
ITA,2012,C22,13728.6,1873435.8,0.0073280333385323
ITA,2012,C23,12757.8,1873435.8,0.0068098410417907
ITA,2012,C24,9685.8,1873435.8,0.0051700730817677
ITA,2012,C25,35926.5,1873435.8,0.0191767980520069
ITA,2012,C26,10727.6,1873435.8,0.0057261636614395
ITA,2012,C27,14106.7,1873435.8,0.0075298550396015
ITA,2012,C28,41146.4,1873435.8,0.0219630691374639
ITA,2012,C29,11919.8,1873435.8,0.0063625345474875
ITA,2012,C30,7641.0,1873435.8,0.0040786025333774
ITA,2012,C31T33,25805.2,1873435.8,0.013774264375646
ITA,2012,D,32495.1,1873435.8,0.0173451900513484
ITA,2012,E,16977.1,1873435.8,0.009062013227248
ITA,2012,F,98310.1,1873435.8,0.0524758307703952
ITA,2012,G,211349.7,1873435.8,0.1128139539129123
ITA,2012,H49,54593.0,1873435.8,0.029140576901541
ITA,2012,H50,3588.1,1873435.8,0.0019152511124213
ITA,2012,H51,1039.7,1873435.8,0.0005549696445429
ITA,2012,H52,36316.2,1873435.8,0.0193848115852168
ITA,2012,H53,4719.3,1873435.8,0.0025190615018673
ITA,2012,I,69174.3,1873435.8,0.0369237632802789
ITA,2012,J58T60,11717.9,1873435.8,0.0062547646415212
ITA,2012,J61,28774.7,1873435.8,0.0153593200258049
ITA,2012,J62_63,32617.0,1873435.8,0.0174102576666891
ITA,2012,K,99681.7,1873435.8,0.0532079615431711
ITA,2012,L,251664.9,1873435.8,0.1343333462507762
ITA,2012,M,120875.2,1873435.8,0.0645205989978413
ITA,2012,N,56499.8,1873435.8,0.0301583859986021
ITA,2012,O,132433.4,1873435.8,0.0706901191917011
ITA,2012,P,80122.5,1873435.8,0.0427676785081186
ITA,2012,Q,112929.4,1873435.8,0.0602793007371803
ITA,2012,R,20699.2,1873435.8,0.0110487906764672
ITA,2012,S,34255.6,1873435.8,0.018284907334428
ITA,2012,T,23718.2,1873435.8,0.0126602683689507
ITA,2012,HFCE,0.0,1873435.8,0.0
ITA,2013,A01_02,44700.2,1927782.7,0.0231873644264988
ITA,2013,A03,1234.8,1927782.7,0.0006405286238952
ITA,2013,B05_06,6246.3,1927782.7,0.0032401473464825
ITA,2013,B07_08,1961.6,1927782.7,0.0010175420704833
ITA,2013,B09,466.2,1927782.7,0.0002418322355522
ITA,2013,C10T12,32786.3,1927782.7,0.0170072591687849
ITA,2013,C13T15,30743.8,1927782.7,0.0159477517875847
ITA,2013,C16,6516.3,1927782.7,0.0033802046257599
ITA,2013,C17_18,12198.4,1927782.7,0.0063276841316191
ITA,2013,C19,1998.1,1927782.7,0.001036475739719
ITA,2013,C20,13012.4,1927782.7,0.0067499308921072
ITA,2013,C21,11482.6,1927782.7,0.0059563767223349
ITA,2013,C22,14445.3,1927782.7,0.0074932200605389
ITA,2013,C23,12661.6,1927782.7,0.0065679601751794
ITA,2013,C24,9417.4,1927782.7,0.0048850941550621
ITA,2013,C25,36568.6,1927782.7,0.0189692541591954
ITA,2013,C26,10554.2,1927782.7,0.0054747871738863
ITA,2013,C27,14412.3,1927782.7,0.0074761019486273
ITA,2013,C28,43594.4,1927782.7,0.0226137520582584
ITA,2013,C29,13280.3,1927782.7,0.0068888988369902
ITA,2013,C30,7067.1,1927782.7,0.0036659214754858
ITA,2013,C31T33,26592.5,1927782.7,0.0137943451821618
ITA,2013,D,34596.2,1927782.7,0.0179461097975409
ITA,2013,E,18174.6,1927782.7,0.0094277223257579
ITA,2013,F,94749.1,1927782.7,0.0491492635554826
ITA,2013,G,215577.8,1927782.7,0.1118268153355666
ITA,2013,H49,56080.3,1927782.7,0.0290905712557748
ITA,2013,H50,4064.3,1927782.7,0.0021082770376557
ITA,2013,H51,737.2,1927782.7,0.0003824082454936
ITA,2013,H52,38310.1,1927782.7,0.0198726236105345
ITA,2013,H53,5436.2,1927782.7,0.002819923635584
ITA,2013,I,69650.2,1927782.7,0.0361296944930567
ITA,2013,J58T60,11363.6,1927782.7,0.00589464777332
ITA,2013,J61,25508.7,1927782.7,0.0132321448885291
ITA,2013,J62_63,34234.5,1927782.7,0.0177584849163756
ITA,2013,K,107233.6,1927782.7,0.0556253565300694
ITA,2013,L,261262.2,1927782.7,0.1355247144815647
ITA,2013,M,123968.7,1927782.7,0.0643063660650134
ITA,2013,N,58296.7,1927782.7,0.0302402858994429
ITA,2013,O,135364.7,1927782.7,0.0702178207118468
ITA,2013,P,82961.6,1927782.7,0.0430347258536971
ITA,2013,Q,116911.2,1927782.7,0.0606454244039019
ITA,2013,R,20915.6,1927782.7,0.0108495630757553
ITA,2013,S,35523.3,1927782.7,0.0184270249961263
ITA,2013,T,24921.6,1927782.7,0.0129275981157004
ITA,2013,HFCE,0.0,1927782.7,0.0
ITA,2014,A01_02,41987.0,1943258.0,0.0216064979534369
ITA,2014,A03,1206.6,1943258.0,0.0006209160080648
ITA,2014,B05_06,5039.4,1943258.0,0.0025932737701324
ITA,2014,B07_08,1875.6,1943258.0,0.0009651832129341
ITA,2014,B09,519.9,1943258.0,0.0002675403883581
ITA,2014,C10T12,33668.9,1943258.0,0.0173260061196197
ITA,2014,C13T15,31479.0,1943258.0,0.016199084218359
ITA,2014,C16,6383.6,1943258.0,0.0032849986980627
ITA,2014,C17_18,12604.3,1943258.0,0.0064861691036393
ITA,2014,C19,-283.6,1943258.0,-0.0001459404772809
ITA,2014,C20,13116.6,1943258.0,0.0067497985342141
ITA,2014,C21,10875.2,1943258.0,0.0055963747479747
ITA,2014,C22,15037.9,1943258.0,0.0077384989538187
ITA,2014,C23,12325.2,1943258.0,0.0063425443250458
ITA,2014,C24,10265.6,1943258.0,0.0052826747657799
ITA,2014,C25,37424.6,1943258.0,0.0192586882441755
ITA,2014,C26,10639.1,1943258.0,0.0054748777568392
ITA,2014,C27,13591.1,1943258.0,0.0069939760958143
ITA,2014,C28,45572.6,1943258.0,0.0234516466676066
ITA,2014,C29,13829.6,1943258.0,0.0071167081262498
ITA,2014,C30,8636.0,1943258.0,0.0044440830810937
ITA,2014,C31T33,27033.0,1943258.0,0.0139111739151466
ITA,2014,D,33521.1,1943258.0,0.0172499482827293
ITA,2014,E,19306.9,1943258.0,0.0099353251086577
ITA,2014,F,87229.4,1943258.0,0.0448882237973547
ITA,2014,G,219677.8,1943258.0,0.1130461318054524
ITA,2014,H49,56949.7,1943258.0,0.0293062990091897
ITA,2014,H50,4555.6,1943258.0,0.0023443104312448
ITA,2014,H51,750.8,1943258.0,0.0003863614610103
ITA,2014,H52,39523.6,1943258.0,0.0203388330319494
ITA,2014,H53,4851.9,1943258.0,0.0024967863248215
ITA,2014,I,71741.0,1943258.0,0.0369178976749356
ITA,2014,J58T60,10764.4,1943258.0,0.0055393571002923
ITA,2014,J61,23711.2,1943258.0,0.012201776604033
ITA,2014,J62_63,35602.9,1943258.0,0.01832124195552
ITA,2014,K,112885.4,1943258.0,0.058090793914138
ITA,2014,L,264283.4,1943258.0,0.136000160555109
ITA,2014,M,125153.3,1943258.0,0.0644038516758968
ITA,2014,N,60346.0,1943258.0,0.0310540339985735
ITA,2014,O,133788.4,1943258.0,0.068847471617253
ITA,2014,P,83344.1,1943258.0,0.0428888495506
ITA,2014,Q,119952.0,1943258.0,0.0617272642129866
ITA,2014,R,21687.4,1943258.0,0.0111603297143251
ITA,2014,S,35620.6,1943258.0,0.0183303503703574
ITA,2014,T,25183.9,1943258.0,0.012959627594483
ITA,2014,HFCE,0.0,1943258.0,0.0
ITA,2015,A01_02,36792.6,1651010.3,0.0222849003425357
ITA,2015,A03,1137.9,1651010.3,0.0006892143555979
ITA,2015,B05_06,2959.1,1651010.3,0.0017922965108091
ITA,2015,B07_08,1323.6,1651010.3,0.0008016909403896
ITA,2015,B09,570.6,1651010.3,0.0003456065658706
ITA,2015,C10T12,29975.6,1651010.3,0.0181559133822484
ITA,2015,C13T15,26651.3,1651010.3,0.0161424189782462
ITA,2015,C16,5275.7,1651010.3,0.0031954373634131
ITA,2015,C17_18,10342.1,1651010.3,0.0062641038641612
ITA,2015,C19,2682.9,1651010.3,0.0016250050045114
ITA,2015,C20,12088.9,1651010.3,0.0073221227026869
ITA,2015,C21,9861.5,1651010.3,0.0059730093749263
ITA,2015,C22,13296.1,1651010.3,0.0080533113572943
ITA,2015,C23,10471.2,1651010.3,0.0063422984096465
ITA,2015,C24,8509.2,1651010.3,0.0051539351389873
ITA,2015,C25,31737.7,1651010.3,0.0192231992738022
ITA,2015,C26,9227.5,1651010.3,0.0055890020795145
ITA,2015,C27,11964.1,1651010.3,0.0072465326230853
ITA,2015,C28,38651.7,1651010.3,0.023410938138908
ITA,2015,C29,13231.8,1651010.3,0.0080143655069868
ITA,2015,C30,6926.4,1651010.3,0.0041952494178867
ITA,2015,C31T33,23537.5,1651010.3,0.0142564222645976
ITA,2015,D,25863.7,1651010.3,0.0156653777387094
ITA,2015,E,16247.6,1651010.3,0.0098410046260765
ITA,2015,F,71696.5,1651010.3,0.0434258344723833
ITA,2015,G,190856.4,1651010.3,0.1155997633691322
ITA,2015,H49,48996.1,1651010.3,0.0296764350894721
ITA,2015,H50,4292.3,1651010.3,0.0025998020727066
ITA,2015,H51,782.4,1651010.3,0.0004738916528867
ITA,2015,H52,32395.0,1651010.3,0.0196213191401652
ITA,2015,H53,4026.4,1651010.3,0.002438749170735
ITA,2015,I,60603.0,1651010.3,0.0367066153372877
ITA,2015,J58T60,8930.4,1651010.3,0.0054090516576425
ITA,2015,J61,19479.3,1651010.3,0.0117984121601179
ITA,2015,J62_63,31286.5,1651010.3,0.018949912062935
ITA,2015,K,92829.0,1651010.3,0.0562255729113258
ITA,2015,L,227685.5,1651010.3,0.1379067713871924
ITA,2015,M,106341.1,1651010.3,0.064409713252546
ITA,2015,N,51596.4,1651010.3,0.0312514101214268
ITA,2015,O,111148.4,1651010.3,0.0673214455415571
ITA,2015,P,69098.8,1651010.3,0.0418524342337537
ITA,2015,Q,100622.9,1651010.3,0.0609462581790071
ITA,2015,R,18411.3,1651010.3,0.0111515355173738
ITA,2015,S,29701.2,1651010.3,0.0179897121174834
ITA,2015,T,20905.1,1651010.3,0.0126620045919761
ITA,2015,HFCE,0.0,1651010.3,0.0
ITA,2016,A01_02,35076.7,1685541.9,0.0208103399862085
ITA,2016,A03,1118.8,1685541.9,0.0006637627934375
ITA,2016,B05_06,2281.6,1685541.9,0.0013536299512934
ITA,2016,B07_08,1188.2,1685541.9,0.0007049364954973
ITA,2016,B09,571.5,1685541.9,0.0003390600969338
ITA,2016,C10T12,30943.2,1685541.9,0.0183580129334073
ITA,2016,C13T15,26885.7,1685541.9,0.0159507752373287
ITA,2016,C16,5361.3,1685541.9,0.0031807574762751
ITA,2016,C17_18,11274.4,1685541.9,0.0066888874135967
ITA,2016,C19,2764.5,1685541.9,0.0016401253507848
ITA,2016,C20,13304.5,1685541.9,0.0078933071909989
ITA,2016,C21,10278.7,1685541.9,0.0060981575124296
ITA,2016,C22,13939.0,1685541.9,0.0082697439915317
ITA,2016,C23,10903.2,1685541.9,0.0064686615028674
ITA,2016,C24,9329.8,1685541.9,0.0055351931625075
ITA,2016,C25,33199.7,1685541.9,0.0196967515313621
ITA,2016,C26,8931.4,1685541.9,0.0052988300083195
ITA,2016,C27,12323.4,1685541.9,0.0073112391925706
ITA,2016,C28,40080.2,1685541.9,0.0237788215172817
ITA,2016,C29,15273.0,1685541.9,0.0090611808582153
ITA,2016,C30,8195.4,1685541.9,0.0048621751853217
ITA,2016,C31T33,24688.4,1685541.9,0.0146471588751368
ITA,2016,D,26532.8,1685541.9,0.0157414063690733
ITA,2016,E,17641.5,1685541.9,0.010466366929235
ITA,2016,F,72417.6,1685541.9,0.0429639868341451
ITA,2016,G,197678.4,1685541.9,0.1172788407099224
ITA,2016,H49,50359.6,1685541.9,0.0298773943264181
ITA,2016,H50,4062.4,1685541.9,0.0024101447730252
ITA,2016,H51,1916.0,1685541.9,0.0011367264142172
ITA,2016,H52,33645.4,1685541.9,0.0199611768772998
ITA,2016,H53,3902.9,1685541.9,0.0023155164520086
ITA,2016,I,63396.9,1685541.9,0.0376121768316765
ITA,2016,J58T60,9731.0,1685541.9,0.0057732175035221
ITA,2016,J61,20551.3,1685541.9,0.0121926960107013
ITA,2016,J62_63,33390.6,1685541.9,0.0198100088760771
ITA,2016,K,89646.5,1685541.9,0.0531855660188572
ITA,2016,L,229541.9,1685541.9,0.13618285015638
ITA,2016,M,107821.3,1685541.9,0.0639683297104628
ITA,2016,N,53278.1,1685541.9,0.0316088849526671
ITA,2016,O,112164.8,1685541.9,0.0665452457752607
ITA,2016,P,69577.0,1685541.9,0.0412787127985367
ITA,2016,Q,101042.2,1685541.9,0.0599464184189073
ITA,2016,R,19543.4,1685541.9,0.0115947280812182
ITA,2016,S,29376.3,1685541.9,0.0174284009196092
ITA,2016,T,20411.4,1685541.9,0.0121096959974712
ITA,2016,HFCE,0.0,1685541.9,0.0
ITA,2017,A01_02,37653.1,1759820.0,0.0213959950449477
ITA,2017,A03,1045.4,1759820.0,0.0005940380266163
ITA,2017,B05_06,2418.2,1759820.0,0.001374117807503
ITA,2017,B07_08,1956.9,1759820.0,0.0011119887261197
ITA,2017,B09,316.2,1759820.0,0.0001796774670136
ITA,2017,C10T12,32059.7,1759820.0,0.0182176018001841
ITA,2017,C13T15,28370.8,1759820.0,0.0161214215090179
ITA,2017,C16,5442.9,1759820.0,0.0030928731347524
ITA,2017,C17_18,11682.0,1759820.0,0.0066381789046607
ITA,2017,C19,3236.7,1759820.0,0.0018392221931788
ITA,2017,C20,13733.0,1759820.0,0.0078036390085349
ITA,2017,C21,10399.9,1759820.0,0.0059096384857542
ITA,2017,C22,14827.5,1759820.0,0.0084255776158925
ITA,2017,C23,11238.6,1759820.0,0.0063862213180893
ITA,2017,C24,10594.2,1759820.0,0.0060200475048584
ITA,2017,C25,34763.8,1759820.0,0.0197541794047118
ITA,2017,C26,9382.5,1759820.0,0.0053315111772794
ITA,2017,C27,12718.7,1759820.0,0.0072272732438544
ITA,2017,C28,42735.1,1759820.0,0.0242837903876532
ITA,2017,C29,17274.4,1759820.0,0.0098160039094907
ITA,2017,C30,8609.6,1759820.0,0.0048923185325771
ITA,2017,C31T33,25555.7,1759820.0,0.0145217692718573
ITA,2017,D,27684.7,1759820.0,0.0157315520905547
ITA,2017,E,18257.7,1759820.0,0.0103747542362287
ITA,2017,F,74652.0,1759820.0,0.042420247525315
ITA,2017,G,209763.1,1759820.0,0.119195770021934
ITA,2017,H49,51918.5,1759820.0,0.0295021649941471
ITA,2017,H50,4302.3,1759820.0,0.0024447386664545
ITA,2017,H51,2392.5,1759820.0,0.0013595140412087
ITA,2017,H52,35765.2,1759820.0,0.0203232148742485
ITA,2017,H53,4036.6,1759820.0,0.0022937573160891
ITA,2017,I,68486.5,1759820.0,0.0389167642145219
ITA,2017,J58T60,9891.9,1759820.0,0.0056209725994704
ITA,2017,J61,20795.0,1759820.0,0.011816549419827
ITA,2017,J62_63,36321.7,1759820.0,0.0206394403973133
ITA,2017,K,88260.4,1759820.0,0.0501530838381198
ITA,2017,L,236892.5,1759820.0,0.1346117784773442
ITA,2017,M,112644.2,1759820.0,0.0640089327317566
ITA,2017,N,58170.8,1759820.0,0.0330549715311793
ITA,2017,O,114747.2,1759820.0,0.0652039413121796
ITA,2017,P,72208.7,1759820.0,0.0410318668954779
ITA,2017,Q,104633.5,1759820.0,0.0594569330954302
ITA,2017,R,20256.7,1759820.0,0.0115106658635542
ITA,2017,S,31272.5,1759820.0,0.0177702833244309
ITA,2017,T,20450.9,1759820.0,0.011621018058665
ITA,2017,HFCE,0.0,1759820.0,0.0
ITA,2018,A01_02,39609.5,1878137.1,0.021089780932393
ITA,2018,A03,1106.2,1878137.1,0.0005889878859216
ITA,2018,B05_06,3185.8,1878137.1,0.0016962552946747
ITA,2018,B07_08,2043.2,1878137.1,0.0010878865020024
ITA,2018,B09,268.9,1878137.1,0.0001431737864078
ITA,2018,C10T12,34902.7,1878137.1,0.0185836806056384
ITA,2018,C13T15,30528.6,1878137.1,0.0162547238963545
ITA,2018,C16,5771.5,1878137.1,0.0030729918492105
ITA,2018,C17_18,12288.5,1878137.1,0.0065429195770638
ITA,2018,C19,2152.8,1878137.1,0.0011462421992515
ITA,2018,C20,14528.9,1878137.1,0.0077358037387153
ITA,2018,C21,10846.0,1878137.1,0.0057748712806961
ITA,2018,C22,15993.9,1878137.1,0.0085158319911789
ITA,2018,C23,12228.6,1878137.1,0.0065110262717242
ITA,2018,C24,11185.5,1878137.1,0.0059556355071203
ITA,2018,C25,39957.4,1878137.1,0.0212750176757596
ITA,2018,C26,9987.6,1878137.1,0.0053178226445769
ITA,2018,C27,13321.1,1878137.1,0.0070927196954897
ITA,2018,C28,45866.1,1878137.1,0.0244210606350303
ITA,2018,C29,17911.9,1878137.1,0.009537056693039
ITA,2018,C30,9383.2,1878137.1,0.0049960144017175
ITA,2018,C31T33,27329.7,1878137.1,0.0145514936050195
ITA,2018,D,30434.0,1878137.1,0.0162043548365026
ITA,2018,E,19701.5,1878137.1,0.0104899157787788
ITA,2018,F,79157.5,1878137.1,0.0421468166514574
ITA,2018,G,222881.6,1878137.1,0.1186716347810817
ITA,2018,H49,52900.6,1878137.1,0.0281665273530883
ITA,2018,H50,4345.7,1878137.1,0.0023138353424784
ITA,2018,H51,2863.1,1878137.1,0.0015244361021354
ITA,2018,H52,38871.3,1878137.1,0.0206967318839503
ITA,2018,H53,3720.8,1878137.1,0.0019811120285095
ITA,2018,I,74523.7,1878137.1,0.0396795846267027
ITA,2018,J58T60,10433.1,1878137.1,0.0055550257752748
ITA,2018,J61,20666.1,1878137.1,0.0110035098076705
ITA,2018,J62_63,39505.3,1878137.1,0.0210343004246069
ITA,2018,K,92288.8,1878137.1,0.0491384787617474
ITA,2018,L,250902.4,1878137.1,0.1335910993931167
ITA,2018,M,122107.4,1878137.1,0.065015168487966
ITA,2018,N,65592.6,1878137.1,0.0349242874761379
ITA,2018,O,122648.2,1878137.1,0.0653031133882611
ITA,2018,P,78436.4,1878137.1,0.0417628723696475
ITA,2018,Q,110501.1,1878137.1,0.0588354811797285
ITA,2018,R,21250.4,1878137.1,0.0113146159564176
ITA,2018,S,32681.6,1878137.1,0.0174010725841047
ITA,2018,T,21326.3,1878137.1,0.0113550283416476
ITA,2018,HFCE,0.0,1878137.1,0.0
ITA,2019,A01_02,37461.0,1804581.1,0.0207588342801551
ITA,2019,A03,914.3,1804581.1,0.0005066549793744
ITA,2019,B05_06,2329.0,1804581.1,0.0012906042294247
ITA,2019,B07_08,1778.4,1804581.1,0.0009854918684452
ITA,2019,B09,236.1,1804581.1,0.000130833687663
ITA,2019,C10T12,33923.4,1804581.1,0.0187984901315878
ITA,2019,C13T15,29184.2,1804581.1,0.0161722850804544
ITA,2019,C16,5198.5,1804581.1,0.0028807239530548
ITA,2019,C17_18,11822.3,1804581.1,0.0065512710955467
ITA,2019,C19,2176.0,1804581.1,0.0012058200099735
ITA,2019,C20,13308.7,1804581.1,0.0073749525582419
ITA,2019,C21,11317.9,1804581.1,0.0062717602439701
ITA,2019,C22,14843.6,1804581.1,0.0082255100643578
ITA,2019,C23,11639.1,1804581.1,0.0064497516902953
ITA,2019,C24,9634.6,1804581.1,0.0053389675864387
ITA,2019,C25,37854.9,1804581.1,0.0209771120843502
ITA,2019,C26,9800.4,1804581.1,0.0054308448647722
ITA,2019,C27,12825.6,1804581.1,0.0071072449999614
ITA,2019,C28,44026.1,1804581.1,0.0243968530979294
ITA,2019,C29,16036.2,1804581.1,0.0088863836598975
ITA,2019,C30,9209.7,1804581.1,0.0051035112802633
ITA,2019,C31T33,26713.3,1804581.1,0.0148030476435777
ITA,2019,D,32504.2,1804581.1,0.0180120472280242
ITA,2019,E,19039.2,1804581.1,0.010550481771088
ITA,2019,F,77768.8,1804581.1,0.0430952091873288
ITA,2019,G,221248.4,1804581.1,0.1226037444368668
ITA,2019,H49,51062.8,1804581.1,0.0282962068038948
ITA,2019,H50,4343.5,1804581.1,0.002406929785533
ITA,2019,H51,3400.8,1804581.1,0.0018845370817637
ITA,2019,H52,37187.8,1804581.1,0.0206074418046382
ITA,2019,H53,3428.1,1804581.1,0.0018996652464109
ITA,2019,I,71325.1,1804581.1,0.0395244635998903
ITA,2019,J58T60,9282.8,1804581.1,0.0051440192962233
ITA,2019,J61,20519.0,1804581.1,0.011370505875297
ITA,2019,J62_63,37334.4,1804581.1,0.0206886794946483
ITA,2019,K,88018.5,1804581.1,0.0487750315017706
ITA,2019,L,242868.3,1804581.1,0.1345843087905553
ITA,2019,M,113351.0,1804581.1,0.0628129154184314
ITA,2019,N,63162.4,1804581.1,0.0350011423703816
ITA,2019,O,115156.8,1804581.1,0.0638135908660464
ITA,2019,P,74664.9,1804581.1,0.0413751978229185
ITA,2019,Q,105227.3,1804581.1,0.0583112058527045
ITA,2019,R,21143.8,1804581.1,0.0117167358119842
ITA,2019,S,30130.0,1804581.1,0.0166963956344217
ITA,2019,T,20179.9,1804581.1,0.0111825952294413
ITA,2019,HFCE,0.0,1804581.1,0.0
ITA,2020,A01_02,37381.2,1717997.7,0.0217585855906559
ITA,2020,A03,760.3,1717997.7,0.000442550068606
ITA,2020,B05_06,2030.9,1717997.7,0.0011821319667657
ITA,2020,B07_08,1099.8,1717997.7,0.0006401638372391
ITA,2020,B09,146.0,1717997.7,8.498265160657666e-05
ITA,2020,C10T12,33552.2,1717997.7,0.01952982824133
ITA,2020,C13T15,23513.5,1717997.7,0.0136865724558304
ITA,2020,C16,4659.9,1717997.7,0.0027124017686403
ITA,2020,C17_18,11048.8,1717997.7,0.0064312076785667
ITA,2020,C19,-216.8,1717997.7,-0.0001261934169062
ITA,2020,C20,13888.8,1717997.7,0.0080842948742015
ITA,2020,C21,11976.1,1717997.7,0.0069709639308597
ITA,2020,C22,14617.8,1717997.7,0.0085086260592781
ITA,2020,C23,10940.1,1717997.7,0.0063679363482267
ITA,2020,C24,8673.6,1717997.7,0.0050486679929781
ITA,2020,C25,35497.0,1717997.7,0.0206618437265661
ITA,2020,C26,10289.0,1717997.7,0.0059889486464388
ITA,2020,C27,12408.8,1717997.7,0.0072228268990115
ITA,2020,C28,40306.8,1717997.7,0.0234614982313422
ITA,2020,C29,12692.1,1717997.7,0.0073877281675056
ITA,2020,C30,9125.3,1717997.7,0.0053115903472979
ITA,2020,C31T33,24233.8,1717997.7,0.014105839606188
ITA,2020,D,33666.6,1717997.7,0.0195964173875203
ITA,2020,E,19503.5,1717997.7,0.0113524599014306
ITA,2020,F,75821.0,1717997.7,0.0441333536127551
ITA,2020,G,201216.8,1717997.7,0.1171228576150014
ITA,2020,H49,46601.6,1717997.7,0.0271255310760893
ITA,2020,H50,1897.7,1717997.7,0.0011045998489986
ITA,2020,H51,933.5,1717997.7,0.0005433651046215
ITA,2020,H52,32971.8,1717997.7,0.019191993097546
ITA,2020,H53,3292.8,1717997.7,0.0019166498302064
ITA,2020,I,44463.6,1717997.7,0.0258810590957135
ITA,2020,J58T60,9024.6,1717997.7,0.0052529756006076
ITA,2020,J61,20002.2,1717997.7,0.0116427396846922
ITA,2020,J62_63,37946.9,1717997.7,0.0220878642619835
ITA,2020,K,91246.3,1717997.7,0.0531120035841724
ITA,2020,L,242855.6,1717997.7,0.1413596770240146
ITA,2020,M,117768.0,1717997.7,0.068549567906872
ITA,2020,N,59005.2,1717997.7,0.0343453311957286
ITA,2020,O,117001.1,1717997.7,0.068103176156755
ITA,2020,P,75358.0,1717997.7,0.0438638538340301
ITA,2020,Q,105586.2,1717997.7,0.06145887156892
ITA,2020,R,16464.9,1717997.7,0.0095837730166926
ITA,2020,S,26546.3,1717997.7,0.0154518833174223
ITA,2020,T,20198.5,1717997.7,0.0117570006059961
ITA,2020,HFCE,0.0,1717997.7,0.0
JPN,1995,A01_02,74370.0,5223371.9,0.0142379293344975
JPN,1995,A03,12965.8,5223371.9,0.0024822662923924
JPN,1995,B05_06,1746.0,5223371.9,0.0003342668363322
JPN,1995,B07_08,4726.6,5223371.9,0.0009048944035556
JPN,1995,B09,2078.1,5223371.9,0.0003978464562326
JPN,1995,C10T12,133311.6,5223371.9,0.0255221344664353
JPN,1995,C13T15,52848.6,5223371.9,0.0101177172546339
JPN,1995,C16,15188.1,5223371.9,0.0029077194369407
JPN,1995,C17_18,76077.8,5223371.9,0.0145648828872399
JPN,1995,C19,55469.0,5223371.9,0.0106193855352325
JPN,1995,C20,73975.2,5223371.9,0.0141623459742546
JPN,1995,C21,38829.4,5223371.9,0.0074337804665985
JPN,1995,C22,53902.2,5223371.9,0.0103194260397196
JPN,1995,C23,47721.4,5223371.9,0.0091361290969919
JPN,1995,C24,84542.9,5223371.9,0.0161855027018083
JPN,1995,C25,69860.9,5223371.9,0.0133746747000725
JPN,1995,C26,141466.4,5223371.9,0.0270833482103772
JPN,1995,C27,96538.9,5223371.9,0.0184821034856813
JPN,1995,C28,142942.2,5223371.9,0.0273658860093802
JPN,1995,C29,105138.8,5223371.9,0.0201285303847501
JPN,1995,C30,23236.4,5223371.9,0.0044485440525496
JPN,1995,C31T33,90714.2,5223371.9,0.0173669808959993
JPN,1995,D,96815.8,5223371.9,0.0185351152193471
JPN,1995,E,67302.1,5223371.9,0.0128847995678806
JPN,1995,F,403083.8,5223371.9,0.0771692706774334
JPN,1995,G,758172.4,5223371.9,0.1451499940105738
JPN,1995,H49,185969.3,5223371.9,0.0356033044478414
JPN,1995,H50,16790.7,5223371.9,0.0032145327427288
JPN,1995,H51,7685.8,5223371.9,0.001471425000391
JPN,1995,H52,70750.6,5223371.9,0.0135450052867191
JPN,1995,H53,11555.6,5223371.9,0.0022122874306537
JPN,1995,I,161451.1,5223371.9,0.0309093633558812
JPN,1995,J58T60,51049.4,5223371.9,0.0097732654264958
JPN,1995,J61,73235.3,5223371.9,0.0140206941803243
JPN,1995,J62_63,51172.5,5223371.9,0.0097968325785877
JPN,1995,K,269476.5,5223371.9,0.0515905252697017
JPN,1995,L,545511.1,5223371.9,0.1044365805161221
JPN,1995,M,140426.9,5223371.9,0.0268843388310145
JPN,1995,N,98421.5,5223371.9,0.0188425220114998
JPN,1995,O,249351.9,5223371.9,0.0477377266589039
JPN,1995,P,191933.8,5223371.9,0.0367451913580957
JPN,1995,Q,222705.1,5223371.9,0.0426362710263843
JPN,1995,R,68488.6,5223371.9,0.0131119516877593
JPN,1995,S,84371.6,5223371.9,0.0161527077939826
JPN,1995,T,0.0,5223371.9,0.0
JPN,1995,HFCE,0.0,5223371.9,0.0
JPN,1996,A01_02,65795.1,4637440.4,0.0141878049796607
JPN,1996,A03,12172.9,4637440.4,0.002624917831828
JPN,1996,B05_06,1505.5,4637440.4,0.0003246402907948
JPN,1996,B07_08,4079.7,4637440.4,0.0008797309826342
JPN,1996,B09,1791.9,4637440.4,0.0003863984968949
JPN,1996,C10T12,115674.2,4637440.4,0.0249435442879222
JPN,1996,C13T15,42561.2,4637440.4,0.0091777352006507
JPN,1996,C16,12584.0,4637440.4,0.0027135658713802
JPN,1996,C17_18,67083.4,4637440.4,0.0144656090890138
JPN,1996,C19,53236.9,4637440.4,0.0114798025220981
JPN,1996,C20,63236.4,4637440.4,0.0136360566488358
JPN,1996,C21,34482.6,4637440.4,0.0074356966398964
JPN,1996,C22,46900.9,4637440.4,0.0101135315938507
JPN,1996,C23,41771.9,4637440.4,0.0090075335523449
JPN,1996,C24,71973.3,4637440.4,0.0155200485164186
JPN,1996,C25,62614.3,4637440.4,0.0135019093722476
JPN,1996,C26,129592.0,4637440.4,0.0279447257155046
JPN,1996,C27,81998.7,4637440.4,0.0176818876205934
JPN,1996,C28,131691.8,4637440.4,0.028397518596681
JPN,1996,C29,99557.8,4637440.4,0.0214682651231485
JPN,1996,C30,16965.1,4637440.4,0.0036582896030318
JPN,1996,C31T33,77715.2,4637440.4,0.0167582099815234
JPN,1996,D,83649.1,4637440.4,0.018037773595969
JPN,1996,E,61322.2,4637440.4,0.0132232858453555
JPN,1996,F,362782.9,4637440.4,0.078229123979685
JPN,1996,G,658119.8,4637440.4,0.1419144491862364
JPN,1996,H49,145794.7,4637440.4,0.0314386142838622
JPN,1996,H50,12840.9,4637440.4,0.002768962809743
JPN,1996,H51,6911.8,4637440.4,0.0014904342490309
JPN,1996,H52,64241.6,4637440.4,0.0138528141515306
JPN,1996,H53,11002.2,4637440.4,0.0023724725389462
JPN,1996,I,144070.6,4637440.4,0.0310668359209532
JPN,1996,J58T60,46866.9,4637440.4,0.0101061999632383
JPN,1996,J61,72768.0,4637440.4,0.0156914146001747
JPN,1996,J62_63,54017.2,4637440.4,0.0116480634446536
JPN,1996,K,248276.2,4637440.4,0.0535373349488222
JPN,1996,L,482143.3,4637440.4,0.1039675464077123
JPN,1996,M,129202.5,4637440.4,0.0278607354177532
JPN,1996,N,90561.3,4637440.4,0.0195282940994778
JPN,1996,O,221905.6,4637440.4,0.0478508791185758
JPN,1996,P,169334.5,4637440.4,0.0365146471747647
JPN,1996,Q,204466.2,4637440.4,0.0440903132685004
JPN,1996,R,56512.3,4637440.4,0.0121860973135094
JPN,1996,S,75665.8,4637440.4,0.0163162851645489
JPN,1996,T,0.0,4637440.4,0.0
JPN,1996,HFCE,0.0,4637440.4,0.0
JPN,1997,A01_02,54906.1,4221941.600000001,0.0130049406652143
JPN,1997,A03,10342.3,4221941.600000001,0.0024496549170646
JPN,1997,B05_06,1284.1,4221941.600000001,0.0003041491620822
JPN,1997,B07_08,3372.2,4221941.600000001,0.0007987320336216
JPN,1997,B09,1482.1,4221941.600000001,0.0003510470159037
JPN,1997,C10T12,105038.2,4221941.600000001,0.0248791219660641
JPN,1997,C13T15,35746.7,4221941.600000001,0.0084668864202195
JPN,1997,C16,11145.2,4221941.600000001,0.0026398280828896
JPN,1997,C17_18,59876.8,4221941.600000001,0.0141822899681985
JPN,1997,C19,50111.1,4221941.600000001,0.0118692072860505
JPN,1997,C20,57905.7,4221941.600000001,0.0137154194648263
JPN,1997,C21,30668.9,4221941.600000001,0.0072641696417591
JPN,1997,C22,41945.4,4221941.600000001,0.0099350971600365
JPN,1997,C23,36827.9,4221941.600000001,0.008722977125027
JPN,1997,C24,66456.8,4221941.600000001,0.0157408146052991
JPN,1997,C25,55864.5,4221941.600000001,0.0132319452263385
JPN,1997,C26,119650.8,4221941.600000001,0.0283402309496654
JPN,1997,C27,73726.5,4221941.600000001,0.0174627000998782
JPN,1997,C28,123176.0,4221941.600000001,0.0291752022339674
JPN,1997,C29,84990.7,4221941.600000001,0.0201307142666303
JPN,1997,C30,17872.8,4221941.600000001,0.0042333129382936
JPN,1997,C31T33,69556.4,4221941.600000001,0.0164749791896695
JPN,1997,D,80232.5,4221941.600000001,0.0190036972562576
JPN,1997,E,56817.5,4221941.600000001,0.0134576707550857
JPN,1997,F,308547.2,4221941.600000001,0.0730818256699713
JPN,1997,G,607213.8,4221941.600000001,0.1438233536911074
JPN,1997,H49,130486.8,4221941.600000001,0.0309068225860821
JPN,1997,H50,12630.7,4221941.600000001,0.0029916804154751
JPN,1997,H51,6137.5,4221941.600000001,0.0014537150395448
JPN,1997,H52,55348.3,4221941.600000001,0.0131096792054158
JPN,1997,H53,10685.5,4221941.600000001,0.0025309445303554
JPN,1997,I,135141.6,4221941.600000001,0.0320093484950147
JPN,1997,J58T60,42222.5,4221941.600000001,0.0100007304696019
JPN,1997,J61,71633.6,4221941.600000001,0.0169669803106703
JPN,1997,J62_63,55365.5,4221941.600000001,0.0131137531603942
JPN,1997,K,223709.6,4221941.600000001,0.0529873743398061
JPN,1997,L,440553.4,4221941.600000001,0.1043485300696722
JPN,1997,M,120578.1,4221941.600000001,0.0285598692317297
JPN,1997,N,84514.5,4221941.600000001,0.0200179225596109
JPN,1997,O,204626.0,4221941.600000001,0.0484672739196581
JPN,1997,P,153944.1,4221941.600000001,0.0364628681742068
JPN,1997,Q,190392.2,4221941.600000001,0.0450958866887216
JPN,1997,R,49921.4,4221941.600000001,0.0118242753523639
JPN,1997,S,69292.1,4221941.600000001,0.0164123776605531
JPN,1997,T,0.0,4221941.600000001,0.0
JPN,1997,HFCE,0.0,4221941.600000001,0.0
JPN,1998,A01_02,53683.5,3836505.6,0.013992811583541
JPN,1998,A03,8375.6,3836505.6,0.0021831324838936
JPN,1998,B05_06,1056.6,3836505.6,0.0002754068702519
JPN,1998,B07_08,2854.5,3836505.6,0.0007440364481678
JPN,1998,B09,1257.6,3836505.6,0.0003277982964497
JPN,1998,C10T12,99373.4,3836505.6,0.0259020604583504
JPN,1998,C13T15,30967.6,3836505.6,0.0080718245269862
JPN,1998,C16,9701.3,3836505.6,0.0025286813083239
JPN,1998,C17_18,53912.1,3836505.6,0.0140523970563212
JPN,1998,C19,43067.5,3836505.6,0.0112257101879376
JPN,1998,C20,50937.2,3836505.6,0.013276977883207
JPN,1998,C21,26980.5,3836505.6,0.0070325715150787
JPN,1998,C22,37815.0,3836505.6,0.0098566257794593
JPN,1998,C23,31048.3,3836505.6,0.0080928592936238
JPN,1998,C24,51036.3,3836505.6,0.0133028086808996
JPN,1998,C25,47852.4,3836505.6,0.0124729128506941
JPN,1998,C26,106312.0,3836505.6,0.0277106333430088
JPN,1998,C27,63287.8,3836505.6,0.0164962094672818
JPN,1998,C28,108295.3,3836505.6,0.0282275881468803
JPN,1998,C29,80918.5,3836505.6,0.0210917195064175
JPN,1998,C30,18912.4,3836505.6,0.0049295900936518
JPN,1998,C31T33,63218.9,3836505.6,0.016478250416212
JPN,1998,D,75273.5,3836505.6,0.0196203284572294
JPN,1998,E,53739.2,3836505.6,0.0140073300036366
JPN,1998,F,273808.5,3836505.6,0.0713692428860262
JPN,1998,G,539866.2,3836505.6,0.140718209820937
JPN,1998,H49,116249.3,3836505.6,0.0303008289626893
JPN,1998,H50,12320.6,3836505.6,0.0032114119682244
JPN,1998,H51,5512.1,3836505.6,0.0014367501509707
JPN,1998,H52,47876.0,3836505.6,0.0124790642818297
JPN,1998,H53,9788.6,3836505.6,0.0025514363904486
JPN,1998,I,124851.9,3836505.6,0.0325431298731846
JPN,1998,J58T60,38462.3,3836505.6,0.0100253470241252
JPN,1998,J61,67687.4,3836505.6,0.0176429821971327
JPN,1998,J62_63,62550.6,3836505.6,0.0163040554404508
JPN,1998,K,195419.9,3836505.6,0.050936951584275
JPN,1998,L,405615.7,3836505.6,0.1057252985633593
JPN,1998,M,113783.2,3836505.6,0.0296580304743983
JPN,1998,N,79749.1,3836505.6,0.0207869108805679
JPN,1998,O,190778.6,3836505.6,0.0497271788160559
JPN,1998,P,142153.8,3836505.6,0.0370529369225995
JPN,1998,Q,181072.7,3836505.6,0.0471972984999683
JPN,1998,R,44409.1,3836505.6,0.0115754034087686
JPN,1998,S,64673.0,3836505.6,0.0168572671964821
JPN,1998,T,0.0,3836505.6,0.0
JPN,1998,HFCE,0.0,3836505.6,0.0
JPN,1999,A01_02,58988.6,4327757.100000001,0.0136302936225325
JPN,1999,A03,9567.6,4327757.100000001,0.0022107525396931
JPN,1999,B05_06,1066.1,4327757.100000001,0.0002463400730138
JPN,1999,B07_08,2846.5,4327757.100000001,0.0006577309988122
JPN,1999,B09,1255.5,4327757.100000001,0.000290104081858
JPN,1999,C10T12,117286.2,4327757.100000001,0.0271009202434212
JPN,1999,C13T15,30751.6,4327757.100000001,0.0071056668129549
JPN,1999,C16,10526.3,4327757.100000001,0.0024322760628132
JPN,1999,C17_18,58170.7,4327757.100000001,0.0134413042728299
JPN,1999,C19,47097.3,4327757.100000001,0.0108826116881652
JPN,1999,C20,56911.2,4327757.100000001,0.0131502759246816
JPN,1999,C21,34250.4,4327757.100000001,0.0079141225370527
JPN,1999,C22,41821.5,4327757.100000001,0.0096635506646156
JPN,1999,C23,33051.2,4327757.100000001,0.0076370275032302
JPN,1999,C24,57202.8,4327757.100000001,0.0132176549372422
JPN,1999,C25,50920.3,4327757.100000001,0.0117659791950892
JPN,1999,C26,121790.3,4327757.100000001,0.0281416671929207
JPN,1999,C27,67365.1,4327757.100000001,0.015565822767641
JPN,1999,C28,114478.1,4327757.100000001,0.0264520622009955
JPN,1999,C29,90018.2,4327757.100000001,0.0208001969426611
JPN,1999,C30,18692.2,4327757.100000001,0.004319142587739
JPN,1999,C31T33,68724.5,4327757.100000001,0.0158799346663887
JPN,1999,D,84697.1,4327757.100000001,0.0195706686033742
JPN,1999,E,62830.5,4327757.100000001,0.0145180282876781
JPN,1999,F,302752.9,4327757.100000001,0.0699560749377547
JPN,1999,G,611737.4,4327757.100000001,0.1413520643291186
JPN,1999,H49,133576.9,4327757.100000001,0.0308651564571403
JPN,1999,H50,12150.1,4327757.100000001,0.0028074819633477
JPN,1999,H51,6451.3,4327757.100000001,0.0014906797796022
JPN,1999,H52,51857.9,4327757.100000001,0.0119826272135282
JPN,1999,H53,10905.4,4327757.100000001,0.0025198734004734
JPN,1999,I,141775.6,4327757.100000001,0.0327596019656463
JPN,1999,J58T60,42902.6,4327757.100000001,0.0099133567362179
JPN,1999,J61,76110.5,4327757.100000001,0.0175865923713694
JPN,1999,J62_63,79306.3,4327757.100000001,0.0183250349239794
JPN,1999,K,218606.0,4327757.100000001,0.0505125391626068
JPN,1999,L,466605.6,4327757.100000001,0.1078169567326225
JPN,1999,M,128544.6,4327757.100000001,0.0297023601440108
JPN,1999,N,90093.9,4327757.100000001,0.0208176886822044
JPN,1999,O,217663.7,4327757.100000001,0.0502948051312768
JPN,1999,P,161478.3,4327757.100000001,0.0373122373249644
JPN,1999,Q,212283.1,4327757.100000001,0.0490515283309222
JPN,1999,R,48470.7,4327757.100000001,0.0111999585189288
JPN,1999,S,74174.5,4327757.100000001,0.0171392474868795
JPN,1999,T,0.0,4327757.100000001,0.0
JPN,1999,HFCE,0.0,4327757.100000001,0.0
JPN,2000,A01_02,61703.2,4648349.4,0.0132742172952833
JPN,2000,A03,9373.9,4648349.4,0.0020166083040143
JPN,2000,B05_06,1130.0,4648349.4,0.000243097044297
JPN,2000,B07_08,2926.6,4648349.4,0.0006295998317166
JPN,2000,B09,1289.7,4648349.4,0.0002774533256901
JPN,2000,C10T12,123985.5,4648349.4,0.0266730164475157
JPN,2000,C13T15,29620.0,4648349.4,0.0063721543823706
JPN,2000,C16,10828.8,4648349.4,0.0023296011267999
JPN,2000,C17_18,63458.6,4648349.4,0.0136518567214418
JPN,2000,C19,48212.0,4648349.4,0.0103718537165041
JPN,2000,C20,58960.5,4648349.4,0.0126841798940501
JPN,2000,C21,35577.5,4648349.4,0.0076537921181226
JPN,2000,C22,45402.0,4648349.4,0.0097673380576769
JPN,2000,C23,35358.4,4648349.4,0.0076066571071443
JPN,2000,C24,66929.8,4648349.4,0.0143986164207019
JPN,2000,C25,53898.6,4648349.4,0.0115952127006631
JPN,2000,C26,141120.3,4648349.4,0.0303592281595699
JPN,2000,C27,74176.6,4648349.4,0.015957621430093
JPN,2000,C28,126631.2,4648349.4,0.0272421862263624
JPN,2000,C29,93578.9,4648349.4,0.020131640706699
JPN,2000,C30,17868.8,4648349.4,0.0038441172257834
JPN,2000,C31T33,74794.7,4648349.4,0.0160905933620222
JPN,2000,D,87588.2,4648349.4,0.0188428606507075
JPN,2000,E,66017.6,4648349.4,0.0142023747182171
JPN,2000,F,312187.8,4648349.4,0.0671610012792928
JPN,2000,G,634849.6,4648349.4,0.1365752755160788
JPN,2000,H49,143666.7,4648349.4,0.0309070355167363
JPN,2000,H50,11405.9,4648349.4,0.0024537527234936
JPN,2000,H51,7098.8,4648349.4,0.0015271657504919
JPN,2000,H52,54677.1,4648349.4,0.0117626915050748
JPN,2000,H53,11617.9,4648349.4,0.0024993603105652
JPN,2000,I,145705.7,4648349.4,0.0313456858471095
JPN,2000,J58T60,45194.0,4648349.4,0.0097225909911161
JPN,2000,J61,80383.0,4648349.4,0.0172928050546286
JPN,2000,J62_63,94692.1,4648349.4,0.0203711235648507
JPN,2000,K,234340.1,4648349.4,0.0504136156374131
JPN,2000,L,505994.0,4648349.4,0.1088545538336683
JPN,2000,M,150487.1,4648349.4,0.0323743090396776
JPN,2000,N,106074.1,4648349.4,0.0228197346782924
JPN,2000,O,235897.4,4648349.4,0.0507486377852749
JPN,2000,P,170534.2,4648349.4,0.0366870442226223
JPN,2000,Q,238279.0,4648349.4,0.0512609916973969
JPN,2000,R,51889.0,4648349.4,0.0111628871960442
JPN,2000,S,82944.5,4648349.4,0.0178438608767232
JPN,2000,T,0.0,4648349.4,0.0
JPN,2000,HFCE,0.0,4648349.4,0.0
JPN,2001,A01_02,49125.0,4094217.3,0.0119986303609239
JPN,2001,A03,7621.0,4094217.3,0.0018614058418443
JPN,2001,B05_06,977.6,4094217.3,0.0002387757972689
JPN,2001,B07_08,2582.0,4094217.3,0.0006306455693008
JPN,2001,B09,1133.6,4094217.3,0.0002768783181097
JPN,2001,C10T12,110093.6,4094217.3,0.0268900236438354
JPN,2001,C13T15,22382.9,4094217.3,0.005466954575176
JPN,2001,C16,8867.1,4094217.3,0.0021657619394065
JPN,2001,C17_18,53798.8,4094217.3,0.0131401916551913
JPN,2001,C19,43077.0,4094217.3,0.0105214249375576
JPN,2001,C20,49207.2,4094217.3,0.0120187074584438
JPN,2001,C21,33269.9,4094217.3,0.0081260708853924
JPN,2001,C22,34510.1,4094217.3,0.0084289859260767
JPN,2001,C23,30231.4,4094217.3,0.0073839265932465
JPN,2001,C24,54115.7,4094217.3,0.0132175935068224
JPN,2001,C25,46320.8,4094217.3,0.0113137131241177
JPN,2001,C26,97988.8,4094217.3,0.0239334634241323
JPN,2001,C27,60121.7,4094217.3,0.014684540559193
JPN,2001,C28,106611.0,4094217.3,0.0260394092907574
JPN,2001,C29,84757.2,4094217.3,0.0207016857654331
JPN,2001,C30,17778.8,4094217.3,0.0043424172918227
JPN,2001,C31T33,64687.1,4094217.3,0.0157996254864147
JPN,2001,D,78832.0,4094217.3,0.0192544738648825
JPN,2001,E,60206.0,4094217.3,0.0147051305752628
JPN,2001,F,265482.4,4094217.3,0.0648432607619532
JPN,2001,G,568424.8,4094217.3,0.1388360114642669
JPN,2001,H49,128170.3,4094217.3,0.0313052020956484
JPN,2001,H50,10231.1,4094217.3,0.002498914749835
JPN,2001,H51,6060.8,4094217.3,0.0014803317840506
JPN,2001,H52,48939.6,4094217.3,0.0119533469803862
JPN,2001,H53,10492.5,4094217.3,0.0025627608969362
JPN,2001,I,127342.0,4094217.3,0.0311028923647994
JPN,2001,J58T60,39187.1,4094217.3,0.0095713288105152
JPN,2001,J61,72715.5,4094217.3,0.0177605375269163
JPN,2001,J62_63,91623.7,4094217.3,0.0223788072997493
JPN,2001,K,227709.0,4094217.3,0.0556172238342112
JPN,2001,L,447656.9,4094217.3,0.1093388228319
JPN,2001,M,135757.6,4094217.3,0.0331583768160033
JPN,2001,N,95874.9,4094217.3,0.0234171498420467
JPN,2001,O,211795.7,4094217.3,0.0517304491874429
JPN,2001,P,152525.1,4094217.3,0.0372537871890678
JPN,2001,Q,222019.9,4094217.3,0.0542276786334716
JPN,2001,R,43217.5,4094217.3,0.0105557416310072
JPN,2001,S,70694.6,4094217.3,0.017266938909178
JPN,2001,T,0.0,4094217.3,0.0
JPN,2001,HFCE,0.0,4094217.3,0.0
JPN,2002,A01_02,47020.6,3914465.7,0.0120120097105461
JPN,2002,A03,7315.7,3914465.7,0.0018688885177867
JPN,2002,B05_06,783.7,3914465.7,0.0002002061226389
JPN,2002,B07_08,2176.9,3914465.7,0.0005561167645433
JPN,2002,B09,956.9,3914465.7,0.0002444522633063
JPN,2002,C10T12,104133.4,3914465.7,0.0266022001418993
JPN,2002,C13T15,19314.9,3914465.7,0.0049342366188059
JPN,2002,C16,7939.3,3914465.7,0.0020281950612059
JPN,2002,C17_18,48404.7,3914465.7,0.0123655956418266
JPN,2002,C19,42737.3,3914465.7,0.0109177863022276
JPN,2002,C20,47400.6,3914465.7,0.0121090855388003
JPN,2002,C21,32695.9,3914465.7,0.008352583086882
JPN,2002,C22,32605.6,3914465.7,0.0083295148045364
JPN,2002,C23,26630.8,3914465.7,0.0068031762291339
JPN,2002,C24,46564.5,3914465.7,0.0118954931703706
JPN,2002,C25,41217.0,3914465.7,0.0105294063503992
JPN,2002,C26,90263.7,3914465.7,0.0230590090494342
JPN,2002,C27,51591.4,3914465.7,0.0131796786468201
JPN,2002,C28,92612.7,3914465.7,0.0236590909456685
JPN,2002,C29,94009.7,3914465.7,0.0240159723458555
JPN,2002,C30,18455.5,3914465.7,0.004714691969328
JPN,2002,C31T33,61512.8,3914465.7,0.0157142263374539
JPN,2002,D,72218.4,3914465.7,0.0184491078820795
JPN,2002,E,58654.2,3914465.7,0.0149839606462767
JPN,2002,F,240529.8,3914465.7,0.0614463935652827
JPN,2002,G,543308.6,3914465.7,0.1387950851121265
JPN,2002,H49,123903.4,3914465.7,0.0316526978381749
JPN,2002,H50,10566.9,3914465.7,0.0026994488673128
JPN,2002,H51,5919.5,3914465.7,0.0015122114877644
JPN,2002,H52,46844.1,3914465.7,0.0119669205429491
JPN,2002,H53,10207.8,3914465.7,0.0026077122096126
JPN,2002,I,121682.1,3914465.7,0.0310852385294882
JPN,2002,J58T60,37759.7,3914465.7,0.0096461951371805
JPN,2002,J61,70920.0,3914465.7,0.0181174151046974
JPN,2002,J62_63,90788.4,3914465.7,0.0231930503312367
JPN,2002,K,235903.7,3914465.7,0.0602645975413707
JPN,2002,L,428582.7,3914465.7,0.1094868962576425
JPN,2002,M,130667.4,3914465.7,0.033380647581099
JPN,2002,N,92681.5,3914465.7,0.0236766667798366
JPN,2002,O,204689.6,3914465.7,0.0522905590921386
JPN,2002,P,147478.9,3914465.7,0.0376753588618748
JPN,2002,Q,213776.2,3914465.7,0.0546118465158603
JPN,2002,R,44591.0,3914465.7,0.0113913375202138
JPN,2002,S,66448.2,3914465.7,0.0169750369763107
JPN,2002,T,0.0,3914465.7,0.0
JPN,2002,HFCE,0.0,3914465.7,0.0
JPN,2003,A01_02,48437.4,4233447.6,0.011441596678792
JPN,2003,A03,6929.6,4233447.6,0.001636869203247
JPN,2003,B05_06,841.4,4233447.6,0.0001987505408121
JPN,2003,B07_08,2249.8,4233447.6,0.0005314344743513
JPN,2003,B09,917.5,4233447.6,0.0002167264335573
JPN,2003,C10T12,111749.2,4233447.6,0.0263967363148654
JPN,2003,C13T15,19370.5,4233447.6,0.0045755851566463
JPN,2003,C16,8112.5,4233447.6,0.0019162868580208
JPN,2003,C17_18,51330.7,4233447.6,0.0121250349242541
JPN,2003,C19,42609.0,4233447.6,0.0100648464386331
JPN,2003,C20,51110.2,4233447.6,0.0120729497159714
JPN,2003,C21,36592.7,4233447.6,0.0086437115697381
JPN,2003,C22,37901.9,4233447.6,0.0089529630649024
JPN,2003,C23,28285.1,4233447.6,0.0066813393414861
JPN,2003,C24,54019.2,4233447.6,0.0127600965227489
JPN,2003,C25,44431.9,4233447.6,0.0104954411151799
JPN,2003,C26,104564.1,4233447.6,0.0246995144099575
JPN,2003,C27,57395.0,4233447.6,0.0135575080697821
JPN,2003,C28,104417.7,4233447.6,0.0246649326662269
JPN,2003,C29,100356.1,4233447.6,0.0237055254918001
JPN,2003,C30,18706.8,4233447.6,0.0044188098607858
JPN,2003,C31T33,64193.7,4233447.6,0.0151634568477946
JPN,2003,D,73684.6,4233447.6,0.0174053412164591
JPN,2003,E,62675.4,4233447.6,0.0148048129850479
JPN,2003,F,250124.8,4233447.6,0.0590830036493188
JPN,2003,G,585612.5,4233447.6,0.1383299275984897
JPN,2003,H49,135469.9,4233447.6,0.0319999000341943
JPN,2003,H50,12843.1,4233447.6,0.0030337212630197
JPN,2003,H51,6293.7,4233447.6,0.0014866606592697
JPN,2003,H52,49774.2,4233447.6,0.0117573676830203
JPN,2003,H53,10963.1,4233447.6,0.0025896387615616
JPN,2003,I,127343.7,4233447.6,0.0300803770430511
JPN,2003,J58T60,41799.2,4233447.6,0.009873560263271
JPN,2003,J61,77898.1,4233447.6,0.0184006293121473
JPN,2003,J62_63,98108.5,4233447.6,0.0231746106884611
JPN,2003,K,263746.8,4233447.6,0.0623007120721182
JPN,2003,L,464233.6,4233447.6,0.1096585203983628
JPN,2003,M,143914.2,4233447.6,0.0339945627294406
JPN,2003,N,102485.9,4233447.6,0.024208614274569
JPN,2003,O,219276.2,4233447.6,0.0517961294714029
JPN,2003,P,156536.7,4233447.6,0.036976175162768
JPN,2003,Q,236214.2,4233447.6,0.0557971238382636
JPN,2003,R,48142.2,4233447.6,0.0113718662774992
JPN,2003,S,71785.0,4233447.6,0.0169566289187091
JPN,2003,T,0.0,4233447.6,0.0
JPN,2003,HFCE,0.0,4233447.6,0.0
JPN,2004,A01_02,49184.6,4584418.6,0.0107286450674465
JPN,2004,A03,7569.9,4584418.6,0.0016512235597333
JPN,2004,B05_06,782.0,4584418.6,0.0001705777914782
JPN,2004,B07_08,2115.1,4584418.6,0.0004613671186134
JPN,2004,B09,688.4,4584418.6,0.0001501608077412
JPN,2004,C10T12,118211.0,4584418.6,0.0257853853049108
JPN,2004,C13T15,19317.4,4584418.6,0.00421370770985
JPN,2004,C16,8811.2,4584418.6,0.0019219885374341
JPN,2004,C17_18,54282.0,4584418.6,0.0118405417864764
JPN,2004,C19,46364.6,4584418.6,0.0101135179933176
JPN,2004,C20,53776.1,4584418.6,0.0117301897344191
JPN,2004,C21,38438.8,4584418.6,0.0083846619067464
JPN,2004,C22,45278.0,4584418.6,0.0098764977526266
JPN,2004,C23,30612.4,4584418.6,0.0066774879588875
JPN,2004,C24,64527.4,4584418.6,0.0140753726110438
JPN,2004,C25,45404.8,4584418.6,0.0099041566579456
JPN,2004,C26,114501.0,4584418.6,0.0249761223811455
JPN,2004,C27,62030.5,4584418.6,0.013530723394238
JPN,2004,C28,121184.3,4584418.6,0.0264339517338141
JPN,2004,C29,109362.6,4584418.6,0.0238552823252222
JPN,2004,C30,21500.1,4584418.6,0.0046898204278291
JPN,2004,C31T33,66684.2,4584418.6,0.0145458357576683
JPN,2004,D,77353.2,4584418.6,0.0168730665214559
JPN,2004,E,67328.2,4584418.6,0.0146863115859446
JPN,2004,F,259602.3,4584418.6,0.0566270933461442
JPN,2004,G,661617.8,4584418.6,0.1443188019523348
JPN,2004,H49,148074.7,4584418.6,0.0322995592069188
JPN,2004,H50,15329.4,4584418.6,0.0033438045993443
JPN,2004,H51,7735.4,4584418.6,0.001687324102559
JPN,2004,H52,55011.0,4584418.6,0.0119995586790438
JPN,2004,H53,11480.4,4584418.6,0.0025042215822089
JPN,2004,I,131148.4,4584418.6,0.0286074225420863
JPN,2004,J58T60,45833.9,4584418.6,0.0099977563130906
JPN,2004,J61,82202.6,4584418.6,0.0179308669587895
JPN,2004,J62_63,102638.1,4584418.6,0.0223884660096266
JPN,2004,K,279607.6,4584418.6,0.0609908527986515
JPN,2004,L,502466.3,4584418.6,0.1096030584990646
JPN,2004,M,158266.9,4584418.6,0.0345227855065416
JPN,2004,N,112644.2,4584418.6,0.0245710982849602
JPN,2004,O,233377.7,4584418.6,0.0509067169389811
JPN,2004,P,166301.7,4584418.6,0.036275417781439
JPN,2004,Q,257927.4,4584418.6,0.0562617471275419
JPN,2004,R,52374.1,4584418.6,0.0114243712386997
JPN,2004,S,75470.9,4584418.6,0.0164624801059833
JPN,2004,T,0.0,4584418.6,0.0
JPN,2004,HFCE,0.0,4584418.6,0.0
JPN,2005,A01_02,43431.4,4525159.7,0.0095977607154947
JPN,2005,A03,7013.3,4525159.7,0.001549845854059
JPN,2005,B05_06,821.9,4525159.7,0.0001816289489186
JPN,2005,B07_08,1977.6,4525159.7,0.0004370232502512
JPN,2005,B09,699.5,4525159.7,0.000154580179789
JPN,2005,C10T12,109982.1,4525159.7,0.024304578687024
JPN,2005,C13T15,17121.9,4525159.7,0.0037837117660178
JPN,2005,C16,8391.5,4525159.7,0.0018544096907784
JPN,2005,C17_18,53973.6,4525159.7,0.0119274464501219
JPN,2005,C19,43806.4,4525159.7,0.0096806307189556
JPN,2005,C20,50729.4,4525159.7,0.0112105214761812
JPN,2005,C21,38010.0,4525159.7,0.008399703550794
JPN,2005,C22,44173.0,4525159.7,0.0097616444343389
JPN,2005,C23,29739.7,4525159.7,0.0065720774451341
JPN,2005,C24,72539.7,4525159.7,0.0160303071734683
JPN,2005,C25,48132.0,4525159.7,0.0106365306842098
JPN,2005,C26,108990.3,4525159.7,0.0240854041018707
JPN,2005,C27,62208.9,4525159.7,0.0137473380221254
JPN,2005,C28,124971.8,4525159.7,0.0276171026626971
JPN,2005,C29,119880.0,4525159.7,0.0264918827063716
JPN,2005,C30,19250.5,4525159.7,0.0042541040043293
JPN,2005,C31T33,65003.9,4525159.7,0.0143649957812538
JPN,2005,D,69694.3,4525159.7,0.0154015116858748
JPN,2005,E,64953.8,4525159.7,0.0143539243487914
JPN,2005,F,245231.6,4525159.7,0.054192916108574
JPN,2005,G,663024.0,4525159.7,0.1465194697990437
JPN,2005,H49,141380.4,4525159.7,0.0312431846327987
JPN,2005,H50,16482.8,4525159.7,0.0036424791814529
JPN,2005,H51,7894.7,4525159.7,0.0017446235101934
JPN,2005,H52,54308.2,4525159.7,0.0120013885918766
JPN,2005,H53,11006.4,4525159.7,0.0024322677495779
JPN,2005,I,122629.0,4525159.7,0.0270993750784088
JPN,2005,J58T60,45817.2,4525159.7,0.0101249907268466
JPN,2005,J61,79649.0,4525159.7,0.0176013677484133
JPN,2005,J62_63,103204.7,4525159.7,0.0228068635898087
JPN,2005,K,275805.4,4525159.7,0.0609493185400727
JPN,2005,L,500930.5,4525159.7,0.1106989660497506
JPN,2005,M,161308.6,4525159.7,0.0356470513073825
JPN,2005,N,119054.9,4525159.7,0.0263095466000901
JPN,2005,O,226539.2,4525159.7,0.050062144768062
JPN,2005,P,162647.6,4525159.7,0.0359429524664068
JPN,2005,Q,259756.9,4525159.7,0.0574028138719612
JPN,2005,R,52205.8,4525159.7,0.0115367862044736
JPN,2005,S,70786.3,4525159.7,0.0156428291359529
JPN,2005,T,0.0,4525159.7,0.0
JPN,2005,HFCE,0.0,4525159.7,0.0
JPN,2006,A01_02,40506.0,4311524.2,0.0093948214415681
JPN,2006,A03,6400.4,4311524.2,0.0014844866230833
JPN,2006,B05_06,671.3,4311524.2,0.0001556989985119
JPN,2006,B07_08,1943.4,4311524.2,0.0004507454695487
JPN,2006,B09,629.0,4311524.2,0.0001458880829197
JPN,2006,C10T12,102034.2,4311524.2,0.0236654591895831
JPN,2006,C13T15,15773.4,4311524.2,0.0036584278014721
JPN,2006,C16,7455.7,4311524.2,0.0017292492525033
JPN,2006,C17_18,47513.0,4311524.2,0.0110200007691015
JPN,2006,C19,43260.6,4311524.2,0.0100337138314102
JPN,2006,C20,47185.6,4311524.2,0.0109440647462908
JPN,2006,C21,35565.0,4311524.2,0.0082488230032432
JPN,2006,C22,41283.7,4311524.2,0.0095751984878108
JPN,2006,C23,28761.0,4311524.2,0.0066707267930909
JPN,2006,C24,72081.5,4311524.2,0.0167183336231766
JPN,2006,C25,44336.6,4311524.2,0.0102832775471838
JPN,2006,C26,105577.2,4311524.2,0.0244872103466333
JPN,2006,C27,60990.3,4311524.2,0.014145879083782
JPN,2006,C28,126644.8,4311524.2,0.0293735565719427
JPN,2006,C29,113654.7,4311524.2,0.0263606777389768
JPN,2006,C30,19075.3,4311524.2,0.0044242590590121
JPN,2006,C31T33,58643.4,4311524.2,0.0136015472208181
JPN,2006,D,60648.1,4311524.2,0.0140665104001967
JPN,2006,E,61903.9,4311524.2,0.0143577763056507
JPN,2006,F,232524.5,4311524.2,0.05393092772157
JPN,2006,G,608817.8,4311524.2,0.1412070933058893
JPN,2006,H49,138194.6,4311524.2,0.0320523772080416
JPN,2006,H50,17572.2,4311524.2,0.0040756352475071
JPN,2006,H51,7590.5,4311524.2,0.0017605142979366
JPN,2006,H52,53677.5,4311524.2,0.0124497735626765
JPN,2006,H53,10866.2,4311524.2,0.0025202688181594
JPN,2006,I,117103.8,4311524.2,0.0271606500550315
JPN,2006,J58T60,43648.8,4311524.2,0.0101237515957813
JPN,2006,J61,73394.8,4311524.2,0.017022935879613
JPN,2006,J62_63,100536.0,4311524.2,0.0233179718671183
JPN,2006,K,254456.7,4311524.2,0.0590178062783458
JPN,2006,L,489488.6,4311524.2,0.1135302916773608
JPN,2006,M,168271.2,4311524.2,0.0390282397116082
JPN,2006,N,115608.4,4311524.2,0.0268138121548755
JPN,2006,O,216846.4,4311524.2,0.0502946034722477
JPN,2006,P,155693.5,4311524.2,0.036111011507253
JPN,2006,Q,248251.9,4311524.2,0.0575786864422563
JPN,2006,R,48882.0,4311524.2,0.0113375218907503
JPN,2006,S,67560.7,4311524.2,0.0156697949184652
JPN,2006,T,0.0,4311524.2,0.0
JPN,2006,HFCE,0.0,4311524.2,0.0
JPN,2007,A01_02,38870.5,4296300.8,0.00904743448131
JPN,2007,A03,6607.3,4296300.8,0.0015379044223346
JPN,2007,B05_06,666.6,4296300.8,0.0001551567339046
JPN,2007,B07_08,1890.5,4296300.8,0.0004400297111412
JPN,2007,B09,607.6,4296300.8,0.0001414239896796
JPN,2007,C10T12,101250.8,4296300.8,0.0235669718470364
JPN,2007,C13T15,15639.8,4296300.8,0.0036402944598292
JPN,2007,C16,6973.7,4296300.8,0.0016231870915556
JPN,2007,C17_18,44785.3,4296300.8,0.0104241537277836
JPN,2007,C19,39864.1,4296300.8,0.0092787032043938
JPN,2007,C20,47415.9,4296300.8,0.0110364479135166
JPN,2007,C21,34198.6,4296300.8,0.0079600106212302
JPN,2007,C22,43372.6,4296300.8,0.0100953359690271
JPN,2007,C23,29964.5,4296300.8,0.0069744883784673
JPN,2007,C24,77132.0,4296300.8,0.017953119111213
JPN,2007,C25,43016.9,4296300.8,0.0100125438144368
JPN,2007,C26,109700.8,4296300.8,0.0255337801301063
JPN,2007,C27,62552.1,4296300.8,0.0145595252548424
JPN,2007,C28,131996.3,4296300.8,0.0307232445177022
JPN,2007,C29,120018.5,4296300.8,0.0279353112333289
JPN,2007,C30,19804.3,4296300.8,0.0046096167195741
JPN,2007,C31T33,58688.8,4296300.8,0.0136603098181579
JPN,2007,D,52322.0,4296300.8,0.0121783837854183
JPN,2007,E,61139.7,4296300.8,0.0142307773235989
JPN,2007,F,216849.1,4296300.8,0.0504734445036995
JPN,2007,G,589045.2,4296300.8,0.1371052045517855
JPN,2007,H49,141683.8,4296300.8,0.0329780912919318
JPN,2007,H50,20416.0,4296300.8,0.0047519950185983
JPN,2007,H51,7907.8,4296300.8,0.001840606691226
JPN,2007,H52,52534.7,4296300.8,0.0122278914921413
JPN,2007,H53,10382.1,4296300.8,0.0024165207426817
JPN,2007,I,116922.8,4296300.8,0.0272147611265952
JPN,2007,J58T60,41313.7,4296300.8,0.0096161097472504
JPN,2007,J61,71271.3,4296300.8,0.0165889920929186
JPN,2007,J62_63,103263.3,4296300.8,0.0240353980801344
JPN,2007,K,251398.0,4296300.8,0.0585149903842859
JPN,2007,L,488414.5,4296300.8,0.1136825661741375
JPN,2007,M,177389.2,4296300.8,0.0412888222351656
JPN,2007,N,122629.6,4296300.8,0.0285430666307163
JPN,2007,O,216600.2,4296300.8,0.0504155109437402
JPN,2007,P,154193.1,4296300.8,0.0358897356535184
JPN,2007,Q,250800.7,4296300.8,0.0583759638058862
JPN,2007,R,47127.9,4296300.8,0.0109694135010286
JPN,2007,S,67678.6,4296300.8,0.0157527610729677
JPN,2007,T,0.0,4296300.8,0.0
JPN,2007,HFCE,0.0,4296300.8,0.0
JPN,2008,A01_02,43840.0,4789997.8,0.0091524050386829
JPN,2008,A03,6948.6,4789997.8,0.0014506478478967
JPN,2008,B05_06,759.1,4789997.8,0.0001584760644357
JPN,2008,B07_08,1880.1,4789997.8,0.0003925053994805
JPN,2008,B09,601.4,4789997.8,0.0001255532935735
JPN,2008,C10T12,113471.4,4789997.8,0.023689238437646
JPN,2008,C13T15,16922.0,4789997.8,0.0035327782405244
JPN,2008,C16,7413.6,4789997.8,0.0015477251367422
JPN,2008,C17_18,49078.5,4789997.8,0.0102460381088275
JPN,2008,C19,45394.4,4789997.8,0.0094769145822989
JPN,2008,C20,51636.6,4789997.8,0.0107800884584957
JPN,2008,C21,35771.1,4789997.8,0.0074678739935955
JPN,2008,C22,46728.1,4789997.8,0.0097553489481769
JPN,2008,C23,31517.0,4789997.8,0.006579752500095
JPN,2008,C24,88712.8,4789997.8,0.0185204260427844
JPN,2008,C25,46515.8,4789997.8,0.009711027424689
JPN,2008,C26,111796.4,4789997.8,0.023339551429439
JPN,2008,C27,65249.3,4789997.8,0.0136219895549847
JPN,2008,C28,150481.7,4789997.8,0.0314158181868058
JPN,2008,C29,123447.9,4789997.8,0.0257720160121994
JPN,2008,C30,22542.7,4789997.8,0.0047062025790492
JPN,2008,C31T33,64377.1,4789997.8,0.0134399017886814
JPN,2008,D,52524.0,4789997.8,0.0109653495039183
JPN,2008,E,69428.8,4789997.8,0.0144945369285973
JPN,2008,F,236714.6,4789997.8,0.0494185195659171
JPN,2008,G,677598.9,4789997.8,0.1414612131972169
JPN,2008,H49,155859.7,4789997.8,0.0325385744436041
JPN,2008,H50,21155.6,4789997.8,0.0044166199825812
JPN,2008,H51,8579.2,4789997.8,0.0017910655407816
JPN,2008,H52,59536.7,4789997.8,0.0124293794038903
JPN,2008,H53,10727.6,4789997.8,0.0022395834920842
JPN,2008,I,126528.4,4789997.8,0.0264151269547555
JPN,2008,J58T60,42290.0,4789997.8,0.0088288140758645
JPN,2008,J61,82620.8,4789997.8,0.0172486091747265
JPN,2008,J62_63,120702.9,4789997.8,0.0251989468554661
JPN,2008,K,238890.3,4789997.8,0.0498727368935326
JPN,2008,L,565594.8,4789997.8,0.1180783005787601
JPN,2008,M,212454.2,4789997.8,0.0443537155695562
JPN,2008,N,147580.7,4789997.8,0.0308101811654276
JPN,2008,O,247857.8,4789997.8,0.0517448671897093
JPN,2008,P,176073.4,4789997.8,0.0367585555049733
JPN,2008,Q,286156.4,4789997.8,0.059740403221062
JPN,2008,R,51874.0,4789997.8,0.0108296500678977
JPN,2008,S,74163.4,4789997.8,0.0154829716205715
JPN,2008,T,0.0,4789997.8,0.0
JPN,2008,HFCE,0.0,4789997.8,0.0
JPN,2009,A01_02,46563.2,4952116.8,0.0094026861401976
JPN,2009,A03,7349.0,4952116.8,0.0014840118472165
JPN,2009,B05_06,790.8,4952116.8,0.0001596892868116
JPN,2009,B07_08,1541.3,4952116.8,0.0003112406395584
JPN,2009,B09,615.5,4952116.8,0.0001242902832986
JPN,2009,C10T12,122523.8,4952116.8,0.0247417023766483
JPN,2009,C13T15,16218.6,4952116.8,0.0032750843033427
JPN,2009,C16,6860.2,4952116.8,0.0013853065824295
JPN,2009,C17_18,51247.3,4952116.8,0.0103485644765083
JPN,2009,C19,46193.9,4952116.8,0.0093281119702184
JPN,2009,C20,56453.0,4952116.8,0.0113997715078125
JPN,2009,C21,41751.3,4952116.8,0.0084310006581427
JPN,2009,C22,43527.5,4952116.8,0.0087896755585409
JPN,2009,C23,26523.1,4952116.8,0.0053559116376253
JPN,2009,C24,71919.4,4952116.8,0.0145229611708673
JPN,2009,C25,44455.3,4952116.8,0.0089770297824962
JPN,2009,C26,97305.3,4952116.8,0.0196492336368156
JPN,2009,C27,59416.5,4952116.8,0.0119982024656607
JPN,2009,C28,120614.1,4952116.8,0.0243560693075736
JPN,2009,C29,102109.9,4952116.8,0.0206194450017818
JPN,2009,C30,23819.3,4952116.8,0.0048099229000414
JPN,2009,C31T33,65973.4,4952116.8,0.0133222625120635
JPN,2009,D,67352.2,4952116.8,0.0136006889013603
JPN,2009,E,80574.7,4952116.8,0.0162707592034178
JPN,2009,F,250926.1,4952116.8,0.0506704728773764
JPN,2009,G,685906.2,4952116.8,0.1385076781710802
JPN,2009,H49,161889.7,4952116.8,0.0326910100343352
JPN,2009,H50,15175.8,4952116.8,0.0030645076868946
JPN,2009,H51,5795.2,4952116.8,0.001170247034561
JPN,2009,H52,60427.3,4952116.8,0.0122023171989804
JPN,2009,H53,11669.0,4952116.8,0.0023563660695563
JPN,2009,I,135367.7,4952116.8,0.0273353205239424
JPN,2009,J58T60,44324.6,4952116.8,0.0089506370285935
JPN,2009,J61,91589.9,4952116.8,0.0184951009233061
JPN,2009,J62_63,123731.8,4952116.8,0.024985638464747
JPN,2009,K,249848.4,4952116.8,0.0504528487696413
JPN,2009,L,625380.0,4952116.8,0.126285389714556
JPN,2009,M,222115.8,4952116.8,0.0448526981431455
JPN,2009,N,150474.0,4952116.8,0.0303857938084174
JPN,2009,O,266258.7,4952116.8,0.0537666437916004
JPN,2009,P,189773.8,4952116.8,0.0383217536387671
JPN,2009,Q,327967.5,4952116.8,0.0662277392164902
JPN,2009,R,54765.7,4952116.8,0.0110590485264806
JPN,2009,S,77031.0,4952116.8,0.015555166227097
JPN,2009,T,0.0,4952116.8,0.0
JPN,2009,HFCE,0.0,4952116.8,0.0
JPN,2010,A01_02,52694.3,5394308.6,0.009768499340212
JPN,2010,A03,7493.5,5394308.6,0.0013891492970943
JPN,2010,B05_06,926.9,5394308.6,0.0001718292498134
JPN,2010,B07_08,1753.9,5394308.6,0.0003251389807398
JPN,2010,B09,674.1,5394308.6,0.0001249650418591
JPN,2010,C10T12,133701.7,5394308.6,0.0247856972810194
JPN,2010,C13T15,16345.4,5394308.6,0.0030301195597152
JPN,2010,C16,7453.0,5394308.6,0.001381641384032
JPN,2010,C17_18,55382.0,5394308.6,0.0102667466966943
JPN,2010,C19,55922.3,5394308.6,0.0103669078183624
JPN,2010,C20,65021.7,5394308.6,0.0120537597719196
JPN,2010,C21,47556.0,5394308.6,0.0088159583602614
JPN,2010,C22,52807.6,5394308.6,0.0097895029587295
JPN,2010,C23,31851.0,5394308.6,0.0059045565172152
JPN,2010,C24,106580.0,5394308.6,0.0197578610908541
JPN,2010,C25,45899.0,5394308.6,0.0085087827567002
JPN,2010,C26,117455.9,5394308.6,0.0217740416260204
JPN,2010,C27,69231.6,5394308.6,0.0128341934312026
JPN,2010,C28,143796.9,5394308.6,0.0266571512056243
JPN,2010,C29,133576.1,5394308.6,0.0247624134814978
JPN,2010,C30,26530.8,5394308.6,0.0049182948116835
JPN,2010,C31T33,69400.2,5394308.6,0.0128654485952101
JPN,2010,D,71406.2,5394308.6,0.0132373220175056
JPN,2010,E,84323.3,5394308.6,0.0156319013710116
JPN,2010,F,252171.2,5394308.6,0.0467476406522237
JPN,2010,G,751962.4,5394308.6,0.1393992179090384
JPN,2010,H49,175607.7,5394308.6,0.0325542554239481
JPN,2010,H50,18651.0,5394308.6,0.0034575330006147
JPN,2010,H51,8262.6,5394308.6,0.0015317254930502
JPN,2010,H52,62932.2,5394308.6,0.0116664070720759
JPN,2010,H53,11853.9,5394308.6,0.002197482732078
JPN,2010,I,138787.3,5394308.6,0.0257284687049606
JPN,2010,J58T60,47882.6,5394308.6,0.0088765036542403
JPN,2010,J61,98796.4,5394308.6,0.0183149328905654
JPN,2010,J62_63,125824.5,5394308.6,0.0233254174594312
JPN,2010,K,263375.1,5394308.6,0.0488246260141661
JPN,2010,L,670247.7,5394308.6,0.1242509002914664
JPN,2010,M,233703.7,5394308.6,0.043324124986101
JPN,2010,N,155062.5,5394308.6,0.0287455745487012
JPN,2010,O,278282.2,5394308.6,0.0515881127008566
JPN,2010,P,200646.0,5394308.6,0.0371958697357433
JPN,2010,Q,363575.0,5394308.6,0.0673997405339398
JPN,2010,R,55399.0,5394308.6,0.0102698981663748
JPN,2010,S,83502.2,5394308.6,0.0154796853854449
JPN,2010,T,0.0,5394308.6,0.0
JPN,2010,HFCE,0.0,5394308.6,0.0
JPN,2011,A01_02,55629.1,5829891.8,0.0095420467323252
JPN,2011,A03,8105.8,5829891.8,0.0013903860102515
JPN,2011,B05_06,1028.4,5829891.8,0.0001764012155422
JPN,2011,B07_08,2033.0,5829891.8,0.0003487200225568
JPN,2011,B09,747.9,5829891.8,0.000128287115037
JPN,2011,C10T12,141684.8,5829891.8,0.0243031611667304
JPN,2011,C13T15,17697.1,5829891.8,0.0030355794939453
JPN,2011,C16,9015.8,5829891.8,0.0015464781010172
JPN,2011,C17_18,56315.2,5829891.8,0.0096597333075718
JPN,2011,C19,52709.2,5829891.8,0.0090411969566913
JPN,2011,C20,68228.3,5829891.8,0.0117031846114193
JPN,2011,C21,50837.4,5829891.8,0.0087201275330701
JPN,2011,C22,52444.5,5829891.8,0.0089957930265532
JPN,2011,C23,35322.2,5829891.8,0.0060588088444454
JPN,2011,C24,99046.0,5829891.8,0.0169893376065744
JPN,2011,C25,44432.8,5829891.8,0.0076215479676655
JPN,2011,C26,113676.5,5829891.8,0.0194989039076162
JPN,2011,C27,72819.8,5829891.8,0.012490763550706
JPN,2011,C28,164083.3,5829891.8,0.0281451707216933
JPN,2011,C29,122398.0,5829891.8,0.0209949007973012
JPN,2011,C30,29417.6,5829891.8,0.0050459941640769
JPN,2011,C31T33,77078.2,5829891.8,0.0132212059235816
JPN,2011,D,48493.9,5829891.8,0.0083181475169058
JPN,2011,E,90481.4,5829891.8,0.0155202537378137
JPN,2011,F,280133.2,5829891.8,0.048051183385599
JPN,2011,G,844147.5,5829891.8,0.1447964265820508
JPN,2011,H49,187763.1,5829891.8,0.0322069613710498
JPN,2011,H50,18526.3,5829891.8,0.0031778119792892
JPN,2011,H51,9912.7,5829891.8,0.001700323151795
JPN,2011,H52,67707.1,5829891.8,0.0116137832952577
JPN,2011,H53,13313.7,5829891.8,0.0022836958998106
JPN,2011,I,148510.3,5829891.8,0.0254739376123584
JPN,2011,J58T60,50645.3,5829891.8,0.0086871766642392
JPN,2011,J61,110944.8,5829891.8,0.0190303360347099
JPN,2011,J62_63,133818.3,5829891.8,0.0229538222304571
JPN,2011,K,276792.4,5829891.8,0.0474781367297417
JPN,2011,L,740394.6,5829891.8,0.1269997155007233
JPN,2011,M,267307.9,5829891.8,0.0458512626254916
JPN,2011,N,177169.8,5829891.8,0.0303898950577436
JPN,2011,O,308631.5,5829891.8,0.0529394902320485
JPN,2011,P,224951.7,5829891.8,0.038585913378358
JPN,2011,Q,405839.8,5829891.8,0.0696136075801612
JPN,2011,R,57916.0,5829891.8,0.0099343181635034
JPN,2011,S,91739.6,5829891.8,0.0157360724945186
JPN,2011,T,0.0,5829891.8,0.0
JPN,2011,HFCE,0.0,5829891.8,0.0
JPN,2012,A01_02,58576.4,5869075.3,0.0099805160107589
JPN,2012,A03,8137.3,5869075.3,0.0013864705399162
JPN,2012,B05_06,1040.5,5869075.3,0.0001772851679037
JPN,2012,B07_08,1874.4,5869075.3,0.0003193688791145
JPN,2012,B09,756.7,5869075.3,0.0001289300207138
JPN,2012,C10T12,143844.5,5869075.3,0.0245088864339498
JPN,2012,C13T15,18736.0,5869075.3,0.0031923257144102
JPN,2012,C16,9051.1,5869075.3,0.0015421679800223
JPN,2012,C17_18,53880.0,5869075.3,0.0091803218132164
JPN,2012,C19,52531.2,5869075.3,0.0089505070756205
JPN,2012,C20,66687.4,5869075.3,0.0113625054359074
JPN,2012,C21,50740.0,5869075.3,0.0086453141945546
JPN,2012,C22,55081.7,5869075.3,0.0093850729773393
JPN,2012,C23,31910.9,5869075.3,0.0054371256746356
JPN,2012,C24,107066.7,5869075.3,0.0182425159888475
JPN,2012,C25,50459.1,5869075.3,0.0085974531626813
JPN,2012,C26,97834.2,5869075.3,0.0166694402438489
JPN,2012,C27,71479.8,5869075.3,0.0121790565542752
JPN,2012,C28,168736.3,5869075.3,0.0287500656193659
JPN,2012,C29,145593.7,5869075.3,0.0248069231621546
JPN,2012,C30,22615.7,5869075.3,0.003853366815723
JPN,2012,C31T33,76778.3,5869075.3,0.0130818393146191
JPN,2012,D,36485.2,5869075.3,0.0062165159135034
JPN,2012,E,91247.7,5869075.3,0.0155472021290986
JPN,2012,F,278462.0,5869075.3,0.0474456342381567
JPN,2012,G,858855.9,5869075.3,0.1463358120486203
JPN,2012,H49,196256.9,5869075.3,0.033439151820049
JPN,2012,H50,19060.1,5869075.3,0.0032475473606549
JPN,2012,H51,8706.2,5869075.3,0.0014834023342655
JPN,2012,H52,73912.5,5869075.3,0.0125935511510646
JPN,2012,H53,12809.4,5869075.3,0.0021825243918748
JPN,2012,I,141923.2,5869075.3,0.0241815265174737
JPN,2012,J58T60,49395.3,5869075.3,0.0084161980337856
JPN,2012,J61,110691.2,5869075.3,0.0188600749422996
JPN,2012,J62_63,135798.9,5869075.3,0.0231380401611136
JPN,2012,K,266861.7,5869075.3,0.0454691218563851
JPN,2012,L,741824.7,5869075.3,0.1263954987934811
JPN,2012,M,267973.8,5869075.3,0.045658606561071
JPN,2012,N,178182.2,5869075.3,0.0303595014362824
JPN,2012,O,304689.2,5869075.3,0.0519143450076369
JPN,2012,P,222426.7,5869075.3,0.0378980825139524
JPN,2012,Q,430622.5,5869075.3,0.0733714389386007
JPN,2012,R,60827.8,5869075.3,0.0103641198810313
JPN,2012,S,88650.3,5869075.3,0.0151046451900182
JPN,2012,T,0.0,5869075.3,0.0
JPN,2012,HFCE,0.0,5869075.3,0.0
JPN,2013,A01_02,46386.7,4878242.7,0.0095088954881232
JPN,2013,A03,6342.9,4878242.7,0.0013002428107974
JPN,2013,B05_06,873.0,4878242.7,0.0001789578857976
JPN,2013,B07_08,1995.0,4878242.7,0.0004089587424586
JPN,2013,B09,634.9,4878242.7,0.0001301493261087
JPN,2013,C10T12,115781.5,4878242.7,0.0237342639799368
JPN,2013,C13T15,14336.4,4878242.7,0.0029388451706185
JPN,2013,C16,7836.7,4878242.7,0.0016064596376067
JPN,2013,C17_18,44667.4,4878242.7,0.0091564529989457
JPN,2013,C19,50544.1,4878242.7,0.0103611286088738
JPN,2013,C20,56356.2,4878242.7,0.0115525617452366
JPN,2013,C21,39753.4,4878242.7,0.008149123043837
JPN,2013,C22,46000.1,4878242.7,0.0094296456385821
JPN,2013,C23,26698.6,4878242.7,0.0054729954292762
JPN,2013,C24,87753.8,4878242.7,0.0179888138816873
JPN,2013,C25,42094.9,4878242.7,0.0086291114626174
JPN,2013,C26,79235.2,4878242.7,0.0162425703009815
JPN,2013,C27,57932.4,4878242.7,0.0118756699005566
JPN,2013,C28,134621.4,4878242.7,0.0275962899508874
JPN,2013,C29,114636.2,4878242.7,0.0234994868131509
JPN,2013,C30,18559.7,4878242.7,0.0038045872543405
JPN,2013,C31T33,62267.4,4878242.7,0.0127643095740193
JPN,2013,D,37576.4,4878242.7,0.0077028557845225
JPN,2013,E,74520.0,4878242.7,0.0152759927258231
JPN,2013,F,246372.9,4878242.7,0.0505044367718727
JPN,2013,G,712877.9,4878242.7,0.1461341601556642
JPN,2013,H49,158550.3,4878242.7,0.0325015194508465
JPN,2013,H50,16416.3,4878242.7,0.0033652077212148
JPN,2013,H51,8220.9,4878242.7,0.0016852175067058
JPN,2013,H52,62489.0,4878242.7,0.0128097357681691
JPN,2013,H53,10496.1,4878242.7,0.0021516149657744
JPN,2013,I,121712.6,4878242.7,0.0249500911465516
JPN,2013,J58T60,41813.7,4878242.7,0.0085714677541566
JPN,2013,J61,92149.0,4878242.7,0.0188897940645716
JPN,2013,J62_63,111800.4,4878242.7,0.0229181709224922
JPN,2013,K,225733.4,4878242.7,0.0462735074661209
JPN,2013,L,613988.7,4878242.7,0.1258626800179499
JPN,2013,M,224658.7,4878242.7,0.0460532027240055
JPN,2013,N,154855.0,4878242.7,0.0317440130643766
JPN,2013,O,246210.2,4878242.7,0.0504710845977384
JPN,2013,P,179096.3,4878242.7,0.0367132820185432
JPN,2013,Q,363012.8,4878242.7,0.0744146657565848
JPN,2013,R,51092.2,4878242.7,0.0104734846423282
JPN,2013,S,69292.0,4878242.7,0.0142042953295456
JPN,2013,T,0.0,4878242.7,0.0
JPN,2013,HFCE,0.0,4878242.7,0.0
JPN,2014,A01_02,39679.6,4552059.7,0.008716845255786
JPN,2014,A03,6360.2,4552059.7,0.0013972136613234
JPN,2014,B05_06,887.4,4552059.7,0.0001949447192004
JPN,2014,B07_08,2016.7,4552059.7,0.0004430302177275
JPN,2014,B09,645.4,4552059.7,0.0001417819717961
JPN,2014,C10T12,108469.2,4552059.7,0.0238285978542856
JPN,2014,C13T15,13085.1,4552059.7,0.0028745449010697
JPN,2014,C16,7645.0,4552059.7,0.0016794595202694
JPN,2014,C17_18,41370.4,4552059.7,0.0090882815091375
JPN,2014,C19,43887.8,4552059.7,0.0096413058906059
JPN,2014,C20,52192.0,4552059.7,0.0114655789773583
JPN,2014,C21,33906.4,4552059.7,0.0074485842090339
JPN,2014,C22,42874.0,4552059.7,0.0094185935215216
JPN,2014,C23,25369.4,4552059.7,0.0055731694380018
JPN,2014,C24,85299.7,4552059.7,0.0187387041518809
JPN,2014,C25,41024.4,4552059.7,0.0090122719611959
JPN,2014,C26,75906.5,4552059.7,0.0166751987018096
JPN,2014,C27,59058.6,4552059.7,0.0129740389828367
JPN,2014,C28,129464.5,4552059.7,0.028440861616995
JPN,2014,C29,111424.5,4552059.7,0.0244778204468627
JPN,2014,C30,16064.9,4552059.7,0.0035291496726196
JPN,2014,C31T33,58000.9,4552059.7,0.0127416826277563
JPN,2014,D,46967.5,4552059.7,0.0103178567715181
JPN,2014,E,70890.3,4552059.7,0.0155732360012765
JPN,2014,F,235216.5,4552059.7,0.0516725428710875
JPN,2014,G,639284.5,4552059.7,0.1404385140203675
JPN,2014,H49,153575.2,4552059.7,0.0337375188642627
JPN,2014,H50,16154.3,4552059.7,0.0035487891338507
JPN,2014,H51,6681.7,4552059.7,0.0014678410302922
JPN,2014,H52,61938.3,4552059.7,0.0136066537088694
JPN,2014,H53,9509.5,4552059.7,0.0020890543241337
JPN,2014,I,114277.7,4552059.7,0.0251046136323739
JPN,2014,J58T60,41912.0,4552059.7,0.0092072606165512
JPN,2014,J61,83860.8,4552059.7,0.0184226054856002
JPN,2014,J62_63,102412.2,4552059.7,0.0224979914037594
JPN,2014,K,202841.1,4552059.7,0.0445602899276562
JPN,2014,L,569111.5,4552059.7,0.1250228550385664
JPN,2014,M,213328.5,4552059.7,0.0468641700810734
JPN,2014,N,144852.9,4552059.7,0.0318213972457347
JPN,2014,O,231214.6,4552059.7,0.0507934023800259
JPN,2014,P,166654.9,4552059.7,0.0366108774891506
JPN,2014,Q,336252.3,4552059.7,0.0738681656569662
JPN,2014,R,47127.5,4552059.7,0.0103530056954217
JPN,2014,S,63363.3,4552059.7,0.0139196988123859
JPN,2014,T,0.0,4552059.7,0.0
JPN,2014,HFCE,0.0,4552059.7,0.0
JPN,2015,A01_02,36723.3,4114703.9,0.0089248949359393
JPN,2015,A03,6353.1,4114703.9,0.0015439993142641
JPN,2015,B05_06,794.5,4114703.9,0.0001930880129673
JPN,2015,B07_08,1795.1,4114703.9,0.0004362646848051
JPN,2015,B09,577.9,4114703.9,0.0001404475301369
JPN,2015,C10T12,102298.4,4114703.9,0.024861667445864
JPN,2015,C13T15,13319.0,4114703.9,0.0032369279354463
JPN,2015,C16,7969.6,4114703.9,0.0019368586886653
JPN,2015,C17_18,39340.8,4114703.9,0.0095610281945196
JPN,2015,C19,40728.0,4114703.9,0.0098981605942532
JPN,2015,C20,52892.6,4114703.9,0.0128545337126202
JPN,2015,C21,34168.4,4114703.9,0.0083039754087772
JPN,2015,C22,41604.8,4114703.9,0.0101112500464492
JPN,2015,C23,23781.1,4114703.9,0.0057795410260261
JPN,2015,C24,75898.5,4114703.9,0.0184456772211482
JPN,2015,C25,39138.1,4114703.9,0.0095117658405505
JPN,2015,C26,70232.3,4114703.9,0.0170686158000336
JPN,2015,C27,51314.6,4114703.9,0.0124710310260721
JPN,2015,C28,122419.5,4114703.9,0.0297517155487178
JPN,2015,C29,101692.8,4114703.9,0.0247144879610899
JPN,2015,C30,18723.2,4114703.9,0.0045503152729896
JPN,2015,C31T33,51579.3,4114703.9,0.0125353612929474
JPN,2015,D,54489.1,4114703.9,0.0132425324699548
JPN,2015,E,64666.0,4114703.9,0.0157158331611662
JPN,2015,F,215962.7,4114703.9,0.0524855992675439
JPN,2015,G,561019.3,4114703.9,0.1363449992112433
JPN,2015,H49,136147.6,4114703.9,0.0330880674062597
JPN,2015,H50,13778.4,4114703.9,0.0033485763094642
JPN,2015,H51,5453.6,4114703.9,0.0013253930616975
JPN,2015,H52,57104.8,4114703.9,0.0138782282729991
JPN,2015,H53,8349.5,4114703.9,0.0020291861098437
JPN,2015,I,98500.0,4114703.9,0.0239385390525913
JPN,2015,J58T60,39920.8,4114703.9,0.0097019860894486
JPN,2015,J61,74751.6,4114703.9,0.0181669451354689
JPN,2015,J62_63,91399.2,4114703.9,0.0222128255692955
JPN,2015,K,178016.9,4114703.9,0.0432635991134137
JPN,2015,L,499821.5,4114703.9,0.1214720456555816
JPN,2015,M,193559.7,4114703.9,0.0470409790604859
JPN,2015,N,133348.2,4114703.9,0.0324077268354595
JPN,2015,O,204336.7,4114703.9,0.0496601225667781
JPN,2015,P,145619.9,4114703.9,0.0353901285582177
JPN,2015,Q,308884.5,4114703.9,0.0750684636141132
JPN,2015,R,41457.6,4114703.9,0.0100754759048397
JPN,2015,S,54771.4,4114703.9,0.0133111400798487
JPN,2015,T,0.0,4114703.9,0.0
JPN,2015,HFCE,0.0,4114703.9,0.0
JPN,2016,A01_02,45561.2,4633448.1,0.009833108953999
JPN,2016,A03,7075.8,4633448.1,0.001527113252871
JPN,2016,B05_06,682.7,4633448.1,0.0001473416741195
JPN,2016,B07_08,1850.0,4633448.1,0.0003992706856908
JPN,2016,B09,597.1,4633448.1,0.0001288673115816
JPN,2016,C10T12,117808.3,4633448.1,0.0254256220113914
JPN,2016,C13T15,12943.6,4633448.1,0.0027935135390855
JPN,2016,C16,8514.1,4633448.1,0.0018375300243462
JPN,2016,C17_18,44115.5,4633448.1,0.009521095099781
JPN,2016,C19,48766.2,4633448.1,0.0105248184392094
JPN,2016,C20,62162.4,4633448.1,0.0134160130119942
JPN,2016,C21,40851.9,4633448.1,0.0088167384458239
JPN,2016,C22,45445.7,4633448.1,0.0098081815138924
JPN,2016,C23,25814.2,4633448.1,0.0055712720727356
JPN,2016,C24,86114.5,4633448.1,0.0185854029529326
JPN,2016,C25,44311.4,4633448.1,0.0095633746280658
JPN,2016,C26,74017.0,4633448.1,0.0159744964015028
JPN,2016,C27,56514.1,4633448.1,0.0121969856530819
JPN,2016,C28,135544.8,4633448.1,0.0292535487772054
JPN,2016,C29,109493.6,4633448.1,0.0236311268923029
JPN,2016,C30,19418.4,4633448.1,0.004190917774605
JPN,2016,C31T33,55293.5,4633448.1,0.0119335533293229
JPN,2016,D,63773.0,4633448.1,0.0137636159127367
JPN,2016,E,71723.7,4633448.1,0.0154795518266407
JPN,2016,F,251676.3,4633448.1,0.0543172804719664
JPN,2016,G,623223.3,4633448.1,0.1345052942321724
JPN,2016,H49,151940.0,4633448.1,0.0327919935047939
JPN,2016,H50,13722.7,4633448.1,0.0029616604532594
JPN,2016,H51,6573.8,4633448.1,0.0014187706127538
JPN,2016,H52,63765.4,4633448.1,0.0137619756655955
JPN,2016,H53,9418.2,4633448.1,0.0020326546875533
JPN,2016,I,119455.0,4633448.1,0.0257810160860547
JPN,2016,J58T60,44026.2,4633448.1,0.0095018221958717
JPN,2016,J61,86081.3,4633448.1,0.0185782376627894
JPN,2016,J62_63,102318.9,4633448.1,0.0220826688443969
JPN,2016,K,191311.6,4633448.1,0.0412892506554675
JPN,2016,L,557843.0,4633448.1,0.1203947876312675
JPN,2016,M,221371.1,4633448.1,0.0477767518319672
JPN,2016,N,154779.6,4633448.1,0.0334048416340306
JPN,2016,O,229602.8,4633448.1,0.0495533337256977
JPN,2016,P,162930.6,4633448.1,0.0351640066929853
JPN,2016,Q,360197.4,4633448.1,0.0777385204767913
JPN,2016,R,44187.4,4633448.1,0.0095366127010249
JPN,2016,S,60630.8,4633448.1,0.0130854600486406
JPN,2016,T,0.0,4633448.1,0.0
JPN,2016,HFCE,0.0,4633448.1,0.0
JPN,2017,A01_02,45178.2,4569200.3,0.0098875507821357
JPN,2017,A03,6948.3,4569200.3,0.0015206818576108
JPN,2017,B05_06,753.0,4569200.3,0.0001647990787359
JPN,2017,B07_08,1866.1,4569200.3,0.0004084084473162
JPN,2017,B09,600.2,4569200.3,0.0001313577782965
JPN,2017,C10T12,113898.7,4569200.3,0.0249274911410646
JPN,2017,C13T15,12146.1,4569200.3,0.0026582550999132
JPN,2017,C16,8206.4,4569200.3,0.00179602544454
JPN,2017,C17_18,42151.5,4569200.3,0.0092251372740214
JPN,2017,C19,48653.4,4569200.3,0.0106481215104533
JPN,2017,C20,60257.1,4569200.3,0.0131876687480739
JPN,2017,C21,37812.0,4569200.3,0.0082754087186766
JPN,2017,C22,45413.2,4569200.3,0.0099389821015287
JPN,2017,C23,26155.7,4569200.3,0.0057243496197791
JPN,2017,C24,84455.4,4569200.3,0.0184836283058109
JPN,2017,C25,45024.0,4569200.3,0.0098538030823468
JPN,2017,C26,71914.2,4569200.3,0.015738902932314
JPN,2017,C27,58896.1,4569200.3,0.0128898048089509
JPN,2017,C28,140464.9,4569200.3,0.0307416814272729
JPN,2017,C29,111881.0,4569200.3,0.0244859040213229
JPN,2017,C30,18567.9,4569200.3,0.0040637089164158
JPN,2017,C31T33,55266.5,4569200.3,0.0120954426095087
JPN,2017,D,63860.4,4569200.3,0.0139762750168776
JPN,2017,E,71469.8,4569200.3,0.0156416430244916
JPN,2017,F,251541.0,4569200.3,0.0550514277082578
JPN,2017,G,619770.5,4569200.3,0.1356409129186129
JPN,2017,H49,152104.8,4569200.3,0.0332891512766468
JPN,2017,H50,13970.1,4569200.3,0.0030574496810743
JPN,2017,H51,6481.2,4569200.3,0.0014184539031917
JPN,2017,H52,63595.8,4569200.3,0.0139183655398079
JPN,2017,H53,9485.2,4569200.3,0.0020758993647094
JPN,2017,I,118958.5,4569200.3,0.026034862161766
JPN,2017,J58T60,40896.2,4569200.3,0.0089504064857913
JPN,2017,J61,81667.6,4569200.3,0.0178734996581349
JPN,2017,J62_63,101425.1,4569200.3,0.0221975604790186
JPN,2017,K,186405.7,4569200.3,0.040796132312256
JPN,2017,L,545959.8,4569200.3,0.1194869482959633
JPN,2017,M,217511.4,4569200.3,0.0476038224894627
JPN,2017,N,150821.5,4569200.3,0.0330082925014252
JPN,2017,O,225668.2,4569200.3,0.0493889926427607
JPN,2017,P,159012.6,4569200.3,0.0348009694387877
JPN,2017,Q,348762.3,4569200.3,0.0763289584831726
JPN,2017,R,43371.7,4569200.3,0.0094921861928442
JPN,2017,S,59951.0,4569200.3,0.013120676718856
JPN,2017,T,0.0,4569200.3,0.0
JPN,2017,HFCE,0.0,4569200.3,0.0
JPN,2018,A01_02,42753.9,4670395.8,0.0091542348509306
JPN,2018,A03,6611.1,4670395.8,0.0014155331331875
JPN,2018,B05_06,771.0,4670395.8,0.0001650823683937
JPN,2018,B07_08,1880.6,4670395.8,0.0004026639455268
JPN,2018,B09,605.7,4670395.8,0.0001296892224851
JPN,2018,C10T12,114624.7,4670395.8,0.0245428235439917
JPN,2018,C13T15,13197.2,4670395.8,0.0028257134009926
JPN,2018,C16,8331.1,4670395.8,0.0017838102714977
JPN,2018,C17_18,41739.7,4670395.8,0.0089370798080967
JPN,2018,C19,48741.1,4670395.8,0.0104361818756346
JPN,2018,C20,61308.9,4670395.8,0.0131271315377596
JPN,2018,C21,37721.4,4670395.8,0.0080767030494503
JPN,2018,C22,48402.8,4670395.8,0.0103637469012797
JPN,2018,C23,26718.9,4670395.8,0.0057209069946491
JPN,2018,C24,84322.5,4670395.8,0.0180546796483501
JPN,2018,C25,48507.9,4670395.8,0.0103862503473474
JPN,2018,C26,77971.7,4670395.8,0.0166948805495243
JPN,2018,C27,64764.6,4670395.8,0.0138670474138401
JPN,2018,C28,149765.9,4670395.8,0.0320670680630536
JPN,2018,C29,110851.2,4670395.8,0.0237348620431698
JPN,2018,C30,18152.4,4670395.8,0.0038866941427105
JPN,2018,C31T33,56688.8,4670395.8,0.0121379006036276
JPN,2018,D,65196.5,4670395.8,0.0139595235161867
JPN,2018,E,73034.6,4670395.8,0.0156377752823433
JPN,2018,F,253475.2,4670395.8,0.0542727449352365
JPN,2018,G,618763.7,4670395.8,0.1324863515850198
JPN,2018,H49,158133.7,4670395.8,0.0338587363409328
JPN,2018,H50,10803.8,4670395.8,0.0023132514807417
JPN,2018,H51,6735.4,4670395.8,0.0014421475798689
JPN,2018,H52,65370.4,4670395.8,0.0139967580477868
JPN,2018,H53,10077.3,4670395.8,0.0021576972127287
JPN,2018,I,121491.5,4670395.8,0.0260131057843106
JPN,2018,J58T60,42034.9,4670395.8,0.0090002864425323
JPN,2018,J61,83194.1,4670395.8,0.0178130727164494
JPN,2018,J62_63,105467.3,4670395.8,0.0225820903658743
JPN,2018,K,193030.2,4670395.8,0.0413305870136316
JPN,2018,L,553918.2,4670395.8,0.1186019822988021
JPN,2018,M,223274.3,4670395.8,0.0478062908501245
JPN,2018,N,158685.2,4670395.8,0.0339768205512689
JPN,2018,O,233482.0,4670395.8,0.0499919086086879
JPN,2018,P,162693.0,4670395.8,0.0348349491064547
JPN,2018,Q,363176.3,4670395.8,0.0777613537593537
JPN,2018,R,43679.6,4670395.8,0.0093524407503107
JPN,2018,S,60245.5,4670395.8,0.0128994420558531
JPN,2018,T,0.0,4670395.8,0.0
JPN,2018,HFCE,0.0,4670395.8,0.0
JPN,2019,A01_02,43525.5,4738164.4,0.0091861523420335
JPN,2019,A03,6191.4,4738164.4,0.0013067085641857
JPN,2019,B05_06,779.4,4738164.4,0.0001644940812944
JPN,2019,B07_08,1891.6,4738164.4,0.0003992263333032
JPN,2019,B09,611.3,4738164.4,0.0001290162072046
JPN,2019,C10T12,117000.0,4738164.4,0.0246931068917743
JPN,2019,C13T15,13129.5,4738164.4,0.0027710098028679
JPN,2019,C16,8104.0,4738164.4,0.0017103669935977
JPN,2019,C17_18,43549.6,4738164.4,0.0091912386999488
JPN,2019,C19,49868.6,4738164.4,0.0105248775243003
JPN,2019,C20,63462.0,4738164.4,0.0133937944407332
JPN,2019,C21,39905.8,4738164.4,0.0084222067094168
JPN,2019,C22,51628.0,4738164.4,0.0108962027573378
JPN,2019,C23,27121.0,4738164.4,0.0057239465983915
JPN,2019,C24,80554.1,4738164.4,0.0170011196741083
JPN,2019,C25,49116.2,4738164.4,0.0103660818522886
JPN,2019,C26,71275.4,4738164.4,0.0150428296662732
JPN,2019,C27,63054.1,4738164.4,0.013307706250125
JPN,2019,C28,146823.6,4738164.4,0.0309874431541463
JPN,2019,C29,105735.2,4738164.4,0.0223156461181465
JPN,2019,C30,15661.5,4738164.4,0.0033053939622694
JPN,2019,C31T33,57970.9,4738164.4,0.0122348857291654
JPN,2019,D,70379.8,4738164.4,0.0148538113198436
JPN,2019,E,75991.3,4738164.4,0.0160381307157683
JPN,2019,F,262424.6,4738164.4,0.0553852880241977
JPN,2019,G,615252.7,4738164.4,0.1298504332183999
JPN,2019,H49,163135.6,4738164.4,0.0344301265696901
JPN,2019,H50,10645.5,4738164.4,0.0022467561488579
JPN,2019,H51,6218.8,4738164.4,0.0013124913943467
JPN,2019,H52,66785.6,4738164.4,0.0140952475182161
JPN,2019,H53,10283.8,4738164.4,0.0021704185696891
JPN,2019,I,118603.3,4738164.4,0.0250314868770699
JPN,2019,J58T60,42189.4,4738164.4,0.0089041655034173
JPN,2019,J61,81650.8,4738164.4,0.0172325806170845
JPN,2019,J62_63,109321.9,4738164.4,0.0230726270283065
JPN,2019,K,194110.6,4738164.4,0.0409674683301406
JPN,2019,L,565573.5,4738164.4,0.1193655289799568
JPN,2019,M,232420.0,4738164.4,0.0490527513144119
JPN,2019,N,166606.3,4738164.4,0.035162625425154
JPN,2019,O,240283.4,4738164.4,0.0507123391497348
JPN,2019,P,165849.2,4738164.4,0.0350028378078227
JPN,2019,Q,376622.6,4738164.4,0.0794870266637434
JPN,2019,R,44170.0,4738164.4,0.0093221754821339
JPN,2019,S,62687.0,4738164.4,0.0132302289890996
JPN,2019,T,0.0,4738164.4,0.0
JPN,2019,HFCE,0.0,4738164.4,0.0
JPN,2020,A01_02,42748.2,4648813.0,0.0091955086169308
JPN,2020,A03,6365.0,4648813.0,0.0013691667098676
JPN,2020,B05_06,712.3,4648813.0,0.0001532219084742
JPN,2020,B07_08,1998.6,4648813.0,0.0004299161958117
JPN,2020,B09,643.7,4648813.0,0.0001384654534394
JPN,2020,C10T12,105112.0,4648813.0,0.0226105029391373
JPN,2020,C13T15,11472.2,4648813.0,0.0024677697296062
JPN,2020,C16,7286.1,4648813.0,0.0015673033094684
JPN,2020,C17_18,39749.9,4648813.0,0.0085505482797436
JPN,2020,C19,44446.7,4648813.0,0.0095608706996818
JPN,2020,C20,61091.6,4648813.0,0.0131413330671722
JPN,2020,C21,35877.7,4648813.0,0.0077176044723674
JPN,2020,C22,46409.0,4648813.0,0.0099829784506281
JPN,2020,C23,24431.1,4648813.0,0.005255341524815
JPN,2020,C24,66969.0,4648813.0,0.0144056127876083
JPN,2020,C25,43810.7,4648813.0,0.009424061583032
JPN,2020,C26,64691.6,4648813.0,0.0139157242934916
JPN,2020,C27,55671.1,4648813.0,0.0119753364998764
JPN,2020,C28,124955.8,4648813.0,0.0268790764438148
JPN,2020,C29,95037.5,4648813.0,0.0204433906031496
JPN,2020,C30,14077.6,4648813.0,0.0030282138687875
JPN,2020,C31T33,122517.5,4648813.0,0.0263545769640551
JPN,2020,D,74299.9,4648813.0,0.015982552965671
JPN,2020,E,79768.6,4648813.0,0.0171589177710525
JPN,2020,F,278342.1,4648813.0,0.0598738000431507
JPN,2020,G,610821.8,4648813.0,0.1313930674346333
JPN,2020,H49,129780.2,4648813.0,0.0279168467305525
JPN,2020,H50,8440.6,4648813.0,0.0018156462735756
JPN,2020,H51,4922.6,4648813.0,0.0010588939585223
JPN,2020,H52,53144.3,4648813.0,0.0114317999024697
JPN,2020,H53,8183.6,4648813.0,0.0017603633443633
JPN,2020,I,82031.8,4648813.0,0.0176457517219987
JPN,2020,J58T60,53152.2,4648813.0,0.0114334992609941
JPN,2020,J61,79830.3,4648813.0,0.0171721899762369
JPN,2020,J62_63,106886.6,4648813.0,0.022992234791978
JPN,2020,K,202128.7,4648813.0,0.0434796366298235
JPN,2020,L,575697.1,4648813.0,0.123837439793771
JPN,2020,M,229030.2,4648813.0,0.0492663826228329
JPN,2020,N,164134.9,4648813.0,0.035306840692452
JPN,2020,O,243997.5,4648813.0,0.0524859786788584
JPN,2020,P,167899.4,4648813.0,0.0361166172956408
JPN,2020,Q,386259.7,4648813.0,0.0830878118779998
JPN,2020,R,40492.6,4648813.0,0.0087103094919068
JPN,2020,S,53493.4,4648813.0,0.0115068943405553
JPN,2020,T,0.0,4648813.0,0.0
JPN,2020,HFCE,0.0,4648813.0,0.0
CAN,2021,A01_02,33770.257453130995,1887602.630114515,0.0178905543541663
CAN,2021,A03,2555.091855914084,1887602.630114515,0.001353617448477
CAN,2021,B05_06,37113.57035055083,1887602.630114515,0.0196617496492359
CAN,2021,B07_08,24865.79042930986,1887602.630114515,0.013173212429674
CAN,2021,B09,12055.396821849556,1887602.630114515,0.0063866179404074
CAN,2021,C10T12,33402.59197429446,1887602.630114515,0.0176957752873379
CAN,2021,C13T15,2184.9834170853273,1887602.630114515,0.00115754416858
CAN,2021,C16,10839.77992969654,1887602.630114515,0.0057426175174586
CAN,2021,C17_18,11569.003487388696,1887602.630114515,0.0061289401184437
CAN,2021,C19,7848.741863161859,1887602.630114515,0.004158047746885
CAN,2021,C20,12809.049979464457,1887602.630114515,0.0067858826720788
CAN,2021,C21,5608.791846250308,1887602.630114515,0.0029713837842608
CAN,2021,C22,9370.339494346685,1887602.630114515,0.0049641483566794
CAN,2021,C23,7560.350436074547,1887602.630114515,0.0040052658941336
CAN,2021,C24,9807.751480962497,1887602.630114515,0.0051958772066171
CAN,2021,C25,14069.128743476933,1887602.630114515,0.0074534377728767
CAN,2021,C26,6111.919456658218,1887602.630114515,0.0032379269657446
CAN,2021,C27,3553.773900753767,1887602.630114515,0.0018826917509318
CAN,2021,C28,13571.864237050457,1887602.630114515,0.0071900007027576
CAN,2021,C29,13130.90995844606,1887602.630114515,0.0069563952438705
CAN,2021,C30,10594.995338471055,1887602.630114515,0.0056129373679821
CAN,2021,C31T33,15836.488149883862,1887602.630114515,0.0083897362173749
CAN,2021,D,41456.664624806705,1887602.630114515,0.0219626016426411
CAN,2021,E,10600.491998453641,1887602.630114515,0.0056158493473865
CAN,2021,F,146120.15527758974,1887602.630114515,0.0774104427205238
CAN,2021,G,200998.93069192106,1887602.630114515,0.1064837098048158
CAN,2021,H49,44550.307011016615,1887602.630114515,0.023601528362097
CAN,2021,H50,1867.8872100887952,1887602.630114515,0.0009895553122722
CAN,2021,H51,2903.4579508116108,1887602.630114515,0.0015381722320632
CAN,2021,H52,19525.479886209894,1887602.630114515,0.0103440626616553
CAN,2021,H53,9515.084873888522,1887602.630114515,0.0050408304809955
CAN,2021,I,31581.731744056706,1887602.630114515,0.0167311335766367
CAN,2021,J58T60,19296.33023893491,1887602.630114515,0.010222665475818
CAN,2021,J61,33936.1344366061,1887602.630114515,0.0179784314215261
CAN,2021,J62_63,43707.48581368369,1887602.630114515,0.0231550248534206
CAN,2021,K,144787.2763058078,1887602.630114515,0.0767043200702809
CAN,2021,L,258167.24821100698,1887602.630114515,0.1367699133770251
CAN,2021,M,86472.11121835136,1887602.630114515,0.0458105481730047
CAN,2021,N,57661.91758552367,1887602.630114515,0.0305476993227253
CAN,2021,O,144129.38717988972,1887602.630114515,0.0763557884908996
CAN,2021,P,106477.51059504235,1887602.630114515,0.0564088589919917
CAN,2021,Q,150409.87087601455,1887602.630114515,0.0796830161583795
CAN,2021,R,10845.887329677085,1887602.630114515,0.0057458530501301
CAN,2021,S,21661.115511451328,1887602.630114515,0.011475463726249
CAN,2021,T,2699.5929394568143,1887602.630114515,0.0014301701514863
CAN,2021,HFCE,0.0,1887602.630114515,0.0
CAN,2022,A01_02,36576.068606252375,2044434.6151708064,0.0178905543541663
CAN,2022,A03,2767.3823673655643,2044434.6151708064,0.001353617448477
CAN,2022,B05_06,40197.16157772033,2044434.6151708064,0.0196617496492359
CAN,2022,B07_08,26931.771484223846,2044434.6151708064,0.013173212429674
CAN,2022,B09,13057.022791239771,2044434.6151708064,0.0063866179404074
CAN,2022,C10T12,36177.855539717726,2044434.6151708064,0.0176957752873379
CAN,2022,C13T15,2366.5233668340634,2044434.6151708064,0.00115754416858
CAN,2022,C16,11740.406034378604,2044434.6151708064,0.0057426175174586
CAN,2022,C17_18,12530.217332455364,2044434.6151708064,0.0061289401184437
CAN,2022,C19,8500.856745264673,2044434.6151708064,0.004158047746885
CAN,2022,C20,13873.293429285664,2044434.6151708064,0.0067858826720788
CAN,2022,C21,6074.799863500003,2044434.6151708064,0.0029713837842608
CAN,2022,C22,10148.87673523864,2044434.6151708064,0.0049641483566794
CAN,2022,C23,8188.504236929782,2044434.6151708064,0.0040052658941336
CAN,2022,C24,10622.631217384995,2044434.6151708064,0.0051958772066171
CAN,2022,C25,15238.06618489073,2044434.6151708064,0.0074534377728767
CAN,2022,C26,6619.729970163238,2044434.6151708064,0.0032379269657446
CAN,2022,C27,3849.040185301506,2044434.6151708064,0.0018826917509318
CAN,2022,C28,14699.486319820062,2044434.6151708064,0.0071900007027576
CAN,2022,C29,14221.895233378413,2044434.6151708064,0.0069563952438705
CAN,2022,C30,11475.283447888323,2044434.6151708064,0.0056129373679821
CAN,2022,C31T33,17152.26713495343,2044434.6151708064,0.0083897362173749
CAN,2022,D,44901.103037422676,2044434.6151708064,0.0219626016426411
CAN,2022,E,11481.236799381342,2044434.6151708064,0.0056158493473865
CAN,2022,F,158260.58867353582,2044434.6151708064,0.0774104427205238
CAN,2022,G,217698.9822767684,2044434.6151708064,0.1064837098048158
CAN,2022,H49,48251.78155440665,2044434.6151708064,0.023601528362097
CAN,2022,H50,2023.0811340354426,2044434.6151708064,0.0009895553122722
CAN,2022,H51,3144.6925553245487,2044434.6151708064,0.0015381722320632
CAN,2022,H52,21147.75976698396,2044434.6151708064,0.0103440626616553
CAN,2022,H53,10305.648324555306,2044434.6151708064,0.0050408304809955
CAN,2022,I,34205.70863512261,2044434.6151708064,0.0167311335766367
CAN,2022,J58T60,20899.57115807386,2044434.6151708064,0.010222665475818
CAN,2022,J61,36755.72752464244,2044434.6151708064,0.0179784314215261
CAN,2022,J62_63,47338.934325473405,2044434.6151708064,0.0231550248534206
CAN,2022,K,156816.9670848231,2044434.6151708064,0.0767043200702809
CAN,2022,L,279617.1452219028,2044434.6151708064,0.1367699133770251
CAN,2022,M,93656.67042484056,2044434.6151708064,0.0458105481730047
CAN,2022,N,62452.7739092094,2044434.6151708064,0.0305476993227253
CAN,2022,O,156104.41705945582,2044434.6151708064,0.0763557884908996
CAN,2022,P,115324.22392551684,2044434.6151708064,0.0564088589919917
CAN,2022,Q,162906.71647540573,2044434.6151708064,0.0796830161583795
CAN,2022,R,11747.020869370735,2044434.6151708064,0.0057458530501301
CAN,2022,S,23460.835267080423,2044434.6151708064,0.011475463726249
CAN,2022,T,2923.8893632826675,2044434.6151708064,0.0014301701514863
CAN,2022,HFCE,0.0,2044434.6151708064,0.0
CAN,2023,A01_02,36291.02905150749,2028502.2103329147,0.0178905543541663
CAN,2023,A03,2745.815986180795,2028502.2103329147,0.001353617448477
CAN,2023,B05_06,39883.90262248743,2028502.2103329147,0.0196617496492359
CAN,2023,B07_08,26721.890530778735,2028502.2103329147,0.013173212429674
CAN,2023,B09,12955.268608668259,2028502.2103329147,0.0063866179404074
CAN,2023,C10T12,35895.9192839195,2028502.2103329147,0.0176957752873379
CAN,2023,C13T15,2348.080904522506,2028502.2103329147,0.00115754416858
CAN,2023,C16,11648.912327261285,2028502.2103329147,0.0057426175174586
CAN,2023,C17_18,12432.568577261123,2028502.2103329147,0.0061289401184437
CAN,2023,C19,8434.609045226018,2028502.2103329147,0.004158047746885
CAN,2023,C20,13765.17799937167,2028502.2103329147,0.0067858826720788
CAN,2023,C21,6027.458574120414,2028502.2103329147,0.0029713837842608
CAN,2023,C22,10069.78591394467,2028502.2103329147,0.0049641483566794
CAN,2023,C23,8124.690719221045,2028502.2103329147,0.0040052658941336
CAN,2023,C24,10539.848398241198,2028502.2103329147,0.0051958772066171
CAN,2023,C25,15119.314996859224,2028502.2103329147,0.0074534377728767
CAN,2023,C26,6568.142006909469,2028502.2103329147,0.0032379269657446
CAN,2023,C27,3819.0443781407016,2028502.2103329147,0.0018826917509318
CAN,2023,C28,14584.932317839,2028502.2103329147,0.0071900007027576
CAN,2023,C29,14111.063128140684,2028502.2103329147,0.0069563952438705
CAN,2023,C30,11385.855857411902,2028502.2103329147,0.0056129373679821
CAN,2023,C31T33,17018.59846105509,2028502.2103329147,0.0083897362173749
CAN,2023,D,44551.185976758774,2028502.2103329147,0.0219626016426411
CAN,2023,E,11391.76281407017,2028502.2103329147,0.0056158493473865
CAN,2023,F,157027.25416143204,2028502.2103329147,0.0774104427205238
CAN,2023,G,216002.4407035175,2028502.2103329147,0.1064837098048158
CAN,2023,H49,47875.75244974874,2028502.2103329147,0.023601528362097
CAN,2023,H50,2007.3151381908356,2028502.2103329147,0.0009895553122722
CAN,2023,H51,3120.185772612914,2028502.2103329147,0.0015381722320632
CAN,2023,H52,20982.953972989948,2028502.2103329147,0.0103440626616553
CAN,2023,H53,10225.335772612902,2028502.2103329147,0.0050408304809955
CAN,2023,I,33939.14144158279,2028502.2103329147,0.0167311335766367
CAN,2023,J58T60,20736.69951319079,2028502.2103329147,0.010222665475818
CAN,2023,J61,36469.28787688442,2028502.2103329147,0.0179784314215261
CAN,2023,J62_63,46970.01909547726,2028502.2103329147,0.0231550248534206
CAN,2023,K,155594.88280464816,2028502.2103329147,0.0767043200702809
CAN,2023,L,277438.0715923367,2028502.2103329147,0.1367699133770251
CAN,2023,M,92926.7982255025,2028502.2103329147,0.0458105481730047
CAN,2023,N,61966.07559673355,2028502.2103329147,0.0305476993227253
CAN,2023,O,154887.8857255024,2028502.2103329147,0.0763557884908996
CAN,2023,P,114425.49514761288,2028502.2103329147,0.0564088589919917
CAN,2023,Q,161637.17440326617,2028502.2103329147,0.0796830161583795
CAN,2023,R,11655.475612437029,2028502.2103329147,0.0057458530501301
CAN,2023,S,23278.00353329128,2028502.2103329147,0.011475463726249
CAN,2023,T,2901.103313442119,2028502.2103329147,0.0014301701514863
CAN,2023,HFCE,0.0,2028502.2103329147,0.0
CAN,2024,A01_02,37425.008908726275,2091886.487576102,0.0178905543541663
CAN,2024,A03,2831.6140498162767,2091886.487576102,0.001353617448477
CAN,2024,B05_06,41130.14841334074,2091886.487576102,0.0196617496492359
CAN,2024,B07_08,27556.86507960459,2091886.487576102,0.013173212429674
CAN,2024,B09,13360.079770849354,2091886.487576102,0.0063866179404074
CAN,2024,C10T12,37017.55321076527,2091886.487576102,0.0176957752873379
CAN,2024,C13T15,2421.451005025015,2091886.487576102,0.00115754416858
CAN,2024,C16,12012.903988089463,2091886.487576102,0.0057426175174586
CAN,2024,C17_18,12821.04701693545,2091886.487576102,0.0061289401184437
CAN,2024,C19,8698.163896404987,2091886.487576102,0.004158047746885
CAN,2024,C20,14195.296267998454,2091886.487576102,0.0067858826720788
CAN,2024,C21,6215.797587697911,2091886.487576102,0.0029713837842608
CAN,2024,C22,10384.434869660749,2091886.487576102,0.0049641483566794
CAN,2024,C23,8378.561603087492,2091886.487576102,0.0040052658941336
CAN,2024,C24,10869.185319626973,2091886.487576102,0.0051958772066171
CAN,2024,C25,15591.745763070085,2091886.487576102,0.0074534377728767
CAN,2024,C26,6773.375667399417,2091886.487576102,0.0032379269657446
CAN,2024,C27,3938.377434045224,2091886.487576102,0.0018826917509318
CAN,2024,C28,15040.6653157613,2091886.487576102,0.0071900007027576
CAN,2024,C29,14551.989212891362,2091886.487576102,0.0069563952438705
CAN,2024,C30,11741.627835692725,2091886.487576102,0.0056129373679821
CAN,2024,C31T33,17550.37582745439,2091886.487576102,0.0083897362173749
CAN,2024,D,45943.269608257615,2091886.487576102,0.0219626016426411
CAN,2024,E,11747.71936606089,2091886.487576102,0.0056158493473865
CAN,2024,F,161933.85912434757,2091886.487576102,0.0774104427205238
CAN,2024,G,222751.83368766904,2091886.487576102,0.1064837098048158
CAN,2024,H49,49371.71826681484,2091886.487576102,0.023601528362097
CAN,2024,H50,2070.0373864513654,2091886.487576102,0.0009895553122722
CAN,2024,H51,3217.68170781778,2091886.487576102,0.0015381722320632
CAN,2024,H52,21638.60490855721,2091886.487576102,0.0103440626616553
CAN,2024,H53,10544.84516935623,2091886.487576102,0.0050408304809955
CAN,2024,I,34999.63225079713,2091886.487576102,0.0167311335766367
CAN,2024,J58T60,21384.6557758744,2091886.487576102,0.010222665475818
CAN,2024,J61,37608.83775850406,2091886.487576102,0.0179784314215261
CAN,2024,J62_63,48437.68361035937,2091886.487576102,0.0231550248534206
CAN,2024,K,160456.730693733,2091886.487576102,0.0767043200702809
CAN,2024,L,286107.13370035274,2091886.487576102,0.1367699133770251
CAN,2024,M,95830.46671156262,2091886.487576102,0.0458105481730047
CAN,2024,N,63902.319439746694,2091886.487576102,0.0305476993227253
CAN,2024,O,159727.64219233172,2091886.487576102,0.0763557884908996
CAN,2024,P,118000.92990493313,2091886.487576102,0.0564088589919917
CAN,2024,Q,166687.82479102226,2091886.487576102,0.0796830161583795
CAN,2024,R,12019.672355165087,2091886.487576102,0.0057458530501301
CAN,2024,S,24005.367507609986,2091886.487576102,0.011475463726249
CAN,2024,T,2991.7536148288577,2091886.487576102,0.0014301701514863
CAN,2024,HFCE,0.0,2091886.487576102,0.0
CAN,2025,A01_02,38930.53798495592,2176038.6634352608,0.0178905543541663
CAN,2025,A03,2945.523903386539,2176038.6634352608,0.001353617448477
CAN,2025,B05_06,42784.727427522,2176038.6634352608,0.0196617496492359
CAN,2025,B07_08,28665.419568616573,2176038.6634352608,0.013173212429674
CAN,2025,B09,13897.527566915776,2176038.6634352608,0.0063866179404074
CAN,2025,C10T12,38506.69120470948,2176038.6634352608,0.0176957752873379
CAN,2025,C13T15,2518.8608654641034,2176038.6634352608,0.00115754416858
CAN,2025,C16,12496.157747310526,2176038.6634352608,0.0057426175174586
CAN,2025,C17_18,13336.810663612978,2176038.6634352608,0.0061289401184437
CAN,2025,C19,9048.072661631633,2176038.6634352608,0.004158047746885
CAN,2025,C20,14766.343059978848,2176038.6634352608,0.0067858826720788
CAN,2025,C21,6465.845998456079,2176038.6634352608,0.0029713837842608
CAN,2025,C22,10802.178755162988,2176038.6634352608,0.0049641483566794
CAN,2025,C23,8715.613442973312,2176038.6634352608,0.0040052658941336
CAN,2025,C24,11306.42969206081,2176038.6634352608,0.0051958772066171
CAN,2025,C25,16218.968769288502,2176038.6634352608,0.0074534377728767
CAN,2025,C26,7045.854266839869,2176038.6634352608,0.0032379269657446
CAN,2025,C27,4096.810041358225,2176038.6634352608,0.0018826917509318
CAN,2025,C28,15645.719519327233,2176038.6634352608,0.0071900007027576
CAN,2025,C29,15137.385008799367,2176038.6634352608,0.0069563952438705
CAN,2025,C30,12213.968728169599,2176038.6634352608,0.0056129373679821
CAN,2025,C31T33,18256.390385030878,2176038.6634352608,0.0083897362173749
CAN,2025,D,47791.4703240138,2176038.6634352608,0.0219626016426411
CAN,2025,E,12220.3053079407,2176038.6634352608,0.0056158493473865
CAN,2025,F,168448.11631350042,2176038.6634352608,0.0774104427205238
CAN,2025,G,231712.66956129952,2176038.6634352608,0.1064837098048158
CAN,2025,H49,51357.83823208695,2176038.6634352608,0.023601528362097
CAN,2025,H50,2153.3106191120605,2176038.6634352608,0.0009895553122722
CAN,2025,H51,3347.1222479920375,2176038.6634352608,0.0015381722320632
CAN,2025,H52,22509.080288758985,2176038.6634352608,0.0103440626616553
CAN,2025,H53,10969.04202246917,2176038.6634352608,0.0050408304809955
CAN,2025,I,36407.59354586134,2176038.6634352608,0.0167311335766367
CAN,2025,J58T60,22244.915318744785,2176038.6634352608,0.010222665475818
CAN,2025,J61,39121.76188116015,2176038.6634352608,0.0179784314215261
CAN,2025,J62_63,50386.22933384761,2176038.6634352608,0.0231550248534206
CAN,2025,K,166911.5661254445,2176038.6634352608,0.0767043200702809
CAN,2025,L,297616.6195030981,2176038.6634352608,0.1367699133770251
CAN,2025,M,99685.52401762178,2176038.6634352608,0.0458105481730047
CAN,2025,N,66472.97480524538,2176038.6634352608,0.0305476993227253
CAN,2025,O,166153.14793328266,2176038.6634352608,0.0763557884908996
CAN,2025,P,122747.85812684172,2176038.6634352608,0.0564088589919917
CAN,2025,Q,173393.32397977042,2176038.6634352608,0.0796830161583795
CAN,2025,R,12503.19839150052,2176038.6634352608,0.0057458530501301
CAN,2025,S,24971.05274916669,2176038.6634352608,0.011475463726249
CAN,2025,T,3112.1055449252526,2176038.6634352608,0.0014301701514863
CAN,2025,HFCE,0.0,2176038.6634352608,0.0
CAN,2026,A01_02,40496.30917435794,2263558.097344663,0.0178905543541663
CAN,2026,A03,3063.9917362071355,2263558.097344663,0.001353617448477
CAN,2026,B05_06,44505.51262649151,2263558.097344663,0.0196617496492359
CAN,2026,B07_08,29818.331663229943,2263558.097344663,0.013173212429674
CAN,2026,B09,14456.480753655866,2263558.097344663,0.0063866179404074
CAN,2026,C10T12,40055.415440445286,2263558.097344663,0.0176957752873379
CAN,2026,C13T15,2620.1684758233546,2263558.097344663,0.00115754416858
CAN,2026,C16,12998.748381596719,2263558.097344663,0.0057426175174586
CAN,2026,C17_18,13873.212033243795,2263558.097344663,0.0061289401184437
CAN,2026,C19,9411.982646607274,2263558.097344663,0.004158047746885
CAN,2026,C20,15360.239670014806,2263558.097344663,0.0067858826720788
CAN,2026,C21,6725.899825182161,2263558.097344663,0.0029713837842608
CAN,2026,C22,11236.63820918186,2263558.097344663,0.0049641483566794
CAN,2026,C23,9066.152046684521,2263558.097344663,0.0040052658941336
CAN,2026,C24,11761.169923846704,2263558.097344663,0.0051958772066171
CAN,2026,C25,16871.289423849626,2263558.097344663,0.0074534377728767
CAN,2026,C26,7329.2358019218245,2263558.097344663,0.0032379269657446
CAN,2026,C27,4261.582157625678,2263558.097344663,0.0018826917509318
CAN,2026,C28,16274.984310640782,2263558.097344663,0.0071900007027576
CAN,2026,C29,15746.204782592971,2263558.097344663,0.0069563952438705
CAN,2026,C30,12705.209829184323,2263558.097344663,0.0056129373679821
CAN,2026,C31T33,18990.65534942474,2263558.097344663,0.0083897362173749
CAN,2026,D,49713.62478695546,2263558.097344663,0.0219626016426411
CAN,2026,E,12711.801263744454,2263558.097344663,0.0056158493473865
CAN,2026,F,175223.03443907687,2263558.097344663,0.0774104427205238
CAN,2026,G,241032.0635639901,2263558.097344663,0.1064837098048158
CAN,2026,H49,53423.43063373438,2263558.097344663,0.023601528362097
CAN,2026,H50,2239.915939864165,2263558.097344663,0.0009895553122722
CAN,2026,H51,3481.7422109973704,2263558.097344663,0.0015381722320632
CAN,2026,H52,23414.38679723044,2263558.097344663,0.0103440626616553
CAN,2026,H53,11410.212652599157,2263558.097344663,0.0050408304809955
CAN,2026,I,37871.892885151174,2263558.097344663,0.0167311335766367
CAN,2026,J58T60,23139.597214233567,2263558.097344663,0.010222665475818
CAN,2026,J61,40695.22402175112,2263558.097344663,0.0179784314215261
CAN,2026,J62_63,52412.74400117712,2263558.097344663,0.0231550248534206
CAN,2026,K,173624.68479640107,2263558.097344663,0.0767043200702809
CAN,2026,L,309586.6448976933,2263558.097344663,0.1367699133770251
CAN,2026,M,103694.83726080255,2263558.097344663,0.0458105481730047
CAN,2026,N,69146.49215720494,2263558.097344663,0.0305476993227253
CAN,2026,O,172835.76331771223,2263558.097344663,0.0763557884908996
CAN,2026,P,127684.72953329612,2263558.097344663,0.0564088589919917
CAN,2026,Q,180367.13644614554,2263558.097344663,0.0796830161583795
CAN,2026,R,13006.072197774518,2263558.097344663,0.0057458530501301
CAN,2026,S,25975.378838335884,2263558.097344663,0.011475463726249
CAN,2026,T,3237.273226977458,2263558.097344663,0.0014301701514863
CAN,2026,HFCE,0.0,2263558.097344663,0.0
CAN,2027,A01_02,42122.32247693236,2354444.7893043086,0.0178905543541663
CAN,2027,A03,3187.017548278066,2354444.7893043086,0.001353617448477
CAN,2027,B05_06,46292.504010249286,2354444.7893043086,0.0196617496492359
CAN,2027,B07_08,31015.6013634447,2354444.7893043086,0.013173212429674
CAN,2027,B09,15036.939331069618,2354444.7893043086,0.0063866179404074
CAN,2027,C10T12,41663.725917972675,2354444.7893043086,0.0176957752873379
CAN,2027,C13T15,2725.373836102769,2354444.7893043086,0.00115754416858
CAN,2027,C16,13520.675890948045,2354444.7893043086,0.0057426175174586
CAN,2027,C17_18,14430.251125827903,2354444.7893043086,0.0061289401184437
CAN,2027,C19,9789.893851331908,2354444.7893043086,0.004158047746885
CAN,2027,C20,15976.986098106328,2354444.7893043086,0.0067858826720788
CAN,2027,C21,6995.959067876159,2354444.7893043086,0.0029713837842608
CAN,2027,C22,11687.81323171736,2354444.7893043086,0.0049641483566794
CAN,2027,C23,9430.177414221116,2354444.7893043086,0.0040052658941336
CAN,2027,C24,12233.406014984657,2354444.7893043086,0.0051958772066171
CAN,2027,C25,17548.70772675346,2354444.7893043086,0.0074534377728767
CAN,2027,C26,7623.520272645284,2354444.7893043086,0.0032379269657446
CAN,2027,C27,4432.693782847581,2354444.7893043086,0.0018826917509318
CAN,2027,C28,16928.459689701947,2354444.7893043086,0.0071900007027576
CAN,2027,C29,16378.448534272173,2354444.7893043086,0.0069563952438705
CAN,2027,C30,13215.351138736896,2354444.7893043086,0.0056129373679821
CAN,2027,C31T33,19753.17072063597,2354444.7893043086,0.0083897362173749
CAN,2027,D,51709.73299708258,2354444.7893043086,0.0219626016426411
CAN,2027,E,13222.207233472147,2354444.7893043086,0.0056158493473865
CAN,2027,F,182258.6135010769,2354444.7893043086,0.0774104427205238
CAN,2027,G,250710.01569574067,2354444.7893043086,0.1064837098048158
CAN,2027,H49,55568.49547175713,2354444.7893043086,0.023601528362097
CAN,2027,H50,2329.8533487076793,2354444.7893043086,0.0009895553122722
CAN,2027,H51,3621.541596833779,2354444.7893043086,0.0015381722320632
CAN,2027,H52,24354.524433971575,2354444.7893043086,0.0103440626616553
CAN,2027,H53,11868.357059746186,2354444.7893043086,0.0050408304809955
CAN,2027,I,39392.53026866663,2354444.7893043086,0.0167311335766367
CAN,2027,J58T60,24068.70146234074,2354444.7893043086,0.010222665475818
CAN,2027,J61,42329.22418027698,2354444.7893043086,0.0179784314215261
CAN,2027,J62_63,54517.227612347895,2354444.7893043086,0.0231550248534206
CAN,2027,K,180596.08670660277,2354444.7893043086,0.0767043200702809
CAN,2027,L,322017.20988413837,2354444.7893043086,0.1367699133770251
CAN,2027,M,107858.40644110493,2354444.7893043086,0.0458105481730047
CAN,2027,N,71922.87149562534,2354444.7893043086,0.0305476993227253
CAN,2027,O,179775.48834562048,2354444.7893043086,0.0763557884908996
CAN,2027,P,132811.54412429637,2354444.7893043086,0.0564088589919917
CAN,2027,Q,187609.26219014762,2354444.7893043086,0.0796830161583795
CAN,2027,R,13528.293773987083,2354444.7893043086,0.0057458530501301
CAN,2027,S,27018.345775117563,2354444.7893043086,0.011475463726249
CAN,2027,T,3367.2566609854725,2354444.7893043086,0.0014301701514863
CAN,2027,HFCE,0.0,2354444.7893043086,0.0
CAN,2028,A01_02,43808.577892679146,2448698.7393141976,0.0178905543541663
CAN,2028,A03,3314.6013395993305,2448698.7393141976,0.001353617448477
CAN,2028,B05_06,48145.70157879531,2448698.7393141976,0.0196617496492359
CAN,2028,B07_08,32257.22866926084,2448698.7393141976,0.013173212429674
CAN,2028,B09,15638.903299157038,2448698.7393141976,0.0063866179404074
CAN,2028,C10T12,43331.62263729165,2448698.7393141976,0.0176957752873379
CAN,2028,C13T15,2834.4769463023467,2448698.7393141976,0.00115754416858
CAN,2028,C16,14061.940275364499,2448698.7393141976,0.0057426175174586
CAN,2028,C17_18,15007.927941365298,2448698.7393141976,0.0061289401184437
CAN,2028,C19,10181.806275805538,2448698.7393141976,0.004158047746885
CAN,2028,C20,16616.582344253417,2448698.7393141976,0.0067858826720788
CAN,2028,C21,7276.023726538071,2448698.7393141976,0.0029713837842608
CAN,2028,C22,12155.703822769492,2448698.7393141976,0.0049641483566794
CAN,2028,C23,9807.689545583098,2448698.7393141976,0.0040052658941336
CAN,2028,C24,12723.137965474667,2448698.7393141976,0.0051958772066171
CAN,2028,C25,18251.223677999995,2448698.7393141976,0.0074534377728767
CAN,2028,C26,7928.707679010247,2448698.7393141976,0.0032379269657446
CAN,2028,C27,4610.1449170239375,2448698.7393141976,0.0018826917509318
CAN,2028,C28,17606.14565651073,2448698.7393141976,0.0071900007027576
CAN,2028,C29,17034.11626383697,2448698.7393141976,0.0069563952438705
CAN,2028,C30,13744.392656827318,2448698.7393141976,0.0056129373679821
CAN,2028,C31T33,20543.93649866458,2448698.7393141976,0.0083897362173749
CAN,2028,D,53779.79495439518,2448698.7393141976,0.0219626016426411
CAN,2028,E,13751.52321712378,2448698.7393141976,0.0056158493473865
CAN,2028,F,189554.85349950055,2448698.7393141976,0.0774104427205238
CAN,2028,G,260746.52595655128,2448698.7393141976,0.1064837098048158
CAN,2028,H49,57793.0327461552,2448698.7393141976,0.023601528362097
CAN,2028,H50,2423.1228456426034,2448698.7393141976,0.0009895553122722
CAN,2028,H51,3766.520405501263,2448698.7393141976,0.0015381722320632
CAN,2028,H52,25329.493198982393,2448698.7393141976,0.0103440626616553
CAN,2028,H53,12343.475243910261,2448698.7393141976,0.0050408304809955
CAN,2028,I,40969.50569640772,2448698.7393141976,0.0167311335766367
CAN,2028,J58T60,25032.228063066308,2448698.7393141976,0.010222665475818
CAN,2028,J61,44023.762356737716,2448698.7393141976,0.0179784314215261
CAN,2028,J62_63,56699.68016735994,2448698.7393141976,0.0231550248534206
CAN,2028,K,187825.77185604954,2448698.7393141976,0.0767043200702809
CAN,2028,L,334908.31446243334,2448698.7393141976,0.1367699133770251
CAN,2028,M,112176.23155852893,2448698.7393141976,0.0458105481730047
CAN,2028,N,74802.1128205066,2448698.7393141976,0.0305476993227253
CAN,2028,O,186972.32301700738,2448698.7393141976,0.0763557884908996
CAN,2028,P,138128.30189984242,2448698.7393141976,0.0564088589919917
CAN,2028,Q,195119.7012117767,2448698.7393141976,0.0796830161583795
CAN,2028,R,14069.863120138212,2448698.7393141976,0.0057458530501301
CAN,2028,S,28099.95355951173,2448698.7393141976,0.011475463726249
CAN,2028,T,3502.0558469492976,2448698.7393141976,0.0014301701514863
CAN,2028,HFCE,0.0,2448698.7393141976,0.0
CAN,2029,A01_02,45555.0754215983,2546319.947374329,0.0178905543541663
CAN,2029,A03,3446.743110170928,2546319.947374329,0.001353617448477
CAN,2029,B05_06,50065.10533212959,2546319.947374329,0.0196617496492359
CAN,2029,B07_08,33543.213580678355,2546319.947374329,0.013173212429674
CAN,2029,B09,16262.372657918117,2546319.947374329,0.0063866179404074
CAN,2029,C10T12,45059.105598402195,2546319.947374329,0.0176957752873379
CAN,2029,C13T15,2947.477806422087,2546319.947374329,0.00115754416858
CAN,2029,C16,14622.541534846081,2546319.947374329,0.0057426175174586
CAN,2029,C17_18,15606.242479855977,2546319.947374329,0.0061289401184437
CAN,2029,C19,10587.71992002816,2546319.947374329,0.004158047746885
CAN,2029,C20,17279.02840845606,2546319.947374329,0.0067858826720788
CAN,2029,C21,7566.093801167895,2546319.947374329,0.0029713837842608
CAN,2029,C22,12640.309982338253,2546319.947374329,0.0049641483566794
CAN,2029,C23,10198.688440770462,2546319.947374329,0.0040052658941336
CAN,2029,C24,13230.36577531673,2546319.947374329,0.0051958772066171
CAN,2029,C25,18978.837277589235,2546319.947374329,0.0074534377728767
CAN,2029,C26,8244.798021016712,2546319.947374329,0.0032379269657446
CAN,2029,C27,4793.935560154744,2546319.947374329,0.0018826917509318
CAN,2029,C28,18308.04221106712,2546319.947374329,0.0071900007027576
CAN,2029,C29,17713.207971287364,2546319.947374329,0.0069563952438705
CAN,2029,C30,14292.334383455585,2546319.947374329,0.0056129373679821
CAN,2029,C31T33,21362.952683510557,2546319.947374329,0.0083897362173749
CAN,2029,D,55923.810658893235,2546319.947374329,0.0219626016426411
CAN,2029,E,14299.749214699352,2546319.947374329,0.0056158493473865
CAN,2029,F,197111.75443434768,2546319.947374329,0.0774104427205238
CAN,2029,G,271141.5943464219,2546319.947374329,0.1064837098048158
CAN,2029,H49,60097.04245692856,2546319.947374329,0.023601528362097
CAN,2029,H50,2519.7244306689363,2546319.947374329,0.0009895553122722
CAN,2029,H51,3916.6786369998217,2546319.947374329,0.0015381722320632
CAN,2029,H52,26339.293092262884,2546319.947374329,0.0103440626616553
CAN,2029,H53,12835.567205091374,2546319.947374329,0.0050408304809955
CAN,2029,I,42602.81916837443,2546319.947374329,0.0167311335766367
CAN,2029,J58T60,26030.17701641026,2546319.947374329,0.010222665475818
CAN,2029,J61,45778.83855113332,2546319.947374329,0.0179784314215261
CAN,2029,J62_63,58960.101666213224,2546319.947374329,0.0231550248534206
CAN,2029,K,195313.74024474135,2546319.947374329,0.0767043200702809
CAN,2029,L,348259.9586325781,2546319.947374329,0.1367699133770251
CAN,2029,M,116648.3126130745,2546319.947374329,0.0458105481730047
CAN,2029,N,77784.2161318487,2546319.947374329,0.0305476993227253
CAN,2029,O,194426.2673318729,2546319.947374329,0.0763557884908996
CAN,2029,P,143635.00285993426,2546319.947374329,0.0564088589919917
CAN,2029,Q,202898.45351103268,2546319.947374329,0.0796830161583795
CAN,2029,R,14630.780236227904,2546319.947374329,0.0057458530501301
CAN,2029,S,29220.202191518376,2546319.947374329,0.011475463726249
CAN,2029,T,3641.6707848689316,2546319.947374329,0.0014301701514863
CAN,2029,HFCE,0.0,2546319.947374329,0.0
CAN,2030,A01_02,47361.815063689864,2647308.4134847047,0.0178905543541663
CAN,2030,A03,3583.442859992861,2647308.4134847047,0.001353617448477
CAN,2030,B05_06,52050.71527025214,2647308.4134847047,0.0196617496492359
CAN,2030,B07_08,34873.55609769727,2647308.4134847047,0.013173212429674
CAN,2030,B09,16907.347407352867,2647308.4134847047,0.0063866179404074
CAN,2030,C10T12,46846.17480130434,2647308.4134847047,0.0176957752873379
CAN,2030,C13T15,3064.376416461991,2647308.4134847047,0.00115754416858
CAN,2030,C16,15202.479669392798,2647308.4134847047,0.0057426175174586
CAN,2030,C17_18,16225.19474129995,2647308.4134847047,0.0061289401184437
CAN,2030,C19,11007.63478399978,2647308.4134847047,0.004158047746885
CAN,2030,C20,17964.324290714278,2647308.4134847047,0.0067858826720788
CAN,2030,C21,7866.169291765636,2647308.4134847047,0.0029713837842608
CAN,2030,C22,13141.631710423648,2647308.4134847047,0.0049641483566794
CAN,2030,C23,10603.174099783217,2647308.4134847047,0.0040052658941336
CAN,2030,C24,13755.089444510853,2647308.4134847047,0.0051958772066171
CAN,2030,C25,19731.54852552119,2647308.4134847047,0.0074534377728767
CAN,2030,C26,8571.79129866468,2647308.4134847047,0.0032379269657446
CAN,2030,C27,4984.065712240004,2647308.4134847047,0.0018826917509318
CAN,2030,C28,19034.149353371133,2647308.4134847047,0.0071900007027576
CAN,2030,C29,18415.72365662336,2647308.4134847047,0.0069563952438705
CAN,2030,C30,14859.176318621707,2647308.4134847047,0.0056129373679821
CAN,2030,C31T33,22210.219275173913,2647308.4134847047,0.0083897362173749
CAN,2030,D,58141.78011057677,2647308.4134847047,0.0219626016426411
CAN,2030,E,14866.885226198869,2647308.4134847047,0.0056158493473865
CAN,2030,F,204929.31630561847,2647308.4134847047,0.0774104427205238
CAN,2030,G,281895.2208653526,2647308.4134847047,0.1064837098048158
CAN,2030,H49,62480.52460407726,2647308.4134847047,0.023601528362097
CAN,2030,H50,2619.6581037866795,2647308.4134847047,0.0009895553122722
CAN,2030,H51,4072.016291329457,2647308.4134847047,0.0015381722320632
CAN,2030,H52,27383.924113813064,2647308.4134847047,0.0103440626616553
CAN,2030,H53,13344.632943289538,2647308.4134847047,0.0050408304809955
CAN,2030,I,44292.470684566775,2647308.4134847047,0.0167311335766367
CAN,2030,J58T60,27062.548322372615,2647308.4134847047,0.010222665475818
CAN,2030,J61,47594.45276346382,2647308.4134847047,0.0179784314215261
CAN,2030,J62_63,61298.4921089078,2647308.4134847047,0.0231550248534206
CAN,2030,K,203059.9918726783,2647308.4134847047,0.0767043200702809
CAN,2030,L,362072.1423945728,2647308.4134847047,0.1367699133770251
CAN,2030,M,121274.64960474172,2647308.4134847047,0.0458105481730047
CAN,2030,N,80869.1814296517,2647308.4134847047,0.0305476993227253
CAN,2030,O,202137.3212902171,2647308.4134847047,0.0763557884908996
CAN,2030,P,149331.64700457198,2647308.4134847047,0.0564088589919917
CAN,2030,Q,210945.51908791572,2647308.4134847047,0.0796830161583795
CAN,2030,R,15211.045122256166,2647308.4134847047,0.0057458530501301
CAN,2030,S,30379.091671137518,2647308.4134847047,0.011475463726249
CAN,2030,T,3786.1014747443764,2647308.4134847047,0.0014301701514863
CAN,2030,HFCE,0.0,2647308.4134847047,0.0
CAN,2031,A01_02,49228.7968189538,2751664.1376453238,0.0178905543541663
CAN,2031,A03,3724.7005890651276,2751664.1376453238,0.001353617448477
CAN,2031,B05_06,54102.53139316295,2751664.1376453238,0.0196617496492359
CAN,2031,B07_08,36248.25622031757,2751664.1376453238,0.013173212429674
CAN,2031,B09,17573.827547461282,2751664.1376453238,0.0063866179404074
CAN,2031,C10T12,48692.83024599808,2751664.1376453238,0.0176957752873379
CAN,2031,C13T15,3185.1727764220586,2751664.1376453238,0.00115754416858
CAN,2031,C16,15801.754679004647,2751664.1376453238,0.0057426175174586
CAN,2031,C17_18,16864.784725697213,2751664.1376453238,0.0061289401184437
CAN,2031,C19,11441.550867720394,2751664.1376453238,0.004158047746885
CAN,2031,C20,18672.469991028054,2751664.1376453238,0.0067858826720788
CAN,2031,C21,8176.250198331293,2751664.1376453238,0.0029713837842608
CAN,2031,C22,13659.669007025674,2751664.1376453238,0.0049641483566794
CAN,2031,C23,11021.146522621359,2751664.1376453238,0.0040052658941336
CAN,2031,C24,14297.308973057035,2751664.1376453238,0.0051958772066171
CAN,2031,C25,20509.35742179585,2751664.1376453238,0.0074534377728767
CAN,2031,C26,8909.687511954155,2751664.1376453238,0.0032379269657446
CAN,2031,C27,5180.535373279716,2751664.1376453238,0.0018826917509318
CAN,2031,C28,19784.46708342276,2751664.1376453238,0.0071900007027576
CAN,2031,C29,19141.663319844953,2751664.1376453238,0.0069563952438705
CAN,2031,C30,15444.918462325679,2751664.1376453238,0.0056129373679821
CAN,2031,C31T33,23085.736273654642,2751664.1376453238,0.0083897362173749
CAN,2031,D,60433.70330944579,2751664.1376453238,0.0219626016426411
CAN,2031,E,15452.931251622327,2751664.1376453238,0.0056158493473865
CAN,2031,F,213007.53911331287,2751664.1376453238,0.0774104427205238
CAN,2031,G,293007.40551334334,2751664.1376453238,0.1064837098048158
CAN,2031,H49,64943.47918760129,2751664.1376453238,0.023601528362097
CAN,2031,H50,2722.9238649958324,2751664.1376453238,0.0009895553122722
CAN,2031,H51,4232.533368490168,2751664.1376453238,0.0015381722320632
CAN,2031,H52,28463.38626363292,2751664.1376453238,0.0103440626616553
CAN,2031,H53,13870.672458504745,2751664.1376453238,0.0050408304809955
CAN,2031,I,46038.460244984744,2751664.1376453238,0.0167311335766367
CAN,2031,J58T60,28129.341980953363,2751664.1376453238,0.010222665475818
CAN,2031,J61,49470.604993729205,2751664.1376453238,0.0179784314215261
CAN,2031,J62_63,63714.85149544364,2751664.1376453238,0.0231550248534206
CAN,2031,K,211064.5267398604,2751664.1376453238,0.0767043200702809
CAN,2031,L,376344.8657484174,2751664.1376453238,0.1367699133770251
CAN,2031,M,126055.24253353055,2751664.1376453238,0.0458105481730047
CAN,2031,N,84057.00871391555,2751664.1376453238,0.0305476993227253
CAN,2031,O,210105.48489204,2751664.1376453238,0.0763557884908996
CAN,2031,P,155218.2343337555,2751664.1376453238,0.0564088589919917
CAN,2031,Q,219260.8979424257,2751664.1376453238,0.0796830161583795
CAN,2031,R,15810.657778222996,2751664.1376453238,0.0057458530501301
CAN,2031,S,31576.621998369148,2751664.1376453238,0.011475463726249
CAN,2031,T,3935.3479165756316,2751664.1376453238,0.0014301701514863
CAN,2031,HFCE,0.0,2751664.1376453238,0.0
CAN,2032,A01_02,51156.02068739011,2859387.1198561853,0.0178905543541663
CAN,2032,A03,3870.5162973877273,2859387.1198561853,0.001353617448477
CAN,2032,B05_06,56220.553700862,2859387.1198561853,0.0196617496492359
CAN,2032,B07_08,37667.31394853924,2859387.1198561853,0.013173212429674
CAN,2032,B09,18261.813078243358,2859387.1198561853,0.0063866179404074
CAN,2032,C10T12,50599.07193248338,2859387.1198561853,0.0176957752873379
CAN,2032,C13T15,3309.8668863022885,2859387.1198561853,0.00115754416858
CAN,2032,C16,16420.366563681622,2859387.1198561853,0.0057426175174586
CAN,2032,C17_18,17525.01243304776,2859387.1198561853,0.0061289401184437
CAN,2032,C19,11889.46817119,2859387.1198561853,0.004158047746885
CAN,2032,C20,19403.465509397392,2859387.1198561853,0.0067858826720788
CAN,2032,C21,8496.336520864861,2859387.1198561853,0.0029713837842608
CAN,2032,C22,14194.421872144325,2859387.1198561853,0.0049641483566794
CAN,2032,C23,11452.605709284882,2859387.1198561853,0.0040052658941336
CAN,2032,C24,14857.02436095527,2859387.1198561853,0.0051958772066171
CAN,2032,C25,21312.263966413208,2859387.1198561853,0.0074534377728767
CAN,2032,C26,9258.48666088513,2859387.1198561853,0.0032379269657446
CAN,2032,C27,5383.344543273878,2859387.1198561853,0.0018826917509318
CAN,2032,C28,20558.995401222,2859387.1198561853,0.0071900007027576
CAN,2032,C29,19891.026960952135,2859387.1198561853,0.0069563952438705
CAN,2032,C30,16049.560814567494,2859387.1198561853,0.0056129373679821
CAN,2032,C31T33,23989.50367895274,2859387.1198561853,0.0083897362173749
CAN,2032,D,62799.58025550025,2859387.1198561853,0.0219626016426411
CAN,2032,E,16057.887290969722,2859387.1198561853,0.0056158493473865
CAN,2032,F,221346.42285743076,2859387.1198561853,0.0774104427205238
CAN,2032,G,304478.14829039405,2859387.1198561853,0.1064837098048158
CAN,2032,H49,67485.90620750061,2859387.1198561853,0.023601528362097
CAN,2032,H50,2829.5217142963943,2859387.1198561853,0.0009895553122722
CAN,2032,H51,4398.229868481953,2859387.1198561853,0.0015381722320632
CAN,2032,H52,29577.679541722453,2859387.1198561853,0.0103440626616553
CAN,2032,H53,14413.685750736991,2859387.1198561853,0.0050408304809955
CAN,2032,I,47840.78784962833,2859387.1198561853,0.0167311335766367
CAN,2032,J58T60,29230.55799215249,2859387.1198561853,0.010222665475818
CAN,2032,J61,51407.29524192945,2859387.1198561853,0.0179784314215261
CAN,2032,J62_63,66209.17982582073,2859387.1198561853,0.0231550248534206
CAN,2032,K,219327.34484628748,2859387.1198561853,0.0767043200702809
CAN,2032,L,391078.1286941118,2859387.1198561853,0.1367699133770251
CAN,2032,M,130990.09139944093,2859387.1198561853,0.0458105481730047
CAN,2032,N,87347.69798464024,2859387.1198561853,0.0305476993227253
CAN,2032,O,218330.75813734147,2859387.1198561853,0.0763557884908996
CAN,2032,P,161294.76484748482,2859387.1198561853,0.0564088589919917
CAN,2032,Q,227844.59007456264,2859387.1198561853,0.0796830161583795
CAN,2032,R,16429.618204128383,2859387.1198561853,0.0057458530501301
CAN,2032,S,32812.79317321326,2859387.1198561853,0.011475463726249
CAN,2032,T,4089.4101103626954,2859387.1198561853,0.0014301701514863
CAN,2032,HFCE,0.0,2859387.1198561853,0.0
CAN,2033,A01_02,53143.486668998805,2970477.36011729,0.0178905543541663
CAN,2033,A03,4020.889984960661,2970477.36011729,0.001353617448477
CAN,2033,B05_06,58404.78219334931,2970477.36011729,0.0196617496492359
CAN,2033,B07_08,39130.7292823623,2970477.36011729,0.013173212429674
CAN,2033,B09,18971.3039996991,2970477.36011729,0.0063866179404074
CAN,2033,C10T12,52564.89986076027,2970477.36011729,0.0176957752873379
CAN,2033,C13T15,3438.4587461026817,2970477.36011729,0.00115754416858
CAN,2033,C16,17058.31532342373,2970477.36011729,0.0057426175174586
CAN,2033,C17_18,18205.877863351594,2970477.36011729,0.0061289401184437
CAN,2033,C19,12351.3866944086,2970477.36011729,0.004158047746885
CAN,2033,C20,20157.310845822296,2970477.36011729,0.0067858826720788
CAN,2033,C21,8826.428259366345,2970477.36011729,0.0029713837842608
CAN,2033,C22,14745.890305779609,2970477.36011729,0.0049641483566794
CAN,2033,C23,11897.551659773793,2970477.36011729,0.0040052658941336
CAN,2033,C24,15434.235608205563,2970477.36011729,0.0051958772066171
CAN,2033,C25,22140.268159373274,2970477.36011729,0.0074534377728767
CAN,2033,C26,9618.188745457606,2970477.36011729,0.0032379269657446
CAN,2033,C27,5592.493222222492,2970477.36011729,0.0018826917509318
CAN,2033,C28,21357.734306768856,2970477.36011729,0.0071900007027576
CAN,2033,C29,20663.814579944916,2970477.36011729,0.0069563952438705
CAN,2033,C30,16673.10337534716,2970477.36011729,0.0056129373679821
CAN,2033,C31T33,24921.52149106821,2970477.36011729,0.0083897362173749
CAN,2033,D,65239.41094874019,2970477.36011729,0.0219626016426411
CAN,2033,E,16681.753344241057,2970477.36011729,0.0056158493473865
CAN,2033,F,229945.96753797226,2970477.36011729,0.0774104427205238
CAN,2033,G,316307.44919650484,2970477.36011729,0.1064837098048158
CAN,2033,H49,70107.80566377525,2970477.36011729,0.023601528362097
CAN,2033,H50,2939.4516516883655,2970477.36011729,0.0009895553122722
CAN,2033,H51,4569.105791304814,2970477.36011729,0.0015381722320632
CAN,2033,H52,30726.803948081662,2970477.36011729,0.0103440626616553
CAN,2033,H53,14973.672819986283,2970477.36011729,0.0050408304809955
CAN,2033,I,49699.45349849754,2970477.36011729,0.0167311335766367
CAN,2033,J58T60,30366.196355970016,2970477.36011729,0.010222665475818
CAN,2033,J61,53404.52350806459,2970477.36011729,0.0179784314215261
CAN,2033,J62_63,68781.47710003908,2970477.36011729,0.0231550248534206
CAN,2033,K,227848.4461919597,2970477.36011729,0.0767043200702809
CAN,2033,L,406271.93123165594,2970477.36011729,0.1367699133770251
CAN,2033,M,136079.19620247296,2970477.36011729,0.0458105481730047
CAN,2033,N,90741.24924182578,2970477.36011729,0.0305476993227253
CAN,2033,O,226813.14102612162,2970477.36011729,0.0763557884908996
CAN,2033,P,167561.23854576,2970477.36011729,0.0564088589919917
CAN,2033,Q,236696.5954843265,2970477.36011729,0.0796830161583795
CAN,2033,R,17067.92639997234,2970477.36011729,0.0057458530501301
CAN,2033,S,34087.60519566985,2970477.36011729,0.011475463726249
CAN,2033,T,4248.288056105569,2970477.36011729,0.0014301701514863
CAN,2033,HFCE,0.0,2970477.36011729,0.0
CAN,2034,A01_02,55191.19476377988,3084934.858428639,0.0178905543541663
CAN,2034,A03,4175.821651783929,3084934.858428639,0.001353617448477
CAN,2034,B05_06,60655.21687062489,3084934.858428639,0.0196617496492359
CAN,2034,B07_08,40638.502221786744,3084934.858428639,0.013173212429674
CAN,2034,B09,19702.30031182851,3084934.858428639,0.0063866179404074
CAN,2034,C10T12,54590.314030828755,3084934.858428639,0.0176957752873379
CAN,2034,C13T15,3570.9483558232387,3084934.858428639,0.00115754416858
CAN,2034,C16,17715.600958230967,3084934.858428639,0.0057426175174586
CAN,2034,C17_18,18907.38101660872,3084934.858428639,0.0061289401184437
CAN,2034,C19,12827.306437376197,3084934.858428639,0.004158047746885
CAN,2034,C20,20934.006000302765,3084934.858428639,0.0067858826720788
CAN,2034,C21,9166.525413835745,3084934.858428639,0.0029713837842608
CAN,2034,C22,15314.074307931525,3084934.858428639,0.0049641483566794
CAN,2034,C23,12355.984374088091,3084934.858428639,0.0040052658941336
CAN,2034,C24,16028.942714807916,3084934.858428639,0.0051958772066171
CAN,2034,C25,22993.370000676052,3084934.858428639,0.0074534377728767
CAN,2034,C26,9988.79376567159,3084934.858428639,0.0032379269657446
CAN,2034,C27,5807.981410125559,3084934.858428639,0.0018826917509318
CAN,2034,C28,22180.68380006333,3084934.858428639,0.0071900007027576
CAN,2034,C29,21460.0261768233,3084934.858428639,0.0069563952438705
CAN,2034,C30,17315.546144664677,3084934.858428639,0.0056129373679821
CAN,2034,C31T33,25881.78971000106,3084934.858428639,0.0083897362173749
CAN,2034,D,67753.19538916562,3084934.858428639,0.0219626016426411
CAN,2034,E,17324.529411436335,3084934.858428639,0.0056158493473865
CAN,2034,F,238806.17315493737,3084934.858428639,0.0774104427205238
CAN,2034,G,328495.30823167565,3084934.858428639,0.1064837098048158
CAN,2034,H49,72809.1775564252,3084934.858428639,0.023601528362097
CAN,2034,H50,3052.7136771717473,3084934.858428639,0.0009895553122722
CAN,2034,H51,4745.161136958752,3084934.858428639,0.0015381722320632
CAN,2034,H52,31910.75948271056,3084934.858428639,0.0103440626616553
CAN,2034,H53,15550.633666252621,3084934.858428639,0.0050408304809955
CAN,2034,I,51614.45719159238,3084934.858428639,0.0167311335766367
CAN,2034,J58T60,31536.257072405937,3084934.858428639,0.010222665475818
CAN,2034,J61,55462.28979213461,3084934.858428639,0.0179784314215261
CAN,2034,J62_63,71431.7433180987,3084934.858428639,0.0231550248534206
CAN,2034,K,236627.830776877,3084934.858428639,0.0767043200702809
CAN,2034,L,421926.2733610501,3084934.858428639,0.1367699133770251
CAN,2034,M,141322.5569426266,3084934.858428639,0.0458105481730047
CAN,2034,N,94237.6624854722,3084934.858428639,0.0305476993227253
CAN,2034,O,235552.63355838048,3084934.858428639,0.0763557884908996
CAN,2034,P,174017.65542858097,3084934.858428639,0.0564088589919917
CAN,2034,Q,245816.91417171742,3084934.858428639,0.0796830161583795
CAN,2034,R,17725.582365754864,3084934.858428639,0.0057458530501301
CAN,2034,S,35401.058065738944,3084934.858428639,0.011475463726249
CAN,2034,T,4411.9817538042535,3084934.858428639,0.0014301701514863
CAN,2034,HFCE,0.0,3084934.858428639,0.0
CAN,2035,A01_02,57299.14497173333,3202759.61479023,0.0178905543541663
CAN,2035,A03,4335.311297857531,3202759.61479023,0.001353617448477
CAN,2035,B05_06,62971.85773268871,3202759.61479023,0.0196617496492359
CAN,2035,B07_08,42190.63276681257,3202759.61479023,0.013173212429674
CAN,2035,B09,20454.802014631576,3202759.61479023,0.0063866179404074
CAN,2035,C10T12,56675.3144426888,3202759.61479023,0.0176957752873379
CAN,2035,C13T15,3707.3357154639575,3202759.61479023,0.00115754416858
CAN,2035,C16,18392.223468103333,3202759.61479023,0.0057426175174586
CAN,2035,C17_18,19629.52189281913,3202759.61479023,0.0061289401184437
CAN,2035,C19,13317.227400092786,3202759.61479023,0.004158047746885
CAN,2035,C20,21733.550972838795,3202759.61479023,0.0067858826720788
CAN,2035,C21,9516.627984273056,3202759.61479023,0.0029713837842608
CAN,2035,C22,15898.973878600069,3202759.61479023,0.0049641483566794
CAN,2035,C23,12827.903852227773,3202759.61479023,0.0040052658941336
CAN,2035,C24,16641.145680762318,3202759.61479023,0.0051958772066171
CAN,2035,C25,23871.56949032153,3202759.61479023,0.0074534377728767
CAN,2035,C26,10370.301721527074,3202759.61479023,0.0032379269657446
CAN,2035,C27,6029.809106983075,3202759.61479023,0.0018826917509318
CAN,2035,C28,23027.843881105415,3202759.61479023,0.0071900007027576
CAN,2035,C29,22279.66175158727,3202759.61479023,0.0069563952438705
CAN,2035,C30,17976.88912252004,3202759.61479023,0.0056129373679821
CAN,2035,C31T33,26870.308335751273,3202759.61479023,0.0083897362173749
CAN,2035,D,70340.93357677647,3202759.61479023,0.0219626016426411
CAN,2035,E,17986.21549255555,3202759.61479023,0.0056158493473865
CAN,2035,F,247927.039708326,3202759.61479023,0.0774104427205238
CAN,2035,G,341041.7253959065,3202759.61479023,0.1064837098048158
CAN,2035,H49,75590.02188545048,3202759.61479023,0.023601528362097
CAN,2035,H50,3169.307790746537,3202759.61479023,0.0009895553122722
CAN,2035,H51,4926.395905443763,3202759.61479023,0.0015381722320632
CAN,2035,H52,33129.54614560913,3202759.61479023,0.0103440626616553
CAN,2035,H53,16144.568289535997,3202759.61479023,0.0050408304809955
CAN,2035,I,53585.79892891284,3202759.61479023,0.0167311335766367
CAN,2035,J58T60,32740.740141460243,3202759.61479023,0.010222665475818
CAN,2035,J61,57580.594094139495,3202759.61479023,0.0179784314215261
CAN,2035,J62_63,74159.97847999957,3202759.61479023,0.0231550248534206
CAN,2035,K,245665.49860103938,3202759.61479023,0.0767043200702809
CAN,2035,L,438041.155082294,3202759.61479023,0.1367699133770251
CAN,2035,M,146720.17361990182,3202759.61479023,0.0458105481730047
CAN,2035,N,97836.93771557945,3202759.61479023,0.0305476993227253
CAN,2035,O,244549.23573411792,3202759.61479023,0.0763557884908996
CAN,2035,P,180664.01549594777,3202759.61479023,0.0564088589919917
CAN,2035,Q,255205.5461367352,3202759.61479023,0.0796830161583795
CAN,2035,R,18402.586101475947,3202759.61479023,0.0057458530501301
CAN,2035,S,36753.15178342051,3202759.61479023,0.011475463726249
CAN,2035,T,4580.491203458747,3202759.61479023,0.0014301701514863
CAN,2035,HFCE,0.0,3202759.61479023,0.0
CAN,2036,A01_02,59467.33729285916,3323951.6292020646,0.0178905543541663
CAN,2036,A03,4499.358923181466,3323951.6292020646,0.001353617448477
CAN,2036,B05_06,65354.70477954079,3323951.6292020646,0.0196617496492359
CAN,2036,B07_08,43787.12091743978,3323951.6292020646,0.013173212429674
CAN,2036,B09,21228.80910810831,3323951.6292020646,0.0063866179404074
CAN,2036,C10T12,58819.90109634044,3323951.6292020646,0.0176957752873379
CAN,2036,C13T15,3847.62082502484,3323951.6292020646,0.00115754416858
CAN,2036,C16,19088.182853040827,3323951.6292020646,0.0057426175174586
CAN,2036,C17_18,20372.300491982835,3323951.6292020646,0.0061289401184437
CAN,2036,C19,13821.14958255837,3323951.6292020646,0.004158047746885
CAN,2036,C20,22555.945763430387,3323951.6292020646,0.0067858826720788
CAN,2036,C21,9876.735970678283,3323951.6292020646,0.0029713837842608
CAN,2036,C22,16500.589017785245,3323951.6292020646,0.0049641483566794
CAN,2036,C23,13313.310094192842,3323951.6292020646,0.0040052658941336
CAN,2036,C24,17270.84450606878,3323951.6292020646,0.0051958772066171
CAN,2036,C25,24774.866628309715,3323951.6292020646,0.0074534377728767
CAN,2036,C26,10762.712613024061,3323951.6292020646,0.0032379269657446
CAN,2036,C27,6257.976312795044,3323951.6292020646,0.0018826917509318
CAN,2036,C28,23899.214549895114,3323951.6292020646,0.0071900007027576
CAN,2036,C29,23122.721304236842,3323951.6292020646,0.0069563952438705
CAN,2036,C30,18657.13230891325,3323951.6292020646,0.0056129373679821
CAN,2036,C31T33,27887.077368318864,3323951.6292020646,0.0083897362173749
CAN,2036,D,73002.62551157281,3323951.6292020646,0.0219626016426411
CAN,2036,E,18666.811587598706,3323951.6292020646,0.0056158493473865
CAN,2036,F,257308.5671981382,3323951.6292020646,0.0774104427205238
CAN,2036,G,353946.70068919734,3323951.6292020646,0.1064837098048158
CAN,2036,H49,78450.33865085106,3323951.6292020646,0.023601528362097
CAN,2036,H50,3289.2339924127373,3323951.6292020646,0.0009895553122722
CAN,2036,H51,5112.81009675985,3323951.6292020646,0.0015381722320632
CAN,2036,H52,34383.163936777375,3323951.6292020646,0.0103440626616553
CAN,2036,H53,16755.476689836418,3323951.6292020646,0.0050408304809955
CAN,2036,I,55613.47871045892,3323951.6292020646,0.0167311335766367
CAN,2036,J58T60,33979.64556313294,3323951.6292020646,0.010222665475818
CAN,2036,J61,59759.43641407927,3323951.6292020646,0.0179784314215261
CAN,2036,J62_63,76966.1825857417,3323951.6292020646,0.0231550248534206
CAN,2036,K,254961.44966444682,3323951.6292020646,0.0767043200702809
CAN,2036,L,454616.5763953878,3323951.6292020646,0.1367699133770251
CAN,2036,M,152272.04623429864,3323951.6292020646,0.0458105481730047
CAN,2036,N,101539.07493214756,3323951.6292020646,0.0305476993227253
CAN,2036,O,253802.947553334,3323951.6292020646,0.0763557884908996
CAN,2036,P,187500.31874786035,3323951.6292020646,0.0564088589919917
CAN,2036,Q,264862.49137938,3323951.6292020646,0.0796830161583795
CAN,2036,R,19098.9376071356,3323951.6292020646,0.0057458530501301
CAN,2036,S,38143.88634871456,3323951.6292020646,0.011475463726249
CAN,2036,T,4753.81640506905,3323951.6292020646,0.0014301701514863
CAN,2036,HFCE,0.0,3323951.6292020646,0.0
CAN,2037,A01_02,61695.77172715738,3448510.9016641425,0.0178905543541663
CAN,2037,A03,4667.964527755736,3448510.9016641425,0.001353617448477
CAN,2037,B05_06,67803.75801118113,3448510.9016641425,0.0196617496492359
CAN,2037,B07_08,45427.96667366837,3448510.9016641425,0.013173212429674
CAN,2037,B09,22024.32159225871,3448510.9016641425,0.0063866179404074
CAN,2037,C10T12,61024.073991783676,3448510.9016641425,0.0176957752873379
CAN,2037,C13T15,3991.803684505886,3448510.9016641425,0.00115754416858
CAN,2037,C16,19803.479113043453,3448510.9016641425,0.0057426175174586
CAN,2037,C17_18,21135.716814099822,3448510.9016641425,0.0061289401184437
CAN,2037,C19,14339.072984772947,3448510.9016641425,0.004158047746885
CAN,2037,C20,23401.19037207754,3448510.9016641425,0.0067858826720788
CAN,2037,C21,10246.849373051424,3448510.9016641425,0.0029713837842608
CAN,2037,C22,17118.91972548705,3448510.9016641425,0.0049641483566794
CAN,2037,C23,13812.203099983297,3448510.9016641425,0.0040052658941336
CAN,2037,C24,17918.0391907273,3448510.9016641425,0.0051958772066171
CAN,2037,C25,25703.26141464061,3448510.9016641425,0.0074534377728767
CAN,2037,C26,11166.026440162552,3448510.9016641425,0.0032379269657446
CAN,2037,C27,6492.483027561465,3448510.9016641425,0.0018826917509318
CAN,2037,C28,24794.795806432427,3448510.9016641425,0.0071900007027576
CAN,2037,C29,23989.204834772012,3448510.9016641425,0.0069563952438705
CAN,2037,C30,19356.27570384431,3448510.9016641425,0.0056129373679821
CAN,2037,C31T33,28932.096807703827,3448510.9016641425,0.0083897362173749
CAN,2037,D,75738.27119355462,3448510.9016641425,0.0219626016426411
CAN,2037,E,19366.317696565806,3448510.9016641425,0.0056158493473865
CAN,2037,F,266950.755624374,3448510.9016641425,0.0774104427205238
CAN,2037,G,367210.2341115482,3448510.9016641425,0.1064837098048158
CAN,2037,H49,81390.12785262695,3448510.9016641425,0.023601528362097
CAN,2037,H50,3412.4922821703467,3448510.9016641425,0.0009895553122722
CAN,2037,H51,5304.403710907012,3448510.9016641425,0.0015381722320632
CAN,2037,H52,35671.6128562153,3448510.9016641425,0.0103440626616553
CAN,2037,H53,17383.358867153886,3448510.9016641425,0.0050408304809955
CAN,2037,I,57697.49653623063,3448510.9016641425,0.0167311335766367
CAN,2037,J58T60,35252.97333742403,3448510.9016641425,0.010222665475818
CAN,2037,J61,61998.81675195391,3448510.9016641425,0.0179784314215261
CAN,2037,J62_63,79850.3556353251,3448510.9016641425,0.0231550248534206
CAN,2037,K,264515.68396709935,3448510.9016641425,0.0767043200702809
CAN,2037,L,471652.53730033146,3448510.9016641425,0.1367699133770251
CAN,2037,M,157978.17478581707,3448510.9016641425,0.0458105481730047
CAN,2037,N,105344.07413517653,3448510.9016641425,0.0305476993227253
CAN,2037,O,263313.76901602873,3448510.9016641425,0.0763557884908996
CAN,2037,P,194526.56518431878,3448510.9016641425,0.0564088589919917
CAN,2037,Q,274787.74989965174,3448510.9016641425,0.0796830161583795
CAN,2037,R,19814.636882733816,3448510.9016641425,0.0057458530501301
CAN,2037,S,39573.2617616211,3448510.9016641425,0.011475463726249
CAN,2037,T,4931.9573586351635,3448510.9016641425,0.0014301701514863
CAN,2037,HFCE,0.0,3448510.9016641425,0.0
CAN,2038,A01_02,63984.448274627975,3576437.432176464,0.0178905543541663
CAN,2038,A03,4841.128111580339,3576437.432176464,0.001353617448477
CAN,2038,B05_06,70319.01742760972,3576437.432176464,0.0196617496492359
CAN,2038,B07_08,47113.170035498355,3576437.432176464,0.013173212429674
CAN,2038,B09,22841.339467082777,3576437.432176464,0.0063866179404074
CAN,2038,C10T12,63287.83312901849,3576437.432176464,0.0176957752873379
CAN,2038,C13T15,4139.884293907095,3576437.432176464,0.00115754416858
CAN,2038,C16,20538.112248111214,3576437.432176464,0.0057426175174586
CAN,2038,C17_18,21919.7708591701,3576437.432176464,0.0061289401184437
CAN,2038,C19,14870.997606736519,3576437.432176464,0.004158047746885
CAN,2038,C20,24269.284798780263,3576437.432176464,0.0067858826720788
CAN,2038,C21,10626.96819139248,3576437.432176464,0.0029713837842608
CAN,2038,C22,17753.966001705485,3576437.432176464,0.0049641483566794
CAN,2038,C23,14324.582869599139,3576437.432176464,0.0040052658941336
CAN,2038,C24,18582.729734737877,3576437.432176464,0.0051958772066171
CAN,2038,C25,26656.753849314206,3576437.432176464,0.0074534377728767
CAN,2038,C26,11580.243202942547,3576437.432176464,0.0032379269657446
CAN,2038,C27,6733.329251282337,3576437.432176464,0.0018826917509318
CAN,2038,C28,25714.58765071736,3576437.432176464,0.0071900007027576
CAN,2038,C29,24879.112343192777,3576437.432176464,0.0069563952438705
CAN,2038,C30,20074.31930731322,3576437.432176464,0.0056129373679821
CAN,2038,C31T33,30005.366653906163,3576437.432176464,0.0083897362173749
CAN,2038,D,78547.87062272191,3576437.432176464,0.0219626016426411
CAN,2038,E,20084.733819456844,3576437.432176464,0.0056158493473865
CAN,2038,F,276853.6049870334,3576437.432176464,0.0774104427205238
CAN,2038,G,380832.32566295913,3576437.432176464,0.1064837098048158
CAN,2038,H49,84409.38949077817,3576437.432176464,0.023601528362097
CAN,2038,H50,3539.082660019366,3576437.432176464,0.0009895553122722
CAN,2038,H51,5501.176747885251,3576437.432176464,0.0015381722320632
CAN,2038,H52,36994.89290392292,3576437.432176464,0.0103440626616553
CAN,2038,H53,18028.214821488396,3576437.432176464,0.0050408304809955
CAN,2038,I,59837.85240622797,3576437.432176464,0.0167311335766367
CAN,2038,J58T60,36560.72346433352,3576437.432176464,0.010222665475818
CAN,2038,J61,64298.73510776345,3576437.432176464,0.0179784314215261
CAN,2038,J62_63,82812.49762874977,3576437.432176464,0.0231550248534206
CAN,2038,K,274328.201508997,3576437.432176464,0.0767043200702809
CAN,2038,L,489149.037797125,3576437.432176464,0.1367699133770251
CAN,2038,M,163838.55927445713,3576437.432176464,0.0458105481730047
CAN,2038,N,109251.93532466637,3576437.432176464,0.0305476993227253
CAN,2038,O,273081.70012220216,3576437.432176464,0.0763557884908996
CAN,2038,P,201742.75480532303,3576437.432176464,0.0564088589919917
CAN,2038,Q,284981.3216975505,3576437.432176464,0.0796830161583795
CAN,2038,R,20549.6839282706,3576437.432176464,0.0057458530501301
CAN,2038,S,41041.278022140126,3576437.432176464,0.011475463726249
CAN,2038,T,5114.914064157087,3576437.432176464,0.0014301701514863
CAN,2038,HFCE,0.0,3576437.432176464,0.0
CAN,2039,A01_02,66333.36693527097,3707731.220739029,0.0178905543541663
CAN,2039,A03,5018.849674655276,3707731.220739029,0.001353617448477
CAN,2039,B05_06,72900.4830288266,3707731.220739029,0.0196617496492359
CAN,2039,B07_08,48842.73100292973,3707731.220739029,0.013173212429674
CAN,2039,B09,23679.862732580514,3707731.220739029,0.0063866179404074
CAN,2039,C10T12,65611.17850804489,3707731.220739029,0.0176957752873379
CAN,2039,C13T15,4291.862653228467,3707731.220739029,0.00115754416858
CAN,2039,C16,21292.082258244103,3707731.220739029,0.0057426175174586
CAN,2039,C17_18,22724.46262719367,3707731.220739029,0.0061289401184437
CAN,2039,C19,15416.923448449088,3707731.220739029,0.004158047746885
CAN,2039,C20,25160.22904353855,3707731.220739029,0.0067858826720788
CAN,2039,C21,11017.092425701452,3707731.220739029,0.0029713837842608
CAN,2039,C22,18405.727846440557,3707731.220739029,0.0049641483566794
CAN,2039,C23,14850.44940304037,3707731.220739029,0.0040052658941336
CAN,2039,C24,19264.916138100514,3707731.220739029,0.0051958772066171
CAN,2039,C25,27635.343932330517,3707731.220739029,0.0074534377728767
CAN,2039,C26,12005.362901364046,3707731.220739029,0.0032379269657446
CAN,2039,C27,6980.5149839576625,3707731.220739029,0.0018826917509318
CAN,2039,C28,26658.59008274991,3707731.220739029,0.0071900007027576
CAN,2039,C29,25792.443829499145,3707731.220739029,0.0069563952438705
CAN,2039,C30,20811.26311931998,3707731.220739029,0.0056129373679821
CAN,2039,C31T33,31106.88690692588,3707731.220739029,0.0083897362173749
CAN,2039,D,81431.42379907468,3707731.220739029,0.0219626016426411
CAN,2039,E,20822.059956271827,3707731.220739029,0.0056158493473865
CAN,2039,F,287017.1152861164,3707731.220739029,0.0774104427205238
CAN,2039,G,394812.9753434302,3707731.220739029,0.1064837098048158
CAN,2039,H49,87508.12356530472,3707731.220739029,0.023601528362097
CAN,2039,H50,3669.0051259597954,3707731.220739029,0.0009895553122722
CAN,2039,H51,5703.129207694566,3707731.220739029,0.0015381722320632
CAN,2039,H52,38353.00407990021,3707731.220739029,0.0103440626616553
CAN,2039,H53,18690.04455283995,3707731.220739029,0.0050408304809955
CAN,2039,I,62034.54632045094,3707731.220739029,0.0167311335766367
CAN,2039,J58T60,37902.8959438614,3707731.220739029,0.010222665475818
CAN,2039,J61,66659.19148150788,3707731.220739029,0.0179784314215261
CAN,2039,J62_63,85852.60856601573,3707731.220739029,0.0231550248534206
CAN,2039,K,284399.0022901398,3707731.220739029,0.0767043200702809
CAN,2039,L,507106.0778857685,3707731.220739029,0.1367699133770251
CAN,2039,M,169853.1997002188,3707731.220739029,0.0458105481730047
CAN,2039,N,113262.65850061708,3707731.220739029,0.0305476993227253
CAN,2039,O,283106.7408718543,3707731.220739029,0.0763557884908996
CAN,2039,P,209148.88761087315,3707731.220739029,0.0564088589919917
CAN,2039,Q,295443.2067730762,3707731.220739029,0.0796830161583795
CAN,2039,R,21304.078743745948,3707731.220739029,0.0057458530501301
CAN,2039,S,42547.93513027165,3707731.220739029,0.011475463726249
CAN,2039,T,5302.686521634821,3707731.220739029,0.0014301701514863
CAN,2039,HFCE,0.0,3707731.220739029,0.0
CAN,2040,A01_02,68742.52770908631,3842392.267351836,0.0178905543541663
CAN,2040,A03,5201.129216980547,3842392.267351836,0.001353617448477
CAN,2040,B05_06,75548.1548148317,3842392.267351836,0.0196617496492359
CAN,2040,B07_08,50616.64957596247,3842392.267351836,0.013173212429674
CAN,2040,B09,24539.891388751905,3842392.267351836,0.0063866179404074
CAN,2040,C10T12,67994.11012886286,3842392.267351836,0.0176957752873379
CAN,2040,C13T15,4447.738762470001,3842392.267351836,0.00115754416858
CAN,2040,C16,22065.38914344212,3842392.267351836,0.0057426175174586
CAN,2040,C17_18,23549.79211817052,3842392.267351836,0.0061289401184437
CAN,2040,C19,15976.850509910648,3842392.267351836,0.004158047746885
CAN,2040,C20,26074.023106352393,3842392.267351836,0.0067858826720788
CAN,2040,C21,11417.222075978334,3842392.267351836,0.0029713837842608
CAN,2040,C22,19074.20525969225,3842392.267351836,0.0049641483566794
CAN,2040,C23,15389.80270030698,3842392.267351836,0.0040052658941336
CAN,2040,C24,19964.5984008152,3842392.267351836,0.0051958772066171
CAN,2040,C25,28639.031663689522,3842392.267351836,0.0074534377728767
CAN,2040,C26,12441.385535427044,3842392.267351836,0.0032379269657446
CAN,2040,C27,7234.040225587437,3842392.267351836,0.0018826917509318
CAN,2040,C28,27626.803102530066,3842392.267351836,0.0071900007027576
CAN,2040,C29,26729.199293691097,3842392.267351836,0.0069563952438705
CAN,2040,C30,21567.107139864587,3842392.267351836,0.0056129373679821
CAN,2040,C31T33,32236.657566762955,3842392.267351836,0.0083897362173749
CAN,2040,D,84388.93072261289,3842392.267351836,0.0219626016426411
CAN,2040,E,21578.29610701074,3842392.267351836,0.0056158493473865
CAN,2040,F,297441.28652162285,3842392.267351836,0.0774104427205238
CAN,2040,G,409152.1831529611,3842392.267351836,0.1064837098048158
CAN,2040,H49,90686.33007620655,3842392.267351836,0.023601528362097
CAN,2040,H50,3802.259679991633,3842392.267351836,0.0009895553122722
CAN,2040,H51,5910.261090334953,3842392.267351836,0.0015381722320632
CAN,2040,H52,39745.94638414717,3842392.267351836,0.0103440626616553
CAN,2040,H53,19368.848061208544,3842392.267351836,0.0050408304809955
CAN,2040,I,64287.57827889952,3842392.267351836,0.0167311335766367
CAN,2040,J58T60,39279.49077600766,3842392.267351836,0.010222665475818
CAN,2040,J61,69080.18587318716,3842392.267351836,0.0179784314215261
CAN,2040,J62_63,88970.6884471229,3842392.267351836,0.0231550248534206
CAN,2040,K,294728.0863105276,3842392.267351836,0.0767043200702809
CAN,2040,L,525523.6575662617,3842392.267351836,0.1367699133770251
CAN,2040,M,176022.09606310204,3842392.267351836,0.0458105481730047
CAN,2040,N,117376.24366302861,3842392.267351836,0.0305476993227253
CAN,2040,O,293388.89126498497,3842392.267351836,0.0763557884908996
CAN,2040,P,216744.963600969,3842392.267351836,0.0564088589919917
CAN,2040,Q,306173.4051262288,3842392.267351836,0.0796830161583795
CAN,2040,R,22077.82132915986,3842392.267351836,0.0057458530501301
CAN,2040,S,44093.23308601564,3842392.267351836,0.011475463726249
CAN,2040,T,5495.274731068363,3842392.267351836,0.0014301701514863
CAN,2040,HFCE,0.0,3842392.267351836,0.0
USA,2021,A01_02,217114.57710884485,22560260.737544548,0.0096237618720215
USA,2021,A03,4494.682688570322,22560260.737544548,0.000199230086073
USA,2021,B05_06,133370.9755915707,22560260.737544548,0.0059117656991267
USA,2021,B07_08,41038.571092201964,22560260.737544548,0.001819064574192
USA,2021,B09,36968.73738907086,22560260.737544548,0.0016386662290453
USA,2021,C10T12,313312.4308999206,22560260.737544548,0.0138878018541031
USA,2021,C13T15,26246.484972908453,22560260.737544548,0.0011633945758982
USA,2021,C16,49098.17037852071,22560260.737544548,0.0021763121867121
USA,2021,C17_18,108245.3334001433,22560260.737544548,0.0047980532964321
USA,2021,C19,63404.08109917952,22560260.737544548,0.0028104321061176
USA,2021,C20,222608.22603621683,22560260.737544548,0.0098672718647154
USA,2021,C21,217260.62934424626,22560260.737544548,0.0096302357438043
USA,2021,C22,88058.18638481572,22560260.737544548,0.0039032432917883
USA,2021,C23,78884.06548437935,22560260.737544548,0.0034965936964151
USA,2021,C24,76628.18501926956,22560260.737544548,0.0033966001506244
USA,2021,C25,163089.112219197,22560260.737544548,0.007229043764897
USA,2021,C26,353297.0305074888,22560260.737544548,0.0156601483740627
USA,2021,C27,68316.6262197875,22560260.737544548,0.0030281842490453
USA,2021,C28,177413.43195358134,22560260.737544548,0.0078639796772531
USA,2021,C29,150947.4804857139,22560260.737544548,0.00669085708901
USA,2021,C30,165007.0874745347,22560260.737544548,0.0073140594159859
USA,2021,C31T33,160649.9179005434,22560260.737544548,0.0071209246989416
USA,2021,D,329648.87801405805,22560260.737544548,0.0146119267790846
USA,2021,E,76322.66193002611,22560260.737544548,0.0033830576170164
USA,2021,F,989366.2708369817,22560260.737544548,0.0438543810440315
USA,2021,G,2310587.0635072417,22560260.737544548,0.1024184556369948
USA,2021,H49,325190.9024552654,22560260.737544548,0.0144143237632926
USA,2021,H50,12304.318619842423,22560260.737544548,0.0005453978906975
USA,2021,H51,54934.27132026057,22560260.737544548,0.0024350016145354
USA,2021,H52,173743.49525945823,22560260.737544548,0.0077013070584914
USA,2021,H53,124787.60659545464,22560260.737544548,0.0055313016124758
USA,2021,I,497156.59711811756,22560260.737544548,0.0220368285146082
USA,2021,J58T60,569322.037978654,22560260.737544548,0.0252356142777727
USA,2021,J61,364934.52141930524,22560260.737544548,0.0161759886405916
USA,2021,J62_63,738493.9984621203,22560260.737544548,0.0327342847254033
USA,2021,K,1935910.846896848,22560260.737544548,0.0858106592569263
USA,2021,L,2872038.3609367753,22560260.737544548,0.1273051936034214
USA,2021,M,1839288.9204040424,22560260.737544548,0.0815278219432596
USA,2021,N,885213.3942652683,22560260.737544548,0.0392377288792636
USA,2021,O,2024081.03993144,22560260.737544548,0.0897188673251008
USA,2021,P,1252776.745024139,22560260.737544548,0.055530242296326
USA,2021,Q,1781705.9690607414,22560260.737544548,0.0789754156562404
USA,2021,R,162094.24919429986,22560260.737544548,0.007184945736223
USA,2021,S,299984.08316716505,22560260.737544548,0.0132970131266229
USA,2021,T,24920.481496291708,22560260.737544548,0.0011046185053535
USA,2021,HFCE,0.0,22560260.737544548,0.0
USA,2022,A01_02,238437.11870226247,24775874.743477836,0.0096237618720215
USA,2022,A03,4936.099657676956,24775874.743477836,0.000199230086073
USA,2022,B05_06,146469.1664743518,24775874.743477836,0.0059117656991267
USA,2022,B07_08,45068.916040478834,24775874.743477836,0.001819064574192
USA,2022,B09,40599.389237193514,24775874.743477836,0.0016386662290453
USA,2022,C10T12,344082.4391994977,24775874.743477836,0.0138878018541031
USA,2022,C13T15,28824.118289695325,24775874.743477836,0.0011633945758982
USA,2022,C16,53920.03814068334,24775874.743477836,0.0021763121867121
USA,2022,C17_18,118875.96748493265,24775874.743477836,0.0047980532964321
USA,2022,C19,69630.91383621826,24775874.743477836,0.0028104321061176
USA,2022,C20,244470.29178003175,24775874.743477836,0.0098672718647154
USA,2022,C21,238597.51453865846,24775874.743477836,0.0096302357438043
USA,2022,C22,96706.26689066703,24775874.743477836,0.0039032432917883
USA,2022,C23,86631.16745121469,24775874.743477836,0.0034965936964151
USA,2022,C24,84153.73988554809,24775874.743477836,0.0033966001506244
USA,2022,C25,179105.8828342075,24775874.743477836,0.007229043764897
USA,2022,C26,387993.87458005553,24775874.743477836,0.0156601483740627
USA,2022,C27,75025.91365451885,24775874.743477836,0.0030281842490453
USA,2022,C28,194836.97546887805,24775874.743477836,0.0078639796772531
USA,2022,C29,165771.8371638225,24775874.743477836,0.00669085708901
USA,2022,C30,181212.2199568213,24775874.743477836,0.0073140594159859
USA,2022,C31T33,176427.13839871468,24775874.743477836,0.0071209246989416
USA,2022,D,362023.2676394696,24775874.743477836,0.0146119267790846
USA,2022,E,83818.21176916694,24775874.743477836,0.0033830576170164
USA,2022,F,1086530.6516996732,24775874.743477836,0.0438543810440315
USA,2022,G,2537506.8282826245,24775874.743477836,0.1024184556369948
USA,2022,H49,357127.4800712735,24775874.743477836,0.0144143237632926
USA,2022,H50,13512.709825278276,24775874.743477836,0.0005453978906975
USA,2022,H51,60329.29500189537,24775874.743477836,0.0024350016145354
USA,2022,H52,190806.61904224468,24775874.743477836,0.0077013070584914
USA,2022,H53,137042.8359190974,24775874.743477836,0.0055313016124758
USA,2022,I,545981.7030214336,24775874.743477836,0.0220368285146082
USA,2022,J58T60,625234.4184208174,24775874.743477836,0.0252356142777727
USA,2022,J61,400774.2684112178,24775874.743477836,0.0161759886405916
USA,2022,J62_63,811020.538173932,24775874.743477836,0.0327342847254033
USA,2022,K,2126034.1454048627,24775874.743477836,0.0858106592569263
USA,2022,L,3154097.5309125646,24775874.743477836,0.1273051936034214
USA,2022,M,2019923.1045747634,24775874.743477836,0.0815278219432596
USA,2022,N,972149.0559311779,24775874.743477836,0.0392377288792636
USA,2022,O,2222863.418973404,24775874.743477836,0.0897188673251008
USA,2022,P,1375810.327608748,24775874.743477836,0.055530242296326
USA,2022,Q,1956685.0061131106,24775874.743477836,0.0789754156562404
USA,2022,R,178013.31559934618,24775874.743477836,0.007184945736223
USA,2022,S,329445.1316875896,24775874.743477836,0.0132970131266229
USA,2022,T,27367.88972796602,24775874.743477836,0.0011046185053535
USA,2022,HFCE,0.0,24775874.743477836,0.0
USA,2023,A01_02,254149.62323113508,26408552.768746987,0.0096237618720215
USA,2023,A03,5261.378241180824,26408552.768746987,0.000199230086073
USA,2023,B05_06,156121.1764218559,26408552.768746987,0.0059117656991267
USA,2023,B07_08,48038.8627973077,26408552.768746987,0.001819064574192
USA,2023,B09,43274.80358010645,26408552.768746987,0.0016386662290453
USA,2023,C10T12,366756.748105984,26408552.768746987,0.0138878018541031
USA,2023,C13T15,30723.56704848164,26408552.768746987,0.0011633945758982
USA,2023,C16,57473.25522405364,26408552.768746987,0.0021763121867121
USA,2023,C17_18,126709.64366608755,26408552.768746987,0.0047980532964321
USA,2023,C19,74219.44457738736,26408552.768746987,0.0028104321061176
USA,2023,C20,260580.36972290912,26408552.768746987,0.0098672718647154
USA,2023,C21,254320.58881572925,26408552.768746987,0.0096302357438043
USA,2023,C22,103079.00644044901,26408552.768746987,0.0039032432917883
USA,2023,C23,92339.97914264626,26408552.768746987,0.0034965936964151
USA,2023,C24,89699.29431209844,26408552.768746987,0.0033966001506244
USA,2023,C25,190908.5837328638,26408552.768746987,0.007229043764897
USA,2023,C26,413561.85470284213,26408552.768746987,0.0156601483740627
USA,2023,C27,79969.96353440128,26408552.768746987,0.0030281842490453
USA,2023,C28,207676.32227909236,26408552.768746987,0.0078639796772531
USA,2023,C29,176695.85250326543,26408552.768746987,0.00669085708901
USA,2023,C30,193153.7240408144,26408552.768746987,0.0073140594159859
USA,2023,C31T33,188053.31567427298,26408552.768746987,0.0071209246989416
USA,2023,D,385879.83939852286,26408552.768746987,0.0146119267790846
USA,2023,E,89341.65559868903,26408552.768746987,0.0033830576170164
USA,2023,F,1158130.7359420434,26408552.768746987,0.0438543810440315
USA,2023,G,2704723.190183149,26408552.768746987,0.1024184556369948
USA,2023,H49,380661.4297287163,26408552.768746987,0.0144143237632926
USA,2023,H50,14403.16897644823,26408552.768746987,0.0005453978906975
USA,2023,H51,64304.86862944222,26408552.768746987,0.0024350016145354
USA,2023,H52,203380.37384249378,26408552.768746987,0.0077013070584914
USA,2023,H53,146073.67051292246,26408552.768746987,0.0055313016124758
USA,2023,I,581960.748683859,26408552.768746987,0.0220368285146082
USA,2023,J58T60,666436.0513063052,26408552.768746987,0.0252356142777727
USA,2023,J61,427184.4496017151,26408552.768746987,0.0161759886405916
USA,2023,J62_63,864465.0855180016,26408552.768746987,0.0327342847254033
USA,2023,K,2266135.323107505,26408552.768746987,0.0858106592569263
USA,2023,L,3361945.9230115055,26408552.768746987,0.1273051936034214
USA,2023,M,2153031.7879095795,26408552.768746987,0.0815278219432596
USA,2023,N,1036211.6336338203,26408552.768746987,0.0392377288792636
USA,2023,O,2369345.4421071345,26408552.768746987,0.0897188673251008
USA,2023,P,1466473.333943831,26408552.768746987,0.055530242296326
USA,2023,Q,2085626.4317915516,26408552.768746987,0.0789754156562404
USA,2023,R,189744.01861562877,26408552.768746987,0.007184945736223
USA,2023,S,351154.8728211422,26408552.768746987,0.0132970131266229
USA,2023,T,29171.376087962333,26408552.768746987,0.0011046185053535
USA,2023,HFCE,0.0,26408552.768746987,0.0
USA,2024,A01_02,267573.7387237102,27803445.50103727,0.0096237618720215
USA,2024,A03,5539.282840297619,27803445.50103727,0.000199230086073
USA,2024,B05_06,164367.4554305707,27803445.50103727,0.0059117656991267
USA,2024,B07_08,50576.26275141484,27803445.50103727,0.001819064574192
USA,2024,B09,45560.56719365126,27803445.50103727,0.0016386662290453
USA,2024,C10T12,386128.7419797599,27803445.50103727,0.0138878018541031
USA,2024,C13T15,32346.377687187975,27803445.50103727,0.0011633945758982
USA,2024,C16,60508.97727649312,27803445.50103727,0.0021763121867121
USA,2024,C17_18,133402.4133384221,27803445.50103727,0.0047980532964321
USA,2024,C19,78139.69589680608,27803445.50103727,0.0028104321061176
USA,2024,C20,274344.155534533,27803445.50103727,0.0098672718647154
USA,2024,C21,267753.73466500395,27803445.50103727,0.0096302357438043
USA,2024,C22,108523.6121405253,27803445.50103727,0.0039032432917883
USA,2024,C23,97217.35227754769,27803445.50103727,0.0034965936964151
USA,2024,C24,94437.18717670049,27803445.50103727,0.0033966001506244
USA,2024,C25,200992.32434192701,27803445.50103727,0.007229043764897
USA,2024,C26,435406.08185640967,27803445.50103727,0.0156601483740627
USA,2024,C27,84193.95573543047,27803445.50103727,0.0030281842490453
USA,2024,C28,218645.7303777712,27803445.50103727,0.0078639796772531
USA,2024,C29,186028.8804295184,27803445.50103727,0.00669085708901
USA,2024,C30,203356.05236371246,27803445.50103727,0.0073140594159859
USA,2024,C31T33,197986.241784013,27803445.50103727,0.0071209246989416
USA,2024,D,406261.90986742574,27803445.50103727,0.0146119267790846
USA,2024,E,94060.6580815845,27803445.50103727,0.0033830576170164
USA,2024,F,1219302.8933394516,27803445.50103727,0.0438543810440315
USA,2024,G,2847585.9496035883,27803445.50103727,0.1024184556369948
USA,2024,H49,400767.86518701224,27803445.50103727,0.0144143237632926
USA,2024,H50,15163.940530388623,27803445.50103727,0.0005453978906975
USA,2024,H51,67701.43468467276,27803445.50103727,0.0024350016145354
USA,2024,H52,214122.87108751928,27803445.50103727,0.0077013070584914
USA,2024,H53,153789.24293227048,27803445.50103727,0.0055313016124758
USA,2024,I,612699.7606216132,27803445.50103727,0.0220368285146082
USA,2024,J58T60,701637.0262572513,27803445.50103727,0.0252356142777727
USA,2024,J61,449748.2185940865,27803445.50103727,0.0161759886405916
USA,2024,J62_63,910125.9013781875,27803445.50103727,0.0327342847254033
USA,2024,K,2385831.9880580297,27803445.50103727,0.0858106592569263
USA,2024,L,3539523.0123517257,27803445.50103727,0.1273051936034214
USA,2024,M,2266754.3542176886,27803445.50103727,0.0815278219432596
USA,2024,N,1090944.0564790817,27803445.50103727,0.0392377288792636
USA,2024,O,2494493.638088234,27803445.50103727,0.0897188673251008
USA,2024,P,1543932.0653452945,27803445.50103727,0.055530242296326
USA,2024,Q,2195788.6651200457,27803445.50103727,0.0789754156562404
USA,2024,R,199766.24720498628,27803445.50103727,0.007184945736223
USA,2024,S,369702.779792637,27803445.50103727,0.0132970131266229
USA,2024,T,30712.200413033286,27803445.50103727,0.0011046185053535
USA,2024,HFCE,0.0,27803445.50103727,0.0
USA,2025,A01_02,281241.51699420623,29223657.10355327,0.0096237618720215
USA,2025,A03,5822.231720108755,29223657.10355327,0.000199230086073
USA,2025,B05_06,172763.41366782656,29223657.10355327,0.0059117656991267
USA,2025,B07_08,53159.71936540814,29223657.10355327,0.001819064574192
USA,2025,B09,47887.819984792535,29223657.10355327,0.0016386662290453
USA,2025,C10T12,405852.35930640035,29223657.10355327,0.0138878018541031
USA,2025,C13T15,33998.644162182776,29223657.10355327,0.0011633945758982
USA,2025,C16,63599.80109475861,29223657.10355327,0.0021763121867121
USA,2025,C17_18,140216.66429950512,29223657.10355327,0.0047980532964321
USA,2025,C19,82131.10418199777,29223657.10355327,0.0028104321061176
USA,2025,C20,288357.76952198154,29223657.10355327,0.0098672718647154
USA,2025,C21,281430.7072033191,29223657.10355327,0.0096302357438043
USA,2025,C22,114067.0435509658,29223657.10355327,0.0039032432917883
USA,2025,C23,102183.25521448073,29223657.10355327,0.0034965936964151
USA,2025,C24,99261.07811972486,29223657.10355327,0.0033966001506244
USA,2025,C25,211259.09617192968,29223657.10355327,0.007229043764897
USA,2025,C26,457646.8062743756,29223657.10355327,0.0156601483740627
USA,2025,C27,88494.6181404808,29223657.10355327,0.0030281842490453
USA,2025,C28,229814.24555735607,29223657.10355327,0.0078639796772531
USA,2025,C29,195531.31329810683,29223657.10355327,0.00669085708901
USA,2025,C30,213743.56440778702,29223657.10355327,0.0073140594159859
USA,2025,C31T33,208099.4616620926,29223657.10355327,0.0071209246989416
USA,2025,D,427013.9378141959,29223657.10355327,0.0146119267790846
USA,2025,E,98865.3157612513,29223657.10355327,0.0033830576170164
USA,2025,F,1281585.394119343,29223657.10355327,0.0438543810440315
USA,2025,G,2993041.828611018,29223657.10355327,0.1024184556369948
USA,2025,H49,421239.2550380625,29223657.10355327,0.0144143237632926
USA,2025,H50,15938.520942744966,29223657.10355327,0.0005453978906975
USA,2025,H51,71159.65222978112,29223657.10355327,0.0024350016145354
USA,2025,H52,225060.35672652713,29223657.10355327,0.0077013070584914
USA,2025,H53,161644.86165932406,29223657.10355327,0.0055313016124758
USA,2025,I,643996.7201607152,29223657.10355327,0.0220368285146082
USA,2025,J58T60,737476.9384511625,29223657.10355327,0.0252356142777727
USA,2025,J61,472721.5453436217,29223657.10355327,0.0161759886405916
USA,2025,J62_63,956615.5123452675,29223657.10355327,0.0327342847254033
USA,2025,K,2507701.2819542633,29223657.10355327,0.0858106592569263
USA,2025,L,3720323.3253678503,29223657.10355327,0.1273051936034214
USA,2025,M,2382541.112869364,29223657.10355327,0.0815278219432596
USA,2025,N,1146669.9342897888,29223657.10355327,0.0392377288792636
USA,2025,O,2621913.414427935,29223657.10355327,0.0897188673251008
USA,2025,P,1622796.7597450614,29223657.10355327,0.055530242296326
USA,2025,Q,2307950.4667485617,29223657.10355327,0.0789754156562404
USA,2025,R,209970.39050301805,29223657.10355327,0.007184945736223
USA,2025,S,388587.35211387434,29223657.10355327,0.0132970131266229
USA,2025,T,32280.992430690207,29223657.10355327,0.0011046185053535
USA,2025,HFCE,0.0,29223657.10355327,0.0
USA,2026,A01_02,295152.9580426231,30669187.57629498,0.0096237618720215
USA,2026,A03,6110.224880614232,30669187.57629498,0.000199230086073
USA,2026,B05_06,181309.0511336234,30669187.57629498,0.0059117656991267
USA,2026,B07_08,55789.232639287606,30669187.57629498,0.001819064574192
USA,2026,B09,50256.56195353026,30669187.57629498,0.0016386662290453
USA,2026,C10T12,425927.60008590523,30669187.57629498,0.0138878018541031
USA,2026,C13T15,35680.36647346605,30669187.57629498,0.0011633945758982
USA,2026,C16,66745.7266788501,30669187.57629498,0.0021763121867121
USA,2026,C17_18,147152.39654933655,30669187.57629498,0.0047980532964321
USA,2026,C19,86193.66943296243,30669187.57629498,0.0028104321061176
USA,2026,C20,302621.2116852546,30669187.57629498,0.0098672718647154
USA,2026,C21,295351.5064306747,30669187.57629498,0.0096302357438043
USA,2026,C22,119709.30067177046,30669187.57629498,0.0039032432917883
USA,2026,C23,107237.68795344533,30669187.57629498,0.0034965936964151
USA,2026,C24,104170.96714117151,30669187.57629498,0.0033966001506244
USA,2026,C25,221708.89922287175,30669187.57629498,0.007229043764897
USA,2026,C26,480284.02795673977,30669187.57629498,0.0156601483740627
USA,2026,C27,92871.95074955227,30669187.57629498,0.0030281842490453
USA,2026,C28,241181.86781784697,30669187.57629498,0.0078639796772531
USA,2026,C29,205203.15110903067,30669187.57629498,0.00669085708901
USA,2026,C30,224316.26017303808,30669187.57629498,0.0073140594159859
USA,2026,C31T33,218392.97530851178,30669187.57629498,0.0071209246989416
USA,2026,D,448135.9232388333,30669187.57629498,0.0146119267790846
USA,2026,E,103755.62863768947,30669187.57629498,0.0033830576170164
USA,2026,F,1344978.238281717,30669187.57629498,0.0438543810440315
USA,2026,G,3141090.8272054396,30669187.57629498,0.1024184556369948
USA,2026,H49,442075.5992818669,30669187.57629498,0.0144143237632926
USA,2026,H50,16726.910213517254,30669187.57629498,0.0005453978906975
USA,2026,H51,74679.5212647673,30669187.57629498,0.0024350016145354
USA,2026,H52,236192.8307595173,30669187.57629498,0.0077013070584914
USA,2026,H53,169640.5266940832,30669187.57629498,0.0055313016124758
USA,2026,I,675851.6273011648,30669187.57629498,0.0220368285146082
USA,2026,J58T60,773955.7878880388,30669187.57629498,0.0252356142777727
USA,2026,J61,496104.4298503206,30669187.57629498,0.0161759886405916
USA,2026,J62_63,1003933.9184192416,30669187.57629498,0.0327342847254033
USA,2026,K,2631743.2047962057,30669187.57629498,0.0858106592569263
USA,2026,L,3904346.862059879,30669187.57629498,0.1273051936034214
USA,2026,M,2500392.0638646064,30669187.57629498,0.0815278219432596
USA,2026,N,1203389.267065942,30669187.57629498,0.0392377288792636
USA,2026,O,2751604.771126239,30669187.57629498,0.0897188673251008
USA,2026,P,1703067.4171431314,30669187.57629498,0.055530242296326
USA,2026,Q,2422111.8366771005,30669187.57629498,0.0789754156562404
USA,2026,R,220356.44850972402,30669187.57629498,0.007184945736223
USA,2026,S,407808.5897848543,30669187.57629498,0.0132970131266229
USA,2026,T,33877.752140933095,30669187.57629498,0.0011046185053535
USA,2026,HFCE,0.0,30669187.57629498,0.0
USA,2027,A01_02,309308.06186896085,32140036.9192624,0.0096237618720215
USA,2027,A03,6403.262321814046,32140036.9192624,0.000199230086073
USA,2027,B05_06,190004.36782796125,32140036.9192624,0.0059117656991267
USA,2027,B07_08,58464.80257305322,32140036.9192624,0.001819064574192
USA,2027,B09,52666.793099864444,32140036.9192624,0.0016386662290453
USA,2027,C10T12,446354.4643182745,32140036.9192624,0.0138878018541031
USA,2027,C13T15,37391.54462103778,32140036.9192624,0.0011633945758982
USA,2027,C16,69946.75402876758,32140036.9192624,0.0021763121867121
USA,2027,C17_18,154209.61008791637,32140036.9192624,0.0047980532964321
USA,2027,C19,90327.39164970005,32140036.9192624,0.0028104321061176
USA,2027,C20,317134.4820243521,32140036.9192624,0.0098672718647154
USA,2027,C21,309516.1323470706,32140036.9192624,0.0096302357438043
USA,2027,C22,125450.38350293926,32140036.9192624,0.0039032432917883
USA,2027,C23,112380.6504944415,32140036.9192624,0.0034965936964151
USA,2027,C24,109166.85424104046,32140036.9192624,0.0033966001506244
USA,2027,C25,232341.73349475325,32140036.9192624,0.007229043764897
USA,2027,C26,503317.74690350227,32140036.9192624,0.0156601483740627
USA,2027,C27,97325.95356264483,32140036.9192624,0.0030281842490453
USA,2027,C28,252748.59715924383,32140036.9192624,0.0078639796772531
USA,2027,C29,215044.39386228996,32140036.9192624,0.00669085708901
USA,2027,C30,235074.1396594656,32140036.9192624,0.0073140594159859
USA,2027,C31T33,228866.78272327053,32140036.9192624,0.0071209246989416
USA,2027,D,469627.86614133796,32140036.9192624,0.0146119267790846
USA,2027,E,108731.59671089897,32140036.9192624,0.0033830576170164
USA,2027,F,1409481.4258265735,32140036.9192624,0.0438543810440315
USA,2027,G,3291732.945386851,32140036.9192624,0.1024184556369948
USA,2027,H49,463276.89791842556,32140036.9192624,0.0144143237632926
USA,2027,H50,17529.10834270549,32140036.9192624,0.0005453978906975
USA,2027,H51,78261.04178963132,32140036.9192624,0.0024350016145354
USA,2027,H52,247520.29318648973,32140036.9192624,0.0077013070584914
USA,2027,H53,177776.23803654787,32140036.9192624,0.0055313016124758
USA,2027,I,708264.482042962,32140036.9192624,0.0220368285146082
USA,2027,J58T60,811073.57456788,32140036.9192624,0.0252356142777727
USA,2027,J61,519896.8721141832,32140036.9192624,0.0161759886405916
USA,2027,J62_63,1052081.1196001095,32140036.9192624,0.0327342847254033
USA,2027,K,2757957.7565838574,32140036.9192624,0.0858106592569263
USA,2027,L,4091593.622427812,32140036.9192624,0.1273051936034214
USA,2027,M,2620307.2072034148,32140036.9192624,0.0815278219432596
USA,2027,N,1261102.0548075407,32140036.9192624,0.0392377288792636
USA,2027,O,2883567.7081831447,32140036.9192624,0.0897188673251008
USA,2027,P,1784744.0375395042,32140036.9192624,0.055530242296326
USA,2027,Q,2538272.7749056607,32140036.9192624,0.0789754156562404
USA,2027,R,230924.4212251042,32140036.9192624,0.007184945736223
USA,2027,S,427366.49280557677,32140036.9192624,0.0132970131266229
USA,2027,T,35502.47954376195,32140036.9192624,0.0011046185053535
USA,2027,HFCE,0.0,32140036.9192624,0.0
USA,2028,A01_02,323706.8284732195,33636205.132455535,0.0096237618720215
USA,2028,A03,6701.344043708201,33636205.132455535,0.000199230086073
USA,2028,B05_06,198849.3637508401,33636205.132455535,0.0059117656991267
USA,2028,B07_08,61186.42916670499,33636205.132455535,0.001819064574192
USA,2028,B09,55118.51342379508,33636205.132455535,0.0016386662290453
USA,2028,C10T12,467132.9520035082,33636205.132455535,0.0138878018541031
USA,2028,C13T15,39132.17860489797,33636205.132455535,0.0011633945758982
USA,2028,C16,73202.88314451107,33636205.132455535,0.0021763121867121
USA,2028,C17_18,161388.3049152446,33636205.132455535,0.0047980532964321
USA,2028,C19,94532.27083221063,33636205.132455535,0.0028104321061176
USA,2028,C20,331897.58053927426,33636205.132455535,0.0098672718647154
USA,2028,C21,323924.58495250694,33636205.132455535,0.0096302357438043
USA,2028,C22,131290.29204447224,33636205.132455535,0.0039032432917883
USA,2028,C23,117612.14283746926,33636205.132455535,0.0034965936964151
USA,2028,C24,114248.73941933169,33636205.132455535,0.0033966001506244
USA,2028,C25,243157.59898757417,33636205.132455535,0.007229043764897
USA,2028,C26,526747.963114663,33636205.132455535,0.0156601483740627
USA,2028,C27,101856.62657975854,33636205.132455535,0.0030281842490453
USA,2028,C28,264514.4335815467,33636205.132455535,0.0078639796772531
USA,2028,C29,225055.04155788466,33636205.132455535,0.00669085708901
USA,2028,C30,246017.20286706966,33636205.132455535,0.0073140594159859
USA,2028,C31T33,239520.88390636884,33636205.132455535,0.0071209246989416
USA,2028,D,491489.7665217099,33636205.132455535,0.0146119267790846
USA,2028,E,113793.21998087982,33636205.132455535,0.0033830576170164
USA,2028,F,1475094.956753913,33636205.132455535,0.0438543810440315
USA,2028,G,3444968.183155254,33636205.132455535,0.1024184556369948
USA,2028,H49,484843.1509477384,33636205.132455535,0.0144143237632926
USA,2028,H50,18345.115330309673,33636205.132455535,0.0005453978906975
USA,2028,H51,81904.21380437314,33636205.132455535,0.0024350016145354
USA,2028,H52,259042.74400744447,33636205.132455535,0.0077013070584914
USA,2028,H53,186051.9956867181,33636205.132455535,0.0055313016124758
USA,2028,I,741235.2843861069,33636205.132455535,0.0220368285146082
USA,2028,J58T60,848830.2984906863,33636205.132455535,0.0252356142777727
USA,2028,J61,544098.8721352096,33636205.132455535,0.0161759886405916
USA,2028,J62_63,1101057.1158878715,33636205.132455535,0.0327342847254033
USA,2028,K,2886344.9373172172,33636205.132455535,0.0858106592569263
USA,2028,L,4282063.606471648,33636205.132455535,0.1273051936034214
USA,2028,M,2742286.5428857896,33636205.132455535,0.0815278219432596
USA,2028,N,1319808.297514585,33636205.132455535,0.0392377288792636
USA,2028,O,3017802.225598653,33636205.132455535,0.0897188673251008
USA,2028,P,1867826.62093418,33636205.132455535,0.055530242296326
USA,2028,Q,2656433.2814342426,33636205.132455535,0.0789754156562404
USA,2028,R,241674.3086491586,33636205.132455535,0.007184945736223
USA,2028,S,447261.0611760418,33636205.132455535,0.0132970131266229
USA,2028,T,37155.17463917676,33636205.132455535,0.0011046185053535
USA,2028,HFCE,0.0,33636205.132455535,0.0
USA,2029,A01_02,338349.25785539893,35157692.21587438,0.0096237618720215
USA,2029,A03,7004.470046296695,35157692.21587438,0.000199230086073
USA,2029,B05_06,207844.03890225996,35157692.21587438,0.0059117656991267
USA,2029,B07_08,63954.11242024292,35157692.21587438,0.001819064574192
USA,2029,B09,57611.722925322174,35157692.21587438,0.0016386662290453
USA,2029,C10T12,488263.0631416064,35157692.21587438,0.0138878018541031
USA,2029,C13T15,40902.268425046626,35157692.21587438,0.0011633945758982
USA,2029,C16,76514.11402608056,35157692.21587438,0.0021763121867121
USA,2029,C17_18,168688.48103132128,35157692.21587438,0.0047980532964321
USA,2029,C19,98808.30698049418,35157692.21587438,0.0028104321061176
USA,2029,C20,346910.50723002094,35157692.21587438,0.0098672718647154
USA,2029,C21,338576.86424698366,35157692.21587438,0.0096302357438043
USA,2029,C22,137229.0262963694,35157692.21587438,0.0039032432917883
USA,2029,C23,122932.1649825286,35157692.21587438,0.0034965936964151
USA,2029,C24,119416.62267604523,35157692.21587438,0.0033966001506244
USA,2029,C25,254156.4957013345,35157692.21587438,0.007229043764897
USA,2029,C26,550574.676590222,35157692.21587438,0.0156601483740627
USA,2029,C27,106463.96980089336,35157692.21587438,0.0030281842490453
USA,2029,C28,276479.37708475563,35157692.21587438,0.0078639796772531
USA,2029,C29,235235.09419581477,35157692.21587438,0.00669085708901
USA,2029,C30,257145.4497958502,35157692.21587438,0.0073140594159859
USA,2029,C31T33,250355.2788578067,35157692.21587438,0.0071209246989416
USA,2029,D,513721.62437994906,35157692.21587438,0.0146119267790846
USA,2029,E,118940.49844763201,35157692.21587438,0.0033830576170164
USA,2029,F,1541818.8310637353,35157692.21587438,0.0438543810440315
USA,2029,G,3600796.5405106475,35157692.21587438,0.1024184556369948
USA,2029,H49,506774.3583698054,35157692.21587438,0.0144143237632926
USA,2029,H50,19174.931176329803,35157692.21587438,0.0005453978906975
USA,2029,H51,85609.03730899279,35157692.21587438,0.0024350016145354
USA,2029,H52,270760.1832223815,35157692.21587438,0.0077013070584914
USA,2029,H53,194467.79964459385,35157692.21587438,0.0055313016124758
USA,2029,I,774764.0343305994,35157692.21587438,0.0220368285146082
USA,2029,J58T60,887225.9596564576,35157692.21587438,0.0252356142777727
USA,2029,J61,568710.4299133997,35157692.21587438,0.0161759886405916
USA,2029,J62_63,1150861.9072825273,35157692.21587438,0.0327342847254033
USA,2029,K,3016904.746996287,35157692.21587438,0.0858106592569263
USA,2029,L,4475756.81419139,35157692.21587438,0.1273051936034214
USA,2029,M,2866330.0709117306,35157692.21587438,0.0815278219432596
USA,2029,N,1379507.9951870753,35157692.21587438,0.0392377288792636
USA,2029,O,3154308.3233727627,35157692.21587438,0.0897188673251008
USA,2029,P,1952315.1673271589,35157692.21587438,0.055530242296326
USA,2029,Q,2776593.356262847,35157692.21587438,0.0789754156562404
USA,2029,R,252606.1107818872,35157692.21587438,0.007184945736223
USA,2029,S,467492.29489624937,35157692.21587438,0.0132970131266229
USA,2029,T,38835.83742717755,35157692.21587438,0.0011046185053535
USA,2029,HFCE,0.0,35157692.21587438,0.0
USA,2030,A01_02,353235.35001549934,36704498.16951894,0.0096237618720215
USA,2030,A03,7312.640329579529,36704498.16951894,0.000199230086073
USA,2030,B05_06,216988.39328222084,36704498.16951894,0.0059117656991267
USA,2030,B07_08,66767.85233366702,36704498.16951894,0.001819064574192
USA,2030,B09,60146.42160444572,36704498.16951894,0.0016386662290453
USA,2030,C10T12,509744.797732569,36704498.16951894,0.0138878018541031
USA,2030,C13T15,42701.814081483746,36704498.16951894,0.0011633945758982
USA,2030,C16,79880.44667347604,36704498.16951894,0.0021763121867121
USA,2030,C17_18,176110.13843614634,36704498.16951894,0.0047980532964321
USA,2030,C19,103155.5000945507,36704498.16951894,0.0028104321061176
USA,2030,C20,362173.26209659217,36704498.16951894,0.0098672718647154
USA,2030,C21,353472.9702305008,36704498.16951894,0.0096302357438043
USA,2030,C22,143266.58625863073,36704498.16951894,0.0039032432917883
USA,2030,C23,128340.7169296195,36704498.16951894,0.0034965936964151
USA,2030,C24,124670.50401118105,36704498.16951894,0.0033966001506244
USA,2030,C25,265338.42363603425,36704498.16951894,0.007229043764897
USA,2030,C26,574797.8873301793,36704498.16951894,0.0156601483740627
USA,2030,C27,111147.98322604931,36704498.16951894,0.0030281842490453
USA,2030,C28,288643.42766887054,36704498.16951894,0.0078639796772531
USA,2030,C29,245584.55177608036,36704498.16951894,0.00669085708901
USA,2030,C30,268458.88044580724,36704498.16951894,0.0073140594159859
USA,2030,C31T33,261369.96757758415,36704498.16951894,0.0071209246989416
USA,2030,D,536323.4397160555,36704498.16951894,0.0146119267790846
USA,2030,E,124173.43211115556,36704498.16951894,0.0033830576170164
USA,2030,F,1609653.0487560402,36704498.16951894,0.0438543810440315
USA,2030,G,3759218.017453032,36704498.16951894,0.1024184556369948
USA,2030,H49,529070.5201846266,36704498.16951894,0.0144143237632926
USA,2030,H50,20018.555880765878,36704498.16951894,0.0005453978906975
USA,2030,H51,89375.51230349025,36704498.16951894,0.0024350016145354
USA,2030,H52,282672.6108313009,36704498.16951894,0.0077013070584914
USA,2030,H53,203023.64991017515,36704498.16951894,0.0055313016124758
USA,2030,I,808850.7318764395,36704498.16951894,0.0220368285146082
USA,2030,J58T60,926260.5580651942,36704498.16951894,0.0252356142777727
USA,2030,J61,593731.5454487535,36704498.16951894,0.0161759886405916
USA,2030,J62_63,1201495.4937840772,36704498.16951894,0.0327342847254033
USA,2030,K,3149637.1856210646,36704498.16951894,0.0858106592569263
USA,2030,L,4672673.245587035,36704498.16951894,0.1273051936034214
USA,2030,M,2992437.7912812377,36704498.16951894,0.0815278219432596
USA,2030,N,1440201.1478250113,36704498.16951894,0.0392377288792636
USA,2030,O,3293086.001505475,36704498.16951894,0.0897188673251008
USA,2030,P,2038209.6767184408,36704498.16951894,0.055530242296326
USA,2030,Q,2898752.9993914734,36704498.16951894,0.0789754156562404
USA,2030,R,263719.82762329,36704498.16951894,0.007184945736223
USA,2030,S,488060.1939661995,36704498.16951894,0.0132970131266229
USA,2030,T,40544.467907764294,36704498.16951894,0.0011046185053535
USA,2030,HFCE,0.0,36704498.16951894,0.0
USA,2031,A01_02,368365.1049535205,38276622.99338921,0.0096237618720215
USA,2031,A03,7625.854893556703,38276622.99338921,0.000199230086073
USA,2031,B05_06,226282.4268907227,38276622.99338921,0.0059117656991267
USA,2031,B07_08,69627.64890697727,38276622.99338921,0.001819064574192
USA,2031,B09,62722.609461165724,38276622.99338921,0.0016386662290453
USA,2031,C10T12,531578.155776396,38276622.99338921,0.0138878018541031
USA,2031,C13T15,44530.81557420934,38276622.99338921,0.0011633945758982
USA,2031,C16,83301.88108669751,38276622.99338921,0.0021763121867121
USA,2031,C17_18,183653.27712971982,38276622.99338921,0.0047980532964321
USA,2031,C19,107573.85017438019,38276622.99338921,0.0028104321061176
USA,2031,C20,377685.84513898793,38276622.99338921,0.0098672718647154
USA,2031,C21,368612.90290305833,38276622.99338921,0.0096302357438043
USA,2031,C22,149402.97193125624,38276622.99338921,0.0039032432917883
USA,2031,C23,133837.798678742,38276622.99338921,0.0034965936964151
USA,2031,C24,130010.38342473918,38276622.99338921,0.0033966001506244
USA,2031,C25,276703.3827916734,38276622.99338921,0.007229043764897
USA,2031,C26,599417.595334535,38276622.99338921,0.0156601483740627
USA,2031,C27,115908.66685522637,38276622.99338921,0.0030281842490453
USA,2031,C28,301006.58533389145,38276622.99338921,0.0078639796772531
USA,2031,C29,256103.41429868137,38276622.99338921,0.00669085708901
USA,2031,C30,279957.49481694074,38276622.99338921,0.0073140594159859
USA,2031,C31T33,272564.9500657012,38276622.99338921,0.0071209246989416
USA,2031,D,559295.2125300291,38276622.99338921,0.0146119267790846
USA,2031,E,129492.02097145045,38276622.99338921,0.0033830576170164
USA,2031,F,1678597.6098308282,38276622.99338921,0.0438543810440315
USA,2031,G,3920232.613982408,38276622.99338921,0.1024184556369948
USA,2031,H49,551731.6363922021,38276622.99338921,0.0144143237632926
USA,2031,H50,20875.989443617906,38276622.99338921,0.0005453978906975
USA,2031,H51,93203.63878786555,38276622.99338921,0.0024350016145354
USA,2031,H52,294780.0268342026,38276622.99338921,0.0077013070584914
USA,2031,H53,211719.54648346204,38276622.99338921,0.0055313016124758
USA,2031,I,843495.3770236273,38276622.99338921,0.0220368285146082
USA,2031,J58T60,965934.0937168957,38276622.99338921,0.0252356142777727
USA,2031,J61,619162.2187412711,38276622.99338921,0.0161759886405916
USA,2031,J62_63,1252957.8753925213,38276622.99338921,0.0327342847254033
USA,2031,K,3284542.253191552,38276622.99338921,0.0858106592569263
USA,2031,L,4872812.900658585,38276622.99338921,0.1273051936034214
USA,2031,M,3120609.703994312,38276622.99338921,0.0815278219432596
USA,2031,N,1501887.755428393,38276622.99338921,0.0392377288792636
USA,2031,O,3434135.2599967895,38276622.99338921,0.0897188673251008
USA,2031,P,2125510.1491080257,38276622.99338921,0.055530242296326
USA,2031,Q,3022912.2108201217,38276622.99338921,0.0789754156562404
USA,2031,R,275015.45917336707,38276622.99338921,0.007184945736223
USA,2031,S,508964.75838589226,38276622.99338921,0.0132970131266229
USA,2031,T,42281.066080937,38276622.99338921,0.0011046185053535
USA,2031,HFCE,0.0,38276622.99338921,0.0
USA,2032,A01_02,383738.5226694626,39874066.68748519,0.0096237618720215
USA,2032,A03,7944.113738228216,39874066.68748519,0.000199230086073
USA,2032,B05_06,235726.13972776555,39874066.68748519,0.0059117656991267
USA,2032,B07_08,72533.50214017366,39874066.68748519,0.001819064574192
USA,2032,B09,65340.28649548217,39874066.68748519,0.0016386662290453
USA,2032,C10T12,553763.1372730875,39874066.68748519,0.0138878018541031
USA,2032,C13T15,46389.27290322338,39874066.68748519,0.0011633945758982
USA,2032,C16,86778.41726574498,39874066.68748519,0.0021763121867121
USA,2032,C17_18,191317.8971120417,39874066.68748519,0.0047980532964321
USA,2032,C19,112063.35721998263,39874066.68748519,0.0028104321061176
USA,2032,C20,393448.2563572082,39874066.68748519,0.0098672718647154
USA,2032,C21,383996.6622646562,39874066.68748519,0.0096302357438043
USA,2032,C22,155638.1833142459,39874066.68748519,0.0039032432917883
USA,2032,C23,139423.41022989605,39874066.68748519,0.0034965936964151
USA,2032,C24,135436.26091671956,39874066.68748519,0.0033966001506244
USA,2032,C25,288251.373168252,39874066.68748519,0.007229043764897
USA,2032,C26,624433.8006032888,39874066.68748519,0.0156601483740627
USA,2032,C27,120746.02068842456,39874066.68748519,0.0030281842490453
USA,2032,C28,313568.85007981834,39874066.68748519,0.0078639796772531
USA,2032,C29,266791.68176361773,39874066.68748519,0.00669085708901
USA,2032,C30,291641.2929092507,39874066.68748519,0.0073140594159859
USA,2032,C31T33,283940.2263221577,39874066.68748519,0.0071209246989416
USA,2032,D,582636.94282187,39874066.68748519,0.0146119267790846
USA,2032,E,134896.26502851665,39874066.68748519,0.0033830576170164
USA,2032,F,1748652.5142880983,39874066.68748519,0.0438543810440315
USA,2032,G,4083840.330098774,39874066.68748519,0.1024184556369948
USA,2032,H49,574757.7069925317,39874066.68748519,0.0144143237632926
USA,2032,H50,21747.231864885875,39874066.68748519,0.0005453978906975
USA,2032,H51,97093.41676211864,39874066.68748519,0.0024350016145354
USA,2032,H52,307082.4312310865,39874066.68748519,0.0077013070584914
USA,2032,H53,220555.4893644544,39874066.68748519,0.0055313016124758
USA,2032,I,878697.9697721626,39874066.68748519,0.0220368285146082
USA,2032,J58T60,1006246.566611562,39874066.68748519,0.0252356142777727
USA,2032,J61,645002.4497909523,39874066.68748519,0.0161759886405916
USA,2032,J62_63,1305249.052107859,39874066.68748519,0.0327342847254033
USA,2032,K,3421619.9497077474,39874066.68748519,0.0858106592569263
USA,2032,L,5076175.779406038,39874066.68748519,0.1273051936034214
USA,2032,M,3250845.8090509516,39874066.68748519,0.0815278219432596
USA,2032,N,1564567.8179972202,39874066.68748519,0.0392377288792636
USA,2032,O,3577456.098846705,39874066.68748519,0.0897188673251008
USA,2032,P,2214216.5844959137,39874066.68748519,0.055530242296326
USA,2032,Q,3149070.990548792,39874066.68748519,0.0789754156562404
USA,2032,R,286493.00543211825,39874066.68748519,0.007184945736223
USA,2032,S,530205.9881553274,39874066.68748519,0.0132970131266229
USA,2032,T,44045.63194669568,39874066.68748519,0.0011046185053535
USA,2032,HFCE,0.0,39874066.68748519,0.0
USA,2033,A01_02,399355.6031633256,41496829.251806885,0.0096237618720215
USA,2033,A03,8267.41686359407,41496829.251806885,0.000199230086073
USA,2033,B05_06,245319.53179334945,41496829.251806885,0.0059117656991267
USA,2033,B07_08,75485.41203325622,41496829.251806885,0.001819064574192
USA,2033,B09,67999.45270739509,41496829.251806885,0.0016386662290453
USA,2033,C10T12,576299.7422226435,41496829.251806885,0.0138878018541031
USA,2033,C13T15,48277.186068525894,41496829.251806885,0.0011633945758982
USA,2033,C16,90310.05521061848,41496829.251806885,0.0021763121867121
USA,2033,C17_18,199103.99838311202,41496829.251806885,0.0047980532964321
USA,2033,C19,116624.02123135804,41496829.251806885,0.0028104321061176
USA,2033,C20,409460.4957512531,41496829.251806885,0.0098672718647154
USA,2033,C21,399624.2483152945,41496829.251806885,0.0096302357438043
USA,2033,C22,161972.22040759973,41496829.251806885,0.0039032432917883
USA,2033,C23,145097.5515830817,41496829.251806885,0.0034965936964151
USA,2033,C24,140948.13648712228,41496829.251806885,0.0033966001506244
USA,2033,C25,299982.39476577,41496829.251806885,0.007229043764897
USA,2033,C26,649846.5031364411,41496829.251806885,0.0156601483740627
USA,2033,C27,125660.04472564388,41496829.251806885,0.0030281842490453
USA,2033,C28,326330.2219066513,41496829.251806885,0.0078639796772531
USA,2033,C29,277649.3541708896,41496829.251806885,0.00669085708901
USA,2033,C30,303510.27472273726,41496829.251806885,0.0073140594159859
USA,2033,C31T33,295495.7963469539,41496829.251806885,0.0071209246989416
USA,2033,D,606348.6305915782,41496829.251806885,0.0146119267790846
USA,2033,E,140386.16428235424,41496829.251806885,0.0033830576170164
USA,2033,F,1819817.7621278516,41496829.251806885,0.0438543810440315
USA,2033,G,4250041.165802131,41496829.251806885,0.1024184556369948
USA,2033,H49,598148.7319856154,41496829.251806885,0.0144143237632926
USA,2033,H50,22632.283144569792,41496829.251806885,0.0005453978906975
USA,2033,H51,101044.84622624957,41496829.251806885,0.0024350016145354
USA,2033,H52,319579.82402195275,41496829.251806885,0.0077013070584914
USA,2033,H53,229531.47855315235,41496829.251806885,0.0055313016124758
USA,2033,I,914458.5101220456,41496829.251806885,0.0220368285146082
USA,2033,J58T60,1047197.9767491937,41496829.251806885,0.0252356142777727
USA,2033,J61,671252.2385977973,41496829.251806885,0.0161759886405916
USA,2033,J62_63,1358369.023930091,41496829.251806885,0.0327342847254033
USA,2033,K,3560870.2751696524,41496829.251806885,0.0858106592569263
USA,2033,L,5282761.881829396,41496829.251806885,0.1273051936034214
USA,2033,M,3383146.106451158,41496829.251806885,0.0815278219432596
USA,2033,N,1628241.3355314934,41496829.251806885,0.0392377288792636
USA,2033,O,3723048.518055224,41496829.251806885,0.0897188673251008
USA,2033,P,2304328.982882105,41496829.251806885,0.055530242296326
USA,2033,Q,3277229.3385774842,41496829.251806885,0.0789754156562404
USA,2033,R,298152.46639954374,41496829.251806885,0.007184945736223
USA,2033,S,551783.8832745053,41496829.251806885,0.0132970131266229
USA,2033,T,45838.16550504032,41496829.251806885,0.0011046185053535
USA,2033,HFCE,0.0,41496829.251806885,0.0
USA,2034,A01_02,415216.3464351093,43144910.68635429,0.0096237618720215
USA,2034,A03,8595.764269654263,43144910.68635429,0.000199230086073
USA,2034,B05_06,255062.6030874743,43144910.68635429,0.0059117656991267
USA,2034,B07_08,78483.37858622494,43144910.68635429,0.001819064574192
USA,2034,B09,70700.10809690446,43144910.68635429,0.0016386662290453
USA,2034,C10T12,599187.9706250638,43144910.68635429,0.0138878018541031
USA,2034,C13T15,50194.55507011687,43144910.68635429,0.0011633945758982
USA,2034,C16,93896.79492131794,43144910.68635429,0.0021763121867121
USA,2034,C17_18,207011.58094293074,43144910.68635429,0.0047980532964321
USA,2034,C19,121255.84220850642,43144910.68635429,0.0028104321061176
USA,2034,C20,425722.5633211225,43144910.68635429,0.0098672718647154
USA,2034,C21,415495.6610549732,43144910.68635429,0.0096302357438043
USA,2034,C22,168405.08321131772,43144910.68635429,0.0039032432917883
USA,2034,C23,150860.22273829888,43144910.68635429,0.0034965936964151
USA,2034,C24,146546.01013594726,43144910.68635429,0.0033966001506244
USA,2034,C25,311896.4475842274,43144910.68635429,0.007229043764897
USA,2034,C26,675655.7029339914,43144910.68635429,0.0156601483740627
USA,2034,C27,130650.73896688431,43144910.68635429,0.0030281842490453
USA,2034,C28,339290.70081439015,43144910.68635429,0.0078639796772531
USA,2034,C29,288676.43152049684,43144910.68635429,0.00669085708901
USA,2034,C30,315564.4402574002,43144910.68635429,0.0073140594159859
USA,2034,C31T33,307231.66014008963,43144910.68635429,0.0071209246989416
USA,2034,D,630430.2758391536,43144910.68635429,0.0146119267790846
USA,2034,E,145961.71873296314,43144910.68635429,0.0033830576170164
USA,2034,F,1892093.3533500875,43144910.68635429,0.0438543810440315
USA,2034,G,4418835.12109248,43144910.68635429,0.1024184556369948
USA,2034,H49,621904.7113714535,43144910.68635429,0.0144143237632926
USA,2034,H50,23531.143282669655,43144910.68635429,0.0005453978906975
USA,2034,H51,105057.92718025832,43144910.68635429,0.0024350016145354
USA,2034,H52,332272.2052068013,43144910.68635429,0.0077013070584914
USA,2034,H53,238647.51404955584,43144910.68635429,0.0055313016124758
USA,2034,I,950776.9980732762,43144910.68635429,0.0220368285146082
USA,2034,J58T60,1088788.3241297903,43144910.68635429,0.0252356142777727
USA,2034,J61,697911.5851618061,43144910.68635429,0.0161759886405916
USA,2034,J62_63,1412317.7908592168,43144910.68635429,0.0327342847254033
USA,2034,K,3702293.2295772657,43144910.68635429,0.0858106592569263
USA,2034,L,5492571.2079286575,43144910.68635429,0.1273051936034214
USA,2034,M,3517510.5961949304,43144910.68635429,0.0815278219432596
USA,2034,N,1692908.3080312123,43144910.68635429,0.0392377288792636
USA,2034,O,3870912.517622344,43144910.68635429,0.0897188673251008
USA,2034,P,2395847.3442665986,43144910.68635429,0.055530242296326
USA,2034,Q,3407387.254906198,43144910.68635429,0.0789754156562404
USA,2034,R,309993.84207564336,43144910.68635429,0.007184945736223
USA,2034,S,573698.4437434255,43144910.68635429,0.0132970131266229
USA,2034,T,47658.666755970924,43144910.68635429,0.0011046185053535
USA,2034,HFCE,0.0,43144910.68635429,0.0
USA,2035,A01_02,431320.7524848141,44818310.99112741,0.0096237618720215
USA,2035,A03,8929.155956408795,44818310.99112741,0.000199230086073
USA,2035,B05_06,264955.3536101402,44818310.99112741,0.0059117656991267
USA,2035,B07_08,81527.40179907982,44818310.99112741,0.001819064574192
USA,2035,B09,73442.25266401027,44818310.99112741,0.0016386662290453
USA,2035,C10T12,622427.8224803486,44818310.99112741,0.0138878018541031
USA,2035,C13T15,52141.379907996314,44818310.99112741,0.0011633945758982
USA,2035,C16,97538.63639784344,44818310.99112741,0.0021763121867121
USA,2035,C17_18,215040.6447914979,44818310.99112741,0.0047980532964321
USA,2035,C19,125958.82015142778,44818310.99112741,0.0028104321061176
USA,2035,C20,442234.4590668165,44818310.99112741,0.0098672718647154
USA,2035,C21,431610.9004836923,44818310.99112741,0.0096302357438043
USA,2035,C22,174936.77172539989,44818310.99112741,0.0039032432917883
USA,2035,C23,156711.4236955477,44818310.99112741,0.0034965936964151
USA,2035,C24,152229.88186319458,44818310.99112741,0.0033966001506244
USA,2035,C25,323993.53162362427,44818310.99112741,0.007229043764897
USA,2035,C26,701861.3999959403,44818310.99112741,0.0156601483740627
USA,2035,C27,135718.10341214587,44818310.99112741,0.0030281842490453
USA,2035,C28,352450.2868030351,44818310.99112741,0.0078639796772531
USA,2035,C29,299872.9138124396,44818310.99112741,0.00669085708901
USA,2035,C30,327803.78951323975,44818310.99112741,0.0073140594159859
USA,2035,C31T33,319147.8177015649,44818310.99112741,0.0071209246989416
USA,2035,D,654881.8785645963,44818310.99112741,0.0146119267790846
USA,2035,E,151622.92838034342,44818310.99112741,0.0033830576170164
USA,2035,F,1965479.2879548064,44818310.99112741,0.0438543810440315
USA,2035,G,4590222.195969819,44818310.99112741,0.1024184556369948
USA,2035,H49,646025.6451500457,44818310.99112741,0.0144143237632926
USA,2035,H50,24443.81227918547,44818310.99112741,0.0005453978906975
USA,2035,H51,109132.6596241449,44818310.99112741,0.0024350016145354
USA,2035,H52,345159.5747856322,44818310.99112741,0.0077013070584914
USA,2035,H53,247903.5958536649,44818310.99112741,0.0055313016124758
USA,2035,I,987653.4336258547,44818310.99112741,0.0220368285146082
USA,2035,J58T60,1131017.608753352,44818310.99112741,0.0252356142777727
USA,2035,J61,724980.4894829786,44818310.99112741,0.0161759886405916
USA,2035,J62_63,1467095.3528952368,44818310.99112741,0.0327342847254033
USA,2035,K,3845888.8129305886,44818310.99112741,0.0858106592569263
USA,2035,L,5705603.757703824,44818310.99112741,0.1273051936034214
USA,2035,M,3653939.27828227,44818310.99112741,0.0815278219432596
USA,2035,N,1758568.735496377,44818310.99112741,0.0392377288792636
USA,2035,O,4021048.097548067,44818310.99112741,0.0897188673251008
USA,2035,P,2488771.6686493955,44818310.99112741,0.055530242296326
USA,2035,Q,3539544.739534935,44818310.99112741,0.0789754156562404
USA,2035,R,322017.1324604173,44818310.99112741,0.007184945736223
USA,2035,S,595949.6695620886,44818310.99112741,0.0132970131266229
USA,2035,T,49507.1356994875,44818310.99112741,0.0011046185053535
USA,2035,HFCE,0.0,44818310.99112741,0.0
USA,2036,A01_02,447668.8213124396,46517030.16612624,0.0096237618720215
USA,2036,A03,9267.591923857668,46517030.16612624,0.000199230086073
USA,2036,B05_06,274997.7833613471,46517030.16612624,0.0059117656991267
USA,2036,B07_08,84617.48167182085,46517030.16612624,0.001819064574192
USA,2036,B09,76225.88640871255,46517030.16612624,0.0016386662290453
USA,2036,C10T12,646019.2977884978,46517030.16612624,0.0138878018541031
USA,2036,C13T15,54117.660582164215,46517030.16612624,0.0011633945758982
USA,2036,C16,101235.5796401949,46517030.16612624,0.0021763121867121
USA,2036,C17_18,223191.18992881343,46517030.16612624,0.0047980532964321
USA,2036,C19,130732.95506012208,46517030.16612624,0.0028104321061176
USA,2036,C20,458996.182988335,46517030.16612624,0.0098672718647154
USA,2036,C21,447969.96660145174,46517030.16612624,0.0096302357438043
USA,2036,C22,181567.2859498462,46517030.16612624,0.0039032432917883
USA,2036,C23,162651.15445482807,46517030.16612624,0.0034965936964151
USA,2036,C24,157999.75166886413,46517030.16612624,0.0033966001506244
USA,2036,C25,336273.6468839605,46517030.16612624,0.007229043764897
USA,2036,C26,728463.5943222874,46517030.16612624,0.0156601483740627
USA,2036,C27,140862.13806142856,46517030.16612624,0.0030281842490453
USA,2036,C28,365808.9798725861,46517030.16612624,0.0078639796772531
USA,2036,C29,311238.80104671774,46517030.16612624,0.00669085708901
USA,2036,C30,340228.32249025576,46517030.16612624,0.0073140594159859
USA,2036,C31T33,331244.2690313798,46517030.16612624,0.0071209246989416
USA,2036,D,679703.438767906,46517030.16612624,0.0146119267790846
USA,2036,E,157369.79322449502,46517030.16612624,0.0033830576170164
USA,2036,F,2039975.5659420078,46517030.16612624,0.0438543810440315
USA,2036,G,4764202.390434149,46517030.16612624,0.1024184556369948
USA,2036,H49,670511.5333213921,46517030.16612624,0.0144143237632926
USA,2036,H50,25370.29013411723,46517030.16612624,0.0005453978906975
USA,2036,H51,113269.04355790929,46517030.16612624,0.0024350016145354
USA,2036,H52,358241.9327584454,46517030.16612624,0.0077013070584914
USA,2036,H53,257299.72396547947,46517030.16612624,0.0055313016124758
USA,2036,I,1025087.8167797806,46517030.16612624,0.0220368285146082
USA,2036,J58T60,1173885.8306198786,46517030.16612624,0.0252356142777727
USA,2036,J61,752458.9515613148,46517030.16612624,0.0161759886405916
USA,2036,J62_63,1522701.7100381507,46517030.16612624,0.0327342847254033
USA,2036,K,3991657.0252296203,46517030.16612624,0.0858106592569263
USA,2036,L,5921859.531154894,46517030.16612624,0.1273051936034214
USA,2036,M,3792432.152713175,46517030.16612624,0.0815278219432596
USA,2036,N,1825222.6179269874,46517030.16612624,0.0392377288792636
USA,2036,O,4173455.2578323917,46517030.16612624,0.0897188673251008
USA,2036,P,2583101.9560304955,46517030.16612624,0.055530242296326
USA,2036,Q,3673701.792463693,46517030.16612624,0.0789754156562404
USA,2036,R,334222.3375538654,46517030.16612624,0.007184945736223
USA,2036,S,618537.560730494,46517030.16612624,0.0132970131266229
USA,2036,T,51383.57233559004,46517030.16612624,0.0011046185053535
USA,2036,HFCE,0.0,46517030.16612624,0.0
USA,2037,A01_02,464260.552917986,48241068.211350776,0.0096237618720215
USA,2037,A03,9611.072172000879,48241068.211350776,0.000199230086073
USA,2037,B05_06,285189.89234109496,48241068.211350776,0.0059117656991267
USA,2037,B07_08,87753.61820444802,48241068.211350776,0.001819064574192
USA,2037,B09,79051.00933101127,48241068.211350776,0.0016386662290453
USA,2037,C10T12,669962.3965495115,48241068.211350776,0.0138878018541031
USA,2037,C13T15,56123.39709262058,48241068.211350776,0.0011633945758982
USA,2037,C16,104987.62464837238,48241068.211350776,0.0021763121867121
USA,2037,C17_18,231463.2163548774,48241068.211350776,0.0047980532964321
USA,2037,C19,135578.24693458935,48241068.211350776,0.0028104321061176
USA,2037,C20,476007.735085678,48241068.211350776,0.0098672718647154
USA,2037,C21,464572.85940825165,48241068.211350776,0.0096302357438043
USA,2037,C22,188296.6258846567,48241068.211350776,0.0039032432917883
USA,2037,C23,168679.41501614,48241068.211350776,0.0034965936964151
USA,2037,C24,163855.61955295602,48241068.211350776,0.0033966001506244
USA,2037,C25,348736.7933652362,48241068.211350776,0.007229043764897
USA,2037,C26,755462.2859130326,48241068.211350776,0.0156601483740627
USA,2037,C27,146082.84291473235,48241068.211350776,0.0030281842490453
USA,2037,C28,379366.78002304304,48241068.211350776,0.0078639796772531
USA,2037,C29,322774.09322333126,48241068.211350776,0.00669085708901
USA,2037,C30,352838.0391884482,48241068.211350776,0.0073140594159859
USA,2037,C31T33,343521.0141295342,48241068.211350776,0.0071209246989416
USA,2037,D,704894.9564490832,48241068.211350776,0.0146119267790846
USA,2037,E,163202.31326541796,48241068.211350776,0.0033830576170164
USA,2037,F,2115582.187311692,48241068.211350776,0.0438543810440315
USA,2037,G,4940775.7044854695,48241068.211350776,0.1024184556369948
USA,2037,H49,695362.3758854928,48241068.211350776,0.0144143237632926
USA,2037,H50,26310.576847464934,48241068.211350776,0.0005453978906975
USA,2037,H51,117467.0789815515,48241068.211350776,0.0024350016145354
USA,2037,H52,371519.27912524086,48241068.211350776,0.0077013070584914
USA,2037,H53,266835.8983849996,48241068.211350776,0.0055313016124758
USA,2037,I,1063080.147535054,48241068.211350776,0.0220368285146082
USA,2037,J58T60,1217392.9897293705,48241068.211350776,0.0252356142777727
USA,2037,J61,780346.9713968147,48241068.211350776,0.0161759886405916
USA,2037,J62_63,1579136.8622879586,48241068.211350776,0.0327342847254033
USA,2037,K,4139597.86647436,48241068.211350776,0.0858106592569263
USA,2037,L,6141338.528281868,48241068.211350776,0.1273051936034214
USA,2037,M,3932989.2194876466,48241068.211350776,0.0815278219432596
USA,2037,N,1892869.9553230435,48241068.211350776,0.0392377288792636
USA,2037,O,4328133.998475318,48241068.211350776,0.0897188673251008
USA,2037,P,2678838.2064098986,48241068.211350776,0.055530242296326
USA,2037,Q,3809858.4136924734,48241068.211350776,0.0789754156562404
USA,2037,R,346609.4573559877,48241068.211350776,0.007184945736223
USA,2037,S,641462.1172486419,48241068.211350776,0.0132970131266229
USA,2037,T,53287.97666427854,48241068.211350776,0.0011046185053535
USA,2037,HFCE,0.0,48241068.211350776,0.0
USA,2038,A01_02,481095.94730145327,49990425.12680103,0.0096237618720215
USA,2038,A03,9959.59670083843,49990425.12680103,0.000199230086073
USA,2038,B05_06,295531.68054938386,49990425.12680103,0.0059117656991267
USA,2038,B07_08,90935.81139696136,49990425.12680103,0.001819064574192
USA,2038,B09,81917.62143090645,49990425.12680103,0.0016386662290453
USA,2038,C10T12,694257.1187633895,49990425.12680103,0.0138878018541031
USA,2038,C13T15,58158.58943936541,49990425.12680103,0.0011633945758982
USA,2038,C16,108794.77142237585,49990425.12680103,0.0021763121867121
USA,2038,C17_18,239856.72406968978,49990425.12680103,0.0047980532964321
USA,2038,C19,140494.6957748296,49990425.12680103,0.0028104321061176
USA,2038,C20,493269.11535884556,49990425.12680103,0.0098672718647154
USA,2038,C21,481419.5789040919,49990425.12680103,0.0096302357438043
USA,2038,C22,195124.7915298314,49990425.12680103,0.0039032432917883
USA,2038,C23,174796.20537948352,49990425.12680103,0.0034965936964151
USA,2038,C24,169797.48551547018,49990425.12680103,0.0033966001506244
USA,2038,C25,361382.9710674513,49990425.12680103,0.007229043764897
USA,2038,C26,782857.4747681762,49990425.12680103,0.0156601483740627
USA,2038,C27,151380.2179720573,49990425.12680103,0.0030281842490453
USA,2038,C28,393123.687254406,49990425.12680103,0.0078639796772531
USA,2038,C29,334478.7903422803,49990425.12680103,0.00669085708901
USA,2038,C30,365632.93960781716,49990425.12680103,0.0073140594159859
USA,2038,C31T33,355978.0529960282,49990425.12680103,0.0071209246989416
USA,2038,D,730456.4316081275,49990425.12680103,0.0146119267790846
USA,2038,E,169120.48850311225,49990425.12680103,0.0033830576170164
USA,2038,F,2192299.152063859,49990425.12680103,0.0438543810440315
USA,2038,G,5119942.138123781,49990425.12680103,0.1024184556369948
USA,2038,H49,720578.1728423476,49990425.12680103,0.0144143237632926
USA,2038,H50,27264.672419228584,49990425.12680103,0.0005453978906975
USA,2038,H51,121726.76589507153,49990425.12680103,0.0024350016145354
USA,2038,H52,384991.61388601863,49990425.12680103,0.0077013070584914
USA,2038,H53,276512.11911222525,49990425.12680103,0.0055313016124758
USA,2038,I,1101630.4258916753,49990425.12680103,0.0220368285146082
USA,2038,J58T60,1261539.0860818273,49990425.12680103,0.0252356142777727
USA,2038,J61,808644.5489894783,49990425.12680103,0.0161759886405916
USA,2038,J62_63,1636400.8096446604,49990425.12680103,0.0327342847254033
USA,2038,K,4289711.33666481,49990425.12680103,0.0858106592569263
USA,2038,L,6364040.749084747,49990425.12680103,0.1273051936034214
USA,2038,M,4075610.478605685,49990425.12680103,0.0815278219432596
USA,2038,N,1961510.7476845453,49990425.12680103,0.0392377288792636
USA,2038,O,4485084.319476847,49990425.12680103,0.0897188673251008
USA,2038,P,2775980.4197876044,49990425.12680103,0.055530242296326
USA,2038,Q,3948014.6032212754,49990425.12680103,0.0789754156562404
USA,2038,R,359178.49186678417,49990425.12680103,0.007184945736223
USA,2038,S,664723.3391165325,49990425.12680103,0.0132970131266229
USA,2038,T,55220.34868555301,49990425.12680103,0.0011046185053535
USA,2038,HFCE,0.0,49990425.12680103,0.0
USA,2039,A01_02,498175.00446284143,51765100.912476994,0.0096237618720215
USA,2039,A03,10313.165510370321,51765100.912476994,0.000199230086073
USA,2039,B05_06,306023.14798621373,51765100.912476994,0.0059117656991267
USA,2039,B07_08,94164.06124936086,51765100.912476994,0.001819064574192
USA,2039,B09,84825.7227083981,51765100.912476994,0.0016386662290453
USA,2039,C10T12,718903.4644301321,51765100.912476994,0.0138878018541031
USA,2039,C13T15,60223.2376223987,51765100.912476994,0.0011633945758982
USA,2039,C16,112657.01996220532,51765100.912476994,0.0021763121867121
USA,2039,C17_18,248371.71307325058,51765100.912476994,0.0047980532964321
USA,2039,C19,145482.30158084282,51765100.912476994,0.0028104321061176
USA,2039,C20,510780.32380783773,51765100.912476994,0.0098672718647154
USA,2039,C21,498510.12508897256,51765100.912476994,0.0096302357438043
USA,2039,C22,202051.78288537022,51765100.912476994,0.0039032432917883
USA,2039,C23,181001.5255448586,51765100.912476994,0.0034965936964151
USA,2039,C24,175825.34955640664,51765100.912476994,0.0033966001506244
USA,2039,C25,374212.1799906058,51765100.912476994,0.007229043764897
USA,2039,C26,810649.1608877182,51765100.912476994,0.0156601483740627
USA,2039,C27,156754.26323340333,51765100.912476994,0.0030281842490453
USA,2039,C28,407079.7015666749,51765100.912476994,0.0078639796772531
USA,2039,C29,346352.8924035647,51765100.912476994,0.00669085708901
USA,2039,C30,378613.02374836267,51765100.912476994,0.0073140594159859
USA,2039,C31T33,368615.3856308618,51765100.912476994,0.0071209246989416
USA,2039,D,756387.8642450393,51765100.912476994,0.0146119267790846
USA,2039,E,175124.3189375779,51765100.912476994,0.0033830576170164
USA,2039,F,2270126.4601985086,51765100.912476994,0.0438543810440315
USA,2039,G,5301701.691349084,51765100.912476994,0.1024184556369948
USA,2039,H49,746158.9241919566,51765100.912476994,0.0144143237632926
USA,2039,H50,28232.576849408186,51765100.912476994,0.0005453978906975
USA,2039,H51,126048.10429846939,51765100.912476994,0.0024350016145354
USA,2039,H52,398658.9370407787,51765100.912476994,0.0077013070584914
USA,2039,H53,286328.3861471565,51765100.912476994,0.0055313016124758
USA,2039,I,1140738.651849644,51765100.912476994,0.0220368285146082
USA,2039,J58T60,1306324.119677249,51765100.912476994,0.0252356142777727
USA,2039,J61,837351.6843393057,51765100.912476994,0.0161759886405916
USA,2039,J62_63,1694493.5521082561,51765100.912476994,0.0327342847254033
USA,2039,K,4441997.435800968,51765100.912476994,0.0858106592569263
USA,2039,L,6589966.19356353,51765100.912476994,0.1273051936034214
USA,2039,M,4220295.93006729,51765100.912476994,0.0815278219432596
USA,2039,N,2031144.995011493,51765100.912476994,0.0392377288792636
USA,2039,O,4644306.2208369775,51765100.912476994,0.0897188673251008
USA,2039,P,2874528.5961636137,51765100.912476994,0.055530242296326
USA,2039,Q,4088170.3610501,51765100.912476994,0.0789754156562404
USA,2039,R,371929.4410862549,51765100.912476994,0.007184945736223
USA,2039,S,688321.2263341657,51765100.912476994,0.0132970131266229
USA,2039,T,57180.68839941344,51765100.912476994,0.0011046185053535
USA,2039,HFCE,0.0,51765100.912476994,0.0
USA,2040,A01_02,515497.7244021505,53565095.56837867,0.0096237618720215
USA,2040,A03,10671.778600596554,53565095.56837867,0.000199230086073
USA,2040,B05_06,316664.29465158464,53565095.56837867,0.0059117656991267
USA,2040,B07_08,97438.36776164653,53565095.56837867,0.001819064574192
USA,2040,B09,87775.3131634862,53565095.56837867,0.0016386662290453
USA,2040,C10T12,743901.4335497391,53565095.56837867,0.0138878018541031
USA,2040,C13T15,62317.341641720464,53565095.56837867,0.0011633945758982
USA,2040,C16,116574.3702678608,53565095.56837867,0.0021763121867121
USA,2040,C17_18,257008.18336555976,53565095.56837867,0.0047980532964321
USA,2040,C19,150541.06435262898,53565095.56837867,0.0028104321061176
USA,2040,C20,528541.3604326545,53565095.56837867,0.0098672718647154
USA,2040,C21,515844.4979628936,53565095.56837867,0.0096302357438043
USA,2040,C22,209077.59995127324,53565095.56837867,0.0039032432917883
USA,2040,C23,187295.37551226528,53565095.56837867,0.0034965936964151
USA,2040,C24,181939.2116757654,53565095.56837867,0.0033966001506244
USA,2040,C25,387224.4201346998,53565095.56837867,0.007229043764897
USA,2040,C26,838837.3442716583,53565095.56837867,0.0156601483740627
USA,2040,C27,162204.97869877052,53565095.56837867,0.0030281842490453
USA,2040,C28,421234.8229598499,53565095.56837867,0.0078639796772531
USA,2040,C29,358396.39940718457,53565095.56837867,0.00669085708901
USA,2040,C30,391778.2916100846,53565095.56837867,0.0073140594159859
USA,2040,C31T33,381433.01203403494,53565095.56837867,0.0071209246989416
USA,2040,D,782689.2543598182,53565095.56837867,0.0146119267790846
USA,2040,E,181213.80456881487,53565095.56837867,0.0033830576170164
USA,2040,F,2349064.1117156413,53565095.56837867,0.0438543810440315
USA,2040,G,5486054.364161378,53565095.56837867,0.1024184556369948
USA,2040,H49,772104.6299343199,53565095.56837867,0.0144143237632926
USA,2040,H50,29214.290138003733,53565095.56837867,0.0005453978906975
USA,2040,H51,130431.09419174507,53565095.56837867,0.0024350016145354
USA,2040,H52,412521.2485895211,53565095.56837867,0.0077013070584914
USA,2040,H53,296284.6994897933,53565095.56837867,0.0055313016124758
USA,2040,I,1180404.8254089605,53565095.56837867,0.0220368285146082
USA,2040,J58T60,1351748.0905156361,53565095.56837867,0.0252356142777727
USA,2040,J61,866468.3774462969,53565095.56837867,0.0161759886405916
USA,2040,J62_63,1753415.0896787462,53565095.56837867,0.0327342847254033
USA,2040,K,4596456.163882835,53565095.56837867,0.0858106592569263
USA,2040,L,6819114.861718217,53565095.56837867,0.1273051936034214
USA,2040,M,4367045.57387246,53565095.56837867,0.0815278219432596
USA,2040,N,2101772.6973038865,53565095.56837867,0.0392377288792636
USA,2040,O,4805799.702555711,53565095.56837867,0.0897188673251008
USA,2040,P,2974482.7355379257,53565095.56837867,0.055530242296326
USA,2040,Q,4230325.687178946,53565095.56837867,0.0789754156562404
USA,2040,R,384862.30501439987,53565095.56837867,0.007184945736223
USA,2040,S,712255.7789015413,53565095.56837867,0.0132970131266229
USA,2040,T,59168.99580585984,53565095.56837867,0.0011046185053535
USA,2040,HFCE,0.0,53565095.56837867,0.0
GBR,2021,A01_02,19389.00128004485,2844583.845636648,0.0068161117169339
GBR,2021,A03,904.0259094178494,2844583.845636648,0.000317806033668
GBR,2021,B05_06,17241.764907778685,2844583.845636648,0.0060612609237116
GBR,2021,B07_08,2964.7760484723854,2844583.845636648,0.0010422530005646
GBR,2021,B09,1655.7101654564244,2844583.845636648,0.0005820570794551
GBR,2021,C10T12,41993.84511306076,2844583.845636648,0.0147627376768928
GBR,2021,C13T15,8626.826925444171,2844583.845636648,0.0030327202127218
GBR,2021,C16,5204.792800302551,2844583.845636648,0.0018297202975002
GBR,2021,C17_18,12196.773489865693,2844583.845636648,0.0042877180465517
GBR,2021,C19,5906.007327256866,2844583.845636648,0.0020762289486795
GBR,2021,C20,17335.82742826616,2844583.845636648,0.0060943281580038
GBR,2021,C21,22781.196489146194,2844583.845636648,0.0080086219023182
GBR,2021,C22,11531.808583569871,2844583.845636648,0.0040539527781045
GBR,2021,C23,8743.385191228055,2844583.845636648,0.0030736957198993
GBR,2021,C24,5715.784237497794,2844583.845636648,0.0020093569209659
GBR,2021,C25,23982.56253457816,2844583.845636648,0.0084309564547958
GBR,2021,C26,18501.41008610245,2844583.845636648,0.0065040832297779
GBR,2021,C27,8226.332724211568,2844583.845636648,0.0028919283700602
GBR,2021,C28,20840.035130785596,2844583.845636648,0.0073262158057856
GBR,2021,C29,20541.179737316314,2844583.845636648,0.0072211546053827
GBR,2021,C30,16265.822548372227,2844583.845636648,0.0057181730021151
GBR,2021,C31T33,26445.32213232075,2844583.845636648,0.0092967279459474
GBR,2021,D,43258.036063750034,2844583.845636648,0.015207158027739
GBR,2021,E,36243.67618715633,2844583.845636648,0.0127412929813094
GBR,2021,F,159441.21734809646,2844583.845636648,0.0560508060230553
GBR,2021,G,296391.11861405085,2844583.845636648,0.1041948962301427
GBR,2021,H49,28668.787610409338,2844583.845636648,0.0100783767208637
GBR,2021,H50,4925.286078953207,2844583.845636648,0.0017314610312887
GBR,2021,H51,3266.6619568520077,2844583.845636648,0.0011483795641541
GBR,2021,H52,35512.855860692864,2844583.845636648,0.012484376551307
GBR,2021,H53,20221.343856005788,2844583.845636648,0.0071087178136878
GBR,2021,I,55302.3513419706,2844583.845636648,0.0194412801109026
GBR,2021,J58T60,45695.26940128588,2844583.845636648,0.0160639558828187
GBR,2021,J61,51473.87854404127,2844583.845636648,0.0180953986021533
GBR,2021,J62_63,93880.2233597104,2844583.845636648,0.033003148598947
GBR,2021,K,250269.94530959142,2844583.845636648,0.0879812158440977
GBR,2021,L,390400.2554157179,2844583.845636648,0.1372433637400279
GBR,2021,M,215085.78375840813,2844583.845636648,0.0756123902230309
GBR,2021,N,138731.26124192541,2844583.845636648,0.0487703188832797
GBR,2021,O,151080.37638517038,2844583.845636648,0.0531115919177123
GBR,2021,P,180200.59415895995,2844583.845636648,0.0633486667778742
GBR,2021,Q,242520.3358924346,2844583.845636648,0.085256877298393
GBR,2021,R,34054.478839207964,2844583.845636648,0.0119716910055032
GBR,2021,S,46299.04121804512,2844583.845636648,0.0162762090099977
GBR,2021,T,4666.876403710952,2844583.845636648,0.0016406183318764
GBR,2021,HFCE,0.0,2844583.845636648,0.0
GBR,2022,A01_02,19208.392892263866,2818086.5704625514,0.0068161117169339
GBR,2022,A03,895.6049154917603,2818086.5704625514,0.000317806033668
GBR,2022,B05_06,17081.1580091811,2818086.5704625514,0.0060612609237116
GBR,2022,B07_08,2937.159183915397,2818086.5704625514,0.0010422530005646
GBR,2022,B09,1640.2872388550716,2818086.5704625514,0.0005820570794551
GBR,2022,C10T12,41602.67279051313,2818086.5704625514,0.0147627376768928
GBR,2022,C13T15,8546.468103441637,2818086.5704625514,0.0030327202127218
GBR,2022,C16,5156.310198088058,2818086.5704625514,0.0018297202975002
GBR,2022,C17_18,12083.160644917272,2818086.5704625514,0.0042877180465517
GBR,2022,C19,5850.992917479281,2818086.5704625514,0.0020762289486795
GBR,2022,C20,17174.344338062285,2818086.5704625514,0.0060943281580038
GBR,2022,C21,22568.98983083517,2818086.5704625514,0.0080086219023182
GBR,2022,C22,11424.389881265643,2818086.5704625514,0.0040539527781045
GBR,2022,C23,8661.940629936442,2818086.5704625514,0.0030736957198993
GBR,2022,C24,5662.541754239985,2818086.5704625514,0.0020093569209659
GBR,2022,C25,23759.165161414607,2818086.5704625514,0.0084309564547958
GBR,2022,C26,18329.069603007796,2818086.5704625514,0.0065040832297779
GBR,2022,C27,8149.704502406305,2818086.5704625514,0.0028919283700602
GBR,2022,C28,20645.91037459488,2818086.5704625514,0.0073262158057856
GBR,2022,C29,20349.838816662792,2818086.5704625514,0.0072211546053827
GBR,2022,C30,16114.306544842093,2818086.5704625514,0.0057181730021151
GBR,2022,C31T33,26198.98417371827,2818086.5704625514,0.0092967279459474
GBR,2022,D,42855.087812873055,2818086.5704625514,0.015207158027739
GBR,2022,E,35906.066640956786,2818086.5704625514,0.0127412929813094
GBR,2022,F,157956.02371717364,2818086.5704625514,0.0560508060230553
GBR,2022,G,293630.2377769043,2818086.5704625514,0.1041948962301427
GBR,2022,H49,28401.7380891284,2818086.5704625514,0.0100783767208637
GBR,2022,H50,4879.4070795539255,2818086.5704625514,0.0017314610312887
GBR,2022,H51,3236.2330275363074,2818086.5704625514,0.0011483795641541
GBR,2022,H52,35182.05389983584,2818086.5704625514,0.012484376551307
GBR,2022,H53,20032.9822039615,2818086.5704625514,0.0071087178136878
GBR,2022,I,54787.21039313533,2818086.5704625514,0.0194412801109026
GBR,2022,J58T60,45269.61834187428,2818086.5704625514,0.0160639558828187
GBR,2022,J61,50994.39978789505,2818086.5704625514,0.0180953986021533
GBR,2022,J62_63,93005.72984967251,2818086.5704625514,0.033003148598947
GBR,2022,K,247938.68282321875,2818086.5704625514,0.0879812158440977
GBR,2022,L,386763.6802408797,2818086.5704625514,0.1372433637400279
GBR,2022,M,213082.2614480973,2818086.5704625514,0.0756123902230309
GBR,2022,N,137438.9806821467,2818086.5704625514,0.0487703188832797
GBR,2022,O,149673.0639191924,2818086.5704625514,0.0531115919177123
GBR,2022,P,178522.02710343446,2818086.5704625514,0.0633486667778742
GBR,2022,Q,240261.26095417488,2818086.5704625514,0.085256877298393
GBR,2022,R,33737.26164833589,2818086.5704625514,0.0119716910055032
GBR,2022,S,45867.7660291161,2818086.5704625514,0.0162762090099977
GBR,2022,T,4623.404488315556,2818086.5704625514,0.0016406183318764
GBR,2022,HFCE,0.0,2818086.5704625514,0.0
GBR,2023,A01_02,20786.372324030624,3049593.8428340466,0.0068161117169339
GBR,2023,A03,969.1793234894425,3049593.8428340466,0.000317806033668
GBR,2023,B05_06,18484.3839927615,3049593.8428340466,0.0060612609237116
GBR,2023,B07_08,3178.448333197114,3049593.8428340466,0.0010422530005646
GBR,2023,B09,1775.0376856842404,3049593.8428340466,0.0005820570794551
GBR,2023,C10T12,45020.35392282648,3049593.8428340466,0.0147627376768928
GBR,2023,C13T15,9248.564887754761,3049593.8428340466,0.0030327202127218
GBR,2023,C16,5579.90375336509,3049593.8428340466,0.0018297202975002
GBR,2023,C17_18,13075.798554572491,3049593.8428340466,0.0042877180465517
GBR,2023,C19,6331.655018206809,3049593.8428340466,0.0020762289486795
GBR,2023,C20,18585.225626858544,3049593.8428340466,0.0060943281580038
GBR,2023,C21,24423.04404289547,3049593.8428340466,0.0080086219023182
GBR,2023,C22,12362.90943124746,3049593.8428340466,0.0040539527781045
GBR,2023,C23,9373.523542150268,3049593.8428340466,0.0030736957198993
GBR,2023,C24,6127.722494233586,3049593.8428340466,0.0020093569209659
GBR,2023,C25,25710.992893747232,3049593.8428340466,0.0084309564547958
GBR,2023,C26,19834.812170810863,3049593.8428340466,0.0065040832297779
GBR,2023,C27,8819.206951252687,3049593.8428340466,0.0028919283700602
GBR,2023,C28,22341.98261259724,3049593.8428340466,0.0073262158057856
GBR,2023,C29,22021.588622727802,3049593.8428340466,0.0072211546053827
GBR,2023,C30,17438.105179510083,3049593.8428340466,0.0057181730021151
GBR,2023,C31T33,28351.2443024644,3049593.8428340466,0.0092967279459474
GBR,2023,D,46375.6554883972,3049593.8428340466,0.015207158027739
GBR,2023,E,38855.768625545796,3049593.8428340466,0.0127412929813094
GBR,2023,F,170932.19293379496,3049593.8428340466,0.0560508060230553
GBR,2023,G,317752.1139981756,3049593.8428340466,0.1041948962301427
GBR,2023,H49,30734.955593707928,3049593.8428340466,0.0100783767208637
GBR,2023,H50,5280.252900125108,3049593.8428340466,0.0017314610312887
GBR,2023,H51,3502.0912480807897,3049593.8428340466,0.0011483795641541
GBR,2023,H52,38072.27786248758,3049593.8428340466,0.012484376551307
GBR,2023,H53,21678.70207506702,3049593.8428340466,0.0071087178136878
GBR,2023,I,59288.00812302058,3049593.8428340466,0.0194412801109026
GBR,2023,J58T60,48988.540951801675,3049593.8428340466,0.0160639558828187
GBR,2023,J61,55183.61616075452,3049593.8428340466,0.0180953986021533
GBR,2023,J62_63,100646.19876148587,3049593.8428340466,0.033003148598947
GBR,2023,K,268306.9741232136,3049593.8428340466,0.0879812158440977
GBR,2023,L,418536.5170314225,3049593.8428340466,0.1372433637400279
GBR,2023,M,230587.0796661203,3049593.8428340466,0.0756123902230309
GBR,2023,N,148729.6641795028,3049593.8428340466,0.0487703188832797
GBR,2023,O,161968.78369536996,3049593.8428340466,0.0531115919177123
GBR,2023,P,193187.70415755085,3049593.8428340466,0.0633486667778742
GBR,2023,Q,259998.8480684371,3049593.8428340466,0.085256877298393
GBR,2023,R,36508.795178694294,3049593.8428340466,0.0119716910055032
GBR,2023,S,49635.82678156902,3049593.8428340466,0.0162762090099977
GBR,2023,T,5003.219563330934,3049593.8428340466,0.0016406183318764
GBR,2023,HFCE,0.0,3049593.8428340466,0.0
GBR,2024,A01_02,22476.306750272266,3297526.1679517794,0.0068161117169339
GBR,2024,A03,1047.9737123531943,3297526.1679517794,0.000317806033668
GBR,2024,B05_06,19987.166506722577,3297526.1679517794,0.0060612609237116
GBR,2024,B07_08,3436.856542988029,3297526.1679517794,0.0010422530005646
GBR,2024,B09,1919.3484507447804,3297526.1679517794,0.0005820570794551
GBR,2024,C10T12,48680.51380016167,3297526.1679517794,0.0147627376768928
GBR,2024,C13T15,10000.474261526422,3297526.1679517794,0.0030327202127218
GBR,2024,C16,6033.550561039424,3297526.1679517794,0.0018297202975002
GBR,2024,C17_18,14138.862459303318,3297526.1679517794,0.0042877180465517
GBR,2024,C19,6846.419288929663,3297526.1679517794,0.0020762289486795
GBR,2024,C20,20096.206577102897,3297526.1679517794,0.0060943281580038
GBR,2024,C21,26408.640292126023,3297526.1679517794,0.0080086219023182
GBR,2024,C22,13368.015369440402,3297526.1679517794,0.0040539527781045
GBR,2024,C23,10135.592068689324,3297526.1679517794,0.0030736957198993
GBR,2024,C24,6625.90702764007,3297526.1679517794,0.0020093569209659
GBR,2024,C25,27801.299530551114,3297526.1679517794,0.0084309564547958
GBR,2024,C26,21447.384648728952,3297526.1679517794,0.0065040832297779
GBR,2024,C27,9536.209476115648,3297526.1679517794,0.0028919283700602
GBR,2024,C28,24158.388331639948,3297526.1679517794,0.0073262158057856
GBR,2024,C29,23811.94627407496,3297526.1679517794,0.0072211546053827
GBR,2024,C30,18855.825107349927,3297526.1679517794,0.0057181730021151
GBR,2024,C31T33,30656.203678090147,3297526.1679517794,0.0092967279459474
GBR,2024,D,50146.00153664732,3297526.1679517794,0.015207158027739
GBR,2024,E,42014.74701940809,3297526.1679517794,0.0127412929813094
GBR,2024,F,184828.99959581406,3297526.1679517794,0.0560508060230553
GBR,2024,G,343585.3968859158,3297526.1679517794,0.1041948962301427
GBR,2024,H49,33233.7109675241,3297526.1679517794,0.0100783767208637
GBR,2024,H50,5709.538059463263,3297526.1679517794,0.0017314610312887
GBR,2024,H51,3786.8116635392043,3297526.1679517794,0.0011483795641541
GBR,2024,H52,41167.55836849842,3297526.1679517794,0.012484376551307
GBR,2024,H53,23441.183011220484,3297526.1679517794,0.0071087178136878
GBR,2024,I,64108.1299041818,3297526.1679517794,0.0194412801109026
GBR,2024,J58T60,52971.314884417596,3297526.1679517794,0.0160639558828187
GBR,2024,J61,59670.050410118565,3297526.1679517794,0.0180953986021533
GBR,2024,J62_63,108828.74612982884,3297526.1679517794,0.033003148598947
GBR,2024,K,290120.36153412587,3297526.1679517794,0.0879812158440977
GBR,2024,L,452563.58331046643,3297526.1679517794,0.1372433637400279
GBR,2024,M,249333.8353818257,3297526.1679517794,0.0756123902230309
GBR,2024,N,160821.4027369676,3297526.1679517794,0.0487703188832797
GBR,2024,O,175136.86417023255,3297526.1679517794,0.0531115919177123
GBR,2024,P,208893.8864048977,3297526.1679517794,0.0633486667778742
GBR,2024,Q,281136.7838893049,3297526.1679517794,0.085256877298393
GBR,2024,R,39476.96436527975,3297526.1679517794,0.0119716910055032
GBR,2024,S,53671.225125519944,3297526.1679517794,0.0162762090099977
GBR,2024,T,5409.981880983826,3297526.1679517794,0.0016406183318764
GBR,2024,HFCE,0.0,3297526.1679517794,0.0
GBR,2025,A01_02,23012.83981805714,3376241.583729357,0.0068161117169339
GBR,2025,A03,1072.9899464299936,3376241.583729357,0.000317806033668
GBR,2025,B05_06,20464.28118046892,3376241.583729357,0.0060612609237116
GBR,2025,B07_08,3518.897921272899,3376241.583729357,0.0010422530005646
GBR,2025,B09,1965.1653157603712,3376241.583729357,0.0005820570794551
GBR,2025,C10T12,49842.5688344136,3376241.583729357,0.0147627376768928
GBR,2025,C13T15,10239.196094007882,3376241.583729357,0.0030327202127218
GBR,2025,C16,6177.5777550138255,3376241.583729357,0.0018297202975002
GBR,2025,C17_18,14476.371968074658,3376241.583729357,0.0042877180465517
GBR,2025,C19,7009.850513874412,3376241.583729357,0.0020762289486795
GBR,2025,C20,20575.924151945164,3376241.583729357,0.0060943281580038
GBR,2025,C21,27039.042294972416,3376241.583729357,0.0080086219023182
GBR,2025,C22,13687.123947911563,3376241.583729357,0.0040539527781045
GBR,2025,C23,10377.539305254959,3376241.583729357,0.0030736957198993
GBR,2025,C24,6784.074393119454,3376241.583729357,0.0020093569209659
GBR,2025,C25,28464.945773293017,3376241.583729357,0.0084309564547958
GBR,2025,C26,21959.356264412887,3376241.583729357,0.0065040832297779
GBR,2025,C27,9763.848820163908,3376241.583729357,0.0028919283700602
GBR,2025,C28,24735.074454868623,3376241.583729357,0.0073262158057856
GBR,2025,C29,24380.362461231827,3376241.583729357,0.0072211546053827
GBR,2025,C30,19305.933472699537,3376241.583729357,0.0057181730021151
GBR,2025,C31T33,31387.99948372642,3376241.583729357,0.0092967279459474
GBR,2025,D,51343.03930359613,3376241.583729357,0.015207158027739
GBR,2025,E,43017.68319397579,3376241.583729357,0.0127412929813094
GBR,2025,F,189241.0620965872,3376241.583729357,0.0560508060230553
GBR,2025,G,351787.14146457304,3376241.583729357,0.1041948962301427
GBR,2025,H49,34027.03458146995,3376241.583729357,0.0100783767208637
GBR,2025,H50,5845.830734443826,3376241.583729357,0.0017314610312887
GBR,2025,H51,3877.2068384020677,3376241.583729357,0.0011483795641541
GBR,2025,H52,42150.27125945839,3376241.583729357,0.012484376551307
GBR,2025,H53,24000.74868957039,3376241.583729357,0.0071087178136878
GBR,2025,I,65638.45835135985,3376241.583729357,0.0194412801109026
GBR,2025,J58T60,54235.795850766335,3376241.583729357,0.0160639558828187
GBR,2025,J61,61094.43723474805,3376241.583729357,0.0180953986021533
GBR,2025,J62_63,111426.60269376413,3376241.583729357,0.033003148598947
GBR,2025,K,297045.8395199108,3376241.583729357,0.0879812158440977
GBR,2025,L,463366.751749976,3376241.583729357,0.1372433637400279
GBR,2025,M,255285.696116168,3376241.583729357,0.0756123902230309
GBR,2025,N,164660.37866547002,3376241.583729357,0.0487703188832797
GBR,2025,O,179317.5652106443,3376241.583729357,0.0531115919177123
GBR,2025,P,213880.40304927327,3376241.583729357,0.0633486667778742
GBR,2025,Q,287847.81443374587,3376241.583729357,0.085256877298393
GBR,2025,R,40419.32100033862,3376241.583729357,0.0119716910055032
GBR,2025,S,54952.413685024665,3376241.583729357,0.0162762090099977
GBR,2025,T,5539.123835109793,3376241.583729357,0.0016406183318764
GBR,2025,HFCE,0.0,3376241.583729357,0.0
GBR,2026,A01_02,23819.232861579123,3494548.4831774086,0.0068161117169339
GBR,2026,A03,1110.588592899138,3494548.4831774086,0.000317806033668
GBR,2026,B05_06,21181.37016709887,3494548.4831774086,0.0060612609237116
GBR,2026,B07_08,3642.2036422101255,3494548.4831774086,0.0010422530005646
GBR,2026,B09,2034.0266841324922,3494548.4831774086,0.0005820570794551
GBR,2026,C10T12,51589.102556331716,3494548.4831774086,0.0147627376768928
GBR,2026,C13T15,10597.987819268434,3494548.4831774086,0.0030327202127218
GBR,2026,C16,6394.04629026824,3494548.4831774086,0.0018297202975002
GBR,2026,C17_18,14983.638595869645,3494548.4831774086,0.0042877180465517
GBR,2026,C19,7255.4827233369715,3494548.4831774086,0.0020762289486795
GBR,2026,C20,21296.92522053755,3494548.4831774086,0.0060943281580038
GBR,2026,C21,27986.517521087437,3494548.4831774086,0.0080086219023182
GBR,2026,C22,14166.73453159792,3494548.4831774086,0.0040539527781045
GBR,2026,C23,10741.178715722992,3494548.4831774086,0.0030736957198993
GBR,2026,C24,7021.795180323413,3494548.4831774086,0.0020093569209659
GBR,2026,C25,29462.386090841443,3494548.4831774086,0.0084309564547958
GBR,2026,C26,22728.83418507998,3494548.4831774086,0.0065040832297779
GBR,2026,C27,10105.983899051587,3494548.4831774086,0.0028919283700602
GBR,2026,C28,25601.816331538426,3494548.4831774086,0.0073262158057856
GBR,2026,C29,25234.674873029675,3494548.4831774086,0.0072211546053827
GBR,2026,C30,19982.43279108733,3494548.4831774086,0.0057181730021151
GBR,2026,C31T33,32487.866542023512,3494548.4831774086,0.0092967279459474
GBR,2026,D,53142.151019274475,3494548.4831774086,0.015207158027739
GBR,2026,E,44525.06606155373,3494548.4831774086,0.0127412929813094
GBR,2026,F,195872.25916873905,3494548.4831774086,0.0560508060230553
GBR,2026,G,364114.1165758727,3494548.4831774086,0.1041948962301427
GBR,2026,H49,35219.37608278475,3494548.4831774086,0.0100783767208637
GBR,2026,H50,6050.674520570718,3494548.4831774086,0.0017314610312887
GBR,2026,H51,4013.068064026644,3494548.4831774086,0.0011483795641541
GBR,2026,H52,43627.259140785485,3494548.4831774086,0.012484376551307
GBR,2026,H53,24841.759053158927,3494548.4831774086,0.0071087178136878
GBR,2026,I,67938.4959225818,3494548.4831774086,0.0194412801109026
GBR,2026,J58T60,56136.2726641329,3494548.4831774086,0.0160639558828187
GBR,2026,J61,63235.24773764542,3494548.4831774086,0.0180953986021533
GBR,2026,J62_63,115331.10287652885,3494548.4831774086,0.033003148598947
GBR,2026,K,307454.6243760958,3494548.4831774086,0.0879812158440977
GBR,2026,L,479603.5885838799,3494548.4831774086,0.1372433637400279
GBR,2026,M,264231.1635633109,3494548.4831774086,0.0756123902230309
GBR,2026,N,170430.2438776436,3494548.4831774086,0.0487703188832797
GBR,2026,O,185601.03297517903,3494548.4831774086,0.0531115919177123
GBR,2026,P,221374.98739993136,3494548.4831774086,0.0633486667778742
GBR,2026,Q,297934.2912435417,3494548.4831774086,0.085256877298393
GBR,2026,R,41835.65464434983,3494548.4831774086,0.0119716910055032
GBR,2026,S,56878.001507765934,3494548.4831774086,0.0162762090099977
GBR,2026,T,5733.220303131724,3494548.4831774086,0.0016406183318764
GBR,2026,HFCE,0.0,3494548.4831774086,0.0
GBR,2027,A01_02,24629.947381424357,3613489.391647424,0.0068161117169339
GBR,2027,A03,1148.388731260862,3613489.391647424,0.000317806033668
GBR,2027,B05_06,21902.302047838934,3613489.391647424,0.0060612609237116
GBR,2027,B07_08,3766.1701609528786,3613489.391647424,0.0010422530005646
GBR,2027,B09,2103.257081944286,3613489.391647424,0.0005820570794551
GBR,2027,C10T12,53344.99598712587,3613489.391647424,0.0147627376768928
GBR,2027,C13T15,10958.702316504943,3613489.391647424,0.0030327202127218
GBR,2027,C16,6611.674884698941,3613489.391647424,0.0018297202975002
GBR,2027,C17_18,15493.623675589784,3613489.391647424,0.0042877180465517
GBR,2027,C19,7502.4312806846565,3613489.391647424,0.0020762289486795
GBR,2027,C20,22021.790148164917,3613489.391647424,0.0060943281580038
GBR,2027,C21,28939.07028574203,3613489.391647424,0.0080086219023182
GBR,2027,C22,14648.915357920214,3613489.391647424,0.0040539527781045
GBR,2027,C23,11106.766877008213,3613489.391647424,0.0030736957198993
GBR,2027,C24,7260.789917943611,3613489.391647424,0.0020093569209659
GBR,2027,C25,30465.171710846,3613489.391647424,0.0084309564547958
GBR,2027,C26,23502.435753194357,3613489.391647424,0.0065040832297779
GBR,2027,C27,10449.95248661676,3613489.391647424,0.0028919283700602
GBR,2027,C28,26473.20309512595,3613489.391647424,0.0073262158057856
GBR,2027,C29,26093.56556199633,3613489.391647424,0.0072211546053827
GBR,2027,C30,20662.557482747616,3613489.391647424,0.0057181730021151
GBR,2027,C31T33,33593.62780971308,3613489.391647424,0.0092967279459474
GBR,2027,D,54950.90421034084,3613489.391647424,0.015207158027739
GBR,2027,E,46040.527023833296,3613489.391647424,0.0127412929813094
GBR,2027,F,202538.9929575979,3613489.391647424,0.0560508060230553
GBR,2027,G,376507.15219142486,3613489.391647424,0.1041948962301427
GBR,2027,H49,36418.107365867334,3613489.391647424,0.0100783767208637
GBR,2027,H50,6256.616068612626,3613489.391647424,0.0017314610312887
GBR,2027,H51,4149.657372655533,3613489.391647424,0.0011483795641541
GBR,2027,H52,45112.1622294797,3613489.391647424,0.012484376551307
GBR,2027,H53,25687.276407975936,3613489.391647424,0.0071087178136878
GBR,2027,I,70250.8594407926,3613489.391647424,0.0194412801109026
GBR,2027,J58T60,58046.93417045761,3613489.391647424,0.0160639558828187
GBR,2027,J61,65387.530886512584,3613489.391647424,0.0180953986021533
GBR,2027,J62_63,119256.52735325853,3613489.391647424,0.033003148598947
GBR,2027,K,317919.1901168893,3613489.391647424,0.0879812158440977
GBR,2027,L,495927.43894859956,3613489.391647424,0.1372433637400279
GBR,2027,M,273224.56994802755,3613489.391647424,0.0756123902230309
GBR,2027,N,176231.02991199325,3613489.391647424,0.0487703188832797
GBR,2027,O,191918.17396816047,3613489.391647424,0.0531115919177123
GBR,2027,P,228909.735376856,3613489.391647424,0.0633486667778742
GBR,2027,Q,308074.8216827292,3613489.391647424,0.085256877298393
GBR,2027,R,43259.578448466695,3613489.391647424,0.0119716910055032
GBR,2027,S,58813.908593862914,3613489.391647424,0.0162762090099977
GBR,2027,T,5928.3569379776645,3613489.391647424,0.0016406183318764
GBR,2027,HFCE,0.0,3613489.391647424,0.0
GBR,2028,A01_02,25673.705594107163,3766620.422362443,0.0068161117169339
GBR,2028,A03,1197.054696763895,3766620.422362443,0.000317806033668
GBR,2028,B05_06,22830.469180519558,3766620.422362443,0.0060612609237116
GBR,2028,B07_08,3925.771437195157,3766620.422362443,0.0010422530005646
GBR,2028,B09,2192.388082456219,3766620.422362443,0.0005820570794551
GBR,2028,C10T12,55605.62922376391,3766620.422362443,0.0147627376768928
GBR,2028,C13T15,11423.105888549304,3766620.422362443,0.0030327202127218
GBR,2028,C16,6891.861839775338,3766620.422362443,0.0018297202975002
GBR,2028,C17_18,16150.206359473634,3766620.422362443,0.0042877180465517
GBR,2028,C19,7820.366359596309,3766620.422362443,0.0020762289486795
GBR,2028,C20,22955.020900515603,3766620.422362443,0.0060943281580038
GBR,2028,C21,30165.43881225089,3766620.422362443,0.0080086219023182
GBR,2028,C22,15269.70132530137,3766620.422362443,0.0040539527781045
GBR,2028,C23,11577.445070700735,3766620.422362443,0.0030736957198993
GBR,2028,C24,7568.484814325476,3766620.422362443,0.0020093569209659
GBR,2028,C25,31756.21276268232,3766620.422362443,0.0084309564547958
GBR,2028,C26,24498.412722026515,3766620.422362443,0.0065040832297779
GBR,2028,C27,10892.796458678082,3766620.422362443,0.0028919283700602
GBR,2028,C28,27595.074072706564,3766620.422362443,0.0073262158057856
GBR,2028,C29,27199.348409671085,3766620.422362443,0.0072211546053827
GBR,2028,C30,21538.187208368297,3766620.422362443,0.0057181730021151
GBR,2028,C31T33,35017.24534235312,3766620.422362443,0.0092967279459474
GBR,2028,D,57279.59199337469,3766620.422362443,0.015207158027739
GBR,2028,E,47991.61435070324,3766620.422362443,0.0127412929813094
GBR,2028,F,211122.11065631593,3766620.422362443,0.0560508060230553
GBR,2028,G,392462.62404639105,3766620.422362443,0.1041948962301427
GBR,2028,H49,37961.41958106744,3766620.422362443,0.0100783767208637
GBR,2028,H50,6521.756480976755,3766620.422362443,0.0017314610312887
GBR,2028,H51,4325.509918966515,3766620.422362443,0.0011483795641541
GBR,2028,H52,47023.90767861575,3766620.422362443,0.012484376551307
GBR,2028,H53,26775.841693848164,3766620.422362443,0.0071087178136878
GBR,2028,I,73227.92270259451,3766620.422362443,0.0194412801109026
GBR,2028,J58T60,60506.824292154226,3766620.422362443,0.0160639558828187
GBR,2028,J61,68158.49792565942,3766620.422362443,0.0180953986021533
GBR,2028,J62_63,124310.33351505622,3766620.422362443,0.033003148598947
GBR,2028,K,331391.8443826565,3766620.422362443,0.0879812158440977
GBR,2028,L,516943.6566969063,3766620.422362443,0.1372433637400279
GBR,2028,M,284803.1731977065,3766620.422362443,0.0756123902230309
GBR,2028,N,183699.27911089003,3766620.422362443,0.0487703188832797
GBR,2028,O,200051.20678143523,3766620.422362443,0.0531115919177123
GBR,2028,P,238610.38201497417,3766620.422362443,0.0633486667778742
GBR,2028,Q,321130.295178976,3766620.422362443,0.085256877298393
GBR,2028,R,45092.81583154112,3766620.422362443,0.0119716910055032
GBR,2028,S,61306.30125569694,3766620.422362443,0.0162762090099977
GBR,2028,T,6179.5865141478525,3766620.422362443,0.0016406183318764
GBR,2028,HFCE,0.0,3766620.422362443,0.0
GBR,2029,A01_02,26546.961626872497,3894736.871891259,0.0068161117169339
GBR,2029,A03,1237.7708774362745,3894736.871891259,0.000317806033668
GBR,2029,B05_06,23607.01640973324,3894736.871891259,0.0060612609237116
GBR,2029,B07_08,4059.3011911382487,3894736.871891259,0.0010422530005646
GBR,2029,B09,2266.9591688991186,3894736.871891259,0.0005820570794551
GBR,2029,C10T12,57496.9787602527,3894736.871891259,0.0147627376768928
GBR,2029,C13T15,11811.647234617498,3894736.871891259,0.0030327202127218
GBR,2029,C16,7126.279107921873,3894736.871891259,0.0018297202975002
GBR,2029,C17_18,16699.53357217847,3894736.871891259,0.0042877180465517
GBR,2029,C19,8086.365440910073,3894736.871891259,0.0020762289486795
GBR,2029,C20,23735.80458638254,3894736.871891259,0.0060943281580038
GBR,2029,C21,31191.475015994612,3894736.871891259,0.0080086219023182
GBR,2029,C22,15789.0793617896,3894736.871891259,0.0040539527781045
GBR,2029,C23,11971.236053266151,3894736.871891259,0.0030736957198993
GBR,2029,C24,7825.9164888757805,3894736.871891259,0.0020093569209659
GBR,2029,C25,32836.356969802815,3894736.871891259,0.0084309564547958
GBR,2029,C26,25331.692772865576,3894736.871891259,0.0065040832297779
GBR,2029,C27,11263.300053741852,3894736.871891259,0.0028919283700602
GBR,2029,C28,28533.68283022571,3894736.871891259,0.0073262158057856
GBR,2029,C29,28124.497099211378,3894736.871891259,0.0072211546053827
GBR,2029,C30,22270.779231190816,3894736.871891259,0.0057181730021151
GBR,2029,C31T33,36208.30911902323,3894736.871891259,0.0092967279459474
GBR,2029,D,59227.87908731225,3894736.871891259,0.015207158027739
GBR,2029,E,49623.983569875025,3894736.871891259,0.0127412929813094
GBR,2029,F,218303.14091721817,3894736.871891259,0.0560508060230553
GBR,2029,G,405811.7042104204,3894736.871891259,0.1041948962301427
GBR,2029,H49,39252.62542355838,3894736.871891259,0.0100783767208637
GBR,2029,H50,6743.585120802965,3894736.871891259,0.0017314610312887
GBR,2029,H51,4472.636231437387,3894736.871891259,0.0011483795641541
GBR,2029,H52,48623.361676950015,3894736.871891259,0.012484376551307
GBR,2029,H53,27686.585380840093,3894736.871891259,0.0071087178136878
GBR,2029,I,75718.67048469855,3894736.871891259,0.0194412801109026
GBR,2029,J58T60,62564.8812852485,3894736.871891259,0.0160639558828187
GBR,2029,J61,70476.81614737601,3894736.871891259,0.0180953986021533
GBR,2029,J62_63,128538.57973682522,3894736.871891259,0.033003148598947
GBR,2029,K,342663.6853818307,3894736.871891259,0.0879812158440977
GBR,2029,L,534526.7891806705,3894736.871891259,0.1372433637400279
GBR,2029,M,294490.3641734686,3894736.871891259,0.0756123902230309
GBR,2029,N,189947.55920860398,3894736.871891259,0.0487703188832797
GBR,2029,O,206855.6753667559,3894736.871891259,0.0531115919177123
GBR,2029,P,246726.38828493946,3894736.871891259,0.0633486667778742
GBR,2029,Q,332053.1035963601,3894736.871891259,0.085256877298393
GBR,2029,R,46626.58637802226,3894736.871891259,0.0119716910055032
GBR,2029,S,63391.551365846775,3894736.871891259,0.0162762090099977
GBR,2029,T,6389.776709859746,3894736.871891259,0.0016406183318764
GBR,2029,HFCE,0.0,3894736.871891259,0.0
GBR,2030,A01_02,27584.84310856182,4047005.720289213,0.0068161117169339
GBR,2030,A03,1286.1628361968221,4047005.720289213,0.000317806033668
GBR,2030,B05_06,24529.957630426325,4047005.720289213,0.0060612609237116
GBR,2030,B07_08,4218.003855273532,4047005.720289213,0.0010422530005646
GBR,2030,B09,2355.588330089623,4047005.720289213,0.0005820570794551
GBR,2030,C10T12,59744.883825514255,4047005.720289213,0.0147627376768928
GBR,2030,C13T15,12273.436048921843,4047005.720289213,0.0030327202127218
GBR,2030,C16,7404.88851051259,4047005.720289213,0.0018297202975002
GBR,2030,C17_18,17352.419461382022,4047005.720289213,0.0042877180465517
GBR,2030,C19,8402.510431935994,4047005.720289213,0.0020762289486795
GBR,2030,C20,24663.780916761,4047005.720289213,0.0060943281580038
GBR,2030,C21,32410.938650315235,4047005.720289213,0.0080086219023182
GBR,2030,C22,16406.370082771256,4047005.720289213,0.0040539527781045
GBR,2030,C23,12439.264160860937,4047005.720289213,0.0030736957198993
GBR,2030,C24,8131.878953251717,4047005.720289213,0.0020093569209659
GBR,2030,C25,34120.129000067864,4047005.720289213,0.0084309564547958
GBR,2030,C26,26322.0620361483,4047005.720289213,0.0065040832297779
GBR,2030,C27,11703.65065630029,4047005.720289213,0.0028919283700602
GBR,2030,C28,29649.237274087573,4047005.720289213,0.0073262158057856
GBR,2030,C29,29224.05399507658,4047005.720289213,0.0072211546053827
GBR,2030,C30,23141.47884916315,4047005.720289213,0.0057181730021151
GBR,2030,C31T33,37623.911177221715,4047005.720289213,0.0092967279459474
GBR,2030,D,61543.45552760176,4047005.720289213,0.015207158027739
GBR,2030,E,51564.085579239945,4047005.720289213,0.0127412929813094
GBR,2030,F,226837.9326021259,4047005.720289213,0.0560508060230553
GBR,2030,G,421677.3410683285,4047005.720289213,0.1041948962301427
GBR,2030,H49,40787.24824056504,4047005.720289213,0.0100783767208637
GBR,2030,H50,7007.2326980832295,4047005.720289213,0.0017314610312887
GBR,2030,H51,4647.498665194877,4047005.720289213,0.0011483795641541
GBR,2030,H52,50524.34331738395,4047005.720289213,0.012484376551307
GBR,2030,H53,28769.021655916356,4047005.720289213,0.0071087178136878
GBR,2030,I,78678.97181856773,4047005.720289213,0.0194412801109026
GBR,2030,J58T60,65010.92134824084,4047005.720289213,0.0160639558828187
GBR,2030,J61,73232.18165382784,4047005.720289213,0.0180953986021533
GBR,2030,J62_63,133563.93116749343,4047005.720289213,0.033003148598947
GBR,2030,K,356060.4837990633,4047005.720289213,0.0879812158440977
GBR,2030,L,555424.6781276261,4047005.720289213,0.1372433637400279
GBR,2030,M,306003.77575734624,4047005.720289213,0.0756123902230309
GBR,2030,N,197373.75950096198,4047005.720289213,0.0487703188832797
GBR,2030,O,214942.916304648,4047005.720289213,0.0531115919177123
GBR,2030,P,256372.4168227521,4047005.720289213,0.0633486667778742
GBR,2030,Q,345035.070120592,4047005.720289213,0.085256877298393
GBR,2030,R,48449.50198080637,4047005.720289213,0.0119716910055032
GBR,2030,S,65869.91096808352,4047005.720289213,0.0162762090099977
GBR,2030,T,6639.591773915137,4047005.720289213,0.0016406183318764
GBR,2030,HFCE,0.0,4047005.720289213,0.0
GBR,2031,A01_02,28539.827934397115,4187112.6999713,0.0068161117169339
GBR,2031,A03,1330.6896796987894,4187112.6999713,0.000317806033668
GBR,2031,B05_06,25379.182591512614,4187112.6999713,0.0060612609237116
GBR,2031,B07_08,4364.030775247231,4187112.6999713,0.0010422530005646
GBR,2031,B09,2437.1385894946534,4187112.6999713,0.0005820570794551
GBR,2031,C10T12,61813.24641326265,4187112.6999713,0.0147627376768928
GBR,2031,C13T15,12698.341318147111,4187112.6999713,0.0030327202127218
GBR,2031,C16,7661.2450950583525,4187112.6999713,0.0018297202975002
GBR,2031,C17_18,17953.158686612758,4187112.6999713,0.0042877180465517
GBR,2031,C19,8693.404599063995,4187112.6999713,0.0020762289486795
GBR,2031,C20,25517.63882817041,4187112.6999713,0.0060943281580038
GBR,2031,C21,33533.00247646485,4187112.6999713,0.0080086219023182
GBR,2031,C22,16974.357162285283,4187112.6999713,0.0040539527781045
GBR,2031,C23,12869.910384637786,4187112.6999713,0.0030736957198993
GBR,2031,C24,8413.403882551547,4187112.6999713,0.0020093569209659
GBR,2031,C25,35301.3648447805,4187112.6999713,0.0084309564547958
GBR,2031,C26,27233.329493073397,4187112.6999713,0.0065040832297779
GBR,2031,C27,12108.830005686366,4187112.6999713,0.0028919283700602
GBR,2031,C28,30675.69124313536,4187112.6999713,0.0073262158057856
GBR,2031,C29,30235.788156654147,4187112.6999713,0.0072211546053827
GBR,2031,C30,23942.63479778915,4187112.6999713,0.0057181730021151
GBR,2031,C31T33,38926.44765065445,4187112.6999713,0.0092967279459474
GBR,2031,D,63674.084508416476,4187112.6999713,0.015207158027739
GBR,2031,E,53349.22965609578,4187112.6999713,0.0127412929813094
GBR,2031,F,234691.0417427627,4187112.6999713,0.0560508060230553
GBR,2031,G,436275.77327742224,4187112.6999713,0.1041948962301427
GBR,2031,H49,42199.299163023505,4187112.6999713,0.0100783767208637
GBR,2031,H50,7249.82247361432,4187112.6999713,0.0017314610312887
GBR,2031,H51,4808.394657457139,4187112.6999713,0.0011483795641541
GBR,2031,H52,52273.49160920144,4187112.6999713,0.012484376551307
GBR,2031,H53,29765.0026382044,4187112.6999713,0.0071087178136878
GBR,2031,I,81402.83085605972,4187112.6999713,0.0194412801109026
GBR,2031,J58T60,67261.59368872886,4187112.6999713,0.0160639558828187
GBR,2031,J61,75767.473298119,4187112.6999713,0.0180953986021533
GBR,2031,J62_63,138187.902637691,4187112.6999713,0.033003148598947
GBR,2031,K,368387.26621973765,4187112.6999713,0.0879812158440977
GBR,2031,L,574653.4313026515,4187112.6999713,0.1372433637400279
GBR,2031,M,316597.59937803843,4187112.6999713,0.0756123902230309
GBR,2031,N,204206.82157783053,4187112.6999713,0.0487703188832797
GBR,2031,O,222384.22103434624,4187112.6999713,0.0531115919177123
GBR,2031,P,265248.007191887,4187112.6999713,0.0633486667778742
GBR,2031,Q,356980.15369599615,4187112.6999713,0.085256877298393
GBR,2031,R,50126.81944927463,4187112.6999713,0.0119716910055032
GBR,2031,S,68150.32145314867,4187112.6999713,0.0162762090099977
GBR,2031,T,6869.453853205404,4187112.6999713,0.0016406183318764
GBR,2031,HFCE,0.0,4187112.6999713,0.0
GBR,2032,A01_02,29632.290317347146,4347389.178456229,0.0068161117169339
GBR,2032,A03,1381.6265116163593,4347389.178456229,0.000317806033668
GBR,2032,B05_06,26350.660147543418,4347389.178456229,0.0060612609237116
GBR,2032,B07_08,4531.079415868076,4347389.178456229,0.0010422530005646
GBR,2032,B09,2530.428648466939,4347389.178456229,0.0005820570794551
GBR,2032,C10T12,64179.36602091181,4347389.178456229,0.0147627376768928
GBR,2032,C13T15,13184.415034072226,4347389.178456229,0.0030327202127218
GBR,2032,C16,7954.506220954082,4347389.178456229,0.0018297202975002
GBR,2032,C17_18,18640.379035850343,4347389.178456229,0.0042877180465517
GBR,2032,C19,9026.175263486812,4347389.178456229,0.0020762289486795
GBR,2032,C20,26494.416284066803,4347389.178456229,0.0060943281580038
GBR,2032,C21,34816.59619248568,4347389.178456229,0.0080086219023182
GBR,2032,C22,17624.11043750407,4347389.178456229,0.0040539527781045
GBR,2032,C23,13362.551510557445,4347389.178456229,0.0030736957198993
GBR,2032,C24,8735.456533863282,4347389.178456229,0.0020093569209659
GBR,2032,C25,36652.648855614956,4347389.178456229,0.0084309564547958
GBR,2032,C26,28275.78104891508,4347389.178456229,0.0065040832297779
GBR,2032,C27,12572.338100870275,4347389.178456229,0.0028919283700602
GBR,2032,C28,31849.911313107303,4347389.178456229,0.0073262158057856
GBR,2032,C29,31393.169387400114,4347389.178456229,0.0072211546053827
GBR,2032,C30,24859.123429935753,4347389.178456229,0.0057181730021151
GBR,2032,C31T33,40416.494467263336,4347389.178456229,0.0092967279459474
GBR,2032,D,66111.43424486631,4347389.178456229,0.015207158027739
GBR,2032,E,55391.35922648479,4347389.178456229,0.0127412929813094
GBR,2032,F,243674.66754837986,4347389.178456229,0.0560508060230553
GBR,2032,G,452975.76432129217,4347389.178456229,0.1041948962301427
GBR,2032,H49,43814.625892688025,4347389.178456229,0.0100783767208637
GBR,2032,H50,7527.334950343157,4347389.178456229,0.0017314610312887
GBR,2032,H51,4992.452889963815,4347389.178456229,0.0011483795641541
GBR,2032,H52,54274.44351892475,4347389.178456229,0.012484376551307
GBR,2032,H53,30904.362895925366,4347389.178456229,0.0071087178136878
GBR,2032,I,84518.8107694743,4347389.178456229,0.0194412801109026
GBR,2032,J58T60,69836.2679681643,4347389.178456229,0.0160639558828187
GBR,2032,J61,78667.74006285323,4347389.178456229,0.0180953986021533
GBR,2032,J62_63,143477.53107404505,4347389.178456229,0.033003148598947
GBR,2032,K,382488.5856680521,4347389.178456229,0.0879812158440977
GBR,2032,L,596650.3143383294,4347389.178456229,0.1372433637400279
GBR,2032,M,328716.48701281415,4347389.178456229,0.0756123902230309
GBR,2032,N,212023.55654302964,4347389.178456229,0.0487703188832797
GBR,2032,O,230896.7599536458,4347389.178456229,0.0531115919177123
GBR,2032,P,275401.3084197599,4347389.178456229,0.0633486667778742
GBR,2032,Q,370644.82575600425,4347389.178456229,0.085256877298393
GBR,2032,R,52045.59992514639,4347389.178456229,0.0119716910055032
GBR,2032,S,70759.01491635578,4347389.178456229,0.0162762090099977
GBR,2032,T,7132.406381976371,4347389.178456229,0.0016406183318764
GBR,2032,HFCE,0.0,4347389.178456229,0.0
GBR,2033,A01_02,30662.782392421035,4498573.918065726,0.0068161117169339
GBR,2033,A03,1429.6739340627828,4498573.918065726,0.000317806033668
GBR,2033,B05_06,27267.030301999974,4498573.918065726,0.0060612609237116
GBR,2033,B07_08,4688.6521643656515,4498573.918065726,0.0010422530005646
GBR,2033,B09,2618.4267964622227,4498573.918065726,0.0005820570794551
GBR,2033,C10T12,66411.26667251615,4498573.918065726,0.0147627376768928
GBR,2033,C13T15,13642.916049741028,4498573.918065726,0.0030327202127218
GBR,2033,C16,8231.132007689861,4498573.918065726,0.0018297202975002
GBR,2033,C17_18,19288.616572237202,4498573.918065726,0.0042877180465517
GBR,2033,C19,9340.06939646262,4498573.918065726,0.0020762289486795
GBR,2033,C20,27415.78569972943,4498573.918065726,0.0060943281580038
GBR,2033,C21,36027.377609418574,4498573.918065726,0.0080086219023182
GBR,2033,C22,18237.006232650994,4498573.918065726,0.0040539527781045
GBR,2033,C23,13827.247397609246,4498573.918065726,0.0030736957198993
GBR,2033,C24,9039.240636742052,4498573.918065726,0.0020093569209659
GBR,2033,C25,37927.28081189226,4498573.918065726,0.0084309564547958
GBR,2033,C26,29259.09917840755,4498573.918065726,0.0065040832297779
GBR,2033,C27,13009.553538467142,4498573.918065726,0.0028919283700602
GBR,2033,C28,32957.52334202798,4498573.918065726,0.0073262158057856
GBR,2033,C29,32484.897766094815,4498573.918065726,0.0072211546053827
GBR,2033,C30,25723.62392630258,4498573.918065726,0.0057181730021151
GBR,2033,C31T33,41822.01786099172,4498573.918065726,0.0092967279459474
GBR,2033,D,68410.52447149048,4498573.918065726,0.015207158027739
GBR,2033,E,57317.648288152355,4498573.918065726,0.0127412929813094
GBR,2033,F,252148.69406187788,4498573.918065726,0.0560508060230553
GBR,2033,G,468728.4425764848,4498573.918065726,0.1041948962301427
GBR,2033,H49,45338.32265291822,4498573.918065726,0.0100783767208637
GBR,2033,H50,7789.10543550253,4498573.918065726,0.0017314610312887
GBR,2033,H51,5166.07035534332,4498573.918065726,0.0011483795641541
GBR,2033,H52,56161.89073702101,4498573.918065726,0.012484376551307
GBR,2033,H53,31979.092547545148,4498573.918065726,0.0071087178136878
GBR,2033,I,87458.03564071638,4498573.918065726,0.0194412801109026
GBR,2033,J58T60,72264.89295540669,4498573.918065726,0.0160639558828187
GBR,2033,J61,81403.48818864983,4498573.918065726,0.0180953986021533
GBR,2033,J62_63,148467.10350127038,4498573.918065726,0.033003148598947
GBR,2033,K,395790.0028759689,4498573.918065726,0.0879812158440977
GBR,2033,L,617399.4165484969,4498573.918065726,0.1372433637400279
GBR,2033,M,340147.9265399347,4498573.918065726,0.0756123902230309
GBR,2033,N,219396.88450407042,4498573.918065726,0.0487703188832797
GBR,2033,O,238926.42214797097,4498573.918065726,0.0531115919177123
GBR,2033,P,284978.6601111816,4498573.918065726,0.0633486667778742
GBR,2033,Q,383534.3645502806,4498573.918065726,0.085256877298393
GBR,2033,R,53855.53691249874,4498573.918065726,0.0119716910055032
GBR,2033,S,73219.72933736202,4498573.918065726,0.0162762090099977
GBR,2033,T,7380.442837279672,4498573.918065726,0.0016406183318764
GBR,2033,HFCE,0.0,4498573.918065726,0.0
GBR,2034,A01_02,31802.101399555955,4665724.788598614,0.0068161117169339
GBR,2034,A03,1482.7954892509931,4665724.788598614,0.000317806033668
GBR,2034,B05_06,28280.175341925344,4665724.788598614,0.0060612609237116
GBR,2034,B07_08,4862.865660725539,4665724.788598614,0.0010422530005646
GBR,2034,B09,2715.718143992973,4665724.788598614,0.0005820570794551
GBR,2034,C10T12,68878.87112665745,4665724.788598614,0.0147627376768928
GBR,2034,C13T15,14149.837873380162,4665724.788598614,0.0030327202127218
GBR,2034,C16,8536.971348248713,4665724.788598614,0.0018297202975002
GBR,2034,C17_18,20005.312376317892,4665724.788598614,0.0042877180465517
GBR,2034,C19,9687.112872659982,4665724.788598614,0.0020762289486795
GBR,2034,C20,28434.45795665286,4665724.788598614,0.0060943281580038
GBR,2034,C21,37366.02573215981,4665724.788598614,0.0080086219023182
GBR,2034,C22,18914.62796861038,4665724.788598614,0.0040539527781045
GBR,2034,C23,14341.018312943625,4665724.788598614,0.0030736957198993
GBR,2034,C24,9375.106395292785,4665724.788598614,0.0020093569209659
GBR,2034,C25,39336.52252273625,4665724.788598614,0.0084309564547958
GBR,2034,C26,30346.26235228328,4665724.788598614,0.0065040832297779
GBR,2034,C27,13492.941883041462,4665724.788598614,0.0028919283700602
GBR,2034,C28,34182.10669167684,4665724.788598614,0.0073262158057856
GBR,2034,C29,33691.9200446371,4665724.788598614,0.0072211546053827
GBR,2034,C30,26679.421521463773,4665724.788598614,0.0057181730021151
GBR,2034,C31T33,43375.97403026425,4665724.788598614,0.0092967279459474
GBR,2034,D,70952.41417415826,4665724.788598614,0.015207158027739
GBR,2034,E,59447.3665016928,4665724.788598614,0.0127412929813094
GBR,2034,F,261517.6350827016,4665724.788598614,0.0560508060230553
GBR,2034,G,486144.71018643706,4665724.788598614,0.1041948962301427
GBR,2034,H49,47022.93209536898,4665724.788598614,0.0100783767208637
GBR,2034,H50,8078.520654176208,4665724.788598614,0.0017314610312887
GBR,2034,H51,5358.022999193857,4665724.788598614,0.0011483795641541
GBR,2034,H52,58248.665145632345,4665724.788598614,0.012484376551307
GBR,2034,H53,33167.32091847571,4665724.788598614,0.0071087178136878
GBR,2034,I,90707.66253552747,4665724.788598614,0.0194412801109026
GBR,2034,J58T60,74949.99716542174,4665724.788598614,0.0160639558828187
GBR,2034,J61,84428.14981763937,4665724.788598614,0.0180953986021533
GBR,2034,J62_63,153983.60851991063,4665724.788598614,0.033003148598947
GBR,2034,K,410496.1396948517,4665724.788598614,0.0879812158440977
GBR,2034,L,640339.7642725044,4665724.788598614,0.1372433637400279
GBR,2034,M,352786.6033887867,4665724.788598614,0.0756123902230309
GBR,2034,N,227548.88576157717,4665724.788598614,0.0487703188832797
GBR,2034,O,247804.07097240406,4665724.788598614,0.0531115919177123
GBR,2034,P,295567.4449102011,4665724.788598614,0.0633486667778742
GBR,2034,Q,397785.12580962264,4665724.788598614,0.085256877298393
GBR,2034,R,55856.61548581934,4665724.788598614,0.0119716910055032
GBR,2034,S,75940.31184235838,4665724.788598614,0.0162762090099977
GBR,2034,T,7654.673619665027,4665724.788598614,0.0016406183318764
GBR,2034,HFCE,0.0,4665724.788598614,0.0
GBR,2035,A01_02,32904.06055375983,4827394.54988879,0.0068161117169339
GBR,2035,A03,1534.1751148506764,4827394.54988879,0.000317806033668
GBR,2035,B05_06,29260.09794857927,4827394.54988879,0.0060612609237116
GBR,2035,B07_08,5031.366454530787,4827394.54988879,0.0010422530005646
GBR,2035,B09,2809.819173085736,4827394.54988879,0.0005820570794551
GBR,2035,C10T12,71265.55940287019,4827394.54988879,0.0147627376768928
GBR,2035,C13T15,14640.137026230788,4827394.54988879,0.0030327202127218
GBR,2035,C16,8832.78179197336,4827394.54988879,0.0018297202975002
GBR,2035,C17_18,20698.506729383487,4827394.54988879,0.0042877180465517
GBR,2035,C19,10022.776311176749,4827394.54988879,0.0020762289486795
GBR,2035,C20,29419.72653518133,4827394.54988879,0.0060943281580038
GBR,2035,C21,38660.77772337087,4827394.54988879,0.0080086219023182
GBR,2035,C22,19570.029546528178,4827394.54988879,0.0040539527781045
GBR,2035,C23,14837.94196625838,4827394.54988879,0.0030736957198993
GBR,2035,C24,9699.958649052103,4827394.54988879,0.0020093569209659
GBR,2035,C25,40699.553240230955,4827394.54988879,0.0084309564547958
GBR,2035,C26,31397.775935452908,4827394.54988879,0.0065040832297779
GBR,2035,C27,13960.47925229738,4827394.54988879,0.0028919283700602
GBR,2035,C28,35366.53425215851,4827394.54988879,0.0073262158057856
GBR,2035,C29,34859.36238592878,4827394.54988879,0.0072211546053827
GBR,2035,C30,27603.87718573165,4827394.54988879,0.0057181730021151
GBR,2035,C31T33,44878.97381806528,4827394.54988879,0.0092967279459474
GBR,2035,D,73410.95178240481,4827394.54988879,0.015207158027739
GBR,2035,E,61507.248296509286,4827394.54988879,0.0127412929813094
GBR,2035,F,270579.35551257094,4827394.54988879,0.0560508060230553
GBR,2035,G,502989.8741876189,4827394.54988879,0.1041948962301427
GBR,2035,H49,48652.30085402348,4827394.54988879,0.0100783767208637
GBR,2035,H50,8358.445545787894,4827394.54988879,0.0017314610312887
GBR,2035,H51,5543.681249201167,4827394.54988879,0.0011483795641541
GBR,2035,H52,60267.01132253882,4827394.54988879,0.012484376551307
GBR,2035,H53,34316.585630493835,4827394.54988879,0.0071087178136878
GBR,2035,I,93850.72965023255,4827394.54988879,0.0194412801109026
GBR,2035,J58T60,77547.05307837296,4827394.54988879,0.0160639558828187
GBR,2035,J61,87353.62859010007,4827394.54988879,0.0180953986021533
GBR,2035,J62_63,159319.21967572658,4827394.54988879,0.033003148598947
GBR,2035,K,424720.0418583864,4827394.54988879,0.0879812158440977
GBR,2035,L,662527.8661270154,4827394.54988879,0.1372433637400279
GBR,2035,M,365010.8404667238,4827394.54988879,0.0756123902230309
GBR,2035,N,235433.57157348274,4827394.54988879,0.0487703188832797
GBR,2035,O,256390.60935948187,4827394.54988879,0.0531115919177123
GBR,2035,P,305809.0087462309,4827394.54988879,0.0633486667778742
GBR,2035,Q,411568.5848107996,4827394.54988879,0.085256877298393
GBR,2035,R,57792.07591291879,4827394.54988879,0.0119716910055032
GBR,2035,S,78571.68266771371,4827394.54988879,0.0162762090099977
GBR,2035,T,7919.911993747771,4827394.54988879,0.0016406183318764
GBR,2035,HFCE,0.0,4827394.54988879,0.0
GBR,2036,A01_02,34095.76100294244,5002230.365185355,0.0068161117169339
GBR,2036,A03,1589.7389918531887,5002230.365185355,0.000317806033668
GBR,2036,B05_06,30319.823443901598,5002230.365185355,0.0060612609237116
GBR,2036,B07_08,5213.58960762979,5002230.365185355,0.0010422530005646
GBR,2036,B09,2911.583597121406,5002230.365185355,0.0005820570794551
GBR,2036,C10T12,73846.61468061907,5002230.365185355,0.0147627376768928
GBR,2036,C13T15,15170.365137188375,5002230.365185355,0.0030327202127218
GBR,2036,C16,9152.682431951482,5002230.365185355,0.0018297202975002
GBR,2036,C17_18,21448.15340981415,5002230.365185355,0.0042877180465517
GBR,2036,C19,10385.77549216146,5002230.365185355,0.0020762289486795
GBR,2036,C20,30485.233367370736,5002230.365185355,0.0060943281580038
GBR,2036,C21,40060.9716630646,5002230.365185355,0.0080086219023182
GBR,2036,C22,20278.805685661857,5002230.365185355,0.0040539527781045
GBR,2036,C23,15375.334063420538,5002230.365185355,0.0030736957198993
GBR,2036,C24,10051.266204550973,5002230.365185355,0.0020093569209659
GBR,2036,C25,42173.58638573502,5002230.365185355,0.0084309564547958
GBR,2036,C26,32534.922629687844,5002230.365185355,0.0065040832297779
GBR,2036,C27,14466.091906656124,5002230.365185355,0.0028919283700602
GBR,2036,C28,36647.41916560162,5002230.365185355,0.0073262158057856
GBR,2036,C29,36121.87883874341,5002230.365185355,0.0072211546053827
GBR,2036,C30,28603.618624563253,5002230.365185355,0.0057181730021151
GBR,2036,C31T33,46504.374828085354,5002230.365185355,0.0092967279459474
GBR,2036,D,76069.70765452826,5002230.365185355,0.015207158027739
GBR,2036,E,63734.88264282892,5002230.365185355,0.0127412929813094
GBR,2036,F,280379.0438816414,5002230.365185355,0.0560508060230553
GBR,2036,G,521206.8738197569,5002230.365185355,0.1041948962301427
GBR,2036,H49,50414.36206488161,5002230.365185355,0.0100783767208637
GBR,2036,H50,8661.166946847485,5002230.365185355,0.0017314610312887
GBR,2036,H51,5744.459126569963,5002230.365185355,0.0011483795641541
GBR,2036,H52,62449.727475355896,5002230.365185355,0.012484376551307
GBR,2036,H53,35559.44410516316,5002230.365185355,0.0071087178136878
GBR,2036,I,97249.7617088311,5002230.365185355,0.0194412801109026
GBR,2036,J58T60,80355.60790203362,5002230.365185355,0.0160639558828187
GBR,2036,J61,90517.35235782387,5002230.365185355,0.0180953986021533
GBR,2036,J62_63,165089.3520683772,5002230.365185355,0.033003148598947
GBR,2036,K,440102.3094612723,5002230.365185355,0.0879812158440977
GBR,2036,L,686522.9215205463,5002230.365185355,0.1372433637400279
GBR,2036,M,378230.59435788944,5002230.365185355,0.0756123902230309
GBR,2036,N,243960.37003771443,5002230.365185355,0.0487703188832797
GBR,2036,O,265676.4178341135,5002230.365185355,0.0531115919177123
GBR,2036,P,316884.624550291,5002230.365185355,0.0633486667778742
GBR,2036,Q,426474.5404629034,5002230.365185355,0.085256877298393
GBR,2036,R,59885.1562703445,5002230.365185355,0.0119716910055032
GBR,2036,S,81417.34693991396,5002230.365185355,0.0162762090099977
GBR,2036,T,8206.750837391872,5002230.365185355,0.0016406183318764
GBR,2036,HFCE,0.0,5002230.365185355,0.0
GBR,2037,A01_02,35266.826368181144,5174038.782340449,0.0068161117169339
GBR,2037,A03,1644.3407434600265,5174038.782340449,0.000317806033668
GBR,2037,B05_06,31361.199089168513,5174038.782340449,0.0060612609237116
GBR,2037,B07_08,5392.657445931943,5174038.782340449,0.0010422530005646
GBR,2037,B09,3011.5859026365038,5174038.782340449,0.0005820570794551
GBR,2037,C10T12,76382.97727376189,5174038.782340449,0.0147627376768928
GBR,2037,C13T15,15691.41199661037,5174038.782340449,0.0030327202127218
GBR,2037,C16,9467.04378010154,5174038.782340449,0.0018297202975002
GBR,2037,C17_18,22184.81946059953,5174038.782340449,0.0042877180465517
GBR,2037,C19,10742.489101485671,5174038.782340449,0.0020762289486795
GBR,2037,C20,31532.290241821094,5174038.782340449,0.0060943281580038
GBR,2037,C21,41436.92031569551,5174038.782340449,0.0080086219023182
GBR,2037,C22,20975.308895689486,5174038.782340449,0.0040539527781045
GBR,2037,C23,15903.420859872824,5174038.782340449,0.0030736957198993
GBR,2037,C24,10396.490636641758,5174038.782340449,0.0020093569209659
GBR,2037,C25,43622.09566933701,5174038.782340449,0.0084309564547958
GBR,2037,C26,33652.37887444098,5174038.782340449,0.0065040832297779
GBR,2037,C27,14962.949542442078,5174038.782340449,0.0028919283700602
GBR,2037,C28,37906.12470693028,5174038.782340449,0.0073262158057856
GBR,2037,C29,37362.53398152643,5174038.782340449,0.0072211546053827
GBR,2037,C30,29586.048877075642,5174038.782340449,0.0057181730021151
GBR,2037,C31T33,48101.63094120011,5174038.782340449,0.0092967279459474
GBR,2037,D,78682.42540470148,5174038.782340449,0.015207158027739
GBR,2037,E,65923.944022457,5174038.782340449,0.0127412929813094
GBR,2037,F,290009.0441447298,5174038.782340449,0.0560508060230553
GBR,2037,G,539108.434016697,5174038.782340449,0.1041948962301427
GBR,2037,H49,52145.91201678595,5174038.782340449,0.0100783767208637
GBR,2037,H50,8958.646525998924,5174038.782340449,0.0017314610312887
GBR,2037,H51,5941.760401780536,5174038.782340449,0.0011483795641541
GBR,2037,H52,64594.64844980413,5174038.782340449,0.012484376551307
GBR,2037,H53,36780.78166073508,5174038.782340449,0.0071087178136878
GBR,2037,I,100589.93727215409,5174038.782340449,0.0194412801109026
GBR,2037,J58T60,83115.53073550996,5174038.782340449,0.0160639558828187
GBR,2037,J61,93626.29414945033,5174038.782340449,0.0180953986021533
GBR,2037,J62_63,170759.57079029662,5174038.782340449,0.033003148598947
GBR,2037,K,455218.2228948275,5174038.782340449,0.0879812158440977
GBR,2037,L,710102.4866097614,5174038.782340449,0.1372433637400279
GBR,2037,M,391221.4394394217,5174038.782340449,0.0756123902230309
GBR,2037,N,252339.52132919992,5174038.782340449,0.0487703188832797
GBR,2037,O,274801.436374083,5174038.782340449,0.0531115919177123
GBR,2037,P,327768.45871828304,5174038.782340449,0.0633486667778742
GBR,2037,Q,441122.3896031264,5174038.782340449,0.085256877298393
GBR,2037,R,61941.99355266988,5174038.782340449,0.0119716910055032
GBR,2037,S,84213.73664720714,5174038.782340449,0.0162762090099977
GBR,2037,T,8488.622876147188,5174038.782340449,0.0016406183318764
GBR,2037,HFCE,0.0,5174038.782340449,0.0
GBR,2038,A01_02,36512.693309372524,5356821.42924105,0.0068161117169339
GBR,2038,A03,1702.430171494845,5356821.42924105,0.000317806033668
GBR,2038,B05_06,32469.0924043597,5356821.42924105,0.0060612609237116
GBR,2038,B07_08,5583.163208115233,5356821.42924105,0.0010422530005646
GBR,2038,B09,3117.97583626654,5356821.42924105,0.0005820570794551
GBR,2038,C10T12,79081.34954184359,5356821.42924105,0.0147627376768928
GBR,2038,C13T15,16245.740624400612,5356821.42924105,0.0030327202127218
GBR,2038,C16,9801.48489916638,5356821.42924105,0.0018297202975002
GBR,2038,C17_18,22968.53991431172,5356821.42924105,0.0042877180465517
GBR,2038,C19,11121.987724296961,5356821.42924105,0.0020762289486795
GBR,2038,C20,32646.227673621892,5356821.42924105,0.0060943281580038
GBR,2038,C21,42900.757425027354,5356821.42924105,0.0080086219023182
GBR,2038,C22,21716.301114881473,5356821.42924105,0.0040539527781045
GBR,2038,C23,16465.239099323066,5356821.42924105,0.0030736957198993
GBR,2038,C24,10763.766213223947,5356821.42924105,0.0020093569209659
GBR,2038,C25,45163.12820604829,5356821.42924105,0.0084309564547958
GBR,2038,C26,34841.21242284159,5356821.42924105,0.0065040832297779
GBR,2038,C27,15491.54386456862,5356821.42924105,0.0028919283700602
GBR,2038,C28,39245.22982367679,5356821.42924105,0.0073262158057856
GBR,2038,C29,38682.435733976745,5356821.42924105,0.0072211546053827
GBR,2038,C30,30631.231673837796,5356821.42924105,0.0057181730021151
GBR,2038,C31T33,49800.91148267516,5356821.42924105,0.0092967279459474
GBR,2038,D,81462.03000084734,5356821.42924105,0.015207158027739
GBR,2038,E,68252.83127851678,5356821.42924105,0.0127412929813094
GBR,2038,F,300254.15883053595,5356821.42924105,0.0560508060230553
GBR,2038,G,558153.4529431759,5356821.42924105,0.1041948962301427
GBR,2038,H49,53988.06439028682,5356821.42924105,0.0100783767208637
GBR,2038,H50,9275.127556303116,5356821.42924105,0.0017314610312887
GBR,2038,H51,6151.66425816318,5356821.42924105,0.0011483795641541
GBR,2038,H52,66876.57584075582,5356821.42924105,0.012484376551307
GBR,2038,H53,38080.131918790394,5356821.42924105,0.0071087178136878
GBR,2038,I,104143.46590996087,5356821.42924105,0.0194412801109026
GBR,2038,J58T60,86051.74311146604,5356821.42924105,0.0160639558828187
GBR,2038,J61,96933.81900267335,5356821.42924105,0.0180953986021533
GBR,2038,J62_63,176791.97364726602,5356821.42924105,0.033003148598947
GBR,2038,K,471299.6624043447,5356821.42924105,0.0879812158440977
GBR,2038,L,735188.1919037056,5356821.42924105,0.1372433637400279
GBR,2038,M,405042.0722628684,5356821.42924105,0.0756123902230309
GBR,2038,N,261253.88930487214,5356821.42924105,0.0487703188832797
GBR,2038,O,284509.313725907,5356821.42924105,0.0531115919177123
GBR,2038,P,339347.49570956704,5356821.42924105,0.0633486667778742
GBR,2038,Q,456705.8673022064,5356821.42924105,0.085256877298393
GBR,2038,R,64130.21092253188,5356821.42924105,0.0119716910055032
GBR,2038,S,87188.74521156194,5356821.42924105,0.0162762090099977
GBR,2038,T,8788.499437401204,5356821.42924105,0.0016406183318764
GBR,2038,HFCE,0.0,5356821.42924105,0.0
GBR,2039,A01_02,37750.786150981556,5538463.528582398,0.0068161117169339
GBR,2039,A03,1760.1571266336475,5538463.528582398,0.000317806033668
GBR,2039,B05_06,33570.07256319835,5538463.528582398,0.0060612609237116
GBR,2039,B07_08,5772.480231182606,5538463.528582398,0.0010422530005646
GBR,2039,B09,3223.701906115258,5538463.528582398,0.0005820570794551
GBR,2039,C10T12,81762.88420550001,5538463.528582398,0.0147627376768928
GBR,2039,C13T15,16796.61029055434,5538463.528582398,0.0030327202127218
GBR,2039,C16,10133.839135211792,5538463.528582398,0.0018297202975002
GBR,2039,C17_18,23747.370021671155,5538463.528582398,0.0042877180465517
GBR,2039,C19,11499.118309248384,5538463.528582398,0.0020762289486795
GBR,2039,C20,33753.21423431679,5538463.528582398,0.0060943281580038
GBR,2039,C21,44355.46032019553,5538463.528582398,0.0080086219023182
GBR,2039,C22,22452.66960812706,5538463.528582398,0.0040539527781045
GBR,2039,C23,17023.55164262209,5538463.528582398,0.0030736957198993
GBR,2039,C24,11128.75002267426,5538463.528582398,0.0020093569209659
GBR,2039,C25,46694.54483595289,5538463.528582398,0.0084309564547958
GBR,2039,C26,36022.627754989306,5538463.528582398,0.0065040832297779
GBR,2039,C27,16016.839804851159,5538463.528582398,0.0028919283700602
GBR,2039,C28,40575.97904286745,5538463.528582398,0.0073262158057856
GBR,2039,C29,39994.1014161669,5538463.528582398,0.0072211546053827
GBR,2039,C30,31669.892622338997,5538463.528582398,0.0057181730021151
GBR,2039,C31T33,51489.58866378242,5538463.528582398,0.0092967279459474
GBR,2039,D,84224.29011002148,5538463.528582398,0.015207158027739
GBR,2039,E,70567.186483965,5538463.528582398,0.0127412929813094
GBR,2039,F,310435.3449063384,5538463.528582398,0.0560508060230553
GBR,2039,G,577079.6326350729,5538463.528582398,0.1041948962301427
GBR,2039,H49,55818.72189581746,5538463.528582398,0.0100783767208637
GBR,2039,H50,9589.633772954132,5538463.528582398,0.0017314610312887
GBR,2039,H51,6360.258333036833,5538463.528582398,0.0011483795641541
GBR,2039,H52,69144.26420650311,5538463.528582398,0.012484376551307
GBR,2039,H53,39371.37434609388,5538463.528582398,0.0071087178136878
GBR,2039,I,107674.82084318841,5538463.528582398,0.0194412801109026
GBR,2039,J58T60,88969.63378174804,5538463.528582398,0.0160639558828187
GBR,2039,J61,100220.70519318696,5538463.528582398,0.0180953986021533
GBR,2039,J62_63,182786.73484365322,5538463.528582398,0.033003148598947
GBR,2039,K,487280.7551528709,5538463.528582398,0.0879812158440977
GBR,2039,L,760117.3646141125,5538463.528582398,0.1372433637400279
GBR,2039,M,418776.46555919695,5538463.528582398,0.0756123902230309
GBR,2039,N,270112.63241237804,5538463.528582398,0.0487703188832797
GBR,2039,O,294156.61478120124,5538463.528582398,0.0531115919177123
GBR,2039,P,350854.2805335756,5538463.528582398,0.0633486667778742
GBR,2039,Q,472192.1054779742,5538463.528582398,0.085256877298393
GBR,2039,R,66304.7740094374,5538463.528582398,0.0119716910055032
GBR,2039,S,90145.18998545648,5538463.528582398,0.0162762090099977
GBR,2039,T,9086.504795421133,5538463.528582398,0.0016406183318764
GBR,2039,HFCE,0.0,5538463.528582398,0.0
GBR,2040,A01_02,39052.636816651066,5729459.615462136,0.0068161117169339
GBR,2040,A03,1820.856835451006,5729459.615462136,0.000317806033668
GBR,2040,B05_06,34727.74968118434,5729459.615462136,0.0060612609237116
GBR,2040,B07_08,5971.546475829111,5729459.615462136,0.0010422530005646
GBR,2040,B09,3334.8725306318315,5729459.615462136,0.0005820570794551
GBR,2040,C10T12,84582.50933341862,5729459.615462136,0.0147627376768928
GBR,2040,C13T15,17375.847983785294,5729459.615462136,0.0030327202127218
GBR,2040,C16,10483.308552118762,5729459.615462136,0.0018297202975002
GBR,2040,C17_18,24566.307390206166,5729459.615462136,0.0042877180465517
GBR,2040,C19,11895.669913912603,5729459.615462136,0.0020762289486795
GBR,2040,C20,34917.20706465652,5729459.615462136,0.0060943281580038
GBR,2040,C21,45885.075764837675,5729459.615462136,0.0080086219023182
GBR,2040,C22,23226.958725140266,5729459.615462136,0.0040539527781045
GBR,2040,C23,17610.615497381856,5729459.615462136,0.0030736957198993
GBR,2040,C24,11512.529331723466,5729459.615462136,0.0020093569209659
GBR,2040,C25,48304.82452747236,5729459.615462136,0.0084309564547958
GBR,2040,C26,37264.882200617016,5729459.615462136,0.0065040832297779
GBR,2040,C27,16569.186807069156,5729459.615462136,0.0028919283700602
GBR,2040,C28,41975.25759340899,5729459.615462136,0.0073262158057856
GBR,2040,C29,41373.3136885486,5729459.615462136,0.0072211546053827
GBR,2040,C30,32762.04128984435,5729459.615462136,0.0057181730021151
GBR,2040,C31T33,53265.22732224389,5729459.615462136,0.0092967279459474
GBR,2040,D,87128.79778588144,5729459.615462136,0.015207158027739
GBR,2040,E,73000.72358518337,5729459.615462136,0.0127412929813094
GBR,2040,F,321140.82952319726,5729459.615462136,0.0560508060230553
GBR,2040,G,596980.4500878706,5729459.615462136,0.1041948962301427
GBR,2040,H49,57743.652411602285,5729459.615462136,0.0100783767208637
GBR,2040,H50,9920.33605451503,5729459.615462136,0.0017314610312887
GBR,2040,H51,6579.594336042926,5729459.615462136,0.0011483795641541
GBR,2040,H52,71528.73127493591,5729459.615462136,0.012484376551307
GBR,2040,H53,40729.11163124054,5729459.615462136,0.0071087178136878
GBR,2040,I,111388.0292683037,5729459.615462136,0.0194412801109026
GBR,2040,J58T60,92037.78649517515,5729459.615462136,0.0160639558828187
GBR,2040,J61,103676.85551672733,5729459.615462136,0.0180953986021533
GBR,2040,J62_63,189090.20708076263,5729459.615462136,0.033003148598947
GBR,2040,K,504084.8230980152,5729459.615462136,0.0879812158440977
GBR,2040,L,786330.3100386704,5729459.615462136,0.1372433637400279
GBR,2040,M,433218.13621141965,5729459.615462136,0.0756123902230309
GBR,2040,N,279427.57247496146,5729459.615462136,0.0487703188832797
GBR,2040,O,304300.72100543784,5729459.615462136,0.0531115919177123
GBR,2040,P,362953.6279971981,5729459.615462136,0.0633486667778742
GBR,2040,Q,488475.8354215533,5729459.615462136,0.085256877298393
GBR,2040,R,68591.32014482188,5729459.615462136,0.0119716910055032
GBR,2040,S,93253.88221560279,5729459.615462136,0.0162762090099977
GBR,2040,T,9399.85647687269,5729459.615462136,0.0016406183318764
GBR,2040,HFCE,0.0,5729459.615462136,0.0
FRA,2021,A01_02,45488.18020340396,2630405.928557779,0.017293216879398
FRA,2021,A03,980.3593346499191,2630405.928557779,0.0003727026783229
FRA,2021,B05_06,199.5223374484975,2630405.928557779,7.585229917645953e-05
FRA,2021,B07_08,1811.3849939386282,2630405.928557779,0.0006886332540057
FRA,2021,B09,146.98108182618117,2630405.928557779,5.587771842757714e-05
FRA,2021,C10T12,58667.52121657294,2630405.928557779,0.0223035998283123
FRA,2021,C13T15,6682.037809911637,2630405.928557779,0.0025403067022341
FRA,2021,C16,3957.8465242660905,2630405.928557779,0.0015046523737255
FRA,2021,C17_18,9385.615895057626,2630405.928557779,0.0035681245214512
FRA,2021,C19,1453.5667200415921,2630405.928557779,0.0005526016742361
FRA,2021,C20,25073.717842994192,2630405.928557779,0.0095322617588312
FRA,2021,C21,15402.541904053256,2630405.928557779,0.0058555760298557
FRA,2021,C22,13683.692255837506,2630405.928557779,0.0052021218882137
FRA,2021,C23,10293.380914903146,2630405.928557779,0.0039132290583556
FRA,2021,C24,4100.010390758048,2630405.928557779,0.0015586987340034
FRA,2021,C25,22784.532304856984,2630405.928557779,0.0086619833302115
FRA,2021,C26,15020.525525221508,2630405.928557779,0.0057103450696133
FRA,2021,C27,8329.637482486205,2630405.928557779,0.0031666737791506
FRA,2021,C28,14485.03042527535,2630405.928557779,0.0055067661869274
FRA,2021,C29,13941.805375141887,2630405.928557779,0.0053002486132572
FRA,2021,C30,12618.415497388454,2630405.928557779,0.004797136198787
FRA,2021,C31T33,38524.05522578008,2630405.928557779,0.0146456692510963
FRA,2021,D,53199.08558609928,2630405.928557779,0.0202246676106253
FRA,2021,E,19009.06779371048,2630405.928557779,0.0072266670278275
FRA,2021,F,139611.41453437207,2630405.928557779,0.0530759959969066
FRA,2021,G,265391.7076180262,2630405.928557779,0.1008938220282743
FRA,2021,H49,55142.21581801614,2630405.928557779,0.0209633863805386
FRA,2021,H50,3040.44707375174,2630405.928557779,0.0011558851205216
FRA,2021,H51,5178.394456046735,2630405.928557779,0.0019686674211862
FRA,2021,H52,40670.29269958042,2630405.928557779,0.0154616031913673
FRA,2021,H53,9861.960071829431,2630405.928557779,0.0037492160296478
FRA,2021,I,52362.794598422064,2630405.928557779,0.0199067353178952
FRA,2021,J58T60,33128.88607969243,2630405.928557779,0.0125945907131743
FRA,2021,J61,31894.446643226718,2630405.928557779,0.0121252945398865
FRA,2021,J62_63,83008.79827223523,2630405.928557779,0.0315574099689427
FRA,2021,K,104780.7071025291,2630405.928557779,0.0398344247802008
FRA,2021,L,353292.4440763161,2630405.928557779,0.1343109974930836
FRA,2021,M,221665.39591605507,2630405.928557779,0.0842704137446921
FRA,2021,N,150790.49090119443,2630405.928557779,0.0573259394164577
FRA,2021,O,215815.72810459483,2630405.928557779,0.0820465486948336
FRA,2021,P,148033.6993908447,2630405.928557779,0.0562778914781453
FRA,2021,Q,250328.38729611418,2630405.928557779,0.0951672076839358
FRA,2021,R,36656.095958729966,2630405.928557779,0.0139355281862629
FRA,2021,S,33365.825857178934,2630405.928557779,0.0126846679803041
FRA,2021,T,1147.2814473946387,2630405.928557779,0.0004361613676957
FRA,2021,HFCE,0.0,2630405.928557779,0.0
FRA,2022,A01_02,42879.35272458089,2479547.502562379,0.017293216879398
FRA,2022,A03,924.1339952338565,2479547.502562379,0.0003727026783229
FRA,2022,B05_06,188.07937898660464,2479547.502562379,7.585229917645953e-05
FRA,2022,B07_08,1707.4988651512376,2479547.502562379,0.0006886332540057
FRA,2022,B09,138.55145717598273,2479547.502562379,5.587771842757714e-05
FRA,2022,C10T12,55302.83525244247,2479547.502562379,0.0223035998283123
FRA,2022,C13T15,6298.811139267035,2479547.502562379,0.0025403067022341
FRA,2022,C16,3730.8570354956187,2479547.502562379,0.0015046523737255
FRA,2022,C17_18,8847.334245995908,2479547.502562379,0.0035681245214512
FRA,2022,C19,1370.2021012639111,2479547.502562379,0.0005526016742361
FRA,2022,C20,23635.695837880772,2479547.502562379,0.0095322617588312
FRA,2022,C21,14519.178920892831,2479547.502562379,0.0058555760298557
FRA,2022,C22,12898.908335945367,2479547.502562379,0.0052021218882137
FRA,2022,C23,9703.037338600157,2479547.502562379,0.0039132290583556
FRA,2022,C24,3864.8675531452723,2479547.502562379,0.0015586987340034
FRA,2022,C25,21477.799133662884,2479547.502562379,0.0086619833302115
FRA,2022,C26,14159.071856129052,2479547.502562379,0.0057103450696133
FRA,2022,C27,7851.918060522641,2479547.502562379,0.0031666737791506
FRA,2022,C28,13654.28834599079,2479547.502562379,0.0055067661869274
FRA,2022,C29,13142.218211961603,2479547.502562379,0.0053002486132572
FRA,2022,C30,11894.727081153891,2479547.502562379,0.004797136198787
FRA,2022,C31T33,36314.63261491046,2479547.502562379,0.0146456692510963
FRA,2022,D,50148.02406408019,2479547.502562379,0.0202246676106253
FRA,2022,E,17918.86418069957,2479547.502562379,0.0072266670278275
FRA,2022,F,131604.45332014057,2479547.502562379,0.0530759959969066
FRA,2022,G,250171.02443418067,2479547.502562379,0.1008938220282743
FRA,2022,H49,51979.712345114676,2479547.502562379,0.0209633863805386
FRA,2022,H50,2866.0720638383477,2479547.502562379,0.0011558851205216
FRA,2022,H51,4881.404387578161,2479547.502562379,0.0019686674211862
FRA,2022,H52,38337.779578765294,2479547.502562379,0.0154616031913673
FRA,2022,H53,9296.35924288004,2479547.502562379,0.0037492160296478
FRA,2022,I,49359.695841657354,2479547.502562379,0.0199067353178952
FRA,2022,J58T60,31228.885948646668,2479547.502562379,0.0125945907131743
FRA,2022,J61,30065.24379420882,2479547.502562379,0.0121252945398865
FRA,2022,J62_63,78248.09707582899,2479547.502562379,0.0315574099689427
FRA,2022,K,98771.34847975583,2479547.502562379,0.0398344247802008
FRA,2022,L,333030.49840063736,2479547.502562379,0.1343109974930836
FRA,2022,M,208952.49394054967,2479547.502562379,0.0842704137446921
FRA,2022,N,142142.38991211992,2479547.502562379,0.0573259394164577
FRA,2022,O,203438.31491013727,2479547.502562379,0.0820465486948336
FRA,2022,P,139543.70526411178,2479547.502562379,0.0562778914781453
FRA,2022,Q,235971.61213853827,2479547.502562379,0.0951672076839358
FRA,2022,R,34553.80411113581,2479547.502562379,0.0139355281862629
FRA,2022,S,31452.236811396007,2479547.502562379,0.0126846679803041
FRA,2022,T,1081.4828299840644,2479547.502562379,0.0004361613676957
FRA,2022,HFCE,0.0,2479547.502562379,0.0
FRA,2023,A01_02,46797.730939261775,2706132.194237008,0.017293216879398
FRA,2023,A03,1008.5827166879592,2706132.194237008,0.0003727026783229
FRA,2023,B05_06,205.26634880831443,2706132.194237008,7.585229917645953e-05
FRA,2023,B07_08,1863.5326186870159,2706132.194237008,0.0006886332540057
FRA,2023,B09,151.21249277737704,2706132.194237008,5.587771842757714e-05
FRA,2023,C10T12,60356.48954277493,2706132.194237008,0.0223035998283123
FRA,2023,C13T15,6874.405750151743,2706132.194237008,0.0025403067022341
FRA,2023,C16,4071.7882296737102,2706132.194237008,0.0015046523737255
FRA,2023,C17_18,9655.81664054561,2706132.194237008,0.0035681245214512
FRA,2023,C19,1495.4131812395817,2706132.194237008,0.0005526016742361
FRA,2023,C20,25795.560429467398,2706132.194237008,0.0095322617588312
FRA,2023,C21,15845.962810195035,2706132.194237008,0.0058555760298557
FRA,2023,C22,14077.62952004011,2706132.194237008,0.0052021218882137
FRA,2023,C23,10589.71513823986,2706132.194237008,0.0039132290583556
FRA,2023,C24,4218.044825203067,2706132.194237008,0.0015586987340034
FRA,2023,C25,23440.471955829635,2706132.194237008,0.0086619833302115
FRA,2023,C26,15452.94863308312,2706132.194237008,0.0057103450696133
FRA,2023,C27,8569.437862405612,2706132.194237008,0.0031666737791506
FRA,2023,C28,14902.037264580009,2706132.194237008,0.0055067661869274
FRA,2023,C29,14343.173409795367,2706132.194237008,0.0053002486132572
FRA,2023,C30,12981.684707677246,2706132.194237008,0.004797136198787
FRA,2023,C31T33,39633.11706653871,2706132.194237008,0.0146456692510963
FRA,2023,D,54730.624138855586,2706132.194237008,0.0202246676106253
FRA,2023,E,19556.31630103507,2706132.194237008,0.0072266670278275
FRA,2023,F,143630.6615084235,2706132.194237008,0.0530759959969066
FRA,2023,G,273032.01999033213,2706132.194237008,0.1008938220282743
FRA,2023,H49,56729.69478460514,2706132.194237008,0.0209633863805386
FRA,2023,H50,3127.9779374830264,2706132.194237008,0.0011558851205216
FRA,2023,H51,5327.474288217524,2706132.194237008,0.0019686674211862
FRA,2023,H52,41841.14217067672,2706132.194237008,0.0154616031913673
FRA,2023,H53,10145.874200979364,2706132.194237008,0.0037492160296478
FRA,2023,I,53870.25732591109,2706132.194237008,0.0199067353178952
FRA,2023,J58T60,34082.627402159414,2706132.194237008,0.0125945907131743
FRA,2023,J61,32812.64991899307,2706132.194237008,0.0121252945398865
FRA,2023,J62_63,85398.52308369175,2706132.194237008,0.0315574099689427
FRA,2023,K,107797.21933661384,2706132.194237008,0.0398344247802008
FRA,2023,L,363463.3143561196,2706132.194237008,0.1343109974930836
FRA,2023,M,228046.87965618417,2706132.194237008,0.0842704137446921
FRA,2023,N,155131.57021975648,2706132.194237008,0.0573259394164577
FRA,2023,O,222028.80684912362,2706132.194237008,0.0820465486948336
FRA,2023,P,152295.41395278557,2706132.194237008,0.0562778914781453
FRA,2023,Q,257535.04454913826,2706132.194237008,0.0951672076839358
FRA,2023,R,37711.381468543295,2706132.194237008,0.0139355281862629
FRA,2023,S,34326.38839470826,2706132.194237008,0.0126846679803041
FRA,2023,T,1180.3103190037793,2706132.194237008,0.0004361613676957
FRA,2023,HFCE,0.0,2706132.194237008,0.0
FRA,2024,A01_02,48488.33947120936,2803893.5618147007,0.017293216879398
FRA,2024,A03,1045.0186402206748,2803893.5618147007,0.0003727026783229
FRA,2024,B05_06,212.6817733097174,2803893.5618147007,7.585229917645953e-05
FRA,2024,B07_08,1930.8543473580896,2803893.5618147007,0.0006886332540057
FRA,2024,B09,156.6751749479782,2803893.5618147007,5.587771842757714e-05
FRA,2024,C10T12,62536.919963896325,2803893.5618147007,0.0223035998283123
FRA,2024,C13T15,7122.7496074289265,2803893.5618147007,0.0025403067022341
FRA,2024,C16,4218.885103458137,2803893.5618147007,0.0015046523737255
FRA,2024,C17_18,10004.64137345018,2803893.5618147007,0.0035681245214512
FRA,2024,C19,1549.4362766386255,2803893.5618147007,0.0005526016742361
FRA,2024,C20,26727.447375119275,2803893.5618147007,0.0095322617588312
FRA,2024,C21,16418.411930828883,2803893.5618147007,0.0058555760298557
FRA,2024,C22,14586.196070137728,2803893.5618147007,0.0052021218882137
FRA,2024,C23,10972.27776262947,2803893.5618147007,0.0039132290583556
FRA,2024,C24,4370.425345080858,2803893.5618147007,0.0015586987340034
FRA,2024,C25,24287.279292126288,2803893.5618147007,0.0086619833302115
FRA,2024,C26,16011.19977642905,2803893.5618147007,0.0057103450696133
FRA,2024,C27,8879.016221727794,2803893.5618147007,0.0031666737791506
FRA,2024,C28,15440.386257944627,2803893.5618147007,0.0055067661869274
FRA,2024,C29,14861.332962729159,2803893.5618147007,0.0053002486132572
FRA,2024,C30,13450.659302927117,2803893.5618147007,0.004797136198787
FRA,2024,C31T33,41064.89772161644,2803893.5618147007,0.0146456692510963
FRA,2024,D,56707.81530327458,2803893.5618147007,0.0202246676106253
FRA,2024,E,20262.805152704106,2803893.5618147007,0.0072266670278275
FRA,2024,F,148819.44346262925,2803893.5618147007,0.0530759959969066
FRA,2024,G,282895.5380119565,2803893.5618147007,0.1008938220282743
FRA,2024,H49,58779.104106226165,2803893.5618147007,0.0209633863805386
FRA,2024,H50,3240.9788476279236,2803893.5618147007,0.0011558851205216
FRA,2024,H51,5519.933907618336,2803893.5618147007,0.0019686674211862
FRA,2024,H52,43352.6896436084,2803893.5618147007,0.0154616031913673
FRA,2024,H53,10512.40268738194,2803893.5618147007,0.0037492160296478
FRA,2024,I,55816.36699459567,2803893.5618147007,0.0199067353178952
FRA,2024,J58T60,35313.89181436064,2803893.5618147007,0.0125945907131743
FRA,2024,J61,33998.0352954947,2803893.5618147007,0.0121252945398865
FRA,2024,J62_63,88483.61863946548,2803893.5618147007,0.0315574099689427
FRA,2024,K,111691.487179797,2803893.5618147007,0.0398344247802008
FRA,2024,L,376593.7411517675,2803893.5618147007,0.1343109974930836
FRA,2024,M,236285.27055020325,2803893.5618147007,0.0842704137446921
FRA,2024,N,160735.83245478533,2803893.5618147007,0.0573259394164577
FRA,2024,O,230049.78965456027,2803893.5618147007,0.0820465486948336
FRA,2024,P,157797.217588078,2803893.5618147007,0.0562778914781453
FRA,2024,Q,266838.7209208701,2803893.5618147007,0.0951672076839358
FRA,2024,R,39073.73776194984,2803893.5618147007,0.0139355281862629
FRA,2024,S,35566.45888373175,2803893.5618147007,0.0126846679803041
FRA,2024,T,1222.9500507942678,2803893.5618147007,0.0004361613676957
FRA,2024,HFCE,0.0,2803893.5618147007,0.0
FRA,2025,A01_02,49892.39955906156,2885084.938621228,0.017293216879398
FRA,2025,A03,1075.2788838131912,2885084.938621228,0.0003727026783229
FRA,2025,B05_06,218.84032591379477,2885084.938621228,7.585229917645953e-05
FRA,2025,B07_08,1986.7654293655714,2885084.938621228,0.0006886332540057
FRA,2025,B09,161.21196383992066,2885084.938621228,5.587771842757714e-05
FRA,2025,C10T12,64347.77994169883,2885084.938621228,0.0223035998283123
FRA,2025,C13T15,7329.000606094162,2885084.938621228,0.0025403067022341
FRA,2025,C16,4341.049901296119,2885084.938621228,0.0015046523737255
FRA,2025,C17_18,10294.342315963935,2885084.938621228,0.0035681245214512
FRA,2025,C19,1594.3027673954464,2885084.938621228,0.0005526016742361
FRA,2025,C20,27501.38483139899,2885084.938621228,0.0095322617588312
FRA,2025,C21,16893.834210688165,2885084.938621228,0.0058555760298557
FRA,2025,C22,15008.56350855717,2885084.938621228,0.0052021218882137
FRA,2025,C23,11289.998217636672,2885084.938621228,0.0039132290583556
FRA,2025,C24,4496.978241321185,2885084.938621228,0.0015586987340034
FRA,2025,C25,24990.557644581346,2885084.938621228,0.0086619833302115
FRA,2025,C26,16474.83055467132,2885084.938621228,0.0057103450696133
FRA,2025,C27,9136.12282575416,2885084.938621228,0.0031666737791506
FRA,2025,C28,15887.488186412893,2885084.938621228,0.0055067661869274
FRA,2025,C29,15291.667445056397,2885084.938621228,0.0053002486132572
FRA,2025,C30,13840.145395635065,2885084.938621228,0.004797136198787
FRA,2025,C31T33,42253.999772365976,2885084.938621228,0.0146456692510963
FRA,2025,D,58349.88391203563,2885084.938621228,0.0202246676106253
FRA,2025,E,20849.548198415756,2885084.938621228,0.0072266670278275
FRA,2025,F,153128.75665299583,2885084.938621228,0.0530759959969066
FRA,2025,G,291087.24633370485,2885084.938621228,0.1008938220282743
FRA,2025,H49,60481.1503089893,2885084.938621228,0.0209633863805386
FRA,2025,H50,3334.826751993251,2885084.938621228,0.0011558851205216
FRA,2025,H51,5679.772726018599,2885084.938621228,0.0019686674211862
FRA,2025,H52,44608.03849435171,2885084.938621228,0.0154616031913673
FRA,2025,H53,10816.806698774148,2885084.938621228,0.0037492160296478
FRA,2025,I,57432.622242778714,2885084.938621228,0.0199067353178952
FRA,2025,J58T60,36336.463974677965,2885084.938621228,0.0125945907131743
FRA,2025,J61,34982.50465337276,2885084.938621228,0.0121252945398865
FRA,2025,J62_63,91045.80820329198,2885084.938621228,0.0315574099689427
FRA,2025,K,114925.69897199755,2885084.938621228,0.0398344247802008
FRA,2025,L,387498.635958489,2885084.938621228,0.1343109974930836
FRA,2025,M,243127.30146619052,2885084.938621228,0.0842704137446921
FRA,2025,N,165390.2044027351,2885084.938621228,0.0573259394164577
FRA,2025,O,236711.2619053176,2885084.938621228,0.0820465486948336
FRA,2025,P,162366.49708095696,2885084.938621228,0.0562778914781453
FRA,2025,Q,274565.4775395616,2885084.938621228,0.0951672076839358
FRA,2025,R,40205.182481918695,2885084.938621228,0.0139355281862629
FRA,2025,S,36596.344541386316,2885084.938621228,0.0126846679803041
FRA,2025,T,1258.3625927472997,2885084.938621228,0.0004361613676957
FRA,2025,HFCE,0.0,2885084.938621228,0.0
FRA,2026,A01_02,51344.69345127768,2969065.4902065312,0.017293216879398
FRA,2026,A03,1106.5786603160682,2969065.4902065312,0.0003727026783229
FRA,2026,B05_06,225.2104438376473,2969065.4902065312,7.585229917645953e-05
FRA,2026,B07_08,2044.5972298769523,2969065.4902065312,0.0006886332540057
FRA,2026,B09,165.90460545479684,2969065.4902065312,5.587771842757714e-05
FRA,2026,C10T12,66220.84855761837,2969065.4902065312,0.0223035998283123
FRA,2026,C13T15,7542.336964143625,2969065.4902065312,0.0025403067022341
FRA,2026,C16,4467.4114375857225,2969065.4902065312,0.0015046523737255
FRA,2026,C17_18,10593.995381400453,2969065.4902065312,0.0035681245214512
FRA,2026,C19,1640.7105608047561,2969065.4902065312,0.0005526016742361
FRA,2026,C20,28301.909431761127,2969065.4902065312,0.0095322617588312
FRA,2026,C21,17385.58871552513,2969065.4902065312,0.0058555760298557
FRA,2026,C22,15445.440574143335,2969065.4902065312,0.0052021218882137
FRA,2026,C23,11618.633352437011,2969065.4902065312,0.0039132290583556
FRA,2026,C24,4627.878620758104,2969065.4902065312,0.0015586987340034
FRA,2026,C25,25717.99578247521,2969065.4902065312,0.0086619833302115
FRA,2026,C26,16954.38848335986,2969065.4902065312,0.0057103450696133
FRA,2026,C27,9402.061836417945,2969065.4902065312,0.0031666737791506
FRA,2026,C28,16349.949448242352,2969065.4902065312,0.0055067661869274
FRA,2026,C29,15736.785247136975,2969065.4902065312,0.0053002486132572
FRA,2026,C30,14243.011539639021,2969065.4902065312,0.004797136198787
FRA,2026,C31T33,43483.951154408955,2969065.4902065312,0.0146456692510963
FRA,2026,D,60048.362653605356,2969065.4902065312,0.0202246676106253
FRA,2026,E,21456.447681536032,2969065.4902065312,0.0072266670278275
FRA,2026,F,157586.1080727554,2969065.4902065312,0.0530759959969066
FRA,2026,G,299560.36515918875,2969065.4902065312,0.1008938220282743
FRA,2026,H49,62241.66706032276,2969065.4902065312,0.0209633863805386
FRA,2026,H50,3431.8986219839,2969065.4902065312,0.0011558851205216
FRA,2026,H51,5845.102501937832,2969065.4902065312,0.0019686674211862
FRA,2026,H52,45906.51245875582,2969065.4902065312,0.0154616031913673
FRA,2026,H53,11131.667928956429,2969065.4902065312,0.0037492160296478
FRA,2026,I,59104.400855038184,2969065.4902065312,0.0199067353178952
FRA,2026,J58T60,37394.16464976148,2969065.4902065312,0.0125945907131743
FRA,2026,J61,36000.79357696669,2969065.4902065312,0.0121252945398865
FRA,2026,J62_63,93696.01689908734,2969065.4902065312,0.0315574099689427
FRA,2026,K,118271.01593712208,2969065.4902065312,0.0398344247802008
FRA,2026,L,398778.14761193044,2969065.4902065312,0.1343109974930836
FRA,2026,M,250204.37729479145,2969065.4902065312,0.0842704137446921
FRA,2026,N,170204.4684150749,2969065.4902065312,0.0573259394164577
FRA,2026,O,243601.57632038018,2969065.4902065312,0.0820465486948336
FRA,2026,P,167092.74544934943,2969065.4902065312,0.0562778914781453
FRA,2026,Q,282557.6721336916,2969065.4902065312,0.0951672076839358
FRA,2026,R,41375.49582563359,2969065.4902065312,0.0139355281862629
FRA,2026,S,37661.60995504868,2969065.4902065312,0.0126846679803041
FRA,2026,T,1294.9916649865847,2969065.4902065312,0.0004361613676957
FRA,2026,HFCE,0.0,2969065.4902065312,0.0
FRA,2027,A01_02,52845.221147857716,3055835.21657061,0.017293216879398
FRA,2027,A03,1138.9179697293057,3055835.21657061,0.0003727026783229
FRA,2027,B05_06,231.7921270812749,3055835.21657061,7.585229917645953e-05
FRA,2027,B07_08,2104.349748892232,3055835.21657061,0.0006886332540057
FRA,2027,B09,170.75309979260678,3055835.21657061,5.587771842757714e-05
FRA,2027,C10T12,68156.12581165494,3055835.21657061,0.0223035998283123
FRA,2027,C13T15,7762.758681577313,3055835.21657061,0.0025403067022341
FRA,2027,C16,4597.969712326946,3055835.21657061,0.0015046523737255
FRA,2027,C17_18,10903.600569759734,3055835.21657061,0.0035681245214512
FRA,2027,C19,1688.6596568665545,3055835.21657061,0.0005526016742361
FRA,2027,C20,29129.021176205682,3055835.21657061,0.0095322617588312
FRA,2027,C21,17893.675445339766,3055835.21657061,0.0058555760298557
FRA,2027,C22,15896.827266896224,3055835.21657061,0.0052021218882137
FRA,2027,C23,11958.18316703049,3055835.21657061,0.0039132290583556
FRA,2027,C24,4763.126483391616,3055835.21657061,0.0015586987340034
FRA,2027,C25,26469.593705807874,3055835.21657061,0.0086619833302115
FRA,2027,C26,17449.873562494675,3055835.21657061,0.0057103450696133
FRA,2027,C27,9676.833253719145,3055835.21657061,0.0031666737791506
FRA,2027,C28,16827.770043433007,3055835.21657061,0.0055067661869274
FRA,2027,C29,16196.686368970892,3055835.21657061,0.0053002486132572
FRA,2027,C30,14659.257734938987,3055835.21657061,0.004797136198787
FRA,2027,C31T33,44754.75186774539,3055835.21657061,0.0146456692510963
FRA,2027,D,61803.25152798377,3055835.21657061,0.0202246676106253
FRA,2027,E,22083.503602064935,3055835.21657061,0.0072266670278275
FRA,2027,F,162191.49772190792,3055835.21657061,0.0530759959969066
FRA,2027,G,308314.8944884082,3055835.21657061,0.1008938220282743
FRA,2027,H49,64060.65436022656,3055835.21657061,0.0209633863805386
FRA,2027,H50,3532.1944575998696,3055835.21657061,0.0011558851205216
FRA,2027,H51,6015.923235376036,3055835.21657061,0.0019686674211862
FRA,2027,H52,47248.11153682073,3055835.21657061,0.0154616031913673
FRA,2027,H53,11456.986377928788,3055835.21657061,0.0037492160296478
FRA,2027,I,60831.702831374096,3055835.21657061,0.0199067353178952
FRA,2027,J58T60,38486.99383961118,3055835.21657061,0.0125945907131743
FRA,2027,J61,37052.9020662765,3055835.21657061,0.0121252945398865
FRA,2027,J62_63,96434.24472685154,3055835.21657061,0.0315574099689427
FRA,2027,K,121727.43807517059,3055835.21657061,0.0398344247802008
FRA,2027,L,410432.2761120918,3055835.21657061,0.1343109974930836
FRA,2027,M,257516.49803600612,3055835.21657061,0.0842704137446921
FRA,2027,N,175178.6244918047,3055835.21657061,0.0573259394164577
FRA,2027,O,250720.73289974796,3055835.21657061,0.0820465486948336
FRA,2027,P,171975.96269325542,3055835.21657061,0.0562778914781453
FRA,2027,Q,290815.3047032602,3055835.21657061,0.0951672076839358
FRA,2027,R,42584.67779309453,3055835.21657061,0.0139355281862629
FRA,2027,S,38762.25512471887,3055835.21657061,0.0126846679803041
FRA,2027,T,1332.837267512123,3055835.21657061,0.0004361613676957
FRA,2027,HFCE,0.0,3055835.21657061,0.0
FRA,2028,A01_02,54393.9826488017,3145394.1177134668,0.017293216879398
FRA,2028,A03,1172.296812052904,3145394.1177134668,0.0003727026783229
FRA,2028,B05_06,238.58537564467784,3145394.1177134668,7.585229917645953e-05
FRA,2028,B07_08,2166.022986411412,3145394.1177134668,0.0006886332540057
FRA,2028,B09,175.75744685335053,3145394.1177134668,5.587771842757714e-05
FRA,2028,C10T12,70153.6117038086,3145394.1177134668,0.0223035998283123
FRA,2028,C13T15,7990.265758395233,3145394.1177134668,0.0025403067022341
FRA,2028,C16,4732.724725519793,3145394.1177134668,0.0015046523737255
FRA,2028,C17_18,11223.157881041783,3145394.1177134668,0.0035681245214512
FRA,2028,C19,1738.1500555808423,3145394.1177134668,0.0005526016742361
FRA,2028,C20,29982.72006473268,3145394.1177134668,0.0095322617588312
FRA,2028,C21,18418.094400132093,3145394.1177134668,0.0058555760298557
FRA,2028,C22,16362.723586815846,3145394.1177134668,0.0052021218882137
FRA,2028,C23,12308.647661417112,3145394.1177134668,0.0039132290583556
FRA,2028,C24,4902.721829221722,3145394.1177134668,0.0015586987340034
FRA,2028,C25,27245.35141457936,3145394.1177134668,0.0086619833302115
FRA,2028,C26,17961.28579207577,3145394.1177134668,0.0057103450696133
FRA,2028,C27,9960.43707765777,3145394.1177134668,0.0031666737791506
FRA,2028,C28,17320.94997198486,3145394.1177134668,0.0055067661869274
FRA,2028,C29,16671.370810558157,3145394.1177134668,0.0053002486132572
FRA,2028,C30,15088.883981534971,3145394.1177134668,0.004797136198787
FRA,2028,C31T33,46066.401912375295,3145394.1177134668,0.0146456692510963
FRA,2028,D,63614.550535170885,3145394.1177134668,0.0202246676106253
FRA,2028,E,22730.71596000248,3145394.1177134668,0.0072266670278275
FRA,2028,F,166944.92560045354,3145394.1177134668,0.0530759959969066
FRA,2028,G,317350.83432136336,3145394.1177134668,0.1008938220282743
FRA,2028,H49,65938.11220870072,3145394.1177134668,0.0209633863805386
FRA,2028,H50,3635.714258841162,3145394.1177134668,0.0011558851205216
FRA,2028,H51,6192.2349263332135,3145394.1177134668,0.0019686674211862
FRA,2028,H52,48632.835728546466,3145394.1177134668,0.0154616031913673
FRA,2028,H53,11792.762045691228,3145394.1177134668,0.0037492160296478
FRA,2028,I,62614.528171786485,3145394.1177134668,0.0199067353178952
FRA,2028,J58T60,39614.9515442271,3145394.1177134668,0.0125945907131743
FRA,2028,J61,38138.83012130221,3145394.1177134668,0.0121252945398865
FRA,2028,J62_63,99260.49168658468,3145394.1177134668,0.0315574099689427
FRA,2028,K,125294.96538614316,3145394.1177134668,0.0398344247802008
FRA,2028,L,422461.0214589733,3145394.1177134668,0.1343109974930836
FRA,2028,M,265063.6636898346,3145394.1177134668,0.0842704137446921
FRA,2028,N,180312.67263292463,3145394.1177134668,0.0573259394164577
FRA,2028,O,258068.73164342114,3145394.1177134668,0.0820465486948336
FRA,2028,P,177016.14881267506,3145394.1177134668,0.0562778914781453
FRA,2028,Q,299338.3752482675,3145394.1177134668,0.0951672076839358
FRA,2028,R,43832.72838430154,3145394.1177134668,0.0139355281862629
FRA,2028,S,39898.280050396876,3145394.1177134668,0.0126846679803041
FRA,2028,T,1371.8994003239154,3145394.1177134668,0.0004361613676957
FRA,2028,HFCE,0.0,3145394.1177134668,0.0
FRA,2029,A01_02,55990.977954109585,3237742.193635098,0.017293216879398
FRA,2029,A03,1206.7151872868626,3237742.193635098,0.0003727026783229
FRA,2029,B05_06,245.59018952785584,3237742.193635098,7.585229917645953e-05
FRA,2029,B07_08,2229.6169424344907,3237742.193635098,0.0006886332540057
FRA,2029,B09,180.91764663702796,3237742.193635098,5.587771842757714e-05
FRA,2029,C10T12,72213.30623407927,3237742.193635098,0.0223035998283123
FRA,2029,C13T15,8224.858194597376,3237742.193635098,0.0025403067022341
FRA,2029,C16,4871.676477164257,3237742.193635098,0.0015046523737255
FRA,2029,C17_18,11552.667315246594,3237742.193635098,0.0035681245214512
FRA,2029,C19,1789.1817569476184,3237742.193635098,0.0005526016742361
FRA,2029,C20,30863.006097342088,3237742.193635098,0.0095322617588312
FRA,2029,C21,18958.845579902092,3237742.193635098,0.0058555760298557
FRA,2029,C22,16843.129533902185,3237742.193635098,0.0052021218882137
FRA,2029,C23,12670.02683559687,3237742.193635098,0.0039132290583556
FRA,2029,C24,5046.664658248419,3237742.193635098,0.0015586987340034
FRA,2029,C25,28045.268908789636,3237742.193635098,0.0086619833302115
FRA,2029,C26,18488.625172103133,3237742.193635098,0.0057103450696133
FRA,2029,C27,10252.87330823381,3237742.193635098,0.0031666737791506
FRA,2029,C28,17829.489233897908,3237742.193635098,0.0055067661869274
FRA,2029,C29,17160.838571898752,3237742.193635098,0.0053002486132572
FRA,2029,C30,15531.890279426958,3237742.193635098,0.004797136198787
FRA,2029,C31T33,47418.90128829864,3237742.193635098,0.0146456692510963
FRA,2029,D,65482.25967516667,3237742.193635098,0.0202246676106253
FRA,2029,E,23398.084755348646,3237742.193635098,0.0072266670278275
FRA,2029,F,171846.39170839207,3237742.193635098,0.0530759959969066
FRA,2029,G,326668.18465805403,3237742.193635098,0.1008938220282743
FRA,2029,H49,67874.04060574519,3237742.193635098,0.0209633863805386
FRA,2029,H50,3742.458025707775,3237742.193635098,0.0011558851205216
FRA,2029,H51,6374.037574809358,3237742.193635098,0.0019686674211862
FRA,2029,H52,50060.685033933,3237742.193635098,0.0154616031913673
FRA,2029,H53,12138.99493224374,3237742.193635098,0.0037492160296478
FRA,2029,I,64452.876876275295,3237742.193635098,0.0199067353178952
FRA,2029,J58T60,40778.037763609194,3237742.193635098,0.0125945907131743
FRA,2029,J61,39258.577742043795,3237742.193635098,0.0121252945398865
FRA,2029,J62_63,102174.75777828664,3237742.193635098,0.0315574099689427
FRA,2029,K,128973.59787003965,3237742.193635098,0.0398344247802008
FRA,2029,L,434864.3836525746,3237742.193635098,0.1343109974930836
FRA,2029,M,272845.87425627676,3237742.193635098,0.0842704137446921
FRA,2029,N,185606.6128384345,3237742.193635098,0.0573259394164577
FRA,2029,O,265645.57255139947,3237742.193635098,0.0820465486948336
FRA,2029,P,182213.30380760814,3237742.193635098,0.0562778914781453
FRA,2029,Q,308126.8837687133,3237742.193635098,0.0951672076839358
FRA,2029,R,45119.64759925458,3237742.193635098,0.0139355281862629
FRA,2029,S,41069.684732082686,3237742.193635098,0.0126846679803041
FRA,2029,T,1412.1780634219604,3237742.193635098,0.0004361613676957
FRA,2029,HFCE,0.0,3237742.193635098,0.0
FRA,2030,A01_02,57636.207063781396,3332879.444335506,0.017293216879398
FRA,2030,A03,1242.1730954311818,3332879.444335506,0.0003727026783229
FRA,2030,B05_06,252.80656873080898,3332879.444335506,7.585229917645953e-05
FRA,2030,B07_08,2295.1316169614684,3332879.444335506,0.0006886332540057
FRA,2030,B09,186.23369914363914,3332879.444335506,5.587771842757714e-05
FRA,2030,C10T12,74335.20940246698,3332879.444335506,0.0223035998283123
FRA,2030,C13T15,8466.535990183747,3332879.444335506,0.0025403067022341
FRA,2030,C16,5014.824967260344,3332879.444335506,0.0015046523737255
FRA,2030,C17_18,11892.128872374169,3332879.444335506,0.0035681245214512
FRA,2030,C19,1841.7547609668832,3332879.444335506,0.0005526016742361
FRA,2030,C20,31769.87927403392,3332879.444335506,0.0095322617588312
FRA,2030,C21,19515.928984649774,3332879.444335506,0.0058555760298557
FRA,2030,C22,17338.04510815525,3332879.444335506,0.0052021218882137
FRA,2030,C23,13042.320689569766,3332879.444335506,0.0039132290583556
FRA,2030,C24,5194.954970471708,3332879.444335506,0.0015586987340034
FRA,2030,C25,28869.346188438718,3332879.444335506,0.0086619833302115
FRA,2030,C26,19031.89170257677,3332879.444335506,0.0057103450696133
FRA,2030,C27,10554.141945447269,3332879.444335506,0.0031666737791506
FRA,2030,C28,18353.387829172145,3332879.444335506,0.0055067661869274
FRA,2030,C29,17665.08965299269,3332879.444335506,0.0053002486132572
FRA,2030,C30,15988.276628614958,3332879.444335506,0.004797136198787
FRA,2030,C31T33,48812.24999551544,3332879.444335506,0.0146456692510963
FRA,2030,D,67406.37894797114,3332879.444335506,0.0202246676106253
FRA,2030,E,24085.60998810344,3332879.444335506,0.0072266670278275
FRA,2030,F,176895.8960457236,3332879.444335506,0.0530759959969066
FRA,2030,G,336266.9454984802,3332879.444335506,0.1008938220282743
FRA,2030,H49,69868.43955136,3332879.444335506,0.0209633863805386
FRA,2030,H50,3852.4257581997094,3332879.444335506,0.0011558851205216
FRA,2030,H51,6561.3311808044755,3332879.444335506,0.0019686674211862
FRA,2030,H52,51531.659452980326,3332879.444335506,0.0154616031913673
FRA,2030,H53,12495.68503758633,3332879.444335506,0.0037492160296478
FRA,2030,I,66346.74894484055,3332879.444335506,0.0199067353178952
FRA,2030,J58T60,41976.25249775749,3332879.444335506,0.0125945907131743
FRA,2030,J61,40412.144928501264,3332879.444335506,0.0121252945398865
FRA,2030,J62_63,105177.0430019575,3332879.444335506,0.0315574099689427
FRA,2030,K,132763.33552686014,3332879.444335506,0.0398344247802008
FRA,2030,L,447642.3626928959,3332879.444335506,0.1343109974930836
FRA,2030,M,280863.12973533256,3332879.444335506,0.0842704137446921
FRA,2030,N,191060.44510833442,3332879.444335506,0.0573259394164577
FRA,2030,O,273451.25562368304,3332879.444335506,0.0820465486948336
FRA,2030,P,187567.4276780548,3332879.444335506,0.0562778914781453
FRA,2030,Q,317180.8302645976,3332879.444335506,0.0951672076839358
FRA,2030,R,46445.435437953674,3332879.444335506,0.0139355281862629
FRA,2030,S,42276.46916977631,3332879.444335506,0.0126846679803041
FRA,2030,T,1453.673256806259,3332879.444335506,0.0004361613676957
FRA,2030,HFCE,0.0,3332879.444335506,0.0
FRA,2031,A01_02,59329.66997781712,3430805.8698146893,0.017293216879398
FRA,2031,A03,1278.6705364858612,3430805.8698146893,0.0003727026783229
FRA,2031,B05_06,260.2345132535373,3430805.8698146893,7.585229917645953e-05
FRA,2031,B07_08,2362.5670099923454,3430805.8698146893,0.0006886332540057
FRA,2031,B09,191.7056043731841,3430805.8698146893,5.587771842757714e-05
FRA,2031,C10T12,76519.32120897174,3430805.8698146893,0.0223035998283123
FRA,2031,C13T15,8715.299145154346,3430805.8698146893,0.0025403067022341
FRA,2031,C16,5162.170195808051,3430805.8698146893,0.0015046523737255
FRA,2031,C17_18,12241.542552424507,3430805.8698146893,0.0035681245214512
FRA,2031,C19,1895.8690676386366,3430805.8698146893,0.0005526016742361
FRA,2031,C20,32703.339594808174,3430805.8698146893,0.0095322617588312
FRA,2031,C21,20089.344614375128,3430805.8698146893,0.0058555760298557
FRA,2031,C22,17847.470309575037,3430805.8698146893,0.0052021218882137
FRA,2031,C23,13425.529223335801,3430805.8698146893,0.0039132290583556
FRA,2031,C24,5347.59276589159,3430805.8698146893,0.0015586987340034
FRA,2031,C25,29717.583253526605,3430805.8698146893,0.0086619833302115
FRA,2031,C26,19591.08538349668,3430805.8698146893,0.0057103450696133
FRA,2031,C27,10864.242989298144,3430805.8698146893,0.0031666737791506
FRA,2031,C28,18892.64575780758,3430805.8698146893,0.0055067661869274
FRA,2031,C29,18184.12405383997,3430805.8698146893,0.0053002486132572
FRA,2031,C30,16458.043029098968,3430805.8698146893,0.004797136198787
FRA,2031,C31T33,50246.44803402569,3430805.8698146893,0.0146456692510963
FRA,2031,D,69386.9083535843,3430805.8698146893,0.0202246676106253
FRA,2031,E,24793.291658266862,3430805.8698146893,0.0072266670278275
FRA,2031,F,182093.4386124481,3430805.8698146893,0.0530759959969066
FRA,2031,G,346147.116842642,3430805.8698146893,0.1008938220282743
FRA,2031,H49,71921.30904554515,3430805.8698146893,0.0209633863805386
FRA,2031,H50,3965.6174563169648,3430805.8698146893,0.0011558851205216
FRA,2031,H51,6754.115744318562,3430805.8698146893,0.0019686674211862
FRA,2031,H52,53045.758985688466,3430805.8698146893,0.0154616031913673
FRA,2031,H53,12862.832361718996,3430805.8698146893,0.0037492160296478
FRA,2031,I,68296.14437748224,3430805.8698146893,0.0199067353178952
FRA,2031,J58T60,43209.59574667196,3430805.8698146893,0.0125945907131743
FRA,2031,J61,41599.531680674605,3430805.8698146893,0.0121252945398865
FRA,2031,J62_63,108267.3473575972,3430805.8698146893,0.0315574099689427
FRA,2031,K,136664.17835660462,3430805.8698146893,0.0398344247802008
FRA,2031,L,460794.95857993717,3430805.8698146893,0.1343109974930836
FRA,2031,M,289115.4301270021,3430805.8698146893,0.0842704137446921
FRA,2031,N,196674.16944262435,3430805.8698146893,0.0573259394164577
FRA,2031,O,281485.7808602719,3430805.8698146893,0.0820465486948336
FRA,2031,P,193078.52042401498,3430805.8698146893,0.0562778914781453
FRA,2031,Q,326500.21473592054,3430805.8698146893,0.0951672076839358
FRA,2031,R,47810.09190039881,3430805.8698146893,0.0139355281862629
FRA,2031,S,43518.63336347775,3430805.8698146893,0.0126846679803041
FRA,2031,T,1496.3849804768106,3430805.8698146893,0.0004361613676957
FRA,2031,HFCE,0.0,3430805.8698146893,0.0
FRA,2032,A01_02,61071.36669621677,3531521.470072649,0.017293216879398
FRA,2032,A03,1316.2075104509015,3531521.470072649,0.0003727026783229
FRA,2032,B05_06,267.87402309604073,3531521.470072649,7.585229917645953e-05
FRA,2032,B07_08,2431.9231215271216,3531521.470072649,0.0006886332540057
FRA,2032,B09,197.33336232566276,3531521.470072649,5.587771842757714e-05
FRA,2032,C10T12,78765.64165359354,3531521.470072649,0.0223035998283123
FRA,2032,C13T15,8971.147659509172,3531521.470072649,0.0025403067022341
FRA,2032,C16,5313.712162807378,3531521.470072649,0.0015046523737255
FRA,2032,C17_18,12600.908355397609,3531521.470072649,0.0035681245214512
FRA,2032,C19,1951.5246769628789,3531521.470072649,0.0005526016742361
FRA,2032,C20,33663.38705966485,3531521.470072649,0.0095322617588312
FRA,2032,C21,20679.092469078165,3531521.470072649,0.0058555760298557
FRA,2032,C22,18371.40513816155,3531521.470072649,0.0052021218882137
FRA,2032,C23,13819.652436894976,3531521.470072649,0.0039132290583556
FRA,2032,C24,5504.578044508064,3531521.470072649,0.0015586987340034
FRA,2032,C25,30589.9801040533,3531521.470072649,0.0086619833302115
FRA,2032,C26,20166.206214862865,3531521.470072649,0.0057103450696133
FRA,2032,C27,11183.176439786437,3531521.470072649,0.0031666737791506
FRA,2032,C28,19447.26301980421,3531521.470072649,0.0055067661869274
FRA,2032,C29,18717.941774440584,3531521.470072649,0.0053002486132572
FRA,2032,C30,16941.189480878988,3531521.470072649,0.004797136198787
FRA,2032,C31T33,51721.495403829394,3531521.470072649,0.0146456692510963
FRA,2032,D,71423.84789200615,3531521.470072649,0.0202246676106253
FRA,2032,E,25521.129765838912,3531521.470072649,0.0072266670278275
FRA,2032,F,187439.01940856563,3531521.470072649,0.0530759959969066
FRA,2032,G,356308.69869053946,3531521.470072649,0.1008938220282743
FRA,2032,H49,74032.64908830063,3531521.470072649,0.0209633863805386
FRA,2032,H50,4082.033120059542,3531521.470072649,0.0011558851205216
FRA,2032,H51,6952.39126535162,3531521.470072649,0.0019686674211862
FRA,2032,H52,54602.9836320574,3531521.470072649,0.0154616031913673
FRA,2032,H53,13240.436904641738,3531521.470072649,0.0037492160296478
FRA,2032,I,70301.06317420039,3531521.470072649,0.0199067353178952
FRA,2032,J58T60,44478.06751035264,3531521.470072649,0.0125945907131743
FRA,2032,J61,42820.73799856384,3531521.470072649,0.0121252945398865
FRA,2032,J62_63,111445.67084520578,3531521.470072649,0.0315574099689427
FRA,2032,K,140676.1263592731,3531521.470072649,0.0398344247802008
FRA,2032,L,474322.1713136984,3531521.470072649,0.1343109974930836
FRA,2032,M,297602.77543128544,3531521.470072649,0.0842704137446921
FRA,2032,N,202447.7858413043,3531521.470072649,0.0573259394164577
FRA,2032,O,289749.14826116594,3531521.470072649,0.0820465486948336
FRA,2032,P,198746.58204548867,3531521.470072649,0.0562778914781453
FRA,2032,Q,336085.0371826821,3531521.470072649,0.0951672076839358
FRA,2032,R,49213.616986589994,3531521.470072649,0.0139355281862629
FRA,2032,S,44796.17731318699,3531521.470072649,0.0126846679803041
FRA,2032,T,1540.3132344336157,3531521.470072649,0.0004361613676957
FRA,2032,HFCE,0.0,3531521.470072649,0.0
FRA,2033,A01_02,62861.297218980326,3635026.245109384,0.017293216879398
FRA,2033,A03,1354.7840173263019,3635026.245109384,0.0003727026783229
FRA,2033,B05_06,275.7250982583193,3635026.245109384,7.585229917645953e-05
FRA,2033,B07_08,2503.1999515657963,3635026.245109384,0.0006886332540057
FRA,2033,B09,203.11697300107517,3635026.245109384,5.587771842757714e-05
FRA,2033,C10T12,81074.17073633237,3635026.245109384,0.0223035998283123
FRA,2033,C13T15,9234.081533248222,3635026.245109384,0.0025403067022341
FRA,2033,C16,5469.4508682583255,3635026.245109384,0.0015046523737255
FRA,2033,C17_18,12970.226281293473,3635026.245109384,0.0035681245214512
FRA,2033,C19,2008.7215889396095,3635026.245109384,0.0005526016742361
FRA,2033,C20,34650.02166860395,3635026.245109384,0.0095322617588312
FRA,2033,C21,21285.172548758877,3635026.245109384,0.0058555760298557
FRA,2033,C22,18909.849593914783,3635026.245109384,0.0052021218882137
FRA,2033,C23,14224.690330247286,3635026.245109384,0.0039132290583556
FRA,2033,C24,5665.91080632113,3635026.245109384,0.0015586987340034
FRA,2033,C25,31486.536740018786,3635026.245109384,0.0086619833302115
FRA,2033,C26,20757.254196675316,3635026.245109384,0.0057103450696133
FRA,2033,C27,11510.942296912148,3635026.245109384,0.0031666737791506
FRA,2033,C28,20017.239615162027,3635026.245109384,0.0055067661869274
FRA,2033,C29,19266.54281479454,3635026.245109384,0.0053002486132572
FRA,2033,C30,17437.71598395501,3635026.245109384,0.004797136198787
FRA,2033,C31T33,53237.39210492655,3635026.245109384,0.0146456692510963
FRA,2033,D,73517.19756323665,3635026.245109384,0.0202246676106253
FRA,2033,E,26269.12431081959,3635026.245109384,0.0072266670278275
FRA,2033,F,192932.6384340761,3635026.245109384,0.0530759959969066
FRA,2033,G,366751.6910421724,3635026.245109384,0.1008938220282743
FRA,2033,H49,76202.45967962642,3635026.245109384,0.0209633863805386
FRA,2033,H50,4201.672749427439,3635026.245109384,0.0011558851205216
FRA,2033,H51,7156.157743903646,3635026.245109384,0.0019686674211862
FRA,2033,H52,56203.333392087145,3635026.245109384,0.0154616031913673
FRA,2033,H53,13628.498666354555,3635026.245109384,0.0037492160296478
FRA,2033,I,72361.50533499496,3635026.245109384,0.0199067353178952
FRA,2033,J58T60,45781.667788799496,3635026.245109384,0.0125945907131743
FRA,2033,J61,44075.76388216894,3635026.245109384,0.0121252945398865
FRA,2033,J62_63,114712.01346478322,3635026.245109384,0.0315574099689427
FRA,2033,K,144799.1795348655,3635026.245109384,0.0398344247802008
FRA,2033,L,488224.0008941795,3635026.245109384,0.1343109974930836
FRA,2033,M,306325.16564818233,3635026.245109384,0.0842704137446921
FRA,2033,N,208381.29430437426,3635026.245109384,0.0573259394164577
FRA,2033,O,298241.3578263652,3635026.245109384,0.0820465486948336
FRA,2033,P,204571.6125424759,3635026.245109384,0.0562778914781453
FRA,2033,Q,345935.29760488204,3635026.245109384,0.0951672076839358
FRA,2033,R,50656.01069652721,3635026.245109384,0.0139355281862629
FRA,2033,S,46109.101018904046,3635026.245109384,0.0126846679803041
FRA,2033,T,1585.4580186766739,3635026.245109384,0.0004361613676957
FRA,2033,HFCE,0.0,3635026.245109384,0.0
FRA,2034,A01_02,64699.46154610783,3741320.194924896,0.017293216879398
FRA,2034,A03,1394.400057112063,3741320.194924896,0.0003727026783229
FRA,2034,B05_06,283.78773874037313,3741320.194924896,7.585229917645953e-05
FRA,2034,B07_08,2576.397500108371,3741320.194924896,0.0006886332540057
FRA,2034,B09,209.05643639942136,3741320.194924896,5.587771842757714e-05
FRA,2034,C10T12,83444.90845718826,3741320.194924896,0.0223035998283123
FRA,2034,C13T15,9504.100766371503,3741320.194924896,0.0025403067022341
FRA,2034,C16,5629.386312160896,3741320.194924896,0.0015046523737255
FRA,2034,C17_18,13349.496330112106,3741320.194924896,0.0035681245214512
FRA,2034,C19,2067.4598035688296,3741320.194924896,0.0005526016742361
FRA,2034,C20,35663.24342162548,3741320.194924896,0.0095322617588312
FRA,2034,C21,21907.584853417276,3741320.194924896,0.0058555760298557
FRA,2034,C22,19462.80367683475,3741320.194924896,0.0052021218882137
FRA,2034,C23,14640.64290339274,3741320.194924896,0.0039132290583556
FRA,2034,C24,5831.591051330789,3741320.194924896,0.0015586987340034
FRA,2034,C25,32407.25316142309,3741320.194924896,0.0086619833302115
FRA,2034,C26,21364.22932893405,3741320.194924896,0.0057103450696133
FRA,2034,C27,11847.540560675281,3741320.194924896,0.0031666737791506
FRA,2034,C28,20602.57554388105,3741320.194924896,0.0055067661869274
FRA,2034,C29,19829.927174901837,3741320.194924896,0.0053002486132572
FRA,2034,C30,17947.622538327054,3741320.194924896,0.004797136198787
FRA,2034,C31T33,54794.13813731717,3741320.194924896,0.0146456692510963
FRA,2034,D,75666.95736727587,3741320.194924896,0.0202246676106253
FRA,2034,E,27037.275293208902,3741320.194924896,0.0072266670278275
FRA,2034,F,198574.29568897962,3741320.194924896,0.0530759959969066
FRA,2034,G,377476.09389754094,3741320.194924896,0.1008938220282743
FRA,2034,H49,78430.74081952259,3741320.194924896,0.0209633863805386
FRA,2034,H50,4324.53634442066,3741320.194924896,0.0011558851205216
FRA,2034,H51,7365.415179974646,3741320.194924896,0.0019686674211862
FRA,2034,H52,57846.8082657777,3741320.194924896,0.0154616031913673
FRA,2034,H53,14027.017646857452,3741320.194924896,0.0037492160296478
FRA,2034,I,74477.47085986599,3741320.194924896,0.0199067353178952
FRA,2034,J58T60,47120.39658201256,3741320.194924896,0.0125945907131743
FRA,2034,J61,45364.60933148994,3741320.194924896,0.0121252945398865
FRA,2034,J62_63,118066.37521632956,3741320.194924896,0.0315574099689427
FRA,2034,K,149033.33788338196,3741320.194924896,0.0398344247802008
FRA,2034,L,502500.4473213807,3741320.194924896,0.1343109974930836
FRA,2034,M,315282.6007776931,3741320.194924896,0.0842704137446921
FRA,2034,N,214474.69483183432,3741320.194924896,0.0573259394164577
FRA,2034,O,306962.4095558698,3741320.194924896,0.0820465486948336
FRA,2034,P,210553.6119149767,3741320.194924896,0.0562778914781453
FRA,2034,Q,356050.9960025208,3741320.194924896,0.0951672076839358
FRA,2034,R,52137.2730302105,3741320.194924896,0.0139355281862629
FRA,2034,S,47457.404480628924,3741320.194924896,0.0126846679803041
FRA,2034,T,1631.8193332059857,3741320.194924896,0.0004361613676957
FRA,2034,HFCE,0.0,3741320.194924896,0.0
FRA,2035,A01_02,66585.85967759923,3850403.319519184,0.017293216879398
FRA,2035,A03,1435.055629808185,3850403.319519184,0.0003727026783229
FRA,2035,B05_06,292.06194454220207,3850403.319519184,7.585229917645953e-05
FRA,2035,B07_08,2651.5157671548445,3850403.319519184,0.0006886332540057
FRA,2035,B09,215.1517525207013,3850403.319519184,5.587771842757714e-05
FRA,2035,C10T12,85877.85481616118,3850403.319519184,0.0223035998283123
FRA,2035,C13T15,9781.20535887901,3850403.319519184,0.0025403067022341
FRA,2035,C16,5793.518494515085,3850403.319519184,0.0015046523737255
FRA,2035,C17_18,13738.718501853502,3850403.319519184,0.0035681245214512
FRA,2035,C19,2127.739320850538,3850403.319519184,0.0005526016742361
FRA,2035,C20,36703.052318729424,3850403.319519184,0.0095322617588312
FRA,2035,C21,22546.32938305335,3850403.319519184,0.0058555760298557
FRA,2035,C22,20030.267386921438,3850403.319519184,0.0052021218882137
FRA,2035,C23,15067.510156331333,3850403.319519184,0.0039132290583556
FRA,2035,C24,6001.6187795370415,3850403.319519184,0.0015586987340034
FRA,2035,C25,33352.1293682662,3850403.319519184,0.0086619833302115
FRA,2035,C26,21987.131611639055,3850403.319519184,0.0057103450696133
FRA,2035,C27,12192.97123107583,3850403.319519184,0.0031666737791506
FRA,2035,C28,21203.270805961263,3850403.319519184,0.0055067661869274
FRA,2035,C29,20408.094854762476,3850403.319519184,0.0053002486132572
FRA,2035,C30,18470.909143995108,3850403.319519184,0.004797136198787
FRA,2035,C31T33,56391.73350100124,3850403.319519184,0.0146456692510963
FRA,2035,D,77873.12730412377,3850403.319519184,0.0202246676106253
FRA,2035,E,27825.582713006843,3850403.319519184,0.0072266670278275
FRA,2035,F,204363.9911732761,3850403.319519184,0.0530759959969066
FRA,2035,G,388481.9072566451,3850403.319519184,0.1008938220282743
FRA,2035,H49,80717.49250798908,3850403.319519184,0.0209633863805386
FRA,2035,H50,4450.6239050392005,3850403.319519184,0.0011558851205216
FRA,2035,H51,7580.163573564616,3850403.319519184,0.0019686674211862
FRA,2035,H52,59533.40825312906,3850403.319519184,0.0154616031913673
FRA,2035,H53,14435.993846150424,3850403.319519184,0.0037492160296478
FRA,2035,I,76648.95974881346,3850403.319519184,0.0199067353178952
FRA,2035,J58T60,48494.253889991815,3850403.319519184,0.0125945907131743
FRA,2035,J61,46687.274346526814,3850403.319519184,0.0121252945398865
FRA,2035,J62_63,121508.75609984476,3850403.319519184,0.0315574099689427
FRA,2035,K,153378.6014048224,3850403.319519184,0.0398344247802008
FRA,2035,L,517151.51059530186,3850403.319519184,0.1343109974930836
FRA,2035,M,324475.08081981755,3850403.319519184,0.0842704137446921
FRA,2035,N,220727.98742368436,3850403.319519184,0.0573259394164577
FRA,2035,O,315912.3034496797,3850403.319519184,0.0820465486948336
FRA,2035,P,216692.58016299104,3850403.319519184,0.0562778914781453
FRA,2035,Q,366432.132375598,3850403.319519184,0.0951672076839358
FRA,2035,R,53657.403987639824,3850403.319519184,0.0139355281862629
FRA,2035,S,48841.08769836161,3850403.319519184,0.0126846679803041
FRA,2035,T,1679.3971780215509,3850403.319519184,0.0004361613676957
FRA,2035,HFCE,0.0,3850403.319519184,0.0
FRA,2036,A01_02,68520.49161345455,3962275.6188922464,0.017293216879398
FRA,2036,A03,1476.7507354146665,3962275.6188922464,0.0003727026783229
FRA,2036,B05_06,300.547715663806,3962275.6188922464,7.585229917645953e-05
FRA,2036,B07_08,2728.5547527052163,3962275.6188922464,0.0006886332540057
FRA,2036,B09,221.4029213649149,3962275.6188922464,5.587771842757714e-05
FRA,2036,C10T12,88373.00981325112,3962275.6188922464,0.0223035998283123
FRA,2036,C13T15,10065.39531077074,3962275.6188922464,0.0025403067022341
FRA,2036,C16,5961.847415320893,3962275.6188922464,0.0015046523737255
FRA,2036,C17_18,14137.892796517655,3962275.6188922464,0.0035681245214512
FRA,2036,C19,2189.560140784735,3962275.6188922464,0.0005526016742361
FRA,2036,C20,37769.44835991578,3962275.6188922464,0.0095322617588312
FRA,2036,C21,23201.406137667098,3962275.6188922464,0.0058555760298557
FRA,2036,C22,20612.24072417484,3962275.6188922464,0.0052021218882137
FRA,2036,C23,15505.292089063056,3962275.6188922464,0.0039132290583556
FRA,2036,C24,6175.993990939883,3962275.6188922464,0.0015586987340034
FRA,2036,C25,34321.1653605481,3962275.6188922464,0.0086619833302115
FRA,2036,C26,22625.961044790325,3962275.6188922464,0.0057103450696133
FRA,2036,C27,12547.234308113791,3962275.6188922464,0.0031666737791506
FRA,2036,C28,21819.32540140266,3962275.6188922464,0.0055067661869274
FRA,2036,C29,21001.045854376443,3962275.6188922464,0.0053002486132572
FRA,2036,C30,19007.57580095916,3962275.6188922464,0.004797136198787
FRA,2036,C31T33,58030.17819597873,3962275.6188922464,0.0146456692510963
FRA,2036,D,80135.70737378033,3962275.6188922464,0.0202246676106253
FRA,2036,E,28634.0465702134,3962275.6188922464,0.0072266670278275
FRA,2036,F,210301.7248869655,3962275.6188922464,0.0530759959969066
FRA,2036,G,399769.13111948466,3962275.6188922464,0.1008938220282743
FRA,2036,H49,83062.71474502588,3962275.6188922464,0.0209633863805386
FRA,2036,H50,4579.935431283062,3962275.6188922464,0.0011558851205216
FRA,2036,H51,7800.402924673554,3962275.6188922464,0.0019686674211862
FRA,2036,H52,61263.1333541412,3962275.6188922464,0.0154616031913673
FRA,2036,H53,14855.427264233467,3962275.6188922464,0.0037492160296478
FRA,2036,I,78875.97200183735,3962275.6188922464,0.0199067353178952
FRA,2036,J58T60,49903.23971273724,3962275.6188922464,0.0125945907131743
FRA,2036,J61,48043.75892727956,3962275.6188922464,0.0121252945398865
FRA,2036,J62_63,125039.15611532878,3962275.6188922464,0.0315574099689427
FRA,2036,K,157834.97009918676,3962275.6188922464,0.0398344247802008
FRA,2036,L,532177.1907159428,3962275.6188922464,0.1343109974930836
FRA,2036,M,333902.6057745556,3962275.6188922464,0.0842704137446921
FRA,2036,N,227141.17207992435,3962275.6188922464,0.0573259394164577
FRA,2036,O,325091.03950779466,3962275.6188922464,0.0820465486948336
FRA,2036,P,222988.51728651885,3962275.6188922464,0.0562778914781453
FRA,2036,Q,377078.70672411367,3962275.6188922464,0.0951672076839358
FRA,2036,R,55216.40356881518,3962275.6188922464,0.0139355281862629
FRA,2036,S,50260.15067210209,3962275.6188922464,0.0126846679803041
FRA,2036,T,1728.1915531233685,3962275.6188922464,0.0004361613676957
FRA,2036,HFCE,0.0,3962275.6188922464,0.0
FRA,2037,A01_02,70503.35735367378,4076937.093044085,0.017293216879398
FRA,2037,A03,1519.4853739315085,4076937.093044085,0.0003727026783229
FRA,2037,B05_06,309.24505210518515,4076937.093044085,7.585229917645953e-05
FRA,2037,B07_08,2807.5144567594875,4076937.093044085,0.0006886332540057
FRA,2037,B09,227.80994293206226,4076937.093044085,5.587771842757714e-05
FRA,2037,C10T12,90930.37344845811,4076937.093044085,0.0223035998283123
FRA,2037,C13T15,10356.670622046697,4076937.093044085,0.0025403067022341
FRA,2037,C16,6134.373074578322,4076937.093044085,0.0015046523737255
FRA,2037,C17_18,14547.019214104572,4076937.093044085,0.0035681245214512
FRA,2037,C19,2252.92226337142,4076937.093044085,0.0005526016742361
FRA,2037,C20,38862.43154518457,4076937.093044085,0.0095322617588312
FRA,2037,C21,23872.81511725852,4076937.093044085,0.0058555760298557
FRA,2037,C22,21208.723688594968,4076937.093044085,0.0052021218882137
FRA,2037,C23,15953.988701587921,4076937.093044085,0.0039132290583556
FRA,2037,C24,6354.716685539317,4076937.093044085,0.0015586987340034
FRA,2037,C25,35314.361138268796,4076937.093044085,0.0086619833302115
FRA,2037,C26,23280.71762838787,4076937.093044085,0.0057103450696133
FRA,2037,C27,12910.329791789174,4076937.093044085,0.0031666737791506
FRA,2037,C28,22450.739330205255,4076937.093044085,0.0055067661869274
FRA,2037,C29,21608.78017374375,4076937.093044085,0.0053002486132572
FRA,2037,C30,19557.622509219225,4076937.093044085,0.004797136198787
FRA,2037,C31T33,59709.47222224969,4076937.093044085,0.0146456692510963
FRA,2037,D,82454.69757624557,4076937.093044085,0.0202246676106253
FRA,2037,E,29462.666864828585,4076937.093044085,0.0072266670278275
FRA,2037,F,216387.4968300479,4076937.093044085,0.0530759959969066
FRA,2037,G,411337.7654860599,4076937.093044085,0.1008938220282743
FRA,2037,H49,85466.407530633,4076937.093044085,0.0209633863805386
FRA,2037,H50,4712.470923152244,4076937.093044085,0.0011558851205216
FRA,2037,H51,8026.133233301462,4076937.093044085,0.0019686674211862
FRA,2037,H52,63035.98356881415,4076937.093044085,0.0154616031913673
FRA,2037,H53,15285.317901106588,4076937.093044085,0.0037492160296478
FRA,2037,I,81158.50761893769,4076937.093044085,0.0199067353178952
FRA,2037,J58T60,51347.35405024886,4076937.093044085,0.0125945907131743
FRA,2037,J61,49434.063073748184,4076937.093044085,0.0121252945398865
FRA,2037,J62_63,128657.57526278167,4076937.093044085,0.0315574099689427
FRA,2037,K,162402.4439664751,4076937.093044085,0.0398344247802008
FRA,2037,L,547577.4876833035,4076937.093044085,0.1343109974930836
FRA,2037,M,343565.1756419073,4076937.093044085,0.0842704137446921
FRA,2037,N,233714.2488005544,4076937.093044085,0.0573259394164577
FRA,2037,O,334498.6177302149,4076937.093044085,0.0820465486948336
FRA,2037,P,229441.42328556016,4076937.093044085,0.0562778914781453
FRA,2037,Q,387990.7190480679,4076937.093044085,0.0951672076839358
FRA,2037,R,56814.271773736575,4076937.093044085,0.0139355281862629
FRA,2037,S,51714.59340185038,4076937.093044085,0.0126846679803041
FRA,2037,T,1778.2024585114395,4076937.093044085,0.0004361613676957
FRA,2037,HFCE,0.0,4076937.093044085,0.0
FRA,2038,A01_02,72534.45689825695,4194387.7419747,0.017293216879398
FRA,2038,A03,1563.2595453587116,4194387.7419747,0.0003727026783229
FRA,2038,B05_06,318.1539538663395,4194387.7419747,7.585229917645953e-05
FRA,2038,B07_08,2888.3948793176583,4194387.7419747,0.0006886332540057
FRA,2038,B09,234.37281722214337,4194387.7419747,5.587771842757714e-05
FRA,2038,C10T12,93549.94572178215,4194387.7419747,0.0223035998283123
FRA,2038,C13T15,10655.031292706883,4194387.7419747,0.0025403067022341
FRA,2038,C16,6311.095472287373,4194387.7419747,0.0015046523737255
FRA,2038,C17_18,14966.097754614257,4194387.7419747,0.0035681245214512
FRA,2038,C19,2317.825688610594,4194387.7419747,0.0005526016742361
FRA,2038,C20,39982.00187453578,4194387.7419747,0.0095322617588312
FRA,2038,C21,24560.55632182763,4194387.7419747,0.0058555760298557
FRA,2038,C22,21819.716280181827,4194387.7419747,0.0052021218882137
FRA,2038,C23,16413.599993905926,4194387.7419747,0.0039132290583556
FRA,2038,C24,6537.786863335345,4194387.7419747,0.0015586987340034
FRA,2038,C25,36331.71670142831,4194387.7419747,0.0086619833302115
FRA,2038,C26,23951.40136243169,4194387.7419747,0.0057103450696133
FRA,2038,C27,13282.257682101976,4194387.7419747,0.0031666737791506
FRA,2038,C28,23097.51259236905,4194387.7419747,0.0055067661869274
FRA,2038,C29,22231.297812864403,4194387.7419747,0.0053002486132572
FRA,2038,C30,20121.049268775303,4194387.7419747,0.004797136198787
FRA,2038,C31T33,61429.61557981411,4194387.7419747,0.0146456692510963
FRA,2038,D,84830.09791151951,4194387.7419747,0.0202246676106253
FRA,2038,E,30311.443596852405,4194387.7419747,0.0072266670278275
FRA,2038,F,222621.3070025233,4194387.7419747,0.0530759959969066
FRA,2038,G,423187.8103563707,4194387.7419747,0.1008938220282743
FRA,2038,H49,87928.57086481049,4194387.7419747,0.0209633863805386
FRA,2038,H50,4848.230380646748,4194387.7419747,0.0011558851205216
FRA,2038,H51,8257.354499448342,4194387.7419747,0.0019686674211862
FRA,2038,H52,64851.95889714791,4194387.7419747,0.0154616031913673
FRA,2038,H53,15725.665756769786,4194387.7419747,0.0037492160296478
FRA,2038,I,83496.56660011447,4194387.7419747,0.0199067353178952
FRA,2038,J58T60,52826.59690252668,4194387.7419747,0.0125945907131743
FRA,2038,J61,50858.186785932696,4194387.7419747,0.0121252945398865
FRA,2038,J62_63,132364.01354220347,4194387.7419747,0.0315574099689427
FRA,2038,K,167081.02300668746,4194387.7419747,0.0398344247802008
FRA,2038,L,563352.4014973845,4194387.7419747,0.1343109974930836
FRA,2038,M,353462.79042187287,4194387.7419747,0.0842704137446921
FRA,2038,N,240447.2175855745,4194387.7419747,0.0573259394164577
FRA,2038,O,344135.0381169404,4194387.7419747,0.0820465486948336
FRA,2038,P,236051.29816011508,4194387.7419747,0.0562778914781453
FRA,2038,Q,399168.16934746085,4194387.7419747,0.0951672076839358
FRA,2038,R,58451.008602404036,4194387.7419747,0.0139355281862629
FRA,2038,S,53204.4158876065,4194387.7419747,0.0126846679803041
FRA,2038,T,1829.4298941857642,4194387.7419747,0.0004361613676957
FRA,2038,HFCE,0.0,4194387.7419747,0.0
FRA,2039,A01_02,74613.79024720403,4314627.565684091,0.017293216879398
FRA,2039,A03,1608.073249696275,4314627.565684091,0.0003727026783229
FRA,2039,B05_06,327.274420947269,4314627.565684091,7.585229917645953e-05
FRA,2039,B07_08,2971.1960203797275,4314627.565684091,0.0006886332540057
FRA,2039,B09,241.09154423515824,4314627.565684091,5.587771842757714e-05
FRA,2039,C10T12,96231.72663322322,4314627.565684091,0.0223035998283123
FRA,2039,C13T15,10960.477322751296,4314627.565684091,0.0025403067022341
FRA,2039,C16,6492.014608448044,4314627.565684091,0.0015046523737255
FRA,2039,C17_18,15395.128418046705,4314627.565684091,0.0035681245214512
FRA,2039,C19,2384.2704165022574,4314627.565684091,0.0005526016742361
FRA,2039,C20,41128.15934796941,4314627.565684091,0.0095322617588312
FRA,2039,C21,25264.629751374414,4314627.565684091,0.0058555760298557
FRA,2039,C22,22445.218498935406,4314627.565684091,0.0052021218882137
FRA,2039,C23,16884.12596601707,4314627.565684091,0.0039132290583556
FRA,2039,C24,6725.2045243279645,4314627.565684091,0.0015586987340034
FRA,2039,C25,37373.23205002662,4314627.565684091,0.0086619833302115
FRA,2039,C26,24638.012246921786,4314627.565684091,0.0057103450696133
FRA,2039,C27,13663.017979052194,4314627.565684091,0.0031666737791506
FRA,2039,C28,23759.645187894035,4314627.565684091,0.0055067661869274
FRA,2039,C29,22868.598771738394,4314627.565684091,0.0053002486132572
FRA,2039,C30,20697.85607962739,4314627.565684091,0.004797136198787
FRA,2039,C31T33,63190.608268671975,4314627.565684091,0.0146456692510963
FRA,2039,D,87261.90837960212,4314627.565684091,0.0202246676106253
FRA,2039,E,31180.37676628485,4314627.565684091,0.0072266670278275
FRA,2039,F,229003.1554043917,4314627.565684091,0.0530759959969066
FRA,2039,G,435319.26573041704,4314627.565684091,0.1008938220282743
FRA,2039,H49,90449.2047475583,4314627.565684091,0.0209633863805386
FRA,2039,H50,4987.213803766574,4314627.565684091,0.0011558851205216
FRA,2039,H51,8494.066723114192,4314627.565684091,0.0019686674211862
FRA,2039,H52,66711.05933914246,4314627.565684091,0.0154616031913673
FRA,2039,H53,16176.470831223061,4314627.565684091,0.0037492160296478
FRA,2039,I,85890.1489453677,4314627.565684091,0.0199067353178952
FRA,2039,J58T60,54340.968269570694,4314627.565684091,0.0125945907131743
FRA,2039,J61,52316.130063833094,4314627.565684091,0.0121252945398865
FRA,2039,J62_63,136158.4709535941,4314627.565684091,0.0315574099689427
FRA,2039,K,171870.70721982382,4314627.565684091,0.0398344247802008
FRA,2039,L,579501.9321581853,4314627.565684091,0.1343109974930836
FRA,2039,M,363595.45011445205,4314627.565684091,0.0842704137446921
FRA,2039,N,247340.07843498458,4314627.565684091,0.0573259394164577
FRA,2039,O,354000.3006679712,4314627.565684091,0.0820465486948336
FRA,2039,P,242818.1419101835,4314627.565684091,0.0562778914781453
FRA,2039,Q,410611.05762229225,4314627.565684091,0.0951672076839358
FRA,2039,R,60126.61405481754,4314627.565684091,0.0139355281862629
FRA,2039,S,54729.61812937042,4314627.565684091,0.0126846679803041
FRA,2039,T,1881.873860146342,4314627.565684091,0.0004361613676957
FRA,2039,HFCE,0.0,4314627.565684091,0.0
FRA,2040,A01_02,76741.35740051503,4437656.564172259,0.017293216879398
FRA,2040,A03,1653.926486944199,4437656.564172259,0.0003727026783229
FRA,2040,B05_06,336.6064533479736,4437656.564172259,7.585229917645953e-05
FRA,2040,B07_08,3055.9178799456968,4437656.564172259,0.0006886332540057
FRA,2040,B09,247.96612397110687,4437656.564172259,5.587771842757714e-05
FRA,2040,C10T12,98975.71618278134,4437656.564172259,0.0223035998283123
FRA,2040,C13T15,11273.008712179937,4437656.564172259,0.0025403067022341
FRA,2040,C16,6677.130483060336,4437656.564172259,0.0015046523737255
FRA,2040,C17_18,15834.111204401917,4437656.564172259,0.0035681245214512
FRA,2040,C19,2452.2564470464094,4437656.564172259,0.0005526016742361
FRA,2040,C20,42300.90396548547,4437656.564172259,0.0095322617588312
FRA,2040,C21,25985.03540589888,4437656.564172259,0.0058555760298557
FRA,2040,C22,23085.23034485571,4437656.564172259,0.0052021218882137
FRA,2040,C23,17365.566617921355,4437656.564172259,0.0039132290583556
FRA,2040,C24,6916.9696685171775,4437656.564172259,0.0015586987340034
FRA,2040,C25,38438.90718406375,4437656.564172259,0.0086619833302115
FRA,2040,C26,25340.55028185815,4437656.564172259,0.0057103450696133
FRA,2040,C27,14052.610682639834,4437656.564172259,0.0031666737791506
FRA,2040,C28,24437.137116780217,4437656.564172259,0.0055067661869274
FRA,2040,C29,23520.683050365722,4437656.564172259,0.0053002486132572
FRA,2040,C30,21288.04294177549,4437656.564172259,0.004797136198787
FRA,2040,C31T33,64992.450288823304,4437656.564172259,0.0146456692510963
FRA,2040,D,89750.12898049342,4437656.564172259,0.0202246676106253
FRA,2040,E,32069.46637312593,4437656.564172259,0.0072266670278275
FRA,2040,F,235533.04203565308,4437656.564172259,0.0530759959969066
FRA,2040,G,447732.13160819904,4437656.564172259,0.1008938220282743
FRA,2040,H49,93028.30917887644,4437656.564172259,0.0209633863805386
FRA,2040,H50,5129.421192511721,4437656.564172259,0.0011558851205216
FRA,2040,H51,8736.269904299013,4437656.564172259,0.0019686674211862
FRA,2040,H52,68613.28489479783,4437656.564172259,0.0154616031913673
FRA,2040,H53,16637.733124466413,4437656.564172259,0.0037492160296478
FRA,2040,I,88339.25465469738,4437656.564172259,0.0199067353178952
FRA,2040,J58T60,55890.4681513809,4437656.564172259,0.0125945907131743
FRA,2040,J61,53807.89290744937,4437656.564172259,0.0121252945398865
FRA,2040,J62_63,140040.94749695362,4437656.564172259,0.0315574099689427
FRA,2040,K,176771.49660588417,4437656.564172259,0.0398344247802008
FRA,2040,L,596026.0796657061,4437656.564172259,0.1343109974930836
FRA,2040,M,373963.15471964504,4437656.564172259,0.0842704137446921
FRA,2040,N,254392.83134878473,4437656.564172259,0.0573259394164577
FRA,2040,O,364094.4053833072,4437656.564172259,0.0820465486948336
FRA,2040,P,249741.9545357655,4437656.564172259,0.0562778914781453
FRA,2040,Q,422319.3838725623,4437656.564172259,0.0951672076839358
FRA,2040,R,61841.088130977085,4437656.564172259,0.0139355281862629
FRA,2040,S,56290.200127142154,4437656.564172259,0.0126846679803041
FRA,2040,T,1935.5343563931733,4437656.564172259,0.0004361613676957
FRA,2040,HFCE,0.0,4437656.564172259,0.0
DEU,2021,A01_02,32089.203411553775,3893641.4633007967,0.0082414376654882
DEU,2021,A03,181.20951539793003,3893641.4633007967,4.653985661132533e-05
DEU,2021,B05_06,2466.524159039771,3893641.4633007967,0.0006334749057631
DEU,2021,B07_08,2939.191853588953,3893641.4633007967,0.0007548696718206
DEU,2021,B09,141.70098524417915,3893641.4633007967,3.639292076062225e-05
DEU,2021,C10T12,64194.739958478414,3893641.4633007967,0.0164870701536186
DEU,2021,C13T15,8567.612374179376,3893641.4633007967,0.0022004112229985
DEU,2021,C16,11530.972853756268,3893641.4633007967,0.0029614880985937
DEU,2021,C17_18,22930.94954747767,3893641.4633007967,0.0058893325858612
DEU,2021,C19,2542.6718847551015,3893641.4633007967,0.0006530318491625
DEU,2021,C20,62196.13805600782,3893641.4633007967,0.0159737712478749
DEU,2021,C21,31552.74820184026,3893641.4633007967,0.0081036604164092
DEU,2021,C22,37447.90648048004,3893641.4633007967,0.0096177079562775
DEU,2021,C23,24157.590085631437,3893641.4633007967,0.006204369434969
DEU,2021,C24,22656.707375879978,3893641.4633007967,0.0058188992462272
DEU,2021,C25,67255.10601907542,3893641.4633007967,0.0172730608745009
DEU,2021,C26,53327.57662671863,3893641.4633007967,0.0136960675833544
DEU,2021,C27,54222.919378498955,3893641.4633007967,0.0139260175569766
DEU,2021,C28,118373.73644591276,3893641.4633007967,0.0304018070388953
DEU,2021,C29,149364.75722182423,3893641.4633007967,0.0383611995684887
DEU,2021,C30,16794.10500895888,3893641.4633007967,0.004313213008247
DEU,2021,C31T33,55086.92016781097,3893641.4633007967,0.0141479180060692
DEU,2021,D,79769.70884283265,3893641.4633007967,0.0204871736637016
DEU,2021,E,43464.018248082175,3893641.4633007967,0.011162819858415
DEU,2021,F,210732.209375809,3893641.4633007967,0.0541221402540651
DEU,2021,G,403879.0395493558,3893641.4633007967,0.1037278453489067
DEU,2021,H49,58623.48541168563,3893641.4633007967,0.0150562104816883
DEU,2021,H50,9849.32206469799,3893641.4633007967,0.0025295914268255
DEU,2021,H51,5252.868766084398,3893641.4633007967,0.0013490889738038
DEU,2021,H52,65738.11089199841,3893641.4633007967,0.0168834525499093
DEU,2021,H53,25424.511667097915,3893641.4633007967,0.006529751623701
DEU,2021,I,39195.99340124949,3893641.4633007967,0.0100666673525768
DEU,2021,J58T60,36459.97250859087,3893641.4633007967,0.0093639778732175
DEU,2021,J61,37073.899752292746,3893641.4633007967,0.0095216521864506
DEU,2021,J62_63,121256.42447984079,3893641.4633007967,0.0311421648918457
DEU,2021,K,155555.8983995489,3893641.4633007967,0.0399512640970486
DEU,2021,L,418914.9046074505,3893641.4633007967,0.1075894913684013
DEU,2021,M,252889.02499911157,3893641.4633007967,0.0649492325841238
DEU,2021,N,188020.43284756376,3893641.4633007967,0.0482890976531186
DEU,2021,O,256898.92009167175,3893641.4633007967,0.0659790898861777
DEU,2021,P,186242.10755455375,3893641.4633007967,0.047832372166252
DEU,2021,Q,318250.25982833095,3893641.4633007967,0.0817358924359043
DEU,2021,R,43537.07592116005,3893641.4633007967,0.01118158318672
DEU,2021,S,87138.38079357582,3893641.4633007967,0.0223796622300465
DEU,2021,T,9453.905686092248,3893641.4633007967,0.0024280370381298
DEU,2021,HFCE,0.0,3893641.4633007967,0.0
DEU,2022,A01_02,30726.17053201143,3728253.707563691,0.0082414376654882
DEU,2022,A03,173.51239296065623,3728253.707563691,4.653985661132533e-05
DEU,2022,B05_06,2361.7551660598374,3728253.707563691,0.0006334749057631
DEU,2022,B07_08,2814.345652692539,3728253.707563691,0.0007548696718206
DEU,2022,B09,135.6820417548615,3728253.707563691,3.639292076062225e-05
DEU,2022,C10T12,61467.980427091214,3728253.707563691,0.0164870701536186
DEU,2022,C13T15,8203.691300308914,3728253.707563691,0.0022004112229985
DEU,2022,C16,11041.178983487707,3728253.707563691,0.0029614880985937
DEU,2022,C17_18,21956.926048312678,3728253.707563691,0.0058893325858612
DEU,2022,C19,2434.6684127972635,3728253.707563691,0.0006530318491625
DEU,2022,C20,59554.27187866388,3728253.707563691,0.0159737712478749
DEU,2022,C21,30212.50199231472,3728253.707563691,0.0081036604164092
DEU,2022,C22,35857.255346256396,3728253.707563691,0.0096177079562775
DEU,2022,C23,23131.463349018017,3728253.707563691,0.006204369434969
DEU,2022,C24,21694.332688686125,3728253.707563691,0.0058188992462272
DEU,2022,C25,64398.3532463313,3728253.707563691,0.0172730608745009
DEU,2022,C26,51062.41474668392,3728253.707563691,0.0136960675833544
DEU,2022,C27,51919.72658839507,3728253.707563691,0.0139260175569766
DEU,2022,C28,113345.64980939732,3728253.707563691,0.0304018070388953
DEU,2022,C29,143020.28451780864,3728253.707563691,0.0383611995684887
DEU,2022,C30,16080.752389508818,3728253.707563691,0.004313213008247
DEU,2022,C31T33,52747.02776043459,3728253.707563691,0.0141479180060692
DEU,2022,D,76381.3811691967,3728253.707563691,0.0204871736637016
DEU,2022,E,41617.82452400132,3728253.707563691,0.011162819858415
DEU,2022,F,201781.0700635003,3728253.707563691,0.0541221402540651
DEU,2022,G,386723.7239996545,3728253.707563691,0.1037278453489067
DEU,2022,H49,56133.37255021371,3728253.707563691,0.0150562104816883
DEU,2022,H50,9430.958615683498,3728253.707563691,0.0025295914268255
DEU,2022,H51,5029.745968417313,3728253.707563691,0.0013490889738038
DEU,2022,H52,62945.794565674994,3728253.707563691,0.0168834525499093
DEU,2022,H53,24344.570700533284,3728253.707563691,0.006529751623701
DEU,2022,I,37531.089880054824,3728253.707563691,0.0100666673525768
DEU,2022,J58T60,34911.285223367515,3728253.707563691,0.0093639778732175
DEU,2022,J61,35499.135066266375,3728253.707563691,0.0095216521864506
DEU,2022,J62_63,116105.89171958354,3728253.707563691,0.0311421648918457
DEU,2022,K,148948.4484916776,3728253.707563691,0.0399512640970486
DEU,2022,L,401120.9200891339,3728253.707563691,0.1075894913684013
DEU,2022,M,242147.21718517604,3728253.707563691,0.0649492325841238
DEU,2022,N,180034.00736014452,3728253.707563691,0.0482890976531186
DEU,2022,O,245986.78648982005,3728253.707563691,0.0659790898861777
DEU,2022,P,178331.21887039533,3728253.707563691,0.047832372166252
DEU,2022,Q,304732.1440151873,3728253.707563691,0.0817358924359043
DEU,2022,R,41687.77897232067,3728253.707563691,0.01118158318672
DEU,2022,S,83437.05868319396,3728253.707563691,0.0223796622300465
DEU,2022,T,9052.33808950939,3728253.707563691,0.0024280370381298
DEU,2022,HFCE,0.0,3728253.707563691,0.0
DEU,2023,A01_02,33398.36439060528,4052492.507522576,0.0082414376654882
DEU,2023,A03,188.60242021857093,4052492.507522576,4.653985661132533e-05
DEU,2023,B05_06,2567.152309308533,4052492.507522576,0.0006334749057631
DEU,2023,B07_08,3059.1036892090074,4052492.507522576,0.0007548696718206
DEU,2023,B09,147.48203870928447,4052492.507522576,3.639292076062225e-05
DEU,2023,C10T12,66813.72826853846,4052492.507522576,0.0164870701536186
DEU,2023,C13T15,8917.14999467001,4052492.507522576,0.0022004112229985
DEU,2023,C16,12001.40833066825,4052492.507522576,0.0029614880985937
DEU,2023,C17_18,23866.47617851107,4052492.507522576,0.0058893325858612
DEU,2023,C19,2646.406675904644,4052492.507522576,0.0006530318491625
DEU,2023,C20,64733.58829889258,4052492.507522576,0.0159737712478749
DEU,2023,C21,32840.02312100556,4052492.507522576,0.0081036604164092
DEU,2023,C22,38975.68943235483,4052492.507522576,0.0096177079562775
DEU,2023,C23,25143.160649113954,4052492.507522576,0.006204369434969
DEU,2023,C24,23581.045597364493,4052492.507522576,0.0058188992462272
DEU,2023,C25,69998.94977589625,4052492.507522576,0.0172730608745009
DEU,2023,C26,55503.211264066544,4052492.507522576,0.0136960675833544
DEU,2023,C27,56435.08180927552,4052492.507522576,0.0139260175569766
DEU,2023,C28,123203.09524027031,4052492.507522576,0.0304018070388953
DEU,2023,C29,155458.47383087873,4052492.507522576,0.0383611995684887
DEU,2023,C30,17479.26339926988,4052492.507522576,0.004313213008247
DEU,2023,C31T33,57334.33171663917,4052492.507522576,0.0141479180060692
DEU,2023,D,83024.11777246458,4052492.507522576,0.0204871736637016
DEU,2023,E,45237.24383905101,4052492.507522576,0.011162819858415
DEU,2023,F,219329.56787068484,4052492.507522576,0.0541221402540651
DEU,2023,G,420356.31609790487,4052492.507522576,0.1037278453489067
DEU,2023,H49,61015.18016872471,4052492.507522576,0.0150562104816883
DEU,2023,H50,10251.150304303683,4052492.507522576,0.0025295914268255
DEU,2023,H51,5467.17295832122,4052492.507522576,0.0013490889738038
DEU,2023,H52,68420.06495962036,4052492.507522576,0.0168834525499093
DEU,2023,H53,26461.769531031678,4052492.507522576,0.006529751623701
DEU,2023,I,40795.09402203961,4052492.507522576,0.0100666673525768
DEU,2023,J58T60,37947.45017182111,4052492.507522576,0.0093639778732175
DEU,2023,J61,38586.42414482701,4052492.507522576,0.0095216521864506
DEU,2023,J62_63,126203.38989223732,4052492.507522576,0.0311421648918457
DEU,2023,K,161902.19841934514,4052492.507522576,0.0399512640970486
DEU,2023,L,436005.60765861114,4052492.507522576,0.1075894913684013
DEU,2023,M,263206.2784165029,4052492.507522576,0.0649492325841238
DEU,2023,N,195691.2064342891,4052492.507522576,0.0482890976531186
DEU,2023,O,267379.76741689374,4052492.507522576,0.0659790898861777
DEU,2023,P,193840.32982076766,4052492.507522576,0.047832372166252
DEU,2023,Q,331234.0916921734,4052492.507522576,0.0817358924359043
DEU,2023,R,45313.28208642321,4052492.507522576,0.01118158318672
DEU,2023,S,90693.41350814943,4052492.507522576,0.0223796622300465
DEU,2023,T,9839.601905008323,4052492.507522576,0.0024280370381298
DEU,2023,HFCE,0.0,4052492.507522576,0.0
DEU,2024,A01_02,34388.94318552119,4172687.409810565,0.0082414376654882
DEU,2024,A03,194.1962737364662,4172687.409810565,4.653985661132533e-05
DEU,2024,B05_06,2643.2927637086214,4172687.409810565,0.0006334749057631
DEU,2024,B07_08,3149.835175653651,4172687.409810565,0.0007548696718206
DEU,2024,B09,151.85628226408198,4172687.409810565,3.639292076062225e-05
DEU,2024,C10T12,68795.39005466786,4172687.409810565,0.0164870701536186
DEU,2024,C13T15,9181.62820661171,4172687.409810565,0.0022004112229985
DEU,2024,C16,12357.364103305761,4172687.409810565,0.0029614880985937
DEU,2024,C17_18,24574.34393321013,4172687.409810565,0.0058893325858612
DEU,2024,C19,2724.8977752056753,4172687.409810565,0.0006530318491625
DEU,2024,C20,66653.55417320158,4172687.409810565,0.0159737712478749
DEU,2024,C21,33814.041792930904,4172687.409810565,0.0081036604164092
DEU,2024,C22,40131.68890039402,4172687.409810565,0.0096177079562775
DEU,2024,C23,25888.894227108638,4172687.409810565,0.006204369434969
DEU,2024,C24,24280.447623688422,4172687.409810565,0.0058188992462272
DEU,2024,C25,72075.08363992137,4172687.409810565,0.0172730608745009
DEU,2024,C26,57149.40876897752,4172687.409810565,0.0136960675833544
DEU,2024,C27,58108.918128797144,4172687.409810565,0.0139260175569766
DEU,2024,C28,126857.23746668863,4172687.409810565,0.0304018070388953
DEU,2024,C29,160069.29446466328,4172687.409810565,0.0383611995684887
DEU,2024,C30,17997.68961534341,4172687.409810565,0.004313213008247
DEU,2024,C31T33,59034.83933895714,4172687.409810565,0.0141479180060692
DEU,2024,D,85486.57160913026,4172687.409810565,0.0204871736637016
DEU,2024,E,46578.95788119162,4172687.409810565,0.011162819858415
DEU,2024,F,225834.77323013902,4172687.409810565,0.0541221402540651
DEU,2024,G,432823.87433416035,4172687.409810565,0.1037278453489067
DEU,2024,H49,62824.85991639864,4172687.409810565,0.0150562104816883
DEU,2024,H50,10555.194298679507,4172687.409810565,0.0025295914268255
DEU,2024,H51,5629.326575705371,4172687.409810565,0.0013490889738038
DEU,2024,H52,70449.36988914061,4172687.409810565,0.0168834525499093
DEU,2024,H53,27246.612389407255,4172687.409810565,0.006529751623701
DEU,2024,I,42005.05612084827,4172687.409810565,0.0100666673525768
DEU,2024,J58T60,39072.952577319375,4172687.409810565,0.0093639778732175
DEU,2024,J61,39730.878198997656,4172687.409810565,0.0095216521864506
DEU,2024,J62_63,129946.51935844915,4172687.409810565,0.0311421648918457
DEU,2024,K,166704.13670377154,4172687.409810565,0.0399512640970486
DEU,2024,L,448937.3160608506,4172687.409810565,0.1075894913684013
DEU,2024,M,271012.8450806315,4172687.409810565,0.0649492325841238
DEU,2024,N,201495.30980828087,4172687.409810565,0.0482890976531186
DEU,2024,O,275310.1176788133,4172687.409810565,0.0659790898861777
DEU,2024,P,199589.53711949303,4172687.409810565,0.047832372166252
DEU,2024,Q,341058.3292969285,4172687.409810565,0.0817358924359043
DEU,2024,R,46657.25138497604,4172687.409810565,0.01118158318672
DEU,2024,S,93383.33482312807,4172687.409810565,0.0223796622300465
DEU,2024,T,10131.439579557951,4172687.409810565,0.0024280370381298
DEU,2024,HFCE,0.0,4172687.409810565,0.0
DEU,2025,A01_02,35488.22952698948,4306072.674140315,0.0082414376654882
DEU,2025,A03,200.40400481243648,4306072.674140315,4.653985661132533e-05
DEU,2025,B05_06,2727.788981460096,4306072.674140315,0.0006334749057631
DEU,2025,B07_08,3250.523666363953,4306072.674140315,0.0007548696718206
DEU,2025,B09,156.71056161946922,4306072.674140315,3.639292076062225e-05
DEU,2025,C10T12,70994.52226513141,4306072.674140315,0.0164870701536186
DEU,2025,C13T15,9475.130639225512,4306072.674140315,0.0022004112229985
DEU,2025,C16,12752.38297614609,4306072.674140315,0.0029614880985937
DEU,2025,C17_18,25359.894116901032,4306072.674140315,0.0058893325858612
DEU,2025,C19,2812.002601021961,4306072.674140315,0.0006530318491625
DEU,2025,C20,68784.21987344233,4306072.674140315,0.0159737712478749
DEU,2025,C21,34894.95067961218,4306072.674140315,0.0081036604164092
DEU,2025,C22,41414.54941838843,4306072.674140315,0.0096177079562775
DEU,2025,C23,26716.465684191397,4306072.674140315,0.006204369434969
DEU,2025,C24,25056.60303775462,4306072.674140315,0.0058188992462272
DEU,2025,C25,74379.05543045052,4306072.674140315,0.0172730608745009
DEU,2025,C26,58976.26236386136,4306072.674140315,0.0136960675833544
DEU,2025,C27,59966.4436616952,4306072.674140315,0.0139260175569766
DEU,2025,C28,130912.39053467372,4306072.674140315,0.0304018070388953
DEU,2025,C29,165186.1132091124,4306072.674140315,0.0383611995684887
DEU,2025,C30,18573.00867255895,4306072.674140315,0.004313213008247
DEU,2025,C31T33,60921.963121912304,4306072.674140315,0.0141479180060692
DEU,2025,D,88219.25868363258,4306072.674140315,0.0204871736637016
DEU,2025,E,48067.91355867169,4306072.674140315,0.011162819858415
DEU,2025,F,233053.86921401927,4306072.674140315,0.0541221402540651
DEU,2025,G,446659.64040437964,4306072.674140315,0.1037278453489067
DEU,2025,H49,64833.136531302975,4306072.674140315,0.0150562104816883
DEU,2025,H50,10892.604519792896,4306072.674140315,0.0025295914268255
DEU,2025,H51,5809.275165080542,4306072.674140315,0.0013490889738038
DEU,2025,H52,72701.37367030905,4306072.674140315,0.0168834525499093
DEU,2025,H53,28117.585035742228,4306072.674140315,0.006529751623701
DEU,2025,I,43347.801206591386,4306072.674140315,0.0100666673525768
DEU,2025,J58T60,40321.96924111642,4306072.674140315,0.0093639778732175
DEU,2025,J61,41000.92629274331,4306072.674140315,0.0095216521864506
DEU,2025,J62_63,134100.42525434864,4306072.674140315,0.0311421648918457
DEU,2025,K,172033.046625664,4306072.674140315,0.0399512640970486
DEU,2025,L,463288.1688061281,4306072.674140315,0.1075894913684013
DEU,2025,M,279676.1156368792,4306072.674140315,0.0649492325841238
DEU,2025,N,207936.36386298717,4306072.674140315,0.0482890976531186
DEU,2025,O,284110.7560235174,4306072.674140315,0.0659790898861777
DEU,2025,P,205969.6707244075,4306072.674140315,0.047832372166252
DEU,2025,Q,351960.6929147196,4306072.674140315,0.0817358924359043
DEU,2025,R,48148.709813961774,4306072.674140315,0.01118158318672
DEU,2025,S,96368.45198529333,4306072.674140315,0.0223796622300465
DEU,2025,T,10455.303941691318,4306072.674140315,0.0024280370381298
DEU,2025,HFCE,0.0,4306072.674140315,0.0
DEU,2026,A01_02,36620.48814983398,4443458.730894215,0.0082414376654882
DEU,2026,A03,206.79793219415842,4443458.730894215,4.653985661132533e-05
DEU,2026,B05_06,2814.8196008154373,4443458.730894215,0.0006334749057631
DEU,2026,B07_08,3354.2322339384964,4443458.730894215,0.0007548696718206
DEU,2026,B09,161.7104414965283,4443458.730894215,3.639292076062225e-05
DEU,2026,C10T12,73259.615820962,4443458.730894215,0.0164870701536186
DEU,2026,C13T15,9777.436460390303,4443458.730894215,0.0022004112229985
DEU,2026,C16,13159.250148135485,4443458.730894215,0.0029614880985937
DEU,2026,C17_18,26169.00629778476,4443458.730894215,0.0058893325858612
DEU,2026,C19,2901.720071713105,4443458.730894215,0.0006530318491625
DEU,2026,C20,70978.7933166767,4443458.730894215,0.0159737712478749
DEU,2026,C21,36008.28062949531,4443458.730894215,0.0081036604164092
DEU,2026,C22,42735.888389512016,4443458.730894215,0.0096177079562775
DEU,2026,C23,27568.859535506213,4443458.730894215,0.006204369434969
DEU,2026,C24,25856.03865984202,4443458.730894215,0.0058188992462272
DEU,2026,C25,76752.13315206829,4443458.730894215,0.0172730608745009
DEU,2026,C26,60857.91108217335,4443458.730894215,0.0136960675833544
DEU,2026,C27,61879.684300133806,4443458.730894215,0.0139260175569766
DEU,2026,C28,135089.17492194055,4443458.730894215,0.0304018070388953
DEU,2026,C29,170456.40715017653,4443458.730894215,0.0383611995684887
DEU,2026,C30,19165.583999701637,4443458.730894215,0.004313213008247
DEU,2026,C31T33,62865.689788043666,4443458.730894215,0.0141479180060692
DEU,2026,D,91033.91068732091,4443458.730894215,0.0204871736637016
DEU,2026,E,49601.52936127346,4443458.730894215,0.011162819858415
DEU,2026,F,240489.49664660686,4443458.730894215,0.0541221402540651
DEU,2026,G,460910.40005244437,4443458.730894215,0.1037278453489067
DEU,2026,H49,66901.64991903889,4443458.730894215,0.0150562104816883
DEU,2026,H50,11240.135111122925,4443458.730894215,0.0025295914268255
DEU,2026,H51,5994.621179401613,4443458.730894215,0.0013490889738038
DEU,2026,H52,75020.92464053268,4443458.730894215,0.0168834525499093
DEU,2026,H53,29014.681862904887,4443458.730894215,0.006529751623701
DEU,2026,I,44730.820938815144,4443458.730894215,0.0100666673525768
DEU,2026,J58T60,41608.44923664855,4443458.730894215,0.0093639778732175
DEU,2026,J61,42309.06854042191,4443458.730894215,0.0095216521864506
DEU,2026,J62_63,138378.92448761908,4443458.730894215,0.0311421648918457
DEU,2026,K,177521.7932622912,4443458.730894215,0.0399512640970486
DEU,2026,L,478069.4647733906,4443458.730894215,0.1075894913684013
DEU,2026,M,288599.234590804,4443458.730894215,0.0649492325841238
DEU,2026,N,214570.6125737532,4443458.730894215,0.0482890976531186
DEU,2026,O,293175.36301119055,4443458.730894215,0.0659790898861777
DEU,2026,P,212541.1717215139,4443458.730894215,0.047832372166252
DEU,2026,Q,363190.06487174943,4443458.730894215,0.0817358924359043
DEU,2026,R,49684.90343625095,4443458.730894215,0.01118158318672
DEU,2026,S,99443.10553056363,4443458.730894215,0.0223796622300465
DEU,2026,T,10788.882376012392,4443458.730894215,0.0024280370381298
DEU,2026,HFCE,0.0,4443458.730894215,0.0
DEU,2027,A01_02,37785.7190540547,4584845.58007227,0.0082414376654882
DEU,2027,A03,213.37805588163215,4584845.58007227,4.653985661132533e-05
DEU,2027,B05_06,2904.384621774647,4584845.58007227,0.0006334749057631
DEU,2027,B07_08,3460.960878377283,4584845.58007227,0.0007548696718206
DEU,2027,B09,166.85592189525926,4584845.58007227,3.639292076062225e-05
DEU,2027,C10T12,75590.67072215967,4584845.58007227,0.0164870701536186
DEU,2027,C13T15,10088.54567010609,4584845.58007227,0.0022004112229985
DEU,2027,C16,13577.965619273957,4584845.58007227,0.0029614880985937
DEU,2027,C17_18,27001.680475861314,4584845.58007227,0.0058893325858612
DEU,2027,C19,2994.050187279109,4584845.58007227,0.0006530318491625
DEU,2027,C20,73237.27450290474,4584845.58007227,0.0159737712478749
DEU,2027,C21,37154.031642580325,4584845.58007227,0.0081036604164092
DEU,2027,C22,44095.7058137648,4584845.58007227,0.0096177079562775
DEU,2027,C23,28446.075781053107,4584845.58007227,0.006204369434969
DEU,2027,C24,26678.75448995064,4584845.58007227,0.0058188992462272
DEU,2027,C25,79194.3168047747,4584845.58007227,0.0172730608745009
DEU,2027,C26,62794.35492391352,4584845.58007227,0.0136960675833544
DEU,2027,C27,63848.640044112995,4584845.58007227,0.0139260175569766
DEU,2027,C28,139387.59062848912,4584845.58007227,0.0304018070388953
DEU,2027,C29,175880.17628785566,4584845.58007227,0.0383611995684887
DEU,2027,C30,19775.415596771476,4584845.58007227,0.004313213008247
DEU,2027,C31T33,64866.01933735125,4584845.58007227,0.0141479180060692
DEU,2027,D,93930.5276201953,4584845.58007227,0.0204871736637016
DEU,2027,E,51179.80528899697,4584845.58007227,0.011162819858415
DEU,2027,F,248141.65552790186,4584845.58007227,0.0541221402540651
DEU,2027,G,475576.1532783548,4584845.58007227,0.1037278453489067
DEU,2027,H49,69030.40007960639,4584845.58007227,0.0150562104816883
DEU,2027,H50,11597.786072669602,4584845.58007227,0.0025295914268255
DEU,2027,H51,6185.364618668586,4584845.58007227,0.0013490889738038
DEU,2027,H52,77408.02279981154,4584845.58007227,0.0168834525499093
DEU,2027,H53,29937.902870895257,4584845.58007227,0.006529751623701
DEU,2027,I,46154.115317519565,4584845.58007227,0.0100666673525768
DEU,2027,J58T60,42932.39256391579,4584845.58007227,0.0093639778732175
DEU,2027,J61,43655.304942033494,4584845.58007227,0.0095216521864506
DEU,2027,J62_63,142782.0170582606,4584845.58007227,0.0311421648918457
DEU,2027,K,183170.37661365324,4584845.58007227,0.0399512640970486
DEU,2027,L,493281.20396263833,4584845.58007227,0.1075894913684013
DEU,2027,M,297782.20194240584,4584845.58007227,0.0649492325841238
DEU,2027,N,221398.055940579,4584845.58007227,0.0482890976531186
DEU,2027,O,302503.93864183285,4584845.58007227,0.0659790898861777
DEU,2027,P,219304.04011081235,4584845.58007227,0.047832372166252
DEU,2027,Q,374746.44516801834,4584845.58007227,0.0817358924359043
DEU,2027,R,51265.8322518436,4584845.58007227,0.01118158318672
DEU,2027,S,102607.29545893901,4584845.58007227,0.0223796622300465
DEU,2027,T,11132.17488252118,4584845.58007227,0.0024280370381298
DEU,2027,HFCE,0.0,4584845.58007227,0.0
DEU,2028,A01_02,38983.92223965162,4730233.221674476,0.0082414376654882
DEU,2028,A03,220.1443758748576,4730233.221674476,4.653985661132533e-05
DEU,2028,B05_06,2996.4840443377234,4730233.221674476,0.0006334749057631
DEU,2028,B07_08,3570.7095996803114,4730233.221674476,0.0007548696718206
DEU,2028,B09,172.1470028156621,4730233.221674476,3.639292076062225e-05
DEU,2028,C10T12,77987.6869687244,4730233.221674476,0.0164870701536186
DEU,2028,C13T15,10408.458268372868,4730233.221674476,0.0022004112229985
DEU,2028,C16,14008.529389561496,4730233.221674476,0.0029614880985937
DEU,2028,C17_18,27857.916651130698,4730233.221674476,0.0058893325858612
DEU,2028,C19,3088.9929477199726,4730233.221674476,0.0006530318491625
DEU,2028,C20,75559.6634321264,4730233.221674476,0.0159737712478749
DEU,2028,C21,38332.20371886721,4730233.221674476,0.0081036604164092
DEU,2028,C22,45494.001691146754,4730233.221674476,0.0096177079562775
DEU,2028,C23,29348.114420832062,4730233.221674476,0.006204369434969
DEU,2028,C24,27524.750528080465,4730233.221674476,0.0058188992462272
DEU,2028,C25,81705.60638856972,4730233.221674476,0.0172730608745009
DEU,2028,C26,64785.593889081836,4730233.221674476,0.0136960675833544
DEU,2028,C27,65873.31089363273,4730233.221674476,0.0139260175569766
DEU,2028,C28,143807.63765431946,4730233.221674476,0.0304018070388953
DEU,2028,C29,181457.4206221498,4730233.221674476,0.0383611995684887
DEU,2028,C30,20402.503463768466,4730233.221674476,0.004313213008247
DEU,2028,C31T33,66922.95176983504,4730233.221674476,0.0141479180060692
DEU,2028,D,96909.1094822557,4730233.221674476,0.0204871736637016
DEU,2028,E,52802.7413418422,4730233.221674476,0.011162819858415
DEU,2028,F,256010.3458579042,4730233.221674476,0.0541221402540651
DEU,2028,G,490656.9000821107,4730233.221674476,0.1037278453489067
DEU,2028,H49,71219.38701300546,4730233.221674476,0.0150562104816883
DEU,2028,H50,11965.55740443292,4730233.221674476,0.0025295914268255
DEU,2028,H51,6381.505482881461,4730233.221674476,0.0013490889738038
DEU,2028,H52,79862.6681481456,4730233.221674476,0.0168834525499093
DEU,2028,H53,30887.24805971332,4730233.221674476,0.006529751623701
DEU,2028,I,47617.684342704626,4730233.221674476,0.0100666673525768
DEU,2028,J58T60,44293.799222918125,4730233.221674476,0.0093639778732175
DEU,2028,J61,45039.63549757804,4730233.221674476,0.0095216521864506
DEU,2028,J62_63,147309.70296627303,4730233.221674476,0.0311421648918457
DEU,2028,K,188978.79667975,4730233.221674476,0.0399512640970486
DEU,2028,L,508923.3863738711,4730233.221674476,0.1075894913684013
DEU,2028,M,307225.01769168477,4730233.221674476,0.0649492325841238
DEU,2028,N,228418.69396346455,4730233.221674476,0.0482890976531186
DEU,2028,O,312096.4829154442,4730233.221674476,0.0659790898861777
DEU,2028,P,226258.27589230274,4730233.221674476,0.047832372166252
DEU,2028,Q,386629.833803526,4730233.221674476,0.0817358924359043
DEU,2028,R,52891.4962607397,4730233.221674476,0.01118158318672
DEU,2028,S,105861.02177041944,4730233.221674476,0.0223796622300465
DEU,2028,T,11485.181461217677,4730233.221674476,0.0024280370381298
DEU,2028,HFCE,0.0,4730233.221674476,0.0
DEU,2029,A01_02,40215.09770662474,4879621.655700834,0.0082414376654882
DEU,2029,A03,227.0968921738347,4879621.655700834,4.653985661132533e-05
DEU,2029,B05_06,3091.1178685046675,4879621.655700834,0.0006334749057631
DEU,2029,B07_08,3683.478397847581,4879621.655700834,0.0007548696718206
DEU,2029,B09,177.58368425773676,4879621.655700834,3.639292076062225e-05
DEU,2029,C10T12,80450.6645606562,4879621.655700834,0.0164870701536186
DEU,2029,C13T15,10737.174255190637,4879621.655700834,0.0022004112229985
DEU,2029,C16,14450.941458998104,4879621.655700834,0.0029614880985937
DEU,2029,C17_18,28737.7148235929,4879621.655700834,0.0058893325858612
DEU,2029,C19,3186.548353035695,4879621.655700834,0.0006530318491625
DEU,2029,C20,77945.96010434168,4879621.655700834,0.0159737712478749
DEU,2029,C21,39542.79685835596,4879621.655700834,0.0081036604164092
DEU,2029,C22,46930.77602165789,4879621.655700834,0.0096177079562775
DEU,2029,C23,30274.97545484308,4879621.655700834,0.006204369434969
DEU,2029,C24,28394.0267742315,4879621.655700834,0.0058188992462272
DEU,2029,C25,84286.00190345336,4879621.655700834,0.0172730608745009
DEU,2029,C26,66831.62797767832,4879621.655700834,0.0136960675833544
DEU,2029,C27,67953.69684869304,4879621.655700834,0.0139260175569766
DEU,2029,C28,148349.31599943154,4879621.655700834,0.0304018070388953
DEU,2029,C29,187188.14015305892,4879621.655700834,0.0383611995684887
DEU,2029,C30,21046.8476006926,4879621.655700834,0.004313213008247
DEU,2029,C31T33,69036.48708549503,4879621.655700834,0.0141479180060692
DEU,2029,D,99969.65627350211,4879621.655700834,0.0204871736637016
DEU,2029,E,54470.337519809145,4879621.655700834,0.011162819858415
DEU,2029,F,264095.5676366139,4879621.655700834,0.0541221402540651
DEU,2029,G,506152.6404637121,4879621.655700834,0.1037278453489067
DEU,2029,H49,73468.61071923611,4879621.655700834,0.0150562104816883
DEU,2029,H50,12343.449106412882,4879621.655700834,0.0025295914268255
DEU,2029,H51,6583.043772040237,4879621.655700834,0.0013490889738038
DEU,2029,H52,82384.86068553488,4879621.655700834,0.0168834525499093
DEU,2029,H53,31862.71742935908,4879621.655700834,0.006529751623701
DEU,2029,I,49121.528014370335,4879621.655700834,0.0100666673525768
DEU,2029,J58T60,45692.66921365555,4879621.655700834,0.0093639778732175
DEU,2029,J61,46462.06020705554,4879621.655700834,0.0095216521864506
DEU,2029,J62_63,151961.9822116565,4879621.655700834,0.0311421648918457
DEU,2029,K,194947.05346058155,4879621.655700834,0.0399512640970486
DEU,2029,L,524996.0120070889,4879621.655700834,0.1075894913684013
DEU,2029,M,316927.6818386407,4879621.655700834,0.0649492325841238
DEU,2029,N,235632.5266424098,4879621.655700834,0.0482890976531186
DEU,2029,O,321952.99583202455,4879621.655700834,0.0659790898861777
DEU,2029,P,233403.87906598506,4879621.655700834,0.047832372166252
DEU,2029,Q,398840.2307782726,4879621.655700834,0.0817358924359043
DEU,2029,R,54561.895462939254,4879621.655700834,0.01118158318672
DEU,2029,S,109204.28446500491,4879621.655700834,0.0223796622300465
DEU,2029,T,11847.902112101883,4879621.655700834,0.0024280370381298
DEU,2029,HFCE,0.0,4879621.655700834,0.0
DEU,2030,A01_02,41479.24545497408,5033010.882151344,0.0082414376654882
DEU,2030,A03,234.23560477856356,5033010.882151344,4.653985661132533e-05
DEU,2030,B05_06,3188.2860942754796,5033010.882151344,0.0006334749057631
DEU,2030,B07_08,3799.2672728790935,5033010.882151344,0.0007548696718206
DEU,2030,B09,183.16596622148333,5033010.882151344,3.639292076062225e-05
DEU,2030,C10T12,82979.60349795505,5033010.882151344,0.0164870701536186
DEU,2030,C13T15,11074.693630559399,5033010.882151344,0.0022004112229985
DEU,2030,C16,14905.201827583784,5033010.882151344,0.0029614880985937
DEU,2030,C17_18,29641.074993247934,5033010.882151344,0.0058893325858612
DEU,2030,C19,3286.716403226277,5033010.882151344,0.0006530318491625
DEU,2030,C20,80396.16451955061,5033010.882151344,0.0159737712478749
DEU,2030,C21,40785.81106104659,5033010.882151344,0.0081036604164092
DEU,2030,C22,48406.028805298214,5033010.882151344,0.0096177079562775
DEU,2030,C23,31226.658883086162,5033010.882151344,0.006204369434969
DEU,2030,C24,29286.58322840375,5033010.882151344,0.0058188992462272
DEU,2030,C25,86935.50334942563,5033010.882151344,0.0172730608745009
DEU,2030,C26,68932.45718970295,5033010.882151344,0.0136960675833544
DEU,2030,C27,70089.7979092939,5033010.882151344,0.0139260175569766
DEU,2030,C28,153012.62566382537,5033010.882151344,0.0304018070388953
DEU,2030,C29,193072.33488058305,5033010.882151344,0.0383611995684887
DEU,2030,C30,21708.448007543884,5033010.882151344,0.004313213008247
DEU,2030,C31T33,71206.62528433122,5033010.882151344,0.0141479180060692
DEU,2030,D,103112.16799393458,5033010.882151344,0.0204871736637016
DEU,2030,E,56182.59382289782,5033010.882151344,0.011162819858415
DEU,2030,F,272397.320864031,5033010.882151344,0.0541221402540651
DEU,2030,G,522063.37442315905,5033010.882151344,0.1037278453489067
DEU,2030,H49,75778.07119829835,5033010.882151344,0.0150562104816883
DEU,2030,H50,12731.461178609487,5033010.882151344,0.0025295914268255
DEU,2030,H51,6789.9794861449145,5033010.882151344,0.0013490889738038
DEU,2030,H52,84974.60041197935,5033010.882151344,0.0168834525499093
DEU,2030,H53,32864.31097983254,5033010.882151344,0.006529751623701
DEU,2030,I,50665.6463325167,5033010.882151344,0.0100666673525768
DEU,2030,J58T60,47129.00253612808,5033010.882151344,0.0093639778732175
DEU,2030,J61,47922.579070466,5033010.882151344,0.0095216521864506
DEU,2030,J62_63,156738.85479441093,5033010.882151344,0.0311421648918457
DEU,2030,K,201075.1469561479,5033010.882151344,0.0399512640970486
DEU,2030,L,541499.0808622919,5033010.882151344,0.1075894913684013
DEU,2030,M,326890.1943832737,5033010.882151344,0.0649492325841238
DEU,2030,N,243039.55397741482,5033010.882151344,0.0482890976531186
DEU,2030,O,332073.47739157407,5033010.882151344,0.0659790898861777
DEU,2030,P,240740.84963185937,5033010.882151344,0.047832372166252
DEU,2030,Q,411377.6360922581,5033010.882151344,0.0817358924359043
DEU,2030,R,56277.02985844226,5033010.882151344,0.01118158318672
DEU,2030,S,112637.08354269544,5033010.882151344,0.0223796622300465
DEU,2030,T,12220.3368351738,5033010.882151344,0.0024280370381298
DEU,2030,HFCE,0.0,5033010.882151344,0.0
DEU,2031,A01_02,42776.36548469962,5190400.901026007,0.0082414376654882
DEU,2031,A03,241.56051368904417,5190400.901026007,4.653985661132533e-05
DEU,2031,B05_06,3287.9887216501593,5190400.901026007,0.0006334749057631
DEU,2031,B07_08,3918.0762247748485,5190400.901026007,0.0007548696718206
DEU,2031,B09,188.8938487069018,5190400.901026007,3.639292076062225e-05
DEU,2031,C10T12,85574.50378062096,5190400.901026007,0.0164870701536186
DEU,2031,C13T15,11421.016394479153,5190400.901026007,0.0022004112229985
DEU,2031,C16,15371.310495318536,5190400.901026007,0.0029614880985937
DEU,2031,C17_18,30567.997160095798,5190400.901026007,0.0058893325858612
DEU,2031,C19,3389.4970982917193,5190400.901026007,0.0006530318491625
DEU,2031,C20,82910.2766777532,5190400.901026007,0.0159737712478749
DEU,2031,C21,42061.246326939094,5190400.901026007,0.0081036604164092
DEU,2031,C22,49919.760042067726,5190400.901026007,0.0096177079562775
DEU,2031,C23,32203.164705561318,5190400.901026007,0.006204369434969
DEU,2031,C24,30202.41989059721,5190400.901026007,0.0058188992462272
DEU,2031,C25,89654.11072648653,5190400.901026007,0.0172730608745009
DEU,2031,C26,71088.08152515577,5190400.901026007,0.0136960675833544
DEU,2031,C27,72281.61407543534,5190400.901026007,0.0139260175569766
DEU,2031,C28,157797.56664750096,5190400.901026007,0.0304018070388953
DEU,2031,C29,199110.0048047222,5190400.901026007,0.0383611995684887
DEU,2031,C30,22387.304684322324,5190400.901026007,0.004313213008247
DEU,2031,C31T33,73433.36636634365,5190400.901026007,0.0141479180060692
DEU,2031,D,106336.64464355307,5190400.901026007,0.0204871736637016
DEU,2031,E,57939.510251108215,5190400.901026007,0.011162819858415
DEU,2031,F,280915.60554015543,5190400.901026007,0.0541221402540651
DEU,2031,G,538389.1019604516,5190400.901026007,0.1037278453489067
DEU,2031,H49,78147.76845019216,5190400.901026007,0.0150562104816883
DEU,2031,H50,13129.593621022737,5190400.901026007,0.0025295914268255
DEU,2031,H51,7002.312625195495,5190400.901026007,0.0013490889738038
DEU,2031,H52,87631.88732747905,5190400.901026007,0.0168834525499093
DEU,2031,H53,33892.0287111337,5190400.901026007,0.006529751623701
DEU,2031,I,52250.03929714371,5190400.901026007,0.0100666673525768
DEU,2031,J58T60,48602.7991903357,5190400.901026007,0.0093639778732175
DEU,2031,J61,49421.19208780944,5190400.901026007,0.0095216521864506
DEU,2031,J62_63,161640.3207145364,5190400.901026007,0.0311421648918457
DEU,2031,K,207363.077166449,5190400.901026007,0.0399512640970486
DEU,2031,L,558432.5929394799,5190400.901026007,0.1075894913684013
DEU,2031,M,337112.55532558385,5190400.901026007,0.0649492325841238
DEU,2031,N,250639.7759684796,5190400.901026007,0.0482890976531186
DEU,2031,O,342457.9275940927,5190400.901026007,0.0659790898861777
DEU,2031,P,248269.18758992568,5190400.901026007,0.047832372166252
DEU,2031,Q,424242.04974548245,5190400.901026007,0.0817358924359043
DEU,2031,R,58036.89944724874,5190400.901026007,0.01118158318672
DEU,2031,S,116159.41900349106,5190400.901026007,0.0223796622300465
DEU,2031,T,12602.485630433432,5190400.901026007,0.0024280370381298
DEU,2031,HFCE,0.0,5190400.901026007,0.0
DEU,2032,A01_02,44106.45779580136,5351791.71232482,0.0082414376654882
DEU,2032,A03,249.0716189052764,5351791.71232482,4.653985661132533e-05
DEU,2032,B05_06,3390.2257506287056,5351791.71232482,0.0006334749057631
DEU,2032,B07_08,4039.905253534844,5351791.71232482,0.0007548696718206
DEU,2032,B09,194.76733171399204,5351791.71232482,3.639292076062225e-05
DEU,2032,C10T12,88235.36540865393,5351791.71232482,0.0164870701536186
DEU,2032,C13T15,11776.142546949895,5351791.71232482,0.0022004112229985
DEU,2032,C16,15849.267462202355,5351791.71232482,0.0029614880985937
DEU,2032,C17_18,31518.481324136475,5351791.71232482,0.0058893325858612
DEU,2032,C19,3494.8904382320197,5351791.71232482,0.0006530318491625
DEU,2032,C20,85488.29657894939,5351791.71232482,0.0159737712478749
DEU,2032,C21,43369.10265603346,5351791.71232482,0.0081036604164092
DEU,2032,C22,51471.96973196641,5351791.71232482,0.0096177079562775
DEU,2032,C23,33204.492922268524,5351791.71232482,0.006204369434969
DEU,2032,C24,31141.536760811872,5351791.71232482,0.0058188992462272
DEU,2032,C25,92441.82403463603,5351791.71232482,0.0172730608745009
DEU,2032,C26,73298.50098403671,5351791.71232482,0.0136960675833544
DEU,2032,C27,74529.14534711732,5351791.71232482,0.0139260175569766
DEU,2032,C28,162704.13895045826,5351791.71232482,0.0304018070388953
DEU,2032,C29,205301.1499254763,5351791.71232482,0.0383611995684887
DEU,2032,C30,23083.417631027904,5351791.71232482,0.004313213008247
DEU,2032,C31T33,75716.71033153225,5351791.71232482,0.0141479180060692
DEU,2032,D,109643.08622235755,5351791.71232482,0.0204871736637016
DEU,2032,E,59741.08680444032,5351791.71232482,0.011162819858415
DEU,2032,F,289650.42166498717,5351791.71232482,0.0541221402540651
DEU,2032,G,555129.8230755895,5351791.71232482,0.1037278453489067
DEU,2032,H49,80577.70247491755,5351791.71232482,0.0150562104816883
DEU,2032,H50,13537.846433652629,5351791.71232482,0.0025295914268255
DEU,2032,H51,7220.043189191973,5351791.71232482,0.0013490889738038
DEU,2032,H52,90356.72143203394,5351791.71232482,0.0168834525499093
DEU,2032,H53,34945.87062326255,5351791.71232482,0.006529751623701
DEU,2032,I,53874.70690825136,5351791.71232482,0.0100666673525768
DEU,2032,J58T60,50114.05917627842,5351791.71232482,0.0093639778732175
DEU,2032,J61,50957.899259085825,5351791.71232482,0.0095216521864506
DEU,2032,J62_63,166666.37997203282,5351791.71232482,0.0311421648918457
DEU,2032,K,213810.84409148485,5351791.71232482,0.0399512640970486
DEU,2032,L,575796.5482386529,5351791.71232482,0.1075894913684013
DEU,2032,M,347594.7646655709,5351791.71232482,0.0649492325841238
DEU,2032,N,258433.19261560406,5351791.71232482,0.0482890976531186
DEU,2032,O,353106.3464395802,5351791.71232482,0.0659790898861777
DEU,2032,P,255988.8929401839,5351791.71232482,0.047832372166252
DEU,2032,Q,437433.4717379456,5351791.71232482,0.0817358924359043
DEU,2032,R,59841.50422935865,5351791.71232482,0.01118158318672
DEU,2032,S,119771.29084739168,5351791.71232482,0.0223796622300465
DEU,2032,T,12994.348497880768,5351791.71232482,0.0024280370381298
DEU,2032,HFCE,0.0,5351791.71232482,0.0
DEU,2033,A01_02,45469.52238827933,5517183.316047788,0.0082414376654882
DEU,2033,A03,256.76892042726047,5517183.316047788,4.653985661132533e-05
DEU,2033,B05_06,3494.99718121112,5517183.316047788,0.0006334749057631
DEU,2033,B07_08,4164.754359159083,5517183.316047788,0.0007548696718206
DEU,2033,B09,200.78641524275423,5517183.316047788,3.639292076062225e-05
DEU,2033,C10T12,90962.18838205398,5517183.316047788,0.0164870701536186
DEU,2033,C13T15,12140.072087971632,5517183.316047788,0.0022004112229985
DEU,2033,C16,16339.072728235247,5517183.316047788,0.0029614880985937
DEU,2033,C17_18,32492.52748536999,5517183.316047788,0.0058893325858612
DEU,2033,C19,3602.89642304718,5517183.316047788,0.0006530318491625
DEU,2033,C20,88130.22422313924,5517183.316047788,0.0159737712478749
DEU,2033,C21,44709.3800483297,5517183.316047788,0.0081036604164092
DEU,2033,C22,53062.657874994286,5517183.316047788,0.0096177079562775
DEU,2033,C23,34230.64353320781,5517183.316047788,0.006204369434969
DEU,2033,C24,32103.933839047753,5517183.316047788,0.0058188992462272
DEU,2033,C25,95298.64327387417,5517183.316047788,0.0172730608745009
DEU,2033,C26,75563.71556634584,5517183.316047788,0.0136960675833544
DEU,2033,C27,76832.39172433988,5517183.316047788,0.0139260175569766
DEU,2033,C28,167732.34257269735,5517183.316047788,0.0304018070388953
DEU,2033,C29,211645.77024284544,5517183.316047788,0.0383611995684887
DEU,2033,C30,23796.786847660638,5517183.316047788,0.004313213008247
DEU,2033,C31T33,78056.65717989707,5517183.316047788,0.0141479180060692
DEU,2033,D,113031.49273034811,5517183.316047788,0.0204871736637016
DEU,2033,E,61587.323482894164,5517183.316047788,0.011162819858415
DEU,2033,F,298601.76923852635,5517183.316047788,0.0541221402540651
DEU,2033,G,572285.5377685732,5517183.316047788,0.1037278453489067
DEU,2033,H49,83067.87327247452,5517183.316047788,0.0150562104816883
DEU,2033,H50,13956.219616499167,5517183.316047788,0.0025295914268255
DEU,2033,H51,7443.1711781343565,5517183.316047788,0.0013490889738038
DEU,2033,H52,93149.10272564406,5517183.316047788,0.0168834525499093
DEU,2033,H53,36025.836716219106,5517183.316047788,0.006529751623701
DEU,2033,I,55539.64916583968,5517183.316047788,0.0100666673525768
DEU,2033,J58T60,51662.78249395624,5517183.316047788,0.0093639778732175
DEU,2033,J61,52532.70058429519,5517183.316047788,0.0095216521864506
DEU,2033,J62_63,171817.03256690025,5517183.316047788,0.0311421648918457
DEU,2033,K,220418.44773125552,5517183.316047788,0.0399512640970486
DEU,2033,L,593590.9467598111,5517183.316047788,0.1075894913684013
DEU,2033,M,358336.8224032352,5517183.316047788,0.0649492325841238
DEU,2033,N,266419.8039187883,5517183.316047788,0.0482890976531186
DEU,2033,O,364018.73392803693,5517183.316047788,0.0659790898861777
DEU,2033,P,263899.96568263415,5517183.316047788,0.047832372166252
DEU,2033,Q,450951.9020696478,5517183.316047788,0.0817358924359043
DEU,2033,R,61690.844204772045,5517183.316047788,0.01118158318672
DEU,2033,S,123472.69907439737,5517183.316047788,0.0223796622300465
DEU,2033,T,13395.92543751582,5517183.316047788,0.0024280370381298
DEU,2033,HFCE,0.0,5517183.316047788,0.0
DEU,2034,A01_02,46865.55926213349,5686575.712194907,0.0082414376654882
DEU,2034,A03,264.6524182549962,5686575.712194907,4.653985661132533e-05
DEU,2034,B05_06,3602.3030133974016,5686575.712194907,0.0006334749057631
DEU,2034,B07_08,4292.623541647564,5686575.712194907,0.0007548696718206
DEU,2034,B09,206.95109929318826,5686575.712194907,3.639292076062225e-05
DEU,2034,C10T12,93754.97270082108,5686575.712194907,0.0164870701536186
DEU,2034,C13T15,12512.80501754436,5686575.712194907,0.0022004112229985
DEU,2034,C16,16840.72629341721,5686575.712194907,0.0029614880985937
DEU,2034,C17_18,33490.135643796326,5686575.712194907,0.0058893325858612
DEU,2034,C19,3713.5150527372,5686575.712194907,0.0006530318491625
DEU,2034,C20,90836.05961032273,5686575.712194907,0.0159737712478749
DEU,2034,C21,46082.07850382781,5686575.712194907,0.0081036604164092
DEU,2034,C22,54691.82447115134,5686575.712194907,0.0096177079562775
DEU,2034,C23,35281.61653837915,5686575.712194907,0.006204369434969
DEU,2034,C24,33089.611125304844,5686575.712194907,0.0058188992462272
DEU,2034,C25,98224.56844420092,5686575.712194907,0.0172730608745009
DEU,2034,C26,77883.72527208312,5686575.712194907,0.0136960675833544
DEU,2034,C27,79191.35320710299,5686575.712194907,0.0139260175569766
DEU,2034,C28,172882.17751421817,5686575.712194907,0.0304018070388953
DEU,2034,C29,218143.86575682956,5686575.712194907,0.0383611995684887
DEU,2034,C30,24527.41233422052,5686575.712194907,0.004313213008247
DEU,2034,C31T33,80453.2069114381,5686575.712194907,0.0141479180060692
DEU,2034,D,116501.86416752466,5686575.712194907,0.0204871736637016
DEU,2034,E,63478.220286469725,5686575.712194907,0.011162819858415
DEU,2034,F,307769.64826077287,5686575.712194907,0.0541221402540651
DEU,2034,G,589856.2460394022,5686575.712194907,0.1037278453489067
DEU,2034,H49,85618.28084286307,5686575.712194907,0.0150562104816883
DEU,2034,H50,14384.713169562348,5686575.712194907,0.0025295914268255
DEU,2034,H51,7671.696592022639,5686575.712194907,0.0013490889738038
DEU,2034,H52,96009.03120830939,5686575.712194907,0.0168834525499093
DEU,2034,H53,37131.92699000336,5686575.712194907,0.006529751623701
DEU,2034,I,57244.86606990863,5686575.712194907,0.0100666673525768
DEU,2034,J58T60,53248.969143369155,5686575.712194907,0.0093639778732175
DEU,2034,J61,54145.59606343751,5686575.712194907,0.0095216521864506
DEU,2034,J62_63,177092.2784991387,5686575.712194907,0.0311421648918457
DEU,2034,K,227185.88808576093,5686575.712194907,0.0399512640970486
DEU,2034,L,611815.7885029544,5686575.712194907,0.1075894913684013
DEU,2034,M,369338.72853857646,5686575.712194907,0.0649492325841238
DEU,2034,N,274599.6098780323,5686575.712194907,0.0482890976531186
DEU,2034,O,375195.09005946276,5686575.712194907,0.0659790898861777
DEU,2034,P,272002.40581727633,5686575.712194907,0.047832372166252
DEU,2034,Q,464797.3407405888,5686575.712194907,0.0817358924359043
DEU,2034,R,63584.91937348888,5686575.712194907,0.01118158318672
DEU,2034,S,127263.64368450813,5686575.712194907,0.0223796622300465
DEU,2034,T,13807.21644933858,5686575.712194907,0.0024280370381298
DEU,2034,HFCE,0.0,5686575.712194907,0.0
DEU,2035,A01_02,48294.56841736386,5859968.900766177,0.0082414376654882
DEU,2035,A03,272.7221123884836,5859968.900766177,4.653985661132533e-05
DEU,2035,B05_06,3712.143247187551,5859968.900766177,0.0006334749057631
DEU,2035,B07_08,4423.512801000286,5859968.900766177,0.0007548696718206
DEU,2035,B09,213.26138386529414,5859968.900766177,3.639292076062225e-05
DEU,2035,C10T12,96613.71836495523,5859968.900766177,0.0164870701536186
DEU,2035,C13T15,12894.34133566808,5859968.900766177,0.0022004112229985
DEU,2035,C16,17354.22815774824,5859968.900766177,0.0029614880985937
DEU,2035,C17_18,34511.30579941549,5859968.900766177,0.0058893325858612
DEU,2035,C19,3826.746327302079,5859968.900766177,0.0006530318491625
DEU,2035,C20,93605.80274049984,5859968.900766177,0.0159737712478749
DEU,2035,C21,47487.198022527795,5859968.900766177,0.0081036604164092
DEU,2035,C22,56359.469520437575,5859968.900766177,0.0096177079562775
DEU,2035,C23,36357.41193778256,5859968.900766177,0.006204369434969
DEU,2035,C24,34098.568619583144,5859968.900766177,0.0058188992462272
DEU,2035,C25,101219.5995456163,5859968.900766177,0.0172730608745009
DEU,2035,C26,80258.53010124856,5859968.900766177,0.0136960675833544
DEU,2035,C27,81606.02979540665,5859968.900766177,0.0139260175569766
DEU,2035,C28,178153.64377502073,5859968.900766177,0.0304018070388953
DEU,2035,C29,224795.43646742866,5859968.900766177,0.0383611995684887
DEU,2035,C30,25275.29409070755,5859968.900766177,0.004313213008247
DEU,2035,C31T33,82906.35952615533,5859968.900766177,0.0141479180060692
DEU,2035,D,120054.20053388724,5859968.900766177,0.0204871736637016
DEU,2035,E,65413.777215167,5859968.900766177,0.011162819858415
DEU,2035,F,317154.0587317267,5859968.900766177,0.0541221402540651
DEU,2035,G,607841.9478880768,5859968.900766177,0.1037278453489067
DEU,2035,H49,88228.92518608319,5859968.900766177,0.0150562104816883
DEU,2035,H50,14823.327092842172,5859968.900766177,0.0025295914268255
DEU,2035,H51,7905.619430856824,5859968.900766177,0.0013490889738038
DEU,2035,H52,98936.5068800299,5859968.900766177,0.0168834525499093
DEU,2035,H53,38264.14144461531,5859968.900766177,0.006529751623701
DEU,2035,I,58990.357620458235,5859968.900766177,0.0100666673525768
DEU,2035,J58T60,54872.619124517165,5859968.900766177,0.0093639778732175
DEU,2035,J61,55796.58569651279,5859968.900766177,0.0095216521864506
DEU,2035,J62_63,182492.11776874808,5859968.900766177,0.0311421648918457
DEU,2035,K,234113.1651550011,5859968.900766177,0.0399512640970486
DEU,2035,L,630471.0734680827,5859968.900766177,0.1075894913684013
DEU,2035,M,380600.48307159473,5859968.900766177,0.0649492325841238
DEU,2035,N,282972.610493336,5859968.900766177,0.0482890976531186
DEU,2035,O,386635.41483385756,5859968.900766177,0.0659790898861777
DEU,2035,P,280296.2133441104,5859968.900766177,0.047832372166252
DEU,2035,Q,478969.78775076865,5859968.900766177,0.0817358924359043
DEU,2035,R,65523.72973550917,5859968.900766177,0.01118158318672
DEU,2035,S,131144.1246777239,5859968.900766177,0.0223796622300465
DEU,2035,T,14228.22153334905,5859968.900766177,0.0024280370381298
DEU,2035,HFCE,0.0,5859968.900766177,0.0
DEU,2036,A01_02,49756.54985397044,6037362.881761601,0.0082414376654882
DEU,2036,A03,280.97800282772283,6037362.881761601,4.653985661132533e-05
DEU,2036,B05_06,3824.5178825815683,6037362.881761601,0.0006334749057631
DEU,2036,B07_08,4557.422137217252,6037362.881761601,0.0007548696718206
DEU,2036,B09,219.71726895907193,6037362.881761601,3.639292076062225e-05
DEU,2036,C10T12,99538.42537445648,6037362.881761601,0.0164870701536186
DEU,2036,C13T15,13284.681042342794,6037362.881761601,0.0022004112229985
DEU,2036,C16,17879.578321228346,6037362.881761601,0.0029614880985937
DEU,2036,C17_18,35556.03795222748,6037362.881761601,0.0058893325858612
DEU,2036,C19,3942.590246741818,6037362.881761601,0.0006530318491625
DEU,2036,C20,96439.4536136706,6037362.881761601,0.0159737712478749
DEU,2036,C21,48924.73860442966,6037362.881761601,0.0081036604164092
DEU,2036,C22,58065.593022853005,6037362.881761601,0.0096177079562775
DEU,2036,C23,37458.02973141804,6037362.881761601,0.006204369434969
DEU,2036,C24,35130.80632188266,6037362.881761601,0.0058188992462272
DEU,2036,C25,104283.73657812031,6037362.881761601,0.0172730608745009
DEU,2036,C26,82688.13005384218,6037362.881761601,0.0136960675833544
DEU,2036,C27,84076.4214892509,6037362.881761601,0.0139260175569766
DEU,2036,C28,183546.74135510507,6037362.881761601,0.0304018070388953
DEU,2036,C29,231600.48237464283,6037362.881761601,0.0383611995684887
DEU,2036,C30,26040.432117121734,6037362.881761601,0.004313213008247
DEU,2036,C31T33,85416.11502404879,6037362.881761601,0.0141479180060692
DEU,2036,D,123688.50182943589,6037362.881761601,0.0204871736637016
DEU,2036,E,67393.99426898602,6037362.881761601,0.011162819858415
DEU,2036,F,326755.000651388,6037362.881761601,0.0541221402540651
DEU,2036,G,626242.643314597,6037362.881761601,0.1037278453489067
DEU,2036,H49,90899.80630213491,6037362.881761601,0.0150562104816883
DEU,2036,H50,15272.061386338642,6037362.881761601,0.0025295914268255
DEU,2036,H51,8144.939694636912,6037362.881761601,0.0013490889738038
DEU,2036,H52,101931.52974080566,6037362.881761601,0.0168834525499093
DEU,2036,H53,39422.480080054964,6037362.881761601,0.006529751623701
DEU,2036,I,60776.1238174885,6037362.881761601,0.0100666673525768
DEU,2036,J58T60,56533.73243740028,6037362.881761601,0.0093639778732175
DEU,2036,J61,57485.669483521044,6037362.881761601,0.0095216521864506
DEU,2036,J62_63,188016.55037572852,6037362.881761601,0.0311421648918457
DEU,2036,K,241200.27893897612,6037362.881761601,0.0399512640970486
DEU,2036,L,649556.8016551962,6037362.881761601,0.1075894913684013
DEU,2036,M,392122.08600229013,6037362.881761601,0.0649492325841238
DEU,2036,N,291538.8057646995,6037362.881761601,0.0482890976531186
DEU,2036,O,398339.7082512216,6037362.881761601,0.0659790898861777
DEU,2036,P,288781.3882631366,6037362.881761601,0.047832372166252
DEU,2036,Q,493469.24310018745,6037362.881761601,0.0817358924359043
DEU,2036,R,67507.27529083293,6037362.881761601,0.01118158318672
DEU,2036,S,135114.14205404482,6037362.881761601,0.0223796622300465
DEU,2036,T,14658.940689547233,6037362.881761601,0.0024280370381298
DEU,2036,HFCE,0.0,6037362.881761601,0.0
DEU,2037,A01_02,51251.503571953224,6218757.655181176,0.0082414376654882
DEU,2037,A03,289.42008957271366,6218757.655181176,4.653985661132533e-05
DEU,2037,B05_06,3939.4269195794523,6218757.655181176,0.0006334749057631
DEU,2037,B07_08,4694.351550298458,6218757.655181176,0.0007548696718206
DEU,2037,B09,226.31875457452153,6218757.655181176,3.639292076062225e-05
DEU,2037,C10T12,102529.09372932476,6218757.655181176,0.0164870701536186
DEU,2037,C13T15,13683.824137568496,6218757.655181176,0.0022004112229985
DEU,2037,C16,18416.776783857516,6218757.655181176,0.0029614880985937
DEU,2037,C17_18,36624.33210223229,6218757.655181176,0.0058893325858612
DEU,2037,C19,4061.0468110564157,6218757.655181176,0.0006530318491625
DEU,2037,C20,99337.01222983499,6218757.655181176,0.0159737712478749
DEU,2037,C21,50394.70024953339,6218757.655181176,0.0081036604164092
DEU,2037,C22,59810.1949783976,6218757.655181176,0.0096177079562775
DEU,2037,C23,38583.46991928558,6218757.655181176,0.006204369434969
DEU,2037,C24,36186.32423220338,6218757.655181176,0.0058188992462272
DEU,2037,C25,107416.97954171292,6218757.655181176,0.0172730608745009
DEU,2037,C26,85172.52512986393,6218757.655181176,0.0136960675833544
DEU,2037,C27,86602.5282886357,6218757.655181176,0.0139260175569766
DEU,2037,C28,189061.47025447112,6218757.655181176,0.0304018070388953
DEU,2037,C29,238559.00347847192,6218757.655181176,0.0383611995684887
DEU,2037,C30,26822.82641346306,6218757.655181176,0.004313213008247
DEU,2037,C31T33,87982.47340511844,6218757.655181176,0.0141479180060692
DEU,2037,D,127404.76805417052,6218757.655181176,0.0204871736637016
DEU,2037,E,69418.87144792674,6218757.655181176,0.011162819858415
DEU,2037,F,336572.47401975666,6218757.655181176,0.0541221402540651
DEU,2037,G,645058.3323189627,6218757.655181176,0.1037278453489067
DEU,2037,H49,93630.92419101819,6218757.655181176,0.0150562104816883
DEU,2037,H50,15730.916050051754,6218757.655181176,0.0025295914268255
DEU,2037,H51,8389.657383362899,6218757.655181176,0.0013490889738038
DEU,2037,H52,104994.0997906366,6218757.655181176,0.0168834525499093
DEU,2037,H53,40606.94289632231,6218757.655181176,0.006529751623701
DEU,2037,I,62602.1646609994,6218757.655181176,0.0100666673525768
DEU,2037,J58T60,58232.30908201848,6218757.655181176,0.0093639778732175
DEU,2037,J61,59212.84742446225,6218757.655181176,0.0095216521864506
DEU,2037,J62_63,193665.5763200799,6218757.655181176,0.0311421648918457
DEU,2037,K,248447.22943768583,6218757.655181176,0.0399512640970486
DEU,2037,L,669072.9730642947,6218757.655181176,0.1075894913684013
DEU,2037,M,403903.53733066254,6218757.655181176,0.0649492325841238
DEU,2037,N,300298.1956921226,6218757.655181176,0.0482890976531186
DEU,2037,O,410307.9703115545,6218757.655181176,0.0659790898861777
DEU,2037,P,297457.93057435466,6218757.655181176,0.047832372166252
DEU,2037,Q,508295.70678884507,6218757.655181176,0.0817358924359043
DEU,2037,R,69535.55603946013,6218757.655181176,0.01118158318672
DEU,2037,S,139173.6958134707,6218757.655181176,0.0223796622300465
DEU,2037,T,15099.373917933124,6218757.655181176,0.0024280370381298
DEU,2037,HFCE,0.0,6218757.655181176,0.0
DEU,2038,A01_02,52779.42957131223,6404153.221024904,0.0082414376654882
DEU,2038,A03,298.0483726234563,6404153.221024904,4.653985661132533e-05
DEU,2038,B05_06,4056.8703581812047,6404153.221024904,0.0006334749057631
DEU,2038,B07_08,4834.301040243909,6404153.221024904,0.0007548696718206
DEU,2038,B09,233.0658407116431,6404153.221024904,3.639292076062225e-05
DEU,2038,C10T12,105585.72342956012,6404153.221024904,0.0164870701536186
DEU,2038,C13T15,14091.770621345193,6404153.221024904,0.0022004112229985
DEU,2038,C16,18965.823545635765,6404153.221024904,0.0029614880985937
DEU,2038,C17_18,37716.188249429935,6404153.221024904,0.0058893325858612
DEU,2038,C19,4182.116020245874,6404153.221024904,0.0006530318491625
DEU,2038,C20,102298.47858899304,6404153.221024904,0.0159737712478749
DEU,2038,C21,51897.08295783899,6404153.221024904,0.0081036604164092
DEU,2038,C22,61593.2753870714,6404153.221024904,0.0096177079562775
DEU,2038,C23,39733.73250138519,6404153.221024904,0.006204369434969
DEU,2038,C24,37265.12235054531,6404153.221024904,0.0058188992462272
DEU,2038,C25,110619.32843639418,6404153.221024904,0.0172730608745009
DEU,2038,C26,87711.71532931387,6404153.221024904,0.0136960675833544
DEU,2038,C27,89184.35019356107,6404153.221024904,0.0139260175569766
DEU,2038,C28,194697.83047311896,6404153.221024904,0.0304018070388953
DEU,2038,C29,245670.99977891607,6404153.221024904,0.0383611995684887
DEU,2038,C30,27622.476979731542,6404153.221024904,0.004313213008247
DEU,2038,C31T33,90605.4346693643,6404153.221024904,0.0141479180060692
DEU,2038,D,131202.9992080912,6404153.221024904,0.0204871736637016
DEU,2038,E,71488.40875198919,6404153.221024904,0.011162819858415
DEU,2038,F,346606.4788368327,6404153.221024904,0.0541221402540651
DEU,2038,G,664289.014901174,6404153.221024904,0.1037278453489067
DEU,2038,H49,96422.27885273306,6404153.221024904,0.0150562104816883
DEU,2038,H50,16199.89108398151,6404153.221024904,0.0025295914268255
DEU,2038,H51,8639.772497034788,6404153.221024904,0.0013490889738038
DEU,2038,H52,108124.21702952277,6404153.221024904,0.0168834525499093
DEU,2038,H53,41817.529893417355,6404153.221024904,0.006529751623701
DEU,2038,I,64468.48015099097,6404153.221024904,0.0100666673525768
DEU,2038,J58T60,59968.349058371794,6404153.221024904,0.0093639778732175
DEU,2038,J61,60978.11951933643,6404153.221024904,0.0095216521864506
DEU,2038,J62_63,199439.19560180235,6404153.221024904,0.0311421648918457
DEU,2038,K,255854.0166511304,6404153.221024904,0.0399512640970486
DEU,2038,L,689019.5876953783,6404153.221024904,0.1075894913684013
DEU,2038,M,415944.83705671213,6404153.221024904,0.0649492325841238
DEU,2038,N,309250.7802756056,6404153.221024904,0.0482890976531186
DEU,2038,O,422540.20101485663,6404153.221024904,0.0659790898861777
DEU,2038,P,306325.8402777648,6404153.221024904,0.047832372166252
DEU,2038,Q,523449.1788167417,6404153.221024904,0.0817358924359043
DEU,2038,R,71608.5719813908,6404153.221024904,0.01118158318672
DEU,2038,S,143322.7859560017,6404153.221024904,0.0223796622300465
DEU,2038,T,15549.521218506728,6404153.221024904,0.0024280370381298
DEU,2038,HFCE,0.0,6404153.221024904,0.0
DEU,2039,A01_02,54340.32785204743,6593549.579292784,0.0082414376654882
DEU,2039,A03,306.8628519799507,6593549.579292784,4.653985661132533e-05
DEU,2039,B05_06,4176.848198386824,6593549.579292784,0.0006334749057631
DEU,2039,B07_08,4977.2706070536,6593549.579292784,0.0007548696718206
DEU,2039,B09,239.95852737043646,6593549.579292784,3.639292076062225e-05
DEU,2039,C10T12,108708.31447516254,6593549.579292784,0.0164870701536186
DEU,2039,C13T15,14508.520493672882,6593549.579292784,0.0022004112229985
DEU,2039,C16,19526.718606563078,6593549.579292784,0.0029614880985937
DEU,2039,C17_18,38831.6063938204,6593549.579292784,0.0058893325858612
DEU,2039,C19,4305.79787431019,6593549.579292784,0.0006530318491625
DEU,2039,C20,105323.85269114471,6593549.579292784,0.0159737712478749
DEU,2039,C21,53431.886729346465,6593549.579292784,0.0081036604164092
DEU,2039,C22,63414.83424887437,6593549.579292784,0.0096177079562775
DEU,2039,C23,40908.81747771686,6593549.579292784,0.006204369434969
DEU,2039,C24,38367.200676908455,6593549.579292784,0.0058188992462272
DEU,2039,C25,113890.78326216406,6593549.579292784,0.0172730608745009
DEU,2039,C26,90305.70065219195,6593549.579292784,0.0136960675833544
DEU,2039,C27,91821.88720402699,6593549.579292784,0.0139260175569766
DEU,2039,C28,200455.82201104853,6593549.579292784,0.0304018070388953
DEU,2039,C29,252936.4712759752,6593549.579292784,0.0383611995684887
DEU,2039,C30,28439.383815927173,6593549.579292784,0.004313213008247
DEU,2039,C31T33,93284.99881678638,6593549.579292784,0.0141479180060692
DEU,2039,D,135083.19529119792,6593549.579292784,0.0204871736637016
DEU,2039,E,73602.60618117337,6593549.579292784,0.011162819858415
DEU,2039,F,356857.01510261605,6593549.579292784,0.0541221402540651
DEU,2039,G,683934.6910612307,6593549.579292784,0.1037278453489067
DEU,2039,H49,99273.87028727951,6593549.579292784,0.0150562104816883
DEU,2039,H50,16678.98648812791,6593549.579292784,0.0025295914268255
DEU,2039,H51,8895.28503565258,6593549.579292784,0.0013490889738038
DEU,2039,H52,111321.88145746414,6593549.579292784,0.0168834525499093
DEU,2039,H53,43054.241071340104,6593549.579292784,0.006529751623701
DEU,2039,I,66375.07028746317,6593549.579292784,0.0100666673525768
DEU,2039,J58T60,61741.852366460196,6593549.579292784,0.0093639778732175
DEU,2039,J61,62781.485768143575,6593549.579292784,0.0095216521864506
DEU,2039,J62_63,205337.40822089574,6593549.579292784,0.0311421648918457
DEU,2039,K,263420.6405793097,6593549.579292784,0.0399512640970486
DEU,2039,L,709396.645548447,6593549.579292784,0.1075894913684013
DEU,2039,M,428245.98518043867,6593549.579292784,0.0649492325841238
DEU,2039,N,318396.5595151483,6593549.579292784,0.0482890976531186
DEU,2039,O,435036.4003611278,6593549.579292784,0.0659790898861777
DEU,2039,P,315385.1173733668,6593549.579292784,0.047832372166252
DEU,2039,Q,538929.659183877,6593549.579292784,0.0817358924359043
DEU,2039,R,73726.32311662493,6593549.579292784,0.01118158318672
DEU,2039,S,147561.41248163773,6593549.579292784,0.0223796622300465
DEU,2039,T,16009.382591268042,6593549.579292784,0.0024280370381298
DEU,2039,HFCE,0.0,6593549.579292784,0.0
DEU,2040,A01_02,55934.198414158825,6786946.729984815,0.0082414376654882
DEU,2040,A03,315.86352764219663,6786946.729984815,4.653985661132533e-05
DEU,2040,B05_06,4299.36044019631,6786946.729984815,0.0006334749057631
DEU,2040,B07_08,5123.260250727532,6786946.729984815,0.0007548696718206
DEU,2040,B09,246.99681455090166,6786946.729984815,3.639292076062225e-05
DEU,2040,C10T12,111896.866866132,6786946.729984815,0.0164870701536186
DEU,2040,C13T15,14934.073754551559,6786946.729984815,0.0022004112229985
DEU,2040,C16,20099.46196663946,6786946.729984815,0.0029614880985937
DEU,2040,C17_18,39970.58653540369,6786946.729984815,0.0058893325858612
DEU,2040,C19,4432.092373249367,6786946.729984815,0.0006530318491625
DEU,2040,C20,108413.13453629,6786946.729984815,0.0159737712478749
DEU,2040,C21,54999.1115640558,6786946.729984815,0.0081036604164092
DEU,2040,C22,65274.87156380652,6786946.729984815,0.0096177079562775
DEU,2040,C23,42108.724848280595,6786946.729984815,0.006204369434969
DEU,2040,C24,39492.5592112928,6786946.729984815,0.0058188992462272
DEU,2040,C25,117231.34401902252,6786946.729984815,0.0172730608745009
DEU,2040,C26,92954.48109849817,6786946.729984815,0.0136960675833544
DEU,2040,C27,94515.13932003347,6786946.729984815,0.0139260175569766
DEU,2040,C28,206335.4448682598,6786946.729984815,0.0304018070388953
DEU,2040,C29,260355.41796964928,6786946.729984815,0.0383611995684887
DEU,2040,C30,29273.546922049944,6786946.729984815,0.004313213008247
DEU,2040,C31T33,96021.16584738465,6786946.729984815,0.0141479180060692
DEU,2040,D,139045.3563034906,6786946.729984815,0.0204871736637016
DEU,2040,E,75761.46373547924,6786946.729984815,0.011162819858415
DEU,2040,F,367324.0828171067,6786946.729984815,0.0541221402540651
DEU,2040,G,703995.360799133,6786946.729984815,0.1037278453489067
DEU,2040,H49,102185.69849465751,6786946.729984815,0.0150562104816883
DEU,2040,H50,17168.20226249095,6786946.729984815,0.0025295914268255
DEU,2040,H51,9156.19499921627,6786946.729984815,0.0013490889738038
DEU,2040,H52,114587.0930744607,6786946.729984815,0.0168834525499093
DEU,2040,H53,44317.07643009054,6786946.729984815,0.006529751623701
DEU,2040,I,68321.93507041602,6786946.729984815,0.0100666673525768
DEU,2040,J58T60,63552.81900628368,6786946.729984815,0.0093639778732175
DEU,2040,J61,64622.94617088367,6786946.729984815,0.0095216521864506
DEU,2040,J62_63,211360.2141773601,6786946.729984815,0.0311421648918457
DEU,2040,K,271147.1012222237,6786946.729984815,0.0399512640970486
DEU,2040,L,730204.1466235007,6786946.729984815,0.1075894913684013
DEU,2040,M,440806.9817018422,6786946.729984815,0.0649492325841238
DEU,2040,N,327735.5334107507,6786946.729984815,0.0482890976531186
DEU,2040,O,447796.56835036795,6786946.729984815,0.0659790898861777
DEU,2040,P,324635.76186116075,6786946.729984815,0.047832372166252
DEU,2040,Q,554737.1478902514,6786946.729984815,0.0817358924359043
DEU,2040,R,75888.8094451625,6786946.729984815,0.01118158318672
DEU,2040,S,151889.57539037877,6786946.729984815,0.0223796622300465
DEU,2040,T,16478.958036217064,6786946.729984815,0.0024280370381298
DEU,2040,HFCE,0.0,6786946.729984815,0.0
ITA,2021,A01_02,42706.33760353972,1962735.0052514311,0.0217585855906559
ITA,2021,A03,868.6085112294186,1962735.0052514311,0.000442550068606
ITA,2021,B05_06,2320.211791997761,1962735.0052514311,0.0011821319667657
ITA,2021,B07_08,1256.4719724452614,1962735.0052514311,0.0006401638372391
ITA,2021,B09,166.7984251473148,1962735.0052514311,8.498265160657666e-05
ITA,2021,C10T12,38331.87753580639,1962735.0052514311,0.01952982824133
ITA,2021,C13T15,26863.114860968373,1962735.0052514311,0.0136865724558304
ITA,2021,C16,5323.72589961621,1962735.0052514311,0.0027124017686403
ITA,2021,C17_18,12622.756436764656,1962735.0052514311,0.0064312076785667
ITA,2021,C19,-247.68423679408647,1962735.0052514311,-0.0001261934169062
ITA,2021,C20,15867.328542369998,1962735.0052514311,0.0080842948742015
ITA,2021,C21,13682.154927443451,1962735.0052514311,0.0069709639308597
ITA,2021,C22,16700.178213139665,1962735.0052514311,0.0085086260592781
ITA,2021,C23,12498.571581877512,1962735.0052514311,0.0063679363482267
ITA,2021,C24,9909.197399710603,1962735.0052514311,0.0050486679929781
ITA,2021,C25,40553.723955165966,1962735.0052514311,0.0206618437265661
ITA,2021,C26,11754.71915301861,1962735.0052514311,0.0059889486464388
ITA,2021,C27,14176.495191561515,1962735.0052514311,0.0072228268990115
ITA,2021,C28,46048.70385429988,1962735.0052514311,0.0234614982313422
ITA,2021,C29,14500.15268364525,1962735.0052514311,0.0073877281675056
ITA,2021,C30,10425.244308197196,1962735.0052514311,0.0053115903472979
ITA,2021,C31T33,27686.025173527247,1962735.0052514311,0.014105839606188
ITA,2021,D,38462.57438400389,1962735.0052514311,0.0195964173875203
ITA,2021,E,22281.870444251053,1962735.0052514311,0.0113524599014306
ITA,2021,F,86622.07803489415,1962735.0052514311,0.0441333536127551
ITA,2021,G,229881.13255604237,1962735.0052514311,0.1171228576150014
ITA,2021,H49,53240.22937907599,1962735.0052514311,0.0271255310760893
ITA,2021,H50,2168.0367904249974,1962735.0052514311,0.0011045998489986
ITA,2021,H51,1066.4817114727243,1962735.0052514311,0.0005433651046215
ITA,2021,H52,37668.79667309738,1962735.0052514311,0.019191993097546
ITA,2021,H53,3761.875714555313,1962735.0052514311,0.0019166498302064
ITA,2021,I,50797.66066013784,1962735.0052514311,0.0258810590957135
ITA,2021,J58T60,10310.199093044197,1962735.0052514311,0.0052529756006076
ITA,2021,J61,22851.61273617539,1962735.0052514311,0.0116427396846922
ITA,2021,J62_63,43352.62437823708,1962735.0052514311,0.0220878642619835
ITA,2021,K,104244.78863369465,1962735.0052514311,0.0531120035841724
ITA,2021,L,277451.5864260699,1962735.0052514311,0.1413596770240146
ITA,2021,M,134544.63652567775,1962735.0052514311,0.068549567906872
ITA,2021,N,67410.78380481052,1962735.0052514311,0.0343453311957286
ITA,2021,O,133668.48781166767,1962735.0052514311,0.068103176156755
ITA,2021,P,86093.12138528308,1962735.0052514311,0.0438638538340301
ITA,2021,Q,120627.47861157123,1962735.0052514311,0.06145887156892
ITA,2021,R,18810.406782246675,1962735.0052514311,0.0095837730166926
ITA,2021,S,30327.95228416536,1962735.0052514311,0.0154518833174223
ITA,2021,T,23075.876646150835,1962735.0052514311,0.0117570006059961
ITA,2021,HFCE,0.0,1962735.0052514311,0.0
ITA,2022,A01_02,41233.80663702893,1895059.1464335143,0.0217585855906559
ITA,2022,A03,838.6585552665796,1895059.1464335143,0.000442550068606
ITA,2022,B05_06,2240.2099959107786,1895059.1464335143,0.0011821319667657
ITA,2022,B07_08,1213.1483349759321,1895059.1464335143,0.0006401638372391
ITA,2022,B09,161.04715121521588,1895059.1464335143,8.498265160657666e-05
ITA,2022,C10T12,37010.179637007976,1895059.1464335143,0.01952982824133
ITA,2022,C13T15,25936.864315746407,1895059.1464335143,0.0136865724558304
ITA,2022,C16,5140.161780464241,1895059.1464335143,0.0027124017686403
ITA,2022,C17_18,12187.518933881272,1895059.1464335143,0.0064312076785667
ITA,2022,C19,-239.14398892779198,1895059.1464335143,-0.0001261934169062
ITA,2022,C20,15320.21694382113,1895059.1464335143,0.0080842948742015
ITA,2022,C21,13210.388956633798,1895059.1464335143,0.0069709639308597
ITA,2022,C22,16124.349637217512,1895059.1464335143,0.0085086260592781
ITA,2022,C23,12067.616020613441,1895059.1464335143,0.0063679363482267
ITA,2022,C24,9567.524457399282,1895059.1464335143,0.0050486679929781
ITA,2022,C25,39155.41593620902,1895059.1464335143,0.0206618437265661
ITA,2022,C26,11349.411909954464,1895059.1464335143,0.0059889486464388
ITA,2022,C27,13687.68417807776,1895059.1464335143,0.0072228268990115
ITA,2022,C28,44460.92681233875,1895059.1464335143,0.0234614982313422
ITA,2022,C29,14000.181835195994,1895059.1464335143,0.0073877281675056
ITA,2022,C30,10065.777869754853,1895059.1464335143,0.0053115903472979
ITA,2022,C31T33,26731.40036383069,1895059.1464335143,0.014105839606188
ITA,2022,D,37136.37000754909,1895059.1464335143,0.0195964173875203
ITA,2022,E,21513.582970725773,1895059.1464335143,0.0113524599014306
ITA,2022,F,83635.31542663612,1895059.1464335143,0.0441333536127551
ITA,2022,G,221954.74257973858,1895059.1464335143,0.1171228576150014
ITA,2022,H49,51404.485767609556,1895059.1464335143,0.0271255310760893
ITA,2022,H50,2093.282046993876,1895059.1464335143,0.0011045998489986
ITA,2022,H51,1029.709011365777,1895059.1464335143,0.0005433651046215
ITA,2022,H52,36369.96205779342,1895059.1464335143,0.019191993097546
ITA,2022,H53,3632.1647912428807,1895059.1464335143,0.0019166498302064
ITA,2022,I,49046.13775871817,1895059.1464335143,0.0258810590957135
ITA,2022,J58T60,9954.699457923516,1895059.1464335143,0.0052529756006076
ITA,2022,J61,22063.680329020404,1895059.1464335143,0.0116427396846922
ITA,2022,J62_63,41857.80919485378,1895059.1464335143,0.0220878642619835
ITA,2022,K,100650.38817759551,1895059.1464335143,0.0531120035841724
ITA,2022,L,267884.9488812464,1895059.1464335143,0.1413596770240146
ITA,2022,M,129905.48564598308,1895059.1464335143,0.068549567906872
ITA,2022,N,65086.43401975379,1895059.1464335143,0.0343453311957286
ITA,2022,O,129059.54687703139,1895059.1464335143,0.068103176156755
ITA,2022,P,83124.59740600151,1895059.1464335143,0.0438638538340301
ITA,2022,Q,116468.19669616451,1895059.1464335143,0.06145887156892
ITA,2022,R,18161.816712626027,1895059.1464335143,0.0095837730166926
ITA,2022,S,29282.232810304562,1895059.1464335143,0.0154518833174223
ITA,2022,T,22280.211533017282,1895059.1464335143,0.0117570006059961
ITA,2022,HFCE,0.0,1895059.1464335143,0.0
ITA,2023,A01_02,45163.82207519865,2075678.2138722287,0.0217585855906559
ITA,2023,A03,918.5915359531343,2075678.2138722287,0.000442550068606
ITA,2023,B05_06,2453.7255693374927,2075678.2138722287,0.0011821319667657
ITA,2023,B07_08,1328.7741302660472,2075678.2138722287,0.0006401638372391
ITA,2023,B09,176.39663849686494,2075678.2138722287,8.498265160657666e-05
ITA,2023,C10T12,40537.63900119527,2075678.2138722287,0.01952982824133
ITA,2023,C13T15,28408.92026915089,2075678.2138722287,0.0136865724558304
ITA,2023,C16,5630.073258435172,2075678.2138722287,0.0027124017686403
ITA,2023,C17_18,13349.11766728869,2075678.2138722287,0.0064312076785667
ITA,2023,C19,-261.93692620629474,2075678.2138722287,-0.0001261934169062
ITA,2023,C20,16780.394744898982,2075678.2138722287,0.0080842948742015
ITA,2023,C21,14469.477960974593,2075678.2138722287,0.0069709639308597
ITA,2023,C22,17661.169741229067,2075678.2138722287,0.0085086260592781
ITA,2023,C23,13217.786745339241,2075678.2138722287,0.0063679363482267
ITA,2023,C24,10479.410162098671,2075678.2138722287,0.0050486679929781
ITA,2023,C25,42887.33888166584,2075678.2138722287,0.0206618437265661
ITA,2023,C26,12431.13022941259,2075678.2138722287,0.0059889486464388
ITA,2023,C27,14992.264436848478,2075678.2138722287,0.0072228268990115
ITA,2023,C28,48698.520743598834,2075678.2138722287,0.0234614982313422
ITA,2023,C29,15334.546407301577,2075678.2138722287,0.0073877281675056
ITA,2023,C30,11025.152364900277,2075678.2138722287,0.0053115903472979
ITA,2023,C31T33,29279.183958940448,2075678.2138722287,0.014105839606188
ITA,2023,D,40675.85664122282,2075678.2138722287,0.0195964173875203
ITA,2023,E,23564.053691257566,2075678.2138722287,0.0113524599014306
ITA,2023,F,91606.64059911498,2075678.2138722287,0.0441333536127551
ITA,2023,G,243109.36389791747,2075678.2138722287,0.1171228576150014
ITA,2023,H49,56303.87389435267,2075678.2138722287,0.0271255310760893
ITA,2023,H50,2292.7938416129477,2075678.2138722287,0.0011045998489986
ITA,2023,H51,1127.8511098412519,2075678.2138722287,0.0005433651046215
ITA,2023,H52,39836.40195336242,2075678.2138722287,0.019191993097546
ITA,2023,H53,3978.348296181331,2075678.2138722287,0.0019166498302064
ITA,2023,I,53720.7505169122,2075678.2138722287,0.0258810590957135
ITA,2023,J58T60,10903.487012183581,2075678.2138722287,0.0052529756006076
ITA,2023,J61,24166.58111330122,2075678.2138722287,0.0116427396846922
ITA,2023,J62_63,45847.29863956614,2075678.2138722287,0.0220878642619835
ITA,2023,K,110243.42873477038,2075678.2138722287,0.0531120035841724
ITA,2023,L,293417.20191876177,2075678.2138722287,0.1413596770240146
ITA,2023,M,142286.84467464912,2075678.2138722287,0.068549567906872
ITA,2023,N,71289.85571120009,2075678.2138722287,0.0343453311957286
ITA,2023,O,141360.27904407898,2075678.2138722287,0.068103176156755
ITA,2023,P,91047.24577977211,2075678.2138722287,0.0438638538340301
ITA,2023,Q,127568.84076477856,2075678.2138722287,0.06145887156892
ITA,2023,R,19892.828857445358,2075678.2138722287,0.0095837730166926
ITA,2023,S,32073.137565269208,2075678.2138722287,0.0154518833174223
ITA,2023,T,24403.750018348695,2075678.2138722287,0.0117570006059961
ITA,2023,HFCE,0.0,2075678.2138722287,0.0
ITA,2024,A01_02,46499.56483108602,2137067.441141716,0.0217585855906559
ITA,2024,A03,945.7593426929154,2137067.441141716,0.000442550068606
ITA,2024,B05_06,2526.295737307799,2137067.441141716,0.0011821319667657
ITA,2024,B07_08,1368.0732935600256,2137067.441141716,0.0006401638372391
ITA,2024,B09,181.61365781030474,2137067.441141716,8.498265160657666e-05
ITA,2024,C10T12,41736.560065636324,2137067.441141716,0.01952982824133
ITA,2024,C13T15,29249.12837618217,2137067.441141716,0.0136865724558304
ITA,2024,C16,5796.585507056391,2137067.441141716,0.0027124017686403
ITA,2024,C17_18,13743.924537085493,2137067.441141716,0.0064312076785667
ITA,2024,C19,-269.6838425566626,2137067.441141716,-0.0001261934169062
ITA,2024,C20,17276.683360244893,2137067.441141716,0.0080842948742015
ITA,2024,C21,14897.42005001354,2137067.441141716,0.0069709639308597
ITA,2024,C22,18183.507720133173,2137067.441141716,0.0085086260592781
ITA,2024,C23,13608.70943705816,2137067.441141716,0.0063679363482267
ITA,2024,C24,10789.34398892779,2137067.441141716,0.0050486679929781
ITA,2024,C25,44155.75350200264,2137067.441141716,0.0206618437265661
ITA,2024,C26,12798.787158974112,2137067.441141716,0.0059889486464388
ITA,2024,C27,15435.668198880063,2137067.441141716,0.0072228268990115
ITA,2024,C28,50138.803990605375,2137067.441141716,0.0234614982313422
ITA,2024,C29,15788.073330781774,2137067.441141716,0.0073877281675056
ITA,2024,C30,11351.226791892963,2137067.441141716,0.0053115903472979
ITA,2024,C31T33,30145.13055235166,2137067.441141716,0.014105839606188
ITA,2024,D,41878.86556189304,2137067.441141716,0.0195964173875203
ITA,2024,E,24260.972432214236,2137067.441141716,0.0113524599014306
ITA,2024,F,94315.95307421304,2137067.441141716,0.0441333536127551
ITA,2024,G,250299.4456224966,2137067.441141716,0.1171228576150014
ITA,2024,H49,57969.08928638826,2137067.441141716,0.0271255310760893
ITA,2024,H50,2360.6043727849647,2137067.441141716,0.0011045998489986
ITA,2024,H51,1161.20787373917,2137067.441141716,0.0005433651046215
ITA,2024,H52,41014.58357938211,2137067.441141716,0.019191993097546
ITA,2024,H53,4096.009948203896,2137067.441141716,0.0019166498302064
ITA,2024,I,55309.56873571399,2137067.441141716,0.0258810590957135
ITA,2024,J58T60,11225.963125170354,2137067.441141716,0.0052529756006076
ITA,2024,J61,24881.31990584427,2137067.441141716,0.0116427396846922
ITA,2024,J62_63,47203.25555864264,2137067.441141716,0.0220878642619835
ITA,2024,K,113503.93359353697,2137067.441141716,0.0531120035841724
ITA,2024,L,302095.1632583304,2137067.441141716,0.1413596770240146
ITA,2024,M,146495.04967810927,2137067.441141716,0.068549567906872
ITA,2024,N,73398.28905362048,2137067.441141716,0.0343453311957286
ITA,2024,O,145541.08040293996,2137067.441141716,0.068103176156755
ITA,2024,P,93740.01387170497,2137067.441141716,0.0438638538340301
ITA,2024,Q,131341.75339924922,2137067.441141716,0.06145887156892
ITA,2024,R,20481.169277266283,2137067.441141716,0.0095837730166926
ITA,2024,S,33021.71674198405,2137067.441141716,0.0154518833174223
ITA,2024,T,25125.503200557694,2137067.441141716,0.0117570006059961
ITA,2024,HFCE,0.0,2137067.441141716,0.0
ITA,2025,A01_02,47799.18066961388,2196796.316123644,0.0217585855906559
ITA,2025,A03,972.1923604139266,2196796.316123644,0.000442550068606
ITA,2025,B05_06,2596.9031497628876,2196796.316123644,0.0011821319667657
ITA,2025,B07_08,1406.309559362431,2196796.316123644,0.0006401638372391
ITA,2025,B09,186.68957598374666,2196796.316123644,8.498265160657666e-05
ITA,2025,C10T12,42903.05473508125,2196796.316123644,0.01952982824133
ITA,2025,C13T15,30066.61195132756,2196796.316123644,0.0136865724558304
ITA,2025,C16,5958.594213196267,2196796.316123644,0.0027124017686403
ITA,2025,C17_18,14128.053336501418,2196796.316123644,0.0064312076785667
ITA,2025,C19,-277.2212333785953,2196796.316123644,-0.0001261934169062
ITA,2025,C20,17759.549198103112,2196796.316123644,0.0080842948742015
ITA,2025,C21,15313.787883143385,2196796.316123644,0.0069709639308597
ITA,2025,C22,18691.718382295767,2196796.316123644,0.0085086260592781
ITA,2025,C23,13989.059111094264,2196796.316123644,0.0063679363482267
ITA,2025,C24,11090.89524830564,2196796.316123644,0.0050486679929781
ITA,2025,C25,45389.86218284284,2196796.316123644,0.0206618437265661
ITA,2025,C26,13156.500323950439,2196796.316123644,0.0059889486464388
ITA,2025,C27,15867.079523747225,2196796.316123644,0.0072228268990115
ITA,2025,C28,51540.13288535393,2196796.316123644,0.0234614982313422
ITA,2025,C29,16229.33402289918,2196796.316123644,0.0073877281675056
ITA,2025,C30,11668.482107701933,2196796.316123644,0.0053115903472979
ITA,2025,C31T33,30987.656482704788,2196796.316123644,0.014105839606188
ITA,2025,D,43049.33752612591,2196796.316123644,0.0195964173875203
ITA,2025,E,24939.042090404128,2196796.316123644,0.0113524599014306
ITA,2025,F,96951.98863468251,2196796.316123644,0.0441333536127551
ITA,2025,G,257295.06214250912,2196796.316123644,0.1171228576150014
ITA,2025,H49,59589.26674085039,2196796.316123644,0.0271255310760893
ITA,2025,H50,2426.580879070858,2196796.316123644,0.0011045998489986
ITA,2025,H51,1193.6624601426497,2196796.316123644,0.0005433651046215
ITA,2025,H52,42160.899735759456,2196796.316123644,0.019191993097546
ITA,2025,H53,4210.489286296427,2196796.316123644,0.0019166498302064
ITA,2025,I,56855.41527884175,2196796.316123644,0.0258810590957135
ITA,2025,J58T60,11539.717448102161,2196796.316123644,0.0052529756006076
ITA,2025,J61,25576.72764891838,2196796.316123644,0.0116427396846922
ITA,2025,J62_63,48522.53884176444,2196796.316123644,0.0220878642619835
ITA,2025,K,116676.2538156557,2196796.316123644,0.0531120035841724
ITA,2025,L,310538.41773478343,2196796.316123644,0.1413596770240146
ITA,2025,M,150589.43824968397,2196796.316123644,0.068549567906872
ITA,2025,N,75449.69704682306,2196796.316123644,0.0343453311957286
ITA,2025,O,149608.80649747897,2196796.316123644,0.068103176156755
ITA,2025,P,96359.95251358331,2196796.316123644,0.0438638538340301
ITA,2025,Q,135012.6226557196,2196796.316123644,0.06145887156892
ITA,2025,R,21053.597257635487,2196796.316123644,0.0095837730166926
ITA,2025,S,33944.640348885696,2196796.316123644,0.0154518833174223
ITA,2025,T,25827.735619915682,2196796.316123644,0.0117570006059961
ITA,2025,HFCE,0.0,2196796.316123644,0.0
ITA,2026,A01_02,49155.84368770011,2259147.014997602,0.0217585855906559
ITA,2026,A03,999.7856664782289,2259147.014997602,0.000442550068606
ITA,2026,B05_06,2670.6099040519753,2259147.014997602,0.0011821319667657
ITA,2026,B07_08,1446.2242220081234,2259147.014997602,0.0006401638372391
ITA,2026,B09,191.98830370357882,2259147.014997602,8.498265160657666e-05
ITA,2026,C10T12,44120.753174816535,2259147.014997602,0.01952982824133
ITA,2026,C13T15,30919.97930913765,2259147.014997602,0.0136865724558304
ITA,2026,C16,6127.714359097949,2259147.014997602,0.0027124017686403
ITA,2026,C17_18,14529.043629863618,2259147.014997602,0.0064312076785667
ITA,2026,C19,-285.08948111598966,2259147.014997602,-0.0001261934169062
ITA,2026,C20,18263.610633412733,2259147.014997602,0.0080842948742015
ITA,2026,C21,15748.432356057641,2259147.014997602,0.0069709639308597
ITA,2026,C22,19222.23716354893,2259147.014997602,0.0085086260592781
ITA,2026,C23,14386.10439279108,2259147.014997602,0.0063679363482267
ITA,2026,C24,11405.683226050409,2259147.014997602,0.0050486679929781
ITA,2026,C25,46678.14257921874,2259147.014997602,0.0206618437265661
ITA,2026,C26,13529.915457576144,2259147.014997602,0.0059889486464388
ITA,2026,C27,16317.427828746215,2259147.014997602,0.0072228268990115
ITA,2026,C28,53002.97369670825,2259147.014997602,0.0234614982313422
ITA,2026,C29,16689.96403723398,2259147.014997602,0.0073877281675056
ITA,2026,C30,11999.663477988128,2259147.014997602,0.0053115903472979
ITA,2026,C31T33,31867.16544035457,2259147.014997602,0.014105839606188
ITA,2026,D,44271.18784566359,2259147.014997602,0.0195964173875203
ITA,2026,E,25646.87589919691,2259147.014997602,0.0113524599014306
ITA,2026,F,99703.73407608931,2259147.014997602,0.0441333536127551
ITA,2026,G,264597.7541689196,2259147.014997602,0.1171228576150014
ITA,2026,H49,61280.56256077183,2259147.014997602,0.0271255310760893
ITA,2026,H50,2495.453451631989,2259147.014997602,0.0011045998489986
ITA,2026,H51,1227.5416541595214,2259147.014997602,0.0005433651046215
ITA,2026,H52,43357.53391817563,2259147.014997602,0.019191993097546
ITA,2026,H53,4329.99374270645,2259147.014997602,0.0019166498302064
ITA,2026,I,58469.117401057694,2259147.014997602,0.0258810590957135
ITA,2026,J58T60,11867.244147967895,2259147.014997602,0.0052529756006076
ITA,2026,J61,26302.660605066503,2259147.014997602,0.0116427396846922
ITA,2026,J62_63,49899.732615132234,2259147.014997602,0.0220878642619835
ITA,2026,K,119987.82435772503,2259147.014997602,0.0531120035841724
ITA,2026,L,319352.2923898277,2259147.014997602,0.1413596770240146
ITA,2026,M,154863.5517161853,2259147.014997602,0.068549567906872
ITA,2026,N,77591.15244993429,2259147.014997602,0.0343453311957286
ITA,2026,O,153855.0871263889,2259147.014997602,0.068103176156755
ITA,2026,P,99094.89445544023,2259147.014997602,0.0438638538340301
ITA,2026,Q,138844.6262500466,2259147.014997602,0.06145887156892
ITA,2026,R,21651.152203075653,2259147.014997602,0.0095837730166926
ITA,2026,S,34908.07607264583,2259147.014997602,0.0154518833174223
ITA,2026,T,26560.792824361088,2259147.014997602,0.0117570006059961
ITA,2026,HFCE,0.0,2259147.014997602,0.0
ITA,2027,A01_02,50569.5538853447,2324119.53776359,0.0217585855906559
ITA,2027,A03,1028.5392608858217,2324119.53776359,0.000442550068606
ITA,2027,B05_06,2747.416000175062,2324119.53776359,0.0011821319667657
ITA,2027,B07_08,1487.817281497103,2324119.53776359,0.0006401638372391
ITA,2027,B09,197.50984096980116,2324119.53776359,8.498265160657666e-05
ITA,2027,C10T12,45389.65538484218,2324119.53776359,0.01952982824133
ITA,2027,C13T15,31809.230449612434,2324119.53776359,0.0136865724558304
ITA,2027,C16,6303.945944761438,2324119.53776359,0.0027124017686403
ITA,2027,C17_18,14946.895417172089,2324119.53776359,0.0064312076785667
ITA,2027,C19,-293.2885857688455,2324119.53776359,-0.0001261934169062
ITA,2027,C20,18788.867666173748,2324119.53776359,0.0080842948742015
ITA,2027,C21,16201.353468756304,2324119.53776359,0.0069709639308597
ITA,2027,C22,19775.064063892652,2324119.53776359,0.0085086260592781
ITA,2027,C23,14799.845282148603,2324119.53776359,0.0063679363482267
ITA,2027,C24,11733.707922162093,2324119.53776359,0.0050486679929781
ITA,2027,C25,48020.59469113034,2324119.53776359,0.0206618437265661
ITA,2027,C26,13919.032559851223,2324119.53776359,0.0059889486464388
ITA,2027,C27,16786.71311387703,2324119.53776359,0.0072228268990115
ITA,2027,C28,54527.32642466832,2324119.53776359,0.0234614982313422
ITA,2027,C29,17169.96337378617,2324119.53776359,0.0073877281675056
ITA,2027,C30,12344.770902751543,2324119.53776359,0.0053115903472979
ITA,2027,C31T33,32783.657425301,2324119.53776359,0.014105839606188
ITA,2027,D,45544.416520506056,2324119.53776359,0.0195964173875203
ITA,2027,E,26384.473858592577,2324119.53776359,0.0113524599014306
ITA,2027,F,102571.18939843345,2324119.53776359,0.0441333536127551
ITA,2027,G,272207.5217017278,2324119.53776359,0.1171228576150014
ITA,2027,H49,63042.976746152555,2324119.53776359,0.0271255310760893
ITA,2027,H50,2567.2220904683577,2324119.53776359,0.0011045998489986
ITA,2027,H51,1262.8454557897853,2324119.53776359,0.0005433651046215
ITA,2027,H52,44604.48612663062,2324119.53776359,0.019191993097546
ITA,2027,H53,4454.523317433962,2324119.53776359,0.0019166498302064
ITA,2027,I,60150.67510236182,2324119.53776359,0.0258810590957135
ITA,2027,J58T60,12208.543224767553,2324119.53776359,0.0052529756006076
ITA,2027,J61,27059.11877428864,2324119.53776359,0.0116427396846922
ITA,2027,J62_63,51334.83687874601,2324119.53776359,0.0220878642619835
ITA,2027,K,123438.6452197449,2324119.53776359,0.0531120035841724
ITA,2027,L,328536.78722346324,2324119.53776359,0.1413596770240146
ITA,2027,M,159317.39007761318,2324119.53776359,0.068549567906872
ITA,2027,N,79822.65526295415,2324119.53776359,0.0343453311957286
ITA,2027,O,158279.92228966978,2324119.53776359,0.068103176156755
ITA,2027,P,101944.83969727572,2324119.53776359,0.0438638538340301
ITA,2027,Q,142837.7641822302,2324119.53776359,0.06145887156892
ITA,2027,R,22273.834113586774,2324119.53776359,0.0095837730166926
ITA,2027,S,35912.02391326444,2324119.53776359,0.0154518833174223
ITA,2027,T,27324.674813893904,2324119.53776359,0.0117570006059961
ITA,2027,HFCE,0.0,2324119.53776359,0.0
ITA,2028,A01_02,52040.31126254766,2391713.8844216084,0.0217585855906559
ITA,2028,A03,1058.4531436367056,2391713.8844216084,0.000442550068606
ITA,2028,B05_06,2827.3214381321477,2391713.8844216084,0.0011821319667657
ITA,2028,B07_08,1531.08873782937,2391713.8844216084,0.0006401638372391
ITA,2028,B09,203.2541877824137,2391713.8844216084,8.498265160657666e-05
ITA,2028,C10T12,46709.76136515821,2391713.8844216084,0.01952982824133
ITA,2028,C13T15,32734.36537275192,2391713.8844216084,0.0136865724558304
ITA,2028,C16,6487.2889701867325,2391713.8844216084,0.0027124017686403
ITA,2028,C17_18,15381.608698426837,2391713.8844216084,0.0064312076785667
ITA,2028,C19,-301.81854733716307,2391713.8844216084,-0.0001261934169062
ITA,2028,C20,19335.320296386166,2391713.8844216084,0.0080842948742015
ITA,2028,C21,16672.551221239377,2391713.8844216084,0.0069709639308597
ITA,2028,C22,20350.19908332695,2391713.8844216084,0.0085086260592781
ITA,2028,C23,15230.281779166833,2391713.8844216084,0.0063679363482267
ITA,2028,C24,12074.969336640695,2391713.8844216084,0.0050486679929781
ITA,2028,C25,49417.218518577654,2391713.8844216084,0.0206618437265661
ITA,2028,C26,14323.851630775676,2391713.8844216084,0.0059889486464388
ITA,2028,C27,17274.935379139675,2391713.8844216084,0.0072228268990115
ITA,2028,C28,56113.19106923415,2391713.8844216084,0.0234614982313422
ITA,2028,C29,17669.33203255575,2391713.8844216084,0.0073877281675056
ITA,2028,C30,12703.80438199218,2391713.8844216084,0.0053115903472979
ITA,2028,C31T33,33737.132437544074,2391713.8844216084,0.014105839606188
ITA,2028,D,46869.02355065332,2391713.8844216084,0.0195964173875203
ITA,2028,E,27151.83596859113,2391713.8844216084,0.0113524599014306
ITA,2028,F,105554.35460171492,2391713.8844216084,0.0441333536127551
ITA,2028,G,280124.36474093393,2391713.8844216084,0.1171228576150014
ITA,2028,H49,64876.50929699259,2391713.8844216084,0.0271255310760893
ITA,2028,H50,2641.8867955799637,2391713.8844216084,0.0011045998489986
ITA,2028,H51,1299.5738650334415,2391713.8844216084,0.0005433651046215
ITA,2028,H52,45901.75636112444,2391713.8844216084,0.019191993097546
ITA,2028,H53,4584.078010478966,2391713.8844216084,0.0019166498302064
ITA,2028,I,61900.08838275414,2391713.8844216084,0.0258810590957135
ITA,2028,J58T60,12563.614678501135,2391713.8844216084,0.0052529756006076
ITA,2028,J61,27846.102156584795,2391713.8844216084,0.0116427396846922
ITA,2028,J62_63,52827.85163260578,2391713.8844216084,0.0220878642619835
ITA,2028,K,127028.71640171537,2391713.8844216084,0.0531120035841724
ITA,2028,L,338091.90223569,2391713.8844216084,0.1413596770240146
ITA,2028,M,163950.95333396766,2391713.8844216084,0.068549567906872
ITA,2028,N,82144.20548588269,2391713.8844216084,0.0343453311957286
ITA,2028,O,162883.31198732156,2391713.8844216084,0.068103176156755
ITA,2028,P,104909.7882390898,2391713.8844216084,0.0438638538340301
ITA,2028,Q,146992.0364522704,2391713.8844216084,0.06145887156892
ITA,2028,R,22921.642989168857,2391713.8844216084,0.0095837730166926
ITA,2028,S,36956.48387074154,2391713.8844216084,0.0154518833174223
ITA,2028,T,28119.381588514138,2391713.8844216084,0.0117570006059961
ITA,2028,HFCE,0.0,2391713.8844216084,0.0
ITA,2029,A01_02,53568.11581930898,2461930.0549716568,0.0217585855906559
ITA,2029,A03,1089.52731473088,2461930.0549716568,0.000442550068606
ITA,2029,B05_06,2910.3262179232324,2461930.0549716568,0.0011821319667657
ITA,2029,B07_08,1576.0385910049242,2461930.0549716568,0.0006401638372391
ITA,2029,B09,209.22134414141644,2461930.0549716568,8.498265160657666e-05
ITA,2029,C10T12,48081.071115764586,2461930.0549716568,0.01952982824133
ITA,2029,C13T15,33695.384078556104,2461930.0549716568,0.0136865724558304
ITA,2029,C16,6677.743435373833,2461930.0549716568,0.0027124017686403
ITA,2029,C17_18,15833.183473627856,2461930.0549716568,0.0064312076785667
ITA,2029,C19,-310.67936582094217,2461930.0549716568,-0.0001261934169062
ITA,2029,C20,19902.968524049982,2461930.0549716568,0.0080842948742015
ITA,2029,C21,17162.02561350686,2461930.0549716568,0.0069709639308597
ITA,2029,C22,20947.642221851802,2461930.0549716568,0.0085086260592781
ITA,2029,C23,15677.413883845771,2461930.0549716568,0.0063679363482267
ITA,2029,C24,12429.467469486217,2461930.0549716568,0.0050486679929781
ITA,2029,C25,50868.014061560665,2461930.0549716568,0.0206618437265661
ITA,2029,C26,14744.372670349505,2461930.0549716568,0.0059889486464388
ITA,2029,C27,17782.094624534144,2461930.0549716568,0.0072228268990115
ITA,2029,C28,57760.56763040573,2461930.0549716568,0.0234614982313422
ITA,2029,C29,18188.070013542718,2461930.0549716568,0.0073877281675056
ITA,2029,C30,13076.76391571004,2461930.0549716568,0.0053115903472979
ITA,2029,C31T33,34727.590477083795,2461930.0549716568,0.014105839606188
ITA,2029,D,48245.008936105376,2461930.0549716568,0.0195964173875203
ITA,2029,E,27948.96222919257,2461930.0549716568,0.0113524599014306
ITA,2029,F,108653.22968593372,2461930.0549716568,0.0441333536127551
ITA,2029,G,288348.2832865379,2461930.0549716568,0.1171228576150014
ITA,2029,H49,66781.1602132919,2461930.0549716568,0.0271255310760893
ITA,2029,H50,2719.4475669668072,2461930.0549716568,0.0011045998489986
ITA,2029,H51,1337.7268818904895,2461930.0549716568,0.0005433651046215
ITA,2029,H52,47249.34462165708,2461930.0549716568,0.019191993097546
ITA,2029,H53,4718.657821841459,2461930.0549716568,0.0019166498302064
ITA,2029,I,63717.35724223463,2461930.0549716568,0.0258810590957135
ITA,2029,J58T60,12932.45850916864,2461930.0549716568,0.0052529756006076
ITA,2029,J61,28663.61075195496,2461930.0549716568,0.0116427396846922
ITA,2029,J62_63,54378.77687671153,2461930.0549716568,0.0220878642619835
ITA,2029,K,130758.03790363639,2461930.0549716568,0.0531120035841724
ITA,2029,L,348017.63742650795,2461930.0549716568,0.1413596770240146
ITA,2029,M,168764.2414852487,2461930.0549716568,0.068549567906872
ITA,2029,N,84555.80311871986,2461930.0549716568,0.0343453311957286
ITA,2029,O,167665.25621934427,2461930.0549716568,0.068103176156755
ITA,2029,P,107989.74008088245,2461930.0549716568,0.0438638538340301
ITA,2029,Q,151307.44306016722,2461930.0549716568,0.06145887156892
ITA,2029,R,23594.578829821894,2461930.0549716568,0.0095837730166926
ITA,2029,S,38041.45594507711,2461930.0549716568,0.0154518833174223
ITA,2029,T,28944.91314822178,2461930.0549716568,0.0117570006059961
ITA,2029,HFCE,0.0,2461930.0549716568,0.0
ITA,2030,A01_02,55152.96755562867,2534768.0494137355,0.0217585855906559
ITA,2030,A03,1121.7617741683455,2534768.0494137355,0.000442550068606
ITA,2030,B05_06,2996.430339548316,2534768.0494137355,0.0011821319667657
ITA,2030,B07_08,1622.6668410237655,2534768.0494137355,0.0006401638372391
ITA,2030,B09,215.41131004680938,2534768.0494137355,8.498265160657666e-05
ITA,2030,C10T12,49503.584636661326,2534768.0494137355,0.01952982824133
ITA,2030,C13T15,34692.28656702498,2534768.0494137355,0.0136865724558304
ITA,2030,C16,6875.309340322739,2534768.0494137355,0.0027124017686403
ITA,2030,C17_18,16301.619742775152,2534768.0494137355,0.0064312076785667
ITA,2030,C19,-319.87104122018286,2534768.0494137355,-0.0001261934169062
ITA,2030,C20,20491.812349165197,2534768.0494137355,0.0080842948742015
ITA,2030,C21,17669.776645558748,2534768.0494137355,0.0069709639308597
ITA,2030,C22,21567.393479467228,2534768.0494137355,0.0085086260592781
ITA,2030,C23,16141.241596185419,2534768.0494137355,0.0063679363482267
ITA,2030,C24,12797.202320698656,2534768.0494137355,0.0050486679929781
ITA,2030,C25,52372.98132007939,2534768.0494137355,0.0206618437265661
ITA,2030,C26,15180.595678572708,2534768.0494137355,0.0059889486464388
ITA,2030,C27,18308.19085006044,2534768.0494137355,0.0072228268990115
ITA,2030,C28,59469.456108183076,2534768.0494137355,0.0234614982313422
ITA,2030,C29,18726.177316747082,2534768.0494137355,0.0073877281675056
ITA,2030,C30,13463.649503905124,2534768.0494137355,0.0053115903472979
ITA,2030,C31T33,35755.03154392017,2534768.0494137355,0.014105839606188
ITA,2030,D,49672.37267686224,2534768.0494137355,0.0195964173875203
ITA,2030,E,28775.852640396894,2534768.0494137355,0.0113524599014306
ITA,2030,F,111867.81465108988,2534768.0494137355,0.0441333536127551
ITA,2030,G,296879.2773385398,2534768.0494137355,0.1171228576150014
ITA,2030,H49,68756.92949505054,2534768.0494137355,0.0271255310760893
ITA,2030,H50,2799.904404628888,2534768.0494137355,0.0011045998489986
ITA,2030,H51,1377.30450636093,2534768.0494137355,0.0005433651046215
ITA,2030,H52,48647.25090822855,2534768.0494137355,0.019191993097546
ITA,2030,H53,4858.2627515214435,2534768.0494137355,0.0019166498302064
ITA,2030,I,65602.48168080334,2534768.0494137355,0.0258810590957135
ITA,2030,J58T60,13315.074716770072,2534768.0494137355,0.0052529756006076
ITA,2030,J61,29511.644560399138,2534768.0494137355,0.0116427396846922
ITA,2030,J62_63,55987.612611063276,2534768.0494137355,0.0220878642619835
ITA,2030,K,134626.60972550802,2534768.0494137355,0.0531120035841724
ITA,2030,L,358313.99279591715,2534768.0494137355,0.1413596770240146
ITA,2030,M,173757.25453145633,2534768.0494137355,0.068549567906872
ITA,2030,N,87057.4481614657,2534768.0494137355,0.0343453311957286
ITA,2030,O,172625.75498573788,2534768.0494137355,0.068103176156755
ITA,2030,P,111184.69522265368,2534768.0494137355,0.0438638538340301
ITA,2030,Q,155783.98400592065,2534768.0494137355,0.06145887156892
ITA,2030,R,24292.641635545897,2534768.0494137355,0.0095837730166926
ITA,2030,S,39166.940136271165,2534768.0494137355,0.0154518833174223
ITA,2030,T,29801.269493016844,2534768.0494137355,0.0117570006059961
ITA,2030,HFCE,0.0,2534768.0494137355,0.0
ITA,2031,A01_02,56794.86647150673,2610227.8677478447,0.0217585855906559
ITA,2031,A03,1155.1565219491017,2610227.8677478447,0.000442550068606
ITA,2031,B05_06,3085.633803007399,2610227.8677478447,0.0011821319667657
ITA,2031,B07_08,1670.9734878858942,2610227.8677478447,0.0006401638372391
ITA,2031,B09,221.82408549859255,2610227.8677478447,8.498265160657666e-05
ITA,2031,C10T12,50977.30192784844,2610227.8677478447,0.01952982824133
ITA,2031,C13T15,35725.072838158565,2610227.8677478447,0.0136865724558304
ITA,2031,C16,7079.986685033453,2610227.8677478447,0.0027124017686403
ITA,2031,C17_18,16786.91750586872,2610227.8677478447,0.0064312076785667
ITA,2031,C19,-329.3935735348852,2610227.8677478447,-0.0001261934169062
ITA,2031,C20,21101.85177173181,2610227.8677478447,0.0080842948742015
ITA,2031,C21,18195.80431739505,2610227.8677478447,0.0069709639308597
ITA,2031,C22,22209.452856173222,2610227.8677478447,0.0085086260592781
ITA,2031,C23,16621.764916185777,2610227.8677478447,0.0063679363482267
ITA,2031,C24,13178.173890278016,2610227.8677478447,0.0050486679929781
ITA,2031,C25,53932.12029413382,2610227.8677478447,0.0206618437265661
ITA,2031,C26,15632.520655445289,2610227.8677478447,0.0059889486464388
ITA,2031,C27,18853.224055718565,2610227.8677478447,0.0072228268990115
ITA,2031,C28,61239.85650256618,2610227.8677478447,0.0234614982313422
ITA,2031,C29,19283.653942168836,2610227.8677478447,0.0073877281675056
ITA,2031,C30,13864.461146577432,2610227.8677478447,0.0053115903472979
ITA,2031,C31T33,36819.4556380532,2610227.8677478447,0.014105839606188
ITA,2031,D,51151.114772923895,2610227.8677478447,0.0195964173875203
ITA,2031,E,29632.507202204102,2610227.8677478447,0.0113524599014306
ITA,2031,F,115198.10949718337,2610227.8677478447,0.0441333536127551
ITA,2031,G,305717.3468969395,2610227.8677478447,0.1171228576150014
ITA,2031,H49,70803.81714226847,2610227.8677478447,0.0271255310760893
ITA,2031,H50,2883.257308566207,2610227.8677478447,0.0011045998489986
ITA,2031,H51,1418.3067384447625,2610227.8677478447,0.0005433651046215
ITA,2031,H52,50095.475220838845,2610227.8677478447,0.019191993097546
ITA,2031,H53,5002.89279951892,2610227.8677478447,0.0019166498302064
ITA,2031,I,67555.46169846022,2610227.8677478447,0.0258810590957135
ITA,2031,J58T60,13711.46330130543,2610227.8677478447,0.0052529756006076
ITA,2031,J61,30390.203581917332,2610227.8677478447,0.0116427396846922
ITA,2031,J62_63,57654.35883566101,2610227.8677478447,0.0220878642619835
ITA,2031,K,138634.43186733022,2610227.8677478447,0.0531120035841724
ITA,2031,L,368980.96834391763,2610227.8677478447,0.1413596770240146
ITA,2031,M,178929.9924725906,2610227.8677478447,0.068549567906872
ITA,2031,N,89649.1406141202,2610227.8677478447,0.0343453311957286
ITA,2031,O,177764.80828650246,2610227.8677478447,0.068103176156755
ITA,2031,P,114494.65366440352,2610227.8677478447,0.0438638538340301
ITA,2031,Q,160421.65928953068,2610227.8677478447,0.06145887156892
ITA,2031,R,25015.831406340854,2610227.8677478447,0.0095837730166926
ITA,2031,S,40332.9364443237,2610227.8677478447,0.0154518833174223
ITA,2031,T,30688.45062289932,2610227.8677478447,0.0117570006059961
ITA,2031,HFCE,0.0,2610227.8677478447,0.0
ITA,2032,A01_02,58493.812566943154,2688309.509973984,0.0217585855906559
ITA,2032,A03,1189.711558073149,2688309.509973984,0.000442550068606
ITA,2032,B05_06,3177.936608300481,2688309.509973984,0.0011821319667657
ITA,2032,B07_08,1720.9585315913102,2688309.509973984,0.0006401638372391
ITA,2032,B09,228.4596704967659,2688309.509973984,8.498265160657666e-05
ITA,2032,C10T12,52502.22298932593,2688309.509973984,0.01952982824133
ITA,2032,C13T15,36793.742891956856,2688309.509973984,0.0136865724558304
ITA,2032,C16,7291.775469505973,2688309.509973984,0.0027124017686403
ITA,2032,C17_18,17289.076762908568,2688309.509973984,0.0064312076785667
ITA,2032,C19,-339.2469627650492,2688309.509973984,-0.0001261934169062
ITA,2032,C20,21733.086791749825,2688309.509973984,0.0080842948742015
ITA,2032,C21,18740.10862901576,2688309.509973984,0.0069709639308597
ITA,2032,C22,22873.82035196978,2688309.509973984,0.0085086260592781
ITA,2032,C23,17118.983843846843,2688309.509973984,0.0063679363482267
ITA,2032,C24,13572.382178224294,2688309.509973984,0.0050486679929781
ITA,2032,C25,55545.430983723956,2688309.509973984,0.0206618437265661
ITA,2032,C26,16100.147600967246,2688309.509973984,0.0059889486464388
ITA,2032,C27,19417.194241508518,2688309.509973984,0.0072228268990115
ITA,2032,C28,63071.76881355505,2688309.509973984,0.0234614982313422
ITA,2032,C29,19860.49988980798,2688309.509973984,0.0073877281675056
ITA,2032,C30,14279.198843726963,2688309.509973984,0.0053115903472979
ITA,2032,C31T33,37920.86275948288,2688309.509973984,0.014105839606188
ITA,2032,D,52681.23522429036,2688309.509973984,0.0195964173875203
ITA,2032,E,30518.925914614203,2688309.509973984,0.0113524599014306
ITA,2032,F,118644.11422421422,2688309.509973984,0.0441333536127551
ITA,2032,G,314862.4919617371,2688309.509973984,0.1171228576150014
ITA,2032,H49,72921.82315494571,2688309.509973984,0.0271255310760893
ITA,2032,H50,2969.5062787787638,2688309.509973984,0.0011045998489986
ITA,2032,H51,1460.7335781419874,2688309.509973984,0.0005433651046215
ITA,2032,H52,51594.01755948798,2688309.509973984,0.019191993097546
ITA,2032,H53,5152.547965833887,2688309.509973984,0.0019166498302064
ITA,2032,I,69576.2972952053,2688309.509973984,0.0258810590957135
ITA,2032,J58T60,14121.624262774712,2688309.509973984,0.0052529756006076
ITA,2032,J61,31299.287816509546,2688309.509973984,0.0116427396846922
ITA,2032,J62_63,59379.01555050474,2688309.509973984,0.0220878642619835
ITA,2032,K,142781.50432910302,2688309.509973984,0.0531120035841724
ITA,2032,L,380018.5640705094,2688309.509973984,0.1413596770240146
ITA,2032,M,184282.4553086514,2688309.509973984,0.068549567906872
ITA,2032,N,92330.88047668335,2688309.509973984,0.0343453311957286
ITA,2032,O,183082.41612163794,2688309.509973984,0.068103176156755
ITA,2032,P,117919.61540613194,2688309.509973984,0.0438638538340301
ITA,2032,Q,165220.46891099736,2688309.509973984,0.06145887156892
ITA,2032,R,25764.148142206777,2688309.509973984,0.0095837730166926
ITA,2032,S,41539.44486923472,2688309.509973984,0.0154518833174223
ITA,2032,T,31606.456537869213,2688309.509973984,0.0117570006059961
ITA,2032,HFCE,0.0,2688309.509973984,0.0
ITA,2033,A01_02,60249.80584193794,2769012.976092153,0.0217585855906559
ITA,2033,A03,1225.4268825404868,2769012.976092153,0.000442550068606
ITA,2033,B05_06,3273.338755427561,2769012.976092153,0.0011821319667657
ITA,2033,B07_08,1772.621972140013,2769012.976092153,0.0006401638372391
ITA,2033,B09,235.31806504132945,2769012.976092153,8.498265160657666e-05
ITA,2033,C10T12,54078.34782109377,2769012.976092153,0.01952982824133
ITA,2033,C13T15,37898.29672841983,2769012.976092153,0.0136865724558304
ITA,2033,C16,7510.675693740297,2769012.976092153,0.0027124017686403
ITA,2033,C17_18,17808.097513894685,2769012.976092153,0.0064312076785667
ITA,2033,C19,-349.4312089106747,2769012.976092153,-0.0001261934169062
ITA,2033,C20,22385.517409219236,2769012.976092153,0.0080842948742015
ITA,2033,C21,19302.689580420873,2769012.976092153,0.0069709639308597
ITA,2033,C22,23560.495966856903,2769012.976092153,0.0085086260592781
ITA,2033,C23,17632.898379168615,2769012.976092153,0.0063679363482267
ITA,2033,C24,13979.827184537486,2769012.976092153,0.0050486679929781
ITA,2033,C25,57212.91338884979,2769012.976092153,0.0206618437265661
ITA,2033,C26,16583.476515138576,2769012.976092153,0.0059889486464388
ITA,2033,C27,20000.10140743029,2769012.976092153,0.0072228268990115
ITA,2033,C28,64965.19304114965,2769012.976092153,0.0234614982313422
ITA,2033,C29,20456.715159664513,2769012.976092153,0.0073877281675056
ITA,2033,C30,14707.862595353712,2769012.976092153,0.0053115903472979
ITA,2033,C31T33,39059.2529082092,2769012.976092153,0.014105839606188
ITA,2033,D,54262.7340309616,2769012.976092153,0.0195964173875203
ITA,2033,E,31435.10877762718,2769012.976092153,0.0113524599014306
ITA,2033,F,122205.82883218238,2769012.976092153,0.0441333536127551
ITA,2033,G,324314.7125329325,2769012.976092153,0.1171228576150014
ITA,2033,H49,75110.94753308222,2769012.976092153,0.0271255310760893
ITA,2033,H50,3058.6513152665566,2769012.976092153,0.0011045998489986
ITA,2033,H51,1504.585025452604,2769012.976092153,0.0005433651046215
ITA,2033,H52,53142.87792417591,2769012.976092153,0.019191993097546
ITA,2033,H53,5307.2282504663435,2769012.976092153,0.0019166498302064
ITA,2033,I,71664.98847103854,2769012.976092153,0.0258810590957135
ITA,2033,J58T60,14545.557601177918,2769012.976092153,0.0052529756006076
ITA,2033,J61,32238.897264175765,2769012.976092153,0.0116427396846922
ITA,2033,J62_63,61161.58275559444,2769012.976092153,0.0220878642619835
ITA,2033,K,147067.82711082633,2769012.976092153,0.0531120035841724
ITA,2033,L,391426.7799756923,2769012.976092153,0.1413596770240146
ITA,2033,M,189814.6430396388,2769012.976092153,0.068549567906872
ITA,2033,N,95102.66774915512,2769012.976092153,0.0343453311957286
ITA,2033,O,188578.57849114432,2769012.976092153,0.068103176156755
ITA,2033,P,121459.5804478389,2769012.976092153,0.0438638538340301
ITA,2033,Q,170180.41287032058,2769012.976092153,0.06145887156892
ITA,2033,R,26537.59184314365,2769012.976092153,0.0095837730166926
ITA,2033,S,42786.46541100422,2769012.976092153,0.0154518833174223
ITA,2033,T,32555.28723792651,2769012.976092153,0.0117570006059961
ITA,2033,HFCE,0.0,2769012.976092153,0.0
ITA,2034,A01_02,62062.846296491094,2852338.266102353,0.0217585855906559
ITA,2034,A03,1262.3024953511156,2852338.266102353,0.000442550068606
ITA,2034,B05_06,3371.840244388641,2852338.266102353,0.0011821319667657
ITA,2034,B07_08,1825.9638095320036,2852338.266102353,0.0006401638372391
ITA,2034,B09,242.39926913228322,2852338.266102353,8.498265160657666e-05
ITA,2034,C10T12,55705.67642315198,2852338.266102353,0.01952982824133
ITA,2034,C13T15,39038.734347547506,2852338.266102353,0.0136865724558304
ITA,2034,C16,7736.6873577364295,2852338.266102353,0.0027124017686403
ITA,2034,C17_18,18343.97975882708,2852338.266102353,0.0064312076785667
ITA,2034,C19,-359.9463119717619,2852338.266102353,-0.0001261934169062
ITA,2034,C20,23059.143624140048,2852338.266102353,0.0080842948742015
ITA,2034,C21,19883.5471716104,2852338.266102353,0.0069709639308597
ITA,2034,C22,24269.479700834592,2852338.266102353,0.0085086260592781
ITA,2034,C23,18163.508522151096,2852338.266102353,0.0063679363482267
ITA,2034,C24,14400.5089092176,2852338.266102353,0.0050486679929781
ITA,2034,C25,58934.56750951133,2852338.266102353,0.0206618437265661
ITA,2034,C26,17082.50739795928,2852338.266102353,0.0059889486464388
ITA,2034,C27,20601.945553483896,2852338.266102353,0.0072228268990115
ITA,2034,C28,66920.12918535003,2852338.266102353,0.0234614982313422
ITA,2034,C29,21072.29975173844,2852338.266102353,0.0073877281675056
ITA,2034,C30,15150.45240145769,2852338.266102353,0.0053115903472979
ITA,2034,C31T33,40234.62608423218,2852338.266102353,0.014105839606188
ITA,2034,D,55895.61119293765,2852338.266102353,0.0195964173875203
ITA,2034,E,32381.055791243052,2852338.266102353,0.0113524599014306
ITA,2034,F,125883.25332108789,2852338.266102353,0.0441333536127551
ITA,2034,G,334074.00861052587,2852338.266102353,0.1171228576150014
ITA,2034,H49,77371.19027667805,2852338.266102353,0.0271255310760893
ITA,2034,H50,3150.692418029588,2852338.266102353,0.0011045998489986
ITA,2034,H51,1549.861080376613,2852338.266102353,0.0005433651046215
ITA,2034,H52,54742.056314902686,2852338.266102353,0.019191993097546
ITA,2034,H53,5466.933653416292,2852338.266102353,0.0019166498302064
ITA,2034,I,73821.53522595999,2852338.266102353,0.0258810590957135
ITA,2034,J58T60,14983.26331651505,2852338.266102353,0.0052529756006076
ITA,2034,J61,33209.03192491601,2852338.266102353,0.0116427396846922
ITA,2034,J62_63,63002.06045093015,2852338.266102353,0.0220878642619835
ITA,2034,K,151493.40021250027,2852338.266102353,0.0531120035841724
ITA,2034,L,403205.6160594665,2852338.266102353,0.1413596770240146
ITA,2034,M,195526.5556655528,2852338.266102353,0.068549567906872
ITA,2034,N,97964.50243153557,2852338.266102353,0.0343453311957286
ITA,2034,O,194253.29539502168,2852338.266102353,0.068103176156755
ITA,2034,P,125114.54878952447,2852338.266102353,0.0438638538340301
ITA,2034,Q,175301.49116750047,2852338.266102353,0.06145887156892
ITA,2034,R,27336.16250915149,2852338.266102353,0.0095837730166926
ITA,2034,S,44073.9980696322,2852338.266102353,0.0154518833174223
ITA,2034,T,33534.94272307123,2852338.266102353,0.0117570006059961
ITA,2034,HFCE,0.0,2852338.266102353,0.0
ITA,2035,A01_02,63932.9339306026,2938285.3800045825,0.0217585855906559
ITA,2035,A03,1300.3383965050348,2938285.3800045825,0.000442550068606
ITA,2035,B05_06,3473.441075183719,2938285.3800045825,0.0011821319667657
ITA,2035,B07_08,1880.9840437672806,2938285.3800045825,0.0006401638372391
ITA,2035,B09,249.70328276962715,2938285.3800045825,8.498265160657666e-05
ITA,2035,C10T12,57384.20879550055,2938285.3800045825,0.01952982824133
ITA,2035,C13T15,40215.05574933988,2938285.3800045825,0.0136865724558304
ITA,2035,C16,7969.810461494365,2938285.3800045825,0.0027124017686403
ITA,2035,C17_18,18896.723497705745,2938285.3800045825,0.0064312076785667
ITA,2035,C19,-370.79227194831054,2938285.3800045825,-0.0001261934169062
ITA,2035,C20,23753.96543651225,2938285.3800045825,0.0080842948742015
ITA,2035,C21,20482.68140258433,2938285.3800045825,0.0069709639308597
ITA,2035,C22,25000.771553902843,2938285.3800045825,0.0085086260592781
ITA,2035,C23,18710.814272794283,2938285.3800045825,0.0063679363482267
ITA,2035,C24,14834.427352264629,2938285.3800045825,0.0050486679929781
ITA,2035,C25,60710.39334570857,2938285.3800045825,0.0206618437265661
ITA,2035,C26,17597.24024942936,2938285.3800045825,0.0059889486464388
ITA,2035,C27,21222.726679669326,2938285.3800045825,0.0072228268990115
ITA,2035,C28,68936.57724615616,2938285.3800045825,0.0234614982313422
ITA,2035,C29,21707.25366602975,2938285.3800045825,0.0073877281675056
ITA,2035,C30,15606.968262038883,2938285.3800045825,0.0053115903472979
ITA,2035,C31T33,41446.98228755179,2938285.3800045825,0.014105839606188
ITA,2035,D,57579.866710218485,2938285.3800045825,0.0195964173875203
ITA,2035,E,33356.7669554618,2938285.3800045825,0.0113524599014306
ITA,2035,F,129676.38769093073,2938285.3800045825,0.0441333536127551
ITA,2035,G,344140.38019451697,2938285.3800045825,0.1171228576150014
ITA,2035,H49,79702.55138573315,2938285.3800045825,0.0271255310760893
ITA,2035,H50,3245.629587067856,2938285.3800045825,0.0011045998489986
ITA,2035,H51,1596.5617429140138,2938285.3800045825,0.0005433651046215
ITA,2035,H52,56391.55273166827,2938285.3800045825,0.019191993097546
ITA,2035,H53,5631.66417468373,2938285.3800045825,0.0019166498302064
ITA,2035,I,76045.9375599696,2938285.3800045825,0.0258810590957135
ITA,2035,J58T60,15434.741408786102,2938285.3800045825,0.0052529756006076
ITA,2035,J61,34209.69179873025,2938285.3800045825,0.0116427396846922
ITA,2035,J62_63,64900.44863651182,2938285.3800045825,0.0220878642619835
ITA,2035,K,156058.22363412476,2938285.3800045825,0.0531120035841724
ITA,2035,L,415355.07232183183,2938285.3800045825,0.1413596770240146
ITA,2035,M,201418.19318639333,2938285.3800045825,0.068549567906872
ITA,2035,N,100916.38452382464,2938285.3800045825,0.0343453311957286
ITA,2035,O,200106.56683326987,2938285.3800045825,0.068103176156755
ITA,2035,P,128884.5204311886,2938285.3800045825,0.0438638538340301
ITA,2035,Q,180583.70380253694,2938285.3800045825,0.06145887156892
ITA,2035,R,28159.86014023028,2938285.3800045825,0.0095837730166926
ITA,2035,S,45402.04284511865,2938285.3800045825,0.0154518833174223
ITA,2035,T,34545.42299330336,2938285.3800045825,0.0117570006059961
ITA,2035,HFCE,0.0,2938285.3800045825,0.0
ITA,2036,A01_02,65860.0687442725,3026854.317798843,0.0217585855906559
ITA,2036,A03,1339.5345860022453,3026854.317798843,0.000442550068606
ITA,2036,B05_06,3578.1412478127972,3026854.317798843,0.0011821319667657
ITA,2036,B07_08,1937.6826748458457,3026854.317798843,0.0006401638372391
ITA,2036,B09,257.2301059533614,3026854.317798843,8.498265160657666e-05
ITA,2036,C10T12,59113.944938139495,3026854.317798843,0.01952982824133
ITA,2036,C13T15,41427.26093379696,3026854.317798843,0.0136865724558304
ITA,2036,C16,8210.045005014112,3026854.317798843,0.0027124017686403
ITA,2036,C17_18,19466.32873053069,3026854.317798843,0.0064312076785667
ITA,2036,C19,-381.969088840321,3026854.317798843,-0.0001261934169062
ITA,2036,C20,24469.982846335864,3026854.317798843,0.0080842948742015
ITA,2036,C21,21100.09227334268,3026854.317798843,0.0069709639308597
ITA,2036,C22,25754.371526061674,3026854.317798843,0.0085086260592781
ITA,2036,C23,19274.815631098187,3026854.317798843,0.0063679363482267
ITA,2036,C24,15281.58251367858,3026854.317798843,0.0050486679929781
ITA,2036,C25,62540.390897441546,3026854.317798843,0.0206618437265661
ITA,2036,C26,18127.67506954882,3026854.317798843,0.0059889486464388
ITA,2036,C27,21862.444785986587,3026854.317798843,0.0072228268990115
ITA,2036,C28,71014.53722356806,3026854.317798843,0.0234614982313422
ITA,2036,C29,22361.57690253846,3026854.317798843,0.0073877281675056
ITA,2036,C30,16077.410177097307,3026854.317798843,0.0053115903472979
ITA,2036,C31T33,42696.32151816808,3026854.317798843,0.014105839606188
ITA,2036,D,59315.50058280414,3026854.317798843,0.0195964173875203
ITA,2036,E,34362.242270283445,3026854.317798843,0.0113524599014306
ITA,2036,F,133585.23194171092,3026854.317798843,0.0441333536127551
ITA,2036,G,354513.82728490606,3026854.317798843,0.1171228576150014
ITA,2036,H49,82105.0308602476,3026854.317798843,0.0271255310760893
ITA,2036,H50,3343.462822381363,3026854.317798843,0.0011045998489986
ITA,2036,H51,1644.6870130648074,3026854.317798843,0.0005433651046215
ITA,2036,H52,58091.3671744727,3026854.317798843,0.019191993097546
ITA,2036,H53,5801.419814268662,3026854.317798843,0.0019166498302064
ITA,2036,I,78338.19547306743,3026854.317798843,0.0258810590957135
ITA,2036,J58T60,15899.991877991086,3026854.317798843,0.0052529756006076
ITA,2036,J61,35240.87688561853,3026854.317798843,0.0116427396846922
ITA,2036,J62_63,66856.74731233952,3026854.317798843,0.0220878642619835
ITA,2036,K,160762.29737569988,3026854.317798843,0.0531120035841724
ITA,2036,L,427875.14876278857,3026854.317798843,0.1413596770240146
ITA,2036,M,207489.55560216052,3026854.317798843,0.068549567906872
ITA,2036,N,103958.31402602242,3026854.317798843,0.0343453311957286
ITA,2036,O,206138.3928058891,3026854.317798843,0.068103176156755
ITA,2036,P,132769.49537283136,3026854.317798843,0.0438638538340301
ITA,2036,Q,186027.05077543005,3026854.317798843,0.06145887156892
ITA,2036,R,29008.684736380044,3026854.317798843,0.0095837730166926
ITA,2036,S,46770.5997374636,3026854.317798843,0.0154518833174223
ITA,2036,T,35586.728048622914,3026854.317798843,0.0117570006059961
ITA,2036,HFCE,0.0,3026854.317798843,0.0
ITA,2037,A01_02,67844.25073750076,3118045.0794851333,0.0217585855906559
ITA,2037,A03,1379.8910638427465,3118045.0794851333,0.000442550068606
ITA,2037,B05_06,3685.940762275874,3118045.0794851333,0.0011821319667657
ITA,2037,B07_08,1996.0597027676974,3118045.0794851333,0.0006401638372391
ITA,2037,B09,264.9797386834857,3118045.0794851333,8.498265160657666e-05
ITA,2037,C10T12,60894.884851068804,3118045.0794851333,0.01952982824133
ITA,2037,C13T15,42675.349900918736,3118045.0794851333,0.0136865724558304
ITA,2037,C16,8457.39098829566,3118045.0794851333,0.0027124017686403
ITA,2037,C17_18,20052.795457301905,3118045.0794851333,0.0064312076785667
ITA,2037,C19,-393.47676264779295,3118045.0794851333,-0.0001261934169062
ITA,2037,C20,25207.195853610872,3118045.0794851333,0.0080842948742015
ITA,2037,C21,21735.77978388543,3118045.0794851333,0.0069709639308597
ITA,2037,C22,26530.27961731106,3118045.0794851333,0.0085086260592781
ITA,2037,C23,19855.512597062792,3118045.0794851333,0.0063679363482267
ITA,2037,C24,15741.974393459446,3118045.0794851333,0.0050486679929781
ITA,2037,C25,64424.5601647102,3118045.0794851333,0.0206618437265661
ITA,2037,C26,18673.81185831765,3118045.0794851333,0.0059889486464388
ITA,2037,C27,22521.09987243567,3118045.0794851333,0.0072228268990115
ITA,2037,C28,73154.00911758571,3118045.0794851333,0.0234614982313422
ITA,2037,C29,23035.269461264557,3118045.0794851333,0.0073877281675056
ITA,2037,C30,16561.778146632947,3118045.0794851333,0.0053115903472979
ITA,2037,C31T33,43982.643776081,3118045.0794851333,0.014105839606188
ITA,2037,D,61102.51281069458,3118045.0794851333,0.0195964173875203
ITA,2037,E,35397.48173570797,3118045.0794851333,0.0113524599014306
ITA,2037,F,137609.78607342846,3118045.0794851333,0.0441333536127551
ITA,2037,G,365194.34988169296,3118045.0794851333,0.1171228576150014
ITA,2037,H49,84578.6287002213,3118045.0794851333,0.0271255310760893
ITA,2037,H50,3444.1921239701064,3118045.0794851333,0.0011045998489986
ITA,2037,H51,1694.2368908289927,3118045.0794851333,0.0005433651046215
ITA,2037,H52,59841.49964331595,3118045.0794851333,0.019191993097546
ITA,2037,H53,5976.200572171082,3118045.0794851333,0.0019166498302064
ITA,2037,I,80698.30896525344,3118045.0794851333,0.0258810590957135
ITA,2037,J58T60,16379.014724129991,3118045.0794851333,0.0052529756006076
ITA,2037,J61,36302.58718558081,3118045.0794851333,0.0116427396846922
ITA,2037,J62_63,68870.95647841318,3118045.0794851333,0.0220878642619835
ITA,2037,K,165605.62143722552,3118045.0794851333,0.0531120035841724
ITA,2037,L,440765.8453823364,3118045.0794851333,0.1413596770240146
ITA,2037,M,213740.64291285424,3118045.0794851333,0.068549567906872
ITA,2037,N,107090.2909381288,3118045.0794851333,0.0343453311957286
ITA,2037,O,212348.77331287917,3118045.0794851333,0.068103176156755
ITA,2037,P,136769.47361445267,3118045.0794851333,0.0438638538340301
ITA,2037,Q,191631.53208617977,3118045.0794851333,0.06145887156892
ITA,2037,R,29882.636297600755,3118045.0794851333,0.0095837730166926
ITA,2037,S,48179.66874666702,3118045.0794851333,0.0154518833174223
ITA,2037,T,36658.857889029874,3118045.0794851333,0.0117570006059961
ITA,2037,HFCE,0.0,3118045.0794851333,0.0
ITA,2038,A01_02,69885.47991028737,3211857.665063454,0.0217585855906559
ITA,2038,A03,1421.4078300265385,3211857.665063454,0.000442550068606
ITA,2038,B05_06,3796.8396185729493,3211857.665063454,0.0011821319667657
ITA,2038,B07_08,2056.1151275328366,3211857.665063454,0.0006401638372391
ITA,2038,B09,272.9521809600003,3211857.665063454,8.498265160657666e-05
ITA,2038,C10T12,62727.028534288474,3211857.665063454,0.01952982824133
ITA,2038,C13T15,43959.32265070521,3211857.665063454,0.0136865724558304
ITA,2038,C16,8711.848411339017,3211857.665063454,0.0027124017686403
ITA,2038,C17_18,20656.123678019394,3211857.665063454,0.0064312076785667
ITA,2038,C19,-405.3152933707265,3211857.665063454,-0.0001261934169062
ITA,2038,C20,25965.60445833728,3211857.665063454,0.0080842948742015
ITA,2038,C21,22389.743934212594,3211857.665063454,0.0069709639308597
ITA,2038,C22,27328.495827651015,3211857.665063454,0.0085086260592781
ITA,2038,C23,20452.905170688107,3211857.665063454,0.0063679363482267
ITA,2038,C24,16215.602991607233,3211857.665063454,0.0050486679929781
ITA,2038,C25,66362.90114751457,3211857.665063454,0.0206618437265661
ITA,2038,C26,19235.650615735856,3211857.665063454,0.0059889486464388
ITA,2038,C27,23198.691939016582,3211857.665063454,0.0072228268990115
ITA,2038,C28,75354.9929282091,3211857.665063454,0.0234614982313422
ITA,2038,C29,23728.331342208046,3211857.665063454,0.0073877281675056
ITA,2038,C30,17060.072170645813,3211857.665063454,0.0053115903472979
ITA,2038,C31T33,45305.94906129058,3211857.665063454,0.014105839606188
ITA,2038,D,62940.903393889814,3211857.665063454,0.0195964173875203
ITA,2038,E,36462.48535173538,3211857.665063454,0.0113524599014306
ITA,2038,F,141750.05008608333,3211857.665063454,0.0441333536127551
ITA,2038,G,376181.94798487774,3211857.665063454,0.1171228576150014
ITA,2038,H49,87123.34490565433,3211857.665063454,0.0271255310760893
ITA,2038,H50,3547.8174918340874,3211857.665063454,0.0011045998489986
ITA,2038,H51,1745.2113762065703,3211857.665063454,0.0005433651046215
ITA,2038,H52,61641.950138198015,3211857.665063454,0.019191993097546
ITA,2038,H53,6156.006448390994,3211857.665063454,0.0019166498302064
ITA,2038,I,83126.27803652763,3211857.665063454,0.0258810590957135
ITA,2038,J58T60,16871.80994720282,3211857.665063454,0.0052529756006076
ITA,2038,J61,37394.8226986171,3211857.665063454,0.0116427396846922
ITA,2038,J62_63,70943.07613473284,3211857.665063454,0.0220878642619835
ITA,2038,K,170588.19581870176,3211857.665063454,0.0531120035841724
ITA,2038,L,454027.16218047554,3211857.665063454,0.1413596770240146
ITA,2038,M,220171.45511847458,3211857.665063454,0.068549567906872
ITA,2038,N,110312.31526014386,3211857.665063454,0.0343453311957286
ITA,2038,O,218737.7083542402,3211857.665063454,0.068103176156755
ITA,2038,P,140884.45515605254,3211857.665063454,0.0438638538340301
ITA,2038,Q,197397.14773478606,3211857.665063454,0.06145887156892
ITA,2038,R,30781.71482389243,3211857.665063454,0.0095837730166926
ITA,2038,S,49629.24987272892,3211857.665063454,0.0154518833174223
ITA,2038,T,37761.812514524245,3211857.665063454,0.0117570006059961
ITA,2038,HFCE,0.0,3211857.665063454,0.0
ITA,2039,A01_02,71983.75626263233,3308292.074533804,0.0217585855906559
ITA,2039,A03,1464.084884553621,3308292.074533804,0.000442550068606
ITA,2039,B05_06,3910.837816704023,3308292.074533804,0.0011821319667657
ITA,2039,B07_08,2117.8489491412624,3308292.074533804,0.0006401638372391
ITA,2039,B09,281.147432782905,3308292.074533804,8.498265160657666e-05
ITA,2039,C10T12,64610.3759877985,3308292.074533804,0.01952982824133
ITA,2039,C13T15,45279.179183156375,3308292.074533804,0.0136865724558304
ITA,2039,C16,8973.417274144176,3308292.074533804,0.0027124017686403
ITA,2039,C17_18,21276.313392683154,3308292.074533804,0.0064312076785667
ITA,2039,C19,-417.4846810091216,3308292.074533804,-0.0001261934169062
ITA,2039,C20,26745.208660515076,3308292.074533804,0.0080842948742015
ITA,2039,C21,23061.984724324157,3308292.074533804,0.0069709639308597
ITA,2039,C22,28149.02015708153,3308292.074533804,0.0085086260592781
ITA,2039,C23,21066.993351974124,3308292.074533804,0.0063679363482267
ITA,2039,C24,16702.468308121934,3308292.074533804,0.0050486679929781
ITA,2039,C25,68355.41384585462,3308292.074533804,0.0206618437265661
ITA,2039,C26,19813.191341803435,3308292.074533804,0.0059889486464388
ITA,2039,C27,23895.220985729316,3308292.074533804,0.0072228268990115
ITA,2039,C28,77617.48865543825,3308292.074533804,0.0234614982313422
ITA,2039,C29,24440.762545368918,3308292.074533804,0.0073877281675056
ITA,2039,C30,17572.2922491359,3308292.074533804,0.0053115903472979
ITA,2039,C31T33,46666.237373796794,3308292.074533804,0.014105839606188
ITA,2039,D,64830.67233238983,3308292.074533804,0.0195964173875203
ITA,2039,E,37557.25311836567,3308292.074533804,0.0113524599014306
ITA,2039,F,146006.02397967552,3308292.074533804,0.0441333536127551
ITA,2039,G,387476.6215944603,3308292.074533804,0.1171228576150014
ITA,2039,H49,89739.17947654663,3308292.074533804,0.0271255310760893
ITA,2039,H50,3654.3389259733053,3308292.074533804,0.0011045998489986
ITA,2039,H51,1797.6104691975397,3308292.074533804,0.0005433651046215
ITA,2039,H52,63492.7186591189,3308292.074533804,0.019191993097546
ITA,2039,H53,6340.837442928394,3308292.074533804,0.0019166498302064
ITA,2039,I,85622.10268689,3308292.074533804,0.0258810590957135
ITA,2039,J58T60,17378.377547209573,3308292.074533804,0.0052529756006076
ITA,2039,J61,38517.5834247274,3308292.074533804,0.0116427396846922
ITA,2039,J62_63,73073.10628129846,3308292.074533804,0.0220878642619835
ITA,2039,K,175710.02052012854,3308292.074533804,0.0531120035841724
ITA,2039,L,467659.0991572058,3308292.074533804,0.1413596770240146
ITA,2039,M,226781.99221902143,3308292.074533804,0.068549567906872
ITA,2039,N,113624.38699206754,3308292.074533804,0.0343453311957286
ITA,2039,O,225305.19792997208,3308292.074533804,0.068103176156755
ITA,2039,P,145114.439997631,3308292.074533804,0.0438638538340301
ITA,2039,Q,203323.89772124897,3308292.074533804,0.06145887156892
ITA,2039,R,31705.920315255054,3308292.074533804,0.0095837730166926
ITA,2039,S,51119.343115649295,3308292.074533804,0.0154518833174223
ITA,2039,T,38895.591925106026,3308292.074533804,0.0117570006059961
ITA,2039,HFCE,0.0,3308292.074533804,0.0
ITA,2040,A01_02,74139.07979453569,3407348.307896185,0.0217585855906559
ITA,2040,A03,1507.9222274239949,3407348.307896185,0.000442550068606
ITA,2040,B05_06,4027.935356669097,3407348.307896185,0.0011821319667657
ITA,2040,B07_08,2181.261167592976,3407348.307896185,0.0006401638372391
ITA,2040,B09,289.5654941522,3407348.307896185,8.498265160657666e-05
ITA,2040,C10T12,66544.9272115989,3407348.307896185,0.01952982824133
ITA,2040,C13T15,46634.91949827225,3407348.307896185,0.0136865724558304
ITA,2040,C16,9242.097576711147,3407348.307896185,0.0027124017686403
ITA,2040,C17_18,21913.364601293197,3407348.307896185,0.0064312076785667
ITA,2040,C19,-429.9849255629784,3407348.307896185,-0.0001261934169062
ITA,2040,C20,27546.008460144283,3407348.307896185,0.0080842948742015
ITA,2040,C21,23752.50215422014,3407348.307896185,0.0069709639308597
ITA,2040,C22,28991.85260560262,3407348.307896185,0.0085086260592781
ITA,2040,C23,21697.77714092086,3407348.307896185,0.0063679363482267
ITA,2040,C24,17202.570343003557,3407348.307896185,0.0050486679929781
ITA,2040,C25,70402.09825973041,3407348.307896185,0.0206618437265661
ITA,2040,C26,20406.434036520393,3407348.307896185,0.0059889486464388
ITA,2040,C27,24610.687012573882,3407348.307896185,0.0072228268990115
ITA,2040,C28,79941.49629927319,3407348.307896185,0.0234614982313422
ITA,2040,C29,25172.56307074719,3407348.307896185,0.0073877281675056
ITA,2040,C30,18098.43838210321,3407348.307896185,0.0053115903472979
ITA,2040,C31T33,48063.50871359967,3407348.307896185,0.014105839606188
ITA,2040,D,66771.81962619467,3407348.307896185,0.0195964173875203
ITA,2040,E,38681.78503559885,3407348.307896185,0.0113524599014306
ITA,2040,F,150377.70775420507,3407348.307896185,0.0441333536127551
ITA,2040,G,399078.37071044085,3407348.307896185,0.1171228576150014
ITA,2040,H49,92426.13241289827,3407348.307896185,0.0271255310760893
ITA,2040,H50,3763.7564263877616,3407348.307896185,0.0011045998489986
ITA,2040,H51,1851.4341698019018,3407348.307896185,0.0005433651046215
ITA,2040,H52,65393.80520607863,3407348.307896185,0.019191993097546
ITA,2040,H53,6530.693555783288,3407348.307896185,0.0019166498302064
ITA,2040,I,88185.78291634057,3407348.307896185,0.0258810590957135
ITA,2040,J58T60,17898.717524150252,3407348.307896185,0.0052529756006076
ITA,2040,J61,39670.869363911734,3407348.307896185,0.0116427396846922
ITA,2040,J62_63,75261.04691811009,3407348.307896185,0.0220878642619835
ITA,2040,K,180971.09554150596,3407348.307896185,0.0531120035841724
ITA,2040,L,481661.6563125274,3407348.307896185,0.1413596770240146
ITA,2040,M,233572.25421449495,3407348.307896185,0.068549567906872
ITA,2040,N,117026.50613389991,3407348.307896185,0.0343453311957286
ITA,2040,O,232051.24204007498,3407348.307896185,0.068103176156755
ITA,2040,P,149459.42813918806,3407348.307896185,0.0438638538340301
ITA,2040,Q,209411.7820455685,3407348.307896185,0.06145887156892
ITA,2040,R,32655.25277168865,3407348.307896185,0.0095837730166926
ITA,2040,S,52649.948475428166,3407348.307896185,0.0154518833174223
ITA,2040,T,40060.19612077524,3407348.307896185,0.0117570006059961
ITA,2040,HFCE,0.0,3407348.307896185,0.0
JPN,2021,A01_02,42622.00405415825,4635089.349563817,0.0091955086169308
JPN,2021,A03,6346.210034684645,4635089.349563817,0.0013691667098676
JPN,2021,B05_06,710.1972360886062,4635089.349563817,0.0001532219084742
JPN,2021,B07_08,1992.699980411803,4635089.349563817,0.0004299161958117
JPN,2021,B09,641.7997485194875,4635089.349563817,0.0001384654534394
JPN,2021,C10T12,104801.70136147668,4635089.349563817,0.0226105029391373
JPN,2021,C13T15,11438.333190873676,4635089.349563817,0.0024677697296062
JPN,2021,C16,7264.590877253104,4635089.349563817,0.0015673033094684
JPN,2021,C17_18,39632.55526437077,4635089.349563817,0.0085505482797436
JPN,2021,C19,44315.489952651864,4635089.349563817,0.0095608706996818
JPN,2021,C20,60911.25293872067,4635089.349563817,0.0131413330671722
JPN,2021,C21,35771.786294016216,4635089.349563817,0.0077176044723674
JPN,2021,C22,46271.997093431404,4635089.349563817,0.0099829784506281
JPN,2021,C23,24358.977529990472,4635089.349563817,0.005255341524815
JPN,2021,C24,66771.30240578356,4635089.349563817,0.0144056127876083
JPN,2021,C25,43681.36747314515,4635089.349563817,0.009424061583032
JPN,2021,C26,64500.62546422938,4635089.349563817,0.0139157242934916
JPN,2021,C27,55506.75466801994,4635089.349563817,0.0119753364998764
JPN,2021,C28,124586.92095083764,4635089.349563817,0.0268790764438148
JPN,2021,C29,94756.94205363172,4635089.349563817,0.0204433906031496
JPN,2021,C30,14036.041851418382,4635089.349563817,0.0030282138687875
JPN,2021,C31T33,122155.8189983517,4635089.349563817,0.0263545769640551
JPN,2021,D,74080.56103002124,4635089.349563817,0.015982552965671
JPN,2021,E,79533.11701064675,4635089.349563817,0.0171589177710525
JPN,2021,F,277520.4128979214,4635089.349563817,0.0598738000431507
JPN,2021,G,609018.6074727891,4635089.349563817,0.1313930674346333
JPN,2021,H49,129397.07895418935,4635089.349563817,0.0279168467305525
JPN,2021,H50,8415.682705225496,4635089.349563817,0.0018156462735756
JPN,2021,H51,4908.068109464182,4635089.349563817,0.0010588939585223
JPN,2021,H52,52987.41397428199,4635089.349563817,0.0114317999024697
JPN,2021,H53,8159.441388820874,4635089.349563817,0.0017603633443633
JPN,2021,I,81789.63587168355,4635089.349563817,0.0176457517219987
JPN,2021,J58T60,52995.290652879514,4635089.349563817,0.0114334992609941
JPN,2021,J61,79594.63486754219,4635089.349563817,0.0171721899762369
JPN,2021,J62_63,106571.06260696787,4635089.349563817,0.022992234791978
JPN,2021,K,201532.00066579971,4635089.349563817,0.0434796366298235
JPN,2021,L,573997.5982653584,4635089.349563817,0.123837439793771
JPN,2021,M,228354.08538662866,4635089.349563817,0.0492663826228329
JPN,2021,N,163650.36126033062,4635089.349563817,0.035306840692452
JPN,2021,O,243277.20077581014,4635089.349563817,0.0524859786788584
JPN,2021,P,167403.748169297,4635089.349563817,0.0361166172956408
JPN,2021,Q,385119.43191427883,4635089.349563817,0.0830878118779998
JPN,2021,R,40373.062757341824,4635089.349563817,0.0087103094919068
JPN,2021,S,53335.48340446402,4635089.349563817,0.0115068943405553
JPN,2021,T,0.0,4635089.349563817,0.0
JPN,2021,HFCE,0.0,4635089.349563817,0.0
JPN,2022,A01_02,36052.6254230748,3920677.683526346,0.0091955086169308
JPN,2022,A03,5368.061364405091,3920677.683526346,0.0013691667098676
JPN,2022,B05_06,600.7337171821122,3920677.683526346,0.0001532219084742
JPN,2022,B07_08,1685.5628347054749,3920677.683526346,0.0004299161958117
JPN,2022,B09,542.8784132392119,3920677.683526346,0.0001384654534394
JPN,2022,C10T12,88648.49428678247,3920677.683526346,0.0226105029391373
JPN,2022,C13T15,9675.329706948873,3920677.683526346,0.0024677697296062
JPN,2022,C16,6144.891108749743,3920677.683526346,0.0015673033094684
JPN,2022,C17_18,33523.94382230532,3920677.683526346,0.0085505482797436
JPN,2022,C19,37485.092387323355,3920677.683526346,0.0095608706996818
JPN,2022,C20,51522.931288248874,3920677.683526346,0.0131413330671722
JPN,2022,C21,30258.239625093986,3920677.683526346,0.0077176044723674
JPN,2022,C22,39140.040826502016,3920677.683526346,0.0099829784506281
JPN,2022,C23,20604.50023565149,3920677.683526346,0.005255341524815
JPN,2022,C24,56479.76457389761,3920677.683526346,0.0144056127876083
JPN,2022,C25,36948.707936771534,3920677.683526346,0.009424061583032
JPN,2022,C26,54559.06968759794,3920677.683526346,0.0139157242934916
JPN,2022,C27,46951.43456778391,3920677.683526346,0.0119753364998764
JPN,2022,C28,105384.19516706339,3920677.683526346,0.0268790764438148
JPN,2022,C29,80151.94531338084,3920677.683526346,0.0204433906031496
JPN,2022,C30,11872.650536300129,3920677.683526346,0.0030282138687875
JPN,2022,C31T33,103327.80176174836,3920677.683526346,0.0263545769640551
JPN,2022,D,62662.4387382841,3920677.683526346,0.015982552965671
JPN,2022,E,67274.58597842917,3920677.683526346,0.0171589177710525
JPN,2022,F,234745.87165709972,3920677.683526346,0.0598738000431507
JPN,2022,G,515149.8672610391,3920677.683526346,0.1313930674346333
JPN,2022,H49,109452.95797090261,3920677.683526346,0.0279168467305525
JPN,2022,H50,7118.563825985626,3920677.683526346,0.0018156462735756
JPN,2022,H51,4151.581912399253,3920677.683526346,0.0010588939585223
JPN,2022,H52,44820.40276015161,3920677.683526346,0.0114317999024697
JPN,2022,H53,6901.817279142994,3920677.683526346,0.0017603633443633
JPN,2022,I,69183.3049854869,3920677.683526346,0.0176457517219987
JPN,2022,J58T60,44827.065397194536,3920677.683526346,0.0114334992609941
JPN,2022,J61,67326.62201710683,3920677.683526346,0.0171721899762369
JPN,2022,J62_63,90145.14184330616,3920677.683526346,0.022992234791978
JPN,2022,K,170469.64102238367,3920677.683526346,0.0434796366298235
JPN,2022,L,485526.68658447545,3920677.683526346,0.123837439793771
JPN,2022,M,193157.6068974111,3920677.683526346,0.0492663826228329
JPN,2022,N,138426.74237871642,3920677.683526346,0.035306840692452
JPN,2022,O,205780.60530423975,3920677.683526346,0.0524859786788584
JPN,2022,P,141601.61543548055,3920677.683526346,0.0361166172956408
JPN,2022,Q,325760.52980310906,3920677.683526346,0.0830878118779998
JPN,2022,R,34150.3160415267,3920677.683526346,0.0087103094919068
JPN,2022,S,45114.82384771077,3920677.683526346,0.0115068943405553
JPN,2022,T,0.0,3920677.683526346,0.0
JPN,2022,HFCE,0.0,3920677.683526346,0.0
JPN,2023,A01_02,35635.72206043836,3875339.967038447,0.0091955086169308
JPN,2023,A03,5305.986472288444,3875339.967038447,0.0013691667098676
JPN,2023,B05_06,593.7869857359741,3875339.967038447,0.0001532219084742
JPN,2023,B07_08,1666.071416106208,3875339.967038447,0.0004299161958117
JPN,2023,B09,536.6007057678081,3875339.967038447,0.0001384654534394
JPN,2023,C10T12,87623.38571487906,3875339.967038447,0.0226105029391373
JPN,2023,C13T15,9563.446662590568,3875339.967038447,0.0024677697296062
JPN,2023,C16,6073.833155654518,3875339.967038447,0.0015673033094684
JPN,2023,C17_18,33136.28148858221,3875339.967038447,0.0085505482797436
JPN,2023,C19,37051.62434216372,3875339.967038447,0.0095608706996818
JPN,2023,C20,50927.133255376364,3875339.967038447,0.0131413330671722
JPN,2023,C21,29908.34106156005,3875339.967038447,0.0077176044723674
JPN,2023,C22,38687.43537980263,3875339.967038447,0.0099829784506281
JPN,2023,C23,20366.235051552343,3875339.967038447,0.005255341524815
JPN,2023,C24,55826.64698549858,3875339.967038447,0.0144056127876083
JPN,2023,C25,36521.442504555525,3875339.967038447,0.009424061583032
JPN,2023,C26,53928.162524855856,3875339.967038447,0.0139157242934916
JPN,2023,C27,46408.50015670532,3875339.967038447,0.0119753364998764
JPN,2023,C28,104165.55921979714,3875339.967038447,0.0268790764438148
JPN,2023,C29,79225.08866616387,3875339.967038447,0.0204433906031496
JPN,2023,C30,11735.358234452318,3875339.967038447,0.0030282138687875
JPN,2023,C31T33,102132.94542319351,3875339.967038447,0.0263545769640551
JPN,2023,D,61937.82628317368,3875339.967038447,0.015982552965671
JPN,2023,E,66496.63982928601,3875339.967038447,0.0171589177710525
JPN,2023,F,232031.3302856902,3875339.967038447,0.0598738000431507
JPN,2023,G,509192.8056212123,3875339.967038447,0.1313930674346333
JPN,2023,H49,108187.2718885967,3875339.967038447,0.0279168467305525
JPN,2023,H50,7036.246569991945,3875339.967038447,0.0018156462735756
JPN,2023,H51,4103.57407831702,3875339.967038447,0.0010588939585223
JPN,2023,H52,44302.111057227055,3875339.967038447,0.0114317999024697
JPN,2023,H53,6822.006424920562,3875339.967038447,0.0017603633443633
JPN,2023,I,68383.28689669906,3875339.967038447,0.0176457517219987
JPN,2023,J58T60,44308.69664923498,3875339.967038447,0.0114334992609941
JPN,2023,J61,66548.07413648786,3875339.967038447,0.0171721899762369
JPN,2023,J62_63,89102.72642088427,3875339.967038447,0.022992234791978
JPN,2023,K,168498.37358386387,3875339.967038447,0.0434796366298235
JPN,2023,L,479912.17984851816,3875339.967038447,0.123837439793771
JPN,2023,M,190923.98160967277,3875339.967038447,0.0492663826228329
JPN,2023,N,136826.0108453186,3875339.967038447,0.035306840692452
JPN,2023,O,203401.01088330775,3875339.967038447,0.0524859786788584
JPN,2023,P,139964.1704800288,3875339.967038447,0.0361166172956408
JPN,2023,Q,321993.51814458444,3875339.967038447,0.0830878118779998
JPN,2023,R,33755.41049926077,3875339.967038447,0.0087103094919068
JPN,2023,S,44593.127534442465,3875339.967038447,0.0115068943405553
JPN,2023,T,0.0,3875339.967038447,0.0
JPN,2023,HFCE,0.0,3875339.967038447,0.0
JPN,2024,A01_02,34054.38197769316,3703371.221358232,0.0091955086169308
JPN,2024,A03,5070.532590565406,3703371.221358232,0.0013691667098676
JPN,2024,B05_06,567.4376063249373,3703371.221358232,0.0001532219084742
JPN,2024,B07_08,1592.1392671648603,3703371.221358232,0.0004299161958117
JPN,2024,B09,512.7889754197922,3703371.221358232,0.0001384654534394
JPN,2024,C10T12,83735.0858852368,3703371.221358232,0.0226105029391373
JPN,2024,C13T15,9139.067397562587,3703371.221358232,0.0024677697296062
JPN,2024,C16,5804.305971424788,3703371.221358232,0.0015673033094684
JPN,2024,C17_18,31665.854426036585,3703371.221358232,0.0085505482797436
JPN,2024,C19,35407.45340032872,3703371.221358232,0.0095608706996818
JPN,2024,C20,48667.234691248836,3703371.221358232,0.0131413330671722
JPN,2024,C21,28581.15430079101,3703371.221358232,0.0077176044723674
JPN,2024,C22,36970.6750974955,3703371.221358232,0.0099829784506281
JPN,2024,C23,19462.48056140876,3703371.221358232,0.005255341524815
JPN,2024,C24,53349.331823658715,3703371.221358232,0.0144056127876083
JPN,2024,C25,34900.798454908414,3703371.221358232,0.009424061583032
JPN,2024,C26,51535.09287287241,3703371.221358232,0.0139157242934916
JPN,2024,C27,44349.11655972308,3703371.221358232,0.0119753364998764
JPN,2024,C28,99543.1981587117,3703371.221358232,0.0268790764438148
JPN,2024,C29,75709.46442668953,3703371.221358232,0.0204433906031496
JPN,2024,C30,11214.6000937855,3703371.221358232,0.0030282138687875
JPN,2024,C31T33,97600.78187975226,3703371.221358232,0.0263545769640551
JPN,2024,D,59189.32669689964,3703371.221358232,0.015982552965671
JPN,2024,E,63545.842262968166,3703371.221358232,0.0171589177710525
JPN,2024,F,221734.90799316159,3703371.221358232,0.0598738000431507
JPN,2024,G,486597.3046234025,3703371.221358232,0.1313930674346333
JPN,2024,H49,103386.44677299677,3703371.221358232,0.0279168467305525
JPN,2024,H50,6724.012157726193,3703371.221358232,0.0018156462735756
JPN,2024,H51,3921.4774124615833,3703371.221358232,0.0010588939585223
JPN,2024,H52,42336.19876713213,3703371.221358232,0.0114317999024697
JPN,2024,H53,6519.278948648976,3703371.221358232,0.0017603633443633
JPN,2024,I,65348.76910648246,3703371.221358232,0.0176457517219987
JPN,2024,J58T60,42342.49212258616,3703371.221358232,0.0114334992609941
JPN,2024,J61,63594.99416569204,3703371.221358232,0.0171721899762369
JPN,2024,J62_63,85148.78064332281,3703371.221358232,0.022992234791978
JPN,2024,K,161021.23501000158,3703371.221358232,0.0434796366298235
JPN,2024,L,458616.01065893425,3703371.221358232,0.123837439793771
JPN,2024,M,182451.70358582266,3703371.221358232,0.0492663826228329
JPN,2024,N,130754.33773750649,3703371.221358232,0.035306840692452
JPN,2024,O,194375.06296410598,3703371.221358232,0.0524859786788584
JPN,2024,P,133753.24110548513,3703371.221358232,0.0361166172956408
JPN,2024,Q,307705.01135461114,3703371.221358232,0.0830878118779998
JPN,2024,R,32257.509501451088,3703371.221358232,0.0087103094919068
JPN,2024,S,42614.30134802241,3703371.221358232,0.0115068943405553
JPN,2024,T,0.0,3703371.221358232,0.0
JPN,2024,HFCE,0.0,3703371.221358232,0.0
JPN,2025,A01_02,33110.78816280734,3600756.5804292383,0.0091955086169308
JPN,2025,A03,4930.03604026041,3600756.5804292383,0.0013691667098676
JPN,2025,B05_06,551.7147952044021,3600756.5804292383,0.0001532219084742
JPN,2025,B07_08,1548.0235711020837,3600756.5804292383,0.0004299161958117
JPN,2025,B09,498.5803926340379,3600756.5804292383,0.0001384654534394
JPN,2025,C10T12,81414.91724491326,3600756.5804292383,0.0226105029391373
JPN,2025,C13T15,8885.838092863607,3600756.5804292383,0.0024677697296062
JPN,2025,C16,5643.477705096864,3600756.5804292383,0.0015673033094684
JPN,2025,C17_18,30788.44298456467,3600756.5804292383,0.0085505482797436
JPN,2025,C19,34426.36808651233,3600756.5804292383,0.0095608706996818
JPN,2025,C20,47318.741517232644,3600756.5804292383,0.0131413330671722
JPN,2025,C21,27789.215089027035,3600756.5804292383,0.0077176044723674
JPN,2025,C22,35946.27534838241,3600756.5804292383,0.0099829784506281
JPN,2025,C23,18923.20557788064,3600756.5804292383,0.005255341524815
JPN,2025,C24,51871.10504009617,3600756.5804292383,0.0144056127876083
JPN,2025,C25,33933.751759472856,3600756.5804292383,0.009424061583032
JPN,2025,C26,50107.13582122889,3600756.5804292383,0.0139157242934916
JPN,2025,C27,43120.27170478439,3600756.5804292383,0.0119753364998764
JPN,2025,C28,96785.01138092666,3600756.5804292383,0.0268790764438148
JPN,2025,C29,73611.67324057617,3600756.5804292383,0.0204433906031496
JPN,2025,C30,10903.861014983673,3600756.5804292383,0.0030282138687875
JPN,2025,C31T33,94896.41642775021,3600756.5804292383,0.0263545769640551
JPN,2025,D,57549.28276319869,3600756.5804292383,0.015982552965671
JPN,2025,E,61785.08607716148,3600756.5804292383,0.0171589177710525
JPN,2025,F,215590.9795006793,3600756.5804292383,0.0598738000431507
JPN,2025,G,473114.4521880385,3600756.5804292383,0.1313930674346333
JPN,2025,H49,100521.76956987138,3600756.5804292383,0.0279168467305525
JPN,2025,H50,6537.7002673091665,3600756.5804292383,0.0018156462735756
JPN,2025,H51,3812.819389125936,3600756.5804292383,0.0010588939585223
JPN,2025,H52,41163.1287249681,3600756.5804292383,0.0114317999024697
JPN,2025,H53,6338.639896162574,3600756.5804292383,0.0017603633443633
JPN,2025,I,63538.05662960739,3600756.5804292383,0.0176457517219987
JPN,2025,J58T60,41169.24770135734,3600756.5804292383,0.0114334992609941
JPN,2025,J61,61832.876057316025,3600756.5804292383,0.0171721899762369
JPN,2025,J62_63,82789.44072598887,3600756.5804292383,0.022992234791978
JPN,2025,K,156559.58770950913,3600756.5804292383,0.0434796366298235
JPN,2025,L,445908.47624093055,3600756.5804292383,0.123837439793771
JPN,2025,M,177396.25142311025,3600756.5804292383,0.0492663826228329
JPN,2025,N,127131.33895751333,3600756.5804292383,0.035306840692452
JPN,2025,O,188989.2331081681,3600756.5804292383,0.0524859786788584
JPN,2025,P,130047.14739012305,3600756.5804292383,0.0361166172956408
JPN,2025,Q,299178.98537317436,3600756.5804292383,0.0830878118779998
JPN,2025,R,31363.704220558662,3600756.5804292383,0.0087103094919068
JPN,2025,S,41433.52551705846,3600756.5804292383,0.0115068943405553
JPN,2025,T,0.0,3600756.5804292383,0.0
JPN,2025,HFCE,0.0,3600756.5804292383,0.0
JPN,2026,A01_02,32167.194347921515,3498141.9395002443,0.0091955086169308
JPN,2026,A03,4789.539489955415,3498141.9395002443,0.0013691667098676
JPN,2026,B05_06,535.9919840838669,3498141.9395002443,0.0001532219084742
JPN,2026,B07_08,1503.907875039307,3498141.9395002443,0.0004299161958117
JPN,2026,B09,484.37180984828353,3498141.9395002443,0.0001384654534394
JPN,2026,C10T12,79094.74860458972,3498141.9395002443,0.0226105029391373
JPN,2026,C13T15,8632.608788164625,3498141.9395002443,0.0024677697296062
JPN,2026,C16,5482.649438768941,3498141.9395002443,0.0015673033094684
JPN,2026,C17_18,29911.031543092755,3498141.9395002443,0.0085505482797436
JPN,2026,C19,33445.28277269595,3498141.9395002443,0.0095608706996818
JPN,2026,C20,45970.24834321645,3498141.9395002443,0.0131413330671722
JPN,2026,C21,26997.275877263055,3498141.9395002443,0.0077176044723674
JPN,2026,C22,34921.875599269326,3498141.9395002443,0.0099829784506281
JPN,2026,C23,18383.930594352514,3498141.9395002443,0.005255341524815
JPN,2026,C24,50392.87825653362,3498141.9395002443,0.0144056127876083
JPN,2026,C25,32966.705064037305,3498141.9395002443,0.009424061583032
JPN,2026,C26,48679.17876958537,3498141.9395002443,0.0139157242934916
JPN,2026,C27,41891.426849845695,3498141.9395002443,0.0119753364998764
JPN,2026,C28,94026.82460314163,3498141.9395002443,0.0268790764438148
JPN,2026,C29,71513.88205446281,3498141.9395002443,0.0204433906031496
JPN,2026,C30,10593.121936181844,3498141.9395002443,0.0030282138687875
JPN,2026,C31T33,92192.05097574818,3498141.9395002443,0.0263545769640551
JPN,2026,D,55909.23882949773,3498141.9395002443,0.015982552965671
JPN,2026,E,60024.3298913548,3498141.9395002443,0.0171589177710525
JPN,2026,F,209447.051008197,3498141.9395002443,0.0598738000431507
JPN,2026,G,459631.5997526745,3498141.9395002443,0.1313930674346333
JPN,2026,H49,97657.09236674597,3498141.9395002443,0.0279168467305525
JPN,2026,H50,6351.3883768921405,3498141.9395002443,0.0018156462735756
JPN,2026,H51,3704.1613657902894,3498141.9395002443,0.0010588939585223
JPN,2026,H52,39990.05868280406,3498141.9395002443,0.0114317999024697
JPN,2026,H53,6158.000843676171,3498141.9395002443,0.0017603633443633
JPN,2026,I,61727.344152732316,3498141.9395002443,0.0176457517219987
JPN,2026,J58T60,39996.00328012851,3498141.9395002443,0.0114334992609941
JPN,2026,J61,60070.75794894001,3498141.9395002443,0.0171721899762369
JPN,2026,J62_63,80430.10080865493,3498141.9395002443,0.022992234791978
JPN,2026,K,152097.94040901665,3498141.9395002443,0.0434796366298235
JPN,2026,L,433200.9418229268,3498141.9395002443,0.123837439793771
JPN,2026,M,172340.79926039782,3498141.9395002443,0.0492663826228329
JPN,2026,N,123508.34017752018,3498141.9395002443,0.035306840692452
JPN,2026,O,183603.4032522302,3498141.9395002443,0.0524859786788584
JPN,2026,P,126341.05367476097,3498141.9395002443,0.0361166172956408
JPN,2026,Q,290652.95939173765,3498141.9395002443,0.0830878118779998
JPN,2026,R,30469.89893966624,3498141.9395002443,0.0087103094919068
JPN,2026,S,40252.7496860945,3498141.9395002443,0.0115068943405553
JPN,2026,T,0.0,3498141.9395002443,0.0
JPN,2026,HFCE,0.0,3498141.9395002443,0.0
JPN,2027,A01_02,31223.600533035693,3395527.2985712504,0.0091955086169308
JPN,2027,A03,4649.042939650419,3395527.2985712504,0.0013691667098676
JPN,2027,B05_06,520.2691729633317,3395527.2985712504,0.0001532219084742
JPN,2027,B07_08,1459.7921789765303,3395527.2985712504,0.0004299161958117
JPN,2027,B09,470.1632270625292,3395527.2985712504,0.0001384654534394
JPN,2027,C10T12,76774.57996426619,3395527.2985712504,0.0226105029391373
JPN,2027,C13T15,8379.379483465646,3395527.2985712504,0.0024677697296062
JPN,2027,C16,5321.821172441017,3395527.2985712504,0.0015673033094684
JPN,2027,C17_18,29033.620101620836,3395527.2985712504,0.0085505482797436
JPN,2027,C19,32464.19745887956,3395527.2985712504,0.0095608706996818
JPN,2027,C20,44621.75516920027,3395527.2985712504,0.0131413330671722
JPN,2027,C21,26205.33666549908,3395527.2985712504,0.0077176044723674
JPN,2027,C22,33897.47585015624,3395527.2985712504,0.0099829784506281
JPN,2027,C23,17844.655610824393,3395527.2985712504,0.005255341524815
JPN,2027,C24,48914.65147297107,3395527.2985712504,0.0144056127876083
JPN,2027,C25,31999.65836860175,3395527.2985712504,0.009424061583032
JPN,2027,C26,47251.22171794185,3395527.2985712504,0.0139157242934916
JPN,2027,C27,40662.58199490701,3395527.2985712504,0.0119753364998764
JPN,2027,C28,91268.63782535659,3395527.2985712504,0.0268790764438148
JPN,2027,C29,69416.09086834943,3395527.2985712504,0.0204433906031496
JPN,2027,C30,10282.382857380015,3395527.2985712504,0.0030282138687875
JPN,2027,C31T33,89487.68552374613,3395527.2985712504,0.0263545769640551
JPN,2027,D,54269.19489579677,3395527.2985712504,0.015982552965671
JPN,2027,E,58263.573705548115,3395527.2985712504,0.0171589177710525
JPN,2027,F,203303.12251571473,3395527.2985712504,0.0598738000431507
JPN,2027,G,446148.74731731054,3395527.2985712504,0.1313930674346333
JPN,2027,H49,94792.41516362056,3395527.2985712504,0.0279168467305525
JPN,2027,H50,6165.0764864751145,3395527.2985712504,0.0018156462735756
JPN,2027,H51,3595.5033424546427,3395527.2985712504,0.0010588939585223
JPN,2027,H52,38816.988640640026,3395527.2985712504,0.0114317999024697
JPN,2027,H53,5977.361791189768,3395527.2985712504,0.0017603633443633
JPN,2027,I,59916.63167585724,3395527.2985712504,0.0176457517219987
JPN,2027,J58T60,38822.75885889968,3395527.2985712504,0.0114334992609941
JPN,2027,J61,58308.63984056399,3395527.2985712504,0.0171721899762369
JPN,2027,J62_63,78070.76089132097,3395527.2985712504,0.022992234791978
JPN,2027,K,147636.29310852417,3395527.2985712504,0.0434796366298235
JPN,2027,L,420493.4074049231,3395527.2985712504,0.123837439793771
JPN,2027,M,167285.3470976854,3395527.2985712504,0.0492663826228329
JPN,2027,N,119885.34139752702,3395527.2985712504,0.035306840692452
JPN,2027,O,178217.5733962923,3395527.2985712504,0.0524859786788584
JPN,2027,P,122634.95995939891,3395527.2985712504,0.0361166172956408
JPN,2027,Q,282126.9334103009,3395527.2985712504,0.0830878118779998
JPN,2027,R,29576.093658773814,3395527.2985712504,0.0087103094919068
JPN,2027,S,39071.97385513055,3395527.2985712504,0.0115068943405553
JPN,2027,T,0.0,3395527.2985712504,0.0
JPN,2027,HFCE,0.0,3395527.2985712504,0.0
JPN,2028,A01_02,30280.006718149874,3292912.657642257,0.0091955086169308
JPN,2028,A03,4508.546389345423,3292912.657642257,0.0013691667098676
JPN,2028,B05_06,504.54636184279656,3292912.657642257,0.0001532219084742
JPN,2028,B07_08,1415.676482913754,3292912.657642257,0.0004299161958117
JPN,2028,B09,455.9546442767749,3292912.657642257,0.0001384654534394
JPN,2028,C10T12,74454.41132394267,3292912.657642257,0.0226105029391373
JPN,2028,C13T15,8126.150178766666,3292912.657642257,0.0024677697296062
JPN,2028,C16,5160.992906113094,3292912.657642257,0.0015673033094684
JPN,2028,C17_18,28156.208660148925,3292912.657642257,0.0085505482797436
JPN,2028,C19,31483.11214506318,3292912.657642257,0.0095608706996818
JPN,2028,C20,43273.26199518408,3292912.657642257,0.0131413330671722
JPN,2028,C21,25413.397453735102,3292912.657642257,0.0077176044723674
JPN,2028,C22,32873.07610104316,3292912.657642257,0.0099829784506281
JPN,2028,C23,17305.380627296272,3292912.657642257,0.005255341524815
JPN,2028,C24,47436.42468940853,3292912.657642257,0.0144056127876083
JPN,2028,C25,31032.6116731662,3292912.657642257,0.009424061583032
JPN,2028,C26,45823.264666298346,3292912.657642257,0.0139157242934916
JPN,2028,C27,39433.73713996832,3292912.657642257,0.0119753364998764
JPN,2028,C28,88510.45104757158,3292912.657642257,0.0268790764438148
JPN,2028,C29,67318.29968223609,3292912.657642257,0.0204433906031496
JPN,2028,C30,9971.643778578187,3292912.657642257,0.0030282138687875
JPN,2028,C31T33,86783.32007174409,3292912.657642257,0.0263545769640551
JPN,2028,D,52629.150962095824,3292912.657642257,0.015982552965671
JPN,2028,E,56502.81751974144,3292912.657642257,0.0171589177710525
JPN,2028,F,197159.19402323247,3292912.657642257,0.0598738000431507
JPN,2028,G,432665.8948819466,3292912.657642257,0.1313930674346333
JPN,2028,H49,91927.73796049519,3292912.657642257,0.0279168467305525
JPN,2028,H50,5978.764596058089,3292912.657642257,0.0018156462735756
JPN,2028,H51,3486.8453191189965,3292912.657642257,0.0010588939585223
JPN,2028,H52,37643.918598476,3292912.657642257,0.0114317999024697
JPN,2028,H53,5796.722738703366,3292912.657642257,0.0017603633443633
JPN,2028,I,58105.91919898218,3292912.657642257,0.0176457517219987
JPN,2028,J58T60,37649.51443767086,3292912.657642257,0.0114334992609941
JPN,2028,J61,56546.52173218798,3292912.657642257,0.0171721899762369
JPN,2028,J62_63,75711.42097398704,3292912.657642257,0.022992234791978
JPN,2028,K,143174.64580803172,3292912.657642257,0.0434796366298235
JPN,2028,L,407785.8729869195,3292912.657642257,0.123837439793771
JPN,2028,M,162229.89493497298,3292912.657642257,0.0492663826228329
JPN,2028,N,116262.3426175339,3292912.657642257,0.035306840692452
JPN,2028,O,172831.74354035445,3292912.657642257,0.0524859786788584
JPN,2028,P,118928.86624403685,3292912.657642257,0.0361166172956408
JPN,2028,Q,273600.9074288642,3292912.657642257,0.0830878118779998
JPN,2028,R,28682.288377881396,3292912.657642257,0.0087103094919068
JPN,2028,S,37891.198024166595,3292912.657642257,0.0115068943405553
JPN,2028,T,0.0,3292912.657642257,0.0
JPN,2028,HFCE,0.0,3292912.657642257,0.0
JPN,2029,A01_02,29336.41290326405,3190298.016713263,0.0091955086169308
JPN,2029,A03,4368.049839040428,3190298.016713263,0.0013691667098676
JPN,2029,B05_06,488.82355072226136,3190298.016713263,0.0001532219084742
JPN,2029,B07_08,1371.5607868509774,3190298.016713263,0.0004299161958117
JPN,2029,B09,441.7460614910205,3190298.016713263,0.0001384654534394
JPN,2029,C10T12,72134.24268361913,3190298.016713263,0.0226105029391373
JPN,2029,C13T15,7872.920874067685,3190298.016713263,0.0024677697296062
JPN,2029,C16,5000.16463978517,3190298.016713263,0.0015673033094684
JPN,2029,C17_18,27278.79721867701,3190298.016713263,0.0085505482797436
JPN,2029,C19,30502.026831246792,3190298.016713263,0.0095608706996818
JPN,2029,C20,41924.76882116789,3190298.016713263,0.0131413330671722
JPN,2029,C21,24621.458241971126,3190298.016713263,0.0077176044723674
JPN,2029,C22,31848.676351930073,3190298.016713263,0.0099829784506281
JPN,2029,C23,16766.10564376815,3190298.016713263,0.005255341524815
JPN,2029,C24,45958.19790584598,3190298.016713263,0.0144056127876083
JPN,2029,C25,30065.564977730646,3190298.016713263,0.009424061583032
JPN,2029,C26,44395.30761465483,3190298.016713263,0.0139157242934916
JPN,2029,C27,38204.89228502963,3190298.016713263,0.0119753364998764
JPN,2029,C28,85752.26426978654,3190298.016713263,0.0268790764438148
JPN,2029,C29,65220.50849612272,3190298.016713263,0.0204433906031496
JPN,2029,C30,9660.904699776358,3190298.016713263,0.0030282138687875
JPN,2029,C31T33,84078.95461974204,3190298.016713263,0.0263545769640551
JPN,2029,D,50989.107028394865,3190298.016713263,0.015982552965671
JPN,2029,E,54742.06133393475,3190298.016713263,0.0171589177710525
JPN,2029,F,191015.26553075016,3190298.016713263,0.0598738000431507
JPN,2029,G,419183.04244658264,3190298.016713263,0.1313930674346333
JPN,2029,H49,89063.06075736978,3190298.016713263,0.0279168467305525
JPN,2029,H50,5792.452705641063,3190298.016713263,0.0018156462735756
JPN,2029,H51,3378.18729578335,3190298.016713263,0.0010588939585223
JPN,2029,H52,36470.84855631196,3190298.016713263,0.0114317999024697
JPN,2029,H53,5616.083686216963,3190298.016713263,0.0017603633443633
JPN,2029,I,56295.206722107105,3190298.016713263,0.0176457517219987
JPN,2029,J58T60,36476.27001644203,3190298.016713263,0.0114334992609941
JPN,2029,J61,54784.40362381196,3190298.016713263,0.0171721899762369
JPN,2029,J62_63,73352.0810566531,3190298.016713263,0.022992234791978
JPN,2029,K,138712.99850753925,3190298.016713263,0.0434796366298235
JPN,2029,L,395078.33856891573,3190298.016713263,0.123837439793771
JPN,2029,M,157174.44277226058,3190298.016713263,0.0492663826228329
JPN,2029,N,112639.34383754074,3190298.016713263,0.035306840692452
JPN,2029,O,167445.91368441656,3190298.016713263,0.0524859786788584
JPN,2029,P,115222.77252867477,3190298.016713263,0.0361166172956408
JPN,2029,Q,265074.88144742744,3190298.016713263,0.0830878118779998
JPN,2029,R,27788.483096988974,3190298.016713263,0.0087103094919068
JPN,2029,S,36710.42219320264,3190298.016713263,0.0115068943405553
JPN,2029,T,0.0,3190298.016713263,0.0
JPN,2029,HFCE,0.0,3190298.016713263,0.0
JPN,2030,A01_02,28392.819088378226,3087683.375784269,0.0091955086169308
JPN,2030,A03,4227.553288735432,3087683.375784269,0.0013691667098676
JPN,2030,B05_06,473.1007396017261,3087683.375784269,0.0001532219084742
JPN,2030,B07_08,1327.4450907882006,3087683.375784269,0.0004299161958117
JPN,2030,B09,427.53747870526615,3087683.375784269,0.0001384654534394
JPN,2030,C10T12,69814.0740432956,3087683.375784269,0.0226105029391373
JPN,2030,C13T15,7619.691569368704,3087683.375784269,0.0024677697296062
JPN,2030,C16,4839.336373457247,3087683.375784269,0.0015673033094684
JPN,2030,C17_18,26401.385777205094,3087683.375784269,0.0085505482797436
JPN,2030,C19,29520.941517430405,3087683.375784269,0.0095608706996818
JPN,2030,C20,40576.2756471517,3087683.375784269,0.0131413330671722
JPN,2030,C21,23829.519030207146,3087683.375784269,0.0077176044723674
JPN,2030,C22,30824.276602816986,3087683.375784269,0.0099829784506281
JPN,2030,C23,16226.830660240026,3087683.375784269,0.005255341524815
JPN,2030,C24,44479.97112228343,3087683.375784269,0.0144056127876083
JPN,2030,C25,29098.51828229509,3087683.375784269,0.009424061583032
JPN,2030,C26,42967.35056301131,3087683.375784269,0.0139157242934916
JPN,2030,C27,36976.04743009093,3087683.375784269,0.0119753364998764
JPN,2030,C28,82994.07749200151,3087683.375784269,0.0268790764438148
JPN,2030,C29,63122.71731000936,3087683.375784269,0.0204433906031496
JPN,2030,C30,9350.165620974529,3087683.375784269,0.0030282138687875
JPN,2030,C31T33,81374.58916773999,3087683.375784269,0.0263545769640551
JPN,2030,D,49349.06309469391,3087683.375784269,0.015982552965671
JPN,2030,E,52981.30514812806,3087683.375784269,0.0171589177710525
JPN,2030,F,184871.33703826787,3087683.375784269,0.0598738000431507
JPN,2030,G,405700.19001121866,3087683.375784269,0.1313930674346333
JPN,2030,H49,86198.38355424437,3087683.375784269,0.0279168467305525
JPN,2030,H50,5606.140815224037,3087683.375784269,0.0018156462735756
JPN,2030,H51,3269.5292724477026,3087683.375784269,0.0010588939585223
JPN,2030,H52,35297.778514147925,3087683.375784269,0.0114317999024697
JPN,2030,H53,5435.44463373056,3087683.375784269,0.0017603633443633
JPN,2030,I,54484.49424523203,3087683.375784269,0.0176457517219987
JPN,2030,J58T60,35303.02559521321,3087683.375784269,0.0114334992609941
JPN,2030,J61,53022.28551543594,3087683.375784269,0.0171721899762369
JPN,2030,J62_63,70992.74113931916,3087683.375784269,0.022992234791978
JPN,2030,K,134251.3512070468,3087683.375784269,0.0434796366298235
JPN,2030,L,382370.80415091204,3087683.375784269,0.123837439793771
JPN,2030,M,152118.99060954814,3087683.375784269,0.0492663826228329
JPN,2030,N,109016.34505754759,3087683.375784269,0.035306840692452
JPN,2030,O,162060.08382847867,3087683.375784269,0.0524859786788584
JPN,2030,P,111516.6788133127,3087683.375784269,0.0361166172956408
JPN,2030,Q,256548.8554659907,3087683.375784269,0.0830878118779998
JPN,2030,R,26894.677816096548,3087683.375784269,0.0087103094919068
JPN,2030,S,35529.64636223869,3087683.375784269,0.0115068943405553
JPN,2030,T,0.0,3087683.375784269,0.0
JPN,2030,HFCE,0.0,3087683.375784269,0.0
JPN,2031,A01_02,27449.225273492404,2985068.734855275,0.0091955086169308
JPN,2031,A03,4087.0567384304363,2985068.734855275,0.0013691667098676
JPN,2031,B05_06,457.3779284811909,2985068.734855275,0.0001532219084742
JPN,2031,B07_08,1283.329394725424,2985068.734855275,0.0004299161958117
JPN,2031,B09,413.3288959195118,2985068.734855275,0.0001384654534394
JPN,2031,C10T12,67493.90540297206,2985068.734855275,0.0226105029391373
JPN,2031,C13T15,7366.4622646697235,2985068.734855275,0.0024677697296062
JPN,2031,C16,4678.5081071293225,2985068.734855275,0.0015673033094684
JPN,2031,C17_18,25523.974335733175,2985068.734855275,0.0085505482797436
JPN,2031,C19,28539.856203614017,2985068.734855275,0.0095608706996818
JPN,2031,C20,39227.782473135514,2985068.734855275,0.0131413330671722
JPN,2031,C21,23037.579818443166,2985068.734855275,0.0077176044723674
JPN,2031,C22,29799.8768537039,2985068.734855275,0.0099829784506281
JPN,2031,C23,15687.555676711903,2985068.734855275,0.005255341524815
JPN,2031,C24,43001.74433872088,2985068.734855275,0.0144056127876083
JPN,2031,C25,28131.471586859534,2985068.734855275,0.009424061583032
JPN,2031,C26,41539.39351136779,2985068.734855275,0.0139157242934916
JPN,2031,C27,35747.202575152245,2985068.734855275,0.0119753364998764
JPN,2031,C28,80235.89071421647,2985068.734855275,0.0268790764438148
JPN,2031,C29,61024.926123895995,2985068.734855275,0.0204433906031496
JPN,2031,C30,9039.426542172701,2985068.734855275,0.0030282138687875
JPN,2031,C31T33,78670.22371573794,2985068.734855275,0.0263545769640551
JPN,2031,D,47709.01916099295,2985068.734855275,0.015982552965671
JPN,2031,E,51220.54896232138,2985068.734855275,0.0171589177710525
JPN,2031,F,178727.40854578558,2985068.734855275,0.0598738000431507
JPN,2031,G,392217.3375758547,2985068.734855275,0.1313930674346333
JPN,2031,H49,83333.70635111898,2985068.734855275,0.0279168467305525
JPN,2031,H50,5419.828924807011,2985068.734855275,0.0018156462735756
JPN,2031,H51,3160.871249112056,2985068.734855275,0.0010588939585223
JPN,2031,H52,34124.70847198389,2985068.734855275,0.0114317999024697
JPN,2031,H53,5254.805581244157,2985068.734855275,0.0017603633443633
JPN,2031,I,52673.78176835696,2985068.734855275,0.0176457517219987
JPN,2031,J58T60,34129.78117398438,2985068.734855275,0.0114334992609941
JPN,2031,J61,51260.167407059926,2985068.734855275,0.0171721899762369
JPN,2031,J62_63,68633.40122198522,2985068.734855275,0.022992234791978
JPN,2031,K,129789.70390655432,2985068.734855275,0.0434796366298235
JPN,2031,L,369663.2697329083,2985068.734855275,0.123837439793771
JPN,2031,M,147063.5384468357,2985068.734855275,0.0492663826228329
JPN,2031,N,105393.34627755443,2985068.734855275,0.035306840692452
JPN,2031,O,156674.25397254078,2985068.734855275,0.0524859786788584
JPN,2031,P,107810.58509795064,2985068.734855275,0.0361166172956408
JPN,2031,Q,248022.82948455395,2985068.734855275,0.0830878118779998
JPN,2031,R,26000.872535204126,2985068.734855275,0.0087103094919068
JPN,2031,S,34348.87053127473,2985068.734855275,0.0115068943405553
JPN,2031,T,0.0,2985068.734855275,0.0
JPN,2031,HFCE,0.0,2985068.734855275,0.0
JPN,2032,A01_02,26505.63145860658,2882454.093926281,0.0091955086169308
JPN,2032,A03,3946.5601881254406,2882454.093926281,0.0013691667098676
JPN,2032,B05_06,441.6551173606557,2882454.093926281,0.0001532219084742
JPN,2032,B07_08,1239.2136986626474,2882454.093926281,0.0004299161958117
JPN,2032,B09,399.12031313375746,2882454.093926281,0.0001384654534394
JPN,2032,C10T12,65173.73676264853,2882454.093926281,0.0226105029391373
JPN,2032,C13T15,7113.232959970743,2882454.093926281,0.0024677697296062
JPN,2032,C16,4517.679840801399,2882454.093926281,0.0015673033094684
JPN,2032,C17_18,24646.56289426126,2882454.093926281,0.0085505482797436
JPN,2032,C19,27558.77088979763,2882454.093926281,0.0095608706996818
JPN,2032,C20,37879.28929911932,2882454.093926281,0.0131413330671722
JPN,2032,C21,22245.64060667919,2882454.093926281,0.0077176044723674
JPN,2032,C22,28775.477104590813,2882454.093926281,0.0099829784506281
JPN,2032,C23,15148.280693183782,2882454.093926281,0.005255341524815
JPN,2032,C24,41523.51755515833,2882454.093926281,0.0144056127876083
JPN,2032,C25,27164.42489142398,2882454.093926281,0.009424061583032
JPN,2032,C26,40111.43645972427,2882454.093926281,0.0139157242934916
JPN,2032,C27,34518.35772021356,2882454.093926281,0.0119753364998764
JPN,2032,C28,77477.70393643144,2882454.093926281,0.0268790764438148
JPN,2032,C29,58927.13493778263,2882454.093926281,0.0204433906031496
JPN,2032,C30,8728.687463370872,2882454.093926281,0.0030282138687875
JPN,2032,C31T33,75965.85826373589,2882454.093926281,0.0263545769640551
JPN,2032,D,46068.975227291994,2882454.093926281,0.015982552965671
JPN,2032,E,49459.792776514696,2882454.093926281,0.0171589177710525
JPN,2032,F,172583.4800533033,2882454.093926281,0.0598738000431507
JPN,2032,G,378734.4851404907,2882454.093926281,0.1313930674346333
JPN,2032,H49,80469.02914799357,2882454.093926281,0.0279168467305525
JPN,2032,H50,5233.517034389985,2882454.093926281,0.0018156462735756
JPN,2032,H51,3052.213225776409,2882454.093926281,0.0010588939585223
JPN,2032,H52,32951.63842981985,2882454.093926281,0.0114317999024697
JPN,2032,H53,5074.166528757754,2882454.093926281,0.0017603633443633
JPN,2032,I,50863.06929148189,2882454.093926281,0.0176457517219987
JPN,2032,J58T60,32956.53675275555,2882454.093926281,0.0114334992609941
JPN,2032,J61,49498.04929868391,2882454.093926281,0.0171721899762369
JPN,2032,J62_63,66274.06130465127,2882454.093926281,0.022992234791978
JPN,2032,K,125328.05660606184,2882454.093926281,0.0434796366298235
JPN,2032,L,356955.7353149046,2882454.093926281,0.123837439793771
JPN,2032,M,142008.0862841233,2882454.093926281,0.0492663826228329
JPN,2032,N,101770.34749756128,2882454.093926281,0.035306840692452
JPN,2032,O,151288.42411660292,2882454.093926281,0.0524859786788584
JPN,2032,P,104104.49138258856,2882454.093926281,0.0361166172956408
JPN,2032,Q,239496.8035031172,2882454.093926281,0.0830878118779998
JPN,2032,R,25107.0672543117,2882454.093926281,0.0087103094919068
JPN,2032,S,33168.09470031078,2882454.093926281,0.0115068943405553
JPN,2032,T,0.0,2882454.093926281,0.0
JPN,2032,HFCE,0.0,2882454.093926281,0.0
JPN,2033,A01_02,25562.03764372076,2779839.4529972877,0.0091955086169308
JPN,2033,A03,3806.0636378204454,2779839.4529972877,0.0013691667098676
JPN,2033,B05_06,425.93230624012057,2779839.4529972877,0.0001532219084742
JPN,2033,B07_08,1195.098002599871,2779839.4529972877,0.0004299161958117
JPN,2033,B09,384.9117303480031,2779839.4529972877,0.0001384654534394
JPN,2033,C10T12,62853.568122325,2779839.4529972877,0.0226105029391373
JPN,2033,C13T15,6860.003655271764,2779839.4529972877,0.0024677697296062
JPN,2033,C16,4356.851574473476,2779839.4529972877,0.0015673033094684
JPN,2033,C17_18,23769.15145278935,2779839.4529972877,0.0085505482797436
JPN,2033,C19,26577.68557598125,2779839.4529972877,0.0095608706996818
JPN,2033,C20,36530.79612510314,2779839.4529972877,0.0131413330671722
JPN,2033,C21,21453.701394915213,2779839.4529972877,0.0077176044723674
JPN,2033,C22,27751.07735547773,2779839.4529972877,0.0099829784506281
JPN,2033,C23,14609.005709655661,2779839.4529972877,0.005255341524815
JPN,2033,C24,40045.29077159579,2779839.4529972877,0.0144056127876083
JPN,2033,C25,26197.37819598843,2779839.4529972877,0.009424061583032
JPN,2033,C26,38683.479408080755,2779839.4529972877,0.0139157242934916
JPN,2033,C27,33289.51286527487,2779839.4529972877,0.0119753364998764
JPN,2033,C28,74719.51715864641,2779839.4529972877,0.0268790764438148
JPN,2033,C29,56829.34375166927,2779839.4529972877,0.0204433906031496
JPN,2033,C30,8417.948384569045,2779839.4529972877,0.0030282138687875
JPN,2033,C31T33,73261.49281173386,2779839.4529972877,0.0263545769640551
JPN,2033,D,44428.93129359105,2779839.4529972877,0.015982552965671
JPN,2033,E,47699.03659070802,2779839.4529972877,0.0171589177710525
JPN,2033,F,166439.55156082104,2779839.4529972877,0.0598738000431507
JPN,2033,G,365251.6327051268,2779839.4529972877,0.1313930674346333
JPN,2033,H49,77604.35194486818,2779839.4529972877,0.0279168467305525
JPN,2033,H50,5047.20514397296,2779839.4529972877,0.0018156462735756
JPN,2033,H51,2943.555202440763,2779839.4529972877,0.0010588939585223
JPN,2033,H52,31778.56838765582,2779839.4529972877,0.0114317999024697
JPN,2033,H53,4893.5274762713525,2779839.4529972877,0.0017603633443633
JPN,2033,I,49052.35681460682,2779839.4529972877,0.0176457517219987
JPN,2033,J58T60,31783.29233152673,2779839.4529972877,0.0114334992609941
JPN,2033,J61,47735.93119030789,2779839.4529972877,0.0171721899762369
JPN,2033,J62_63,63914.72138731733,2779839.4529972877,0.022992234791978
JPN,2033,K,120866.4093055694,2779839.4529972877,0.0434796366298235
JPN,2033,L,344248.2008969009,2779839.4529972877,0.123837439793771
JPN,2033,M,136952.6341214109,2779839.4529972877,0.0492663826228329
JPN,2033,N,98147.34871756814,2779839.4529972877,0.035306840692452
JPN,2033,O,145902.59426066504,2779839.4529972877,0.0524859786788584
JPN,2033,P,100398.3976672265,2779839.4529972877,0.0361166172956408
JPN,2033,Q,230970.7775216805,2779839.4529972877,0.0830878118779998
JPN,2033,R,24213.26197341928,2779839.4529972877,0.0087103094919068
JPN,2033,S,31987.31886934683,2779839.4529972877,0.0115068943405553
JPN,2033,T,0.0,2779839.4529972877,0.0
JPN,2033,HFCE,0.0,2779839.4529972877,0.0
JPN,2034,A01_02,24618.443828834934,2677224.8120682933,0.0091955086169308
JPN,2034,A03,3665.567087515449,2677224.8120682933,0.0013691667098676
JPN,2034,B05_06,410.2094951195853,2677224.8120682933,0.0001532219084742
JPN,2034,B07_08,1150.982306537094,2677224.8120682933,0.0004299161958117
JPN,2034,B09,370.7031475622487,2677224.8120682933,0.0001384654534394
JPN,2034,C10T12,60533.399482001456,2677224.8120682933,0.0226105029391373
JPN,2034,C13T15,6606.774350572782,2677224.8120682933,0.0024677697296062
JPN,2034,C16,4196.023308145552,2677224.8120682933,0.0015673033094684
JPN,2034,C17_18,22891.740011317426,2677224.8120682933,0.0085505482797436
JPN,2034,C19,25596.60026216486,2677224.8120682933,0.0095608706996818
JPN,2034,C20,35182.30295108694,2677224.8120682933,0.0131413330671722
JPN,2034,C21,20661.762183151233,2677224.8120682933,0.0077176044723674
JPN,2034,C22,26726.67760636464,2677224.8120682933,0.0099829784506281
JPN,2034,C23,14069.730726127536,2677224.8120682933,0.005255341524815
JPN,2034,C24,38567.06398803323,2677224.8120682933,0.0144056127876083
JPN,2034,C25,25230.33150055287,2677224.8120682933,0.009424061583032
JPN,2034,C26,37255.522356437235,2677224.8120682933,0.0139157242934916
JPN,2034,C27,32060.66801033617,2677224.8120682933,0.0119753364998764
JPN,2034,C28,71961.33038086137,2677224.8120682933,0.0268790764438148
JPN,2034,C29,54731.552565555896,2677224.8120682933,0.0204433906031496
JPN,2034,C30,8107.209305767214,2677224.8120682933,0.0030282138687875
JPN,2034,C31T33,70557.12735973179,2677224.8120682933,0.0263545769640551
JPN,2034,D,42788.88735989008,2677224.8120682933,0.015982552965671
JPN,2034,E,45938.28040490133,2677224.8120682933,0.0171589177710525
JPN,2034,F,160295.62306833873,2677224.8120682933,0.0598738000431507
JPN,2034,G,351768.78026976273,2677224.8120682933,0.1313930674346333
JPN,2034,H49,74739.67474174277,2677224.8120682933,0.0279168467305525
JPN,2034,H50,4860.893253555933,2677224.8120682933,0.0018156462735756
JPN,2034,H51,2834.897179105116,2677224.8120682933,0.0010588939585223
JPN,2034,H52,30605.49834549178,2677224.8120682933,0.0114317999024697
JPN,2034,H53,4712.888423784948,2677224.8120682933,0.0017603633443633
JPN,2034,I,47241.64433773174,2677224.8120682933,0.0176457517219987
JPN,2034,J58T60,30610.047910297897,2677224.8120682933,0.0114334992609941
JPN,2034,J61,45973.81308193187,2677224.8120682933,0.0171721899762369
JPN,2034,J62_63,61555.38146998338,2677224.8120682933,0.022992234791978
JPN,2034,K,116404.7620050769,2677224.8120682933,0.0434796366298235
JPN,2034,L,331540.66647889715,2677224.8120682933,0.123837439793771
JPN,2034,M,131897.18195869843,2677224.8120682933,0.0492663826228329
JPN,2034,N,94524.34993757497,2677224.8120682933,0.035306840692452
JPN,2034,O,140516.76440472715,2677224.8120682933,0.0524859786788584
JPN,2034,P,96692.30395186441,2677224.8120682933,0.0361166172956408
JPN,2034,Q,222444.7515402437,2677224.8120682933,0.0830878118779998
JPN,2034,R,23319.456692526852,2677224.8120682933,0.0087103094919068
JPN,2034,S,30806.543038382868,2677224.8120682933,0.0115068943405553
JPN,2034,T,0.0,2677224.8120682933,0.0
JPN,2034,HFCE,0.0,2677224.8120682933,0.0
JPN,2035,A01_02,23674.85001394911,2574610.1711393,0.0091955086169308
JPN,2035,A03,3525.070537210454,2574610.1711393,0.0013691667098676
JPN,2035,B05_06,394.4866839990502,2574610.1711393,0.0001532219084742
JPN,2035,B07_08,1106.8666104743177,2574610.1711393,0.0004299161958117
JPN,2035,B09,356.4945647764944,2574610.1711393,0.0001384654534394
JPN,2035,C10T12,58213.23084167793,2574610.1711393,0.0226105029391373
JPN,2035,C13T15,6353.545045873802,2574610.1711393,0.0024677697296062
JPN,2035,C16,4035.1950418176284,2574610.1711393,0.0015673033094684
JPN,2035,C17_18,22014.328569845515,2574610.1711393,0.0085505482797436
JPN,2035,C19,24615.514948348475,2574610.1711393,0.0095608706996818
JPN,2035,C20,33833.80977707076,2574610.1711393,0.0131413330671722
JPN,2035,C21,19869.822971387257,2574610.1711393,0.0077176044723674
JPN,2035,C22,25702.277857251556,2574610.1711393,0.0099829784506281
JPN,2035,C23,13530.455742599415,2574610.1711393,0.005255341524815
JPN,2035,C24,37088.83720447069,2574610.1711393,0.0144056127876083
JPN,2035,C25,24263.28480511732,2574610.1711393,0.009424061583032
JPN,2035,C26,35827.56530479372,2574610.1711393,0.0139157242934916
JPN,2035,C27,30831.823155397484,2574610.1711393,0.0119753364998764
JPN,2035,C28,69203.14360307634,2574610.1711393,0.0268790764438148
JPN,2035,C29,52633.76137944254,2574610.1711393,0.0204433906031496
JPN,2035,C30,7796.470226965386,2574610.1711393,0.0030282138687875
JPN,2035,C31T33,67852.76190772976,2574610.1711393,0.0263545769640551
JPN,2035,D,41148.84342618914,2574610.1711393,0.015982552965671
JPN,2035,E,44177.524219094645,2574610.1711393,0.0171589177710525
JPN,2035,F,154151.69457585644,2574610.1711393,0.0598738000431507
JPN,2035,G,338285.9278343988,2574610.1711393,0.1313930674346333
JPN,2035,H49,71874.99753861738,2574610.1711393,0.0279168467305525
JPN,2035,H50,4674.581363138907,2574610.1711393,0.0018156462735756
JPN,2035,H51,2726.239155769469,2574610.1711393,0.0010588939585223
JPN,2035,H52,29432.42830332775,2574610.1711393,0.0114317999024697
JPN,2035,H53,4532.249371298546,2574610.1711393,0.0017603633443633
JPN,2035,I,45430.931860856675,2574610.1711393,0.0176457517219987
JPN,2035,J58T60,29436.803489069076,2574610.1711393,0.0114334992609941
JPN,2035,J61,44211.69497355586,2574610.1711393,0.0171721899762369
JPN,2035,J62_63,59196.04155264945,2574610.1711393,0.022992234791978
JPN,2035,K,111943.11470458446,2574610.1711393,0.0434796366298235
JPN,2035,L,318833.1320608935,2574610.1711393,0.123837439793771
JPN,2035,M,126841.72979598604,2574610.1711393,0.0492663826228329
JPN,2035,N,90901.35115758184,2574610.1711393,0.035306840692452
JPN,2035,O,135130.9345487893,2574610.1711393,0.0524859786788584
JPN,2035,P,92986.21023650236,2574610.1711393,0.0361166172956408
JPN,2035,Q,213918.725558807,2574610.1711393,0.0830878118779998
JPN,2035,R,22425.651411634433,2574610.1711393,0.0087103094919068
JPN,2035,S,29625.76720741892,2574610.1711393,0.0115068943405553
JPN,2035,T,0.0,2574610.1711393,0.0
JPN,2035,HFCE,0.0,2574610.1711393,0.0
JPN,2036,A01_02,22731.25619906329,2471995.530210306,0.0091955086169308
JPN,2036,A03,3384.5739869054582,2471995.530210306,0.0013691667098676
JPN,2036,B05_06,378.763872878515,2471995.530210306,0.0001532219084742
JPN,2036,B07_08,1062.750914411541,2471995.530210306,0.0004299161958117
JPN,2036,B09,342.2859819907401,2471995.530210306,0.0001384654534394
JPN,2036,C10T12,55893.06220135439,2471995.530210306,0.0226105029391373
JPN,2036,C13T15,6100.315741174822,2471995.530210306,0.0024677697296062
JPN,2036,C16,3874.3667754897047,2471995.530210306,0.0015673033094684
JPN,2036,C17_18,21136.9171283736,2471995.530210306,0.0085505482797436
JPN,2036,C19,23634.429634532087,2471995.530210306,0.0095608706996818
JPN,2036,C20,32485.31660305457,2471995.530210306,0.0131413330671722
JPN,2036,C21,19077.88375962328,2471995.530210306,0.0077176044723674
JPN,2036,C22,24677.87810813847,2471995.530210306,0.0099829784506281
JPN,2036,C23,12991.180759071292,2471995.530210306,0.005255341524815
JPN,2036,C24,35610.61042090814,2471995.530210306,0.0144056127876083
JPN,2036,C25,23296.238109681766,2471995.530210306,0.009424061583032
JPN,2036,C26,34399.6082531502,2471995.530210306,0.0139157242934916
JPN,2036,C27,29602.97830045879,2471995.530210306,0.0119753364998764
JPN,2036,C28,66444.95682529132,2471995.530210306,0.0268790764438148
JPN,2036,C29,50535.97019332918,2471995.530210306,0.0204433906031496
JPN,2036,C30,7485.731148163558,2471995.530210306,0.0030282138687875
JPN,2036,C31T33,65148.39645572771,2471995.530210306,0.0263545769640551
JPN,2036,D,39508.79949248818,2471995.530210306,0.015982552965671
JPN,2036,E,42416.76803328796,2471995.530210306,0.0171589177710525
JPN,2036,F,148007.76608337415,2471995.530210306,0.0598738000431507
JPN,2036,G,324803.07539903483,2471995.530210306,0.1313930674346333
JPN,2036,H49,69010.32033549197,2471995.530210306,0.0279168467305525
JPN,2036,H50,4488.269472721881,2471995.530210306,0.0018156462735756
JPN,2036,H51,2617.5811324338224,2471995.530210306,0.0010588939585223
JPN,2036,H52,28259.35826116371,2471995.530210306,0.0114317999024697
JPN,2036,H53,4351.610318812143,2471995.530210306,0.0017603633443633
JPN,2036,I,43620.2193839816,2471995.530210306,0.0176457517219987
JPN,2036,J58T60,28263.55906784025,2471995.530210306,0.0114334992609941
JPN,2036,J61,42449.57686517984,2471995.530210306,0.0171721899762369
JPN,2036,J62_63,56836.701635315505,2471995.530210306,0.022992234791978
JPN,2036,K,107481.46740409198,2471995.530210306,0.0434796366298235
JPN,2036,L,306125.59764288977,2471995.530210306,0.123837439793771
JPN,2036,M,121786.27763327362,2471995.530210306,0.0492663826228329
JPN,2036,N,87278.35237758869,2471995.530210306,0.035306840692452
JPN,2036,O,129745.10469285138,2471995.530210306,0.0524859786788584
JPN,2036,P,89280.11652114028,2471995.530210306,0.0361166172956408
JPN,2036,Q,205392.69957737025,2471995.530210306,0.0830878118779998
JPN,2036,R,21531.846130742008,2471995.530210306,0.0087103094919068
JPN,2036,S,28444.991376454967,2471995.530210306,0.0115068943405553
JPN,2036,T,0.0,2471995.530210306,0.0
JPN,2036,HFCE,0.0,2471995.530210306,0.0
JPN,2037,A01_02,21787.662384177467,2369380.889281312,0.0091955086169308
JPN,2037,A03,3244.077436600462,2369380.889281312,0.0013691667098676
JPN,2037,B05_06,363.0410617579798,2369380.889281312,0.0001532219084742
JPN,2037,B07_08,1018.6352183487644,2369380.889281312,0.0004299161958117
JPN,2037,B09,328.0773992049857,2369380.889281312,0.0001384654534394
JPN,2037,C10T12,53572.893561030854,2369380.889281312,0.0226105029391373
JPN,2037,C13T15,5847.086436475841,2369380.889281312,0.0024677697296062
JPN,2037,C16,3713.538509161781,2369380.889281312,0.0015673033094684
JPN,2037,C17_18,20259.505686901684,2369380.889281312,0.0085505482797436
JPN,2037,C19,22653.344320715703,2369380.889281312,0.0095608706996818
JPN,2037,C20,31136.823429038377,2369380.889281312,0.0131413330671722
JPN,2037,C21,18285.9445478593,2369380.889281312,0.0077176044723674
JPN,2037,C22,23653.478359025383,2369380.889281312,0.0099829784506281
JPN,2037,C23,12451.905775543171,2369380.889281312,0.005255341524815
JPN,2037,C24,34132.38363734559,2369380.889281312,0.0144056127876083
JPN,2037,C25,22329.19141424621,2369380.889281312,0.009424061583032
JPN,2037,C26,32971.651201506684,2369380.889281312,0.0139157242934916
JPN,2037,C27,28374.1334455201,2369380.889281312,0.0119753364998764
JPN,2037,C28,63686.770047506274,2369380.889281312,0.0268790764438148
JPN,2037,C29,48438.17900721581,2369380.889281312,0.0204433906031496
JPN,2037,C30,7174.992069361729,2369380.889281312,0.0030282138687875
JPN,2037,C31T33,62444.03100372566,2369380.889281312,0.0263545769640551
JPN,2037,D,37868.75555878722,2369380.889281312,0.015982552965671
JPN,2037,E,40656.01184748128,2369380.889281312,0.0171589177710525
JPN,2037,F,141863.83759089187,2369380.889281312,0.0598738000431507
JPN,2037,G,311320.22296367085,2369380.889281312,0.1313930674346333
JPN,2037,H49,66145.64313236657,2369380.889281312,0.0279168467305525
JPN,2037,H50,4301.957582304855,2369380.889281312,0.0018156462735756
JPN,2037,H51,2508.9231090981757,2369380.889281312,0.0010588939585223
JPN,2037,H52,27086.288218999674,2369380.889281312,0.0114317999024697
JPN,2037,H53,4170.9712663257405,2369380.889281312,0.0017603633443633
JPN,2037,I,41809.50690710652,2369380.889281312,0.0176457517219987
JPN,2037,J58T60,27090.314646611423,2369380.889281312,0.0114334992609941
JPN,2037,J61,40687.45875680382,2369380.889281312,0.0171721899762369
JPN,2037,J62_63,54477.361717981556,2369380.889281312,0.022992234791978
JPN,2037,K,103019.82010359952,2369380.889281312,0.0434796366298235
JPN,2037,L,293418.0632248861,2369380.889281312,0.123837439793771
JPN,2037,M,116730.82547056119,2369380.889281312,0.0492663826228329
JPN,2037,N,83655.35359759553,2369380.889281312,0.035306840692452
JPN,2037,O,124359.27483691351,2369380.889281312,0.0524859786788584
JPN,2037,P,85574.02280577821,2369380.889281312,0.0361166172956408
JPN,2037,Q,196866.6735959335,2369380.889281312,0.0830878118779998
JPN,2037,R,20638.040849849585,2369380.889281312,0.0087103094919068
JPN,2037,S,27264.21554549101,2369380.889281312,0.0115068943405553
JPN,2037,T,0.0,2369380.889281312,0.0
JPN,2037,HFCE,0.0,2369380.889281312,0.0
JPN,2038,A01_02,20844.06856929164,2266766.248352318,0.0091955086169308
JPN,2038,A03,3103.5808862954664,2266766.248352318,0.0013691667098676
JPN,2038,B05_06,347.3182506374446,2266766.248352318,0.0001532219084742
JPN,2038,B07_08,974.5195222859877,2266766.248352318,0.0004299161958117
JPN,2038,B09,313.86881641923134,2266766.248352318,0.0001384654534394
JPN,2038,C10T12,51252.72492070732,2266766.248352318,0.0226105029391373
JPN,2038,C13T15,5593.85713177686,2266766.248352318,0.0024677697296062
JPN,2038,C16,3552.710242833857,2266766.248352318,0.0015673033094684
JPN,2038,C17_18,19382.094245429766,2266766.248352318,0.0085505482797436
JPN,2038,C19,21672.259006899316,2266766.248352318,0.0095608706996818
JPN,2038,C20,29788.33025502219,2266766.248352318,0.0131413330671722
JPN,2038,C21,17494.00533609532,2266766.248352318,0.0077176044723674
JPN,2038,C22,22629.078609912296,2266766.248352318,0.0099829784506281
JPN,2038,C23,11912.630792015048,2266766.248352318,0.005255341524815
JPN,2038,C24,32654.156853783043,2266766.248352318,0.0144056127876083
JPN,2038,C25,21362.144718810654,2266766.248352318,0.009424061583032
JPN,2038,C26,31543.694149863168,2266766.248352318,0.0139157242934916
JPN,2038,C27,27145.288590581407,2266766.248352318,0.0119753364998764
JPN,2038,C28,60928.58326972124,2266766.248352318,0.0268790764438148
JPN,2038,C29,46340.38782110245,2266766.248352318,0.0204433906031496
JPN,2038,C30,6864.2529905599,2266766.248352318,0.0030282138687875
JPN,2038,C31T33,59739.66555172361,2266766.248352318,0.0263545769640551
JPN,2038,D,36228.71162508627,2266766.248352318,0.015982552965671
JPN,2038,E,38895.25566167459,2266766.248352318,0.0171589177710525
JPN,2038,F,135719.90909840958,2266766.248352318,0.0598738000431507
JPN,2038,G,297837.37052830687,2266766.248352318,0.1313930674346333
JPN,2038,H49,63280.96592924117,2266766.248352318,0.0279168467305525
JPN,2038,H50,4115.645691887829,2266766.248352318,0.0018156462735756
JPN,2038,H51,2400.265085762529,2266766.248352318,0.0010588939585223
JPN,2038,H52,25913.21817683564,2266766.248352318,0.0114317999024697
JPN,2038,H53,3990.3322138393373,2266766.248352318,0.0017603633443633
JPN,2038,I,39998.79443023145,2266766.248352318,0.0176457517219987
JPN,2038,J58T60,25917.070225382595,2266766.248352318,0.0114334992609941
JPN,2038,J61,38925.3406484278,2266766.248352318,0.0171721899762369
JPN,2038,J62_63,52118.02180064761,2266766.248352318,0.022992234791978
JPN,2038,K,98558.17280310704,2266766.248352318,0.0434796366298235
JPN,2038,L,280710.5288068823,2266766.248352318,0.123837439793771
JPN,2038,M,111675.37330784877,2266766.248352318,0.0492663826228329
JPN,2038,N,80032.35481760238,2266766.248352318,0.035306840692452
JPN,2038,O,118973.44498097562,2266766.248352318,0.0524859786788584
JPN,2038,P,81867.92909041615,2266766.248352318,0.0361166172956408
JPN,2038,Q,188340.64761449676,2266766.248352318,0.0830878118779998
JPN,2038,R,19744.235568957163,2266766.248352318,0.0087103094919068
JPN,2038,S,26083.439714527056,2266766.248352318,0.0115068943405553
JPN,2038,T,0.0,2266766.248352318,0.0
JPN,2038,HFCE,0.0,2266766.248352318,0.0
JPN,2039,A01_02,19900.47475440582,2164151.607423324,0.0091955086169308
JPN,2039,A03,2963.0843359904707,2164151.607423324,0.0013691667098676
JPN,2039,B05_06,331.5954395169094,2164151.607423324,0.0001532219084742
JPN,2039,B07_08,930.4038262232111,2164151.607423324,0.0004299161958117
JPN,2039,B09,299.660233633477,2164151.607423324,0.0001384654534394
JPN,2039,C10T12,48932.55628038378,2164151.607423324,0.0226105029391373
JPN,2039,C13T15,5340.627827077879,2164151.607423324,0.0024677697296062
JPN,2039,C16,3391.8819765059334,2164151.607423324,0.0015673033094684
JPN,2039,C17_18,18504.68280395785,2164151.607423324,0.0085505482797436
JPN,2039,C19,20691.17369308293,2164151.607423324,0.0095608706996818
JPN,2039,C20,28439.837081006,2164151.607423324,0.0131413330671722
JPN,2039,C21,16702.066124331344,2164151.607423324,0.0077176044723674
JPN,2039,C22,21604.67886079921,2164151.607423324,0.0099829784506281
JPN,2039,C23,11373.355808486926,2164151.607423324,0.005255341524815
JPN,2039,C24,31175.930070220496,2164151.607423324,0.0144056127876083
JPN,2039,C25,20395.0980233751,2164151.607423324,0.009424061583032
JPN,2039,C26,30115.737098219648,2164151.607423324,0.0139157242934916
JPN,2039,C27,25916.443735642715,2164151.607423324,0.0119753364998764
JPN,2039,C28,58170.396491936204,2164151.607423324,0.0268790764438148
JPN,2039,C29,44242.59663498908,2164151.607423324,0.0204433906031496
JPN,2039,C30,6553.513911758071,2164151.607423324,0.0030282138687875
JPN,2039,C31T33,57035.30009972156,2164151.607423324,0.0263545769640551
JPN,2039,D,34588.66769138531,2164151.607423324,0.015982552965671
JPN,2039,E,37134.49947586791,2164151.607423324,0.0171589177710525
JPN,2039,F,129575.98060592728,2164151.607423324,0.0598738000431507
JPN,2039,G,284354.5180929429,2164151.607423324,0.1313930674346333
JPN,2039,H49,60416.28872611576,2164151.607423324,0.0279168467305525
JPN,2039,H50,3929.3338014708033,2164151.607423324,0.0018156462735756
JPN,2039,H51,2291.6070624268823,2164151.607423324,0.0010588939585223
JPN,2039,H52,24740.148134671603,2164151.607423324,0.0114317999024697
JPN,2039,H53,3809.6931613529346,2164151.607423324,0.0017603633443633
JPN,2039,I,38188.08195335638,2164151.607423324,0.0176457517219987
JPN,2039,J58T60,24743.82580415377,2164151.607423324,0.0114334992609941
JPN,2039,J61,37163.222540051785,2164151.607423324,0.0171721899762369
JPN,2039,J62_63,49758.68188331367,2164151.607423324,0.022992234791978
JPN,2039,K,94096.52550261458,2164151.607423324,0.0434796366298235
JPN,2039,L,268002.99438887864,2164151.607423324,0.123837439793771
JPN,2039,M,106619.92114513635,2164151.607423324,0.0492663826228329
JPN,2039,N,76409.35603760922,2164151.607423324,0.035306840692452
JPN,2039,O,113587.61512503773,2164151.607423324,0.0524859786788584
JPN,2039,P,78161.83537505407,2164151.607423324,0.0361166172956408
JPN,2039,Q,179814.62163306001,2164151.607423324,0.0830878118779998
JPN,2039,R,18850.430288064737,2164151.607423324,0.0087103094919068
JPN,2039,S,24902.663883563102,2164151.607423324,0.0115068943405553
JPN,2039,T,0.0,2164151.607423324,0.0
JPN,2039,HFCE,0.0,2164151.607423324,0.0
JPN,2040,A01_02,18956.880939519997,2061536.9664943304,0.0091955086169308
JPN,2040,A03,2822.5877856854754,2061536.9664943304,0.0013691667098676
JPN,2040,B05_06,315.8726283963742,2061536.9664943304,0.0001532219084742
JPN,2040,B07_08,886.2881301604345,2061536.9664943304,0.0004299161958117
JPN,2040,B09,285.45165084772265,2061536.9664943304,0.0001384654534394
JPN,2040,C10T12,46612.38764006025,2061536.9664943304,0.0226105029391373
JPN,2040,C13T15,5087.3985223788995,2061536.9664943304,0.0024677697296062
JPN,2040,C16,3231.05371017801,2061536.9664943304,0.0015673033094684
JPN,2040,C17_18,17627.271362485935,2061536.9664943304,0.0085505482797436
JPN,2040,C19,19710.088379266545,2061536.9664943304,0.0095608706996818
JPN,2040,C20,27091.343906989812,2061536.9664943304,0.0131413330671722
JPN,2040,C21,15910.126912567368,2061536.9664943304,0.0077176044723674
JPN,2040,C22,20580.279111686126,2061536.9664943304,0.0099829784506281
JPN,2040,C23,10834.080824958804,2061536.9664943304,0.005255341524815
JPN,2040,C24,29697.70328665795,2061536.9664943304,0.0144056127876083
JPN,2040,C25,19428.05132793955,2061536.9664943304,0.009424061583032
JPN,2040,C26,28687.780046576132,2061536.9664943304,0.0139157242934916
JPN,2040,C27,24687.598880704027,2061536.9664943304,0.0119753364998764
JPN,2040,C28,55412.20971415118,2061536.9664943304,0.0268790764438148
JPN,2040,C29,42144.805448875726,2061536.9664943304,0.0204433906031496
JPN,2040,C30,6242.774832956243,2061536.9664943304,0.0030282138687875
JPN,2040,C31T33,54330.934647719514,2061536.9664943304,0.0263545769640551
JPN,2040,D,32948.623757684356,2061536.9664943304,0.015982552965671
JPN,2040,E,35373.743290061226,2061536.9664943304,0.0171589177710525
JPN,2040,F,123432.05211344501,2061536.9664943304,0.0598738000431507
JPN,2040,G,270871.6656575789,2061536.9664943304,0.1313930674346333
JPN,2040,H49,57551.611522990366,2061536.9664943304,0.0279168467305525
JPN,2040,H50,3743.021911053778,2061536.9664943304,0.0018156462735756
JPN,2040,H51,2182.9490390912356,2061536.9664943304,0.0010588939585223
JPN,2040,H52,23567.07809250757,2061536.9664943304,0.0114317999024697
JPN,2040,H53,3629.054108866532,2061536.9664943304,0.0017603633443633
JPN,2040,I,36377.36947648131,2061536.9664943304,0.0176457517219987
JPN,2040,J58T60,23570.581382924946,2061536.9664943304,0.0114334992609941
JPN,2040,J61,35401.10443167577,2061536.9664943304,0.0171721899762369
JPN,2040,J62_63,47399.34196597973,2061536.9664943304,0.022992234791978
JPN,2040,K,89634.87820212211,2061536.9664943304,0.0434796366298235
JPN,2040,L,255295.45997087494,2061536.9664943304,0.123837439793771
JPN,2040,M,101564.46898242393,2061536.9664943304,0.0492663826228329
JPN,2040,N,72786.35725761608,2061536.9664943304,0.035306840692452
JPN,2040,O,108201.78526909986,2061536.9664943304,0.0524859786788584
JPN,2040,P,74455.74165969201,2061536.9664943304,0.0361166172956408
JPN,2040,Q,171288.5956516233,2061536.9664943304,0.0830878118779998
JPN,2040,R,17956.625007172315,2061536.9664943304,0.0087103094919068
JPN,2040,S,23721.88805259915,2061536.9664943304,0.0115068943405553
JPN,2040,T,0.0,2061536.9664943304,0.0
JPN,2040,HFCE,0.0,2061536.9664943304,0.0
