country,year,sector,output,output total,output sector ratio
CAN,1995,A01_02,33884.1,1043486.3,0.032472012330205
CAN,1995,A03,3076.9,1043486.3,0.0029486731162642
CAN,1995,B05_06,20385.9,1043486.3,0.0195363369888037
CAN,1995,B07_08,10091.7,1043486.3,0.009671137991941
CAN,1995,B09,4327.3,1043486.3,0.0041469638844324
CAN,1995,C10T12,40848.8,1043486.3,0.0391464650757753
CAN,1995,C13T15,9724.1,1043486.3,0.0093188573726363
CAN,1995,C16,16004.7,1043486.3,0.0153377193356539
CAN,1995,C17_18,33100.2,1043486.3,0.0317207806178193
CAN,1995,C19,12558.9,1043486.3,0.0120355197763497
CAN,1995,C20,20521.1,1043486.3,0.0196659026572749
CAN,1995,C21,4383.3,1043486.3,0.0042006301376453
CAN,1995,C22,10953.5,1043486.3,0.0104970232958496
CAN,1995,C23,6749.7,1043486.3,0.0064684126662707
CAN,1995,C24,24950.4,1043486.3,0.0239106157886308
CAN,1995,C25,13425.3,1043486.3,0.0128658133796294
CAN,1995,C26,16674.1,1043486.3,0.0159792227267382
CAN,1995,C27,5823.9,1043486.3,0.0055811945015473
CAN,1995,C28,14180.4,1043486.3,0.0135894453046484
CAN,1995,C29,59109.8,1043486.3,0.0566464552529343
CAN,1995,C30,10881.2,1043486.3,0.010427736329648
CAN,1995,C31T33,11349.1,1043486.3,0.0108761370417608
CAN,1995,D,21991.3,1043486.3,0.0210748334693038
CAN,1995,E,3572.6,1043486.3,0.0034237152897934
CAN,1995,F,63785.0,1043486.3,0.0611268207354519
CAN,1995,G,86540.0,1043486.3,0.0829335277329467
CAN,1995,H49,25547.4,1043486.3,0.0244827363809184
CAN,1995,H50,1608.5,1043486.3,0.0015414672909457
CAN,1995,H51,7186.7,1043486.3,0.0068872011065214
CAN,1995,H52,6100.3,1043486.3,0.005846075794191
CAN,1995,H53,4666.6,1043486.3,0.0044721238793456
CAN,1995,I,24371.5,1043486.3,0.0233558408960424
CAN,1995,J58T60,10765.7,1043486.3,0.0103170496823964
CAN,1995,J61,13833.8,1043486.3,0.0132572895302985
CAN,1995,J62_63,10313.8,1043486.3,0.0098839821854872
CAN,1995,K,62261.2,1043486.3,0.0596665236524906
CAN,1995,L,89714.4,1043486.3,0.0859756376293584
CAN,1995,M,22008.6,1043486.3,0.0210914125082428
CAN,1995,N,22153.9,1043486.3,0.0212306572688112
CAN,1995,O,70543.8,1043486.3,0.0676039541678697
CAN,1995,P,42046.3,1043486.3,0.0402940604011763
CAN,1995,Q,53096.4,1043486.3,0.0508836579838182
CAN,1995,R,6777.3,1043486.3,0.0064948624624971
CAN,1995,S,10756.9,1043486.3,0.0103086164140343
CAN,1995,T,839.9,1043486.3,0.0008048979655985
CAN,1995,HFCE,306582.645618698,1043486.3,0.2938061051867168
CAN,1996,A01_02,37398.6,1094981.9,0.0341545371663221
CAN,1996,A03,2966.0,1094981.9,0.002708720573372
CAN,1996,B05_06,25780.5,1094981.9,0.0235442247949486
CAN,1996,B07_08,9886.0,1094981.9,0.0090284597398367
CAN,1996,B09,5113.1,1094981.9,0.0046695749034755
CAN,1996,C10T12,43872.4,1094981.9,0.0400667810125445
CAN,1996,C13T15,9835.3,1094981.9,0.0089821576046142
CAN,1996,C16,17084.3,1094981.9,0.0156023583586176
CAN,1996,C17_18,30288.4,1094981.9,0.02766109649849
CAN,1996,C19,15474.4,1094981.9,0.0141321057453095
CAN,1996,C20,20675.6,1094981.9,0.0188821385997339
CAN,1996,C21,4539.9,1094981.9,0.0041460959309007
CAN,1996,C22,11993.3,1094981.9,0.0109529664371621
CAN,1996,C23,7425.3,1094981.9,0.0067812079816113
CAN,1996,C24,24863.7,1094981.9,0.0227069506811025
CAN,1996,C25,14303.3,1094981.9,0.0130625903496669
CAN,1996,C26,16378.4,1094981.9,0.0149576901682119
CAN,1996,C27,6090.2,1094981.9,0.0055619184207519
CAN,1996,C28,15103.5,1094981.9,0.0137933786850723
CAN,1996,C29,56251.5,1094981.9,0.0513720820408081
CAN,1996,C30,10421.1,1094981.9,0.0095171436167118
CAN,1996,C31T33,12572.3,1094981.9,0.0114817423009457
CAN,1996,D,22761.3,1094981.9,0.0207869189435916
CAN,1996,E,3964.1,1094981.9,0.003620242489853
CAN,1996,F,66619.2,1094981.9,0.060840457728114
CAN,1996,G,92087.7,1094981.9,0.0840997463063088
CAN,1996,H49,26862.3,1094981.9,0.0245321863311165
CAN,1996,H50,1690.6,1094981.9,0.0015439524616799
CAN,1996,H51,7561.3,1094981.9,0.0069054109478887
CAN,1996,H52,6414.3,1094981.9,0.0058579050484761
CAN,1996,H53,4906.7,1094981.9,0.0044810786370076
CAN,1996,I,25645.7,1094981.9,0.0234211177371973
CAN,1996,J58T60,11449.8,1094981.9,0.0104566112006052
CAN,1996,J61,14715.6,1094981.9,0.0134391262540504
CAN,1996,J62_63,10969.2,1094981.9,0.0100176998359516
CAN,1996,K,70235.8,1094981.9,0.0641433433739863
CAN,1996,L,94718.2,1094981.9,0.0865020691209599
CAN,1996,M,23434.9,1094981.9,0.0214020889295065
CAN,1996,N,25052.4,1094981.9,0.0228792822968124
CAN,1996,O,70333.0,1094981.9,0.0642321119645904
CAN,1996,P,43367.6,1094981.9,0.0396057688259504
CAN,1996,Q,54259.6,1094981.9,0.0495529652133975
CAN,1996,R,7615.4,1094981.9,0.0069548181572681
CAN,1996,S,11123.6,1094981.9,0.0101587067329606
CAN,1996,T,876.5,1094981.9,0.0008004698525153
CAN,1996,HFCE,319052.6601354145,1094981.9,0.2913771087315823
CAN,1997,A01_02,36393.6,1150238.4,0.0316400495758096
CAN,1997,A03,2365.2,1150238.4,0.0020562693785914
CAN,1997,B05_06,26088.1,1150238.4,0.022680602560304
CAN,1997,B07_08,9844.1,1150238.4,0.0085583127810721
CAN,1997,B09,6018.7,1150238.4,0.0052325674399324
CAN,1997,C10T12,45262.7,1150238.4,0.0393507119915314
CAN,1997,C13T15,10438.1,1150238.4,0.0090747274651933
CAN,1997,C16,19143.4,1150238.4,0.0166429846195362
CAN,1997,C17_18,29076.3,1150238.4,0.0252784987877295
CAN,1997,C19,14794.4,1150238.4,0.0128620292975786
CAN,1997,C20,20802.6,1150238.4,0.018085468195115
CAN,1997,C21,4711.6,1150238.4,0.0040961943193689
CAN,1997,C22,12766.3,1150238.4,0.0110988295991509
CAN,1997,C23,7980.5,1150238.4,0.0069381269135163
CAN,1997,C24,26900.5,1150238.4,0.0233868909262636
CAN,1997,C25,16009.9,1150238.4,0.0139187667530487
CAN,1997,C26,16883.6,1150238.4,0.0146783484189016
CAN,1997,C27,6318.8,1150238.4,0.0054934698754623
CAN,1997,C28,16489.1,1150238.4,0.014335376040306
CAN,1997,C29,58653.6,1150238.4,0.0509925594555007
CAN,1997,C30,10936.9,1150238.4,0.0095083766982566
CAN,1997,C31T33,14460.7,1150238.4,0.0125719155263813
CAN,1997,D,22860.1,1150238.4,0.0198742278122517
CAN,1997,E,4049.9,1150238.4,0.0035209222714178
CAN,1997,F,73425.4,1150238.4,0.063834940652303
CAN,1997,G,97987.9,1150238.4,0.085189209471706
CAN,1997,H49,29052.4,1150238.4,0.0252577204864661
CAN,1997,H50,1828.5,1150238.4,0.0015896704544031
CAN,1997,H51,8177.7,1150238.4,0.0071095696335646
CAN,1997,H52,6937.3,1150238.4,0.0060311844918409
CAN,1997,H53,5306.7,1150238.4,0.0046135653269791
CAN,1997,I,27942.7,1150238.4,0.0242929639629489
CAN,1997,J58T60,13407.6,1150238.4,0.0116563661933039
CAN,1997,J61,17231.8,1150238.4,0.0149810682724555
CAN,1997,J62_63,12844.8,1150238.4,0.011167076320874
CAN,1997,K,75301.5,1150238.4,0.0654659938322351
CAN,1997,L,96683.3,1150238.4,0.0840550098136177
CAN,1997,M,29558.2,1150238.4,0.0256974554144601
CAN,1997,N,23181.3,1150238.4,0.0201534742710728
CAN,1997,O,71426.9,1150238.4,0.0620974747495823
CAN,1997,P,42308.1,1150238.4,0.0367820270997734
CAN,1997,Q,56930.7,1150238.4,0.0494946960560523
CAN,1997,R,8634.7,1150238.4,0.0075068785740416
CAN,1997,S,11904.6,1150238.4,0.0103496805531792
CAN,1997,T,917.6,1150238.4,0.0007977476669184
CAN,1997,HFCE,331387.0815215074,1150238.4,0.2881029545888117
CAN,1998,A01_02,33297.7,1116521.1,0.0298227234577116
CAN,1998,A03,2182.0,1116521.1,0.0019542846077875
CAN,1998,B05_06,20767.1,1116521.1,0.0185998276252907
CAN,1998,B07_08,8873.5,1116521.1,0.0079474539263073
CAN,1998,B09,5425.2,1116521.1,0.0048590214730379
CAN,1998,C10T12,43855.9,1116521.1,0.0392790606465027
CAN,1998,C13T15,10092.5,1116521.1,0.0090392380403738
CAN,1998,C16,17825.4,1116521.1,0.0159651259613454
CAN,1998,C17_18,27068.0,1116521.1,0.0242431602949554
CAN,1998,C19,10911.5,1116521.1,0.0097727664976506
CAN,1998,C20,18779.9,1116521.1,0.0168200135223597
CAN,1998,C21,4181.9,1116521.1,0.0037454733278215
CAN,1998,C22,12321.3,1116521.1,0.0110354385600057
CAN,1998,C23,7819.8,1116521.1,0.0070037189624092
CAN,1998,C24,25576.8,1116521.1,0.0229075832064436
CAN,1998,C25,16110.9,1116521.1,0.0144295526524308
CAN,1998,C26,17150.9,1116521.1,0.0153610173600839
CAN,1998,C27,6157.4,1116521.1,0.0055148084527914
CAN,1998,C28,16080.2,1116521.1,0.0144020565307722
CAN,1998,C29,59362.0,1116521.1,0.0531669307458676
CAN,1998,C30,10878.3,1116521.1,0.009743031278137
CAN,1998,C31T33,14900.8,1116521.1,0.0133457397267279
CAN,1998,D,20925.9,1116521.1,0.0187420551210362
CAN,1998,E,3838.4,1116521.1,0.0034378212825534
CAN,1998,F,69639.4,1116521.1,0.0623717724635924
CAN,1998,G,97095.2,1116521.1,0.0869622616178055
CAN,1998,H49,27377.7,1116521.1,0.0245205397372248
CAN,1998,H50,1757.0,1116521.1,0.0015736379724485
CAN,1998,H51,8439.6,1116521.1,0.0075588361026047
CAN,1998,H52,7040.4,1116521.1,0.0063056578151545
CAN,1998,H53,5227.4,1116521.1,0.0046818640507555
CAN,1998,I,27514.8,1116521.1,0.0246433318635895
CAN,1998,J58T60,14034.2,1116521.1,0.0125695788462931
CAN,1998,J61,18037.2,1116521.1,0.0161548223316155
CAN,1998,J62_63,13445.1,1116521.1,0.0120419578277562
CAN,1998,K,74069.0,1116521.1,0.066339095606881
CAN,1998,L,94335.3,1116521.1,0.0844903871498711
CAN,1998,M,31840.5,1116521.1,0.0285175981000269
CAN,1998,N,24041.0,1116521.1,0.0215320606121998
CAN,1998,O,71179.9,1116521.1,0.0637515045618036
CAN,1998,P,40356.8,1116521.1,0.0361451297248211
CAN,1998,Q,55461.9,1116521.1,0.0496738485282544
CAN,1998,R,8873.2,1116521.1,0.0079471852345647
CAN,1998,S,11485.0,1116521.1,0.0102864155455727
CAN,1998,T,887.2,1116521.1,0.0007946110467594
CAN,1998,HFCE,320768.8239379342,1116521.1,0.2872931142438187
CAN,1999,A01_02,34634.5,1206017.0,0.0287180860634634
CAN,1999,A03,2601.7,1206017.0,0.0021572664398594
CAN,1999,B05_06,27228.0,1206017.0,0.0225767961811483
CAN,1999,B07_08,8637.3,1206017.0,0.0071618393438898
CAN,1999,B09,4773.1,1206017.0,0.0039577385725076
CAN,1999,C10T12,44930.0,1206017.0,0.0372548645665857
CAN,1999,C13T15,10227.3,1206017.0,0.0084802287198273
CAN,1999,C16,20783.0,1206017.0,0.0172327587422067
CAN,1999,C17_18,29058.4,1206017.0,0.0240945193973219
CAN,1999,C19,13901.0,1206017.0,0.0115263715188094
CAN,1999,C20,19578.2,1206017.0,0.0162337678490435
CAN,1999,C21,4645.1,1206017.0,0.0038516040818661
CAN,1999,C22,13493.9,1206017.0,0.0111888140880269
CAN,1999,C23,7986.0,1206017.0,0.0066217972051803
CAN,1999,C24,25498.6,1206017.0,0.0211428197114966
CAN,1999,C25,17325.0,1206017.0,0.0143654691434697
CAN,1999,C26,19999.3,1206017.0,0.0165829337397399
CAN,1999,C27,6806.7,1206017.0,0.0056439502925746
CAN,1999,C28,16072.1,1206017.0,0.0133265948987452
CAN,1999,C29,75262.5,1206017.0,0.0624058367336447
CAN,1999,C30,12884.6,1206017.0,0.0106835973290592
CAN,1999,C31T33,16037.1,1206017.0,0.0132975737489604
CAN,1999,D,21241.1,1206017.0,0.0176126041341042
CAN,1999,E,4011.5,1206017.0,0.0033262383531907
CAN,1999,F,73237.6,1206017.0,0.0607268388422385
CAN,1999,G,103985.6,1206017.0,0.0862223335160283
CAN,1999,H49,28836.6,1206017.0,0.0239106082252571
CAN,1999,H50,1697.8,1206017.0,0.0014077745172746
CAN,1999,H51,9003.8,1206017.0,0.0074657322409219
CAN,1999,H52,7978.7,1206017.0,0.0066157442225109
CAN,1999,H53,5625.4,1206017.0,0.0046644450285526
CAN,1999,I,29079.6,1206017.0,0.0241120979223344
CAN,1999,J58T60,15050.9,1206017.0,0.0124798406655959
CAN,1999,J61,19343.9,1206017.0,0.0160394919806271
CAN,1999,J62_63,14419.1,1206017.0,0.0119559674531951
CAN,1999,K,79619.6,1206017.0,0.0660186382115675
CAN,1999,L,98071.0,1206017.0,0.0813180908726825
CAN,1999,M,37171.6,1206017.0,0.0308217877525772
CAN,1999,N,28310.2,1206017.0,0.0234741301324939
CAN,1999,O,73903.5,1206017.0,0.0612789869462868
CAN,1999,P,41508.6,1206017.0,0.0344179227987665
CAN,1999,Q,58674.1,1206017.0,0.0486511384167884
CAN,1999,R,9697.3,1206017.0,0.0080407655945148
CAN,1999,S,12237.5,1206017.0,0.0101470377283238
CAN,1999,T,948.6,1206017.0,0.0007865560767385
CAN,1999,HFCE,343238.83183814166,1206017.0,0.2846053014494337
CAN,2000,A01_02,35362.4,1353598.9,0.0261247257219254
CAN,2000,A03,2872.0,1353598.9,0.0021217511332197
CAN,2000,B05_06,47503.8,1353598.9,0.0350944434130376
CAN,2000,B07_08,11311.4,1353598.9,0.0083565375237819
CAN,2000,B09,6282.9,1353598.9,0.0046416261124325
CAN,2000,C10T12,49746.3,1353598.9,0.0367511380217581
CAN,2000,C13T15,11907.6,1353598.9,0.0087969929644594
CAN,2000,C16,22564.9,1353598.9,0.016670300190108
CAN,2000,C17_18,34261.4,1353598.9,0.0253113385361054
CAN,2000,C19,22451.5,1353598.9,0.0165865235262824
CAN,2000,C20,23465.8,1353598.9,0.0173358592416113
CAN,2000,C21,5842.8,1353598.9,0.0043164928694903
CAN,2000,C22,16299.3,1353598.9,0.0120414548209222
CAN,2000,C23,9166.0,1353598.9,0.0067715776069262
CAN,2000,C24,27826.4,1353598.9,0.0205573453110814
CAN,2000,C25,22194.7,1353598.9,0.016396807060053
CAN,2000,C26,26339.4,1353598.9,0.0194587924088886
CAN,2000,C27,8588.2,1353598.9,0.0063447155579101
CAN,2000,C28,19455.4,1353598.9,0.0143730908764775
CAN,2000,C29,77206.4,1353598.9,0.0570378714107997
CAN,2000,C30,14635.0,1353598.9,0.0108119177697322
CAN,2000,C31T33,20596.5,1353598.9,0.0152161027908636
CAN,2000,D,23536.1,1353598.9,0.0173877948630129
CAN,2000,E,4299.1,1353598.9,0.0031760516353847
CAN,2000,F,78101.3,1353598.9,0.0576989978345874
CAN,2000,G,114921.7,1353598.9,0.0849008520914135
CAN,2000,H49,31662.3,1353598.9,0.0233911980868187
CAN,2000,H50,1863.1,1353598.9,0.0013764047828348
CAN,2000,H51,9525.9,1353598.9,0.007037461392736
CAN,2000,H52,8766.5,1353598.9,0.0064764384781932
CAN,2000,H53,5954.2,1353598.9,0.004398791990744
CAN,2000,I,31388.2,1353598.9,0.0231887008773426
CAN,2000,J58T60,16381.1,1353598.9,0.0121018863121121
CAN,2000,J61,21053.6,1353598.9,0.0155537951456668
CAN,2000,J62_63,15693.5,1353598.9,0.0115939071758997
CAN,2000,K,87107.0,1353598.9,0.0643521504043775
CAN,2000,L,101237.0,1353598.9,0.07479098867471
CAN,2000,M,43545.7,1353598.9,0.0321703127861584
CAN,2000,N,31947.8,1353598.9,0.0236021172889546
CAN,2000,O,79517.7,1353598.9,0.0587453934839929
CAN,2000,P,43644.8,1353598.9,0.0322435250205951
CAN,2000,Q,63003.9,1353598.9,0.0465454722222365
CAN,2000,R,10713.3,1353598.9,0.0079146784176612
CAN,2000,S,12812.9,1353598.9,0.0094658026096209
CAN,2000,T,1042.1,1353598.9,0.000769873557078
CAN,2000,HFCE,376813.815947519,1353598.9,0.2783792273675156
CAN,2001,A01_02,33907.0,1338056.4,0.0253404863950428
CAN,2001,A03,2719.0,1338056.4,0.0020320518626868
CAN,2001,B05_06,45340.2,1338056.4,0.0338851187438735
CAN,2001,B07_08,8860.3,1338056.4,0.0066217687087031
CAN,2001,B09,6738.8,1338056.4,0.0050362600560036
CAN,2001,C10T12,50499.7,1338056.4,0.0377410847554706
CAN,2001,C13T15,11103.3,1338056.4,0.0082980807087055
CAN,2001,C16,20381.8,1338056.4,0.0152323922967671
CAN,2001,C17_18,32721.2,1338056.4,0.0244542756194731
CAN,2001,C19,21999.5,1338056.4,0.0164413846830372
CAN,2001,C20,22491.9,1338056.4,0.0168093811292259
CAN,2001,C21,6976.8,1338056.4,0.0052141299873458
CAN,2001,C22,15774.0,1338056.4,0.0117887407436637
CAN,2001,C23,9383.2,1338056.4,0.0070125594107991
CAN,2001,C24,25420.2,1338056.4,0.0189978539021225
CAN,2001,C25,21469.1,1338056.4,0.016044988836046
CAN,2001,C26,18047.6,1338056.4,0.0134879217348386
CAN,2001,C27,8533.9,1338056.4,0.0063778328028624
CAN,2001,C28,18763.1,1338056.4,0.0140226525578443
CAN,2001,C29,69004.5,1338056.4,0.051570696123123
CAN,2001,C30,15150.4,1338056.4,0.011322691629441
CAN,2001,C31T33,20482.8,1338056.4,0.0153078749146896
CAN,2001,D,21937.2,1338056.4,0.0163948246127741
CAN,2001,E,4373.0,1338056.4,0.0032681731502498
CAN,2001,F,82901.5,1338056.4,0.0619566559376719
CAN,2001,G,118051.6,1338056.4,0.0882261764152841
CAN,2001,H49,32394.3,1338056.4,0.024209966037306
CAN,2001,H50,1873.5,1338056.4,0.0014001651948303
CAN,2001,H51,8494.9,1338056.4,0.0063486860494071
CAN,2001,H52,9180.6,1338056.4,0.0068611457633624
CAN,2001,H53,5997.1,1338056.4,0.0044819485934972
CAN,2001,I,31546.4,1338056.4,0.0235762857230831
CAN,2001,J58T60,16841.8,1338056.4,0.012586763906215
CAN,2001,J61,21645.7,1338056.4,0.0161769713145126
CAN,2001,J62_63,16134.9,1338056.4,0.0120584603160225
CAN,2001,K,87513.7,1338056.4,0.0654035958424473
CAN,2001,L,101657.3,1338056.4,0.0759738528211516
CAN,2001,M,43191.5,1338056.4,0.0322792820990206
CAN,2001,N,33206.4,1338056.4,0.0248168911265623
CAN,2001,O,79821.1,1338056.4,0.0596545108263
CAN,2001,P,44382.5,1338056.4,0.0331693791083843
CAN,2001,Q,65214.1,1338056.4,0.0487379306283352
CAN,2001,R,11072.8,1338056.4,0.0082752864527982
CAN,2001,S,13817.1,1338056.4,0.0103262463375983
CAN,2001,T,1039.1,1338056.4,0.0007765741414188
CAN,2001,HFCE,373883.8912481112,1338056.4,0.2794231179254561
CAN,2002,A01_02,33720.8,1371804.0,0.0245813541876244
CAN,2002,A03,2753.3,1371804.0,0.0020070651492487
CAN,2002,B05_06,41107.5,1371804.0,0.0299660155532423
CAN,2002,B07_08,8786.8,1371804.0,0.0064052882190167
CAN,2002,B09,6350.4,1371804.0,0.0046292327475353
CAN,2002,C10T12,51138.5,1371804.0,0.0372782846529095
CAN,2002,C13T15,10770.0,1371804.0,0.007850975795376
CAN,2002,C16,21498.0,1371804.0,0.0156713349720514
CAN,2002,C17_18,30822.0,1371804.0,0.0224682243235914
CAN,2002,C19,21568.7,1371804.0,0.0157228729468641
CAN,2002,C20,22372.7,1371804.0,0.0163089625048476
CAN,2002,C21,7880.4,1371804.0,0.0057445524287726
CAN,2002,C22,16661.4,1371804.0,0.0121456126385402
CAN,2002,C23,9844.2,1371804.0,0.0071760980431606
CAN,2002,C24,28490.3,1371804.0,0.020768491708728
CAN,2002,C25,21958.5,1371804.0,0.0160070243270904
CAN,2002,C26,14734.9,1371804.0,0.0107412574974267
CAN,2002,C27,6960.4,1371804.0,0.0050739026858064
CAN,2002,C28,18591.4,1371804.0,0.0135525191645453
CAN,2002,C29,70753.5,1371804.0,0.051576974553216
CAN,2002,C30,19550.5,1371804.0,0.0142516715215876
CAN,2002,C31T33,21475.8,1371804.0,0.0156551519021667
CAN,2002,D,22872.8,1371804.0,0.0166735189575187
CAN,2002,E,4874.1,1371804.0,0.0035530586002081
CAN,2002,F,87112.8,1371804.0,0.0635023662272453
CAN,2002,G,122133.2,1371804.0,0.0890310860735207
CAN,2002,H49,32075.8,1371804.0,0.0233822032885164
CAN,2002,H50,2003.3,1371804.0,0.0014603398153088
CAN,2002,H51,8211.1,1371804.0,0.0059856218526844
CAN,2002,H52,9873.7,1371804.0,0.0071976025729623
CAN,2002,H53,6156.0,1371804.0,0.0044875215409781
CAN,2002,I,32573.4,1371804.0,0.0237449373234077
CAN,2002,J58T60,17394.6,1371804.0,0.0126800913249997
CAN,2002,J61,22356.1,1371804.0,0.0162968616507897
CAN,2002,J62_63,16664.5,1371804.0,0.0121478724365871
CAN,2002,K,90196.8,1371804.0,0.0657505008004059
CAN,2002,L,105108.3,1371804.0,0.0766204938897976
CAN,2002,M,43469.8,1371804.0,0.0316880545617304
CAN,2002,N,35083.7,1371804.0,0.0255748634644599
CAN,2002,O,83715.8,1371804.0,0.0610260649480538
CAN,2002,P,46166.1,1371804.0,0.0336535685855996
CAN,2002,Q,68477.9,1371804.0,0.0499181369933314
CAN,2002,R,11889.6,1371804.0,0.0086671273738814
CAN,2002,S,14540.0,1371804.0,0.0105991818073135
CAN,2002,T,1064.6,1371804.0,0.0007760583873497
CAN,2002,HFCE,384846.191103416,1371804.0,0.2805402164619843
CAN,2003,A01_02,38231.1,1595333.5,0.0239643309690418
CAN,2003,A03,3246.2,1595333.5,0.0020348096495184
CAN,2003,B05_06,61293.2,1595333.5,0.0384203052214474
CAN,2003,B07_08,10513.1,1595333.5,0.0065899073767334
CAN,2003,B09,7911.2,1595333.5,0.0049589631258918
CAN,2003,C10T12,58929.5,1595333.5,0.0369386714439331
CAN,2003,C13T15,11272.1,1595333.5,0.0070656699680662
CAN,2003,C16,23574.5,1595333.5,0.0147771610136689
CAN,2003,C17_18,34258.1,1595333.5,0.0214739425957017
CAN,2003,C19,27278.9,1595333.5,0.017099183336901
CAN,2003,C20,26439.6,1595333.5,0.0165730864424272
CAN,2003,C21,9316.4,1595333.5,0.0058397820894502
CAN,2003,C22,19077.3,1595333.5,0.0119581893064992
CAN,2003,C23,11539.6,1595333.5,0.0072333465071723
CAN,2003,C24,31063.8,1595333.5,0.0194716653289108
CAN,2003,C25,24485.0,1595333.5,0.0153478880748131
CAN,2003,C26,15944.9,1595333.5,0.0099947127042715
CAN,2003,C27,7222.1,1595333.5,0.0045270158245909
CAN,2003,C28,20916.4,1595333.5,0.0131109890189104
CAN,2003,C29,75050.8,1595333.5,0.0470439566397872
CAN,2003,C30,14232.9,1595333.5,0.0089215828539925
CAN,2003,C31T33,23778.3,1595333.5,0.0149049085974813
CAN,2003,D,26930.1,1595333.5,0.0168805456664703
CAN,2003,E,5512.3,1595333.5,0.0034552649963158
CAN,2003,F,104872.2,1595333.5,0.0657368506334255
CAN,2003,G,144782.3,1595333.5,0.0907536261226884
CAN,2003,H49,36556.2,1595333.5,0.0229144564443735
CAN,2003,H50,2434.9,1595333.5,0.0015262639441847
CAN,2003,H51,8488.3,1595333.5,0.0053207056706325
CAN,2003,H52,11822.4,1595333.5,0.007410613517487
CAN,2003,H53,7130.6,1595333.5,0.0044696610457938
CAN,2003,I,36297.9,1595333.5,0.0227525467245563
CAN,2003,J58T60,20332.4,1595333.5,0.0127449213597031
CAN,2003,J61,26131.9,1595333.5,0.0163802114103414
CAN,2003,J62_63,19479.0,1595333.5,0.0122099861878409
CAN,2003,K,106910.9,1595333.5,0.0670147652512781
CAN,2003,L,122395.0,1595333.5,0.0767206355285587
CAN,2003,M,51035.5,1595333.5,0.0319904897627988
CAN,2003,N,41077.1,1595333.5,0.0257482839794939
CAN,2003,O,99340.6,1595333.5,0.0622694878531667
CAN,2003,P,54188.0,1595333.5,0.0339665656115163
CAN,2003,Q,81615.6,1595333.5,0.0511589582993148
CAN,2003,R,13949.5,1595333.5,0.0087439397467676
CAN,2003,S,17219.9,1595333.5,0.0107939186383286
CAN,2003,T,1255.9,1595333.5,0.0007872335157507
CAN,2003,HFCE,453094.0589246081,1595333.5,0.2840121259439535
CAN,2004,A01_02,43596.5,1835183.4,0.0237559363276716
CAN,2004,A03,3468.1,1835183.4,0.0018897838766414
CAN,2004,B05_06,75185.2,1835183.4,0.0409687663914135
CAN,2004,B07_08,14183.8,1835183.4,0.0077288188199609
CAN,2004,B09,10038.4,1835183.4,0.0054699710121615
CAN,2004,C10T12,64571.0,1835183.4,0.0351850392718242
CAN,2004,C13T15,10901.3,1835183.4,0.0059401692495692
CAN,2004,C16,28698.4,1835183.4,0.0156378921038627
CAN,2004,C17_18,36786.0,1835183.4,0.0200448630910676
CAN,2004,C19,35321.2,1835183.4,0.0192466867344157
CAN,2004,C20,31432.0,1835183.4,0.0171274435023769
CAN,2004,C21,9968.5,1835183.4,0.0054318821759176
CAN,2004,C22,21078.1,1835183.4,0.0114855550676842
CAN,2004,C23,12967.9,1835183.4,0.0070662692349985
CAN,2004,C24,38788.6,1835183.4,0.02113608917779
CAN,2004,C25,27660.4,1835183.4,0.0150722810592118
CAN,2004,C26,17378.5,1835183.4,0.0094696257605643
CAN,2004,C27,7998.2,1835183.4,0.0043582565099488
CAN,2004,C28,23273.2,1835183.4,0.0126816753028607
CAN,2004,C29,82988.4,1835183.4,0.04522076649124
CAN,2004,C30,16600.5,1835183.4,0.0090456899294097
CAN,2004,C31T33,25561.8,1835183.4,0.0139287441244292
CAN,2004,D,29460.0,1835183.4,0.0160528914984736
CAN,2004,E,6318.0,1835183.4,0.0034427076879618
CAN,2004,F,127424.3,1835183.4,0.069434095796638
CAN,2004,G,164480.2,1835183.4,0.0896260286574083
CAN,2004,H49,46294.8,1835183.4,0.0252262525914303
CAN,2004,H50,2708.9,1835183.4,0.001476092253232
CAN,2004,H51,10029.9,1835183.4,0.0054653393224895
CAN,2004,H52,13966.6,1835183.4,0.0076104655262247
CAN,2004,H53,8036.9,1835183.4,0.004379344320573
CAN,2004,I,41269.3,1835183.4,0.0224878341859456
CAN,2004,J58T60,23472.4,1835183.4,0.0127902203125856
CAN,2004,J61,30167.4,1835183.4,0.0164383570601172
CAN,2004,J62_63,22487.1,1835183.4,0.0122533257439011
CAN,2004,K,123933.2,1835183.4,0.0675317791126489
CAN,2004,L,138401.6,1835183.4,0.0754156778009217
CAN,2004,M,58163.4,1835183.4,0.0316935081256728
CAN,2004,N,48073.0,1835183.4,0.0261952020708121
CAN,2004,O,110658.5,1835183.4,0.0602983331257246
CAN,2004,P,61172.2,1835183.4,0.0333330172886263
CAN,2004,Q,92993.4,1835183.4,0.0506725376875139
CAN,2004,R,16191.4,1835183.4,0.0088227694300199
CAN,2004,S,19597.0,1835183.4,0.0106784967649554
CAN,2004,T,1437.9,1835183.4,0.0007835184211016
CAN,2004,HFCE,519448.176417725,1835183.4,0.2830497357472419
CAN,2005,A01_02,46719.1,2093185.4,0.0223196187017165
CAN,2005,A03,3454.4,2093185.4,0.001650307708051
CAN,2005,B05_06,104167.1,2093185.4,0.0497648703263456
CAN,2005,B07_08,17682.3,2093185.4,0.0084475555772556
CAN,2005,B09,12535.4,2093185.4,0.0059886716198192
CAN,2005,C10T12,69664.2,2093185.4,0.0332814283913885
CAN,2005,C13T15,10382.1,2093185.4,0.0049599524246633
CAN,2005,C16,29581.8,2093185.4,0.0141324318428745
CAN,2005,C17_18,38153.4,2093185.4,0.0182274346075603
CAN,2005,C19,45948.9,2093185.4,0.0219516627624098
CAN,2005,C20,35567.3,2093185.4,0.0169919492081303
CAN,2005,C21,9747.2,2093185.4,0.0046566348112307
CAN,2005,C22,23637.4,2093185.4,0.0112925496231724
CAN,2005,C23,14634.1,2093185.4,0.0069913061690569
CAN,2005,C24,43426.8,2093185.4,0.0207467527721146
CAN,2005,C25,30935.0,2093185.4,0.0147789106497685
CAN,2005,C26,17160.6,2093185.4,0.0081983182187301
CAN,2005,C27,8741.9,2093185.4,0.0041763620174304
CAN,2005,C28,26570.1,2093185.4,0.012693619972698
CAN,2005,C29,89750.7,2093185.4,0.0428775683224238
CAN,2005,C30,18516.1,2093185.4,0.0088458958293899
CAN,2005,C31T33,27348.2,2093185.4,0.0130653500640698
CAN,2005,D,34672.9,2093185.4,0.0165646578654714
CAN,2005,E,7331.2,2093185.4,0.0035024131163918
CAN,2005,F,152489.3,2093185.4,0.0728503552528122
CAN,2005,G,189534.4,2093185.4,0.0905483097674959
CAN,2005,H49,52956.4,2093185.4,0.0252994311922871
CAN,2005,H50,3212.4,2093185.4,0.0015346944422601
CAN,2005,H51,11666.8,2093185.4,0.0055737059889678
CAN,2005,H52,15830.0,2093185.4,0.0075626363531868
CAN,2005,H53,9090.1,2093185.4,0.0043427113527545
CAN,2005,I,46502.1,2093185.4,0.0222159489551188
CAN,2005,J58T60,26467.5,2093185.4,0.0126446037699288
CAN,2005,J61,34016.8,2093185.4,0.0162512121477629
CAN,2005,J62_63,25356.5,2093185.4,0.0121138337769793
CAN,2005,K,140317.7,2093185.4,0.0670354857242937
CAN,2005,L,155832.3,2093185.4,0.0744474426393381
CAN,2005,M,66342.5,2093185.4,0.0316945168832154
CAN,2005,N,55154.1,2093185.4,0.0263493620775302
CAN,2005,O,125524.7,2093185.4,0.0599682665472442
CAN,2005,P,69580.3,2093185.4,0.0332413459409758
CAN,2005,Q,105595.9,2093185.4,0.0504474663352801
CAN,2005,R,17321.8,2093185.4,0.0082753300304884
CAN,2005,S,22425.2,2093185.4,0.0107134322645285
CAN,2005,T,1640.4,2093185.4,0.0007836859553864
CAN,2005,HFCE,593528.5726338011,2093185.4,0.2835527959605495
CAN,2006,A01_02,49180.3,2348908.7,0.0209375102574229
CAN,2006,A03,3307.8,2348908.7,0.001408228425396
CAN,2006,B05_06,111108.6,2348908.7,0.0473022216657463
CAN,2006,B07_08,23451.4,2348908.7,0.0099839555279436
CAN,2006,B09,16302.4,2348908.7,0.0069404144997206
CAN,2006,C10T12,75956.9,2348908.7,0.0323371019060894
CAN,2006,C13T15,10011.3,2348908.7,0.0042621069094767
CAN,2006,C16,29125.0,2348908.7,0.0123993750800105
CAN,2006,C17_18,38645.6,2348908.7,0.01645257646668
CAN,2006,C19,51232.6,2348908.7,0.021811235149327
CAN,2006,C20,37612.6,2348908.7,0.0160127977728551
CAN,2006,C21,11651.5,2348908.7,0.0049603886264289
CAN,2006,C22,24369.5,2348908.7,0.0103748178888349
CAN,2006,C23,16293.6,2348908.7,0.0069366680790956
CAN,2006,C24,56117.9,2348908.7,0.0238910520447218
CAN,2006,C25,33172.7,2348908.7,0.0141226008486409
CAN,2006,C26,18181.2,2348908.7,0.0077402753031652
CAN,2006,C27,9761.4,2348908.7,0.0041557170783181
CAN,2006,C28,29290.0,2348908.7,0.0124696204667299
CAN,2006,C29,88558.7,2348908.7,0.0377020613870602
CAN,2006,C30,19830.9,2348908.7,0.008442601451474
CAN,2006,C31T33,29437.7,2348908.7,0.0125325007310841
CAN,2006,D,36482.7,2348908.7,0.0155317658791931
CAN,2006,E,8328.4,2348908.7,0.0035456465379007
CAN,2006,F,183375.6,2348908.7,0.0780684238599822
CAN,2006,G,218047.7,2348908.7,0.0928293636955748
CAN,2006,H49,61380.8,2348908.7,0.0261316244432999
CAN,2006,H50,3751.9,2348908.7,0.0015972949480752
CAN,2006,H51,13470.0,2348908.7,0.0057345779339997
CAN,2006,H52,18213.8,2348908.7,0.0077541540886625
CAN,2006,H53,10081.0,2348908.7,0.0042917802637454
CAN,2006,I,51617.7,2348908.7,0.0219751836246338
CAN,2006,J58T60,29309.2,2348908.7,0.0124777944753663
CAN,2006,J61,37669.1,2348908.7,0.0160368514961862
CAN,2006,J62_63,28079.0,2348908.7,0.0119540619011713
CAN,2006,K,162539.0,2348908.7,0.0691976661332132
CAN,2006,L,175362.8,2348908.7,0.0746571375890429
CAN,2006,M,77322.2,2348908.7,0.0329183505514709
CAN,2006,N,62713.3,2348908.7,0.0266989091572609
CAN,2006,O,141973.7,2348908.7,0.0604424088513955
CAN,2006,P,79654.9,2348908.7,0.0339114500278363
CAN,2006,Q,119975.4,2348908.7,0.0510770810291604
CAN,2006,R,19806.5,2348908.7,0.0084322136488319
CAN,2006,S,25307.2,2348908.7,0.0107740245502092
CAN,2006,T,1847.2,2348908.7,0.0007864077475637
CAN,2006,HFCE,667472.3638302191,2348908.7,0.2841627534651385
CAN,2007,A01_02,55795.2,2603774.5,0.0214285837732875
CAN,2007,A03,3556.1,2603774.5,0.0013657480707334
CAN,2007,B05_06,117213.3,2603774.5,0.0450166863528312
CAN,2007,B07_08,28727.6,2603774.5,0.011033059890555
CAN,2007,B09,16569.3,2603774.5,0.0063635695026585
CAN,2007,C10T12,81792.2,2603774.5,0.0314129353367582
CAN,2007,C13T15,9269.3,2603774.5,0.0035599472995837
CAN,2007,C16,26395.2,2603774.5,0.0101372833937808
CAN,2007,C17_18,40632.3,2603774.5,0.0156051532112323
CAN,2007,C19,60180.8,2603774.5,0.0231129078190142
CAN,2007,C20,39678.6,2603774.5,0.0152388772530032
CAN,2007,C21,10782.2,2603774.5,0.004140988399725
CAN,2007,C22,25021.2,2603774.5,0.0096095879270651
CAN,2007,C23,18283.9,2603774.5,0.0070220750683286
CAN,2007,C24,60848.3,2603774.5,0.0233692664245694
CAN,2007,C25,36241.4,2603774.5,0.0139187936589746
CAN,2007,C26,18723.6,2603774.5,0.0071909452988344
CAN,2007,C27,10510.6,2603774.5,0.0040366782914572
CAN,2007,C28,31980.4,2603774.5,0.0122823232196182
CAN,2007,C29,88437.6,2603774.5,0.0339651532803628
CAN,2007,C30,22042.9,2603774.5,0.0084657484739941
CAN,2007,C31T33,31309.5,2603774.5,0.0120246588174206
CAN,2007,D,41264.1,2603774.5,0.0158478009520409
CAN,2007,E,9705.0,2603774.5,0.0037272812987453
CAN,2007,F,213101.0,2603774.5,0.0818431089174581
CAN,2007,G,244699.7,2603774.5,0.0939788372610608
CAN,2007,H49,65896.9,2603774.5,0.025308220815589
CAN,2007,H50,4316.0,2603774.5,0.0016575936203384
CAN,2007,H51,15152.6,2603774.5,0.005819474766344
CAN,2007,H52,20712.8,2603774.5,0.0079549131462805
CAN,2007,H53,11229.8,2603774.5,0.0043128926871355
CAN,2007,I,57565.9,2603774.5,0.0221086349835594
CAN,2007,J58T60,33462.2,2603774.5,0.0128514201210588
CAN,2007,J61,43006.7,2603774.5,0.0165170601371201
CAN,2007,J62_63,32057.6,2603774.5,0.0123119724845603
CAN,2007,K,184343.2,2603774.5,0.0707984504802547
CAN,2007,L,197481.8,2603774.5,0.0758444327648189
CAN,2007,M,89087.1,2603774.5,0.0342145988448692
CAN,2007,N,70141.8,2603774.5,0.0269385079237852
CAN,2007,O,159372.5,2603774.5,0.0612082574739095
CAN,2007,P,86749.1,2603774.5,0.0333166716242132
CAN,2007,Q,137678.6,2603774.5,0.0528765451846924
CAN,2007,R,21953.7,2603774.5,0.0084314905150196
CAN,2007,S,28588.1,2603774.5,0.0109794838224277
CAN,2007,T,2216.8,2603774.5,0.0008513794109282
CAN,2007,HFCE,743141.4258304675,2603774.5,0.2854092878743791
CAN,2008,A01_02,64198.4,2751453.9,0.0233325370270604
CAN,2008,A03,3429.3,2751453.9,0.0012463592430169
CAN,2008,B05_06,156190.8,2751453.9,0.0567666425376053
CAN,2008,B07_08,30205.3,2751453.9,0.010977941516665
CAN,2008,B09,19468.1,2751453.9,0.007075568302271
CAN,2008,C10T12,84999.7,2751453.9,0.0308926491554156
CAN,2008,C13T15,7470.9,2751453.9,0.0027152553782565
CAN,2008,C16,22370.8,2751453.9,0.0081305378222037
CAN,2008,C17_18,38841.3,2751453.9,0.0141166457486349
CAN,2008,C19,74387.1,2751453.9,0.027035561090084
CAN,2008,C20,41348.7,2751453.9,0.0150279457707795
CAN,2008,C21,10363.8,2751453.9,0.0037666631448922
CAN,2008,C22,23599.1,2751453.9,0.0085769563502408
CAN,2008,C23,19374.9,2751453.9,0.0070416953015276
CAN,2008,C24,63166.8,2751453.9,0.0229576079759141
CAN,2008,C25,34653.4,2751453.9,0.0125945777248893
CAN,2008,C26,17559.2,2751453.9,0.006381789642196
CAN,2008,C27,10646.7,2751453.9,0.0038694815130284
CAN,2008,C28,32301.9,2751453.9,0.0117399386557049
CAN,2008,C29,68332.9,2751453.9,0.0248351971297792
CAN,2008,C30,24369.2,2751453.9,0.0088568447394303
CAN,2008,C31T33,30961.4,2751453.9,0.0112527416868587
CAN,2008,D,43345.4,2751453.9,0.0157536348328423
CAN,2008,E,9936.3,2751453.9,0.0036112907434138
CAN,2008,F,234666.3,2751453.9,0.0852881089521434
CAN,2008,G,252442.7,2751453.9,0.0917488386776169
CAN,2008,H49,69520.4,2751453.9,0.0252667871338858
CAN,2008,H50,4541.2,2751453.9,0.0016504728645462
CAN,2008,H51,16433.9,2751453.9,0.0059728058681993
CAN,2008,H52,22750.4,2751453.9,0.0082685012458322
CAN,2008,H53,11818.0,2751453.9,0.0042951837208684
CAN,2008,I,60640.6,2751453.9,0.0220394752025465
CAN,2008,J58T60,34061.7,2751453.9,0.0123795277834747
CAN,2008,J61,45407.8,2751453.9,0.0165032021797639
CAN,2008,J62_63,34495.8,2751453.9,0.0125372989167654
CAN,2008,K,185842.9,2751453.9,0.0675435267150941
CAN,2008,L,206417.0,2751453.9,0.075021064318032
CAN,2008,M,96452.9,2751453.9,0.0350552484270225
CAN,2008,N,72718.1,2751453.9,0.0264289726969439
CAN,2008,O,173709.6,2751453.9,0.0631337490335564
CAN,2008,P,92675.2,2751453.9,0.0336822652198534
CAN,2008,Q,148529.1,2751453.9,0.0539820420033205
CAN,2008,R,23132.0,2751453.9,0.0084071915578887
CAN,2008,S,31212.2,2751453.9,0.011343893495726
CAN,2008,T,2464.7,2751453.9,0.0008957809542075
CAN,2008,HFCE,785726.7758475905,2751453.9,0.2855678504544781
CAN,2009,A01_02,54051.1,2394309.3,0.0225748193852815
CAN,2009,A03,3147.2,2394309.3,0.0013144500587288
CAN,2009,B05_06,89086.4,2394309.3,0.0372075571021672
CAN,2009,B07_08,20511.0,2394309.3,0.0085665623902475
CAN,2009,B09,16072.8,2394309.3,0.0067129171657145
CAN,2009,C10T12,80134.2,2394309.3,0.0334686082537456
CAN,2009,C13T15,5941.9,2394309.3,0.002481676030745
CAN,2009,C16,17014.6,2394309.3,0.0071062665128519
CAN,2009,C17_18,31223.3,2394309.3,0.0130406292954715
CAN,2009,C19,49509.1,2394309.3,0.0206778213658527
CAN,2009,C20,29711.3,2394309.3,0.0124091319362957
CAN,2009,C21,10400.6,2394309.3,0.0043438832234415
CAN,2009,C22,18680.8,2394309.3,0.007802166578896
CAN,2009,C23,16456.2,2394309.3,0.0068730468532198
CAN,2009,C24,41674.9,2394309.3,0.0174058130250757
CAN,2009,C25,27094.8,2394309.3,0.0113163324387538
CAN,2009,C26,15106.8,2394309.3,0.0063094605195744
CAN,2009,C27,9026.0,2394309.3,0.0037697719338098
CAN,2009,C28,25973.5,2394309.3,0.0108480136630634
CAN,2009,C29,48319.4,2394309.3,0.0201809348524854
CAN,2009,C30,20371.5,2394309.3,0.0085082992410379
CAN,2009,C31T33,26675.5,2394309.3,0.0111412088655379
CAN,2009,D,39277.3,2394309.3,0.0164044386412398
CAN,2009,E,9377.9,2394309.3,0.0039167454263323
CAN,2009,F,202721.7,2394309.3,0.0846681337285872
CAN,2009,G,226701.7,2394309.3,0.0946835481948802
CAN,2009,H49,58607.6,2394309.3,0.0244778734309723
CAN,2009,H50,4027.4,2394309.3,0.0016820717356775
CAN,2009,H51,13613.8,2394309.3,0.0056858986430867
CAN,2009,H52,21178.0,2394309.3,0.0088451395982966
CAN,2009,H53,11195.8,2394309.3,0.0046760040567858
CAN,2009,I,56444.8,2394309.3,0.0235745649068815
CAN,2009,J58T60,30513.8,2394309.3,0.0127443016656202
CAN,2009,J61,43606.0,2394309.3,0.0182123504260706
CAN,2009,J62_63,34141.6,2394309.3,0.0142594776706585
CAN,2009,K,166866.5,2394309.3,0.0696929590508628
CAN,2009,L,202215.4,2394309.3,0.0844566739977997
CAN,2009,M,87319.7,2394309.3,0.0364696825092731
CAN,2009,N,66958.6,2394309.3,0.0279657269008644
CAN,2009,O,172255.5,2394309.3,0.0719437125353854
CAN,2009,P,90595.1,2394309.3,0.0378376761932971
CAN,2009,Q,146660.1,2394309.3,0.0612536149778142
CAN,2009,R,21811.8,2394309.3,0.0091098505944908
CAN,2009,S,29632.5,2394309.3,0.0123762205659895
CAN,2009,T,2403.8,2394309.3,0.001003963857134
CAN,2009,HFCE,695486.511750477,2394309.3,0.2904747986195756
CAN,2010,A01_02,60869.2,2838948.7,0.0214407537550784
CAN,2010,A03,3858.0,2838948.7,0.0013589537563676
CAN,2010,B05_06,116679.9,2838948.7,0.0410996859506478
CAN,2010,B07_08,30541.9,2838948.7,0.0107581725587362
CAN,2010,B09,22355.8,2838948.7,0.0078746755797313
CAN,2010,C10T12,90857.0,2838948.7,0.0320037484298324
CAN,2010,C13T15,6374.2,2838948.7,0.0022452677640846
CAN,2010,C16,20696.0,2838948.7,0.0072900225354547
CAN,2010,C17_18,35910.1,2838948.7,0.0126490837964067
CAN,2010,C19,63902.4,2838948.7,0.0225091774289546
CAN,2010,C20,36740.2,2838948.7,0.0129414807671586
CAN,2010,C21,11393.9,2838948.7,0.0040134222925549
CAN,2010,C22,22268.6,2838948.7,0.0078439599842011
CAN,2010,C23,18976.1,2838948.7,0.006684199682791
CAN,2010,C24,58449.9,2838948.7,0.0205885721006512
CAN,2010,C25,29707.0,2838948.7,0.0104640848212579
CAN,2010,C26,16761.3,2838948.7,0.005904051735771
CAN,2010,C27,9676.7,2838948.7,0.0034085504961748
CAN,2010,C28,28469.4,2838948.7,0.0100281488002935
CAN,2010,C29,66253.8,2838948.7,0.0233374417790642
CAN,2010,C30,21604.9,2838948.7,0.0076101762599655
CAN,2010,C31T33,30293.4,2838948.7,0.0106706401563367
CAN,2010,D,43622.0,2838948.7,0.0153655471125631
CAN,2010,E,11127.8,2838948.7,0.0039196904121585
CAN,2010,F,256518.0,2838948.7,0.0903566873187951
CAN,2010,G,264805.9,2838948.7,0.0932760426421231
CAN,2010,H49,68852.1,2838948.7,0.0242526749426645
CAN,2010,H50,4836.9,2838948.7,0.0017037644956388
CAN,2010,H51,16961.9,2838948.7,0.005974711695213
CAN,2010,H52,25231.5,2838948.7,0.0088876209703965
CAN,2010,H53,12649.2,2838948.7,0.004455593015823
CAN,2010,I,65160.8,2838948.7,0.0229524401057335
CAN,2010,J58T60,34389.6,2838948.7,0.0121134982115034
CAN,2010,J61,50170.1,2838948.7,0.017672069946174
CAN,2010,J62_63,38653.4,2838948.7,0.0136153922048679
CAN,2010,K,198289.1,2838948.7,0.0698459609361733
CAN,2010,L,233378.3,2838948.7,0.0822058883980538
CAN,2010,M,101894.9,2838948.7,0.0358917721901772
CAN,2010,N,77549.5,2838948.7,0.0273162738023409
CAN,2010,O,199623.7,2838948.7,0.0703160645347342
CAN,2010,P,103407.7,2838948.7,0.0364246455034569
CAN,2010,Q,169256.2,2838948.7,0.0596193231670582
CAN,2010,R,24026.2,2838948.7,0.0084630624005287
CAN,2010,S,33146.3,2838948.7,0.0116755544050514
CAN,2010,T,2757.9,2838948.7,0.000971451157254
CAN,2010,HFCE,818284.3055327736,2838948.7,0.2882349742821254
CAN,2011,A01_02,72370.7,3155528.6,0.0229345726734975
CAN,2011,A03,4099.3,3155528.6,0.0012990850407757
CAN,2011,B05_06,143277.0,3155528.6,0.0454050709602188
CAN,2011,B07_08,39977.8,3155528.6,0.0126691293496753
CAN,2011,B09,29226.0,3155528.6,0.0092618396803629
CAN,2011,C10T12,98674.7,3155528.6,0.0312704185282934
CAN,2011,C13T15,6522.8,3155528.6,0.0020671021647529
CAN,2011,C16,21181.7,3155528.6,0.006712567903837
CAN,2011,C17_18,36603.5,3155528.6,0.0115997997926559
CAN,2011,C19,77782.8,3155528.6,0.0246496894371358
CAN,2011,C20,42566.5,3155528.6,0.0134894990335375
CAN,2011,C21,10600.2,3155528.6,0.0033592470053987
CAN,2011,C22,24482.9,3155528.6,0.0077587317700115
CAN,2011,C23,20715.1,3155528.6,0.0065647004435326
CAN,2011,C24,72311.3,3155528.6,0.0229157485690353
CAN,2011,C25,33500.0,3155528.6,0.010616287870121
CAN,2011,C26,17044.4,3155528.6,0.0054014405066713
CAN,2011,C27,10900.6,3155528.6,0.0034544450017027
CAN,2011,C28,35864.8,3155528.6,0.0113657027225169
CAN,2011,C29,72340.9,3155528.6,0.0229251289308548
CAN,2011,C30,24268.7,3155528.6,0.0076908509084658
CAN,2011,C31T33,33728.2,3155528.6,0.010688605389284
CAN,2011,D,48070.9,3155528.6,0.0152338660470388
CAN,2011,E,12554.5,3155528.6,0.0039785727183711
CAN,2011,F,284962.4,3155528.6,0.0903057573301664
CAN,2011,G,288643.3,3155528.6,0.0914722496890061
CAN,2011,H49,76717.5,3155528.6,0.0243120914828659
CAN,2011,H50,5309.4,3155528.6,0.0016825707109737
CAN,2011,H51,19367.0,3155528.6,0.006137482005392
CAN,2011,H52,28210.0,3155528.6,0.0089398650989884
CAN,2011,H53,13181.3,3155528.6,0.0041772082179828
CAN,2011,I,70124.4,3155528.6,0.0222227109587914
CAN,2011,J58T60,36737.5,3155528.6,0.0116422649441364
CAN,2011,J61,53674.5,3155528.6,0.0170096699488003
CAN,2011,J62_63,43344.1,3155528.6,0.0137359236737705
CAN,2011,K,217002.5,3155528.6,0.068768985329431
CAN,2011,L,253211.2,3155528.6,0.0802436713772773
CAN,2011,M,112520.4,3155528.6,0.0356581778406318
CAN,2011,N,84298.0,3155528.6,0.0267143831306108
CAN,2011,O,218428.3,3155528.6,0.0692208272173479
CAN,2011,P,112330.5,3155528.6,0.0355979977490934
CAN,2011,Q,184869.9,3155528.6,0.0585860321468802
CAN,2011,R,25270.6,3155528.6,0.0080083571418113
CAN,2011,S,35697.7,3155528.6,0.0113127480448125
CAN,2011,T,2962.8,3155528.6,0.0009389235134804
CAN,2011,HFCE,888839.6999999998,3155528.6,0.2816769589728959
CAN,2012,A01_02,82204.6,3236830.3,0.0253966357148844
CAN,2012,A03,3181.7,3236830.3,0.0009829678126777
CAN,2012,B05_06,134029.8,3236830.3,0.041407731508198
CAN,2012,B07_08,36368.6,3236830.3,0.0112358686212249
CAN,2012,B09,31461.4,3236830.3,0.0097198175634972
CAN,2012,C10T12,101499.6,3236830.3,0.0313577143664281
CAN,2012,C13T15,6157.2,3236830.3,0.0019022313279753
CAN,2012,C16,22601.3,3236830.3,0.0069825409135597
CAN,2012,C17_18,34663.4,3236830.3,0.0107090569437637
CAN,2012,C19,81302.8,3236830.3,0.0251180298207168
CAN,2012,C20,42392.9,3236830.3,0.0130970412628675
CAN,2012,C21,11354.0,3236830.3,0.003507752630714
CAN,2012,C22,25311.8,3236830.3,0.0078199342115649
CAN,2012,C23,21366.0,3236830.3,0.0066009021232901
CAN,2012,C24,67019.8,3236830.3,0.0207053795807583
CAN,2012,C25,35361.1,3236830.3,0.0109246073234052
CAN,2012,C26,15506.4,3236830.3,0.0047906125940553
CAN,2012,C27,10939.1,3236830.3,0.0033795716754134
CAN,2012,C28,38217.8,3236830.3,0.0118071682658185
CAN,2012,C29,82079.6,3236830.3,0.0253580176878596
CAN,2012,C30,25233.2,3236830.3,0.0077956511961717
CAN,2012,C31T33,34218.0,3236830.3,0.0105714531898691
CAN,2012,D,47776.2,3236830.3,0.0147601806619271
CAN,2012,E,13333.5,3236830.3,0.0041193077066783
CAN,2012,F,309147.0,3236830.3,0.0955091776050168
CAN,2012,G,296095.1,3236830.3,0.0914768685896199
CAN,2012,H49,79373.9,3236830.3,0.0245221073220922
CAN,2012,H50,5529.8,3236830.3,0.0017083997267326
CAN,2012,H51,20378.5,3236830.3,0.0062958197097944
CAN,2012,H52,29799.7,3236830.3,0.0092064449594407
CAN,2012,H53,13097.5,3236830.3,0.0040463968716555
CAN,2012,I,72084.7,3236830.3,0.0222701511413805
CAN,2012,J58T60,37208.2,3236830.3,0.0114952581851448
CAN,2012,J61,54326.7,3236830.3,0.0167839197501333
CAN,2012,J62_63,44545.9,3236830.3,0.0137621981603422
CAN,2012,K,215253.5,3236830.3,0.0665013238414136
CAN,2012,L,261333.2,3236830.3,0.0807373806405606
CAN,2012,M,116653.5,3236830.3,0.0360394241242736
CAN,2012,N,87697.3,3236830.3,0.0270935736111961
CAN,2012,O,220327.2,3236830.3,0.0680688141111383
CAN,2012,P,115215.9,3236830.3,0.0355952859190671
CAN,2012,Q,189859.1,3236830.3,0.0586558708375907
CAN,2012,R,25719.8,3236830.3,0.0079459834517737
CAN,2012,S,36582.1,3236830.3,0.0113018282113832
CAN,2012,T,3021.9,3236830.3,0.0009335985269292
CAN,2012,HFCE,919876.0,3236830.3,0.2841903698195114
CAN,2013,A01_02,82433.7,3261611.7,0.0252739159600144
CAN,2013,A03,3254.3,3261611.7,0.0009977582555274
CAN,2013,B05_06,149424.3,3261611.7,0.0458130255051513
CAN,2013,B07_08,35215.1,3261611.7,0.0107968401020881
CAN,2013,B09,31568.2,3261611.7,0.0096787119079809
CAN,2013,C10T12,99763.3,3261611.7,0.0305871174057905
CAN,2013,C13T15,5834.9,3261611.7,0.0017889621870071
CAN,2013,C16,25591.9,3261611.7,0.0078463969208842
CAN,2013,C17_18,33340.8,3261611.7,0.0102221855532343
CAN,2013,C19,77328.1,3261611.7,0.0237085548840777
CAN,2013,C20,43647.5,3261611.7,0.0133821877079972
CAN,2013,C21,10226.0,3261611.7,0.0031352597858291
CAN,2013,C22,25896.4,3261611.7,0.0079397556735524
CAN,2013,C23,20521.3,3261611.7,0.0062917667360587
CAN,2013,C24,60823.3,3261611.7,0.0186482345522613
CAN,2013,C25,35601.2,3261611.7,0.0109152171608901
CAN,2013,C26,13586.3,3261611.7,0.0041655173115794
CAN,2013,C27,10511.0,3261611.7,0.0032226398991639
CAN,2013,C28,36776.2,3261611.7,0.0112754685053404
CAN,2013,C29,79666.8,3261611.7,0.0244255930281339
CAN,2013,C30,25877.2,3261611.7,0.0079338690132856
CAN,2013,C31T33,33915.5,3261611.7,0.0103983867852816
CAN,2013,D,48451.7,3261611.7,0.0148551404816214
CAN,2013,E,13526.3,3261611.7,0.0041471214982457
CAN,2013,F,313481.3,3261611.7,0.0961123913064206
CAN,2013,G,303123.1,3261611.7,0.0929365994118797
CAN,2013,H49,81683.3,3261611.7,0.0250438456545884
CAN,2013,H50,5336.5,3261611.7,0.0016361542975823
CAN,2013,H51,20056.5,3261611.7,0.0061492605021008
CAN,2013,H52,31319.3,3261611.7,0.0096023999423352
CAN,2013,H53,13190.9,3261611.7,0.0040442889017107
CAN,2013,I,74291.6,3261611.7,0.0227775734309513
CAN,2013,J58T60,36159.9,3261611.7,0.0110865128427151
CAN,2013,J61,53415.3,3261611.7,0.0163769647993352
CAN,2013,J62_63,46994.0,3261611.7,0.0144082141966807
CAN,2013,K,220330.6,3261611.7,0.06755267648813
CAN,2013,L,263589.1,3261611.7,0.0808155980063475
CAN,2013,M,118537.9,3261611.7,0.0363433513560182
CAN,2013,N,87645.6,3261611.7,0.0268718682852407
CAN,2013,O,222369.6,3261611.7,0.0681778275445847
CAN,2013,P,118100.4,3261611.7,0.0362092152171271
CAN,2013,Q,184225.1,3261611.7,0.0564828425161707
CAN,2013,R,25155.3,3261611.7,0.0077125367191931
CAN,2013,S,36805.1,3261611.7,0.0112843291554295
CAN,2013,T,3020.0,3261611.7,0.0009259226044596
CAN,2013,HFCE,928845.5,3261611.7,0.2847811405631148
CAN,2014,A01_02,73945.4,3184423.2,0.0232209713834517
CAN,2014,A03,3425.6,3184423.2,0.0010757364159386
CAN,2014,B05_06,156401.3,3184423.2,0.0491144832759665
CAN,2014,B07_08,32953.6,3184423.2,0.0103483732941023
CAN,2014,B09,30690.5,3184423.2,0.0096376951405202
CAN,2014,C10T12,98438.7,3184423.2,0.0309125684048527
CAN,2014,C13T15,5642.7,3184423.2,0.0017719692533329
CAN,2014,C16,24962.2,3184423.2,0.0078388450379334
CAN,2014,C17_18,32094.7,3184423.2,0.0100786541185857
CAN,2014,C19,68233.4,3184423.2,0.0214272399472532
CAN,2014,C20,40309.4,3184423.2,0.0126583049639884
CAN,2014,C21,11012.8,3184423.2,0.003458334306822
CAN,2014,C22,24973.3,3184423.2,0.0078423307555352
CAN,2014,C23,19651.0,3184423.2,0.006170976269737
CAN,2014,C24,61292.8,3184423.2,0.0192476929573933
CAN,2014,C25,33535.7,3184423.2,0.0105311693496015
CAN,2014,C26,12921.4,3184423.2,0.0040576893171736
CAN,2014,C27,8815.4,3184423.2,0.0027682878330995
CAN,2014,C28,34926.2,3184423.2,0.0109678261356719
CAN,2014,C29,81515.6,3184423.2,0.0255982307879178
CAN,2014,C30,27587.5,3184423.2,0.0086632643550643
CAN,2014,C31T33,31436.1,3184423.2,0.0098718348742089
CAN,2014,D,47424.0,3184423.2,0.014892492932472
CAN,2014,E,13293.5,3184423.2,0.004174539363989
CAN,2014,F,311181.5,3184423.2,0.0977198947677557
CAN,2014,G,293039.8,3184423.2,0.0920228818832873
CAN,2014,H49,83283.2,3184423.2,0.0261533077638675
CAN,2014,H50,5320.3,3184423.2,0.0016707264285726
CAN,2014,H51,20210.0,3184423.2,0.0063465182642809
CAN,2014,H52,31784.3,3184423.2,0.0099811796371788
CAN,2014,H53,12951.8,3184423.2,0.0040672357870021
CAN,2014,I,73831.3,3184423.2,0.0231851407187336
CAN,2014,J58T60,35068.2,3184423.2,0.0110124181986866
CAN,2014,J61,51317.3,3184423.2,0.0161151005306078
CAN,2014,J62_63,47186.7,3184423.2,0.0148179739426593
CAN,2014,K,218586.5,3184423.2,0.0686424153674046
CAN,2014,L,257082.9,3184423.2,0.0807313864564232
CAN,2014,M,115871.6,3184423.2,0.0363869978085827
CAN,2014,N,85787.2,3184423.2,0.0269396354102683
CAN,2014,O,211942.9,3184423.2,0.0665561348755404
CAN,2014,P,113434.9,3184423.2,0.035621804287822
CAN,2014,Q,178392.3,3184423.2,0.0560202864996084
CAN,2014,R,24363.3,3184423.2,0.0076507733017395
CAN,2014,S,35404.2,3184423.2,0.0111179318125806
CAN,2014,T,2900.2,3184423.2,0.0009107457827841
CAN,2014,HFCE,903792.4,3184423.2,0.2838166736129796
CAN,2015,A01_02,68792.3,2752150.9,0.0249958314422366
CAN,2015,A03,3373.8,2752150.9,0.0012258775490835
CAN,2015,B05_06,82237.3,2752150.9,0.0298811013596674
CAN,2015,B07_08,28692.0,2752150.9,0.0104253004440999
CAN,2015,B09,19693.1,2752150.9,0.0071555306069881
CAN,2015,C10T12,88013.7,2752150.9,0.0319799688309242
CAN,2015,C13T15,5198.2,2752150.9,0.0018887772469162
CAN,2015,C16,22712.7,2752150.9,0.0082527088176742
CAN,2015,C17_18,28970.0,2752150.9,0.0105263123471899
CAN,2015,C19,44157.0,2752150.9,0.0160445417436958
CAN,2015,C20,35091.3,2752150.9,0.0127504999816688
CAN,2015,C21,10286.1,2752150.9,0.0037374767495488
CAN,2015,C22,23146.7,2752150.9,0.0084104036591888
CAN,2015,C23,16637.4,2752150.9,0.0060452353829871
CAN,2015,C24,54114.0,2752150.9,0.0196624392942988
CAN,2015,C25,29030.8,2752150.9,0.0105484041590888
CAN,2015,C26,11496.7,2752150.9,0.0041773508858108
CAN,2015,C27,8297.2,2752150.9,0.0030148056198517
CAN,2015,C28,28485.8,2752150.9,0.0103503772267719
CAN,2015,C29,77156.4,2752150.9,0.0280349453222205
CAN,2015,C30,26959.4,2752150.9,0.0097957564754171
CAN,2015,C31T33,28320.0,2752150.9,0.0102901334370873
CAN,2015,D,42961.8,2752150.9,0.0156102632308424
CAN,2015,E,13121.1,2752150.9,0.0047675801497657
CAN,2015,F,260625.5,2752150.9,0.0946988408230086
CAN,2015,G,255710.0,2752150.9,0.0929127832343786
CAN,2015,H49,73930.2,2752150.9,0.0268626985533387
CAN,2015,H50,4632.6,2752150.9,0.0016832652599099
CAN,2015,H51,17786.3,2752150.9,0.0064626906903978
CAN,2015,H52,29923.0,2752150.9,0.0108725869646173
CAN,2015,H53,11051.9,2752150.9,0.0040157318408667
CAN,2015,I,67677.1,2752150.9,0.0245906211029344
CAN,2015,J58T60,30027.2,2752150.9,0.0109104482606676
CAN,2015,J61,45212.6,2752150.9,0.0164280962937025
CAN,2015,J62_63,43656.1,2752150.9,0.015862538642049
CAN,2015,K,196959.1,2752150.9,0.0715655162658413
CAN,2015,L,232618.3,2752150.9,0.084522363944506
CAN,2015,M,102293.4,2752150.9,0.0371685288041436
CAN,2015,N,77584.8,2752150.9,0.0281906053915866
CAN,2015,O,187722.2,2752150.9,0.0682092686124151
CAN,2015,P,101437.9,2752150.9,0.0368576810232316
CAN,2015,Q,159913.5,2752150.9,0.0581049171395362
CAN,2015,R,22442.2,2752150.9,0.0081544220558545
CAN,2015,S,31438.8,2752150.9,0.0114233561829767
CAN,2015,T,2563.4,2752150.9,0.0009314169510109
CAN,2015,HFCE,802982.9000000001,2752150.9,0.2917655786970112
CAN,2016,A01_02,67261.5,2689063.2,0.0250129859350274
CAN,2016,A03,3637.0,2689063.2,0.0013525156270034
CAN,2016,B05_06,69764.5,2689063.2,0.0259437933626848
CAN,2016,B07_08,25405.4,2689063.2,0.0094476767968859
CAN,2016,B09,14474.1,2689063.2,0.0053825808184798
CAN,2016,C10T12,87503.4,2689063.2,0.0325404772933562
CAN,2016,C13T15,5061.8,2689063.2,0.0018823655762348
CAN,2016,C16,23651.0,2689063.2,0.0087952562810721
CAN,2016,C17_18,27870.0,2689063.2,0.0103642041585337
CAN,2016,C19,38503.5,2689063.2,0.0143185552500216
CAN,2016,C20,33625.6,2689063.2,0.0125045778024108
CAN,2016,C21,10014.9,2689063.2,0.0037243081531144
CAN,2016,C22,22585.9,2689063.2,0.0083991703876651
CAN,2016,C23,16221.8,2689063.2,0.0060325097602763
CAN,2016,C24,49672.2,2689063.2,0.0184719347615184
CAN,2016,C25,28000.0,2689063.2,0.0104125481320037
CAN,2016,C26,11061.6,2689063.2,0.0041135515148918
CAN,2016,C27,8386.6,2689063.2,0.0031187812915665
CAN,2016,C28,26718.1,2689063.2,0.0099358393659174
CAN,2016,C29,79606.7,2689063.2,0.0296038784064279
CAN,2016,C30,25528.3,2689063.2,0.0094933804456511
CAN,2016,C31T33,28256.7,2689063.2,0.010508008885771
CAN,2016,D,41702.0,2689063.2,0.0155080029357435
CAN,2016,E,13319.3,2689063.2,0.0049531375833784
CAN,2016,F,241788.3,2689063.2,0.0899154396966199
CAN,2016,G,254101.7,2689063.2,0.0944945064883562
CAN,2016,H49,72776.3,2689063.2,0.0270638116649694
CAN,2016,H50,4161.3,2689063.2,0.0015474905907752
CAN,2016,H51,17519.4,2689063.2,0.0065150569908509
CAN,2016,H52,31046.4,2689063.2,0.0115454333687657
CAN,2016,H53,10714.1,2689063.2,0.0039843243550393
CAN,2016,I,69775.6,2689063.2,0.0259479211942657
CAN,2016,J58T60,29933.8,2689063.2,0.0111316833312061
CAN,2016,J61,44554.9,2689063.2,0.016568930027379
CAN,2016,J62_63,45750.9,2689063.2,0.0170136945833032
CAN,2016,K,193976.1,2689063.2,0.0721351956324418
CAN,2016,L,235309.3,2689063.2,0.0875060504342181
CAN,2016,M,100331.9,2689063.2,0.0373110977830494
CAN,2016,N,76457.9,2689063.2,0.0284329129936403
CAN,2016,O,186026.6,2689063.2,0.0691789616547502
CAN,2016,P,101500.8,2689063.2,0.0377457844798887
CAN,2016,Q,159369.6,2689063.2,0.0592658439563636
CAN,2016,R,22604.7,2689063.2,0.0084061616699823
CAN,2016,S,31025.7,2689063.2,0.0115377355206824
CAN,2016,T,2506.0,2689063.2,0.0009319230578143
CAN,2016,HFCE,774343.7999999999,2689063.2,0.2879604317220955
CAN,2017,A01_02,71872.5,2895384.1,0.0248231314111312
CAN,2017,A03,4184.9,2895384.1,0.0014453695452703
CAN,2017,B05_06,92652.8,2895384.1,0.0320001757279802
CAN,2017,B07_08,29511.8,2895384.1,0.0101927063839302
CAN,2017,B09,16924.8,2895384.1,0.0058454420606923
CAN,2017,C10T12,93946.3,2895384.1,0.03244692129103
CAN,2017,C13T15,5318.0,2895384.1,0.001836716586238
CAN,2017,C16,26421.3,2895384.1,0.0091253177773546
CAN,2017,C17_18,29707.8,2895384.1,0.0102604003385941
CAN,2017,C19,48108.7,2895384.1,0.016615653860916
CAN,2017,C20,35659.1,2895384.1,0.0123158443814069
CAN,2017,C21,9789.5,2895384.1,0.0033810712713384
CAN,2017,C22,23878.1,2895384.1,0.0082469541778584
CAN,2017,C23,17745.8,2895384.1,0.0061289968401774
CAN,2017,C24,55640.0,2895384.1,0.0192167940688767
CAN,2017,C25,28698.1,2895384.1,0.009911672858879
CAN,2017,C26,11770.5,2895384.1,0.0040652637416914
CAN,2017,C27,8781.3,2895384.1,0.0030328618576029
CAN,2017,C28,30119.2,2895384.1,0.0104024885679243
CAN,2017,C29,78484.8,2895384.1,0.0271068698622749
CAN,2017,C30,26584.8,2895384.1,0.0091817869691278
CAN,2017,C31T33,29279.9,2895384.1,0.0101126133834885
CAN,2017,D,42959.0,2895384.1,0.0148370642775858
CAN,2017,E,14257.1,2895384.1,0.0049240789848918
CAN,2017,F,257482.6,2895384.1,0.0889286502609446
CAN,2017,G,271667.0,2895384.1,0.0938276203146933
CAN,2017,H49,77970.9,2895384.1,0.0269293804576739
CAN,2017,H50,4339.6,2895384.1,0.00149879941663
CAN,2017,H51,19612.0,2895384.1,0.0067735399942273
CAN,2017,H52,34582.5,2895384.1,0.011944011159003
CAN,2017,H53,11401.3,2895384.1,0.0039377504352531
CAN,2017,I,75012.6,2895384.1,0.0259076507327646
CAN,2017,J58T60,32769.2,2895384.1,0.0113177384651659
CAN,2017,J61,48425.9,2895384.1,0.0167252075467292
CAN,2017,J62_63,50242.1,2895384.1,0.0173524818347935
CAN,2017,K,206323.5,2895384.1,0.0712594574239735
CAN,2017,L,249589.7,2895384.1,0.0862026216141754
CAN,2017,M,108251.5,2895384.1,0.0373876129250001
CAN,2017,N,80580.4,2895384.1,0.0278306425734671
CAN,2017,O,201045.2,2895384.1,0.0694364523173281
CAN,2017,P,106716.9,2895384.1,0.0368575968901673
CAN,2017,Q,167984.9,2895384.1,0.0580181745143934
CAN,2017,R,24760.4,2895384.1,0.0085516805870419
CAN,2017,S,31734.1,2895384.1,0.0109602384015302
CAN,2017,T,2595.7,2895384.1,0.0008964959087811
CAN,2017,HFCE,824351.3999999998,2895384.1,0.2847122770343319
CAN,2018,A01_02,72020.7,3034488.5,0.0237340494122815
CAN,2018,A03,4104.2,3034488.5,0.0013525178955201
CAN,2018,B05_06,105040.6,3034488.5,0.0346155867784636
CAN,2018,B07_08,31634.0,3034488.5,0.0104248211848553
CAN,2018,B09,18382.3,3034488.5,0.0060577919474731
CAN,2018,C10T12,97165.0,3034488.5,0.0320202235071907
CAN,2018,C13T15,5497.9,3034488.5,0.0018118045265289
CAN,2018,C16,28625.0,3034488.5,0.0094332207882811
CAN,2018,C17_18,32316.3,3034488.5,0.0106496696230682
CAN,2018,C19,55958.6,3034488.5,0.0184408673817679
CAN,2018,C20,38198.6,3034488.5,0.0125881511826457
CAN,2018,C21,10178.8,3034488.5,0.003354370926105
CAN,2018,C22,25183.2,3034488.5,0.0082989933888363
CAN,2018,C23,18898.2,3034488.5,0.0062278041258024
CAN,2018,C24,58459.9,3034488.5,0.0192651578676274
CAN,2018,C25,31820.6,3034488.5,0.0104863142503258
CAN,2018,C26,12607.9,3034488.5,0.004154868275164
CAN,2018,C27,8992.8,3034488.5,0.0029635307565014
CAN,2018,C28,32911.7,3034488.5,0.0108458806154645
CAN,2018,C29,77128.3,3034488.5,0.0254172325912587
CAN,2018,C30,27850.2,3034488.5,0.0091778894531977
CAN,2018,C31T33,30980.3,3034488.5,0.0102093977288099
CAN,2018,D,45825.2,3034488.5,0.0151014577909917
CAN,2018,E,14898.2,3034488.5,0.0049096248016758
CAN,2018,F,268324.2,3034488.5,0.0884248531507039
CAN,2018,G,279550.8,3034488.5,0.0921245211507639
CAN,2018,H49,84964.7,3034488.5,0.0279996777051552
CAN,2018,H50,4244.0,3034488.5,0.0013985882628983
CAN,2018,H51,21122.9,3034488.5,0.0069609425113985
CAN,2018,H52,37627.1,3034488.5,0.0123998163117111
CAN,2018,H53,12536.1,3034488.5,0.0041312069562959
CAN,2018,I,78841.8,3034488.5,0.0259819076592315
CAN,2018,J58T60,34432.1,3034488.5,0.011346920576565
CAN,2018,J61,49061.6,3034488.5,0.0161679966821426
CAN,2018,J62_63,55061.8,3034488.5,0.0181453315772987
CAN,2018,K,210011.0,3034488.5,0.0692080395097888
CAN,2018,L,256408.1,3034488.5,0.0844979639896476
CAN,2018,M,111943.4,3034488.5,0.0368903688381089
CAN,2018,N,84841.5,3034488.5,0.0279590777819721
CAN,2018,O,211106.3,3034488.5,0.0695689899632178
CAN,2018,P,110995.5,3034488.5,0.036577993292774
CAN,2018,Q,176343.2,3034488.5,0.0581129900475813
CAN,2018,R,25640.1,3034488.5,0.0084495624221347
CAN,2018,S,34078.3,3034488.5,0.011230327615346
CAN,2018,T,2675.5,3034488.5,0.0008816971954251
CAN,2018,HFCE,869676.9000000001,3034488.5,0.2865975270626335
CAN,2019,A01_02,73908.1,3069897.4,0.024075104268957
CAN,2019,A03,4071.5,3069897.4,0.0013262658224343
CAN,2019,B05_06,104804.4,3069897.4,0.0341393819871634
CAN,2019,B07_08,32268.4,3069897.4,0.0105112307662138
CAN,2019,B09,17931.5,3069897.4,0.005841074688685
CAN,2019,C10T12,100870.9,3069897.4,0.0328580688071203
CAN,2019,C13T15,5476.4,3069897.4,0.0017839032666042
CAN,2019,C16,25014.1,3069897.4,0.0081481876234691
CAN,2019,C17_18,30093.8,3069897.4,0.0098028683303878
CAN,2019,C19,52567.8,3069897.4,0.0171236341644512
CAN,2019,C20,35798.1,3069897.4,0.0116610086056947
CAN,2019,C21,10850.7,3069897.4,0.0035345480927147
CAN,2019,C22,24765.7,3069897.4,0.0080672728671648
CAN,2019,C23,19660.7,3069897.4,0.0064043508424744
CAN,2019,C24,57390.5,3069897.4,0.0186945987185109
CAN,2019,C25,33131.3,3069897.4,0.0107923150786733
CAN,2019,C26,13078.0,3069897.4,0.0042600772260336
CAN,2019,C27,9320.3,3069897.4,0.0030360298034716
CAN,2019,C28,32430.0,3069897.4,0.0105638709619415
CAN,2019,C29,79640.5,3069897.4,0.0259423979446348
CAN,2019,C30,30912.4,3069897.4,0.0100695221931521
CAN,2019,C31T33,30997.9,3069897.4,0.0100973732868075
CAN,2019,D,46400.4,3069897.4,0.0151146419421052
CAN,2019,E,15421.1,3069897.4,0.0050233274897069
CAN,2019,F,268249.2,3069897.4,0.087380509850264
CAN,2019,G,279555.0,3069897.4,0.0910633039397342
CAN,2019,H49,85441.7,3069897.4,0.0278321027927513
CAN,2019,H50,4123.7,3069897.4,0.0013432696480344
CAN,2019,H51,22355.4,3069897.4,0.0072821326211097
CAN,2019,H52,37993.8,3069897.4,0.0123762442353936
CAN,2019,H53,12730.9,3069897.4,0.0041470115581061
CAN,2019,I,80454.4,3069897.4,0.0262075208116075
CAN,2019,J58T60,35329.2,3069897.4,0.0115082673447001
CAN,2019,J61,48838.4,3069897.4,0.0159088052910172
CAN,2019,J62_63,57590.5,3069897.4,0.0187597474755996
CAN,2019,K,212362.1,3069897.4,0.0691756343387893
CAN,2019,L,265475.3,3069897.4,0.0864769291638215
CAN,2019,M,114132.2,3069897.4,0.0371778548690259
CAN,2019,N,86474.4,3069897.4,0.0281684983999791
CAN,2019,O,212945.2,3069897.4,0.0693655755400815
CAN,2019,P,113309.6,3069897.4,0.0369098980311198
CAN,2019,Q,181322.1,3069897.4,0.0590645472386145
CAN,2019,R,26370.5,3069897.4,0.008590026494045
CAN,2019,S,35338.8,3069897.4,0.0115113944850404
CAN,2019,T,2700.5,3069897.4,0.0008796710925909
CAN,2019,HFCE,885430.6000000001,3069897.4,0.2884235153917522
CAN,2020,A01_02,74358.9,2919074.0,0.025473454938107
CAN,2020,A03,3716.8,2919074.0,0.0012732804992268
CAN,2020,B05_06,72845.1,2919074.0,0.0249548658238879
CAN,2020,B07_08,32539.6,2919074.0,0.0111472336775292
CAN,2020,B09,15631.5,2919074.0,0.0053549516045156
CAN,2020,C10T12,101282.2,2919074.0,0.0346966880592955
CAN,2020,C13T15,4625.4,2919074.0,0.0015845435915636
CAN,2020,C16,27727.0,2919074.0,0.0094985601598315
CAN,2020,C17_18,27125.5,2919074.0,0.0092925016631986
CAN,2020,C19,33838.3,2919074.0,0.0115921350400846
CAN,2020,C20,30977.9,2919074.0,0.0106122352499457
CAN,2020,C21,11039.9,2919074.0,0.0037819870273929
CAN,2020,C22,23015.1,2919074.0,0.0078843838833821
CAN,2020,C23,18018.4,2919074.0,0.0061726424201647
CAN,2020,C24,56487.5,2919074.0,0.0193511709535284
CAN,2020,C25,29294.4,2919074.0,0.0100355112614479
CAN,2020,C26,11570.1,2919074.0,0.0039636199698945
CAN,2020,C27,8318.3,2919074.0,0.0028496365628278
CAN,2020,C28,28100.8,2919074.0,0.0096266144674646
CAN,2020,C29,58208.9,2919074.0,0.0199408785114731
CAN,2020,C30,24484.2,2919074.0,0.0083876599222904
CAN,2020,C31T33,30629.1,2919074.0,0.010492745302106
CAN,2020,D,45070.3,2919074.0,0.0154399306081312
CAN,2020,E,15444.5,2919074.0,0.0052908901932599
CAN,2020,F,266870.7,2919074.0,0.0914230677262721
CAN,2020,G,271912.4,2919074.0,0.0931502250371179
CAN,2020,H49,76750.5,2919074.0,0.0262927558533973
CAN,2020,H50,4243.5,2919074.0,0.0014537144313573
CAN,2020,H51,6398.0,2919074.0,0.0021917909583655
CAN,2020,H52,33029.8,2919074.0,0.0113151636443611
CAN,2020,H53,14061.0,2919074.0,0.0048169385222848
CAN,2020,I,55633.9,2919074.0,0.0190587494527374
CAN,2020,J58T60,33101.6,2919074.0,0.0113397604856882
CAN,2020,J61,48870.0,2919074.0,0.0167416105244334
CAN,2020,J62_63,62261.5,2919074.0,0.0213291954914469
CAN,2020,K,219660.0,2919074.0,0.0752498908900562
CAN,2020,L,280319.1,2919074.0,0.0960301451761757
CAN,2020,M,112492.1,2919074.0,0.0385369127332846
CAN,2020,N,80287.1,2919074.0,0.0275043044472322
CAN,2020,O,219035.4,2919074.0,0.0750359189249741
CAN,2020,P,112636.0,2919074.0,0.0385862091882562
CAN,2020,Q,181470.0,2919074.0,0.0621669748694277
CAN,2020,R,18759.0,2919074.0,0.0064263530146889
CAN,2020,S,34722.6,2919074.0,0.0118950735747021
CAN,2020,T,2210.1,2919074.0,0.000757123663189
CAN,2020,HFCE,865678.3,2919074.0,0.2965592170667822
USA,1995,A01_02,234898.3,13387726.0,0.0175457953053416
USA,1995,A03,3270.4,13387726.0,0.0002442834578478
USA,1995,B05_06,93309.3,13387726.0,0.0069697646934214
USA,1995,B07_08,27835.2,13387726.0,0.00207915817817
USA,1995,B09,16899.1,13387726.0,0.0012622830792921
USA,1995,C10T12,485116.8,13387726.0,0.0362359373055588
USA,1995,C13T15,170953.2,13387726.0,0.0127693978798191
USA,1995,C16,81976.5,13387726.0,0.0061232579752528
USA,1995,C17_18,259006.3,13387726.0,0.0193465492197853
USA,1995,C19,140060.4,13387726.0,0.010461851400305
USA,1995,C20,294585.4,13387726.0,0.0220041402102194
USA,1995,C21,86775.8,13387726.0,0.0064817430533012
USA,1995,C22,146018.0,13387726.0,0.0109068560261839
USA,1995,C23,85070.9,13387726.0,0.00635439506306
USA,1995,C24,182136.3,13387726.0,0.0136047227139246
USA,1995,C25,229816.0,13387726.0,0.01716617146183
USA,1995,C26,390966.3,13387726.0,0.0292033389389654
USA,1995,C27,103033.4,13387726.0,0.0076961091077005
USA,1995,C28,243858.0,13387726.0,0.0182150426442847
USA,1995,C29,368189.5,13387726.0,0.0275020193870116
USA,1995,C30,128161.8,13387726.0,0.0095730820902668
USA,1995,C31T33,166660.8,13387726.0,0.0124487758413938
USA,1995,D,225691.7,13387726.0,0.0168581057006992
USA,1995,E,42563.2,13387726.0,0.0031792703256699
USA,1995,F,629342.5,13387726.0,0.0470089169736518
USA,1995,G,1356422.4,13387726.0,0.1013183568292329
USA,1995,H49,223956.6,13387726.0,0.0167285019128715
USA,1995,H50,23341.7,13387726.0,0.0017435149180674
USA,1995,H51,92799.0,13387726.0,0.0069316476898317
USA,1995,H52,59213.7,13387726.0,0.0044229841572795
USA,1995,H53,94096.0,13387726.0,0.0070285274735978
USA,1995,I,352311.5,13387726.0,0.026316007662541
USA,1995,J58T60,273196.5,13387726.0,0.0204064902433766
USA,1995,J61,259253.2,13387726.0,0.0193649914854845
USA,1995,J62_63,115805.5,13387726.0,0.0086501247485943
USA,1995,K,817309.8,13387726.0,0.0610491878904602
USA,1995,L,1133020.9,13387726.0,0.0846313182686887
USA,1995,M,703649.5,13387726.0,0.0525592994657942
USA,1995,N,363137.6,13387726.0,0.0271246662801434
USA,1995,O,1098729.2,13387726.0,0.0820698899872913
USA,1995,P,505922.2,13387726.0,0.0377900025739995
USA,1995,Q,743675.8,13387726.0,0.0555490753246667
USA,1995,R,105959.6,13387726.0,0.0079146824486847
USA,1995,S,219123.3,13387726.0,0.0163674771951562
USA,1995,T,10606.9,13387726.0,0.0007922854112789
USA,1995,HFCE,4043919.515787372,13387726.0,0.302061718008523
USA,1996,A01_02,258262.1,14158709.5,0.0182405112556338
USA,1996,A03,3587.5,14158709.5,0.0002533776118508
USA,1996,B05_06,113383.5,14158709.5,0.0080080391507432
USA,1996,B07_08,28819.0,14158709.5,0.0020354256155901
USA,1996,B09,19788.1,14158709.5,0.0013975920616211
USA,1996,C10T12,498942.7,14158709.5,0.0352392779864577
USA,1996,C13T15,168277.3,14158709.5,0.0118850732829852
USA,1996,C16,83831.9,14158709.5,0.0059208715314061
USA,1996,C17_18,248183.7,14158709.5,0.0175286949703996
USA,1996,C19,160388.4,14158709.5,0.011327896797374
USA,1996,C20,294341.9,14158709.5,0.0207887519692384
USA,1996,C21,92524.3,14158709.5,0.0065347975392813
USA,1996,C22,150069.8,14158709.5,0.0105991156891805
USA,1996,C23,92032.9,14158709.5,0.0065000909863995
USA,1996,C24,180447.5,14158709.5,0.0127446290214514
USA,1996,C25,240574.1,14158709.5,0.0169912448588623
USA,1996,C26,418153.9,14158709.5,0.0295333342350162
USA,1996,C27,106518.1,14158709.5,0.0075231503266593
USA,1996,C28,253176.5,14158709.5,0.0178813259781903
USA,1996,C29,371813.4,14158709.5,0.0262604017689606
USA,1996,C30,136060.1,14158709.5,0.0096096399181012
USA,1996,C31T33,174418.9,14158709.5,0.0123188416288928
USA,1996,D,235426.8,14158709.5,0.0166277018396344
USA,1996,E,44780.9,14158709.5,0.0031627811842597
USA,1996,F,688301.2,14158709.5,0.0486132722759796
USA,1996,G,1404042.0,14158709.5,0.0991645460343684
USA,1996,H49,235896.9,14158709.5,0.0166609040181239
USA,1996,H50,25241.8,14158709.5,0.0017827754711684
USA,1996,H51,97601.7,14158709.5,0.0068934036678978
USA,1996,H52,62441.9,14158709.5,0.0044101406275762
USA,1996,H53,96976.5,14158709.5,0.0068492471012276
USA,1996,I,369660.6,14158709.5,0.0261083540134784
USA,1996,J58T60,303809.4,14158709.5,0.0214574216668545
USA,1996,J61,284248.7,14158709.5,0.0200758903909992
USA,1996,J62_63,138120.1,14158709.5,0.0097551334039306
USA,1996,K,898906.4,14158709.5,0.0634878764904386
USA,1996,L,1206094.0,14158709.5,0.0851838933484721
USA,1996,M,769312.3,14158709.5,0.0543349166108676
USA,1996,N,406401.7,14158709.5,0.0287033009611504
USA,1996,O,1123463.1,14158709.5,0.0793478459318626
USA,1996,P,537834.6,14158709.5,0.0379861314338005
USA,1996,Q,778355.2,14158709.5,0.0549735976997056
USA,1996,R,114953.9,14158709.5,0.008118953213921
USA,1996,S,232081.4,14158709.5,0.0163914232437638
USA,1996,T,11162.8,14158709.5,0.0007884051862212
USA,1996,HFCE,4273313.592891566,14158709.5,0.3018151896464551
USA,1997,A01_02,260303.7,15074066.6,0.0172683129846328
USA,1997,A03,3615.9,15074066.6,0.0002398755489112
USA,1997,B05_06,119721.0,15074066.6,0.0079421832990972
USA,1997,B07_08,29520.9,15074066.6,0.0019583899145038
USA,1997,B09,22075.3,15074066.6,0.0014644555172656
USA,1997,C10T12,519643.2,15074066.6,0.0344726618097866
USA,1997,C13T15,176267.2,15074066.6,0.0116934072720628
USA,1997,C16,88724.5,15074066.6,0.0058859034097673
USA,1997,C17_18,247450.5,15074066.6,0.0164156432743902
USA,1997,C19,164594.2,15074066.6,0.0109190309667332
USA,1997,C20,318205.8,15074066.6,0.0211094861422464
USA,1997,C21,98863.1,15074066.6,0.006558489001236
USA,1997,C22,158739.2,15074066.6,0.0105306155407327
USA,1997,C23,96800.4,15074066.6,0.0064216513412512
USA,1997,C24,187197.0,15074066.6,0.0124184803588435
USA,1997,C25,254845.7,15074066.6,0.0169062341810271
USA,1997,C26,464246.2,15074066.6,0.0307976747296578
USA,1997,C27,111047.0,15074066.6,0.007366757952363
USA,1997,C28,270378.8,15074066.6,0.0179366860433003
USA,1997,C29,406388.3,15074066.6,0.0269594337602303
USA,1997,C30,155544.9,15074066.6,0.0103187085560574
USA,1997,C31T33,183237.9,15074066.6,0.012155837231076
USA,1997,D,239922.3,15074066.6,0.0159162292675554
USA,1997,E,46542.0,15074066.6,0.0030875543564335
USA,1997,F,708461.4,15074066.6,0.0469986911163043
USA,1997,G,1466940.6,15074066.6,0.0973155180301512
USA,1997,H49,249668.7,15074066.6,0.0165627966643055
USA,1997,H50,26101.7,15074066.6,0.0017315632664114
USA,1997,H51,107745.5,15074066.6,0.0071477394162501
USA,1997,H52,67553.8,15074066.6,0.0044814582416665
USA,1997,H53,100225.7,15074066.6,0.0066488826578489
USA,1997,I,397601.3,15074066.6,0.0263765120952829
USA,1997,J58T60,339205.8,15074066.6,0.0225026072261084
USA,1997,J61,322228.1,15074066.6,0.0213763219010854
USA,1997,J62_63,168662.2,15074066.6,0.0111888984224071
USA,1997,K,995216.3,15074066.6,0.06602175288253
USA,1997,L,1267748.3,15074066.6,0.0841012802742957
USA,1997,M,865684.0,15074066.6,0.0574286967791425
USA,1997,N,451765.0,15074066.6,0.0299696831643293
USA,1997,O,1172114.9,15074066.6,0.0777570466618477
USA,1997,P,561215.2,15074066.6,0.0372305108430395
USA,1997,Q,813762.9,15074066.6,0.0539842977740326
USA,1997,R,122483.5,15074066.6,0.0081254450607243
USA,1997,S,233611.8,15074066.6,0.0154975963818549
USA,1997,T,12194.9,15074066.6,0.0008089986812185
USA,1997,HFCE,4540321.586785167,15074066.6,0.3012008442887712
USA,1998,A01_02,256302.6,15881857.0,0.0161380750374468
USA,1998,A03,3726.9,15881857.0,0.0002346639942671
USA,1998,B05_06,94700.3,15881857.0,0.00596279767536
USA,1998,B07_08,29007.3,15881857.0,0.0018264425879165
USA,1998,B09,23374.0,15881857.0,0.0014717422528108
USA,1998,C10T12,528264.2,15881857.0,0.0332621178996889
USA,1998,C13T15,166646.8,15881857.0,0.0104929039469376
USA,1998,C16,91748.0,15881857.0,0.0057769063151746
USA,1998,C17_18,254072.4,15881857.0,0.0159976506525653
USA,1998,C19,124773.1,15881857.0,0.0078563293952338
USA,1998,C20,310629.8,15881857.0,0.0195587833337121
USA,1998,C21,111180.2,15881857.0,0.0070004534104544
USA,1998,C22,163324.4,15881857.0,0.0102837092664919
USA,1998,C23,103269.7,15881857.0,0.0065023693387996
USA,1998,C24,186573.5,15881857.0,0.011747587199658
USA,1998,C25,265020.6,15881857.0,0.0166870032893508
USA,1998,C26,467775.7,15881857.0,0.0294534637857525
USA,1998,C27,114676.4,15881857.0,0.0072205913955779
USA,1998,C28,278863.8,15881857.0,0.0175586393958842
USA,1998,C29,422533.0,15881857.0,0.0266047603879067
USA,1998,C30,183954.1,15881857.0,0.0115826568643704
USA,1998,C31T33,194764.8,15881857.0,0.0122633518234045
USA,1998,D,245436.6,15881857.0,0.0154538981178334
USA,1998,E,51363.5,15881857.0,0.0032340991358882
USA,1998,F,778911.1,15881857.0,0.0490440821876182
USA,1998,G,1525077.6,15881857.0,0.0960264029577901
USA,1998,H49,263574.4,15881857.0,0.0165959434088847
USA,1998,H50,26268.1,15881857.0,0.0016539690541225
USA,1998,H51,107232.4,15881857.0,0.0067518804633488
USA,1998,H52,74167.7,15881857.0,0.0046699639720972
USA,1998,H53,107575.0,15881857.0,0.0067734522480589
USA,1998,I,421648.6,15881857.0,0.0265490742046097
USA,1998,J58T60,375795.1,15881857.0,0.0236619118280689
USA,1998,J61,357364.6,15881857.0,0.0225014367022697
USA,1998,J62_63,202476.1,15881857.0,0.0127488932811824
USA,1998,K,1101821.0,15881857.0,0.0693760811471857
USA,1998,L,1339324.6,15881857.0,0.0843304784824595
USA,1998,M,951001.9,15881857.0,0.0598797672085827
USA,1998,N,515292.3,15881857.0,0.0324453431358814
USA,1998,O,1205075.3,15881857.0,0.0758774808260772
USA,1998,P,597848.6,15881857.0,0.0376434947122367
USA,1998,Q,863499.8,15881857.0,0.0543702036858788
USA,1998,R,128069.4,15881857.0,0.00806388069103
USA,1998,S,253718.8,15881857.0,0.0159753862536352
USA,1998,T,14132.9,15881857.0,0.0008898770464939
USA,1998,HFCE,4797187.691490965,15881857.0,0.302054582879758
USA,1999,A01_02,259867.8,16923973.4,0.0153550111346783
USA,1999,A03,3689.1,16923973.4,0.0002179807254955
USA,1999,B05_06,104740.8,16923973.4,0.0061889012423051
USA,1999,B07_08,29554.5,16923973.4,0.0017463097643488
USA,1999,B09,17499.3,16923973.4,0.0010339947709915
USA,1999,C10T12,526123.5,16923973.4,0.0310874690928077
USA,1999,C13T15,162460.2,16923973.4,0.0095994123933094
USA,1999,C16,97981.2,16923973.4,0.0057894914914011
USA,1999,C17_18,259261.8,16923973.4,0.0153192039406065
USA,1999,C19,149183.6,16923973.4,0.0088149275866859
USA,1999,C20,311229.2,16923973.4,0.0183898421868235
USA,1999,C21,118579.1,16923973.4,0.0070065756543909
USA,1999,C22,172173.1,16923973.4,0.0101733260819235
USA,1999,C23,106767.5,16923973.4,0.0063086544439971
USA,1999,C24,177246.1,16923973.4,0.0104730783847722
USA,1999,C25,271725.2,16923973.4,0.0160556385653501
USA,1999,C26,489809.6,16923973.4,0.0289417613951106
USA,1999,C27,116850.4,16923973.4,0.0069044306108398
USA,1999,C28,275758.8,16923973.4,0.0162939750307099
USA,1999,C29,476753.5,16923973.4,0.0281703054437559
USA,1999,C30,180268.9,16923973.4,0.0106516889231225
USA,1999,C31T33,194978.4,16923973.4,0.0115208406082699
USA,1999,D,291024.8,16923973.4,0.0171960090648688
USA,1999,E,55934.0,16923973.4,0.0033050158303841
USA,1999,F,840767.8,16923973.4,0.0496791019536818
USA,1999,G,1632893.5,16923973.4,0.0964840502526434
USA,1999,H49,275927.8,16923973.4,0.0163039608653603
USA,1999,H50,27275.5,16923973.4,0.001611648716016
USA,1999,H51,111669.8,16923973.4,0.0065983204629711
USA,1999,H52,81484.3,16923973.4,0.0048147263100756
USA,1999,H53,115154.2,16923973.4,0.0068042059201062
USA,1999,I,446521.6,16923973.4,0.0263839696179149
USA,1999,J58T60,418678.6,16923973.4,0.0247387885873183
USA,1999,J61,402972.7,16923973.4,0.0238107618391789
USA,1999,J62_63,248124.1,16923973.4,0.0146611019844784
USA,1999,K,1223074.7,16923973.4,0.0722687675696772
USA,1999,L,1423416.6,16923973.4,0.0841065254805943
USA,1999,M,1024275.8,16923973.4,0.0605221821017516
USA,1999,N,565298.8,16923973.4,0.033402250561325
USA,1999,O,1274660.5,16923973.4,0.0753168579194292
USA,1999,P,638671.8,16923973.4,0.0377376981696272
USA,1999,Q,905900.4,16923973.4,0.0535276426279422
USA,1999,R,136477.9,16923973.4,0.0080641759930915
USA,1999,S,268382.1,16923973.4,0.0158581022113873
USA,1999,T,12884.5,16923973.4,0.0007613164884789
USA,1999,HFCE,5098030.213405658,16923973.4,0.3012312825666375
USA,2000,A01_02,259755.9,18258296.0,0.0142267328780298
USA,2000,A03,3477.8,18258296.0,0.0001904777970518
USA,2000,B05_06,160798.3,18258296.0,0.0088068623709463
USA,2000,B07_08,30868.1,18258296.0,0.0016906342190968
USA,2000,B09,20841.5,18258296.0,0.0011414811108331
USA,2000,C10T12,543684.3,18258296.0,0.029777384483196
USA,2000,C13T15,160343.1,18258296.0,0.008781931238271
USA,2000,C16,94927.1,18258296.0,0.0051991215390527
USA,2000,C17_18,270715.0,18258296.0,0.0148269586603262
USA,2000,C19,220721.3,18258296.0,0.0120888225275786
USA,2000,C20,325169.2,18258296.0,0.0178093946992643
USA,2000,C21,129051.3,18258296.0,0.0070680911296432
USA,2000,C22,178812.3,18258296.0,0.0097934823709726
USA,2000,C23,109796.9,18258296.0,0.0060135348884693
USA,2000,C24,174857.2,18258296.0,0.0095768630325633
USA,2000,C25,282446.3,18258296.0,0.0154694775459878
USA,2000,C26,551961.9,18258296.0,0.0302307455197352
USA,2000,C27,125037.5,18258296.0,0.006848256814327
USA,2000,C28,294280.1,18258296.0,0.0161176103180713
USA,2000,C29,457106.9,18258296.0,0.025035572870546
USA,2000,C30,161800.6,18258296.0,0.0088617579647082
USA,2000,C31T33,215418.9,18258296.0,0.011798412075256
USA,2000,D,348617.7,18258296.0,0.0190936602188944
USA,2000,E,58289.4,18258296.0,0.0031924884994744
USA,2000,F,913066.2,18258296.0,0.0500082921210172
USA,2000,G,1724415.9,18258296.0,0.0944456098203249
USA,2000,H49,288154.6,18258296.0,0.0157821189885408
USA,2000,H50,28855.0,18258296.0,0.0015803774897723
USA,2000,H51,124034.8,18258296.0,0.0067933393127157
USA,2000,H52,88891.7,18258296.0,0.0048685649526111
USA,2000,H53,123711.4,18258296.0,0.0067756268164345
USA,2000,I,487268.9,18258296.0,0.0266875342583995
USA,2000,J58T60,460057.4,18258296.0,0.0251971706450591
USA,2000,J61,447991.2,18258296.0,0.0245363094124446
USA,2000,J62_63,278984.3,18258296.0,0.0152798651089893
USA,2000,K,1383744.3,18258296.0,0.0757871545077372
USA,2000,L,1536506.2,18258296.0,0.0841538662753632
USA,2000,M,1116206.1,18258296.0,0.0611341879877508
USA,2000,N,624873.3,18258296.0,0.0342240754558913
USA,2000,O,1348666.1,18258296.0,0.073865934696206
USA,2000,P,691257.1,18258296.0,0.0378598911968564
USA,2000,Q,965707.0,18258296.0,0.0528914089244691
USA,2000,R,144967.6,18258296.0,0.007939820890186
USA,2000,S,288391.9,18258296.0,0.0157951158202276
USA,2000,T,13766.4,18258296.0,0.000753980546706
USA,2000,HFCE,5426122.445935579,18258296.0,0.2971866841207733
USA,2001,A01_02,267537.0,18523035.9,0.0144434746790076
USA,2001,A03,3484.1,18523035.9,0.0001880955162431
USA,2001,B05_06,161038.9,18523035.9,0.0086939798027384
USA,2001,B07_08,29984.1,18523035.9,0.0016187465252388
USA,2001,B09,29150.9,18523035.9,0.0015737646980428
USA,2001,C10T12,562776.7,18523035.9,0.0303825303280873
USA,2001,C13T15,135524.3,18523035.9,0.0073165274165451
USA,2001,C16,87924.5,18523035.9,0.0047467650807716
USA,2001,C17_18,258913.7,18523035.9,0.0139779300433143
USA,2001,C19,205970.2,18523035.9,0.0111196782812476
USA,2001,C20,304074.6,18523035.9,0.0164160238981127
USA,2001,C21,142168.6,18523035.9,0.0076752321146232
USA,2001,C22,170179.6,18523035.9,0.009187457224547
USA,2001,C23,106294.9,18523035.9,0.0057385247523058
USA,2001,C24,155287.7,18523035.9,0.008383490743005
USA,2001,C25,264752.9,18523035.9,0.0142931699441342
USA,2001,C26,463871.0,18523035.9,0.02504292506392
USA,2001,C27,110480.1,18523035.9,0.0059644704354322
USA,2001,C28,265075.1,18523035.9,0.0143105645009304
USA,2001,C29,434881.3,18523035.9,0.0234778630429583
USA,2001,C30,181271.7,18523035.9,0.0097862845474482
USA,2001,C31T33,204200.5,18523035.9,0.0110241377872619
USA,2001,D,426756.4,18523035.9,0.0230392254436002
USA,2001,E,59287.5,18523035.9,0.0032007442149372
USA,2001,F,956031.8,18523035.9,0.051613126766115
USA,2001,G,1701587.1,18523035.9,0.0918632943965735
USA,2001,H49,289719.3,18523035.9,0.015641026749832
USA,2001,H50,28667.0,18523035.9,0.0015476404707502
USA,2001,H51,114214.9,18523035.9,0.0061661004500887
USA,2001,H52,94188.3,18523035.9,0.0050849277898338
USA,2001,H53,124783.2,18523035.9,0.0067366494711593
USA,2001,I,496526.8,18523035.9,0.0268059082042809
USA,2001,J58T60,467396.6,18523035.9,0.02523326103363
USA,2001,J61,465624.0,18523035.9,0.0251375639778358
USA,2001,J62_63,276997.4,18523035.9,0.0149542116905361
USA,2001,K,1369222.1,18523035.9,0.0739199614680874
USA,2001,L,1634719.0,18523035.9,0.0882532976141346
USA,2001,M,1149914.9,18523035.9,0.0620802608280859
USA,2001,N,620027.8,18523035.9,0.033473335761337
USA,2001,O,1439183.9,18523035.9,0.0776969773081312
USA,2001,P,744455.5,18523035.9,0.0401907929142436
USA,2001,Q,1050656.8,18523035.9,0.0567216306048405
USA,2001,R,153441.9,18523035.9,0.0082838418512161
USA,2001,S,301723.3,18523035.9,0.0162890846634919
USA,2001,T,13068.0,18523035.9,0.0007054999013417
USA,2001,HFCE,5601276.471626741,18523035.9,0.302395163614985
USA,2002,A01_02,249122.2,18787212.1,0.013260200538216
USA,2002,A03,3230.6,18787212.1,0.0001719573922306
USA,2002,B05_06,135846.5,18787212.1,0.0072307961009286
USA,2002,B07_08,30392.1,18787212.1,0.0016177014363935
USA,2002,B09,24776.7,18787212.1,0.0013188066365631
USA,2002,C10T12,554522.9,18787212.1,0.0295159759227927
USA,2002,C13T15,127781.3,18787212.1,0.0068015040933082
USA,2002,C16,90070.7,18787212.1,0.0047942557693272
USA,2002,C17_18,252019.5,18787212.1,0.0134144171396244
USA,2002,C19,200633.5,18787212.1,0.0106792587922079
USA,2002,C20,314421.4,18787212.1,0.0167359264549954
USA,2002,C21,156498.4,18787212.1,0.0083300491401808
USA,2002,C22,173212.7,18787212.1,0.0092197128066702
USA,2002,C23,108641.0,18787212.1,0.0057827100381753
USA,2002,C24,156765.5,18787212.1,0.0083442662575784
USA,2002,C25,262899.4,18787212.1,0.0139935291410267
USA,2002,C26,393117.2,18787212.1,0.0209247225137784
USA,2002,C27,100790.1,18787212.1,0.005364824725644
USA,2002,C28,246823.4,18787212.1,0.0131378407124067
USA,2002,C29,449988.9,18787212.1,0.0239518720289531
USA,2002,C30,175690.6,18787212.1,0.0093516057126964
USA,2002,C31T33,216742.7,18787212.1,0.0115367143803097
USA,2002,D,297724.3,18787212.1,0.015847178304864
USA,2002,E,59712.0,18787212.1,0.0031783321379546
USA,2002,F,968748.3,18787212.1,0.0515642392731596
USA,2002,G,1780747.9,18787212.1,0.0947851065140207
USA,2002,H49,294650.9,18787212.1,0.0156835883063246
USA,2002,H50,27789.1,18787212.1,0.0014791497456932
USA,2002,H51,101133.8,18787212.1,0.0053831190844968
USA,2002,H52,100507.4,18787212.1,0.0053497772562007
USA,2002,H53,128231.9,18787212.1,0.0068254884927817
USA,2002,I,519546.3,18787212.1,0.027654252117588
USA,2002,J58T60,476232.8,18787212.1,0.0253487743399671
USA,2002,J61,455347.8,18787212.1,0.0242371139249553
USA,2002,J62_63,278839.7,18787212.1,0.0148419945714031
USA,2002,K,1388220.5,18787212.1,0.0738917776948927
USA,2002,L,1744959.2,18787212.1,0.0928801564975145
USA,2002,M,1174462.4,18787212.1,0.0625139266937855
USA,2002,N,607569.5,18787212.1,0.0323395241809187
USA,2002,O,1550543.2,18787212.1,0.0825318409004388
USA,2002,P,778798.0,18787212.1,0.0414536225947009
USA,2002,Q,1138259.5,18787212.1,0.0605869297659124
USA,2002,R,160459.9,18787212.1,0.0085409106548597
USA,2002,S,317967.8,18787212.1,0.0169246931533817
USA,2002,T,12772.6,18787212.1,0.0006798560601761
USA,2002,HFCE,5785058.5136937415,18787212.1,0.3079253314915064
USA,2003,A01_02,279723.2,19732986.1,0.0141754115967273
USA,2003,A03,3411.6,19732986.1,0.0001728881773245
USA,2003,B05_06,184358.0,19732986.1,0.0093426306117957
USA,2003,B07_08,32552.3,19732986.1,0.0016496388248101
USA,2003,B09,29477.4,19732986.1,0.0014938134477275
USA,2003,C10T12,584918.4,19732986.1,0.0296416567181385
USA,2003,C13T15,117175.5,19732986.1,0.0059380521227854
USA,2003,C16,92569.4,19732986.1,0.0046910994378088
USA,2003,C17_18,244029.3,19732986.1,0.0123665672677892
USA,2003,C19,231310.8,19732986.1,0.0117220373453767
USA,2003,C20,326874.3,19732986.1,0.0165648674936227
USA,2003,C21,164260.5,19732986.1,0.008324158298576
USA,2003,C22,175985.2,19732986.1,0.0089183258483114
USA,2003,C23,110991.5,19732986.1,0.0056246682300151
USA,2003,C24,155121.7,19732986.1,0.0078610352844671
USA,2003,C25,260841.1,19732986.1,0.0132185315835194
USA,2003,C26,390911.5,19732986.1,0.0198100529752058
USA,2003,C27,97878.7,19732986.1,0.0049601565370787
USA,2003,C28,250239.0,19732986.1,0.0126812535483415
USA,2003,C29,460860.1,19732986.1,0.0233548079172872
USA,2003,C30,172003.9,19732986.1,0.0087165672305419
USA,2003,C31T33,222685.1,19732986.1,0.0112849164779982
USA,2003,D,314036.3,19732986.1,0.0159142817214065
USA,2003,E,63904.5,19732986.1,0.0032384607010897
USA,2003,F,1038573.7,19732986.1,0.0526313501026588
USA,2003,G,1871364.4,19732986.1,0.0948343241370853
USA,2003,H49,302081.5,19732986.1,0.0153084534935135
USA,2003,H50,31749.4,19732986.1,0.0016089506088488
USA,2003,H51,113992.7,19732986.1,0.0057767587440808
USA,2003,H52,107534.5,19732986.1,0.0054494793365308
USA,2003,H53,131671.4,19732986.1,0.0066726545760856
USA,2003,I,541569.6,19732986.1,0.0274448883334489
USA,2003,J58T60,485573.9,19732986.1,0.0246072184685722
USA,2003,J61,447931.4,19732986.1,0.0226996257804083
USA,2003,J62_63,278247.3,19732986.1,0.0141006180509091
USA,2003,K,1484266.6,19732986.1,0.0752175363869536
USA,2003,L,1856175.3,19732986.1,0.0940645926872669
USA,2003,M,1238003.8,19732986.1,0.0627377830058878
USA,2003,N,644706.6,19732986.1,0.0326715174648605
USA,2003,O,1652333.8,19732986.1,0.0837346051746319
USA,2003,P,815405.8,19732986.1,0.0413219669779223
USA,2003,Q,1216705.8,19732986.1,0.0616584734735104
USA,2003,R,173153.4,19732986.1,0.0087748199447624
USA,2003,S,321646.7,19732986.1,0.016299950669909
USA,2003,T,14179.2,19732986.1,0.0007185531844062
USA,2003,HFCE,6064225.129437223,19732986.1,0.3073141134699944
USA,2004,A01_02,315452.3,21246557.9,0.0148472190876621
USA,2004,A03,3833.6,21246557.9,0.000180433932783
USA,2004,B05_06,211740.1,21246557.9,0.0099658542808009
USA,2004,B07_08,38762.9,21246557.9,0.001824431994229
USA,2004,B09,41657.2,21246557.9,0.0019606564129618
USA,2004,C10T12,614865.2,21246557.9,0.0289395205987695
USA,2004,C13T15,112839.9,21246557.9,0.0053109732188666
USA,2004,C16,105970.8,21246557.9,0.0049876690849768
USA,2004,C17_18,249065.3,21246557.9,0.0117226188435916
USA,2004,C19,308891.3,21246557.9,0.0145384161262187
USA,2004,C20,373408.4,21246557.9,0.0175750068202812
USA,2004,C21,172660.8,21246557.9,0.008126530462612
USA,2004,C22,182671.5,21246557.9,0.0085976985476786
USA,2004,C23,118144.5,21246557.9,0.0055606418957868
USA,2004,C24,203494.7,21246557.9,0.0095777725953435
USA,2004,C25,276416.4,21246557.9,0.0130099379532907
USA,2004,C26,401211.2,21246557.9,0.0188835858442745
USA,2004,C27,102368.4,21246557.9,0.0048181169148344
USA,2004,C28,266647.9,21246557.9,0.0125501693617863
USA,2004,C29,479747.6,21246557.9,0.0225800151844831
USA,2004,C30,176780.9,21246557.9,0.0083204489325774
USA,2004,C31T33,228482.5,21246557.9,0.0107538595698835
USA,2004,D,321607.0,21246557.9,0.0151368989515238
USA,2004,E,68914.1,21246557.9,0.0032435418633151
USA,2004,F,1156856.4,21246557.9,0.0544491209091332
USA,2004,G,2028691.8,21246557.9,0.0954833159116093
USA,2004,H49,334606.1,21246557.9,0.0157487204080243
USA,2004,H50,37502.8,21246557.9,0.0017651235638503
USA,2004,H51,120002.1,21246557.9,0.0056480725284917
USA,2004,H52,119131.6,21246557.9,0.0056071011860231
USA,2004,H53,137590.8,21246557.9,0.0064759101520157
USA,2004,I,576801.0,21246557.9,0.0271479739313444
USA,2004,J58T60,509268.6,21246557.9,0.0239694637784127
USA,2004,J61,451200.6,21246557.9,0.0212364093103288
USA,2004,J62_63,288975.9,21246557.9,0.0136010689995107
USA,2004,K,1596225.1,21246557.9,0.0751286447203761
USA,2004,L,2036995.0,21246557.9,0.0958741180377269
USA,2004,M,1345266.1,21246557.9,0.0633168961453281
USA,2004,N,691302.6,21246557.9,0.0325371574658688
USA,2004,O,1753325.2,21246557.9,0.0825227883148074
USA,2004,P,858801.5,21246557.9,0.0404207356336058
USA,2004,Q,1294467.3,21246557.9,0.0609259770967418
USA,2004,R,183812.8,21246557.9,0.0086514154841053
USA,2004,S,334988.3,21246557.9,0.0157667092042236
USA,2004,T,15111.8,21246557.9,0.0007112587399392
USA,2004,HFCE,6466883.537848421,21246557.9,0.3043732339273846
USA,2005,A01_02,316741.8,23043041.9,0.0137456591614321
USA,2005,A03,4010.9,23043041.9,0.0001740612206238
USA,2005,B05_06,274712.1,23043041.9,0.0119216942447168
USA,2005,B07_08,48917.1,23043041.9,0.0021228577464852
USA,2005,B09,60873.8,23043041.9,0.0026417432326935
USA,2005,C10T12,645004.6,23043041.9,0.027991295715172
USA,2005,C13T15,117256.8,23043041.9,0.0050885990013323
USA,2005,C16,114705.4,23043041.9,0.0049778757725558
USA,2005,C17_18,258866.6,23043041.9,0.0112340463174699
USA,2005,C19,444262.3,23043041.9,0.0192796724463708
USA,2005,C20,426312.2,23043041.9,0.018500691091483
USA,2005,C21,183917.2,23043041.9,0.0079814635931378
USA,2005,C22,198014.7,23043041.9,0.0085932534801318
USA,2005,C23,130752.0,23043041.9,0.0056742508461957
USA,2005,C24,222410.2,23043041.9,0.0096519461694855
USA,2005,C25,303536.9,23043041.9,0.013172605479661
USA,2005,C26,410991.0,23043041.9,0.0178357962366071
USA,2005,C27,108673.3,23043041.9,0.0047161004381109
USA,2005,C28,299720.8,23043041.9,0.0130069980040265
USA,2005,C29,494519.7,23043041.9,0.0214606952565581
USA,2005,C30,205966.1,23043041.9,0.0089383207691862
USA,2005,C31T33,247128.4,23043041.9,0.0107246430862932
USA,2005,D,383724.6,23043041.9,0.0166525149615771
USA,2005,E,74085.0,23043041.9,0.0032150703158683
USA,2005,F,1285968.8,23043041.9,0.0558072499967983
USA,2005,G,2147898.1,23043041.9,0.093212437373557
USA,2005,H49,369008.5,23043041.9,0.0160138796605668
USA,2005,H50,39795.9,23043041.9,0.0017270245904469
USA,2005,H51,129388.1,23043041.9,0.0056150616121563
USA,2005,H52,131483.6,23043041.9,0.0057060001266586
USA,2005,H53,139334.6,23043041.9,0.0060467103520737
USA,2005,I,610738.4,23043041.9,0.0265042437821544
USA,2005,J58T60,533424.0,23043041.9,0.0231490270388303
USA,2005,J61,465600.7,23043041.9,0.0202056960196735
USA,2005,J62_63,312171.5,23043041.9,0.0135473216320454
USA,2005,K,1733047.5,23043041.9,0.0752091458897186
USA,2005,L,2264010.5,23043041.9,0.0982513727929297
USA,2005,M,1454752.3,23043041.9,0.0631319556815977
USA,2005,N,753605.1,23043041.9,0.0327042368481741
USA,2005,O,1861956.5,23043041.9,0.0808034159760825
USA,2005,P,904137.0,23043041.9,0.0392368769680534
USA,2005,Q,1380837.3,23043041.9,0.0599242628639233
USA,2005,R,193431.9,23043041.9,0.0083943734876427
USA,2005,S,342056.2,23043041.9,0.0148442293983764
USA,2005,T,15291.9,23043041.9,0.0006636233213636
USA,2005,HFCE,6901989.63974668,23043041.9,0.2995259770693156
USA,2006,A01_02,313035.8,24413183.9,0.012822407813837
USA,2006,A03,4110.4,24413183.9,0.0001683680431375
USA,2006,B05_06,286627.5,24413183.9,0.0117406849173818
USA,2006,B07_08,60193.8,24413183.9,0.0024656267796352
USA,2006,B09,86807.7,24413183.9,0.0035557713551651
USA,2006,C10T12,651438.7,24413183.9,0.026683889437297
USA,2006,C13T15,110846.5,24413183.9,0.0045404360387421
USA,2006,C16,114428.2,24413183.9,0.0046871477505234
USA,2006,C17_18,268122.1,24413183.9,0.0109826764545856
USA,2006,C19,515476.6,24413183.9,0.0211146813996678
USA,2006,C20,458432.1,24413183.9,0.0187780545904133
USA,2006,C21,201243.0,24413183.9,0.0082432099321547
USA,2006,C22,209605.7,24413183.9,0.0085857584516045
USA,2006,C23,146846.5,24413183.9,0.006015049106315
USA,2006,C24,255370.3,24413183.9,0.0104603439291668
USA,2006,C25,330406.7,24413183.9,0.0135339454842676
USA,2006,C26,429628.7,24413183.9,0.017598224867343
USA,2006,C27,117122.8,24413183.9,0.0047975225386312
USA,2006,C28,325065.7,24413183.9,0.0133151702511035
USA,2006,C29,497952.4,24413183.9,0.0203968643352578
USA,2006,C30,213937.6,24413183.9,0.008763199461255
USA,2006,C31T33,257023.1,24413183.9,0.0105280450535581
USA,2006,D,385987.3,24413183.9,0.0158106087915882
USA,2006,E,81433.7,24413183.9,0.0033356443933558
USA,2006,F,1352231.5,24413183.9,0.0553893955634357
USA,2006,G,2283111.6,24413183.9,0.09351961666909
USA,2006,H49,398943.4,24413183.9,0.0163413097461654
USA,2006,H50,44354.4,24413183.9,0.0018168216067876
USA,2006,H51,140238.4,24413183.9,0.0057443715893198
USA,2006,H52,147837.7,24413183.9,0.0060556501194422
USA,2006,H53,150781.5,24413183.9,0.0061762325068955
USA,2006,I,643782.7,24413183.9,0.0263702883915932
USA,2006,J58T60,556277.0,24413183.9,0.0227859259275067
USA,2006,J61,482306.1,24413183.9,0.0197559688230587
USA,2006,J62_63,336791.6,24413183.9,0.0137954804002439
USA,2006,K,1866775.4,24413183.9,0.0764658721962111
USA,2006,L,2346592.7,24413183.9,0.0961198961025317
USA,2006,M,1558089.6,24413183.9,0.0638216467947058
USA,2006,N,800410.6,24413183.9,0.0327859980606626
USA,2006,O,1971213.3,24413183.9,0.0807438025320409
USA,2006,P,963232.7,24413183.9,0.0394554312925976
USA,2006,Q,1457678.9,24413183.9,0.0597086765073686
USA,2006,R,213497.2,24413183.9,0.0087451600280617
USA,2006,S,361501.9,24413183.9,0.0148076507136785
USA,2006,T,16392.8,24413183.9,0.0006714732526141
USA,2006,HFCE,7312958.468838903,24413183.9,0.2995495589102125
USA,2007,A01_02,355231.2,25727017.0,0.0138077103925418
USA,2007,A03,4234.7,25727017.0,0.0001646012827682
USA,2007,B05_06,307098.2,25727017.0,0.01193679780287
USA,2007,B07_08,60719.7,25727017.0,0.0023601531417342
USA,2007,B09,94763.6,25727017.0,0.0036834274257291
USA,2007,C10T12,704311.2,25727017.0,0.0273763258289913
USA,2007,C13T15,94203.5,25727017.0,0.0036616565379499
USA,2007,C16,103186.9,25727017.0,0.0040108381006628
USA,2007,C17_18,277565.8,25727017.0,0.0107888839191889
USA,2007,C19,585650.7,25727017.0,0.0227640344001016
USA,2007,C20,513196.2,25727017.0,0.0199477537562944
USA,2007,C21,214918.5,25727017.0,0.0083538056510787
USA,2007,C22,206170.1,25727017.0,0.0080137584547792
USA,2007,C23,148893.6,25727017.0,0.0057874412723402
USA,2007,C24,280547.2,25727017.0,0.0109047698767408
USA,2007,C25,356468.1,25727017.0,0.0138557882555913
USA,2007,C26,448542.6,25727017.0,0.017434691320801
USA,2007,C27,126199.0,25727017.0,0.004905310242536
USA,2007,C28,348276.2,25727017.0,0.0135373720163515
USA,2007,C29,482046.6,25727017.0,0.0187369798838318
USA,2007,C30,263525.8,25727017.0,0.0102431541130477
USA,2007,C31T33,262687.6,25727017.0,0.0102105735771854
USA,2007,D,413865.6,25727017.0,0.0160868086649921
USA,2007,E,84849.9,25727017.0,0.0032980854329128
USA,2007,F,1337675.1,25727017.0,0.0519949553420826
USA,2007,G,2387222.7,25727017.0,0.0927904972426457
USA,2007,H49,411673.0,25727017.0,0.0160015830828735
USA,2007,H50,49470.1,25727017.0,0.0019228851910814
USA,2007,H51,147186.9,25727017.0,0.0057211024503929
USA,2007,H52,160837.8,25727017.0,0.0062517080779322
USA,2007,H53,158499.7,25727017.0,0.0061608269625662
USA,2007,I,665529.0,25727017.0,0.0258688755093526
USA,2007,J58T60,565486.5,25727017.0,0.0219802591182646
USA,2007,J61,501347.4,25727017.0,0.0194871951147698
USA,2007,J62_63,372469.6,25727017.0,0.0144777608690506
USA,2007,K,2006163.6,25727017.0,0.0779788655637768
USA,2007,L,2412879.5,25727017.0,0.093787767932831
USA,2007,M,1696421.2,25727017.0,0.0659392886474168
USA,2007,N,846691.6,25727017.0,0.0329106013339984
USA,2007,O,2079201.6,25727017.0,0.0808178266450401
USA,2007,P,1033290.6,25727017.0,0.0401636380929821
USA,2007,Q,1540180.7,25727017.0,0.0598662759852803
USA,2007,R,231392.8,25727017.0,0.0089941558323687
USA,2007,S,368202.1,25727017.0,0.0143118846619489
USA,2007,T,18043.0,25727017.0,0.0007013249923222
USA,2007,HFCE,7661572.676515536,25727017.0,0.2978026048070608
USA,2008,A01_02,377717.1,26501561.1,0.0142526358569873
USA,2008,A03,4492.5,26501561.1,0.0001695183156587
USA,2008,B05_06,418764.0,26501561.1,0.0158014842378474
USA,2008,B07_08,64095.5,26501561.1,0.0024185556374639
USA,2008,B09,109850.1,26501561.1,0.0041450426103389
USA,2008,C10T12,762667.7,26501561.1,0.0287782178990202
USA,2008,C13T15,83166.7,26501561.1,0.0031381811692594
USA,2008,C16,89009.2,26501561.1,0.0033586398802748
USA,2008,C17_18,276367.2,26501561.1,0.010428336615989
USA,2008,C19,711608.1,26501561.1,0.0268515540392071
USA,2008,C20,523326.2,26501561.1,0.0197469952062559
USA,2008,C21,211665.7,26501561.1,0.0079869144010539
USA,2008,C22,198634.9,26501561.1,0.0074952150648966
USA,2008,C23,135927.5,26501561.1,0.0051290374739471
USA,2008,C24,305693.4,26501561.1,0.0115349204843634
USA,2008,C25,365419.8,26501561.1,0.0137886141356404
USA,2008,C26,427935.4,26501561.1,0.0161475544170867
USA,2008,C27,126952.4,26501561.1,0.0047903744055288
USA,2008,C28,357219.0,26501561.1,0.0134791682139811
USA,2008,C29,398664.1,26501561.1,0.0150430421247901
USA,2008,C30,269185.6,26501561.1,0.0101573488061425
USA,2008,C31T33,263626.9,26501561.1,0.00994759889824
USA,2008,D,485729.7,26501561.1,0.018328342929202
USA,2008,E,88363.6,26501561.1,0.0033342790512065
USA,2008,F,1274358.0,26501561.1,0.0480861484042915
USA,2008,G,2386052.0,26501561.1,0.0900343942380058
USA,2008,H49,429743.8,26501561.1,0.0162157919066888
USA,2008,H50,53002.0,26501561.1,0.0019999576553246
USA,2008,H51,157816.7,26501561.1,0.0059549963643462
USA,2008,H52,174018.7,26501561.1,0.0065663565758773
USA,2008,H53,150614.0,26501561.1,0.0056832123749872
USA,2008,I,680168.6,26501561.1,0.0256652276986052
USA,2008,J58T60,566670.4,26501561.1,0.0213825290465624
USA,2008,J61,517379.7,26501561.1,0.0195226121981168
USA,2008,J62_63,417089.8,26501561.1,0.01573831060088
USA,2008,K,1973371.3,26501561.1,0.0744624549683603
USA,2008,L,2425835.4,26501561.1,0.0915355661821748
USA,2008,M,1755580.7,26501561.1,0.066244425880255
USA,2008,N,879683.7,26501561.1,0.0331936559012744
USA,2008,O,2232256.5,26501561.1,0.084231132331295
USA,2008,P,1092752.9,26501561.1,0.041233529446686
USA,2008,Q,1637064.7,26501561.1,0.0617723874387158
USA,2008,R,237066.0,26501561.1,0.0089453598263688
USA,2008,S,385847.4,26501561.1,0.0145594215580002
USA,2008,T,19106.5,26501561.1,0.0007209575288
USA,2008,HFCE,7818094.421444143,26501561.1,0.2950050524172383
USA,2009,A01_02,344935.6,24483111.8,0.0140887156345869
USA,2009,A03,4010.7,24483111.8,0.000163814960809
USA,2009,B05_06,267328.7,24483111.8,0.010918902065382
USA,2009,B07_08,55523.1,24483111.8,0.0022678122149489
USA,2009,B09,72250.6,24483111.8,0.0029510382744729
USA,2009,C10T12,748181.8,24483111.8,0.0305590974755096
USA,2009,C13T15,70644.3,24483111.8,0.0028854297842972
USA,2009,C16,65829.6,24483111.8,0.0026887758605913
USA,2009,C17_18,244416.7,24483111.8,0.0099830733117838
USA,2009,C19,461719.1,24483111.8,0.0188586771065596
USA,2009,C20,416145.7,24483111.8,0.0169972552263556
USA,2009,C21,204320.9,24483111.8,0.0083453811618831
USA,2009,C22,167802.2,24483111.8,0.0068537938057367
USA,2009,C23,110332.7,24483111.8,0.0045064818925509
USA,2009,C24,187686.5,24483111.8,0.0076659577235602
USA,2009,C25,285851.4,24483111.8,0.0116754521375832
USA,2009,C26,354618.2,24483111.8,0.0144841964083993
USA,2009,C27,102933.2,24483111.8,0.0042042531538004
USA,2009,C28,286607.9,24483111.8,0.0117063509876224
USA,2009,C29,323533.0,24483111.8,0.0132145375409346
USA,2009,C30,247911.8,24483111.8,0.0101258288580784
USA,2009,C31T33,235039.0,24483111.8,0.0096000460202938
USA,2009,D,397002.0,24483111.8,0.0162153407313199
USA,2009,E,84047.3,24483111.8,0.003432868366022
USA,2009,F,1097754.9,24483111.8,0.0448372293917311
USA,2009,G,2167384.9,24483111.8,0.0885257118337383
USA,2009,H49,359625.0,24483111.8,0.0146886965569466
USA,2009,H50,45076.9,24483111.8,0.0018411425952807
USA,2009,H51,133367.8,24483111.8,0.0054473386017867
USA,2009,H52,163235.6,24483111.8,0.0066672733978202
USA,2009,H53,135124.1,24483111.8,0.0055190737641446
USA,2009,I,662033.7,24483111.8,0.0270404230233511
USA,2009,J58T60,530069.9,24483111.8,0.0216504300731902
USA,2009,J61,514503.5,24483111.8,0.021014628540805
USA,2009,J62_63,420126.3,24483111.8,0.0171598407682801
USA,2009,K,1863374.4,24483111.8,0.0761085606773237
USA,2009,L,2390861.1,24483111.8,0.0976534812866394
USA,2009,M,1669897.5,24483111.8,0.068206097069736
USA,2009,N,798671.8,24483111.8,0.0326213353320553
USA,2009,O,2327294.9,24483111.8,0.09505715282483
USA,2009,P,1126862.3,24483111.8,0.0460261060442488
USA,2009,Q,1720124.9,24483111.8,0.0702576091655146
USA,2009,R,233948.8,24483111.8,0.0095555173668732
USA,2009,S,367691.1,24483111.8,0.015018152226875
USA,2009,T,17410.4,24483111.8,0.0007111187557457
USA,2009,HFCE,7663637.048531842,24483111.8,0.3130172794673854
USA,2010,A01_02,371769.4,25966572.0,0.0143172306302117
USA,2010,A03,4547.1,25966572.0,0.0001751136037517
USA,2010,B05_06,343939.7,25966572.0,0.0132454796112478
USA,2010,B07_08,60787.5,25966572.0,0.0023409905627897
USA,2010,B09,82482.9,25966572.0,0.0031765032365458
USA,2010,C10T12,773677.3,25966572.0,0.0297951265958402
USA,2010,C13T15,73012.7,25966572.0,0.0028117958735562
USA,2010,C16,71779.6,25966572.0,0.0027643078955512
USA,2010,C17_18,252879.2,25966572.0,0.0097386439765711
USA,2010,C19,585274.9,25966572.0,0.0225395520055554
USA,2010,C20,506898.3,25966572.0,0.0195211867011171
USA,2010,C21,207785.5,25966572.0,0.0080020381589067
USA,2010,C22,186476.1,25966572.0,0.0071813907511549
USA,2010,C23,114139.2,25966572.0,0.0043956206464218
USA,2010,C24,259986.0,25966572.0,0.0100123343196783
USA,2010,C25,303038.0,25966572.0,0.0116703121228323
USA,2010,C26,363246.7,25966572.0,0.013989012488826
USA,2010,C27,109350.9,25966572.0,0.0042112181769699
USA,2010,C28,318985.2,25966572.0,0.0122844555684901
USA,2010,C29,407913.8,25966572.0,0.0157091894917819
USA,2010,C30,248758.8,25966572.0,0.0095799630386329
USA,2010,C31T33,235064.8,25966572.0,0.0090525926949464
USA,2010,D,453562.6,25966572.0,0.0174671727943141
USA,2010,E,91887.8,25966572.0,0.0035386958278512
USA,2010,F,1014877.2,25966572.0,0.0390839884448359
USA,2010,G,2439966.4,25966572.0,0.0939656724807571
USA,2010,H49,395720.8,25966572.0,0.0152396242368842
USA,2010,H50,49083.2,25966572.0,0.0018902456589187
USA,2010,H51,151326.7,25966572.0,0.0058277503861503
USA,2010,H52,182140.3,25966572.0,0.0070144145326537
USA,2010,H53,134872.8,25966572.0,0.005194093390533
USA,2010,I,680276.0,25966572.0,0.0261981442910523
USA,2010,J58T60,555082.9,25966572.0,0.0213768263288662
USA,2010,J61,524896.8,25966572.0,0.0202143278673827
USA,2010,J62_63,464093.4,25966572.0,0.0178727249788689
USA,2010,K,1895871.5,25966572.0,0.07301200558934
USA,2010,L,2469828.4,25966572.0,0.0951156895103443
USA,2010,M,1733018.6,25966572.0,0.0667403691176486
USA,2010,N,845696.1,25966572.0,0.0325686463349879
USA,2010,O,2418995.1,25966572.0,0.0931580456596273
USA,2010,P,1161397.0,25966572.0,0.0447266200559704
USA,2010,Q,1792825.7,25966572.0,0.0690436034452295
USA,2010,R,235059.1,25966572.0,0.009052373181951
USA,2010,S,378978.5,25966572.0,0.0145948606539207
USA,2010,T,15321.5,25966572.0,0.000590047080531
USA,2010,HFCE,7965829.352149502,25966572.0,0.3067724670067925
USA,2011,A01_02,432198.8,27501394.7,0.0157155229658225
USA,2011,A03,5318.5,27501394.7,0.0001933901919527
USA,2011,B05_06,417558.1,27501394.7,0.0151831608743828
USA,2011,B07_08,69027.5,27501394.7,0.0025099636128636
USA,2011,B09,97699.0,27501394.7,0.0035525107386644
USA,2011,C10T12,830347.1,27501394.7,0.0301929087254618
USA,2011,C13T15,77721.7,27501394.7,0.0028261003068328
USA,2011,C16,72894.0,27501394.7,0.0026505564825045
USA,2011,C17_18,259610.2,27501394.7,0.0094398921520878
USA,2011,C19,793970.3,27501394.7,0.0288701830820238
USA,2011,C20,566126.0,27501394.7,0.0205853559856002
USA,2011,C21,212766.6,27501394.7,0.0077365749017812
USA,2011,C22,200599.4,27501394.7,0.0072941537034119
USA,2011,C23,116334.0,27501394.7,0.0042301127367914
USA,2011,C24,310659.3,27501394.7,0.0112961289195998
USA,2011,C25,331642.9,27501394.7,0.0120591302229482
USA,2011,C26,366428.4,27501394.7,0.0133239933464174
USA,2011,C27,118862.5,27501394.7,0.0043220535284343
USA,2011,C28,369897.2,27501394.7,0.0134501251312901
USA,2011,C29,469246.3,27501394.7,0.0170626364633063
USA,2011,C30,258631.3,27501394.7,0.009404297593678
USA,2011,C31T33,241584.3,27501394.7,0.0087844381216055
USA,2011,D,442984.6,27501394.7,0.0161077139844111
USA,2011,E,93086.7,27501394.7,0.0033847992443815
USA,2011,F,1019039.6,27501394.7,0.0370541062050209
USA,2011,G,2628362.2,27501394.7,0.0955719602104398
USA,2011,H49,439586.7,27501394.7,0.0159841602506072
USA,2011,H50,51156.8,27501394.7,0.0018601529325347
USA,2011,H51,181132.0,27501394.7,0.0065862841494362
USA,2011,H52,200563.5,27501394.7,0.007292848315071
USA,2011,H53,136563.7,27501394.7,0.0049657008849809
USA,2011,I,726326.5,27501394.7,0.026410533281063
USA,2011,J58T60,569906.1,27501394.7,0.0207228071963928
USA,2011,J61,539923.2,27501394.7,0.0196325752162671
USA,2011,J62_63,515798.9,27501394.7,0.0187553724320752
USA,2011,K,1964355.4,27501394.7,0.0714274829123484
USA,2011,L,2525884.4,27501394.7,0.0918456837390868
USA,2011,M,1812597.8,27501394.7,0.0659093045924685
USA,2011,N,899431.6,27501394.7,0.0327049449604823
USA,2011,O,2446261.2,27501394.7,0.0889504414843368
USA,2011,P,1181323.2,27501394.7,0.0429550287498691
USA,2011,Q,1866835.5,27501394.7,0.0678814845706716
USA,2011,R,240851.9,27501394.7,0.0087578067449793
USA,2011,S,383971.4,27501394.7,0.0139618882674339
USA,2011,T,16328.4,27501394.7,0.000593729888179
USA,2011,HFCE,8216677.800000001,27501394.7,0.2987731309496096
USA,2012,A01_02,453600.3,28649988.9,0.0158324773382372
USA,2012,A03,5304.9,28649988.9,0.0001851623754032
USA,2012,B05_06,400868.3,28649988.9,0.0139919181609176
USA,2012,B07_08,68468.7,28649988.9,0.002389833386637
USA,2012,B09,125791.9,28649988.9,0.004390643934944
USA,2012,C10T12,869668.6,28649988.9,0.0303549367169213
USA,2012,C13T15,70856.6,28649988.9,0.0024731807138675
USA,2012,C16,80638.3,28649988.9,0.0028146014395139
USA,2012,C17_18,261756.8,28649988.9,0.0091363665414893
USA,2012,C19,808935.1,28649988.9,0.0282350929636834
USA,2012,C20,584444.6,28649988.9,0.0203994703816447
USA,2012,C21,204449.0,28649988.9,0.0071360935152055
USA,2012,C22,216178.8,28649988.9,0.0075455107767947
USA,2012,C23,123367.5,28649988.9,0.0043060226107103
USA,2012,C24,297325.2,28649988.9,0.0103778469526736
USA,2012,C25,352169.4,28649988.9,0.0122921304168463
USA,2012,C26,360225.6,28649988.9,0.012573324243068
USA,2012,C27,123517.1,28649988.9,0.004311244253222
USA,2012,C28,403078.1,28649988.9,0.0140690490808532
USA,2012,C29,483199.0,28649988.9,0.0168655911765466
USA,2012,C30,290387.2,28649988.9,0.0101356828099853
USA,2012,C31T33,246442.9,28649988.9,0.0086018497549924
USA,2012,D,419177.1,28649988.9,0.0146309690193283
USA,2012,E,93248.9,28649988.9,0.0032547621685116
USA,2012,F,1072638.3,28649988.9,0.0374393967042688
USA,2012,G,2806100.4,28649988.9,0.0979442054862366
USA,2012,H49,464852.8,28649988.9,0.0162252349075081
USA,2012,H50,52784.1,28649988.9,0.0018423776771515
USA,2012,H51,181903.2,28649988.9,0.0063491542923425
USA,2012,H52,218194.2,28649988.9,0.0076158563537872
USA,2012,H53,135812.8,28649988.9,0.0047404137039648
USA,2012,I,774099.8,28649988.9,0.027019200695048
USA,2012,J58T60,593120.9,28649988.9,0.0207023081953096
USA,2012,J61,551340.6,28649988.9,0.0192440074557934
USA,2012,J62_63,571248.9,28649988.9,0.0199388873061657
USA,2012,K,2132373.3,28649988.9,0.0744284162706953
USA,2012,L,2631124.6,28649988.9,0.0918368453538912
USA,2012,M,1893244.2,28649988.9,0.06608184759192
USA,2012,N,945309.8,28649988.9,0.0329951192406919
USA,2012,O,2451161.6,28649988.9,0.0855554118556744
USA,2012,P,1205241.4,28649988.9,0.0420677789512162
USA,2012,Q,1951979.8,28649988.9,0.0681319565886463
USA,2012,R,251775.6,28649988.9,0.0087879824623596
USA,2012,S,405252.7,28649988.9,0.0141449513790213
USA,2012,T,17330.0,28649988.9,0.0006048867963086
USA,2012,HFCE,8555493.8,28649988.9,0.2986211907397982
USA,2013,A01_02,488625.1,29740180.2,0.0164297962121964
USA,2013,A03,5605.0,29740180.2,0.0001884655695529
USA,2013,B05_06,458361.0,29740180.2,0.0154121796477884
USA,2013,B07_08,63418.4,29740180.2,0.0021324147861081
USA,2013,B09,122147.5,29740180.2,0.0041071539976748
USA,2013,C10T12,894624.6,29740180.2,0.0300813442952843
USA,2013,C13T15,73492.5,29740180.2,0.0024711518055966
USA,2013,C16,90443.1,29740180.2,0.0030411080024323
USA,2013,C17_18,266862.5,29740180.2,0.0089731298938128
USA,2013,C19,809726.3,29740180.2,0.0272266776648515
USA,2013,C20,593211.8,29740180.2,0.0199464763162396
USA,2013,C21,233354.4,29740180.2,0.0078464353084182
USA,2013,C22,223909.3,29740180.2,0.0075288481271542
USA,2013,C23,129242.3,29740180.2,0.004345713412994
USA,2013,C24,292350.9,29740180.2,0.0098301657230711
USA,2013,C25,361334.6,29740180.2,0.0121497111843323
USA,2013,C26,356733.7,29740180.2,0.0119950080194873
USA,2013,C27,123773.8,29740180.2,0.0041618375937076
USA,2013,C28,395499.5,29740180.2,0.0132984903702769
USA,2013,C29,532604.4,29740180.2,0.0179085801235326
USA,2013,C30,305932.8,29740180.2,0.0102868509182738
USA,2013,C31T33,258218.0,29740180.2,0.0086824625225371
USA,2013,D,449146.3,29740180.2,0.0151023395614798
USA,2013,E,94991.3,29740180.2,0.0031940391538044
USA,2013,F,1153760.4,29740180.2,0.0387946674243755
USA,2013,G,2942767.3,29740180.2,0.0989492087879144
USA,2013,H49,484700.2,29740180.2,0.0162978232391476
USA,2013,H50,52469.1,29740180.2,0.0017642495656431
USA,2013,H51,185620.6,29740180.2,0.0062414080463439
USA,2013,H52,228253.4,29740180.2,0.0076749165090801
USA,2013,H53,136361.2,29740180.2,0.0045850831798255
USA,2013,I,806643.2,29740180.2,0.0271230098330069
USA,2013,J58T60,612136.1,29740180.2,0.0205827972757206
USA,2013,J61,564753.1,29740180.2,0.0189895655037086
USA,2013,J62_63,595128.5,29740180.2,0.0200109244798725
USA,2013,K,2270963.1,29740180.2,0.0763600988537386
USA,2013,L,2760823.4,29740180.2,0.0928314281027792
USA,2013,M,1941990.4,29740180.2,0.0652985418023795
USA,2013,N,992070.3,29740180.2,0.033357911530072
USA,2013,O,2467644.2,29740180.2,0.0829734111698489
USA,2013,P,1240115.9,29740180.2,0.0416983317404378
USA,2013,Q,1990220.3,29740180.2,0.0669202502007704
USA,2013,R,260778.6,29740180.2,0.0087685615301012
USA,2013,S,411139.4,29740180.2,0.0138243748771905
USA,2013,T,18232.4,29740180.2,0.0006130561374338
USA,2013,HFCE,8823219.5,29740180.2,0.2966767329809252
USA,2014,A01_02,498321.4,31112499.6,0.0160167587434858
USA,2014,A03,5612.7,31112499.6,0.0001804001630264
USA,2014,B05_06,506983.2,31112499.6,0.0162951613183789
USA,2014,B07_08,68297.8,31112499.6,0.0021951884573105
USA,2014,B09,152191.6,31112499.6,0.0048916545426006
USA,2014,C10T12,923864.5,31112499.6,0.0296943193853829
USA,2014,C13T15,74804.5,31112499.6,0.002404323052205
USA,2014,C16,97445.1,31112499.6,0.0031320241463337
USA,2014,C17_18,266719.8,31112499.6,0.0085727538265681
USA,2014,C19,743857.1,31112499.6,0.0239086254580458
USA,2014,C20,577043.0,31112499.6,0.0185469829624361
USA,2014,C21,248807.3,31112499.6,0.0079970205929709
USA,2014,C22,230691.6,31112499.6,0.0074147562222869
USA,2014,C23,135842.7,31112499.6,0.004366177637492
USA,2014,C24,294864.3,31112499.6,0.0094773580969367
USA,2014,C25,374765.8,31112499.6,0.0120455059804966
USA,2014,C26,351628.3,31112499.6,0.0113018338134426
USA,2014,C27,126580.5,31112499.6,0.0040684773524271
USA,2014,C28,408289.1,31112499.6,0.0131229925351288
USA,2014,C29,592851.5,31112499.6,0.0190550906427331
USA,2014,C30,324855.1,31112499.6,0.010441305075983
USA,2014,C31T33,256480.8,31112499.6,0.0082436577998381
USA,2014,D,494342.6,31112499.6,0.0158888744509618
USA,2014,E,100382.8,31112499.6,0.0032264460037148
USA,2014,F,1256585.0,31112499.6,0.0403884296072437
USA,2014,G,3087091.7,31112499.6,0.0992235191543401
USA,2014,H49,526128.8,31112499.6,0.0169105281402719
USA,2014,H50,55998.1,31112499.6,0.001799858600882
USA,2014,H51,194173.6,31112499.6,0.0062410157491814
USA,2014,H52,241737.5,31112499.6,0.0077697871629703
USA,2014,H53,141275.4,31112499.6,0.0045407923444376
USA,2014,I,862234.9,31112499.6,0.0277134563627282
USA,2014,J58T60,639363.5,31112499.6,0.0205500524940143
USA,2014,J61,593831.9,31112499.6,0.0190866020935199
USA,2014,J62_63,633718.1,31112499.6,0.0203686013064665
USA,2014,K,2432247.2,31112499.6,0.0781758852959535
USA,2014,L,2881098.2,31112499.6,0.0926025950033278
USA,2014,M,2052684.0,31112499.6,0.0659761840543342
USA,2014,N,1078870.3,31112499.6,0.0346764263196647
USA,2014,O,2507064.9,31112499.6,0.0805806326149378
USA,2014,P,1274896.9,31112499.6,0.0409770001250558
USA,2014,Q,2064044.7,31112499.6,0.0663413331148745
USA,2014,R,274770.6,31112499.6,0.0088315179922091
USA,2014,S,438316.3,31112499.6,0.0140881094619604
USA,2014,T,20844.9,31112499.6,0.0006699847414381
USA,2014,HFCE,9237549.6,31112499.6,0.2969079861394357
USA,2015,A01_02,458945.1,31520999.3,0.0145599793849175
USA,2015,A03,5197.5,31520999.3,0.0001648900769462
USA,2015,B05_06,299385.0,31520999.3,0.0094979539560473
USA,2015,B07_08,64883.5,31520999.3,0.0020584214155926
USA,2015,B09,120471.4,31520999.3,0.0038219410131454
USA,2015,C10T12,921611.5,31520999.3,0.0292380165751915
USA,2015,C13T15,72098.9,31520999.3,0.0022873291329948
USA,2015,C16,100820.9,31520999.3,0.0031985312090026
USA,2015,C17_18,264691.2,31520999.3,0.0083972972265508
USA,2015,C19,477491.9,31520999.3,0.0151483744362127
USA,2015,C20,514666.0,31520999.3,0.0163277183918467
USA,2015,C21,265990.1,31520999.3,0.0084385046764681
USA,2015,C22,232957.8,31520999.3,0.0073905588392941
USA,2015,C23,141396.5,31520999.3,0.0044857873525602
USA,2015,C24,254764.2,31520999.3,0.008082364317682
USA,2015,C25,370265.9,31520999.3,0.0117466421821214
USA,2015,C26,368084.0,31520999.3,0.0116774216609306
USA,2015,C27,128649.6,31520999.3,0.0040813934474469
USA,2015,C28,377805.7,31520999.3,0.0119858414514161
USA,2015,C29,637558.5,31520999.3,0.020226468518084
USA,2015,C30,331648.6,31520999.3,0.010521512876021
USA,2015,C31T33,264835.4,31520999.3,0.0084018719546115
USA,2015,D,471326.9,31520999.3,0.0149527905354193
USA,2015,E,100789.1,31520999.3,0.0031975223577381
USA,2015,F,1383295.5,31520999.3,0.0438848872408686
USA,2015,G,3212328.6,31520999.3,0.1019107474806485
USA,2015,H49,524343.0,31520999.3,0.0166347200800832
USA,2015,H50,53164.3,31520999.3,0.0016866311722547
USA,2015,H51,193033.2,31520999.3,0.0061239555942631
USA,2015,H52,252793.3,31520999.3,0.0080198377467049
USA,2015,H53,142918.6,31520999.3,0.0045340757962581
USA,2015,I,928084.2,31520999.3,0.0294433622223391
USA,2015,J58T60,646516.5,31520999.3,0.0205106600157819
USA,2015,J61,607248.9,31520999.3,0.0192649000185726
USA,2015,J62_63,666455.7,31520999.3,0.0211432287935109
USA,2015,K,2542994.9,31520999.3,0.0806762144752181
USA,2015,L,3033624.9,31520999.3,0.0962413935905896
USA,2015,M,2156334.4,31520999.3,0.0684094555339811
USA,2015,N,1119561.4,31520999.3,0.0355179538993866
USA,2015,O,2551701.5,31520999.3,0.080952430337448
USA,2015,P,1313974.4,31520999.3,0.0416856834865638
USA,2015,Q,2181064.6,31520999.3,0.0691940182239082
USA,2015,R,290629.3,31520999.3,0.0092201804020851
USA,2015,S,453283.2,31520999.3,0.0143803562725246
USA,2015,T,21313.7,31520999.3,0.0006761746287656
USA,2015,HFCE,9687557.1,31520999.3,0.3073366109938018
USA,2016,A01_02,436808.2,32186629.9,0.0135711070515027
USA,2016,A03,5545.9,32186629.9,0.0001723044635996
USA,2016,B05_06,254581.0,32186629.9,0.0079095264335207
USA,2016,B07_08,63557.5,32186629.9,0.0019746553210903
USA,2016,B09,61581.5,32186629.9,0.0019132633702666
USA,2016,C10T12,921732.2,32186629.9,0.0286371143193217
USA,2016,C13T15,71215.7,32186629.9,0.0022125864130932
USA,2016,C16,104502.8,32186629.9,0.0032467766996631
USA,2016,C17_18,262208.3,32186629.9,0.008146497499572
USA,2016,C19,409700.6,32186629.9,0.0127289064208614
USA,2016,C20,501629.6,32186629.9,0.0155850302302074
USA,2016,C21,272697.7,32186629.9,0.0084723905810343
USA,2016,C22,230389.7,32186629.9,0.007157931747306
USA,2016,C23,146681.4,32186629.9,0.0045572152305389
USA,2016,C24,230430.4,32186629.9,0.0071591962475077
USA,2016,C25,361339.8,32186629.9,0.0112263943482942
USA,2016,C26,369204.4,32186629.9,0.0114707380408285
USA,2016,C27,121311.1,32186629.9,0.0037689904279167
USA,2016,C28,351796.5,32186629.9,0.0109298954594808
USA,2016,C29,646442.1,32186629.9,0.0200841809785124
USA,2016,C30,309096.5,32186629.9,0.009603257655751
USA,2016,C31T33,258901.7,32186629.9,0.0080437654021056
USA,2016,D,456068.6,32186629.9,0.0141695045867476
USA,2016,E,106968.8,32186629.9,0.0033233923629885
USA,2016,F,1492455.8,32186629.9,0.0463688122874896
USA,2016,G,3280103.9,32186629.9,0.1019088954075306
USA,2016,H49,519012.4,32186629.9,0.0161250929846495
USA,2016,H50,52021.6,32186629.9,0.0016162487393562
USA,2016,H51,193160.2,32186629.9,0.0060012558195786
USA,2016,H52,263384.3,32186629.9,0.0081830344095763
USA,2016,H53,145884.6,32186629.9,0.0045324596098829
USA,2016,I,972235.6,32186629.9,0.0302061944049631
USA,2016,J58T60,684241.7,32186629.9,0.0212585692297036
USA,2016,J61,633193.7,32186629.9,0.0196725690750245
USA,2016,J62_63,725962.8,32186629.9,0.0225547937841109
USA,2016,K,2621196.6,32186629.9,0.0814374356104924
USA,2016,L,3181342.4,32186629.9,0.0988404940151873
USA,2016,M,2219221.0,32186629.9,0.0689485356775423
USA,2016,N,1189016.0,32186629.9,0.0369413015184916
USA,2016,O,2607472.9,32186629.9,0.0810110567058777
USA,2016,P,1356096.9,32186629.9,0.0421323047555221
USA,2016,Q,2295530.7,32186629.9,0.0713193865630524
USA,2016,R,303548.5,32186629.9,0.0094308879476692
USA,2016,S,477109.1,32186629.9,0.0148232076946956
USA,2016,T,20047.2,32186629.9,0.0006228424678906
USA,2016,HFCE,9954765.299999995,32186629.9,0.3092826223474859
USA,2017,A01_02,455092.0,33693874.9,0.0135066685369571
USA,2017,A03,5855.5,33693874.9,0.0001737852953208
USA,2017,B05_06,330668.6,33693874.9,0.0098139083433232
USA,2017,B07_08,68910.2,33693874.9,0.0020451847762989
USA,2017,B09,87448.1,33693874.9,0.002595370828067
USA,2017,C10T12,917297.8,33693874.9,0.0272244674357712
USA,2017,C13T15,67472.3,33693874.9,0.0020025093640981
USA,2017,C16,111666.9,33693874.9,0.0033141602244151
USA,2017,C17_18,265005.6,33693874.9,0.0078650971663695
USA,2017,C19,511512.1,33693874.9,0.01518115982558
USA,2017,C20,521192.4,33693874.9,0.0154684613018492
USA,2017,C21,264374.4,33693874.9,0.0078463637911827
USA,2017,C22,235846.1,33693874.9,0.0069996728099682
USA,2017,C23,150235.4,33693874.9,0.0044588341485175
USA,2017,C24,248434.0,33693874.9,0.0073732689023547
USA,2017,C25,364740.3,33693874.9,0.0108251218087118
USA,2017,C26,385271.1,33693874.9,0.0114344551092281
USA,2017,C27,122767.4,33693874.9,0.0036436117948547
USA,2017,C28,363046.5,33693874.9,0.0107748515443084
USA,2017,C29,639857.6,33693874.9,0.0189903239653804
USA,2017,C30,338431.2,33693874.9,0.010044294430499
USA,2017,C31T33,262131.7,33693874.9,0.0077798027320389
USA,2017,D,468230.0,33693874.9,0.0138965910388656
USA,2017,E,114149.3,33693874.9,0.0033878353362082
USA,2017,F,1566939.8,33693874.9,0.0465051824597354
USA,2017,G,3445688.4,33693874.9,0.1022645335458285
USA,2017,H49,559640.0,33693874.9,0.016609547036693
USA,2017,H50,55501.5,33693874.9,0.0016472281732131
USA,2017,H51,201575.1,33693874.9,0.0059825443229149
USA,2017,H52,274550.1,33693874.9,0.0081483682365069
USA,2017,H53,149124.7,33693874.9,0.0044258697001335
USA,2017,I,1021445.6,33693874.9,0.0303154684058021
USA,2017,J58T60,715306.3,33693874.9,0.0212295647835981
USA,2017,J61,621406.7,33693874.9,0.0184427199852872
USA,2017,J62_63,799456.4,33693874.9,0.0237270543198936
USA,2017,K,2796807.5,33693874.9,0.0830064071971728
USA,2017,L,3293279.5,33693874.9,0.0977411921239133
USA,2017,M,2349418.8,33693874.9,0.0697283647835945
USA,2017,N,1256121.2,33693874.9,0.037280401964097
USA,2017,O,2677866.6,33693874.9,0.0794763620375405
USA,2017,P,1392637.9,33693874.9,0.0413320790242501
USA,2017,Q,2387681.9,33693874.9,0.0708639747457482
USA,2017,R,323545.7,33693874.9,0.0096025079027048
USA,2017,S,487560.6,33693874.9,0.0144703036218609
USA,2017,T,18684.1,33693874.9,0.0005545251193414
USA,2017,HFCE,10413129.2,33693874.9,0.3090511029350323
USA,2018,A01_02,455968.0,35723718.3,0.0127637329398602
USA,2018,A03,5702.8,35723718.3,0.00015963623809
USA,2018,B05_06,432374.0,35723718.3,0.0121032753748928
USA,2018,B07_08,72430.2,35723718.3,0.0020275101094389
USA,2018,B09,105359.9,35723718.3,0.0029492982537598
USA,2018,C10T12,930105.2,35723718.3,0.0260360691512898
USA,2018,C13T15,67616.8,35723718.3,0.0018927704958416
USA,2018,C16,120084.8,35723718.3,0.0033614865897092
USA,2018,C17_18,272918.7,35723718.3,0.0076397058589503
USA,2018,C19,639201.4,35723718.3,0.0178929134596831
USA,2018,C20,549748.7,35723718.3,0.0153888992008986
USA,2018,C21,272345.8,35723718.3,0.0076236688945114
USA,2018,C22,251658.8,35723718.3,0.0070445858375274
USA,2018,C23,157188.5,35723718.3,0.004400115874836
USA,2018,C24,282005.9,35723718.3,0.0078940802755126
USA,2018,C25,394868.0,35723718.3,0.0110533846640482
USA,2018,C26,419858.1,35723718.3,0.0117529227073767
USA,2018,C27,131389.0,35723718.3,0.0036779206155592
USA,2018,C28,392564.2,35723718.3,0.0109888952964898
USA,2018,C29,671859.9,35723718.3,0.0188071100090384
USA,2018,C30,341150.2,35723718.3,0.0095496834101952
USA,2018,C31T33,275751.1,35723718.3,0.007718992118466
USA,2018,D,512005.2,35723718.3,0.0143323602459377
USA,2018,E,120984.7,35723718.3,0.0033866771365734
USA,2018,F,1643031.2,35723718.3,0.0459927263506609
USA,2018,G,3619147.9,35723718.3,0.1013093841354134
USA,2018,H49,621702.0,35723718.3,0.0174030596361521
USA,2018,H50,60185.8,35723718.3,0.0016847574346705
USA,2018,H51,216721.5,35723718.3,0.0060665997357839
USA,2018,H52,290865.1,35723718.3,0.0081420723777233
USA,2018,H53,157190.6,35723718.3,0.0044001746593103
USA,2018,I,1077812.7,35723718.3,0.0301707871210035
USA,2018,J58T60,769847.9,35723718.3,0.0215500495646893
USA,2018,J61,632885.3,35723718.3,0.0177161093558393
USA,2018,J62_63,894472.7,35723718.3,0.0250386225892952
USA,2018,K,2954556.9,35723718.3,0.082705749585983
USA,2018,L,3444952.2,35723718.3,0.096433192398116
USA,2018,M,2471276.1,35723718.3,0.0691774601749672
USA,2018,N,1360590.3,35723718.3,0.0380864692911879
USA,2018,O,2816964.6,35723718.3,0.0788541824326276
USA,2018,P,1452915.6,35723718.3,0.0406708951122817
USA,2018,Q,2492414.6,35723718.3,0.0697691818939239
USA,2018,R,343498.8,35723718.3,0.0096154268465385
USA,2018,S,505590.1,35723718.3,0.0141527848740202
USA,2018,T,21956.5,35723718.3,0.0006146196713235
USA,2018,HFCE,10945380.9,35723718.3,0.3063897438694113
USA,2019,A01_02,452287.7,36918681.0,0.0122509170899144
USA,2019,A03,5613.5,36918681.0,0.0001520503942164
USA,2019,B05_06,397487.9,36918681.0,0.010766579120202
USA,2019,B07_08,74632.1,36918681.0,0.0020215267170568
USA,2019,B09,107220.9,36918681.0,0.0029042451435358
USA,2019,C10T12,954201.5,36918681.0,0.0258460344236025
USA,2019,C13T15,67536.5,36918681.0,0.0018293313349954
USA,2019,C16,111822.4,36918681.0,0.003028883940897
USA,2019,C17_18,272786.8,36918681.0,0.0073888555227636
USA,2019,C19,569112.3,36918681.0,0.0154152934120262
USA,2019,C20,515826.7,36918681.0,0.0139719699086757
USA,2019,C21,293967.2,36918681.0,0.00796255965916
USA,2019,C22,250125.4,36918681.0,0.0067750361937361
USA,2019,C23,162258.3,36918681.0,0.0043950188794664
USA,2019,C24,264169.0,36918681.0,0.007155428981875
USA,2019,C25,401614.7,36918681.0,0.0108783599284058
USA,2019,C26,425249.9,36918681.0,0.011518556147767
USA,2019,C27,132273.0,36918681.0,0.0035828203071501
USA,2019,C28,399079.0,36918681.0,0.0108096765428862
USA,2019,C29,676330.2,36918681.0,0.0183194572958876
USA,2019,C30,338389.3,36918681.0,0.0091658014542827
USA,2019,C31T33,273820.6,36918681.0,0.0074168576065867
USA,2019,D,512689.4,36918681.0,0.0138869912497686
USA,2019,E,126519.8,36918681.0,0.0034269859207591
USA,2019,F,1717041.8,36918681.0,0.0465087525743403
USA,2019,G,3699899.9,36918681.0,0.1002175538178083
USA,2019,H49,635495.0,36918681.0,0.0172133722762197
USA,2019,H50,61283.4,36918681.0,0.0016599563781815
USA,2019,H51,234177.5,36918681.0,0.0063430624728982
USA,2019,H52,300744.9,36918681.0,0.0081461442243833
USA,2019,H53,158924.0,36918681.0,0.0043047041686023
USA,2019,I,1128654.9,36918681.0,0.0305713765884539
USA,2019,J58T60,805007.9,36918681.0,0.0218048933004946
USA,2019,J61,642295.3,36918681.0,0.0173975689976573
USA,2019,J62_63,959711.6,36918681.0,0.0259952840677054
USA,2019,K,3047810.3,36918681.0,0.0825546909435903
USA,2019,L,3691872.9,36918681.0,0.1000001300154791
USA,2019,M,2638301.7,36918681.0,0.0714625124337459
USA,2019,N,1450123.9,36918681.0,0.0392788653527464
USA,2019,O,2940741.1,36918681.0,0.0796545548309269
USA,2019,P,1509071.7,36918681.0,0.0408755583656956
USA,2019,Q,2613603.7,36918681.0,0.0707935286203751
USA,2019,R,359250.7,36918681.0,0.0097308649786269
USA,2019,S,516681.8,36918681.0,0.0139951316245561
USA,2019,T,22972.9,36918681.0,0.0006222567918935
USA,2019,HFCE,11438093.5,36918681.0,0.3098185847972196
USA,2020,A01_02,478821.8,35844816.1,0.0133581882151154
USA,2020,A03,4784.5,35844816.1,0.0001334781572501
USA,2020,B05_06,270340.4,35844816.1,0.0075419664379307
USA,2020,B07_08,71444.6,35844816.1,0.0019931640826579
USA,2020,B09,62584.6,35844816.1,0.0017459874762755
USA,2020,C10T12,979205.1,35844816.1,0.0273178999515079
USA,2020,C13T15,63689.9,35844816.1,0.0017768231763923
USA,2020,C16,121861.1,35844816.1,0.0033996854568881
USA,2020,C17_18,253512.7,35844816.1,0.0070725066434362
USA,2020,C19,327697.9,35844816.1,0.0091421280858517
USA,2020,C20,463142.4,35844816.1,0.0129207637363216
USA,2020,C21,298843.4,35844816.1,0.008337144181917
USA,2020,C22,236308.1,35844816.1,0.0065925320788575
USA,2020,C23,160502.2,35844816.1,0.0044776962881391
USA,2020,C24,223115.9,35844816.1,0.0062244955972866
USA,2020,C25,364715.9,35844816.1,0.0101748576135113
USA,2020,C26,435668.4,35844816.1,0.0121542930722414
USA,2020,C27,126965.0,35844816.1,0.0035420742471043
USA,2020,C28,356918.5,35844816.1,0.0099573254610727
USA,2020,C29,610365.2,35844816.1,0.0170279908340776
USA,2020,C30,267013.4,35844816.1,0.0074491496693715
USA,2020,C31T33,265433.8,35844816.1,0.0074050819303826
USA,2020,D,483291.0,35844816.1,0.0134828701213506
USA,2020,E,126922.4,35844816.1,0.003540885790735
USA,2020,F,1787084.0,35844816.1,0.0498561352641449
USA,2020,G,3712297.8,35844816.1,0.1035658207770802
USA,2020,H49,581772.4,35844816.1,0.0162303078463834
USA,2020,H50,39753.1,35844816.1,0.0011090334482145
USA,2020,H51,103916.5,35844816.1,0.0028990663450495
USA,2020,H52,305441.1,35844816.1,0.0085212070595613
USA,2020,H53,171508.9,35844816.1,0.0047847616102011
USA,2020,I,867245.2,35844816.1,0.0241944385369576
USA,2020,J58T60,850162.1,35844816.1,0.0237178535838547
USA,2020,J61,636992.1,35844816.1,0.0177708290711526
USA,2020,J62_63,1019696.6,35844816.1,0.0284475333101234
USA,2020,K,3142449.4,35844816.1,0.08766816912195
USA,2020,L,3722780.9,35844816.1,0.103858278687054
USA,2020,M,2685893.5,35844816.1,0.0749311558052602
USA,2020,N,1375409.7,35844816.1,0.0383712304775919
USA,2020,O,3009160.3,35844816.1,0.0839496649000802
USA,2020,P,1495144.8,35844816.1,0.041711604708163
USA,2020,Q,2552751.5,35844816.1,0.0712167553846091
USA,2020,R,227488.0,35844816.1,0.0063464686041449
USA,2020,S,482248.4,35844816.1,0.0134537836281436
USA,2020,T,22471.6,35844816.1,0.000626913524603
USA,2020,HFCE,11576953.3,35844816.1,0.3229742696322551
GBR,1995,A01_02,31058.3,2275328.4,0.0136500295957278
GBR,1995,A03,1377.8,2275328.4,0.0006055389630789
GBR,1995,B05_06,29889.8,2275328.4,0.013136477354214
GBR,1995,B07_08,4789.6,2275328.4,0.0021050148189597
GBR,1995,B09,5403.7,2275328.4,0.0023749099250903
GBR,1995,C10T12,93411.7,2275328.4,0.0410541616761782
GBR,1995,C13T15,26375.1,2275328.4,0.0115917772572961
GBR,1995,C16,7560.2,2275328.4,0.0033226852000792
GBR,1995,C17_18,30742.9,2275328.4,0.0135114122427338
GBR,1995,C19,13982.7,2275328.4,0.0061453546661659
GBR,1995,C20,46027.1,2275328.4,0.0202287722510737
GBR,1995,C21,19557.4,2275328.4,0.0085954185778193
GBR,1995,C22,24901.3,2275328.4,0.0109440465824625
GBR,1995,C23,17269.8,2275328.4,0.0075900252464655
GBR,1995,C24,25039.3,2275328.4,0.0110046971681098
GBR,1995,C25,37394.8,2275328.4,0.0164349023200343
GBR,1995,C26,32591.4,2275328.4,0.0143238224425098
GBR,1995,C27,19534.0,2275328.4,0.0085851343480791
GBR,1995,C28,38982.0,2275328.4,0.0171324719543781
GBR,1995,C29,40851.0,2275328.4,0.0179538918426017
GBR,1995,C30,21803.1,2275328.4,0.0095823969849802
GBR,1995,C31T33,37536.6,2275328.4,0.0164972229942719
GBR,1995,D,48494.4,2275328.4,0.0213131431928683
GBR,1995,E,28464.6,2275328.4,0.0125101062334562
GBR,1995,F,147876.0,2275328.4,0.06499105799409
GBR,1995,G,236010.3,2275328.4,0.1037258182159551
GBR,1995,H49,50064.1,2275328.4,0.0220030216297568
GBR,1995,H50,7762.2,2275328.4,0.003411463593563
GBR,1995,H51,16975.3,2275328.4,0.0074605933807181
GBR,1995,H52,28576.5,2275328.4,0.0125592859474702
GBR,1995,H53,16328.6,2275328.4,0.0071763706724708
GBR,1995,I,60008.7,2275328.4,0.0263736434705425
GBR,1995,J58T60,48521.1,2275328.4,0.0213248777627001
GBR,1995,J61,39844.1,2275328.4,0.0175113623158749
GBR,1995,J62_63,29524.5,2275328.4,0.0129759291010475
GBR,1995,K,167897.9,2275328.4,0.0737906229272222
GBR,1995,L,209512.2,2275328.4,0.0920799828279733
GBR,1995,M,105551.1,2275328.4,0.0463893915269549
GBR,1995,N,78590.8,2275328.4,0.0345404206267543
GBR,1995,O,108975.1,2275328.4,0.0478942292462046
GBR,1995,P,85387.1,2275328.4,0.0375273740704858
GBR,1995,Q,97461.4,2275328.4,0.0428339926667288
GBR,1995,R,26171.0,2275328.4,0.0115020759201177
GBR,1995,S,29318.6,2275328.4,0.0128854366692737
GBR,1995,T,1933.2,2275328.4,0.0008496355954595
GBR,1995,HFCE,651816.4905637694,2275328.4,0.2864713904875311
GBR,1996,A01_02,30616.7,2404483.4,0.0127331717074861
GBR,1996,A03,1374.4,2404483.4,0.0005715988723398
GBR,1996,B05_06,34203.3,2404483.4,0.0142248018846792
GBR,1996,B07_08,5666.3,2404483.4,0.0023565560901772
GBR,1996,B09,6208.5,2404483.4,0.0025820515126034
GBR,1996,C10T12,96166.5,2404483.4,0.0399946616391695
GBR,1996,C13T15,27613.4,2404483.4,0.0114841300214424
GBR,1996,C16,7629.2,2404483.4,0.0031729060803663
GBR,1996,C17_18,31619.9,2404483.4,0.0131503923046422
GBR,1996,C19,16634.8,2404483.4,0.0069182428125725
GBR,1996,C20,46683.3,2404483.4,0.0194151059641335
GBR,1996,C21,19420.9,2404483.4,0.0080769532449257
GBR,1996,C22,26262.2,2404483.4,0.0109221797913015
GBR,1996,C23,17374.0,2404483.4,0.0072256685157402
GBR,1996,C24,25926.8,2404483.4,0.0107826903691662
GBR,1996,C25,39378.5,2404483.4,0.0163771145186529
GBR,1996,C26,38653.1,2404483.4,0.0160754280940346
GBR,1996,C27,19981.0,2404483.4,0.0083098930938762
GBR,1996,C28,40216.4,2404483.4,0.0167255885401413
GBR,1996,C29,45681.6,2404483.4,0.0189985092016023
GBR,1996,C30,22488.2,2404483.4,0.0093526118749665
GBR,1996,C31T33,38500.2,2404483.4,0.0160118385512663
GBR,1996,D,55373.4,2404483.4,0.0230292294802284
GBR,1996,E,29073.7,2404483.4,0.0120914538233035
GBR,1996,F,158994.8,2404483.4,0.066124307616347
GBR,1996,G,251367.4,2404483.4,0.1045411251331575
GBR,1996,H49,51540.0,2404483.4,0.0214349577127461
GBR,1996,H50,8537.2,2404483.4,0.0035505339733266
GBR,1996,H51,17815.5,2404483.4,0.0074092838403459
GBR,1996,H52,30836.6,2404483.4,0.0128246258635014
GBR,1996,H53,16834.2,2404483.4,0.0070011712287138
GBR,1996,I,65399.0,2404483.4,0.02719877375739
GBR,1996,J58T60,50433.9,2404483.4,0.0209749420603194
GBR,1996,J61,40923.1,2404483.4,0.0170194978264354
GBR,1996,J62_63,31279.7,2404483.4,0.0130089066117071
GBR,1996,K,178635.7,2404483.4,0.0742927566062631
GBR,1996,L,222562.2,2404483.4,0.0925613377077171
GBR,1996,M,111567.3,2404483.4,0.046399696500296
GBR,1996,N,83532.7,2404483.4,0.034740393716172
GBR,1996,O,111320.0,2404483.4,0.0462968469651318
GBR,1996,P,88107.1,2404483.4,0.036642839788372
GBR,1996,Q,101936.1,2404483.4,0.0423941791405172
GBR,1996,R,27775.6,2404483.4,0.0115515873388853
GBR,1996,S,30260.9,2404483.4,0.0125851981344516
GBR,1996,T,2078.1,2404483.4,0.0008642604893841
GBR,1996,HFCE,688382.4918384033,2404483.4,0.2862912224049471
GBR,1997,A01_02,32416.2,2659473.0,0.0121889562330582
GBR,1997,A03,1438.9,2659473.0,0.0005410470420267
GBR,1997,B05_06,31786.2,2659473.0,0.0119520671952676
GBR,1997,B07_08,5996.7,2659473.0,0.002254845226855
GBR,1997,B09,5862.5,2659473.0,0.0022043841016622
GBR,1997,C10T12,103253.1,2659473.0,0.0388246468379261
GBR,1997,C13T15,30504.1,2659473.0,0.0114699792026465
GBR,1997,C16,8576.8,2659473.0,0.0032249998401939
GBR,1997,C17_18,34863.7,2659473.0,0.0131092513441572
GBR,1997,C19,17322.3,2659473.0,0.0065134333005072
GBR,1997,C20,48856.0,2659473.0,0.0183705568734858
GBR,1997,C21,19818.7,2659473.0,0.007452115513111
GBR,1997,C22,29322.1,2659473.0,0.0110255302460299
GBR,1997,C23,18428.8,2659473.0,0.0069294931740235
GBR,1997,C24,28803.1,2659473.0,0.010830378800612
GBR,1997,C25,42305.9,2659473.0,0.0159076253077207
GBR,1997,C26,48829.8,2659473.0,0.0183607052976285
GBR,1997,C27,21863.5,2659473.0,0.008220989647197
GBR,1997,C28,44984.2,2659473.0,0.0169147045298072
GBR,1997,C29,54143.8,2659473.0,0.0203588455306746
GBR,1997,C30,25789.2,2659473.0,0.0096971091641088
GBR,1997,C31T33,42032.5,2659473.0,0.0158048229856065
GBR,1997,D,65182.8,2659473.0,0.0245096678928494
GBR,1997,E,32098.6,2659473.0,0.0120695340768641
GBR,1997,F,175908.0,2659473.0,0.0661439315232754
GBR,1997,G,281571.4,2659473.0,0.1058748857386407
GBR,1997,H49,57478.6,2659473.0,0.0216127781707127
GBR,1997,H50,8963.1,2659473.0,0.0033702541819375
GBR,1997,H51,19776.2,2659473.0,0.0074361349034188
GBR,1997,H52,34388.9,2659473.0,0.0129307197328192
GBR,1997,H53,18658.0,2659473.0,0.0070156756620578
GBR,1997,I,73327.3,2659473.0,0.0275721167313975
GBR,1997,J58T60,56506.1,2659473.0,0.0212471042195201
GBR,1997,J61,45254.4,2659473.0,0.0170163036060151
GBR,1997,J62_63,37748.2,2659473.0,0.0141938647243269
GBR,1997,K,202375.0,2659473.0,0.0760959032108993
GBR,1997,L,244401.2,2659473.0,0.0918983573061279
GBR,1997,M,124260.8,2659473.0,0.0467238434080737
GBR,1997,N,94981.3,2659473.0,0.0357143313731705
GBR,1997,O,117021.1,2659473.0,0.0440016123495143
GBR,1997,P,95832.5,2659473.0,0.0360343947842298
GBR,1997,Q,109909.8,2659473.0,0.0413276615329428
GBR,1997,R,30366.6,2659473.0,0.0114182772301128
GBR,1997,S,33933.8,2659473.0,0.0127595956040914
GBR,1997,T,2331.2,2659473.0,0.0008765646426942
GBR,1997,HFCE,756878.8893991349,2659473.0,0.2845973203710415
GBR,1998,A01_02,32087.1,2827921.7,0.0113465305634169
GBR,1998,A03,1475.4,2827921.7,0.0005217259020997
GBR,1998,B05_06,27644.1,2827921.7,0.009775412098574
GBR,1998,B07_08,6397.6,2827921.7,0.0022622974320682
GBR,1998,B09,4910.4,2827921.7,0.0017363988543247
GBR,1998,C10T12,104572.6,2827921.7,0.0369786051714232
GBR,1998,C13T15,29061.4,2827921.7,0.010276592877377
GBR,1998,C16,8381.6,2827921.7,0.0029638727267448
GBR,1998,C17_18,36056.8,2827921.7,0.0127502823009562
GBR,1998,C19,14192.9,2827921.7,0.0050188447579719
GBR,1998,C20,47419.4,2827921.7,0.0167682860526159
GBR,1998,C21,20366.8,2827921.7,0.007202038161099
GBR,1998,C22,29964.0,2827921.7,0.0105957672024653
GBR,1998,C23,17997.0,2827921.7,0.0063640375898667
GBR,1998,C24,28773.3,2827921.7,0.0101747159406853
GBR,1998,C25,43891.9,2827921.7,0.015520903566743
GBR,1998,C26,49701.5,2827921.7,0.017575274449784
GBR,1998,C27,21372.1,2827921.7,0.007557528908951
GBR,1998,C28,45274.7,2827921.7,0.0160098845735368
GBR,1998,C29,57069.6,2827921.7,0.0201807567727211
GBR,1998,C30,27961.8,2827921.7,0.009887756086033
GBR,1998,C31T33,43459.6,2827921.7,0.0153680351192184
GBR,1998,D,69248.7,2827921.7,0.024487488461933
GBR,1998,E,35454.0,2827921.7,0.0125371222265453
GBR,1998,F,191767.7,2827921.7,0.0678122382242761
GBR,1998,G,309560.1,2827921.7,0.1094655838596945
GBR,1998,H49,59623.3,2827921.7,0.0210837874330113
GBR,1998,H50,8394.8,2827921.7,0.0029685404656005
GBR,1998,H51,21017.7,2827921.7,0.0074322071930067
GBR,1998,H52,38557.6,2827921.7,0.0136346066441655
GBR,1998,H53,19123.1,2827921.7,0.0067622452205801
GBR,1998,I,78329.0,2827921.7,0.0276984330931086
GBR,1998,J58T60,60229.4,2827921.7,0.021298114442136
GBR,1998,J61,50794.6,2827921.7,0.0179618127333582
GBR,1998,J62_63,48113.3,2827921.7,0.0170136605974627
GBR,1998,K,222311.3,2827921.7,0.0786129615964968
GBR,1998,L,259754.5,2827921.7,0.0918534979239347
GBR,1998,M,137891.1,2827921.7,0.0487605791914252
GBR,1998,N,105966.2,2827921.7,0.0374714052372807
GBR,1998,O,121521.7,2827921.7,0.0429720879471309
GBR,1998,P,100780.9,2827921.7,0.03563779718512
GBR,1998,Q,118905.2,2827921.7,0.0420468501656181
GBR,1998,R,32724.7,2827921.7,0.011571996494811
GBR,1998,S,37418.2,2827921.7,0.0132316959129384
GBR,1998,T,2403.0,2827921.7,0.0008497406416874
GBR,1998,HFCE,801867.5327920606,2827921.7,0.2835536545414467
GBR,1999,A01_02,30164.9,2878964.3,0.0104776915781831
GBR,1999,A03,1523.8,2878964.3,0.0005292875635866
GBR,1999,B05_06,29493.8,2878964.3,0.0102445869162045
GBR,1999,B07_08,6075.4,2878964.3,0.0021102727810831
GBR,1999,B09,4567.5,2878964.3,0.0015865080369353
GBR,1999,C10T12,100806.0,2878964.3,0.03501467524276
GBR,1999,C13T15,26257.2,2878964.3,0.0091203631806063
GBR,1999,C16,8317.8,2878964.3,0.0028891639955382
GBR,1999,C17_18,35353.7,2878964.3,0.0122800063897978
GBR,1999,C19,16766.7,2878964.3,0.0058238652004125
GBR,1999,C20,46189.0,2878964.3,0.0160436167964986
GBR,1999,C21,21667.5,2878964.3,0.0075261440372845
GBR,1999,C22,28715.2,2878964.3,0.0099741424372646
GBR,1999,C23,17756.9,2878964.3,0.0061678083330175
GBR,1999,C24,25186.5,2878964.3,0.0087484586036721
GBR,1999,C25,41904.7,2878964.3,0.0145554774680603
GBR,1999,C26,46515.8,2878964.3,0.0161571298400608
GBR,1999,C27,21165.9,2878964.3,0.0073519147146076
GBR,1999,C28,42294.6,2878964.3,0.0146909081158109
GBR,1999,C29,54500.4,2878964.3,0.0189305577703759
GBR,1999,C30,29228.1,2878964.3,0.0101522967825617
GBR,1999,C31T33,44626.1,2878964.3,0.0155007479599521
GBR,1999,D,70806.1,2878964.3,0.0245942959417732
GBR,1999,E,35842.3,2878964.3,0.0124497201997259
GBR,1999,F,200545.6,2878964.3,0.0696589395012644
GBR,1999,G,318881.8,2878964.3,0.1107626794816455
GBR,1999,H49,61643.6,2878964.3,0.0214117278217031
GBR,1999,H50,9049.2,2878964.3,0.0031432136897286
GBR,1999,H51,21094.7,2878964.3,0.0073271835986295
GBR,1999,H52,39269.1,2878964.3,0.0136400093603105
GBR,1999,H53,19831.1,2878964.3,0.0068882757594458
GBR,1999,I,80005.6,2878964.3,0.0277897159058207
GBR,1999,J58T60,60650.2,2878964.3,0.0210666731782676
GBR,1999,J61,52903.5,2878964.3,0.0183758791312556
GBR,1999,J62_63,53003.8,2878964.3,0.0184107180488483
GBR,1999,K,224224.1,2878964.3,0.0778835986260753
GBR,1999,L,264946.4,2878964.3,0.0920283728422752
GBR,1999,M,147261.9,2878964.3,0.0511509989894629
GBR,1999,N,109520.1,2878964.3,0.0380414929077099
GBR,1999,O,127055.0,2878964.3,0.0441321901768632
GBR,1999,P,105028.7,2878964.3,0.0364814179877117
GBR,1999,Q,123327.5,2878964.3,0.0428374537329275
GBR,1999,R,33907.2,2878964.3,0.0117775687597098
GBR,1999,S,38560.4,2878964.3,0.0133938444460738
GBR,1999,T,2528.9,2878964.3,0.000878406168496
GBR,1999,HFCE,818421.8794770628,2878964.3,0.284276494667566
GBR,2000,A01_02,28011.7,2827579.0,0.0099066020790223
GBR,2000,A03,1431.3,2827579.0,0.0005061927535888
GBR,2000,B05_06,38427.8,2827579.0,0.0135903541510246
GBR,2000,B07_08,6369.7,2827579.0,0.0022527045221371
GBR,2000,B09,3982.2,2827579.0,0.0014083426139464
GBR,2000,C10T12,96509.5,2827579.0,0.0341314955302751
GBR,2000,C13T15,22410.7,2827579.0,0.0079257555668648
GBR,2000,C16,8106.7,2827579.0,0.0028670109659181
GBR,2000,C17_18,34127.3,2827579.0,0.0120694417379673
GBR,2000,C19,20216.8,2827579.0,0.0071498621258681
GBR,2000,C20,44783.3,2827579.0,0.0158380367091423
GBR,2000,C21,21165.4,2827579.0,0.0074853434687412
GBR,2000,C22,27394.4,2827579.0,0.0096882881079538
GBR,2000,C23,17508.5,2827579.0,0.0061920462699715
GBR,2000,C24,23902.4,2827579.0,0.0084533093505079
GBR,2000,C25,37881.0,2827579.0,0.013396973170334
GBR,2000,C26,44939.2,2827579.0,0.0158931722155243
GBR,2000,C27,19558.6,2827579.0,0.0069170834837859
GBR,2000,C28,39701.2,2827579.0,0.0140407040793555
GBR,2000,C29,52322.6,2827579.0,0.0185043813099474
GBR,2000,C30,28515.5,2827579.0,0.0100847757038795
GBR,2000,C31T33,43420.1,2827579.0,0.0153559281632803
GBR,2000,D,69328.8,2827579.0,0.0245187844442188
GBR,2000,E,34631.1,2827579.0,0.0122476153628245
GBR,2000,F,204193.2,2827579.0,0.0722148523524895
GBR,2000,G,304539.9,2827579.0,0.1077034098782032
GBR,2000,H49,61450.5,2827579.0,0.0217325492939366
GBR,2000,H50,10141.6,2827579.0,0.0035866725562751
GBR,2000,H51,19712.9,2827579.0,0.0069716531350671
GBR,2000,H52,37620.8,2827579.0,0.0133049509845701
GBR,2000,H53,18525.2,2827579.0,0.0065516118205715
GBR,2000,I,78977.2,2827579.0,0.0279310321656795
GBR,2000,J58T60,61875.7,2827579.0,0.0218829252869681
GBR,2000,J61,55162.5,2827579.0,0.0195087387478829
GBR,2000,J62_63,54988.5,2827579.0,0.0194472020056734
GBR,2000,K,210205.8,2827579.0,0.074341265089322
GBR,2000,L,256976.0,2827579.0,0.090881987735798
GBR,2000,M,147151.5,2827579.0,0.052041516788744
GBR,2000,N,109458.1,2827579.0,0.038710890128976
GBR,2000,O,127884.6,2827579.0,0.0452275957630184
GBR,2000,P,105761.8,2827579.0,0.0374036587483497
GBR,2000,Q,123003.8,2827579.0,0.0435014547780981
GBR,2000,R,34422.3,2827579.0,0.0121737712721731
GBR,2000,S,38023.2,2827579.0,0.0134472635424156
GBR,2000,T,2858.1,2827579.0,0.0010107940397067
GBR,2000,HFCE,807608.7004766074,2827579.0,0.2856184391228706
GBR,2001,A01_02,25621.3,2807390.8,0.0091263745681577
GBR,2001,A03,1576.3,2807390.8,0.0005614822133063
GBR,2001,B05_06,36110.6,2807390.8,0.0128626908658388
GBR,2001,B07_08,6372.9,2807390.8,0.0022700437716045
GBR,2001,B09,4027.9,2807390.8,0.0014347485928927
GBR,2001,C10T12,92052.8,2807390.8,0.0327894499048725
GBR,2001,C13T15,19681.7,2807390.8,0.0070106733982315
GBR,2001,C16,8029.9,2807390.8,0.0028602715375429
GBR,2001,C17_18,31611.3,2807390.8,0.0112600283508801
GBR,2001,C19,18718.7,2807390.8,0.0066676502608756
GBR,2001,C20,41601.9,2807390.8,0.0148187063945639
GBR,2001,C21,22550.7,2807390.8,0.0080326187576022
GBR,2001,C22,26475.0,2807390.8,0.009430464757525
GBR,2001,C23,16317.4,2807390.8,0.005812300873822
GBR,2001,C24,21832.4,2807390.8,0.0077767584049929
GBR,2001,C25,36397.9,2807390.8,0.0129650278828298
GBR,2001,C26,40576.9,2807390.8,0.0144535986938476
GBR,2001,C27,18448.0,2807390.8,0.0065712262076231
GBR,2001,C28,36763.5,2807390.8,0.0130952555661292
GBR,2001,C29,48912.0,2807390.8,0.0174225832755453
GBR,2001,C30,26929.9,2807390.8,0.009592501336116
GBR,2001,C31T33,40209.8,2807390.8,0.014322836706596
GBR,2001,D,61647.9,2807390.8,0.0219591444126695
GBR,2001,E,34153.6,2807390.8,0.0121656023094469
GBR,2001,F,208304.6,2807390.8,0.0741986473703625
GBR,2001,G,309939.1,2807390.8,0.1104011240615307
GBR,2001,H49,61247.6,2807390.8,0.021816556497941
GBR,2001,H50,10002.1,2807390.8,0.0035627743739845
GBR,2001,H51,19756.5,2807390.8,0.0070373173553179
GBR,2001,H52,38884.0,2807390.8,0.0138505832533183
GBR,2001,H53,18738.8,2807390.8,0.006674809933836
GBR,2001,I,78794.4,2807390.8,0.0280667728910417
GBR,2001,J58T60,60840.2,2807390.8,0.0216714395445051
GBR,2001,J61,52834.8,2807390.8,0.0188198949715159
GBR,2001,J62_63,57395.3,2807390.8,0.0204443570877271
GBR,2001,K,214189.5,2807390.8,0.0762948642561627
GBR,2001,L,255716.9,2807390.8,0.0910870335544307
GBR,2001,M,146721.6,2807390.8,0.0522626205086944
GBR,2001,N,112768.1,2807390.8,0.04016829434648
GBR,2001,O,130508.9,2807390.8,0.0464876140507406
GBR,2001,P,110768.5,2807390.8,0.0394560315578436
GBR,2001,Q,128811.9,2807390.8,0.0458831381794084
GBR,2001,R,34674.7,2807390.8,0.0123512195024647
GBR,2001,S,37071.6,2807390.8,0.013205001597925
GBR,2001,T,2801.4,2807390.8,0.0009978660612551
GBR,2001,HFCE,799995.8345435513,2807390.8,0.2849606241295481
GBR,2002,A01_02,30078.4,3049662.7,0.0098628612272432
GBR,2002,A03,1639.6,3049662.7,0.0005376332274385
GBR,2002,B05_06,34758.0,3049662.7,0.0113973260059219
GBR,2002,B07_08,6521.1,3049662.7,0.0021383020489446
GBR,2002,B09,4338.9,3049662.7,0.0014227475058143
GBR,2002,C10T12,98001.7,3049662.7,0.0321352587615673
GBR,2002,C13T15,19333.8,3049662.7,0.0063396519228175
GBR,2002,C16,8898.1,3049662.7,0.002917732508582
GBR,2002,C17_18,34081.5,3049662.7,0.0111754981952594
GBR,2002,C19,18535.2,3049662.7,0.0060777868975477
GBR,2002,C20,43156.4,3049662.7,0.0141512043282688
GBR,2002,C21,26064.7,3049662.7,0.0085467484650023
GBR,2002,C22,27401.6,3049662.7,0.0089851248139671
GBR,2002,C23,17289.6,3049662.7,0.0056693482856317
GBR,2002,C24,20916.5,3049662.7,0.0068586273491819
GBR,2002,C25,38128.1,3049662.7,0.0125023990358015
GBR,2002,C26,40232.4,3049662.7,0.0131924097704313
GBR,2002,C27,18406.1,3049662.7,0.0060354543471315
GBR,2002,C28,36960.6,3049662.7,0.0121195698134092
GBR,2002,C29,50812.0,3049662.7,0.016661514730793
GBR,2002,C30,25387.3,3049662.7,0.0083246255397359
GBR,2002,C31T33,42174.8,3049662.7,0.0138293326668552
GBR,2002,D,65891.0,3049662.7,0.0216059959680131
GBR,2002,E,37883.8,3049662.7,0.0124222918160752
GBR,2002,F,235829.4,3049662.7,0.0773296666546106
GBR,2002,G,331095.8,3049662.7,0.1085680065536427
GBR,2002,H49,65260.0,3049662.7,0.0213990878401076
GBR,2002,H50,10202.0,3049662.7,0.0033452879887339
GBR,2002,H51,19197.5,3049662.7,0.0062949584555695
GBR,2002,H52,41798.6,3049662.7,0.0137059747623892
GBR,2002,H53,19110.5,3049662.7,0.0062664307105175
GBR,2002,I,87724.7,3049662.7,0.0287653778891678
GBR,2002,J58T60,65971.9,3049662.7,0.0216325234918602
GBR,2002,J61,57262.6,3049662.7,0.0187766994690921
GBR,2002,J62_63,64011.5,3049662.7,0.0209896983033566
GBR,2002,K,243252.7,3049662.7,0.079763804698795
GBR,2002,L,275143.4,3049662.7,0.0902209283669305
GBR,2002,M,165602.0,3049662.7,0.054301742943572
GBR,2002,N,121697.4,3049662.7,0.0399052000078566
GBR,2002,O,145935.7,3049662.7,0.0478530625698376
GBR,2002,P,125148.4,3049662.7,0.0410368005615834
GBR,2002,Q,145844.5,3049662.7,0.0478231576233004
GBR,2002,R,40454.2,3049662.7,0.0132651391250579
GBR,2002,S,39700.3,3049662.7,0.0130179314584527
GBR,2002,T,2528.4,3049662.7,0.00082907529413
GBR,2002,HFCE,865893.1899768196,3049662.7,0.2839308065042142
GBR,2003,A01_02,33298.8,3492793.6,0.0095335722099353
GBR,2003,A03,1644.0,3492793.6,0.0004706834094061
GBR,2003,B05_06,38311.6,3492793.6,0.0109687557833362
GBR,2003,B07_08,7839.8,3492793.6,0.0022445643510111
GBR,2003,B09,4461.9,3492793.6,0.0012774588226455
GBR,2003,C10T12,109089.1,3492793.6,0.0312326213607354
GBR,2003,C13T15,18829.7,3492793.6,0.0053910142299848
GBR,2003,C16,9769.6,3492793.6,0.002797073379887
GBR,2003,C17_18,36890.6,3492793.6,0.0105619181162036
GBR,2003,C19,24555.1,3492793.6,0.0070302178748838
GBR,2003,C20,49089.5,3492793.6,0.0140545092615836
GBR,2003,C21,27470.4,3492793.6,0.0078648792760041
GBR,2003,C22,31005.0,3492793.6,0.0088768486062274
GBR,2003,C23,19516.3,3492793.6,0.0055875904032806
GBR,2003,C24,22974.2,3492793.6,0.0065776002338071
GBR,2003,C25,42332.1,3492793.6,0.0121198401188091
GBR,2003,C26,38924.8,3492793.6,0.0111443172593994
GBR,2003,C27,19792.2,3492793.6,0.0056665816153579
GBR,2003,C28,40222.7,3492793.6,0.0115159109315821
GBR,2003,C29,56849.3,3492793.6,0.0162761693104339
GBR,2003,C30,29689.1,3492793.6,0.0085001014660585
GBR,2003,C31T33,44505.1,3492793.6,0.0127419782262541
GBR,2003,D,75265.2,3492793.6,0.0215487110374915
GBR,2003,E,44617.7,3492793.6,0.0127742160315456
GBR,2003,F,275495.6,3492793.6,0.0788754308299236
GBR,2003,G,379209.2,3492793.6,0.1085690262373362
GBR,2003,H49,73838.3,3492793.6,0.0211401841780745
GBR,2003,H50,13015.2,3492793.6,0.0037263009185541
GBR,2003,H51,22193.8,3492793.6,0.0063541687662276
GBR,2003,H52,49012.7,3492793.6,0.0140325211315091
GBR,2003,H53,23999.4,3492793.6,0.0068711188659988
GBR,2003,I,100004.2,3492793.6,0.0286315801769678
GBR,2003,J58T60,75591.7,3492793.6,0.0216421892206856
GBR,2003,J61,66284.2,3492793.6,0.0189774168161554
GBR,2003,J62_63,75990.1,3492793.6,0.0217562526454469
GBR,2003,K,283905.2,3492793.6,0.0812831310730757
GBR,2003,L,308647.9,3492793.6,0.0883670595365268
GBR,2003,M,191876.2,3492793.6,0.0549348807785263
GBR,2003,N,137511.9,3492793.6,0.0393701763539649
GBR,2003,O,174947.5,3492793.6,0.0500881300286395
GBR,2003,P,144925.6,3492793.6,0.0414927466655916
GBR,2003,Q,172885.6,3492793.6,0.0494978002708204
GBR,2003,R,49251.1,3492793.6,0.0141007759519486
GBR,2003,S,44864.3,3492793.6,0.0128448185429565
GBR,2003,T,2400.1,3492793.6,0.0006871576952042
GBR,2003,HFCE,996179.8745343236,3492793.6,0.2852100606615643
GBR,2004,A01_02,37954.9,4142550.1,0.0091622066320935
GBR,2004,A03,2009.8,4142550.1,0.0004851600949859
GBR,2004,B05_06,44056.6,4142550.1,0.0106351399346986
GBR,2004,B07_08,8762.1,4142550.1,0.0021151464166963
GBR,2004,B09,5192.8,4142550.1,0.0012535273864279
GBR,2004,C10T12,126809.2,4142550.1,0.0306113859673055
GBR,2004,C13T15,19874.3,4142550.1,0.0047976003959493
GBR,2004,C16,11557.1,4142550.1,0.00278985159407
GBR,2004,C17_18,40989.7,4142550.1,0.0098947988583167
GBR,2004,C19,32823.0,4142550.1,0.0079233803352191
GBR,2004,C20,53233.2,4142550.1,0.0128503454912953
GBR,2004,C21,32390.5,4142550.1,0.007818976045697
GBR,2004,C22,36214.2,4142550.1,0.0087420065239524
GBR,2004,C23,22834.1,4142550.1,0.0055120878320819
GBR,2004,C24,27053.1,4142550.1,0.0065305426239745
GBR,2004,C25,48271.0,4142550.1,0.0116524842994656
GBR,2004,C26,42702.9,4142550.1,0.0103083605434246
GBR,2004,C27,21873.1,4142550.1,0.005280105121722
GBR,2004,C28,45512.6,4142550.1,0.0109866142596561
GBR,2004,C29,66122.7,4142550.1,0.0159618347162536
GBR,2004,C30,36435.7,4142550.1,0.0087954760040198
GBR,2004,C31T33,50571.8,4142550.1,0.0122078909800028
GBR,2004,D,87148.4,4142550.1,0.0210373798496727
GBR,2004,E,52775.6,4142550.1,0.0127398821320229
GBR,2004,F,332180.5,4142550.1,0.0801874429955596
GBR,2004,G,440005.0,4142550.1,0.1062159755171096
GBR,2004,H49,85997.1,4142550.1,0.0207594592519231
GBR,2004,H50,17635.8,4142550.1,0.0042572327610473
GBR,2004,H51,26311.8,4142550.1,0.0063515948787197
GBR,2004,H52,57913.5,4142550.1,0.0139801568121046
GBR,2004,H53,27148.3,4142550.1,0.0065535236375294
GBR,2004,I,120606.1,4142550.1,0.029113974988498
GBR,2004,J58T60,88332.7,4142550.1,0.0213232665550623
GBR,2004,J61,77414.4,4142550.1,0.0186876194931233
GBR,2004,J62_63,88030.7,4142550.1,0.0212503646002977
GBR,2004,K,365464.3,4142550.1,0.0882220591610949
GBR,2004,L,357407.3,4142550.1,0.0862771219109697
GBR,2004,M,229831.0,4142550.1,0.0554805601506183
GBR,2004,N,161572.0,4142550.1,0.039003028593426
GBR,2004,O,214892.8,4142550.1,0.0518745204795471
GBR,2004,P,171781.8,4142550.1,0.0414676457383098
GBR,2004,Q,211898.3,4142550.1,0.0511516565605326
GBR,2004,R,58792.0,4142550.1,0.014192224253365
GBR,2004,S,53211.2,4142550.1,0.0128450347528687
GBR,2004,T,2955.1,4142550.1,0.0007133528692869
GBR,2004,HFCE,1174190.0154696223,4142550.1,0.2834461834196338
GBR,2005,A01_02,33250.7,4308106.8,0.0077181698466713
GBR,2005,A03,2003.5,4308106.8,0.0004650534661768
GBR,2005,B05_06,51087.4,4308106.8,0.0118584339645433
GBR,2005,B07_08,9886.7,4308106.8,0.0022949059665837
GBR,2005,B09,5977.8,4308106.8,0.0013875700574554
GBR,2005,C10T12,126893.2,4308106.8,0.0294545158444075
GBR,2005,C13T15,18613.4,4308106.8,0.0043205521274449
GBR,2005,C16,11670.2,4308106.8,0.0027088929178821
GBR,2005,C17_18,39539.4,4308106.8,0.0091779061744708
GBR,2005,C19,39925.9,4308106.8,0.0092676207562913
GBR,2005,C20,57832.9,4308106.8,0.0134242029468721
GBR,2005,C21,31854.4,4308106.8,0.0073940599615589
GBR,2005,C22,36870.5,4308106.8,0.008558399712839
GBR,2005,C23,22340.5,4308106.8,0.0051856885256419
GBR,2005,C24,31123.6,4308106.8,0.0072244262839537
GBR,2005,C25,50269.7,4308106.8,0.0116686290135611
GBR,2005,C26,39121.2,4308106.8,0.0090808333720974
GBR,2005,C27,22505.9,4308106.8,0.0052240812600096
GBR,2005,C28,45626.3,4308106.8,0.0105908005808955
GBR,2005,C29,68995.8,4308106.8,0.0160153411238551
GBR,2005,C30,36928.7,4308106.8,0.0085719091272296
GBR,2005,C31T33,50975.1,4308106.8,0.0118323668299031
GBR,2005,D,105899.0,4308106.8,0.0245813311777693
GBR,2005,E,57318.3,4308106.8,0.0133047537261611
GBR,2005,F,347747.8,4308106.8,0.0807194009210728
GBR,2005,G,442243.9,4308106.8,0.1026538849965372
GBR,2005,H49,88949.1,4308106.8,0.0206469115389618
GBR,2005,H50,18649.8,4308106.8,0.004329001314452
GBR,2005,H51,28172.8,4308106.8,0.0065394850471209
GBR,2005,H52,62098.0,4308106.8,0.0144142201859991
GBR,2005,H53,27769.2,4308106.8,0.0064458012043712
GBR,2005,I,124272.4,4308106.8,0.0288461743798923
GBR,2005,J58T60,87367.4,4308106.8,0.0202797665090382
GBR,2005,J61,78197.0,4308106.8,0.0181511284724881
GBR,2005,J62_63,93188.9,4308106.8,0.0216310561288777
GBR,2005,K,369412.0,4308106.8,0.085748106337568
GBR,2005,L,369368.7,4308106.8,0.0857380555189579
GBR,2005,M,243805.7,4308106.8,0.0565923063931469
GBR,2005,N,169044.2,4308106.8,0.0392386279745896
GBR,2005,O,228004.1,4308106.8,0.0529244307499526
GBR,2005,P,182892.5,4308106.8,0.0424531026018203
GBR,2005,Q,229227.7,4308106.8,0.0532084534208854
GBR,2005,R,61828.9,4308106.8,0.0143517565534819
GBR,2005,S,55791.1,4308106.8,0.012950259264696
GBR,2005,T,3565.5,4308106.8,0.0008276257218135
GBR,2005,HFCE,1233177.6040528235,4308106.8,0.2862458293867793
GBR,2006,A01_02,35558.5,4706232.3,0.0075556193858088
GBR,2006,A03,2067.0,4706232.3,0.0004392048390811
GBR,2006,B05_06,56656.9,4706232.3,0.0120386960074197
GBR,2006,B07_08,10178.8,4706232.3,0.0021628341635409
GBR,2006,B09,7534.3,4706232.3,0.0016009196996076
GBR,2006,C10T12,131300.9,4706232.3,0.0278993665484808
GBR,2006,C13T15,17501.6,4706232.3,0.0037188134550859
GBR,2006,C16,12293.6,4706232.3,0.0026121957473284
GBR,2006,C17_18,39885.7,4706232.3,0.0084750810111944
GBR,2006,C19,45665.1,4706232.3,0.0097031121901908
GBR,2006,C20,62039.9,4706232.3,0.0131824984499808
GBR,2006,C21,35466.6,4706232.3,0.0075360920879319
GBR,2006,C22,37062.8,4706232.3,0.0078752593661813
GBR,2006,C23,23787.2,4706232.3,0.0050544041355544
GBR,2006,C24,33918.2,4706232.3,0.007207081554389
GBR,2006,C25,54562.6,4706232.3,0.0115936903497092
GBR,2006,C26,39935.3,4706232.3,0.0084856202274588
GBR,2006,C27,23209.8,4706232.3,0.0049317157591222
GBR,2006,C28,48596.9,4706232.3,0.0103260733644618
GBR,2006,C29,70791.6,4706232.3,0.0150420964133028
GBR,2006,C30,40856.7,4706232.3,0.0086814031683051
GBR,2006,C31T33,54106.5,4706232.3,0.0114967763066009
GBR,2006,D,132436.1,4706232.3,0.0281405786110473
GBR,2006,E,60945.7,4706232.3,0.0129499982395684
GBR,2006,F,376209.6,4706232.3,0.0799385954662714
GBR,2006,G,468818.9,4706232.3,0.0996166083854381
GBR,2006,H49,93791.7,4706232.3,0.0199292542359203
GBR,2006,H50,17102.5,4706232.3,0.0036340110113136
GBR,2006,H51,29951.5,4706232.3,0.006364220482699
GBR,2006,H52,64476.5,4706232.3,0.0137002374489674
GBR,2006,H53,29596.6,4706232.3,0.0062888098405172
GBR,2006,I,129845.0,4706232.3,0.0275900108033341
GBR,2006,J58T60,84447.9,4706232.3,0.0179438443784426
GBR,2006,J61,81750.1,4706232.3,0.0173706045067091
GBR,2006,J62_63,99376.7,4706232.3,0.0211159784866548
GBR,2006,K,483455.3,4706232.3,0.1027266121138984
GBR,2006,L,393319.8,4706232.3,0.0835742426059164
GBR,2006,M,272213.7,4706232.3,0.0578411099681586
GBR,2006,N,184964.8,4706232.3,0.0393020973486582
GBR,2006,O,241927.1,4706232.3,0.0514056860304154
GBR,2006,P,201971.7,4706232.3,0.0429157948705592
GBR,2006,Q,248426.1,4706232.3,0.0527866208389245
GBR,2006,R,66791.8,4706232.3,0.01419220211463
GBR,2006,S,57973.9,4706232.3,0.0123185376973423
GBR,2006,T,3462.8,4706232.3,0.0007357902838752
GBR,2006,HFCE,1313311.5036768247,4706232.3,0.2790579427362361
GBR,2007,A01_02,41552.2,5303714.100000001,0.007834547491917
GBR,2007,A03,2228.1,5303714.100000001,0.0004201018301495
GBR,2007,B05_06,62214.7,5303714.100000001,0.0117304022854474
GBR,2007,B07_08,9486.5,5303714.100000001,0.0017886522201488
GBR,2007,B09,8798.5,5303714.100000001,0.0016589318040352
GBR,2007,C10T12,145737.7,5303714.100000001,0.0274784230922251
GBR,2007,C13T15,19409.0,5303714.100000001,0.0036595109830675
GBR,2007,C16,13760.7,5303714.100000001,0.0025945403052551
GBR,2007,C17_18,43770.3,5303714.100000001,0.0082527638509021
GBR,2007,C19,51627.7,5303714.100000001,0.0097342539636516
GBR,2007,C20,67101.5,5303714.100000001,0.0126517943340875
GBR,2007,C21,37628.0,5303714.100000001,0.0070946508975662
GBR,2007,C22,40840.1,5303714.100000001,0.007700283090297
GBR,2007,C23,27357.4,5303714.100000001,0.0051581588834134
GBR,2007,C24,36867.9,5303714.100000001,0.0069513362343569
GBR,2007,C25,61077.2,5303714.100000001,0.011515929940492
GBR,2007,C26,42172.2,5303714.100000001,0.0079514467041125
GBR,2007,C27,25367.3,5303714.100000001,0.0047829312669776
GBR,2007,C28,55068.9,5303714.100000001,0.0103830823007597
GBR,2007,C29,79290.2,5303714.100000001,0.0149499385722921
GBR,2007,C30,45230.4,5303714.100000001,0.0085280614956224
GBR,2007,C31T33,60915.2,5303714.100000001,0.011485385307628
GBR,2007,D,154402.1,5303714.100000001,0.0291120707279451
GBR,2007,E,69037.6,5303714.100000001,0.0130168404062353
GBR,2007,F,446891.5,5303714.100000001,0.0842601036884699
GBR,2007,G,529767.8,5303714.100000001,0.099886191075043
GBR,2007,H49,107453.6,5303714.100000001,0.0202600664315597
GBR,2007,H50,19473.0,5303714.100000001,0.0036715779985199
GBR,2007,H51,33337.7,5303714.100000001,0.0062857272038852
GBR,2007,H52,72603.8,5303714.100000001,0.0136892371328989
GBR,2007,H53,32257.7,5303714.100000001,0.0060820963181254
GBR,2007,I,144325.6,5303714.100000001,0.0272121757090941
GBR,2007,J58T60,95251.0,5303714.100000001,0.0179593013884364
GBR,2007,J61,92044.8,5303714.100000001,0.0173547816236927
GBR,2007,J62_63,116990.1,5303714.100000001,0.0220581460075308
GBR,2007,K,495798.0,5303714.100000001,0.0934812832388533
GBR,2007,L,449261.8,5303714.100000001,0.0847070169185778
GBR,2007,M,318124.8,5303714.100000001,0.059981513709421
GBR,2007,N,213733.2,5303714.100000001,0.0402987785484138
GBR,2007,O,272990.3,5303714.100000001,0.0514715338822656
GBR,2007,P,232806.2,5303714.100000001,0.043894937700356
GBR,2007,Q,286873.0,5303714.100000001,0.0540890769357269
GBR,2007,R,74069.9,5303714.100000001,0.0139656660603179
GBR,2007,S,65387.4,5303714.100000001,0.0123286057217903
GBR,2007,T,3331.5,5303714.100000001,0.0006281447184342
GBR,2007,HFCE,1498575.6875648953,5303714.100000001,0.282552124663902
GBR,2008,A01_02,43334.9,5054272.1,0.0085739151241976
GBR,2008,A03,2232.5,5054272.1,0.0004417055425251
GBR,2008,B05_06,66371.6,5054272.1,0.0131317821215046
GBR,2008,B07_08,8108.7,5054272.1,0.0016043259720821
GBR,2008,B09,10436.4,5054272.1,0.0020648670656255
GBR,2008,C10T12,141427.2,5054272.1,0.0279817147161507
GBR,2008,C13T15,16792.9,5054272.1,0.0033225160157087
GBR,2008,C16,12317.0,5054272.1,0.0024369483392079
GBR,2008,C17_18,39918.4,5054272.1,0.0078979523085035
GBR,2008,C19,63929.8,5054272.1,0.012648666066079
GBR,2008,C20,60312.9,5054272.1,0.0119330536240816
GBR,2008,C21,38367.8,5054272.1,0.0075911623357199
GBR,2008,C22,35752.2,5054272.1,0.0070736595285402
GBR,2008,C23,23948.5,5054272.1,0.0047382688399383
GBR,2008,C24,33835.0,5054272.1,0.0066943368561419
GBR,2008,C25,56093.6,5054272.1,0.0110982548802625
GBR,2008,C26,41095.1,5054272.1,0.0081307652589578
GBR,2008,C27,21754.5,5054272.1,0.0043041806158398
GBR,2008,C28,51388.6,5054272.1,0.0101673592128132
GBR,2008,C29,73539.0,5054272.1,0.0145498696043689
GBR,2008,C30,44639.9,5054272.1,0.0088321125409927
GBR,2008,C31T33,54682.3,5054272.1,0.0108190257505131
GBR,2008,D,164114.6,5054272.1,0.0324704718608244
GBR,2008,E,65873.8,5054272.1,0.0130332911835118
GBR,2008,F,422157.1,5054272.1,0.0835248066680066
GBR,2008,G,491018.6,5054272.1,0.0971492215466595
GBR,2008,H49,100117.6,5054272.1,0.0198085101116736
GBR,2008,H50,21052.5,5054272.1,0.0041652882123224
GBR,2008,H51,34720.3,5054272.1,0.0068694956094666
GBR,2008,H52,67452.0,5054272.1,0.0133455418832713
GBR,2008,H53,30444.2,5054272.1,0.0060234588478131
GBR,2008,I,133360.6,5054272.1,0.0263857183312311
GBR,2008,J58T60,91770.7,5054272.1,0.0181570556915604
GBR,2008,J61,84959.7,5054272.1,0.0168094828135588
GBR,2008,J62_63,109566.1,5054272.1,0.0216779187649988
GBR,2008,K,439402.7,5054272.1,0.0869368904772657
GBR,2008,L,439794.5,5054272.1,0.0870144090580323
GBR,2008,M,297568.1,5054272.1,0.0588745706824925
GBR,2008,N,203697.5,5054272.1,0.0403020446801825
GBR,2008,O,266541.6,5054272.1,0.0527359023666335
GBR,2008,P,230474.1,5054272.1,0.0455998599679665
GBR,2008,Q,282722.3,5054272.1,0.0559372931267392
GBR,2008,R,69779.7,5054272.1,0.0138060829768148
GBR,2008,S,64086.8,5054272.1,0.0126797288970651
GBR,2008,T,3318.2,5054272.1,0.0006565139221531
GBR,2008,HFCE,1420458.9549651933,5054272.1,0.2810412512150252
GBR,2009,A01_02,36425.1,4225548.8,0.0086202057351698
GBR,2009,A03,1774.4,4225548.8,0.0004199217862541
GBR,2009,B05_06,42348.4,4225548.8,0.0100219881497996
GBR,2009,B07_08,5293.5,4225548.8,0.0012527366859424
GBR,2009,B09,9286.2,4225548.8,0.0021976317017093
GBR,2009,C10T12,124900.1,4225548.8,0.0295583144135029
GBR,2009,C13T15,13397.3,4225548.8,0.0031705467464959
GBR,2009,C16,8412.3,4225548.8,0.001990818328734
GBR,2009,C17_18,32714.4,4225548.8,0.0077420476128449
GBR,2009,C19,39981.7,4225548.8,0.009461895221752
GBR,2009,C20,50035.9,4225548.8,0.0118412784630483
GBR,2009,C21,34347.0,4225548.8,0.0081284116278576
GBR,2009,C22,29251.3,4225548.8,0.0069224854295849
GBR,2009,C23,18994.6,4225548.8,0.0044951794190614
GBR,2009,C24,22395.3,4225548.8,0.0052999742897301
GBR,2009,C25,42999.2,4225548.8,0.0101760036471475
GBR,2009,C26,32395.0,4225548.8,0.007666459798074
GBR,2009,C27,17929.0,4225548.8,0.0042429991578845
GBR,2009,C28,34776.9,4225548.8,0.0082301498920092
GBR,2009,C29,51730.8,4225548.8,0.0122423861250874
GBR,2009,C30,38582.7,4225548.8,0.009130813966697
GBR,2009,C31T33,43105.1,4225548.8,0.0102010654805359
GBR,2009,D,142154.9,4225548.8,0.0336417603318177
GBR,2009,E,55679.9,4225548.8,0.0131769629544924
GBR,2009,F,314098.5,4225548.8,0.0743331848398011
GBR,2009,G,409077.7,4225548.8,0.0968105492001417
GBR,2009,H49,80539.7,4225548.8,0.0190601750948894
GBR,2009,H50,15235.6,4225548.8,0.0036055908288173
GBR,2009,H51,26766.6,4225548.8,0.0063344671347778
GBR,2009,H52,52685.7,4225548.8,0.0124683686057536
GBR,2009,H53,26858.5,4225548.8,0.0063562157890591
GBR,2009,I,111023.3,4225548.8,0.0262742912825903
GBR,2009,J58T60,74920.6,4225548.8,0.0177303833291429
GBR,2009,J61,72144.6,4225548.8,0.0170734272433441
GBR,2009,J62_63,91988.2,4225548.8,0.0217695273096834
GBR,2009,K,410532.8,4225548.8,0.09715490683719
GBR,2009,L,368694.5,4225548.8,0.0872536367347124
GBR,2009,M,255226.7,4225548.8,0.0604008407144653
GBR,2009,N,165710.8,4225548.8,0.0392163971695226
GBR,2009,O,235001.4,4225548.8,0.0556144091863286
GBR,2009,P,206423.1,4225548.8,0.0488511930095328
GBR,2009,Q,259576.1,4225548.8,0.061430150800767
GBR,2009,R,57960.5,4225548.8,0.0137166798310316
GBR,2009,S,59650.8,4225548.8,0.0141166988770784
GBR,2009,T,2522.1,4225548.8,0.0005968692161359
GBR,2009,HFCE,1169976.2699308796,4225548.8,0.276881495234626
GBR,2010,A01_02,35735.0,4326920.8,0.0082587599014985
GBR,2010,A03,2014.9,4326920.8,0.0004656660228215
GBR,2010,B05_06,51990.0,4326920.8,0.0120154729894755
GBR,2010,B07_08,5074.3,4326920.8,0.0011727277282265
GBR,2010,B09,9210.7,4326920.8,0.0021286962312783
GBR,2010,C10T12,128080.6,4326920.8,0.0296008653544109
GBR,2010,C13T15,14671.3,4326920.8,0.0033907022287073
GBR,2010,C16,9417.8,4326920.8,0.0021765593675761
GBR,2010,C17_18,31468.8,4326920.8,0.0072727931604387
GBR,2010,C19,49537.3,4326920.8,0.0114486264689661
GBR,2010,C20,51441.6,4326920.8,0.011888731589448
GBR,2010,C21,35557.3,4326920.8,0.0082176914354429
GBR,2010,C22,28539.2,4326920.8,0.0065957296930417
GBR,2010,C23,19892.5,4326920.8,0.0045973801970214
GBR,2010,C24,24313.8,4326920.8,0.0056191922902771
GBR,2010,C25,43830.1,4326920.8,0.0101296284415467
GBR,2010,C26,34389.2,4326920.8,0.0079477304044945
GBR,2010,C27,18747.5,4326920.8,0.004332757835549
GBR,2010,C28,41429.0,4326920.8,0.0095747072606459
GBR,2010,C29,61715.4,4326920.8,0.0142631221722385
GBR,2010,C30,39982.7,4326920.8,0.0092404510847529
GBR,2010,C31T33,43552.0,4326920.8,0.0100653564077253
GBR,2010,D,153824.5,4326920.8,0.0355505698186109
GBR,2010,E,57963.8,4326920.8,0.0133960852715399
GBR,2010,F,321661.6,4326920.8,0.0743396088969319
GBR,2010,G,417185.2,4326920.8,0.0964161858474507
GBR,2010,H49,81683.6,4326920.8,0.0188779974895773
GBR,2010,H50,16330.8,4326920.8,0.0037742313194177
GBR,2010,H51,26453.2,4326920.8,0.0061136316615732
GBR,2010,H52,55208.7,4326920.8,0.0127593507142538
GBR,2010,H53,27371.0,4326920.8,0.0063257455509701
GBR,2010,I,112627.1,4326920.8,0.0260293879194645
GBR,2010,J58T60,77877.8,4326920.8,0.017998434360065
GBR,2010,J61,72547.0,4326920.8,0.016766426600644
GBR,2010,J62_63,94174.7,4326920.8,0.0217648310086932
GBR,2010,K,393652.3,4326920.8,0.09097746831881
GBR,2010,L,373979.9,4326920.8,0.0864309557041118
GBR,2010,M,262480.2,4326920.8,0.0606621225884236
GBR,2010,N,171927.4,4326920.8,0.0397343533535441
GBR,2010,O,231586.2,4326920.8,0.0535221721645563
GBR,2010,P,209748.4,4326920.8,0.0484752112865111
GBR,2010,Q,266378.6,4326920.8,0.0615630866180864
GBR,2010,R,58092.0,4326920.8,0.0134257137315755
GBR,2010,S,60238.2,4326920.8,0.0139217246592542
GBR,2010,T,3337.6,4326920.8,0.0007713568503495
GBR,2010,HFCE,1205199.1095090443,4326920.8,0.2785350518800908
GBR,2011,A01_02,42793.1,4647349.6,0.0092080656036722
GBR,2011,A03,2534.7,4647349.6,0.0005454076448219
GBR,2011,B05_06,60160.2,4647349.6,0.0129450558227855
GBR,2011,B07_08,6301.5,4647349.6,0.0013559341436245
GBR,2011,B09,9058.8,4647349.6,0.0019492400571715
GBR,2011,C10T12,135684.3,4647349.6,0.0291960604814408
GBR,2011,C13T15,15573.4,4647349.6,0.0033510282936321
GBR,2011,C16,9608.4,4647349.6,0.0020675010117594
GBR,2011,C17_18,32386.9,4647349.6,0.0069688968525199
GBR,2011,C19,67036.6,4647349.6,0.014424694884155
GBR,2011,C20,57174.5,4647349.6,0.0123026036173392
GBR,2011,C21,36719.2,4647349.6,0.0079011056108195
GBR,2011,C22,32127.3,4647349.6,0.0069130370566483
GBR,2011,C23,20596.3,4647349.6,0.0044318378802403
GBR,2011,C24,28247.5,4647349.6,0.0060781956235872
GBR,2011,C25,47212.0,4647349.6,0.0101589086390229
GBR,2011,C26,35652.1,4647349.6,0.0076714908643842
GBR,2011,C27,20277.4,4647349.6,0.0043632181232933
GBR,2011,C28,48317.5,4647349.6,0.0103967861595779
GBR,2011,C29,68439.6,4647349.6,0.0147265873864965
GBR,2011,C30,44246.3,4647349.6,0.009520759961764
GBR,2011,C31T33,45374.3,4647349.6,0.0097634789515297
GBR,2011,D,165685.1,4647349.6,0.0356515249035708
GBR,2011,E,61458.8,4647349.6,0.0132244839079891
GBR,2011,F,338759.5,4647349.6,0.0728930528488754
GBR,2011,G,433600.1,4647349.6,0.0933005126190635
GBR,2011,H49,86858.5,4647349.6,0.0186899001529818
GBR,2011,H50,19896.1,4647349.6,0.0042811713584017
GBR,2011,H51,30794.3,4647349.6,0.0066262069029624
GBR,2011,H52,58211.1,4647349.6,0.0125256554832887
GBR,2011,H53,30686.9,4647349.6,0.0066030969565965
GBR,2011,I,123313.3,4647349.6,0.0265341131211648
GBR,2011,J58T60,81484.7,4647349.6,0.0175335851643267
GBR,2011,J61,76565.9,4647349.6,0.0164751754419336
GBR,2011,J62_63,103978.0,4647349.6,0.0223736126931358
GBR,2011,K,433793.9,4647349.6,0.0933422138071988
GBR,2011,L,398523.6,4647349.6,0.0857528772959107
GBR,2011,M,278908.8,4647349.6,0.0600145941247888
GBR,2011,N,189454.2,4647349.6,0.04076607449545
GBR,2011,O,238134.9,4647349.6,0.0512410127269099
GBR,2011,P,218714.7,4647349.6,0.0470622438217258
GBR,2011,Q,286516.5,4647349.6,0.0616515916943283
GBR,2011,R,62442.5,4647349.6,0.0134361529418832
GBR,2011,S,60595.2,4647349.6,0.01303865756086
GBR,2011,T,3451.1,4647349.6,0.0007425953063655
GBR,2011,HFCE,1307954.2,4647349.6,0.2814408883721594
GBR,2012,A01_02,40905.3,4698254.8,0.0087064882049394
GBR,2012,A03,2764.4,4698254.8,0.0005883886927545
GBR,2012,B05_06,55704.9,4698254.8,0.0118565089317846
GBR,2012,B07_08,7839.9,4698254.8,0.0016686834439034
GBR,2012,B09,10537.9,4698254.8,0.0022429392292644
GBR,2012,C10T12,137004.2,4698254.8,0.0291606576978328
GBR,2012,C13T15,15712.9,4698254.8,0.0033444120570046
GBR,2012,C16,10060.9,4698254.8,0.0021414121686205
GBR,2012,C17_18,32288.3,4698254.8,0.0068724029186326
GBR,2012,C19,70183.0,4698254.8,0.0149380999940658
GBR,2012,C20,48369.3,4698254.8,0.0102951632167757
GBR,2012,C21,35149.1,4698254.8,0.0074813098685069
GBR,2012,C22,32226.7,4698254.8,0.0068592916671952
GBR,2012,C23,18954.4,4698254.8,0.0040343490949022
GBR,2012,C24,24006.1,4698254.8,0.0051095781352684
GBR,2012,C25,49629.8,4698254.8,0.0105634543277644
GBR,2012,C26,34384.5,4698254.8,0.0073185685884894
GBR,2012,C27,21434.4,4698254.8,0.004562204672254
GBR,2012,C28,50117.9,4698254.8,0.0106673439678069
GBR,2012,C29,72751.3,4698254.8,0.0154847497841113
GBR,2012,C30,44743.9,4698254.8,0.009523514986884
GBR,2012,C31T33,46952.3,4698254.8,0.0099935618647162
GBR,2012,D,175214.4,4698254.8,0.0372935073678847
GBR,2012,E,60434.7,4698254.8,0.0128632231695905
GBR,2012,F,343094.5,4698254.8,0.0730259457192487
GBR,2012,G,436918.5,4698254.8,0.0929959141424173
GBR,2012,H49,87356.8,4698254.8,0.0185934572982291
GBR,2012,H50,20045.9,4698254.8,0.0042666694024342
GBR,2012,H51,32596.3,4698254.8,0.0069379591758199
GBR,2012,H52,59744.4,4698254.8,0.0127162962723945
GBR,2012,H53,31563.2,4698254.8,0.0067180690157545
GBR,2012,I,125611.5,4698254.8,0.0267357785703746
GBR,2012,J58T60,81264.1,4698254.8,0.0172966566223696
GBR,2012,J61,76643.6,4698254.8,0.0163132063420655
GBR,2012,J62_63,105731.5,4698254.8,0.0225044201519253
GBR,2012,K,419286.3,4698254.8,0.0892429886944403
GBR,2012,L,416591.9,4698254.8,0.0886694991510464
GBR,2012,M,282451.3,4698254.8,0.0601183443690623
GBR,2012,N,198190.6,4698254.8,0.0421838764470586
GBR,2012,O,234936.7,4698254.8,0.0500050997659811
GBR,2012,P,222444.7,4698254.8,0.0473462401400622
GBR,2012,Q,296278.1,4698254.8,0.0630613094887914
GBR,2012,R,65608.2,4698254.8,0.0139643767298444
GBR,2012,S,61025.7,4698254.8,0.0129890145591933
GBR,2012,T,3500.5,4698254.8,0.0007450638905322
GBR,2012,HFCE,1312438.1,4698254.8,0.2793458754088859
GBR,2013,A01_02,42286.7,4847319.3,0.0087237290103831
GBR,2013,A03,2924.6,4847319.3,0.0006033437904534
GBR,2013,B05_06,53342.5,4847319.3,0.0110045360535667
GBR,2013,B07_08,7554.5,4847319.3,0.0015584902772961
GBR,2013,B09,11623.3,4847319.3,0.0023978820623597
GBR,2013,C10T12,139970.4,4847319.3,0.0288758365886893
GBR,2013,C13T15,15581.1,4847319.3,0.0032143745925711
GBR,2013,C16,9741.3,4847319.3,0.002009626227841
GBR,2013,C17_18,33009.7,4847319.3,0.0068098876836935
GBR,2013,C19,64044.6,4847319.3,0.0132123749306137
GBR,2013,C20,50999.5,4847319.3,0.0105211761065544
GBR,2013,C21,33050.4,4847319.3,0.0068182840771392
GBR,2013,C22,32753.3,4847319.3,0.0067569924679812
GBR,2013,C23,19563.9,4847319.3,0.0040360246126142
GBR,2013,C24,24464.2,4847319.3,0.0050469545094749
GBR,2013,C25,51463.7,4847319.3,0.0106169403777465
GBR,2013,C26,35848.3,4847319.3,0.0073954897091264
GBR,2013,C27,19962.4,4847319.3,0.004118235000529
GBR,2013,C28,50297.7,4847319.3,0.0103763950520032
GBR,2013,C29,77680.2,4847319.3,0.0160253936644941
GBR,2013,C30,44720.5,4847319.3,0.0092258209604636
GBR,2013,C31T33,48456.3,4847319.3,0.009996514980971
GBR,2013,D,183080.5,4847319.3,0.0377694326841642
GBR,2013,E,62216.3,4847319.3,0.0128351973842531
GBR,2013,F,359708.4,4847319.3,0.0742076966128474
GBR,2013,G,455289.3,4847319.3,0.0939259974064427
GBR,2013,H49,90228.8,4847319.3,0.0186141647404989
GBR,2013,H50,20754.9,4847319.3,0.004281727428189
GBR,2013,H51,33078.5,4847319.3,0.0068240810957099
GBR,2013,H52,61835.0,4847319.3,0.0127565353493424
GBR,2013,H53,32629.9,4847319.3,0.0067315350981727
GBR,2013,I,131186.9,4847319.3,0.0270638041112744
GBR,2013,J58T60,83190.1,4847319.3,0.0171620837934072
GBR,2013,J61,77567.6,4847319.3,0.0160021643302928
GBR,2013,J62_63,108984.5,4847319.3,0.022483458021839
GBR,2013,K,438385.9,4847319.3,0.0904388328617015
GBR,2013,L,430736.5,4847319.3,0.0888607647530048
GBR,2013,M,300054.0,4847319.3,0.0619010181565716
GBR,2013,N,213106.2,4847319.3,0.0439637223815645
GBR,2013,O,230700.5,4847319.3,0.0475934193152904
GBR,2013,P,222783.4,4847319.3,0.0459601248054775
GBR,2013,Q,308799.6,4847319.3,0.0637052318794018
GBR,2013,R,67588.7,4847319.3,0.0139435213190928
GBR,2013,S,62360.2,4847319.3,0.0128648838957235
GBR,2013,T,3714.5,4847319.3,0.0007662998391709
GBR,2013,HFCE,1358470.9,4847319.3,0.2802519941279709
GBR,2014,A01_02,47264.4,5271668.2,0.0089657387769586
GBR,2014,A03,3238.3,5271668.2,0.0006142837290101
GBR,2014,B05_06,47623.9,5271668.2,0.0090339335089412
GBR,2014,B07_08,8263.5,5271668.2,0.0015675303692292
GBR,2014,B09,12367.3,5271668.2,0.0023459936268371
GBR,2014,C10T12,149386.1,5271668.2,0.028337538390599
GBR,2014,C13T15,18728.7,5271668.2,0.0035527084196991
GBR,2014,C16,11898.4,5271668.2,0.0022570464506851
GBR,2014,C17_18,35260.7,5271668.2,0.0066887176245272
GBR,2014,C19,56235.5,5271668.2,0.01066749610683
GBR,2014,C20,52844.2,5271668.2,0.0100241893069066
GBR,2014,C21,34212.5,5271668.2,0.00648988113478
GBR,2014,C22,34827.9,5271668.2,0.0066066183755646
GBR,2014,C23,22330.6,5271668.2,0.0042359646231149
GBR,2014,C24,25822.3,5271668.2,0.0048983166277422
GBR,2014,C25,54530.7,5271668.2,0.0103441070134118
GBR,2014,C26,36873.2,5271668.2,0.0069945980287606
GBR,2014,C27,20969.8,5271668.2,0.003977830015933
GBR,2014,C28,56131.8,5271668.2,0.0106478249143221
GBR,2014,C29,86530.1,5271668.2,0.0164141779636282
GBR,2014,C30,47707.0,5271668.2,0.0090496970200059
GBR,2014,C31T33,54071.7,5271668.2,0.0102570378006719
GBR,2014,D,193409.7,5271668.2,0.0366885192053627
GBR,2014,E,66590.4,5271668.2,0.012631750989184
GBR,2014,F,411373.0,5271668.2,0.078034691181816
GBR,2014,G,497197.2,5271668.2,0.0943149646633678
GBR,2014,H49,96516.4,5271668.2,0.0183085119052067
GBR,2014,H50,22309.2,5271668.2,0.0042319051870525
GBR,2014,H51,35435.1,5271668.2,0.0067218001315029
GBR,2014,H52,71762.1,5271668.2,0.0136127876940358
GBR,2014,H53,29975.5,5271668.2,0.0056861507330829
GBR,2014,I,144860.2,5271668.2,0.0274790056020597
GBR,2014,J58T60,89826.0,5271668.2,0.0170393880252175
GBR,2014,J61,83402.1,5271668.2,0.0158208174027341
GBR,2014,J62_63,121975.1,5271668.2,0.0231378560585432
GBR,2014,K,473270.5,5271668.2,0.0897762306057122
GBR,2014,L,473825.5,5271668.2,0.0898815103727506
GBR,2014,M,332229.4,5271668.2,0.0630216825861688
GBR,2014,N,236351.4,5271668.2,0.0448342708670473
GBR,2014,O,245867.2,5271668.2,0.0466393541232356
GBR,2014,P,242921.8,5271668.2,0.0460806315541634
GBR,2014,Q,339940.0,5271668.2,0.0644843315442349
GBR,2014,R,74679.5,5271668.2,0.0141661988514375
GBR,2014,S,66539.3,5271668.2,0.0126220576628855
GBR,2014,T,4293.0,5271668.2,0.0008143532250379
GBR,2014,HFCE,1464148.6,5271668.2,0.2777391414732816
GBR,2015,A01_02,43009.0,5001958.7,0.0085984316503852
GBR,2015,A03,2941.3,5001958.7,0.0005880296452667
GBR,2015,B05_06,32830.2,5001958.7,0.0065634688267218
GBR,2015,B07_08,8307.7,5001958.7,0.0016608893632008
GBR,2015,B09,10599.9,5001958.7,0.00211914984424
GBR,2015,C10T12,137912.7,5001958.7,0.0275717390469457
GBR,2015,C13T15,17892.1,5001958.7,0.0035770187386793
GBR,2015,C16,11345.2,5001958.7,0.0022681514743414
GBR,2015,C17_18,32894.8,5001958.7,0.0065763837674229
GBR,2015,C19,34984.8,5001958.7,0.0069942200842242
GBR,2015,C20,49806.4,5001958.7,0.0099573792962344
GBR,2015,C21,32374.0,5001958.7,0.0064722645550831
GBR,2015,C22,33038.3,5001958.7,0.0066050725288875
GBR,2015,C23,21653.4,5001958.7,0.0043289841637436
GBR,2015,C24,22823.2,5001958.7,0.0045628525481427
GBR,2015,C25,49824.7,5001958.7,0.0099610378630275
GBR,2015,C26,30802.6,5001958.7,0.0061581076229197
GBR,2015,C27,19706.3,5001958.7,0.0039397166553974
GBR,2015,C28,51637.4,5001958.7,0.0103234358972216
GBR,2015,C29,83528.8,5001958.7,0.0166992182482434
GBR,2015,C30,47729.5,5001958.7,0.0095421619534763
GBR,2015,C31T33,51315.2,5001958.7,0.0102590211310621
GBR,2015,D,175684.5,5001958.7,0.0351231408607991
GBR,2015,E,62049.5,5001958.7,0.0124050404494543
GBR,2015,F,413136.1,5001958.7,0.0825948642878638
GBR,2015,G,480353.5,5001958.7,0.0960330800012403
GBR,2015,H49,90952.3,5001958.7,0.0181833368596186
GBR,2015,H50,21612.2,5001958.7,0.0043207473904172
GBR,2015,H51,33953.1,5001958.7,0.0067879608842032
GBR,2015,H52,68466.6,5001958.7,0.0136879578793803
GBR,2015,H53,28198.8,5001958.7,0.0056375515455575
GBR,2015,I,138202.2,5001958.7,0.0276296163740816
GBR,2015,J58T60,88821.9,5001958.7,0.017757423706837
GBR,2015,J61,77664.6,5001958.7,0.0155268375166712
GBR,2015,J62_63,118146.2,5001958.7,0.0236199871062509
GBR,2015,K,431553.5,5001958.7,0.086276901886455
GBR,2015,L,461664.6,5001958.7,0.0922967636658015
GBR,2015,M,330974.2,5001958.7,0.0661689189876757
GBR,2015,N,232239.4,5001958.7,0.0464296916325998
GBR,2015,O,230183.8,5001958.7,0.0460187326216827
GBR,2015,P,227228.8,5001958.7,0.0454279640493633
GBR,2015,Q,325870.3,5001958.7,0.0651485387114451
GBR,2015,R,69670.0,5001958.7,0.0139285436323174
GBR,2015,S,64477.7,5001958.7,0.0128904902793379
GBR,2015,T,3897.4,5001958.7,0.0007791747660771
GBR,2015,HFCE,1402390.7,5001958.7,0.2803683085188208
GBR,2016,A01_02,37740.2,4577695.5,0.0082443666250846
GBR,2016,A03,2381.3,4577695.5,0.0005201962428475
GBR,2016,B05_06,26676.7,4577695.5,0.0058275392061354
GBR,2016,B07_08,7048.0,4577695.5,0.0015396393228863
GBR,2016,B09,6964.3,4577695.5,0.0015213550136744
GBR,2016,C10T12,122275.2,4577695.5,0.0267110820280641
GBR,2016,C13T15,15285.3,4577695.5,0.0033390818589834
GBR,2016,C16,10686.1,4577695.5,0.0023343841895993
GBR,2016,C17_18,29461.0,4577695.5,0.0064357710118552
GBR,2016,C19,29023.6,4577695.5,0.0063402207508122
GBR,2016,C20,42938.9,4577695.5,0.0093800253861358
GBR,2016,C21,32490.3,4577695.5,0.0070975231969885
GBR,2016,C22,30265.6,4577695.5,0.00661153630686
GBR,2016,C23,19613.3,4577695.5,0.0042845357451145
GBR,2016,C24,19223.1,4577695.5,0.0041992963490035
GBR,2016,C25,43920.2,4577695.5,0.009594390889477
GBR,2016,C26,29434.0,4577695.5,0.0064298728475932
GBR,2016,C27,17248.2,4577695.5,0.0037678784008241
GBR,2016,C28,45706.2,4577695.5,0.0099845435328758
GBR,2016,C29,82998.2,4577695.5,0.0181310006312128
GBR,2016,C30,44647.8,4577695.5,0.009753335493809
GBR,2016,C31T33,48017.3,4577695.5,0.0104894045486424
GBR,2016,D,154277.6,4577695.5,0.0337020232123346
GBR,2016,E,56864.8,4577695.5,0.0124221455970586
GBR,2016,F,383101.6,4577695.5,0.0836887468814821
GBR,2016,G,427380.9,4577695.5,0.0933615833556426
GBR,2016,H49,81732.0,4577695.5,0.0178543985723821
GBR,2016,H50,19702.3,4577695.5,0.004303977842126
GBR,2016,H51,31152.5,4577695.5,0.0068052800803373
GBR,2016,H52,63127.1,4577695.5,0.0137901483399234
GBR,2016,H53,26025.5,4577695.5,0.0056852842221593
GBR,2016,I,129743.9,4577695.5,0.0283426234881721
GBR,2016,J58T60,83252.0,4577695.5,0.0181864433752747
GBR,2016,J61,69767.5,4577695.5,0.0152407472275078
GBR,2016,J62_63,111766.8,4577695.5,0.0244155164973292
GBR,2016,K,417241.5,4577695.5,0.0911466260698205
GBR,2016,L,426930.3,4577695.5,0.0932631495476271
GBR,2016,M,304208.8,4577695.5,0.066454573048819
GBR,2016,N,212504.5,4577695.5,0.0464217202738801
GBR,2016,O,207718.9,4577695.5,0.045376303426036
GBR,2016,P,198739.2,4577695.5,0.0434146832177893
GBR,2016,Q,301229.1,4577695.5,0.0658036560098853
GBR,2016,R,62461.6,4577695.5,0.0136447695133938
GBR,2016,S,60413.8,4577695.5,0.0131974265217072
GBR,2016,T,4308.5,4577695.5,0.0009411941008308
GBR,2016,HFCE,1290902.2999999998,4577695.5,0.2819982893139134
GBR,2017,A01_02,37609.8,4572356.7,0.0082254737474878
GBR,2017,A03,2621.7,4572356.7,0.0005733804626397
GBR,2017,B05_06,31238.0,4572356.7,0.0068319254269904
GBR,2017,B07_08,6862.5,4572356.7,0.0015008671567552
GBR,2017,B09,6323.2,4572356.7,0.001382919228502
GBR,2017,C10T12,121157.8,4572356.7,0.0264978889332934
GBR,2017,C13T15,15650.4,4572356.7,0.0034228300692288
GBR,2017,C16,10502.2,4572356.7,0.0022968899167468
GBR,2017,C17_18,29860.6,4572356.7,0.0065306803382159
GBR,2017,C19,34751.3,4572356.7,0.0076003037995701
GBR,2017,C20,43750.3,4572356.7,0.0095684354634886
GBR,2017,C21,31571.1,4572356.7,0.0069047762612221
GBR,2017,C22,29640.5,4572356.7,0.0064825432364014
GBR,2017,C23,19121.5,4572356.7,0.0041819790656315
GBR,2017,C24,18593.8,4572356.7,0.0040665681222989
GBR,2017,C25,43669.2,4572356.7,0.0095506984396033
GBR,2017,C26,29464.2,4572356.7,0.0064439854397186
GBR,2017,C27,16763.7,4572356.7,0.0036663150099378
GBR,2017,C28,45570.2,4572356.7,0.0099664577787642
GBR,2017,C29,83169.7,4572356.7,0.0181896788586069
GBR,2017,C30,45018.0,4572356.7,0.0098456885483147
GBR,2017,C31T33,48520.1,4572356.7,0.0106116174182123
GBR,2017,D,149691.5,4572356.7,0.0327383688153638
GBR,2017,E,56270.6,4572356.7,0.0123066951447598
GBR,2017,F,388912.0,4572356.7,0.0850572309898744
GBR,2017,G,429254.2,4572356.7,0.093880295909547
GBR,2017,H49,79200.5,4572356.7,0.0173215926045314
GBR,2017,H50,18382.8,4572356.7,0.0040204212414136
GBR,2017,H51,30881.2,4572356.7,0.0067538912701189
GBR,2017,H52,62857.7,4572356.7,0.0137473307802079
GBR,2017,H53,25703.4,4572356.7,0.0056214774319772
GBR,2017,I,131422.0,4572356.7,0.0287427269180464
GBR,2017,J58T60,85006.3,4572356.7,0.018591353557346
GBR,2017,J61,68980.1,4572356.7,0.0150863339249101
GBR,2017,J62_63,117881.1,4572356.7,0.0257812563048722
GBR,2017,K,412472.6,4572356.7,0.0902100660694297
GBR,2017,L,412830.7,4572356.7,0.0902883845435768
GBR,2017,M,315610.1,4572356.7,0.0690256952175231
GBR,2017,N,215936.7,4572356.7,0.0472265648040976
GBR,2017,O,203729.1,4572356.7,0.0445566943628873
GBR,2017,P,193363.3,4572356.7,0.0422896358895184
GBR,2017,Q,293348.1,4572356.7,0.0641568712257291
GBR,2017,R,64480.6,4572356.7,0.0141022680929508
GBR,2017,S,60561.6,4572356.7,0.0132451608598253
GBR,2017,T,4150.7,4572356.7,0.0009077813198607
GBR,2017,HFCE,1283010.7999999998,4572356.7,0.2806016424746564
GBR,2018,A01_02,41077.6,4952705.0,0.0082939726876525
GBR,2018,A03,2608.3,4952705.0,0.0005266415019671
GBR,2018,B05_06,41400.0,4952705.0,0.0083590684282629
GBR,2018,B07_08,8063.7,4952705.0,0.0016281405817628
GBR,2018,B09,6653.5,4952705.0,0.0013434072895518
GBR,2018,C10T12,132602.1,4952705.0,0.0267736721650088
GBR,2018,C13T15,16499.6,4952705.0,0.0033314320154339
GBR,2018,C16,11520.5,4952705.0,0.0023261026045363
GBR,2018,C17_18,32168.0,4952705.0,0.0064950365507333
GBR,2018,C19,41520.7,4952705.0,0.0083834389490187
GBR,2018,C20,48298.1,4952705.0,0.0097518628708958
GBR,2018,C21,35181.9,4952705.0,0.0071035726941136
GBR,2018,C22,32014.6,4952705.0,0.0064640635773784
GBR,2018,C23,20624.9,4952705.0,0.0041643707832386
GBR,2018,C24,19971.1,4952705.0,0.004032362113229
GBR,2018,C25,48016.6,4952705.0,0.0096950252437809
GBR,2018,C26,30329.6,4952705.0,0.0061238454541508
GBR,2018,C27,17469.6,4952705.0,0.0035272845848884
GBR,2018,C28,51470.7,4952705.0,0.0103924421099177
GBR,2018,C29,86289.8,4952705.0,0.017422761904858
GBR,2018,C30,46618.4,4952705.0,0.0094127148699549
GBR,2018,C31T33,51883.0,4952705.0,0.0104756895474291
GBR,2018,D,162798.7,4952705.0,0.0328706636070591
GBR,2018,E,60825.9,4952705.0,0.0122813492828666
GBR,2018,F,436253.1,4952705.0,0.0880838047087399
GBR,2018,G,468087.6,4952705.0,0.0945115043193567
GBR,2018,H49,87247.7,4952705.0,0.0176161713649409
GBR,2018,H50,19170.6,4952705.0,0.0038707332659627
GBR,2018,H51,35003.1,4952705.0,0.007067471210177
GBR,2018,H52,67350.0,4952705.0,0.0135986294358335
GBR,2018,H53,27832.0,4952705.0,0.0056195553742853
GBR,2018,I,140351.4,4952705.0,0.0283383322850846
GBR,2018,J58T60,91595.7,4952705.0,0.018494075459774
GBR,2018,J61,71679.3,4952705.0,0.0144727578161832
GBR,2018,J62_63,132303.8,4952705.0,0.0267134424521549
GBR,2018,K,427497.0,4952705.0,0.0863158617361623
GBR,2018,L,439963.8,4952705.0,0.0888330316463427
GBR,2018,M,343004.4,4952705.0,0.0692559722414317
GBR,2018,N,236698.1,4952705.0,0.0477916815154546
GBR,2018,O,217842.4,4952705.0,0.0439845296661117
GBR,2018,P,210188.3,4952705.0,0.0424390913652236
GBR,2018,Q,315938.1,4952705.0,0.0637910192510961
GBR,2018,R,67970.3,4952705.0,0.0137238741253517
GBR,2018,S,66025.1,4952705.0,0.0133311190551425
GBR,2018,T,4796.3,4952705.0,0.0009684202874994
GBR,2018,HFCE,1384019.7,4952705.0,0.2794472313614479
GBR,2019,A01_02,41851.0,4882112.2,0.0085723142536543
GBR,2019,A03,2786.4,4882112.2,0.0005707365758615
GBR,2019,B05_06,38385.7,4882112.2,0.0078625190137989
GBR,2019,B07_08,7532.1,4882112.2,0.0015427953499307
GBR,2019,B09,6767.5,4882112.2,0.0013861828083344
GBR,2019,C10T12,127454.7,4882112.2,0.0261064667870599
GBR,2019,C13T15,15512.2,4882112.2,0.0031773542607234
GBR,2019,C16,11383.0,4882112.2,0.002331572797528
GBR,2019,C17_18,29500.4,4882112.2,0.0060425485510144
GBR,2019,C19,39228.8,4882112.2,0.0080352106614837
GBR,2019,C20,45313.9,4882112.2,0.0092816179030051
GBR,2019,C21,35526.4,4882112.2,0.0072768503763596
GBR,2019,C22,29652.3,4882112.2,0.0060736621333692
GBR,2019,C23,20284.7,4882112.2,0.0041549024620941
GBR,2019,C24,18721.1,4882112.2,0.0038346312483355
GBR,2019,C25,46904.3,4882112.2,0.0096073785440654
GBR,2019,C26,30386.3,4882112.2,0.0062240068960315
GBR,2019,C27,16825.7,4882112.2,0.0034463976473133
GBR,2019,C28,48907.0,4882112.2,0.0100175903372314
GBR,2019,C29,80747.1,4882112.2,0.0165393781814354
GBR,2019,C30,43401.8,4882112.2,0.0088899636513884
GBR,2019,C31T33,47356.2,4882112.2,0.0096999409394974
GBR,2019,D,158370.8,4882112.2,0.0324389922869859
GBR,2019,E,58893.6,4882112.2,0.0120631393928226
GBR,2019,F,431317.5,4882112.2,0.0883464947815005
GBR,2019,G,470994.7,4882112.2,0.096473550935597
GBR,2019,H49,86243.3,4882112.2,0.0176651614028862
GBR,2019,H50,19531.7,4882112.2,0.0040006659412702
GBR,2019,H51,34098.1,4882112.2,0.0069842925772988
GBR,2019,H52,66333.9,4882112.2,0.0135871314059517
GBR,2019,H53,26839.1,4882112.2,0.0054974361302061
GBR,2019,I,139375.2,4882112.2,0.0285481353746847
GBR,2019,J58T60,90154.3,4882112.2,0.0184662490960367
GBR,2019,J61,67951.1,4882112.2,0.0139183814743135
GBR,2019,J62_63,135103.1,4882112.2,0.0276730837935269
GBR,2019,K,414448.4,4882112.2,0.0848912075392286
GBR,2019,L,430894.1,4882112.2,0.0882597700233108
GBR,2019,M,340273.6,4882112.2,0.069698029471752
GBR,2019,N,237892.6,4882112.2,0.0487273930328762
GBR,2019,O,218663.4,4882112.2,0.0447886879781255
GBR,2019,P,212387.3,4882112.2,0.0435031583256116
GBR,2019,Q,321761.7,4882112.2,0.065906248529069
GBR,2019,R,66835.5,4882112.2,0.0136898738214168
GBR,2019,S,64320.9,4882112.2,0.0131748098702033
GBR,2019,T,4999.7,4882112.2,0.0010240854358078
GBR,2019,HFCE,1387674.8999999997,4882112.2,0.2842365851403414
GBR,2020,A01_02,41560.2,4603776.9,0.0090274139913252
GBR,2020,A03,2311.5,4603776.9,0.0005020877532097
GBR,2020,B05_06,27278.1,4603776.9,0.0059251567989752
GBR,2020,B07_08,7387.2,4603776.9,0.0016045955658711
GBR,2020,B09,5620.5,4603776.9,0.0012208454323666
GBR,2020,C10T12,125422.9,4603776.9,0.0272434791529537
GBR,2020,C13T15,12742.3,4603776.9,0.0027677926790935
GBR,2020,C16,11317.9,4603776.9,0.0024583945412298
GBR,2020,C17_18,26616.7,4603776.9,0.0057814921483271
GBR,2020,C19,26565.8,4603776.9,0.0057704360087475
GBR,2020,C20,43061.5,4603776.9,0.0093535158056855
GBR,2020,C21,39882.0,4603776.9,0.008662887204634
GBR,2020,C22,27114.1,4603776.9,0.0058895338738069
GBR,2020,C23,18394.9,4603776.9,0.0039956106474229
GBR,2020,C24,16321.8,4603776.9,0.0035453064634821
GBR,2020,C25,43544.9,4603776.9,0.0094585165497485
GBR,2020,C26,27721.8,4603776.9,0.0060215341885919
GBR,2020,C27,16987.2,4603776.9,0.0036898399659635
GBR,2020,C28,42116.6,4603776.9,0.0091482712813472
GBR,2020,C29,66464.1,4603776.9,0.0144368637846025
GBR,2020,C30,38232.0,4603776.9,0.0083044858233681
GBR,2020,C31T33,47450.0,4603776.9,0.0103067548733736
GBR,2020,D,151898.6,4603776.9,0.0329943442741545
GBR,2020,E,57339.7,4603776.9,0.012454925867498
GBR,2020,F,378469.1,4603776.9,0.082208392852399
GBR,2020,G,451996.0,4603776.9,0.0981793883191863
GBR,2020,H49,68782.0,4603776.9,0.0149403417007457
GBR,2020,H50,13988.5,4603776.9,0.0030384834677805
GBR,2020,H51,11287.2,4603776.9,0.0024517261034087
GBR,2020,H52,64079.5,4603776.9,0.0139188977641379
GBR,2020,H53,30726.9,4603776.9,0.0066742808497084
GBR,2020,I,88396.1,4603776.9,0.0192007783869804
GBR,2020,J58T60,82476.9,4603776.9,0.0179150514439568
GBR,2020,J61,67210.2,4603776.9,0.0145989263728222
GBR,2020,J62_63,137562.8,4603776.9,0.0298804227459414
GBR,2020,K,410293.4,4603776.9,0.089121043202593
GBR,2020,L,434048.9,4603776.9,0.0942810456345093
GBR,2020,M,334820.4,4603776.9,0.0727273295975745
GBR,2020,N,197302.5,4603776.9,0.0428566597134626
GBR,2020,O,225570.4,4603776.9,0.0489968138986057
GBR,2020,P,210497.3,4603776.9,0.0457227412562063
GBR,2020,Q,362819.0,4603776.9,0.0788089883330358
GBR,2020,R,51465.4,4603776.9,0.0111789517863039
GBR,2020,S,54628.2,4603776.9,0.0118659529309511
GBR,2020,T,4003.9,4603776.9,0.0008696989639093
GBR,2020,HFCE,1351568.4666666668,4603776.9,0.2935781850477304
FRA,1995,A01_02,87799.4,2708315.3,0.0324184558570414
FRA,1995,A03,2184.3,2708315.3,0.0008065161393874
FRA,1995,B05_06,861.2,2708315.3,0.0003179836557434
FRA,1995,B07_08,5148.5,2708315.3,0.0019009972731018
FRA,1995,B09,54.3,2708315.3,2.0049364267151613e-05
FRA,1995,C10T12,149818.7,2708315.3,0.05531804217921
FRA,1995,C13T15,39709.7,2708315.3,0.014662140704223
FRA,1995,C16,11364.7,2708315.3,0.0041962248634787
FRA,1995,C17_18,37851.0,2708315.3,0.0139758469037929
FRA,1995,C19,23599.8,2708315.3,0.0087138303283964
FRA,1995,C20,54589.3,2708315.3,0.0201561834399414
FRA,1995,C21,19015.5,2708315.3,0.0070211544423945
FRA,1995,C22,29522.0,2708315.3,0.010900503349813
FRA,1995,C23,25326.3,2708315.3,0.0093513114961171
FRA,1995,C24,31485.0,2708315.3,0.0116253081758981
FRA,1995,C25,45601.0,2708315.3,0.016837404418902
FRA,1995,C26,39647.3,2708315.3,0.014639100550811
FRA,1995,C27,22612.7,2708315.3,0.0083493602092784
FRA,1995,C28,39129.4,2708315.3,0.0144478746621562
FRA,1995,C29,60757.5,2708315.3,0.022433687835386
FRA,1995,C30,19561.6,2708315.3,0.007222792708072
FRA,1995,C31T33,57346.4,2708315.3,0.0211741963721875
FRA,1995,D,55403.5,2708315.3,0.0204568131339803
FRA,1995,E,21719.9,2708315.3,0.0080197087835378
FRA,1995,F,185041.0,2708315.3,0.0683232856972007
FRA,1995,G,282957.3,2708315.3,0.104477237196127
FRA,1995,H49,63108.6,2708315.3,0.0233017920771632
FRA,1995,H50,5439.0,2708315.3,0.0020082595257649
FRA,1995,H51,11530.4,2708315.3,0.0042574068093179
FRA,1995,H52,31031.8,2708315.3,0.0114579716770791
FRA,1995,H53,13590.0,2708315.3,0.0050178795652042
FRA,1995,I,61421.3,2708315.3,0.0226787848519705
FRA,1995,J58T60,38610.3,2708315.3,0.014256205693628
FRA,1995,J61,34018.3,2708315.3,0.0125606867117724
FRA,1995,J62_63,36799.8,2708315.3,0.0135877089347758
FRA,1995,K,140210.1,2708315.3,0.0517702277869936
FRA,1995,L,197533.8,2708315.3,0.0729360425649111
FRA,1995,M,157459.5,2708315.3,0.0581392794258482
FRA,1995,N,108348.0,2708315.3,0.0400056817609087
FRA,1995,O,167331.4,2708315.3,0.0617843129269328
FRA,1995,P,92866.6,2708315.3,0.0342894344687267
FRA,1995,Q,142291.0,2708315.3,0.0525385652106311
FRA,1995,R,24860.1,2708315.3,0.0091791749653373
FRA,1995,S,30897.1,2708315.3,0.0114082359613003
FRA,1995,T,2860.9,2708315.3,0.0010563393412871
FRA,1995,HFCE,816316.1426614354,2708315.3,0.3014110442242214
FRA,1996,A01_02,87364.0,2700012.6,0.0323568860382355
FRA,1996,A03,2436.5,2700012.6,0.0009024031961924
FRA,1996,B05_06,818.7,2700012.6,0.0003032208071917
FRA,1996,B07_08,4808.2,2700012.6,0.0017808065043844
FRA,1996,B09,51.1,2700012.6,1.8925837605350435e-05
FRA,1996,C10T12,146129.1,2700012.6,0.0541216363212527
FRA,1996,C13T15,36370.6,2700012.6,0.0134705297301205
FRA,1996,C16,10670.1,2700012.6,0.0039518704468268
FRA,1996,C17_18,34504.8,2700012.6,0.0127794959179079
FRA,1996,C19,27682.7,2700012.6,0.0102528040054331
FRA,1996,C20,53492.5,2700012.6,0.0198119445812956
FRA,1996,C21,18906.2,2700012.6,0.007002263619066
FRA,1996,C22,27976.1,2700012.6,0.010361470164991
FRA,1996,C23,24124.1,2700012.6,0.0089348101560711
FRA,1996,C24,30245.9,2700012.6,0.0112021329085649
FRA,1996,C25,43191.3,2700012.6,0.0159967031264965
FRA,1996,C26,38925.9,2700012.6,0.0144169327209806
FRA,1996,C27,22269.5,2700012.6,0.0082479244726487
FRA,1996,C28,38433.2,2700012.6,0.0142344520910754
FRA,1996,C29,58988.9,2700012.6,0.021847638785093
FRA,1996,C30,21344.8,2700012.6,0.0079054445894067
FRA,1996,C31T33,56055.8,2700012.6,0.0207613105212916
FRA,1996,D,56496.1,2700012.6,0.0209243838343569
FRA,1996,E,21788.1,2700012.6,0.0080696290083979
FRA,1996,F,175652.1,2700012.6,0.0650560297385278
FRA,1996,G,278626.7,2700012.6,0.103194592499309
FRA,1996,H49,61316.0,2700012.6,0.0227095236518525
FRA,1996,H50,5234.4,2700012.6,0.0019386576195977
FRA,1996,H51,12192.0,2700012.6,0.0045155344830613
FRA,1996,H52,30904.8,2700012.6,0.0114461688067677
FRA,1996,H53,13556.6,2700012.6,0.0050209395319118
FRA,1996,I,59706.0,2700012.6,0.0221132301382593
FRA,1996,J58T60,39843.1,2700012.6,0.0147566348394077
FRA,1996,J61,33995.9,2700012.6,0.0125910153160026
FRA,1996,J62_63,38388.9,2700012.6,0.0142180447602355
FRA,1996,K,139509.7,2700012.6,0.0516700181325079
FRA,1996,L,206454.0,2700012.6,0.0764640876120355
FRA,1996,M,160650.1,2700012.6,0.0594997593714933
FRA,1996,N,109737.3,2700012.6,0.0406432547759221
FRA,1996,O,173295.1,2700012.6,0.064183070849373
FRA,1996,P,92563.2,2700012.6,0.0342825066816354
FRA,1996,Q,144201.5,2700012.6,0.0534077137269655
FRA,1996,R,25912.5,2700012.6,0.0095971774353941
FRA,1996,S,32031.3,2700012.6,0.011863389081962
FRA,1996,T,3167.2,2700012.6,0.0011730315628897
FRA,1996,HFCE,818194.1784455702,2700012.6,0.3030334667495885
FRA,1997,A01_02,77989.3,2458068.6,0.0317278777329485
FRA,1997,A03,2212.1,2458068.6,0.0008999342003717
FRA,1997,B05_06,704.2,2458068.6,0.0002864850883331
FRA,1997,B07_08,4068.0,2458068.6,0.0016549578803455
FRA,1997,B09,43.2,2458068.6,1.7574773950572414e-05
FRA,1997,C10T12,132095.4,2458068.6,0.0537395091414454
FRA,1997,C13T15,31917.0,2458068.6,0.0129845847263986
FRA,1997,C16,9555.8,2458068.6,0.0038875237249277
FRA,1997,C17_18,31441.5,2458068.6,0.0127911401659009
FRA,1997,C19,26202.6,2458068.6,0.0106598326832701
FRA,1997,C20,50428.3,2458068.6,0.0205154160465659
FRA,1997,C21,17356.4,2458068.6,0.0070609908934193
FRA,1997,C22,26450.6,2458068.6,0.0107607249040974
FRA,1997,C23,21740.8,2458068.6,0.0088446677200139
FRA,1997,C24,29780.9,2458068.6,0.0121155691098287
FRA,1997,C25,39553.5,2458068.6,0.0160912921632862
FRA,1997,C26,36580.7,2458068.6,0.0148818873484653
FRA,1997,C27,20667.6,2458068.6,0.008408064770853
FRA,1997,C28,34716.8,2458068.6,0.0141236090807229
FRA,1997,C29,56267.3,2458068.6,0.0228908582941908
FRA,1997,C30,22036.9,2458068.6,0.0089651281498002
FRA,1997,C31T33,51635.4,2458068.6,0.0210064926585043
FRA,1997,D,49299.3,2458068.6,0.0200561123477188
FRA,1997,E,19361.0,2458068.6,0.0078765092235424
FRA,1997,F,154454.1,2458068.6,0.0628355530842385
FRA,1997,G,252280.6,2458068.6,0.1026336693776569
FRA,1997,H49,57059.9,2458068.6,0.0232133065773672
FRA,1997,H50,5164.6,2458068.6,0.0021010804987297
FRA,1997,H51,11784.8,2458068.6,0.0047943332419607
FRA,1997,H52,34509.9,2458068.6,0.0140394373045569
FRA,1997,H53,11740.4,2458068.6,0.0047762702798449
FRA,1997,I,54758.6,2458068.6,0.0222770837233753
FRA,1997,J58T60,36573.9,2458068.6,0.014879120948862
FRA,1997,J61,31612.2,2458068.6,0.012860584932414
FRA,1997,J62_63,36331.9,2458068.6,0.0147806696688611
FRA,1997,K,122657.4,2458068.6,0.0498999092214106
FRA,1997,L,186192.6,2458068.6,0.0757475198210497
FRA,1997,M,145641.9,2458068.6,0.0592505432924044
FRA,1997,N,99502.6,2458068.6,0.0404799931132922
FRA,1997,O,157649.5,2458068.6,0.0641355168037214
FRA,1997,P,84112.3,2458068.6,0.0342188578463595
FRA,1997,Q,128400.3,2458068.6,0.0522362557334648
FRA,1997,R,23533.0,2458068.6,0.0095737767448801
FRA,1997,S,28997.2,2458068.6,0.0117967415555448
FRA,1997,T,3006.3,2458068.6,0.0012230334011019
FRA,1997,HFCE,741691.0858765926,2458068.6,0.3017373420239746
FRA,1998,A01_02,78411.0,2542305.6,0.0308424762152905
FRA,1998,A03,2160.9,2542305.6,0.0008499764937779
FRA,1998,B05_06,696.2,2542305.6,0.0002738459137249
FRA,1998,B07_08,4073.9,2542305.6,0.0016024430737201
FRA,1998,B09,43.8,2542305.6,1.7228455933857832e-05
FRA,1998,C10T12,130617.7,2542305.6,0.051377654991595
FRA,1998,C13T15,32473.6,2542305.6,0.0127732873656101
FRA,1998,C16,10107.4,2542305.6,0.0039756825457962
FRA,1998,C17_18,31573.1,2542305.6,0.0124190813252348
FRA,1998,C19,21342.6,2542305.6,0.0083949781647021
FRA,1998,C20,51683.9,2542305.6,0.0203295386675779
FRA,1998,C21,17638.4,2542305.6,0.0069379542726885
FRA,1998,C22,27827.8,2542305.6,0.0109458910053928
FRA,1998,C23,21860.6,2542305.6,0.0085987302234632
FRA,1998,C24,30187.9,2542305.6,0.011874221572733
FRA,1998,C25,42286.5,2542305.6,0.016633130179157
FRA,1998,C26,39287.4,2542305.6,0.0154534529601791
FRA,1998,C27,21567.0,2542305.6,0.0084832445005824
FRA,1998,C28,36980.8,2542305.6,0.0145461662830778
FRA,1998,C29,63436.9,2542305.6,0.0249525076764964
FRA,1998,C30,25967.5,2542305.6,0.0102141536406952
FRA,1998,C31T33,55564.0,2542305.6,0.0218557517239469
FRA,1998,D,49485.5,2542305.6,0.0194648117834457
FRA,1998,E,19835.1,2542305.6,0.007802012472458
FRA,1998,F,158124.4,2542305.6,0.0621972433211805
FRA,1998,G,263259.4,2542305.6,0.1035514377185811
FRA,1998,H49,59061.7,2542305.6,0.023231550133076
FRA,1998,H50,5064.3,2542305.6,0.0019920107165716
FRA,1998,H51,12038.4,2542305.6,0.0047352293131085
FRA,1998,H52,36227.8,2542305.6,0.0142499784447628
FRA,1998,H53,12004.1,2542305.6,0.0047217376227311
FRA,1998,I,58505.3,2542305.6,0.023012693674592
FRA,1998,J58T60,38285.9,2542305.6,0.0150595192017828
FRA,1998,J61,34143.6,2542305.6,0.0134301714160563
FRA,1998,J62_63,40348.8,2542305.6,0.0158709480087681
FRA,1998,K,126921.4,2542305.6,0.0499237385151494
FRA,1998,L,192607.0,2542305.6,0.07576075826604
FRA,1998,M,155000.2,2542305.6,0.0609683587999806
FRA,1998,N,105407.8,2542305.6,0.0414614985704315
FRA,1998,O,153929.7,2542305.6,0.0605472843233323
FRA,1998,P,86677.7,2542305.6,0.0340941309337477
FRA,1998,Q,131146.0,2542305.6,0.0515854584909068
FRA,1998,R,24554.6,2542305.6,0.0096583982665183
FRA,1998,S,30776.9,2542305.6,0.0121059010372317
FRA,1998,T,3111.1,2542305.6,0.0012237317181695
FRA,1998,HFCE,766008.3230597216,2542305.6,0.3013045807945833
FRA,1999,A01_02,73326.2,2558087.3,0.0286644634841039
FRA,1999,A03,1992.6,2558087.3,0.0007789413598198
FRA,1999,B05_06,694.1,2558087.3,0.000271335540425
FRA,1999,B07_08,3997.4,2558087.3,0.0015626519079313
FRA,1999,B09,43.5,2558087.3,1.700489267899497e-05
FRA,1999,C10T12,125723.7,2558087.3,0.0491475408208312
FRA,1999,C13T15,30364.7,2558087.3,0.0118700796489627
FRA,1999,C16,10029.6,2558087.3,0.0039207418761666
FRA,1999,C17_18,30822.2,2558087.3,0.0120489242098969
FRA,1999,C19,23358.7,2558087.3,0.0091313146349618
FRA,1999,C20,51714.6,2558087.3,0.0202161200675207
FRA,1999,C21,18063.4,2558087.3,0.0070612914578794
FRA,1999,C22,27396.1,2558087.3,0.0107096032258164
FRA,1999,C23,21570.9,2558087.3,0.0084324330917087
FRA,1999,C24,27449.9,2558087.3,0.0107306345643481
FRA,1999,C25,41063.1,2558087.3,0.0160522668636054
FRA,1999,C26,39611.9,2558087.3,0.0154849680071512
FRA,1999,C27,21927.3,2558087.3,0.0085717559365546
FRA,1999,C28,36660.5,2558087.3,0.0143312153576619
FRA,1999,C29,68563.9,2558087.3,0.0268027991069734
FRA,1999,C30,28768.2,2558087.3,0.0112459805417899
FRA,1999,C31T33,55416.9,2558087.3,0.0216634123471861
FRA,1999,D,47339.4,2558087.3,0.0185057796893796
FRA,1999,E,20464.4,2558087.3,0.0079998833503453
FRA,1999,F,162282.9,2558087.3,0.0634391562789901
FRA,1999,G,262408.4,2558087.3,0.1025799236796961
FRA,1999,H49,59521.7,2558087.3,0.0232680487487663
FRA,1999,H50,5269.5,2558087.3,0.0020599375165968
FRA,1999,H51,13581.7,2558087.3,0.0053093184114553
FRA,1999,H52,37498.5,2558087.3,0.0146588038649032
FRA,1999,H53,12176.5,2558087.3,0.0047600017403628
FRA,1999,I,59471.9,2558087.3,0.0232485810785269
FRA,1999,J58T60,38715.5,2558087.3,0.015134549942842
FRA,1999,J61,37100.5,2558087.3,0.0145032188698173
FRA,1999,J62_63,42965.6,2558087.3,0.0167959865951408
FRA,1999,K,128506.6,2558087.3,0.0502354239435065
FRA,1999,L,192696.4,2558087.3,0.0753283126811192
FRA,1999,M,160911.0,2558087.3,0.0629028571464312
FRA,1999,N,111630.6,2558087.3,0.0436383074182026
FRA,1999,O,151616.8,2558087.3,0.0592695956858079
FRA,1999,P,86538.1,2558087.3,0.0338292207619341
FRA,1999,Q,129398.7,2558087.3,0.0505841610644015
FRA,1999,R,24910.5,2558087.3,0.0097379397489679
FRA,1999,S,31305.1,2558087.3,0.0122376980644874
FRA,1999,T,3217.6,2558087.3,0.0012578147743433
FRA,1999,HFCE,760896.1766064501,2558087.3,0.297447306277018
FRA,2000,A01_02,64343.4,2409966.3,0.0266988795652453
FRA,2000,A03,1841.8,2409966.3,0.0007642430518634
FRA,2000,B05_06,649.2,2409966.3,0.0002693813602289
FRA,2000,B07_08,3712.8,2409966.3,0.0015406024557272
FRA,2000,B09,40.6,2409966.3,1.6846708603352672e-05
FRA,2000,C10T12,111942.5,2409966.3,0.046449819651005
FRA,2000,C13T15,26090.0,2409966.3,0.0108258775236815
FRA,2000,C16,9156.1,2409966.3,0.0037992647449053
FRA,2000,C17_18,29465.0,2409966.3,0.0122263120442804
FRA,2000,C19,33119.6,2409966.3,0.0137427647847191
FRA,2000,C20,50511.3,2409966.3,0.0209593387260228
FRA,2000,C21,17756.4,2409966.3,0.0073679038582406
FRA,2000,C22,25758.4,2409966.3,0.0106882822386354
FRA,2000,C23,19831.1,2409966.3,0.0082287872656144
FRA,2000,C24,27023.3,2409966.3,0.0112131443497778
FRA,2000,C25,39452.1,2409966.3,0.0163703948889243
FRA,2000,C26,42250.2,2409966.3,0.0175314484688022
FRA,2000,C27,20839.8,2409966.3,0.0086473408362598
FRA,2000,C28,33343.5,2409966.3,0.0138356706481746
FRA,2000,C29,64645.9,2409966.3,0.0268243999926472
FRA,2000,C30,27536.3,2409966.3,0.0114260103969088
FRA,2000,C31T33,51966.0,2409966.3,0.0215629571251681
FRA,2000,D,43371.8,2409966.3,0.0179968491675589
FRA,2000,E,20585.1,2409966.3,0.0085416547111052
FRA,2000,F,157388.1,2409966.3,0.0653071787767322
FRA,2000,G,242619.5,2409966.3,0.1006733994579094
FRA,2000,H49,56417.7,2409966.3,0.0234101613786051
FRA,2000,H50,5637.3,2409966.3,0.0023391613401399
FRA,2000,H51,13522.7,2409966.3,0.0056111573012452
FRA,2000,H52,34962.3,2409966.3,0.0145073812857881
FRA,2000,H53,10674.5,2409966.3,0.0044293150489282
FRA,2000,I,56573.8,2409966.3,0.0234749340685801
FRA,2000,J58T60,36488.7,2409966.3,0.0151407511383043
FRA,2000,J61,37249.9,2409966.3,0.015456606177439
FRA,2000,J62_63,41101.1,2409966.3,0.0170546368220999
FRA,2000,K,124029.6,2409966.3,0.0514652839751327
FRA,2000,L,175279.7,2409966.3,0.0727311830045092
FRA,2000,M,153676.7,2409966.3,0.0637671572419913
FRA,2000,N,111145.5,2409966.3,0.0461191096323629
FRA,2000,O,136267.8,2409966.3,0.0565434462714271
FRA,2000,P,78950.9,2409966.3,0.0327601676421782
FRA,2000,Q,116768.6,2409966.3,0.0484523787739272
FRA,2000,R,24273.0,2409966.3,0.0100719250721472
FRA,2000,S,28772.4,2409966.3,0.0119389221334754
FRA,2000,T,2934.3,2409966.3,0.0012175688929758
FRA,2000,HFCE,696439.1228272634,2409966.3,0.2889829301045676
FRA,2001,A01_02,63296.2,2447406.3,0.0258625631551246
FRA,2001,A03,1875.2,2447406.3,0.0007661988939065
FRA,2001,B05_06,630.2,2447406.3,0.0002574970898783
FRA,2001,B07_08,3767.6,2447406.3,0.0015394256360294
FRA,2001,B09,46.8,2447406.3,1.9122284681542253e-05
FRA,2001,C10T12,114038.6,2447406.3,0.0465956960231736
FRA,2001,C13T15,25629.4,2447406.3,0.0104720658764341
FRA,2001,C16,9182.3,2447406.3,0.0037518494579343
FRA,2001,C17_18,28278.3,2447406.3,0.0115543953613259
FRA,2001,C19,29310.1,2447406.3,0.0119759845351382
FRA,2001,C20,48697.6,2447406.3,0.019897636121963
FRA,2001,C21,19539.5,2447406.3,0.0079837581524571
FRA,2001,C22,26838.9,2447406.3,0.0109662625286206
FRA,2001,C23,19817.6,2447406.3,0.0080973886518147
FRA,2001,C24,26079.3,2447406.3,0.0106558931387894
FRA,2001,C25,38951.7,2447406.3,0.0159155020561972
FRA,2001,C26,37979.9,2447406.3,0.0155184286319766
FRA,2001,C27,20012.9,2447406.3,0.0081771874167358
FRA,2001,C28,33930.8,2447406.3,0.0138639832707793
FRA,2001,C29,67501.2,2447406.3,0.0275807086056777
FRA,2001,C30,30510.0,2447406.3,0.01246625866739
FRA,2001,C31T33,51242.4,2447406.3,0.0209374307813132
FRA,2001,D,46065.8,2447406.3,0.0188222936257048
FRA,2001,E,20428.0,2447406.3,0.0083467955443278
FRA,2001,F,159853.8,2447406.3,0.0653155955347504
FRA,2001,G,253112.8,2447406.3,0.1034208337209886
FRA,2001,H49,57642.7,2447406.3,0.0235525666498447
FRA,2001,H50,5762.0,2447406.3,0.0023543291524582
FRA,2001,H51,12901.3,2447406.3,0.0052714173367944
FRA,2001,H52,35413.8,2447406.3,0.0144699308815213
FRA,2001,H53,10509.8,2447406.3,0.0042942604176511
FRA,2001,I,56986.2,2447406.3,0.0232843234897286
FRA,2001,J58T60,37730.5,2447406.3,0.0154165248328403
FRA,2001,J61,42384.8,2447406.3,0.0173182523882528
FRA,2001,J62_63,45126.4,2447406.3,0.0184384587062638
FRA,2001,K,120873.6,2447406.3,0.0493884484974971
FRA,2001,L,177144.3,2447406.3,0.0723804216733445
FRA,2001,M,163309.7,2447406.3,0.0667276618516508
FRA,2001,N,115234.0,2447406.3,0.0470841314742059
FRA,2001,O,133809.5,2447406.3,0.0546740032498894
FRA,2001,P,78810.9,2447406.3,0.0322018048249691
FRA,2001,Q,118742.6,2447406.3,0.0485177307911645
FRA,2001,R,25447.9,2447406.3,0.0103979057339192
FRA,2001,S,29978.7,2447406.3,0.0122491717047553
FRA,2001,T,2980.7,2447406.3,0.001217901580134
FRA,2001,HFCE,701259.5852486666,2447406.3,0.2865317398458387
FRA,2002,A01_02,66941.4,2641335.6,0.0253437692658214
FRA,2002,A03,2047.5,2641335.6,0.000775176013226
FRA,2002,B05_06,594.1,2641335.6,0.0002249240876471
FRA,2002,B07_08,3963.1,2641335.6,0.0015004151687502
FRA,2002,B09,48.1,2641335.6,1.821048412023069e-05
FRA,2002,C10T12,121278.5,2641335.6,0.0459155966398211
FRA,2002,C13T15,26304.6,2641335.6,0.0099588253760711
FRA,2002,C16,10029.5,2641335.6,0.0037971320266913
FRA,2002,C17_18,29372.5,2641335.6,0.0111203210981595
FRA,2002,C19,27433.1,2641335.6,0.0103860713496611
FRA,2002,C20,48279.8,2641335.6,0.018278555742784
FRA,2002,C21,21123.9,2641335.6,0.0079974312995289
FRA,2002,C22,28226.9,2641335.6,0.0106866011270964
FRA,2002,C23,20918.8,2641335.6,0.0079197811894861
FRA,2002,C24,26301.8,2641335.6,0.0099577653063094
FRA,2002,C25,40859.0,2641335.6,0.0154690679972662
FRA,2002,C26,36310.9,2641335.6,0.0137471739675942
FRA,2002,C27,18973.9,2641335.6,0.0071834491610986
FRA,2002,C28,34099.2,2641335.6,0.0129098324347727
FRA,2002,C29,72527.4,2641335.6,0.0274586084403663
FRA,2002,C30,29772.6,2641335.6,0.0112717974951763
FRA,2002,C31T33,53092.1,2641335.6,0.020100474926397
FRA,2002,D,49009.5,2641335.6,0.0185548174946038
FRA,2002,E,24260.9,2641335.6,0.0091850880289502
FRA,2002,F,174203.4,2641335.6,0.0659527702575924
FRA,2002,G,279692.4,2641335.6,0.105890519932416
FRA,2002,H49,62500.9,2641335.6,0.0236626122027053
FRA,2002,H50,6306.6,2641335.6,0.0023876556996392
FRA,2002,H51,14127.1,2641335.6,0.0053484684036364
FRA,2002,H52,38780.9,2641335.6,0.0146823069359304
FRA,2002,H53,11175.7,2641335.6,0.0042310791555605
FRA,2002,I,62515.2,2641335.6,0.0236680261304167
FRA,2002,J58T60,40522.2,2641335.6,0.0153415567487902
FRA,2002,J61,47475.0,2641335.6,0.0179738614055707
FRA,2002,J62_63,46907.8,2641335.6,0.0177591215595625
FRA,2002,K,130869.1,2641335.6,0.0495465627313696
FRA,2002,L,196552.1,2641335.6,0.0744139063585861
FRA,2002,M,180774.6,2641335.6,0.06844060254971
FRA,2002,N,123710.1,2641335.6,0.0468361915085686
FRA,2002,O,146581.1,2641335.6,0.0554950684797494
FRA,2002,P,88293.2,2641335.6,0.0334274826720239
FRA,2002,Q,133963.8,2641335.6,0.0507182048354627
FRA,2002,R,28878.4,2641335.6,0.010933256644858
FRA,2002,S,32299.7,2641335.6,0.0122285483147238
FRA,2002,T,3437.2,2641335.6,0.0013013113517267
FRA,2002,HFCE,763715.788914511,2641335.6,0.2891400051226019
FRA,2003,A01_02,78061.6,3215573.5,0.0242761050245002
FRA,2003,A03,2501.7,3215573.5,0.0007779949673052
FRA,2003,B05_06,491.0,3215573.5,0.0001526943794007
FRA,2003,B07_08,4765.9,3215573.5,0.0014821306370387
FRA,2003,B09,47.6,3215573.5,1.4802958165938364e-05
FRA,2003,C10T12,145269.9,3215573.5,0.0451769800939085
FRA,2003,C13T15,29154.8,3215573.5,0.009066749679334
FRA,2003,C16,11776.2,3215573.5,0.0036622394107925
FRA,2003,C17_18,34055.3,3215573.5,0.0105907391014386
FRA,2003,C19,33648.3,3215573.5,0.0104641675893895
FRA,2003,C20,57613.8,3215573.5,0.0179171149407718
FRA,2003,C21,26729.4,3215573.5,0.0083124829832065
FRA,2003,C22,34120.9,3215573.5,0.0106111398168942
FRA,2003,C23,25208.9,3215573.5,0.0078396279854899
FRA,2003,C24,30936.5,3215573.5,0.0096208343550536
FRA,2003,C25,48317.1,3215573.5,0.0150259665966273
FRA,2003,C26,39111.0,3215573.5,0.0121629936308406
FRA,2003,C27,21261.7,3215573.5,0.006612102009175
FRA,2003,C28,40854.2,3215573.5,0.0127051053256907
FRA,2003,C29,82794.8,3215573.5,0.0257480664024628
FRA,2003,C30,33863.1,3215573.5,0.0105309674930459
FRA,2003,C31T33,60719.9,3215573.5,0.0188830701584025
FRA,2003,D,62250.5,3215573.5,0.0193590661199316
FRA,2003,E,30275.6,3215573.5,0.0094153033665689
FRA,2003,F,217878.4,3215573.5,0.0677572445475122
FRA,2003,G,350392.0,3215573.5,0.1089671873462074
FRA,2003,H49,76365.7,3215573.5,0.0237487029918613
FRA,2003,H50,7604.9,3215573.5,0.0023650213562215
FRA,2003,H51,15833.3,3215573.5,0.0049239428052258
FRA,2003,H52,47943.1,3215573.5,0.0149096576396092
FRA,2003,H53,13644.2,3215573.5,0.0042431622228507
FRA,2003,I,77912.5,3215573.5,0.0242297369349511
FRA,2003,J58T60,48883.5,3215573.5,0.0152021093593413
FRA,2003,J61,58579.6,3215573.5,0.0182174657180126
FRA,2003,J62_63,55493.9,3215573.5,0.0172578546253102
FRA,2003,K,153926.1,3215573.5,0.0478689415744967
FRA,2003,L,246265.4,3215573.5,0.0765852187797915
FRA,2003,M,222850.0,3215573.5,0.069303345110911
FRA,2003,N,149884.7,3215573.5,0.046612120668366
FRA,2003,O,180392.1,3215573.5,0.0560995107093649
FRA,2003,P,108841.8,3215573.5,0.0338483321870888
FRA,2003,Q,169022.3,3215573.5,0.0525636562187118
FRA,2003,R,36417.6,3215573.5,0.0113253825484007
FRA,2003,S,39093.7,3215573.5,0.0121576135641122
FRA,2003,T,4519.0,3215573.5,0.0014053480662158
FRA,2003,HFCE,939069.0647045549,3215573.5,0.2920378168014367
FRA,2004,A01_02,89088.4,3699766.3,0.0240794668571363
FRA,2004,A03,2576.3,3699766.3,0.0006963412797181
FRA,2004,B05_06,499.2,3699766.3,0.0001349274412278
FRA,2004,B07_08,5596.1,3699766.3,0.0015125549957033
FRA,2004,B09,54.6,3699766.3,1.4757688884295207e-05
FRA,2004,C10T12,162428.0,3699766.3,0.0439022324193828
FRA,2004,C13T15,29984.5,3699766.3,0.0081044308122921
FRA,2004,C16,13444.0,3699766.3,0.0036337430285799
FRA,2004,C17_18,37872.7,3699766.3,0.0102365114250594
FRA,2004,C19,43292.2,3699766.3,0.0117013336761297
FRA,2004,C20,64752.4,3699766.3,0.017501754097279
FRA,2004,C21,29739.2,3699766.3,0.0080381293272496
FRA,2004,C22,40062.4,3699766.3,0.0108283596182818
FRA,2004,C23,28754.0,3699766.3,0.007771842237711
FRA,2004,C24,37839.7,3699766.3,0.0102275919427667
FRA,2004,C25,56198.5,3699766.3,0.015189743200807
FRA,2004,C26,40611.6,3699766.3,0.0109768014266198
FRA,2004,C27,24914.7,3699766.3,0.0067341280447902
FRA,2004,C28,46770.0,3699766.3,0.012641338994844
FRA,2004,C29,95259.7,3699766.3,0.025747491132075
FRA,2004,C30,38279.9,3699766.3,0.0103465724308046
FRA,2004,C31T33,67943.1,3699766.3,0.0183641599200468
FRA,2004,D,70539.0,3699766.3,0.0190657988316721
FRA,2004,E,34009.8,3699766.3,0.0091924184508626
FRA,2004,F,257708.3,3699766.3,0.0696552914707072
FRA,2004,G,408642.3,3699766.3,0.1104508411788063
FRA,2004,H49,87856.8,3699766.3,0.0237465809664788
FRA,2004,H50,10186.3,3699766.3,0.0027532279538845
FRA,2004,H51,17639.2,3699766.3,0.0047676524865908
FRA,2004,H52,54403.4,3699766.3,0.014704550392818
FRA,2004,H53,15585.1,3699766.3,0.0042124552569712
FRA,2004,I,88474.1,3699766.3,0.0239134293428209
FRA,2004,J58T60,55694.0,3699766.3,0.0150533832366655
FRA,2004,J61,66019.1,3699766.3,0.0178441270736478
FRA,2004,J62_63,63572.2,3699766.3,0.0171827609760108
FRA,2004,K,179718.7,3699766.3,0.0485756897672158
FRA,2004,L,287076.2,3699766.3,0.0775930631077968
FRA,2004,M,258163.8,3699766.3,0.0697784073550807
FRA,2004,N,171525.4,3699766.3,0.0463611444863422
FRA,2004,O,207493.8,3699766.3,0.0560829477256441
FRA,2004,P,121080.6,3699766.3,0.0327265535663698
FRA,2004,Q,197098.0,3699766.3,0.053273094573568
FRA,2004,R,41785.8,3699766.3,0.0112941728238348
FRA,2004,S,44168.3,3699766.3,0.0119381324166339
FRA,2004,T,5364.9,3699766.3,0.0014500645621859
FRA,2004,HFCE,1079635.1817465113,3699766.3,0.2918117238233429
FRA,2005,A01_02,87750.4,3872534.0,0.0226596848471827
FRA,2005,A03,2640.4,3872534.0,0.0006818274545814
FRA,2005,B05_06,771.6,3872534.0,0.0001992493803798
FRA,2005,B07_08,5691.7,3872534.0,0.0014697611434786
FRA,2005,B09,66.2,3872534.0,1.709474984596649e-05
FRA,2005,C10T12,161994.5,3872534.0,0.0418316533825138
FRA,2005,C13T15,28362.1,3872534.0,0.0073239124562883
FRA,2005,C16,13078.6,3872534.0,0.0033772718328618
FRA,2005,C17_18,37978.6,3872534.0,0.009807170188822
FRA,2005,C19,53928.6,3872534.0,0.0139259203405315
FRA,2005,C20,68432.4,3872534.0,0.017671219929896
FRA,2005,C21,29993.3,3872534.0,0.0077451353558161
FRA,2005,C22,40660.5,3872534.0,0.0104997141406634
FRA,2005,C23,30362.1,3872534.0,0.0078403701555622
FRA,2005,C24,40105.0,3872534.0,0.0103562680146901
FRA,2005,C25,58923.0,3872534.0,0.0152156185071583
FRA,2005,C26,39802.4,3872534.0,0.0102781279647899
FRA,2005,C27,25957.1,3872534.0,0.0067028720729114
FRA,2005,C28,48099.3,3872534.0,0.0124206269073428
FRA,2005,C29,93657.8,3872534.0,0.0241851459535281
FRA,2005,C30,44433.2,3872534.0,0.0114739341216887
FRA,2005,C31T33,70757.8,3872534.0,0.0182717052968418
FRA,2005,D,83231.5,3872534.0,0.0214927744985583
FRA,2005,E,36264.5,3872534.0,0.0093645401176593
FRA,2005,F,278021.6,3872534.0,0.0717931979422259
FRA,2005,G,421851.3,3872534.0,0.1089341759168544
FRA,2005,H49,89598.1,3872534.0,0.0231368142926569
FRA,2005,H50,11368.0,3872534.0,0.0029355455626729
FRA,2005,H51,19619.5,3872534.0,0.0050663209154522
FRA,2005,H52,56087.4,3872534.0,0.0144833847811278
FRA,2005,H53,15994.0,3872534.0,0.0041301122210934
FRA,2005,I,92121.6,3872534.0,0.0237884547947158
FRA,2005,J58T60,56760.1,3872534.0,0.0146570953282785
FRA,2005,J61,70617.9,3872534.0,0.0182355790807775
FRA,2005,J62_63,67046.5,3872534.0,0.0173133405671841
FRA,2005,K,190546.9,3872534.0,0.0492047067888881
FRA,2005,L,305250.0,3872534.0,0.0788243563516808
FRA,2005,M,271230.6,3872534.0,0.0700395658243413
FRA,2005,N,181635.1,3872534.0,0.0469034229266934
FRA,2005,O,214826.2,3872534.0,0.0554743224978786
FRA,2005,P,125052.9,3872534.0,0.0322922665107653
FRA,2005,Q,207020.9,3872534.0,0.0534587688578073
FRA,2005,R,43856.6,3872534.0,0.0113250393669881
FRA,2005,S,45462.9,3872534.0,0.0117398323681599
FRA,2005,T,5623.3,3872534.0,0.0014520982901634
FRA,2005,HFCE,1121780.965719628,3872534.0,0.2896762083224132
FRA,2006,A01_02,85861.4,4128509.9,0.0207971888356135
FRA,2006,A03,2588.5,4128509.9,0.0006269816623184
FRA,2006,B05_06,1176.8,4128509.9,0.0002850423103018
FRA,2006,B07_08,6206.6,4128509.9,0.0015033511243366
FRA,2006,B09,67.5,4128509.9,1.6349724630671228e-05
FRA,2006,C10T12,168125.8,4128509.9,0.0407231190120193
FRA,2006,C13T15,27371.2,4128509.9,0.00662980122683
FRA,2006,C16,14188.9,4128509.9,0.0034368090046241
FRA,2006,C17_18,38458.4,4128509.9,0.0093153222183141
FRA,2006,C19,61252.9,4128509.9,0.0148365636715561
FRA,2006,C20,73353.6,4128509.9,0.017767572750643
FRA,2006,C21,31796.2,4128509.9,0.007701616508174
FRA,2006,C22,42058.1,4128509.9,0.0101872348665071
FRA,2006,C23,32255.9,4128509.9,0.0078129641883624
FRA,2006,C24,47142.1,4128509.9,0.011418671903875
FRA,2006,C25,62959.8,4128509.9,0.0152500058192908
FRA,2006,C26,42668.4,4128509.9,0.0103350605989826
FRA,2006,C27,27162.3,4128509.9,0.0065792018568249
FRA,2006,C28,51998.8,4128509.9,0.0125950527574125
FRA,2006,C29,92206.5,4128509.9,0.0223340871727109
FRA,2006,C30,51839.4,4128509.9,0.0125564431854698
FRA,2006,C31T33,74242.6,4128509.9,0.0179829046794825
FRA,2006,D,93841.3,4128509.9,0.0227300653923586
FRA,2006,E,39825.5,4128509.9,0.0096464586411673
FRA,2006,F,309394.0,4128509.9,0.0749408400352873
FRA,2006,G,437680.9,4128509.9,0.1060142546830274
FRA,2006,H49,94989.3,4128509.9,0.0230081318201513
FRA,2006,H50,12809.0,4128509.9,0.0031025721895447
FRA,2006,H51,21412.1,4128509.9,0.0051863990928058
FRA,2006,H52,58832.3,4128509.9,0.0142502504353931
FRA,2006,H53,16553.7,4128509.9,0.0040096064684258
FRA,2006,I,97916.7,4128509.9,0.0237172012110228
FRA,2006,J58T60,59193.0,4128509.9,0.0143376185194566
FRA,2006,J61,71366.6,4128509.9,0.0172862853011446
FRA,2006,J62_63,74291.6,4128509.9,0.0179947733684736
FRA,2006,K,211705.2,4128509.9,0.0512788403389804
FRA,2006,L,327795.5,4128509.9,0.0793980171877509
FRA,2006,M,295310.6,4128509.9,0.0715295850447155
FRA,2006,N,196751.0,4128509.9,0.0476566617897658
FRA,2006,O,222395.8,4128509.9,0.0538682976150789
FRA,2006,P,129910.0,4128509.9,0.0314665589151185
FRA,2006,Q,219758.1,4128509.9,0.0532293988201409
FRA,2006,R,47829.1,4128509.9,0.0115850757678938
FRA,2006,S,48182.4,4128509.9,0.0116706514377015
FRA,2006,T,5784.5,4128509.9,0.0014011108463128
FRA,2006,HFCE,1186110.08790589,4128509.9,0.2872973825025562
FRA,2007,A01_02,103072.6,4747886.8,0.021709152796145
FRA,2007,A03,2819.8,4747886.8,0.0005939063248095
FRA,2007,B05_06,1177.3,4747886.8,0.0002479629463785
FRA,2007,B07_08,7255.9,4747886.8,0.0015282377835966
FRA,2007,B09,76.4,4747886.8,1.60913693224531e-05
FRA,2007,C10T12,196291.9,4747886.8,0.0413430033757333
FRA,2007,C13T15,29593.5,4747886.8,0.0062329834822515
FRA,2007,C16,16470.1,4747886.8,0.0034689327470907
FRA,2007,C17_18,42580.5,4747886.8,0.0089683056470512
FRA,2007,C19,66925.4,4747886.8,0.0140958289064516
FRA,2007,C20,83898.4,4747886.8,0.0176706824602473
FRA,2007,C21,33994.7,4747886.8,0.0071599643024345
FRA,2007,C22,47460.4,4747886.8,0.0099961102695203
FRA,2007,C23,36800.7,4747886.8,0.0077509640710052
FRA,2007,C24,56764.8,4747886.8,0.0119558031585757
FRA,2007,C25,73221.5,4747886.8,0.0154219135974345
FRA,2007,C26,40752.6,4747886.8,0.008583313317411
FRA,2007,C27,32224.4,4747886.8,0.0067871036857913
FRA,2007,C28,58779.7,4747886.8,0.0123801814314528
FRA,2007,C29,99768.1,4747886.8,0.0210131589489454
FRA,2007,C30,56256.7,4747886.8,0.0118487871277807
FRA,2007,C31T33,86792.4,4747886.8,0.0182802167903413
FRA,2007,D,122935.6,4747886.8,0.0258926981999655
FRA,2007,E,46561.7,4747886.8,0.0098068260599641
FRA,2007,F,368506.8,4747886.8,0.0776149085947036
FRA,2007,G,496372.5,4747886.8,0.1045459845420072
FRA,2007,H49,110333.0,4747886.8,0.0232383383698196
FRA,2007,H50,16551.7,4747886.8,0.0034861193405032
FRA,2007,H51,24972.5,4747886.8,0.0052597083822638
FRA,2007,H52,67598.7,4747886.8,0.0142376393641061
FRA,2007,H53,18464.0,4747886.8,0.0038888879996043
FRA,2007,I,112257.3,4747886.8,0.0236436344691284
FRA,2007,J58T60,66698.3,4747886.8,0.0140479971005205
FRA,2007,J61,80832.1,4747886.8,0.0170248583011709
FRA,2007,J62_63,84539.4,4747886.8,0.0178056898913428
FRA,2007,K,249686.4,4747886.8,0.0525889538899705
FRA,2007,L,377635.9,4747886.8,0.0795376797947246
FRA,2007,M,339726.8,4747886.8,0.0715532644965334
FRA,2007,N,227547.0,4747886.8,0.0479259530787465
FRA,2007,O,249867.7,4747886.8,0.0526271392991088
FRA,2007,P,147522.2,4747886.8,0.0310711283175496
FRA,2007,Q,250514.3,4747886.8,0.0527633262023012
FRA,2007,R,54580.3,4747886.8,0.0114957037307629
FRA,2007,S,54718.3,4747886.8,0.0115247692931516
FRA,2007,T,6486.5,4747886.8,0.0013661867422786
FRA,2007,HFCE,1359053.132485233,4747886.8,0.2862437942886998
FRA,2008,A01_02,112937.1,5248107.4,0.0215195862798082
FRA,2008,A03,3003.6,5248107.4,0.0005723206045668
FRA,2008,B05_06,892.5,5248107.4,0.0001700613062911
FRA,2008,B07_08,7833.5,5248107.4,0.0014926333253012
FRA,2008,B09,86.3,5248107.4,1.644402323016484e-05
FRA,2008,C10T12,221485.7,5248107.4,0.0422029663493548
FRA,2008,C13T15,29295.7,5248107.4,0.0055821456702658
FRA,2008,C16,17265.8,5248107.4,0.0032899098063427
FRA,2008,C17_18,44858.8,5248107.4,0.0085476147077325
FRA,2008,C19,85861.5,5248107.4,0.016360469299847
FRA,2008,C20,95683.4,5248107.4,0.0182319820665255
FRA,2008,C21,37127.1,5248107.4,0.0070743788513169
FRA,2008,C22,49895.9,5248107.4,0.0095074083278097
FRA,2008,C23,38372.5,5248107.4,0.0073116834461124
FRA,2008,C24,59265.9,5248107.4,0.011292813862765
FRA,2008,C25,77238.7,5248107.4,0.0147174388999737
FRA,2008,C26,40607.4,5248107.4,0.0077375322006558
FRA,2008,C27,34433.5,5248107.4,0.0065611271598595
FRA,2008,C28,64015.6,5248107.4,0.0121978448840433
FRA,2008,C29,97238.3,5248107.4,0.01852826030199
FRA,2008,C30,64725.3,5248107.4,0.0123330745860879
FRA,2008,C31T33,94849.0,5248107.4,0.0180729914178204
FRA,2008,D,139243.8,5248107.4,0.0265321933007697
FRA,2008,E,50486.4,5248107.4,0.0096199250800393
FRA,2008,F,415078.6,5248107.4,0.0790911024419965
FRA,2008,G,553242.6,5248107.4,0.1054175453802641
FRA,2008,H49,119644.5,5248107.4,0.0227976470146171
FRA,2008,H50,18806.8,5248107.4,0.0035835394679613
FRA,2008,H51,28899.0,5248107.4,0.0055065565159737
FRA,2008,H52,75387.2,5248107.4,0.0143646450528051
FRA,2008,H53,19658.2,5248107.4,0.0037457693796434
FRA,2008,I,122125.5,5248107.4,0.0232703888643742
FRA,2008,J58T60,74152.2,5248107.4,0.014129322124772
FRA,2008,J61,91175.2,5248107.4,0.0173729676340084
FRA,2008,J62_63,96553.4,5248107.4,0.0183977561129941
FRA,2008,K,266049.5,5248107.4,0.0506943703171928
FRA,2008,L,421183.4,5248107.4,0.0802543408315157
FRA,2008,M,382183.1,5248107.4,0.0728230333091125
FRA,2008,N,253453.5,5248107.4,0.0482942669961365
FRA,2008,O,275239.5,5248107.4,0.0524454777735684
FRA,2008,P,164640.4,5248107.4,0.0313713854255345
FRA,2008,Q,278643.8,5248107.4,0.0530941497119513
FRA,2008,R,59950.2,5248107.4,0.0114232037248323
FRA,2008,S,59385.4,5248107.4,0.0113155839760443
FRA,2008,T,5952.1,5248107.4,0.0011341421861907
FRA,2008,HFCE,1497720.7446881868,5248107.4,0.2853830210654962
FRA,2009,A01_02,98794.0,4721748.1,0.0209231830897544
FRA,2009,A03,2796.5,4721748.1,0.0005922594642437
FRA,2009,B05_06,718.2,4721748.1,0.0001521046834328
FRA,2009,B07_08,6571.3,4721748.1,0.0013917091426372
FRA,2009,B09,110.4,4721748.1,2.338117105400011e-05
FRA,2009,C10T12,196735.6,4721748.1,0.0416658398189433
FRA,2009,C13T15,22642.6,4721748.1,0.0047953849973487
FRA,2009,C16,13508.9,4721748.1,0.0028609954859726
FRA,2009,C17_18,36828.1,4721748.1,0.007799674870415
FRA,2009,C19,52047.0,4721748.1,0.011022824364561
FRA,2009,C20,74022.4,4721748.1,0.0156769057629313
FRA,2009,C21,35219.9,4721748.1,0.0074590806739563
FRA,2009,C22,38120.5,4721748.1,0.008073387057645
FRA,2009,C23,30981.0,4721748.1,0.0065613411270287
FRA,2009,C24,39096.9,4721748.1,0.0082801748784523
FRA,2009,C25,64933.2,4721748.1,0.0137519407272065
FRA,2009,C26,31577.6,4721748.1,0.006687692636547
FRA,2009,C27,27681.0,4721748.1,0.005862447427045
FRA,2009,C28,47284.6,4721748.1,0.0100142148624997
FRA,2009,C29,67253.3,4721748.1,0.0142433053554889
FRA,2009,C30,59344.4,4721748.1,0.0125683112997917
FRA,2009,C31T33,88345.2,4721748.1,0.0187102738496363
FRA,2009,D,134089.0,4721748.1,0.0283981688900346
FRA,2009,E,43883.0,4721748.1,0.0092938037079953
FRA,2009,F,367163.6,4721748.1,0.0777600990616166
FRA,2009,G,499206.6,4721748.1,0.1057249538576613
FRA,2009,H49,104131.9,4721748.1,0.0220536754173734
FRA,2009,H50,14478.7,4721748.1,0.0030663855193799
FRA,2009,H51,23265.0,4721748.1,0.004927200584885
FRA,2009,H52,69262.3,4721748.1,0.0146687833686002
FRA,2009,H53,17676.7,4721748.1,0.0037436770504551
FRA,2009,I,116931.4,4721748.1,0.0247644299364466
FRA,2009,J58T60,67666.6,4721748.1,0.0143308364967627
FRA,2009,J61,88418.2,4721748.1,0.0187257342254238
FRA,2009,J62_63,88482.8,4721748.1,0.0187394155990659
FRA,2009,K,257016.3,4721748.1,0.0544324463221576
FRA,2009,L,397974.6,4721748.1,0.0842854365737977
FRA,2009,M,348205.8,4721748.1,0.073745103005389
FRA,2009,N,219999.6,4721748.1,0.0465928286178587
FRA,2009,O,272925.4,4721748.1,0.0578017704925851
FRA,2009,P,159560.5,4721748.1,0.0337926752170451
FRA,2009,Q,276293.8,4721748.1,0.0585151503528957
FRA,2009,R,58555.5,4721748.1,0.0124012333483016
FRA,2009,S,56392.8,4721748.1,0.0119432038316487
FRA,2009,T,5555.4,4721748.1,0.0011765557760271
FRA,2009,HFCE,1381702.141696624,4721748.1,0.2926251279047741
FRA,2010,A01_02,101613.4,4696645.3,0.0216353148916738
FRA,2010,A03,2764.0,4696645.3,0.0005885051613329
FRA,2010,B05_06,844.3,4696645.3,0.0001797666091582
FRA,2010,B07_08,6212.4,4696645.3,0.0013227313546543
FRA,2010,B09,80.4,4696645.3,1.7118601653823e-05
FRA,2010,C10T12,187186.0,4696645.3,0.039855255835479
FRA,2010,C13T15,22655.9,4696645.3,0.0048238473533438
FRA,2010,C16,13167.4,4696645.3,0.0028035755648824
FRA,2010,C17_18,36716.2,4696645.3,0.007817537338832
FRA,2010,C19,61925.5,4696645.3,0.0131850493372365
FRA,2010,C20,80368.8,4696645.3,0.0171119586143752
FRA,2010,C21,33981.6,4696645.3,0.007235291964671
FRA,2010,C22,38703.5,4696645.3,0.0082406691431435
FRA,2010,C23,29825.8,4696645.3,0.0063504476269476
FRA,2010,C24,45218.8,4696645.3,0.0096278933391031
FRA,2010,C25,65726.7,4696645.3,0.0139943929766209
FRA,2010,C26,34206.5,4696645.3,0.0072831772073569
FRA,2010,C27,28197.5,4696645.3,0.0060037533598715
FRA,2010,C28,44381.4,4696645.3,0.0094495958636689
FRA,2010,C29,77182.3,4696645.3,0.0164334956271873
FRA,2010,C30,59412.0,4696645.3,0.0126498801176235
FRA,2010,C31T33,83620.4,4696645.3,0.0178042825588723
FRA,2010,D,135402.9,4696645.3,0.0288297053217963
FRA,2010,E,48013.4,4696645.3,0.0102229137891251
FRA,2010,F,351046.2,4696645.3,0.0747440305956253
FRA,2010,G,486525.4,4696645.3,0.1035899815555584
FRA,2010,H49,103565.7,4696645.3,0.0220509945683997
FRA,2010,H50,17437.8,4696645.3,0.0037128202975004
FRA,2010,H51,23571.7,4696645.3,0.0050188375945698
FRA,2010,H52,71220.9,4696645.3,0.0151642066732184
FRA,2010,H53,16535.3,4696645.3,0.0035206618647569
FRA,2010,I,120530.3,4696645.3,0.0256630621009425
FRA,2010,J58T60,65728.6,4696645.3,0.0139947975206899
FRA,2010,J61,87885.9,4696645.3,0.0187124839936283
FRA,2010,J62_63,89904.3,4696645.3,0.0191422375455945
FRA,2010,K,265814.1,4696645.3,0.0565965882073317
FRA,2010,L,373161.3,4696645.3,0.0794527319318748
FRA,2010,M,355121.3,4696645.3,0.0756116924563155
FRA,2010,N,216313.2,4696645.3,0.0460569589958177
FRA,2010,O,265300.5,4696645.3,0.056487233557961
FRA,2010,P,156806.0,4696645.3,0.0333868090911613
FRA,2010,Q,273209.1,4696645.3,0.0581711163072076
FRA,2010,R,59100.5,4696645.3,0.0125835561821115
FRA,2010,S,55170.5,4696645.3,0.0117467887132119
FRA,2010,T,5289.6,4696645.3,0.0011262506879112
FRA,2010,HFCE,1354145.6765806412,4696645.3,0.2883218957541122
FRA,2011,A01_02,115082.4,5135644.2,0.0224085617146141
FRA,2011,A03,3095.3,5135644.2,0.000602709198585
FRA,2011,B05_06,1033.4,5135644.2,0.0002012211048421
FRA,2011,B07_08,6857.5,5135644.2,0.0013352755239547
FRA,2011,B09,64.2,5135644.2,1.2500866006254872e-05
FRA,2011,C10T12,213278.1,5135644.2,0.0415289867627512
FRA,2011,C13T15,25940.0,5135644.2,0.0050509729626518
FRA,2011,C16,15222.8,5135644.2,0.0029641461532712
FRA,2011,C17_18,38848.8,5135644.2,0.0075645427305886
FRA,2011,C19,83052.8,5135644.2,0.0161718368262349
FRA,2011,C20,95181.7,5135644.2,0.0185335463854758
FRA,2011,C21,34200.5,5135644.2,0.0066594371938772
FRA,2011,C22,44402.4,5135644.2,0.0086459260553914
FRA,2011,C23,34718.6,5135644.2,0.0067603203508529
FRA,2011,C24,54591.7,5135644.2,0.0106299614759137
FRA,2011,C25,72466.7,5135644.2,0.0141105374862222
FRA,2011,C26,34509.5,5135644.2,0.00671960491344
FRA,2011,C27,31359.8,5135644.2,0.0061063030807313
FRA,2011,C28,52236.2,5135644.2,0.0101713043127092
FRA,2011,C29,84617.0,5135644.2,0.0164764140007985
FRA,2011,C30,63932.0,5135644.2,0.0124486817057926
FRA,2011,C31T33,92227.6,5135644.2,0.0179583313034029
FRA,2011,D,144421.5,5135644.2,0.0281213990642108
FRA,2011,E,52088.1,5135644.2,0.0101424666451776
FRA,2011,F,388270.8,5135644.2,0.0756031346564078
FRA,2011,G,524089.6,5135644.2,0.1020494371475344
FRA,2011,H49,112434.6,5135644.2,0.0218929886147486
FRA,2011,H50,18311.3,5135644.2,0.0035655312725908
FRA,2011,H51,26557.4,5135644.2,0.005171191571254
FRA,2011,H52,77461.9,5135644.2,0.015083190537226
FRA,2011,H53,17590.7,5135644.2,0.0034252178139599
FRA,2011,I,131607.8,5135644.2,0.0256263469342366
FRA,2011,J58T60,70173.9,5135644.2,0.0136640891127154
FRA,2011,J61,91227.6,5135644.2,0.0177636137643647
FRA,2011,J62_63,96910.4,5135644.2,0.0188701545952112
FRA,2011,K,273109.1,5135644.2,0.053179131840948
FRA,2011,L,398576.3,5135644.2,0.0776097962549664
FRA,2011,M,400395.5,5135644.2,0.0779640264019847
FRA,2011,N,239495.6,5135644.2,0.0466339938424862
FRA,2011,O,285024.5,5135644.2,0.0554992692056042
FRA,2011,P,168312.9,5135644.2,0.032773473676389
FRA,2011,Q,297472.3,5135644.2,0.0579230741880444
FRA,2011,R,63319.2,5135644.2,0.0123293587978699
FRA,2011,S,56392.7,5135644.2,0.0109806477637216
FRA,2011,T,5481.5,5135644.2,0.0010673441902381
FRA,2011,HFCE,1463858.7999999998,5135644.2,0.285038983035468
FRA,2012,A01_02,109853.9,4817861.1,0.0228013837924883
FRA,2012,A03,2837.6,4817861.1,0.0005889750536809
FRA,2012,B05_06,964.3,4817861.1,0.0002001510587343
FRA,2012,B07_08,6213.6,4817861.1,0.0012897009421878
FRA,2012,B09,60.7,4817861.1,1.2598951846079585e-05
FRA,2012,C10T12,199171.0,4817861.1,0.0413401291290859
FRA,2012,C13T15,24642.5,4817861.1,0.0051148215958322
FRA,2012,C16,13370.4,4817861.1,0.0027751734063067
FRA,2012,C17_18,33786.8,4817861.1,0.0070128215194912
FRA,2012,C19,77937.9,4817861.1,0.0161768673654788
FRA,2012,C20,86931.9,4817861.1,0.0180436708729523
FRA,2012,C21,31659.7,4817861.1,0.006571318546315
FRA,2012,C22,39209.9,4817861.1,0.0081384455022997
FRA,2012,C23,30928.7,4817861.1,0.0064195914655987
FRA,2012,C24,45994.2,4817861.1,0.009546601499159
FRA,2012,C25,65675.5,4817861.1,0.0136316715315848
FRA,2012,C26,32304.6,4817861.1,0.0067051746261427
FRA,2012,C27,27581.5,4817861.1,0.0057248433334867
FRA,2012,C28,48692.9,4817861.1,0.010106746331894
FRA,2012,C29,70928.1,4817861.1,0.0147219063662918
FRA,2012,C30,67864.9,4817861.1,0.0140861055541846
FRA,2012,C31T33,85616.2,4817861.1,0.0177705828837614
FRA,2012,D,140980.0,4817861.1,0.02926194779671
FRA,2012,E,48357.1,4817861.1,0.010037047352818
FRA,2012,F,358395.4,4817861.1,0.0743889025775359
FRA,2012,G,494351.9,4817861.1,0.1026081677614159
FRA,2012,H49,104196.4,4817861.1,0.0216271075145773
FRA,2012,H50,18562.1,4817861.1,0.0038527677769705
FRA,2012,H51,25273.6,4817861.1,0.0052458133340539
FRA,2012,H52,73660.0,4817861.1,0.0152889422237598
FRA,2012,H53,16097.2,4817861.1,0.0033411507027464
FRA,2012,I,123715.7,4817861.1,0.0256785526672821
FRA,2012,J58T60,65395.3,4817861.1,0.0135735129433266
FRA,2012,J61,83096.6,4817861.1,0.0172476122236068
FRA,2012,J62_63,91944.8,4817861.1,0.0190841533393314
FRA,2012,K,256977.7,4817861.1,0.0533385447745681
FRA,2012,L,377645.3,4817861.1,0.0783844308006306
FRA,2012,M,382252.8,4817861.1,0.0793407680433128
FRA,2012,N,224735.4,4817861.1,0.0466463011978489
FRA,2012,O,270221.8,4817861.1,0.0560875032283516
FRA,2012,P,158732.9,4817861.1,0.0329467572238643
FRA,2012,Q,282847.6,4817861.1,0.0587081267245334
FRA,2012,R,59057.5,4817861.1,0.012258032926686
FRA,2012,S,54190.8,4817861.1,0.0112478958764502
FRA,2012,T,4946.4,4817861.1,0.0010266796608146
FRA,2012,HFCE,1380668.4,4817861.1,0.2865728943493203
FRA,2013,A01_02,111107.9,5008139.0,0.0221854664976351
FRA,2013,A03,2976.6,5008139.0,0.0005943525129793
FRA,2013,B05_06,876.7,5008139.0,0.0001750550453971
FRA,2013,B07_08,6490.0,5008139.0,0.0012958905493637
FRA,2013,B09,69.3,5008139.0,1.3837475357612878e-05
FRA,2013,C10T12,210147.4,5008139.0,0.0419611755983609
FRA,2013,C13T15,25409.6,5008139.0,0.0050736610944704
FRA,2013,C16,13578.0,5008139.0,0.0027111867302405
FRA,2013,C17_18,33954.3,5008139.0,0.0067798238028137
FRA,2013,C19,72038.2,5008139.0,0.0143842253579623
FRA,2013,C20,87684.8,5008139.0,0.0175084597292527
FRA,2013,C21,33951.4,5008139.0,0.0067792447454034
FRA,2013,C22,38653.4,5008139.0,0.0077181164500426
FRA,2013,C23,30677.0,5008139.0,0.0061254290266304
FRA,2013,C24,44665.2,5008139.0,0.0089185224291897
FRA,2013,C25,66777.8,5008139.0,0.0133338551505858
FRA,2013,C26,33140.1,5008139.0,0.0066172484429845
FRA,2013,C27,27747.9,5008139.0,0.0055405610746826
FRA,2013,C28,48788.6,5008139.0,0.0097418621967161
FRA,2013,C29,68248.5,5008139.0,0.0136275171276196
FRA,2013,C30,75793.4,5008139.0,0.0151340448018715
FRA,2013,C31T33,87870.8,5008139.0,0.0175455992735025
FRA,2013,D,147311.6,5008139.0,0.0294144391759094
FRA,2013,E,48318.0,5008139.0,0.0096478951562646
FRA,2013,F,374826.7,5008139.0,0.0748435097348536
FRA,2013,G,516680.6,5008139.0,0.103168182831986
FRA,2013,H49,109744.3,5008139.0,0.0219131897097904
FRA,2013,H50,19512.6,5008139.0,0.0038961778017742
FRA,2013,H51,25973.4,5008139.0,0.0051862378420407
FRA,2013,H52,77929.8,5008139.0,0.0155606304058253
FRA,2013,H53,16180.0,5008139.0,0.0032307409998005
FRA,2013,I,129969.7,5008139.0,0.0259516958295286
FRA,2013,J58T60,67357.0,5008139.0,0.01344950689268
FRA,2013,J61,75527.4,5008139.0,0.0150809312600948
FRA,2013,J62_63,95442.9,5008139.0,0.0190575581069135
FRA,2013,K,273803.9,5008139.0,0.0546717852679408
FRA,2013,L,395339.1,5008139.0,0.0789393225707193
FRA,2013,M,402975.0,5008139.0,0.080464020667158
FRA,2013,N,231201.1,5008139.0,0.0461650724949926
FRA,2013,O,284449.0,5008139.0,0.056797345281351
FRA,2013,P,167204.4,5008139.0,0.0333865334009299
FRA,2013,Q,302495.9,5008139.0,0.0604008594809369
FRA,2013,R,63281.7,5008139.0,0.0126357714911666
FRA,2013,S,57073.9,5008139.0,0.0113962292180788
FRA,2013,T,4894.1,5008139.0,0.0009772292662004
FRA,2013,HFCE,1447814.4,5008139.0,0.2890922955612853
FRA,2014,A01_02,114024.0,5065516.8,0.0225098453922806
FRA,2014,A03,3049.6,5065516.8,0.0006020313662763
FRA,2014,B05_06,562.7,5065516.8,0.0001110844208432
FRA,2014,B07_08,6358.4,5065516.8,0.0012552322400746
FRA,2014,B09,214.2,5065516.8,4.228591246602913e-05
FRA,2014,C10T12,214171.8,5065516.8,0.0422803454131274
FRA,2014,C13T15,26184.6,5065516.8,0.0051691862911203
FRA,2014,C16,14024.0,5065516.8,0.0027685230458617
FRA,2014,C17_18,33435.7,5065516.8,0.0066006493157815
FRA,2014,C19,65354.3,5065516.8,0.0129018030302456
FRA,2014,C20,87462.3,5065516.8,0.0172662145745918
FRA,2014,C21,33500.8,5065516.8,0.006613500916629
FRA,2014,C22,37400.8,5065516.8,0.0073834124881394
FRA,2014,C23,30575.5,5065516.8,0.0060360080140292
FRA,2014,C24,43093.2,5065516.8,0.0085071675213869
FRA,2014,C25,66183.9,5065516.8,0.0130655770404314
FRA,2014,C26,33715.1,5065516.8,0.0066558065704174
FRA,2014,C27,27087.9,5065516.8,0.0053475096558755
FRA,2014,C28,48698.4,5065516.8,0.0096137081215484
FRA,2014,C29,70256.6,5065516.8,0.013869581875634
FRA,2014,C30,81146.3,5065516.8,0.016019352655192
FRA,2014,C31T33,91109.0,5065516.8,0.0179861213765987
FRA,2014,D,138723.9,5065516.8,0.0273859322705237
FRA,2014,E,47955.2,5065516.8,0.0094669906138698
FRA,2014,F,368377.8,5065516.8,0.072722648950646
FRA,2014,G,524326.2,5065516.8,0.1035089252887286
FRA,2014,H49,111169.6,5065516.8,0.0219463490872244
FRA,2014,H50,20105.3,5065516.8,0.0039690520817145
FRA,2014,H51,25677.0,5065516.8,0.0050689793388899
FRA,2014,H52,80672.4,5065516.8,0.0159257985285923
FRA,2014,H53,16409.0,5065516.8,0.0032393535838238
FRA,2014,I,133071.2,5065516.8,0.0262700145422476
FRA,2014,J58T60,68798.4,5065516.8,0.0135817139131786
FRA,2014,J61,71928.2,5065516.8,0.0141995778199768
FRA,2014,J62_63,99856.0,5065516.8,0.0197128948422399
FRA,2014,K,285581.8,5065516.8,0.0563776237007051
FRA,2014,L,400483.5,5065516.8,0.0790607386792202
FRA,2014,M,415832.2,5065516.8,0.082090775022205
FRA,2014,N,235498.9,5065516.8,0.0464905969712705
FRA,2014,O,285115.0,5065516.8,0.056285471207992
FRA,2014,P,169515.2,5065516.8,0.0334645420581765
FRA,2014,Q,310908.0,5065516.8,0.0613773504808038
FRA,2014,R,65615.4,5065516.8,0.0129533476228921
FRA,2014,S,57500.9,5065516.8,0.0113514380210919
FRA,2014,T,4786.6,5065516.8,0.0009449381354336
FRA,2014,HFCE,1473079.9,5065516.8,0.2908054514793041
FRA,2015,A01_02,95462.9,4285280.9,0.0222769293840224
FRA,2015,A03,2392.1,4285280.9,0.0005582131150375
FRA,2015,B05_06,359.0,4285280.9,8.377513828790079e-05
FRA,2015,B07_08,4703.9,4285280.9,0.0010976876685026
FRA,2015,B09,96.2,4285280.9,2.2448936777983444e-05
FRA,2015,C10T12,175072.6,4285280.9,0.0408544046669146
FRA,2015,C13T15,23262.3,4285280.9,0.0054284189398179
FRA,2015,C16,11160.0,4285280.9,0.002604263351791
FRA,2015,C17_18,27894.2,4285280.9,0.0065093049092767
FRA,2015,C19,39337.3,4285280.9,0.0091796316082803
FRA,2015,C20,71911.0,4285280.9,0.0167809302769393
FRA,2015,C21,28856.0,4285280.9,0.0067337476056703
FRA,2015,C22,32233.8,4285280.9,0.0075219806477563
FRA,2015,C23,24500.1,4285280.9,0.0057172681492128
FRA,2015,C24,35016.9,4285280.9,0.008171436322879
FRA,2015,C25,55026.2,4285280.9,0.0128407451656202
FRA,2015,C26,31138.6,4285280.9,0.0072664081367454
FRA,2015,C27,22082.7,4285280.9,0.0051531511038167
FRA,2015,C28,40700.2,4285280.9,0.0094976737697638
FRA,2015,C29,62583.1,4285280.9,0.014604200158734
FRA,2015,C30,76647.0,4285280.9,0.0178861087029324
FRA,2015,C31T33,77419.5,4285280.9,0.0180663769322566
FRA,2015,D,115594.1,4285280.9,0.0269746844366725
FRA,2015,E,40357.4,4285280.9,0.0094176790137608
FRA,2015,F,300499.3,4285280.9,0.0701235944649509
FRA,2015,G,450679.9,4285280.9,0.1051692784013295
FRA,2015,H49,94066.5,4285280.9,0.0219510697653449
FRA,2015,H50,17136.8,4285280.9,0.0039989910579724
FRA,2015,H51,22717.9,4285280.9,0.0053013794264922
FRA,2015,H52,68086.4,4285280.9,0.0158884333580092
FRA,2015,H53,13852.2,4285280.9,0.0032325068818709
FRA,2015,I,112441.9,4285280.9,0.0262390967182571
FRA,2015,J58T60,57169.1,4285280.9,0.0133408057334117
FRA,2015,J61,60100.3,4285280.9,0.0140248215700399
FRA,2015,J62_63,90246.3,4285280.9,0.0210595996169119
FRA,2015,K,245842.9,4285280.9,0.0573691446924751
FRA,2015,L,342282.3,4285280.9,0.0798739471197792
FRA,2015,M,359407.9,4285280.9,0.0838703245801226
FRA,2015,N,202265.8,4285280.9,0.0472001263674453
FRA,2015,O,237967.5,4285280.9,0.0555313655167856
FRA,2015,P,143503.1,4285280.9,0.0334874430285305
FRA,2015,Q,265811.5,4285280.9,0.0620289559081179
FRA,2015,R,55400.7,4285280.9,0.0129281373363412
FRA,2015,S,48145.5,4285280.9,0.0112350861293596
FRA,2015,T,3850.0,4285280.9,0.0008984241849816
FRA,2015,HFCE,1246236.7,4285280.9,0.2908179718160366
FRA,2016,A01_02,89914.8,4315501.600000001,0.0208353068389547
FRA,2016,A03,2411.5,4315501.600000001,0.0005587994684094
FRA,2016,B05_06,286.6,4315501.600000001,6.641174689866874e-05
FRA,2016,B07_08,4521.2,4315501.600000001,0.0010476650037622
FRA,2016,B09,138.5,4315501.600000001,3.2093604136307115e-05
FRA,2016,C10T12,171880.3,4315501.600000001,0.0398285798341495
FRA,2016,C13T15,23216.2,4315501.600000001,0.0053797222552298
FRA,2016,C16,11580.2,4315501.600000001,0.0026833960622329
FRA,2016,C17_18,27477.1,4315501.600000001,0.0063670698210377
FRA,2016,C19,32739.0,4315501.600000001,0.0075863718831664
FRA,2016,C20,68937.2,4315501.600000001,0.0159743191845879
FRA,2016,C21,28677.8,4315501.600000001,0.006645299355236
FRA,2016,C22,32033.9,4315501.600000001,0.0074229841555382
FRA,2016,C23,24796.5,4315501.600000001,0.0057459137542667
FRA,2016,C24,30893.1,4315501.600000001,0.0071586348154754
FRA,2016,C25,55571.7,4315501.600000001,0.0128772284547409
FRA,2016,C26,29190.4,4315501.600000001,0.0067640804489563
FRA,2016,C27,22329.1,4315501.600000001,0.0051741609828159
FRA,2016,C28,40449.9,4315501.600000001,0.0093731630177127
FRA,2016,C29,66471.9,4315501.600000001,0.0154030530309616
FRA,2016,C30,78568.5,4315501.600000001,0.0182061107334544
FRA,2016,C31T33,77620.2,4315501.600000001,0.0179863680272995
FRA,2016,D,116216.0,4315501.600000001,0.0269298938505781
FRA,2016,E,39457.3,4315501.600000001,0.0091431549926896
FRA,2016,F,301374.5,4315501.600000001,0.0698353350164439
FRA,2016,G,458782.4,4315501.600000001,0.1063103301827069
FRA,2016,H49,96731.4,4315501.600000001,0.0224148682971175
FRA,2016,H50,15067.5,4315501.600000001,0.0034914828904246
FRA,2016,H51,21449.3,4315501.600000001,0.004970291286649
FRA,2016,H52,69364.1,4315501.600000001,0.0160732416366153
FRA,2016,H53,13914.2,4315501.600000001,0.0032242370156924
FRA,2016,I,115515.7,4315501.600000001,0.0267676183922629
FRA,2016,J58T60,58869.0,4315501.600000001,0.0136412879559585
FRA,2016,J61,60548.8,4315501.600000001,0.0140305358709634
FRA,2016,J62_63,96024.1,4315501.600000001,0.0222509707793874
FRA,2016,K,241310.2,4315501.600000001,0.0559170688292642
FRA,2016,L,350296.5,4315501.600000001,0.0811716765439271
FRA,2016,M,368294.0,4315501.600000001,0.0853421071608454
FRA,2016,N,208905.0,4315501.600000001,0.0484080460079078
FRA,2016,O,238247.1,4315501.600000001,0.0552072788016113
FRA,2016,P,145402.2,4315501.600000001,0.0336930010638856
FRA,2016,Q,270931.7,4315501.600000001,0.0627810449658968
FRA,2016,R,56619.8,4315501.600000001,0.0131200970936958
FRA,2016,S,48738.3,4315501.600000001,0.0112937740539825
FRA,2016,T,3736.9,4315501.600000001,0.000865924832469
FRA,2016,HFCE,1267484.8999999997,4315501.600000001,0.2937051164573776
FRA,2017,A01_02,94694.2,4589095.0,0.0206346131426784
FRA,2017,A03,2695.6,4589095.0,0.0005873925033149
FRA,2017,B05_06,277.7,4589095.0,6.051302054108708e-05
FRA,2017,B07_08,4773.0,4589095.0,0.0010400743501714
FRA,2017,B09,184.7,4589095.0,4.024758694252352e-05
FRA,2017,C10T12,183829.9,4589095.0,0.0400579852890384
FRA,2017,C13T15,24864.2,4589095.0,0.0054181053127032
FRA,2017,C16,11965.4,4589095.0,0.0026073550449489
FRA,2017,C17_18,28462.3,4589095.0,0.0062021596850795
FRA,2017,C19,38538.8,4589095.0,0.0083979085200894
FRA,2017,C20,73788.3,4589095.0,0.0160790526236654
FRA,2017,C21,30341.8,4589095.0,0.0066117175608698
FRA,2017,C22,34364.4,4589095.0,0.0074882738317685
FRA,2017,C23,26679.8,4589095.0,0.0058137388744403
FRA,2017,C24,38211.7,4589095.0,0.0083266308498734
FRA,2017,C25,59182.1,4589095.0,0.0128962464276725
FRA,2017,C26,30892.6,4589095.0,0.0067317412256664
FRA,2017,C27,23798.9,4589095.0,0.00518596803945
FRA,2017,C28,42490.0,4589095.0,0.0092589061677738
FRA,2017,C29,75738.9,4589095.0,0.0165041037503037
FRA,2017,C30,84681.3,4589095.0,0.0184527232493552
FRA,2017,C31T33,81543.2,4589095.0,0.017768906505531
FRA,2017,D,127364.2,4589095.0,0.0277536638487544
FRA,2017,E,42793.4,4589095.0,0.0093250194210405
FRA,2017,F,321235.8,4589095.0,0.069999814778295
FRA,2017,G,486586.5,4589095.0,0.1060310366205101
FRA,2017,H49,102925.0,4589095.0,0.0224281693885177
FRA,2017,H50,17680.0,4589095.0,0.0038526114626086
FRA,2017,H51,22263.5,4589095.0,0.0048513922679744
FRA,2017,H52,75733.8,4589095.0,0.0165029924200741
FRA,2017,H53,14295.4,4589095.0,0.0031150804243538
FRA,2017,I,121948.9,4589095.0,0.02657362726202
FRA,2017,J58T60,62107.6,4589095.0,0.0135337359544746
FRA,2017,J61,62442.8,4589095.0,0.0136067786785847
FRA,2017,J62_63,104631.1,4589095.0,0.0227999420365017
FRA,2017,K,251861.7,4589095.0,0.0548826511545304
FRA,2017,L,367805.4,4589095.0,0.0801476979665925
FRA,2017,M,393976.3,4589095.0,0.08585054351675
FRA,2017,N,222004.4,4589095.0,0.0483765099654724
FRA,2017,O,248870.0,4589095.0,0.0542307361255323
FRA,2017,P,153023.7,4589095.0,0.0333450713049087
FRA,2017,Q,282581.2,4589095.0,0.061576672524757
FRA,2017,R,60634.5,4589095.0,0.0132127358444312
FRA,2017,S,50511.6,4589095.0,0.0110068760834107
FRA,2017,T,3819.4,4589095.0,0.0008322773880253
FRA,2017,HFCE,1334350.7000000002,4589095.0,0.2907655430972773
FRA,2018,A01_02,105013.6,4959354.4,0.021174852920372
FRA,2018,A03,2767.5,4959354.4,0.000558036344408
FRA,2018,B05_06,377.7,4959354.4,7.615910651596102e-05
FRA,2018,B07_08,5241.5,4959354.4,0.0010568915986322
FRA,2018,B09,227.0,4959354.4,4.57720867861349e-05
FRA,2018,C10T12,190776.6,4959354.4,0.038468031242131
FRA,2018,C13T15,28365.5,4959354.4,0.0057195952763529
FRA,2018,C16,12986.8,4959354.4,0.0026186472981241
FRA,2018,C17_18,30381.6,4959354.4,0.0061261199643243
FRA,2018,C19,45902.3,4959354.4,0.0092557007016881
FRA,2018,C20,77863.0,4959354.4,0.0157002290459419
FRA,2018,C21,32223.9,4959354.4,0.0064975997682278
FRA,2018,C22,35907.4,4959354.4,0.0072403375729711
FRA,2018,C23,28898.5,4959354.4,0.0058270689426833
FRA,2018,C24,42876.8,4959354.4,0.0086456414568799
FRA,2018,C25,63264.9,4959354.4,0.0127566805872957
FRA,2018,C26,33315.2,4959354.4,0.0067176485713543
FRA,2018,C27,24729.1,4959354.4,0.0049863546755198
FRA,2018,C28,45300.1,4959354.4,0.0091342736062581
FRA,2018,C29,81941.1,4959354.4,0.0165225336588165
FRA,2018,C30,88742.5,4959354.4,0.0178939621657206
FRA,2018,C31T33,88414.1,4959354.4,0.0178277438692423
FRA,2018,D,147177.1,4959354.4,0.0296766651723861
FRA,2018,E,46485.8,4959354.4,0.0093733571450348
FRA,2018,F,351318.6,4959354.4,0.0708395834748168
FRA,2018,G,521835.1,4959354.4,0.1052223853975831
FRA,2018,H49,111669.7,4959354.4,0.0225169832589499
FRA,2018,H50,19335.5,4959354.4,0.0038987937623493
FRA,2018,H51,24186.2,4959354.4,0.0048768847816159
FRA,2018,H52,84222.0,4959354.4,0.0169824523934002
FRA,2018,H53,14593.9,4959354.4,0.002942701574221
FRA,2018,I,135378.9,4959354.4,0.0272976861665703
FRA,2018,J58T60,66999.3,4959354.4,0.0135096818247149
FRA,2018,J61,64078.7,4959354.4,0.0129207745266198
FRA,2018,J62_63,118898.0,4959354.4,0.0239744915184928
FRA,2018,K,271609.4,4959354.4,0.0547670882322908
FRA,2018,L,392450.3,4959354.4,0.0791333444530602
FRA,2018,M,425005.0,4959354.4,0.0856976464517236
FRA,2018,N,248378.7,4959354.4,0.0500828696573892
FRA,2018,O,264691.6,4959354.4,0.0533721889284621
FRA,2018,P,162791.0,4959354.4,0.0328250386784215
FRA,2018,Q,301822.5,4959354.4,0.0608592320000361
FRA,2018,R,64878.4,4959354.4,0.0130820253539452
FRA,2018,S,54177.9,4959354.4,0.0109243856418085
FRA,2018,T,1854.1,4959354.4,0.0003738591458597
FRA,2018,HFCE,1431351.6,4959354.4,0.288616518311335
FRA,2019,A01_02,98175.8,4812770.6,0.0203990192260566
FRA,2019,A03,2690.8,4812770.6,0.0005590958355671
FRA,2019,B05_06,316.5,4812770.6,6.576253603277913e-05
FRA,2019,B07_08,5045.6,4812770.6,0.001048377414872
FRA,2019,B09,191.0,4812770.6,3.968608019671663e-05
FRA,2019,C10T12,182638.4,4812770.6,0.0379487025623037
FRA,2019,C13T15,28606.8,4812770.6,0.0059439359108452
FRA,2019,C16,12537.3,4812770.6,0.0026050067709439
FRA,2019,C17_18,27753.1,4812770.6,0.0057665536770025
FRA,2019,C19,39540.1,4812770.6,0.0082156627203465
FRA,2019,C20,73109.9,4812770.6,0.0151908133747326
FRA,2019,C21,32834.3,4812770.6,0.00682232807855
FRA,2019,C22,33040.4,4812770.6,0.006865151644668
FRA,2019,C23,28012.8,4812770.6,0.0058205142792386
FRA,2019,C24,37912.2,4812770.6,0.0078774168043662
FRA,2019,C25,59141.1,4812770.6,0.0122883687828378
FRA,2019,C26,33013.8,4812770.6,0.0068596246827139
FRA,2019,C27,23662.2,4812770.6,0.0049165443289567
FRA,2019,C28,43360.7,4812770.6,0.0090095089925956
FRA,2019,C29,76510.1,4812770.6,0.015897308714444
FRA,2019,C30,92163.5,4812770.6,0.0191497803780633
FRA,2019,C31T33,88196.9,4812770.6,0.018325598149224
FRA,2019,D,140277.7,4812770.6,0.0291469740942982
FRA,2019,E,44312.0,4812770.6,0.0092071706056382
FRA,2019,F,346301.5,4812770.6,0.0719547073363521
FRA,2019,G,505647.6,4812770.6,0.1050637235857449
FRA,2019,H49,109942.1,4812770.6,0.0228438272125415
FRA,2019,H50,18841.3,4812770.6,0.0039148551979601
FRA,2019,H51,23205.3,4812770.6,0.0048216094072715
FRA,2019,H52,83039.6,4812770.6,0.0172540116497553
FRA,2019,H53,13731.2,4812770.6,0.0028530759392521
FRA,2019,I,135033.1,4812770.6,0.0280572483550327
FRA,2019,J58T60,64135.5,4812770.6,0.0133261078348508
FRA,2019,J61,62175.3,4812770.6,0.0129188164505492
FRA,2019,J62_63,121375.9,4812770.6,0.0252195481746003
FRA,2019,K,260975.4,4812770.6,0.0542256055171214
FRA,2019,L,381586.3,4812770.6,0.0792862015904103
FRA,2019,M,421498.5,4812770.6,0.0875791794439568
FRA,2019,N,245397.1,4812770.6,0.0509887381708989
FRA,2019,O,253229.4,4812770.6,0.0526161375736462
FRA,2019,P,155675.0,4812770.6,0.0323462331655699
FRA,2019,Q,290061.8,4812770.6,0.0602691929675601
FRA,2019,R,63923.2,4812770.6,0.0132819960294804
FRA,2019,S,52303.5,4812770.6,0.0108676486679003
FRA,2019,T,1649.0,4812770.6,0.0003426300850491
FRA,2019,HFCE,1369323.9,4812770.6,0.2845188382758156
FRA,2020,A01_02,101071.2,4646384.1,0.0217526570823105
FRA,2020,A03,2460.2,4646384.1,0.0005294870047441
FRA,2020,B05_06,287.0,4646384.1,6.176846206063766e-05
FRA,2020,B07_08,4684.2,4646384.1,0.0010081387804335
FRA,2020,B09,164.9,4646384.1,3.548996304459634e-05
FRA,2020,C10T12,186370.2,4646384.1,0.0401108035816496
FRA,2020,C13T15,24363.2,4646384.1,0.0052434752434694
FRA,2020,C16,12153.5,4646384.1,0.0026156899082019
FRA,2020,C17_18,25959.5,4646384.1,0.0055870327207774
FRA,2020,C19,22494.9,4646384.1,0.0048413776209332
FRA,2020,C20,68347.2,4646384.1,0.0147097610806648
FRA,2020,C21,33882.8,4646384.1,0.0072922942380075
FRA,2020,C22,30373.1,4646384.1,0.0065369326655538
FRA,2020,C23,26551.8,4646384.1,0.0057145081914342
FRA,2020,C24,31788.6,4646384.1,0.0068415781639748
FRA,2020,C25,51122.9,4646384.1,0.0110027279062012
FRA,2020,C26,29691.0,4646384.1,0.0063901303381268
FRA,2020,C27,21659.9,4646384.1,0.0046616679839275
FRA,2020,C28,39841.9,4646384.1,0.0085748184270861
FRA,2020,C29,58550.5,4646384.1,0.0126013043131754
FRA,2020,C30,68145.9,4646384.1,0.0146664370687735
FRA,2020,C31T33,84185.7,4646384.1,0.0181185408240356
FRA,2020,D,135221.6,4646384.1,0.0291025444926087
FRA,2020,E,45388.2,4646384.1,0.009768499336936
FRA,2020,F,318075.5,4646384.1,0.0684565660423984
FRA,2020,G,486483.3,4646384.1,0.1047014817393163
FRA,2020,H49,101178.7,4646384.1,0.0217757933529429
FRA,2020,H50,19512.1,4646384.1,0.0041994160577469
FRA,2020,H51,11087.3,4646384.1,0.0023862211477522
FRA,2020,H52,75835.8,4646384.1,0.0163214659760909
FRA,2020,H53,14119.6,4646384.1,0.0030388361564856
FRA,2020,I,91432.2,4646384.1,0.0196781406857861
FRA,2020,J58T60,62783.1,4646384.1,0.0135122492348404
FRA,2020,J61,67943.6,4646384.1,0.01462289783576
FRA,2020,J62_63,129613.7,4646384.1,0.0278956059616336
FRA,2020,K,273795.6,4646384.1,0.0589265962751551
FRA,2020,L,389904.0,4646384.1,0.0839155764156476
FRA,2020,M,424033.8,4646384.1,0.0912610302708293
FRA,2020,N,233910.2,4646384.1,0.0503424157292549
FRA,2020,O,267149.3,4646384.1,0.0574961721309265
FRA,2020,P,160626.8,4646384.1,0.0345702801453715
FRA,2020,Q,308576.0,4646384.1,0.0664120729924157
FRA,2020,R,55603.7,4646384.1,0.011967090710387
FRA,2020,S,48935.8,4646384.1,0.0105320177899196
FRA,2020,T,1024.1,4646384.1,0.0002204079512066
FRA,2020,HFCE,1343844.3000000005,4646384.1,0.2892236782576801
DEU,1995,A01_02,55063.4,4364479.5,0.0126162581357066
DEU,1995,A03,375.7,4364479.5,8.608128414854508e-05
DEU,1995,B05_06,17340.1,4364479.5,0.003973005257557
DEU,1995,B07_08,10948.5,4364479.5,0.0025085465517709
DEU,1995,B09,1344.1,4364479.5,0.000307963412361
DEU,1995,C10T12,173992.1,4364479.5,0.039865486823801
DEU,1995,C13T15,41310.2,4364479.5,0.0094650920000884
DEU,1995,C16,29395.2,4364479.5,0.0067350986526572
DEU,1995,C17_18,68758.0,4364479.5,0.0157539976989237
DEU,1995,C19,31833.9,4364479.5,0.0072938594395964
DEU,1995,C20,121897.3,4364479.5,0.0279294014326336
DEU,1995,C21,27724.8,4364479.5,0.0063523726025062
DEU,1995,C22,63920.3,4364479.5,0.0146455722841635
DEU,1995,C23,58221.4,4364479.5,0.0133398266620338
DEU,1995,C24,75123.0,4364479.5,0.0172123617489783
DEU,1995,C25,104413.0,4364479.5,0.0239233567255843
DEU,1995,C26,69125.1,4364479.5,0.0158381085304673
DEU,1995,C27,99292.8,4364479.5,0.0227502042339756
DEU,1995,C28,170785.6,4364479.5,0.0391308058612716
DEU,1995,C29,184735.4,4364479.5,0.0423270174599285
DEU,1995,C30,19881.0,4364479.5,0.0045551823533596
DEU,1995,C31T33,77176.8,4364479.5,0.0176829333257264
DEU,1995,D,81919.0,4364479.5,0.0187694775516759
DEU,1995,E,41985.7,4364479.5,0.0096198641785349
DEU,1995,F,343847.6,4364479.5,0.078783185944624
DEU,1995,G,401817.8,4364479.5,0.0920654570608018
DEU,1995,H49,82317.5,4364479.5,0.0188607828264515
DEU,1995,H50,9465.4,4364479.5,0.0021687351263764
DEU,1995,H51,15375.7,4364479.5,0.0035229172230044
DEU,1995,H52,73924.7,4364479.5,0.0169378043819429
DEU,1995,H53,22047.8,4364479.5,0.0050516447608471
DEU,1995,I,76676.8,4364479.5,0.0175683721277646
DEU,1995,J58T60,58983.6,4364479.5,0.0135144637522068
DEU,1995,J61,49332.9,4364479.5,0.0113032722458657
DEU,1995,J62_63,31447.7,4364479.5,0.0072053723702906
DEU,1995,K,188095.3,4364479.5,0.0430968457979926
DEU,1995,L,350072.2,4364479.5,0.0802093812102909
DEU,1995,M,222067.3,4364479.5,0.0508805918323135
DEU,1995,N,129350.2,4364479.5,0.0296370277372135
DEU,1995,O,215306.4,4364479.5,0.0493315182257128
DEU,1995,P,121144.6,4364479.5,0.0277569410052218
DEU,1995,Q,203046.2,4364479.5,0.0465224318272087
DEU,1995,R,42926.1,4364479.5,0.0098353308796615
DEU,1995,S,94725.2,4364479.5,0.0217036647783544
DEU,1995,T,5946.1,4364479.5,0.001362384678402
DEU,1995,HFCE,1291046.6775182222,4364479.5,0.2958077080023453
DEU,1996,A01_02,53758.2,4224886.6,0.0127241758394177
DEU,1996,A03,384.2,4224886.6,9.093735202265548e-05
DEU,1996,B05_06,10989.8,4224886.6,0.0026012059116568
DEU,1996,B07_08,9295.1,4224886.6,0.0022000827193799
DEU,1996,B09,989.0,4224886.6,0.0002340891232441
DEU,1996,C10T12,165227.4,4224886.6,0.039108126594451
DEU,1996,C13T15,37924.5,4224886.6,0.0089764539479
DEU,1996,C16,25811.1,4224886.6,0.0061093000697344
DEU,1996,C17_18,61563.8,4224886.6,0.0145717047174709
DEU,1996,C19,31553.3,4224886.6,0.007468437141011
DEU,1996,C20,112661.0,4224886.6,0.0266660411666433
DEU,1996,C21,27604.8,4224886.6,0.00653385584361
DEU,1996,C22,59185.4,4224886.6,0.0140087546965165
DEU,1996,C23,52025.2,4224886.6,0.0123139873150678
DEU,1996,C24,65323.2,4224886.6,0.0154615274170909
DEU,1996,C25,97602.5,4224886.6,0.0231018034898262
DEU,1996,C26,64861.2,4224886.6,0.01535217536963
DEU,1996,C27,94565.0,4224886.6,0.0223828492816824
DEU,1996,C28,165468.7,4224886.6,0.0391652405534387
DEU,1996,C29,187962.9,4224886.6,0.0444894544625174
DEU,1996,C30,21701.3,4224886.6,0.0051365402328195
DEU,1996,C31T33,74331.0,4224886.6,0.0175936083112858
DEU,1996,D,81307.9,4224886.6,0.0192449899128653
DEU,1996,E,40982.8,4224886.6,0.0097003313651069
DEU,1996,F,319902.7,4224886.6,0.0757186476910409
DEU,1996,G,383891.8,4224886.6,0.0908644033191328
DEU,1996,H49,78074.2,4224886.6,0.0184795965884622
DEU,1996,H50,9441.2,4224886.6,0.0022346635291938
DEU,1996,H51,15283.4,4224886.6,0.0036174698748127
DEU,1996,H52,71734.2,4224886.6,0.016978964595168
DEU,1996,H53,21668.9,4224886.6,0.0051288713879326
DEU,1996,I,72681.7,4224886.6,0.0172032309695602
DEU,1996,J58T60,59011.8,4224886.6,0.0139676648362585
DEU,1996,J61,46267.9,4224886.6,0.0109512761833654
DEU,1996,J62_63,34831.2,4224886.6,0.0082442922846733
DEU,1996,K,191088.3,4224886.6,0.0452292139628079
DEU,1996,L,351201.6,4224886.6,0.0831268701981255
DEU,1996,M,220163.0,4224886.6,0.0521109844699737
DEU,1996,N,131695.4,4224886.6,0.0311713455220312
DEU,1996,O,208732.4,4224886.6,0.0494054443970164
DEU,1996,P,118858.7,4224886.6,0.0281329917825486
DEU,1996,Q,206618.3,4224886.6,0.0489050522681484
DEU,1996,R,42040.3,4224886.6,0.0099506339412754
DEU,1996,S,92663.5,4224886.6,0.0219327780300659
DEU,1996,T,5956.8,4224886.6,0.0014099313340149
DEU,1996,HFCE,1247994.3622119224,4224886.6,0.2953912093668792
DEU,1997,A01_02,47124.8,3773539.4,0.0124882225954762
DEU,1997,A03,348.4,3773539.4,9.232711337266016e-05
DEU,1997,B05_06,9700.2,3773539.4,0.0025705839986724
DEU,1997,B07_08,6595.2,3773539.4,0.0017477490761061
DEU,1997,B09,779.3,3773539.4,0.0002065169903883
DEU,1997,C10T12,147195.2,3773539.4,0.0390071983878053
DEU,1997,C13T15,33048.6,3773539.4,0.0087579846125364
DEU,1997,C16,23015.1,3773539.4,0.006099075048746
DEU,1997,C17_18,54902.1,3773539.4,0.014549231949188
DEU,1997,C19,26855.5,3773539.4,0.0071167933214106
DEU,1997,C20,101005.7,3773539.4,0.0267668332812425
DEU,1997,C21,25820.1,3773539.4,0.0068424090126102
DEU,1997,C22,53769.7,3773539.4,0.0142491423304073
DEU,1997,C23,44286.6,3773539.4,0.0117360905255156
DEU,1997,C24,61612.2,3773539.4,0.016327429892477
DEU,1997,C25,86290.5,3773539.4,0.0228672582562673
DEU,1997,C26,60049.6,3773539.4,0.0159133358989176
DEU,1997,C27,86997.6,3773539.4,0.023054642015928
DEU,1997,C28,147385.6,3773539.4,0.0390576549962616
DEU,1997,C29,179077.4,3773539.4,0.0474560832729081
DEU,1997,C30,20699.5,3773539.4,0.0054854336488443
DEU,1997,C31T33,66299.1,3773539.4,0.0175694733702793
DEU,1997,D,68981.2,3773539.4,0.0182802384413953
DEU,1997,E,36916.0,3773539.4,0.0097828579714842
DEU,1997,F,271326.3,3773539.4,0.0719023365702767
DEU,1997,G,342012.9,3773539.4,0.0906345114615737
DEU,1997,H49,70121.4,3773539.4,0.0185823950851023
DEU,1997,H50,9242.8,3773539.4,0.0024493715369713
DEU,1997,H51,14422.0,3773539.4,0.0038218760880037
DEU,1997,H52,65969.8,3773539.4,0.017482207817944
DEU,1997,H53,19737.6,3773539.4,0.0052305270749259
DEU,1997,I,64028.0,3773539.4,0.0169676246125852
DEU,1997,J58T60,55018.1,3773539.4,0.0145799723198862
DEU,1997,J61,44001.1,3773539.4,0.0116604321131508
DEU,1997,J62_63,34349.1,3773539.4,0.0091026212685098
DEU,1997,K,175190.7,3773539.4,0.0464260953522838
DEU,1997,L,308514.0,3773539.4,0.0817571959100254
DEU,1997,M,194954.2,3773539.4,0.0516634860099778
DEU,1997,N,120397.2,3773539.4,0.0319056427501459
DEU,1997,O,182023.3,3773539.4,0.0482367561870428
DEU,1997,P,105715.0,3773539.4,0.0280148128306279
DEU,1997,Q,183603.3,3773539.4,0.048655461236207
DEU,1997,R,37716.8,3773539.4,0.0099950725305796
DEU,1997,S,80964.7,3773539.4,0.0214559042367491
DEU,1997,T,5475.9,3773539.4,0.0014511309991887
DEU,1997,HFCE,1104707.3745630265,3773539.4,0.2927509845433246
DEU,1998,A01_02,45280.5,3844446.5,0.0117781584423141
DEU,1998,A03,366.8,3844446.5,9.541035361007104e-05
DEU,1998,B05_06,9012.0,3844446.5,0.0023441605963303
DEU,1998,B07_08,6457.9,3844446.5,0.0016797996798758
DEU,1998,B09,735.7,3844446.5,0.0001913669497026
DEU,1998,C10T12,142148.2,3844446.5,0.0369749455480782
DEU,1998,C13T15,32483.4,3844446.5,0.008449434788597
DEU,1998,C16,22441.7,3844446.5,0.0058374332950139
DEU,1998,C17_18,54910.7,3844446.5,0.0142831224208738
DEU,1998,C19,25106.9,3844446.5,0.0065306930399473
DEU,1998,C20,98424.9,3844446.5,0.0256018389123115
DEU,1998,C21,26279.5,3844446.5,0.0068357044375568
DEU,1998,C22,54369.4,3844446.5,0.0141423219181226
DEU,1998,C23,43283.0,3844446.5,0.011258577795269
DEU,1998,C24,63209.7,3844446.5,0.0164418206886218
DEU,1998,C25,89948.1,3844446.5,0.0233968921143784
DEU,1998,C26,61664.8,3844446.5,0.016039968302329
DEU,1998,C27,89761.4,3844446.5,0.0233483285565295
DEU,1998,C28,155514.0,3844446.5,0.0404515968683658
DEU,1998,C29,204256.3,3844446.5,0.0531302230373084
DEU,1998,C30,21376.1,3844446.5,0.0055602542524652
DEU,1998,C31T33,67534.2,3844446.5,0.0175666900293709
DEU,1998,D,70855.1,3844446.5,0.0184305074865783
DEU,1998,E,38086.0,3844446.5,0.0099067577088145
DEU,1998,F,259449.3,3844446.5,0.0674867760547584
DEU,1998,G,353948.7,3844446.5,0.092067531697996
DEU,1998,H49,69583.0,3844446.5,0.018099614599917
DEU,1998,H50,9088.7,3844446.5,0.0023641114527149
DEU,1998,H51,14753.0,3844446.5,0.0038374834972992
DEU,1998,H52,68414.1,3844446.5,0.0177955656295386
DEU,1998,H53,20401.2,3844446.5,0.005306667682851
DEU,1998,I,64437.4,3844446.5,0.0167611644485103
DEU,1998,J58T60,57811.4,3844446.5,0.0150376393584876
DEU,1998,J61,47655.2,3844446.5,0.0123958546438349
DEU,1998,J62_63,42530.6,3844446.5,0.0110628669172532
DEU,1998,K,176162.3,3844446.5,0.0458225390833244
DEU,1998,L,310483.6,3844446.5,0.0807615868760301
DEU,1998,M,202216.7,3844446.5,0.0525996915290666
DEU,1998,N,126840.3,3844446.5,0.0329931239776649
DEU,1998,O,181477.8,3844446.5,0.0472051828527201
DEU,1998,P,106047.7,3844446.5,0.0275846471006944
DEU,1998,Q,184747.9,3844446.5,0.0480557864441604
DEU,1998,R,38979.6,3844446.5,0.0101391968908918
DEU,1998,S,80263.2,3844446.5,0.0208776998197269
DEU,1998,T,5648.5,3844446.5,0.0014692622201921
DEU,1998,HFCE,1119131.1698032662,3844446.5,0.2911033278271049
DEU,1999,A01_02,43236.0,3819103.6,0.0113209811852184
DEU,1999,A03,378.1,3819103.6,9.900228943776232e-05
DEU,1999,B05_06,6798.9,3819103.6,0.0017802345031959
DEU,1999,B07_08,6145.4,3819103.6,0.0016091210513378
DEU,1999,B09,586.1,3819103.6,0.0001534653314982
DEU,1999,C10T12,136105.4,3819103.6,0.0356380486771817
DEU,1999,C13T15,29986.1,3819103.6,0.0078516068535035
DEU,1999,C16,21746.0,3819103.6,0.0056940063108002
DEU,1999,C17_18,54725.7,3819103.6,0.0143294620234968
DEU,1999,C19,26477.8,3819103.6,0.0069329881493657
DEU,1999,C20,95442.5,3819103.6,0.0249908119800677
DEU,1999,C21,26345.6,3819103.6,0.0068983726966715
DEU,1999,C22,53127.1,3819103.6,0.0139108821242764
DEU,1999,C23,42793.9,3819103.6,0.0112052210366851
DEU,1999,C24,54837.5,3819103.6,0.0143587359086043
DEU,1999,C25,87978.2,3819103.6,0.023036348110588
DEU,1999,C26,64818.0,3819103.6,0.0169720454820864
DEU,1999,C27,86598.1,3819103.6,0.022674980589686
DEU,1999,C28,147747.9,3819103.6,0.0386865389040506
DEU,1999,C29,213610.4,3819103.6,0.0559320778834069
DEU,1999,C30,22522.6,3819103.6,0.0058973524572624
DEU,1999,C31T33,67124.2,3819103.6,0.0175759044609316
DEU,1999,D,68423.4,3819103.6,0.0179160890005707
DEU,1999,E,37658.2,3819103.6,0.009860481396734
DEU,1999,F,252234.1,3819103.6,0.0660453672950898
DEU,1999,G,343932.8,3819103.6,0.0900558968863793
DEU,1999,H49,68081.3,3819103.6,0.0178265130068741
DEU,1999,H50,9147.1,3819103.6,0.0023950908270726
DEU,1999,H51,14845.5,3819103.6,0.0038871687062901
DEU,1999,H52,68135.6,3819103.6,0.0178407310029505
DEU,1999,H53,20774.0,3819103.6,0.005439496325787
DEU,1999,I,64376.2,3819103.6,0.0168563638860176
DEU,1999,J58T60,57833.3,3819103.6,0.0151431608192037
DEU,1999,J61,52469.5,3819103.6,0.01373869512207
DEU,1999,J62_63,44159.1,3819103.6,0.0115626871185165
DEU,1999,K,192815.8,3819103.6,0.0504871876217235
DEU,1999,L,301104.4,3819103.6,0.0788416423162754
DEU,1999,M,209203.6,3819103.6,0.0547781945480609
DEU,1999,N,130448.2,3819103.6,0.0341567586697569
DEU,1999,O,181659.1,3819103.6,0.0475659000190515
DEU,1999,P,104947.7,3819103.6,0.0274796682656108
DEU,1999,Q,182699.2,3819103.6,0.0478382414135086
DEU,1999,R,40211.7,3819103.6,0.0105290937904905
DEU,1999,S,79169.0,3819103.6,0.0207297335427088
DEU,1999,T,5643.3,3819103.6,0.0014776504099024
DEU,1999,HFCE,1102257.7690199828,3819103.6,0.2886168809403292
DEU,2000,A01_02,39485.6,3477976.8,0.0113530372025483
DEU,2000,A03,320.8,3477976.8,9.223753303932332e-05
DEU,2000,B05_06,6391.6,3477976.8,0.0018377350878246
DEU,2000,B07_08,5110.5,3477976.8,0.0014693887549796
DEU,2000,B09,487.6,3477976.8,0.000140196449844
DEU,2000,C10T12,121971.3,3477976.8,0.0350696128852843
DEU,2000,C13T15,26450.6,3477976.8,0.0076051686141207
DEU,2000,C16,18921.8,3477976.8,0.005440461822517
DEU,2000,C17_18,51982.2,3477976.8,0.0149461031482441
DEU,2000,C19,36199.6,3477976.8,0.0104082350405557
DEU,2000,C20,93491.4,3477976.8,0.0268809728690542
DEU,2000,C21,24303.3,3477976.8,0.0069877694411302
DEU,2000,C22,48602.9,3477976.8,0.0139744750453769
DEU,2000,C23,37464.0,3477976.8,0.0107717797312506
DEU,2000,C24,56090.3,3477976.8,0.016127278364824
DEU,2000,C25,81977.4,3477976.8,0.0235704274968136
DEU,2000,C26,71139.5,3477976.8,0.0204542767507822
DEU,2000,C27,78793.0,3477976.8,0.0226548377205966
DEU,2000,C28,139228.5,3477976.8,0.0400314631195929
DEU,2000,C29,201493.6,3477976.8,0.0579341414813347
DEU,2000,C30,20513.6,3477976.8,0.0058981417012327
DEU,2000,C31T33,61543.8,3477976.8,0.0176952876741443
DEU,2000,D,56473.5,3477976.8,0.0162374573631428
DEU,2000,E,33573.0,3477976.8,0.0096530258626222
DEU,2000,F,213740.9,3477976.8,0.0614555278229573
DEU,2000,G,307172.2,3477976.8,0.0883192205307407
DEU,2000,H49,63978.3,3477976.8,0.0183952635911774
DEU,2000,H50,10289.3,3477976.8,0.0029584153637827
DEU,2000,H51,15283.9,3477976.8,0.0043944801471936
DEU,2000,H52,61131.0,3477976.8,0.017576597980757
DEU,2000,H53,19492.5,3477976.8,0.0056045514737188
DEU,2000,I,58099.0,3477976.8,0.0167048267832033
DEU,2000,J58T60,53129.3,3477976.8,0.0152759213344953
DEU,2000,J61,50434.3,3477976.8,0.0145010455503901
DEU,2000,J62_63,44282.6,3477976.8,0.0127322873459075
DEU,2000,K,165700.0,3477976.8,0.0476426409744883
DEU,2000,L,264710.7,3477976.8,0.0761105421979813
DEU,2000,M,190539.3,3477976.8,0.0547845230019935
DEU,2000,N,122146.8,3477976.8,0.0351200732563828
DEU,2000,O,157315.5,3477976.8,0.0452319003393007
DEU,2000,P,93197.5,3477976.8,0.0267964697176818
DEU,2000,Q,162849.0,3477976.8,0.0468229115271844
DEU,2000,R,36799.9,3477976.8,0.010580835386826
DEU,2000,S,70627.9,3477976.8,0.0203071797373691
DEU,2000,T,5047.5,3477976.8,0.0014512747756109
DEU,2000,HFCE,979334.372165902,3477976.8,0.2815816287693184
DEU,2001,A01_02,40432.4,3475481.9,0.0116336097161087
DEU,2001,A03,307.0,3475481.9,8.833307404075388e-05
DEU,2001,B05_06,5010.4,3475481.9,0.0014416418051263
DEU,2001,B07_08,4836.4,3475481.9,0.0013915768055071
DEU,2001,B09,413.7,3475481.9,0.0001190338525428
DEU,2001,C10T12,123433.4,3475481.9,0.0355154777241107
DEU,2001,C13T15,25478.8,3475481.9,0.0073310121396402
DEU,2001,C16,17262.0,3475481.9,0.004966793238083
DEU,2001,C17_18,49741.4,3475481.9,0.0143120871957353
DEU,2001,C19,35139.2,3475481.9,0.010110597900107
DEU,2001,C20,91607.1,3475481.9,0.02635810015296
DEU,2001,C21,24745.3,3475481.9,0.0071199622705559
DEU,2001,C22,47627.8,3475481.9,0.0137039413153036
DEU,2001,C23,34283.0,3475481.9,0.0098642435743946
DEU,2001,C24,56001.0,3475481.9,0.0161131611705415
DEU,2001,C25,80600.7,3475481.9,0.0231912299701517
DEU,2001,C26,64610.4,3475481.9,0.0185903428241131
DEU,2001,C27,79384.5,3475481.9,0.0228412928866066
DEU,2001,C28,141283.1,3475481.9,0.0406513698143558
DEU,2001,C29,211008.0,3475481.9,0.0607133071244019
DEU,2001,C30,22218.1,3475481.9,0.0063928113105696
DEU,2001,C31T33,60457.7,3475481.9,0.0173954869395234
DEU,2001,D,59486.0,3475481.9,0.0171158998123396
DEU,2001,E,32365.6,3475481.9,0.0093125502969818
DEU,2001,F,198082.4,3475481.9,0.0569942257503916
DEU,2001,G,310766.6,3475481.9,0.0894168374175679
DEU,2001,H49,64614.0,3475481.9,0.0185913786516914
DEU,2001,H50,11244.7,3475481.9,0.0032354362138959
DEU,2001,H51,13809.6,3475481.9,0.0039734345904664
DEU,2001,H52,63859.0,3475481.9,0.0183741425901254
DEU,2001,H53,20049.0,3475481.9,0.0057686964216386
DEU,2001,I,56550.8,3475481.9,0.0162713550601428
DEU,2001,J58T60,50466.8,3475481.9,0.0145208064527684
DEU,2001,J61,56010.3,3475481.9,0.0161158370584522
DEU,2001,J62_63,51254.9,3475481.9,0.0147475663734574
DEU,2001,K,161705.9,3475481.9,0.0465276196662108
DEU,2001,L,268616.2,3475481.9,0.0772889077626904
DEU,2001,M,194688.2,3475481.9,0.0560176129819579
DEU,2001,N,121615.3,3475481.9,0.0349923560240667
DEU,2001,O,156263.3,3475481.9,0.0449616210057085
DEU,2001,P,94892.0,3475481.9,0.0273032640451961
DEU,2001,Q,162096.0,3475481.9,0.046639863093518
DEU,2001,R,36529.1,3475481.9,0.0105105136643065
DEU,2001,S,69694.5,3475481.9,0.0200531903216069
DEU,2001,T,4940.3,3475481.9,0.0014214719403372
DEU,2001,HFCE,979035.639782604,3475481.9,0.2816978099591323
DEU,2002,A01_02,39605.9,3655862.0,0.010833532556754
DEU,2002,A03,332.6,3655862.0,9.09771758343176e-05
DEU,2002,B05_06,5612.3,3655862.0,0.0015351509438813
DEU,2002,B07_08,5094.9,3655862.0,0.0013936248140657
DEU,2002,B09,452.9,3655862.0,0.0001238832319163
DEU,2002,C10T12,128908.5,3655862.0,0.0352607675016179
DEU,2002,C13T15,24576.1,3655862.0,0.0067223817529217
DEU,2002,C16,18903.0,3655862.0,0.0051705999843538
DEU,2002,C17_18,51083.9,3655862.0,0.0139731477829305
DEU,2002,C19,36155.0,3655862.0,0.0098895964891453
DEU,2002,C20,93391.5,3655862.0,0.0255456852583604
DEU,2002,C21,26449.2,3655862.0,0.0072347369785839
DEU,2002,C22,50754.0,3655862.0,0.0138829091470082
DEU,2002,C23,34752.8,3655862.0,0.0095060480948132
DEU,2002,C24,58108.3,3655862.0,0.0158945551008216
DEU,2002,C25,79518.7,3655862.0,0.0217510124835127
DEU,2002,C26,63053.4,3655862.0,0.0172472046264328
DEU,2002,C27,78324.5,3655862.0,0.0214243590157396
DEU,2002,C28,144275.0,3655862.0,0.0394640169678177
DEU,2002,C29,226979.2,3655862.0,0.0620863697809162
DEU,2002,C30,22027.4,3655862.0,0.0060252274292629
DEU,2002,C31T33,60462.6,3655862.0,0.0165385345508118
DEU,2002,D,67250.6,3655862.0,0.0183952785964021
DEU,2002,E,35076.2,3655862.0,0.0095945087642804
DEU,2002,F,194284.8,3655862.0,0.0531433626323969
DEU,2002,G,328469.2,3655862.0,0.089847264475519
DEU,2002,H49,65914.5,3655862.0,0.0180298107532505
DEU,2002,H50,11253.7,3655862.0,0.0030782617068149
DEU,2002,H51,15234.3,3655862.0,0.0041670883638386
DEU,2002,H52,71029.8,3655862.0,0.0194290156466518
DEU,2002,H53,22755.0,3655862.0,0.0062242502588992
DEU,2002,I,58242.2,3655862.0,0.015931181209794
DEU,2002,J58T60,49880.3,3655862.0,0.0136439231021302
DEU,2002,J61,64194.6,3655862.0,0.0175593608292654
DEU,2002,J62_63,53028.9,3655862.0,0.0145051700529177
DEU,2002,K,183416.6,3655862.0,0.0501705480130267
DEU,2002,L,286466.7,3655862.0,0.0783581820101524
DEU,2002,M,209006.7,3655862.0,0.0571702925329238
DEU,2002,N,121871.3,3655862.0,0.033335858957477
DEU,2002,O,169580.4,3655862.0,0.0463858865569871
DEU,2002,P,103328.6,3655862.0,0.0282638130213886
DEU,2002,Q,179594.6,3655862.0,0.0491251037375043
DEU,2002,R,38883.8,3655862.0,0.0106360141602719
DEU,2002,S,73090.1,3655862.0,0.0199925763062172
DEU,2002,T,5187.4,3655862.0,0.0014189266443864
DEU,2002,HFCE,1046733.3767109908,3655862.0,0.2863164355522694
DEU,2003,A01_02,46383.7,4449687.0,0.0104240365670664
DEU,2003,A03,391.6,4449687.0,8.800619009831479e-05
DEU,2003,B05_06,8742.7,4449687.0,0.0019647898829737
DEU,2003,B07_08,5604.2,4449687.0,0.0012594593732098
DEU,2003,B09,599.3,4449687.0,0.0001346836305564
DEU,2003,C10T12,158561.8,4449687.0,0.0356343715861362
DEU,2003,C13T15,27699.6,4449687.0,0.006225067066515
DEU,2003,C16,21479.5,4449687.0,0.0048271934632705
DEU,2003,C17_18,57407.7,4449687.0,0.0129015141963917
DEU,2003,C19,47258.8,4449687.0,0.0106207020853376
DEU,2003,C20,112542.2,4449687.0,0.0252921609991893
DEU,2003,C21,35388.7,4449687.0,0.0079530762500823
DEU,2003,C22,60838.9,4449687.0,0.0136726246138211
DEU,2003,C23,39818.5,4449687.0,0.0089486069469605
DEU,2003,C24,68516.9,4449687.0,0.015398139239906
DEU,2003,C25,98534.6,4449687.0,0.0221441642973988
DEU,2003,C26,77596.8,4449687.0,0.0174387097339655
DEU,2003,C27,92838.2,4449687.0,0.0208639843656418
DEU,2003,C28,178653.4,4449687.0,0.0401496554701488
DEU,2003,C29,274743.0,4449687.0,0.061744342916704
DEU,2003,C30,26563.6,4449687.0,0.0059697682106629
DEU,2003,C31T33,74581.8,4449687.0,0.0167611339853791
DEU,2003,D,82849.9,4449687.0,0.018619264680864
DEU,2003,E,42687.6,4449687.0,0.0095933938724229
DEU,2003,F,227521.5,4449687.0,0.0511320234434466
DEU,2003,G,401366.2,4449687.0,0.0902009961599546
DEU,2003,H49,79517.6,4449687.0,0.0178703805458676
DEU,2003,H50,13794.2,4449687.0,0.0031000382723548
DEU,2003,H51,18386.5,4449687.0,0.0041320883918352
DEU,2003,H52,86116.5,4449687.0,0.0193533837323838
DEU,2003,H53,27935.9,4449687.0,0.0062781719253511
DEU,2003,I,68328.0,4449687.0,0.0153556868157243
DEU,2003,J58T60,58595.1,4449687.0,0.0131683644265315
DEU,2003,J61,81170.5,4449687.0,0.0182418448758305
DEU,2003,J62_63,63448.0,4449687.0,0.0142589804631202
DEU,2003,K,243173.5,4449687.0,0.0546495742284794
DEU,2003,L,346648.5,4449687.0,0.077904018866945
DEU,2003,M,253250.0,4449687.0,0.0569141155321711
DEU,2003,N,149358.6,4449687.0,0.0335660912778809
DEU,2003,O,203423.6,4449687.0,0.0457163840962296
DEU,2003,P,124313.4,4449687.0,0.0279375605520118
DEU,2003,Q,220198.6,4449687.0,0.0494863121833063
DEU,2003,R,46653.8,4449687.0,0.0104847374658037
DEU,2003,S,89712.3,4449687.0,0.0201614855157227
DEU,2003,T,6491.7,4449687.0,0.0014589116043443
DEU,2003,HFCE,1262004.9109885993,4449687.0,0.2836165579710661
DEU,2004,A01_02,55188.5,5055846.6,0.0109157781804534
DEU,2004,A03,431.6,5055846.6,8.536651408687915e-05
DEU,2004,B05_06,7988.9,5055846.6,0.0015801310110951
DEU,2004,B07_08,6788.5,5055846.6,0.0013427029214058
DEU,2004,B09,621.8,5055846.6,0.0001229863263652
DEU,2004,C10T12,175908.9,5055846.6,0.0347931640172785
DEU,2004,C13T15,30368.0,5055846.6,0.0060065113526189
DEU,2004,C16,25200.6,5055846.6,0.0049844471151478
DEU,2004,C17_18,65496.8,5055846.6,0.0129546651989006
DEU,2004,C19,61083.0,5055846.6,0.0120816561167025
DEU,2004,C20,127124.6,5055846.6,0.0251440777495108
DEU,2004,C21,40408.2,5055846.6,0.0079923706546001
DEU,2004,C22,71271.2,5055846.6,0.0140967884587321
DEU,2004,C23,45282.1,5055846.6,0.0089563832890024
DEU,2004,C24,88989.9,5055846.6,0.0176013845040314
DEU,2004,C25,114255.0,5055846.6,0.0225985891264976
DEU,2004,C26,87909.1,5055846.6,0.0173876121953541
DEU,2004,C27,109754.2,5055846.6,0.0217083722437306
DEU,2004,C28,208494.4,5055846.6,0.0412382764935945
DEU,2004,C29,317924.0,5055846.6,0.06288244584003
DEU,2004,C30,27990.2,5055846.6,0.0055362043618965
DEU,2004,C31T33,83142.1,5055846.6,0.0164447433986624
DEU,2004,D,102269.8,5055846.6,0.0202280266968542
DEU,2004,E,49178.6,5055846.6,0.0097270751845991
DEU,2004,F,241846.0,5055846.6,0.0478349165103229
DEU,2004,G,455588.7,5055846.6,0.0901112585180096
DEU,2004,H49,85665.5,5055846.6,0.0169438487314864
DEU,2004,H50,18482.7,5055846.6,0.0036557082250082
DEU,2004,H51,22264.3,5055846.6,0.0044036739564052
DEU,2004,H52,99947.4,5055846.6,0.0197686773170689
DEU,2004,H53,32027.1,5055846.6,0.0063346660873769
DEU,2004,I,75869.2,5055846.6,0.0150062306083416
DEU,2004,J58T60,65815.2,5055846.6,0.0130176417931667
DEU,2004,J61,92372.6,5055846.6,0.0182704514808657
DEU,2004,J62_63,71411.8,5055846.6,0.014124597846778
DEU,2004,K,286008.8,5055846.6,0.0565699125444193
DEU,2004,L,383243.8,5055846.6,0.0758021020653593
DEU,2004,M,277336.8,5055846.6,0.0548546706302362
DEU,2004,N,173119.6,5055846.6,0.0342414661077731
DEU,2004,O,224612.7,5055846.6,0.0444263281247496
DEU,2004,P,139459.3,5055846.6,0.0275837680676466
DEU,2004,Q,247508.8,5055846.6,0.0489549663156314
DEU,2004,R,52310.1,5055846.6,0.0103464571096757
DEU,2004,S,100615.6,5055846.6,0.0199008411370708
DEU,2004,T,7270.6,5055846.6,0.0014380578714551
DEU,2004,HFCE,1420133.9192143525,5055846.6,0.2808894398050669
DEU,2005,A01_02,48984.1,5215300.3,0.0093923834069535
DEU,2005,A03,461.6,5215300.3,8.85088055236244e-05
DEU,2005,B05_06,7670.4,5215300.3,0.0014707494408327
DEU,2005,B07_08,6845.4,5215300.3,0.0013125610427457
DEU,2005,B09,613.3,5215300.3,0.0001175962964203
DEU,2005,C10T12,178100.7,5215300.3,0.0341496538559821
DEU,2005,C13T15,29347.4,5215300.3,0.0056271735685095
DEU,2005,C16,25852.8,5215300.3,0.004957106688564
DEU,2005,C17_18,68006.5,5215300.3,0.0130398052054643
DEU,2005,C19,72715.3,5215300.3,0.0139426870586915
DEU,2005,C20,129631.0,5215300.3,0.0248559033120298
DEU,2005,C21,44143.0,5215300.3,0.0084641338869786
DEU,2005,C22,73632.2,5215300.3,0.0141184966856079
DEU,2005,C23,45293.7,5215300.3,0.0086847731471953
DEU,2005,C24,99913.0,5215300.3,0.0191576695976643
DEU,2005,C25,121229.9,5215300.3,0.02324504688637
DEU,2005,C26,89399.4,5215300.3,0.0171417550011453
DEU,2005,C27,110315.8,5215300.3,0.0211523390129615
DEU,2005,C28,219409.9,5215300.3,0.0420704249762952
DEU,2005,C29,332861.9,5215300.3,0.063824109994203
DEU,2005,C30,31600.3,5215300.3,0.0060591525285705
DEU,2005,C31T33,87875.4,5215300.3,0.0168495378875881
DEU,2005,D,111039.8,5215300.3,0.0212911613162524
DEU,2005,E,52305.2,5215300.3,0.0100291827874226
DEU,2005,F,235550.3,5215300.3,0.0451652419708218
DEU,2005,G,464784.5,5215300.3,0.0891194127402404
DEU,2005,H49,90976.9,5215300.3,0.0174442303926391
DEU,2005,H50,19159.8,5215300.3,0.003673767357174
DEU,2005,H51,24510.5,5215300.3,0.0046997293712885
DEU,2005,H52,106099.7,5215300.3,0.0203439291885071
DEU,2005,H53,33455.3,5215300.3,0.0064148367448754
DEU,2005,I,77514.4,5215300.3,0.0148628833511274
DEU,2005,J58T60,66971.5,5215300.3,0.0128413506696824
DEU,2005,J61,93324.4,5215300.3,0.0178943482890141
DEU,2005,J62_63,78757.8,5215300.3,0.0151012972349837
DEU,2005,K,284374.4,5215300.3,0.0545269464157222
DEU,2005,L,392237.3,5215300.3,0.0752089577660561
DEU,2005,M,288939.2,5215300.3,0.0554022172031014
DEU,2005,N,186448.8,5215300.3,0.0357503478754617
DEU,2005,O,229460.8,5215300.3,0.0439976198494265
DEU,2005,P,142038.9,5215300.3,0.027235037644908
DEU,2005,Q,250923.7,5215300.3,0.0481129916910057
DEU,2005,R,53913.8,5215300.3,0.0103376214021654
DEU,2005,S,101277.6,5215300.3,0.019419322795276
DEU,2005,T,7332.7,5215300.3,0.0014059976565491
DEU,2005,HFCE,1440582.1508511014,5215300.3,0.276222282128433
DEU,2006,A01_02,51472.4,5561550.0,0.0092550458055757
DEU,2006,A03,489.3,5561550.0,8.797907058284112e-05
DEU,2006,B05_06,8353.0,5561550.0,0.0015019194289361
DEU,2006,B07_08,7380.5,5561550.0,0.0013270581043054
DEU,2006,B09,667.4,5561550.0,0.0001200025172838
DEU,2006,C10T12,188461.1,5561550.0,0.0338864345371344
DEU,2006,C13T15,30666.2,5561550.0,0.0055139664302217
DEU,2006,C16,28288.7,5561550.0,0.0050864776905718
DEU,2006,C17_18,72559.1,5561550.0,0.0130465607609389
DEU,2006,C19,79112.1,5561550.0,0.0142248294090676
DEU,2006,C20,140319.1,5561550.0,0.0252302145984482
DEU,2006,C21,46855.0,5561550.0,0.0084248096304087
DEU,2006,C22,80674.2,5561550.0,0.0145057043450117
DEU,2006,C23,49967.8,5561550.0,0.0089845097140185
DEU,2006,C24,121134.3,5561550.0,0.0217806726542061
DEU,2006,C25,135265.3,5561550.0,0.0243215110895343
DEU,2006,C26,97569.3,5561550.0,0.0175435445154678
DEU,2006,C27,123646.0,5561550.0,0.0222322913576251
DEU,2006,C28,246062.4,5561550.0,0.0442434932707608
DEU,2006,C29,362203.1,5561550.0,0.0651262867366112
DEU,2006,C30,34126.9,5561550.0,0.006136221017522
DEU,2006,C31T33,96699.8,5561550.0,0.0173872032077388
DEU,2006,D,126037.4,5561550.0,0.0226622794005268
DEU,2006,E,56029.0,5561550.0,0.010074349776591
DEU,2006,F,254390.8,5561550.0,0.0457409894723593
DEU,2006,G,484561.9,5561550.0,0.087127131824761
DEU,2006,H49,99274.5,5561550.0,0.0178501496884861
DEU,2006,H50,22561.2,5561550.0,0.0040566388866413
DEU,2006,H51,26968.8,5561550.0,0.0048491517652453
DEU,2006,H52,115868.7,5561550.0,0.0208338862367505
DEU,2006,H53,34162.9,5561550.0,0.0061426940331382
DEU,2006,I,80444.6,5561550.0,0.0144644208898598
DEU,2006,J58T60,69201.6,5561550.0,0.0124428621517382
DEU,2006,J61,94885.6,5561550.0,0.0170609991818827
DEU,2006,J62_63,83189.8,5561550.0,0.0149580242917891
DEU,2006,K,292445.8,5561550.0,0.052583506396598
DEU,2006,L,411703.3,5561550.0,0.0740267191700155
DEU,2006,M,309541.6,5561550.0,0.0556574336291141
DEU,2006,N,189959.9,5561550.0,0.0341559277539534
DEU,2006,O,235008.9,5561550.0,0.0422560077676187
DEU,2006,P,144575.2,5561550.0,0.0259954868696676
DEU,2006,Q,260273.8,5561550.0,0.0467987881076318
DEU,2006,R,55793.1,5561550.0,0.0100319335437063
DEU,2006,S,105162.5,5561550.0,0.0189088473537053
DEU,2006,T,7536.1,5561550.0,0.0013550359162463
DEU,2006,HFCE,1516719.077607657,5561550.0,0.2727151742963125
DEU,2007,A01_02,64003.7,6412321.2,0.0099813621313916
DEU,2007,A03,543.5,6412321.2,8.475869861291415e-05
DEU,2007,B05_06,10073.1,6412321.2,0.0015708976025717
DEU,2007,B07_08,7759.1,6412321.2,0.0012100298406761
DEU,2007,B09,794.7,6412321.2,0.0001239332801981
DEU,2007,C10T12,213408.9,6412321.2,0.0332810683282677
DEU,2007,C13T15,34593.9,6412321.2,0.0053949106604329
DEU,2007,C16,33236.6,6412321.2,0.0051832400410634
DEU,2007,C17_18,82106.0,6412321.2,0.0128044116068296
DEU,2007,C19,83134.6,6412321.2,0.012964821537636
DEU,2007,C20,164570.8,6412321.2,0.0256647779902229
DEU,2007,C21,56831.0,6412321.2,0.0088627812343523
DEU,2007,C22,91865.9,6412321.2,0.0143264657422338
DEU,2007,C23,57267.9,6412321.2,0.0089309156877543
DEU,2007,C24,150547.4,6412321.2,0.0234778320212655
DEU,2007,C25,164651.6,6412321.2,0.0256773787314334
DEU,2007,C26,124784.7,6412321.2,0.0194601449471994
DEU,2007,C27,130081.0,6412321.2,0.0202861017005823
DEU,2007,C28,302575.1,6412321.2,0.0471865164832978
DEU,2007,C29,432142.5,6412321.2,0.0673925223833141
DEU,2007,C30,40951.1,6412321.2,0.0063863145221109
DEU,2007,C31T33,115786.3,6412321.2,0.0180568465597138
DEU,2007,D,154054.9,6412321.2,0.0240248258306212
DEU,2007,E,64462.5,6412321.2,0.0100529118847009
DEU,2007,F,290069.1,6412321.2,0.0452362086914797
DEU,2007,G,543116.0,6412321.2,0.0846988139022106
DEU,2007,H49,112783.8,6412321.2,0.0175886073829239
DEU,2007,H50,31070.1,6412321.2,0.0048453748698677
DEU,2007,H51,30830.2,6412321.2,0.0048079625206547
DEU,2007,H52,136883.9,6412321.2,0.0213470123736159
DEU,2007,H53,38404.1,6412321.2,0.0059891104643978
DEU,2007,I,90548.7,6412321.2,0.0141210487085394
DEU,2007,J58T60,79294.1,6412321.2,0.0123658964557171
DEU,2007,J61,107053.6,6412321.2,0.0166949840254415
DEU,2007,J62_63,102821.5,6412321.2,0.0160349890145864
DEU,2007,K,314164.5,6412321.2,0.0489938807182647
DEU,2007,L,467957.2,6412321.2,0.0729778165198586
DEU,2007,M,361083.9,6412321.2,0.0563109502374896
DEU,2007,N,222422.3,6412321.2,0.0346867059622652
DEU,2007,O,261234.3,6412321.2,0.0407394283368088
DEU,2007,P,163587.4,6412321.2,0.0255114169889056
DEU,2007,Q,291271.6,6412321.2,0.0454237382868468
DEU,2007,R,63951.7,6412321.2,0.0099732527434839
DEU,2007,S,115071.4,6412321.2,0.0179453580709587
DEU,2007,T,8475.0,6412321.2,0.0013216742791986
DEU,2007,HFCE,1734669.2455888386,6412321.2,0.2705212654644995
DEU,2008,A01_02,73886.0,7118641.3,0.0103792278450664
DEU,2008,A03,573.1,7118641.3,8.050693606376824e-05
DEU,2008,B05_06,10930.4,7118641.3,0.001535461549383
DEU,2008,B07_08,8343.1,7118641.3,0.0011720073604495
DEU,2008,B09,904.1,7118641.3,0.0001270045731901
DEU,2008,C10T12,242413.6,7118641.3,0.0340533522878867
DEU,2008,C13T15,34750.8,7118641.3,0.0048816618980366
DEU,2008,C16,31401.1,7118641.3,0.0044111086198429
DEU,2008,C17_18,88763.5,7118641.3,0.0124691631814627
DEU,2008,C19,112552.4,7118641.3,0.0158109385283958
DEU,2008,C20,182140.7,7118641.3,0.0255864416149188
DEU,2008,C21,62068.7,7118641.3,0.0087191779139089
DEU,2008,C22,99150.7,7118641.3,0.0139283180345103
DEU,2008,C23,61563.1,7118641.3,0.008648153124389
DEU,2008,C24,164688.4,7118641.3,0.0231348080426527
DEU,2008,C25,179383.4,7118641.3,0.0251991064643192
DEU,2008,C26,119647.2,7118641.3,0.0168075893920936
DEU,2008,C27,146481.6,7118641.3,0.0205771851434627
DEU,2008,C28,343736.4,7118641.3,0.0482867987743672
DEU,2008,C29,449540.9,7118641.3,0.0631498176484886
DEU,2008,C30,47088.6,7118641.3,0.0066148297147659
DEU,2008,C31T33,123136.5,7118641.3,0.0172977531541025
DEU,2008,D,183190.2,7118641.3,0.0257338714341457
DEU,2008,E,71066.9,7118641.3,0.0099832112625199
DEU,2008,F,330896.1,7118641.3,0.0464830416444778
DEU,2008,G,614448.1,7118641.3,0.086315361893568
DEU,2008,H49,126478.6,7118641.3,0.0177672388128335
DEU,2008,H50,41101.0,7118641.3,0.0057737141496369
DEU,2008,H51,34033.5,7118641.3,0.0047808982874302
DEU,2008,H52,155590.6,7118641.3,0.0218567832600302
DEU,2008,H53,43496.2,7118641.3,0.0061101828518877
DEU,2008,I,98571.6,7118641.3,0.0138469682409759
DEU,2008,J58T60,88765.0,7118641.3,0.0124693738958303
DEU,2008,J61,118821.2,7118641.3,0.0166915560136454
DEU,2008,J62_63,120514.4,7118641.3,0.0169294103918398
DEU,2008,K,330673.1,7118641.3,0.0464517154418217
DEU,2008,L,515757.1,7118641.3,0.0724516207889277
DEU,2008,M,400760.8,7118641.3,0.056297372365145
DEU,2008,N,251011.5,7118641.3,0.0352611529955863
DEU,2008,O,296093.7,7118641.3,0.0415941311721943
DEU,2008,P,180610.3,7118641.3,0.0253714567694259
DEU,2008,Q,325457.9,7118641.3,0.0457191037284039
DEU,2008,R,70809.7,7118641.3,0.0099470807722816
DEU,2008,S,128313.2,7118641.3,0.0180249565320842
DEU,2008,T,9036.3,7118641.3,0.0012693854935491
DEU,2008,HFCE,1896348.1903027825,7118641.3,0.2663918731658501
DEU,2009,A01_02,61001.5,6284079.3,0.0097073090723091
DEU,2009,A03,496.8,6284079.3,7.905692724151333e-05
DEU,2009,B05_06,8046.6,6284079.3,0.0012804739749226
DEU,2009,B07_08,7332.1,6284079.3,0.0011667739457075
DEU,2009,B09,765.0,6284079.3,0.0001217362104262
DEU,2009,C10T12,212957.9,6284079.3,0.0338884806880142
DEU,2009,C13T15,27456.1,6284079.3,0.0043691523752731
DEU,2009,C16,27064.2,6284079.3,0.0043067884264286
DEU,2009,C17_18,76196.8,6284079.3,0.0121253721288972
DEU,2009,C19,69471.5,6284079.3,0.0110551596635643
DEU,2009,C20,148810.5,6284079.3,0.0236805573093261
DEU,2009,C21,54139.6,6284079.3,0.0086153591346309
DEU,2009,C22,80135.4,6284079.3,0.0127521306104459
DEU,2009,C23,52358.5,6284079.3,0.0083319285929443
DEU,2009,C24,100789.3,6284079.3,0.0160388332464232
DEU,2009,C25,133403.3,6284079.3,0.0212287741181114
DEU,2009,C26,83220.5,6284079.3,0.0132430696729113
DEU,2009,C27,119693.3,6284079.3,0.0190470702685117
DEU,2009,C28,250615.4,6284079.3,0.039881005320859
DEU,2009,C29,334911.2,6284079.3,0.0532951899572623
DEU,2009,C30,42970.7,6284079.3,0.0068380263756378
DEU,2009,C31T33,108767.2,6284079.3,0.0173083748322526
DEU,2009,D,180298.7,6284079.3,0.0286913470363112
DEU,2009,E,64366.9,6284079.3,0.0102428529188038
DEU,2009,F,313417.5,6284079.3,0.0498748480147282
DEU,2009,G,564730.3,6284079.3,0.0898668322024516
DEU,2009,H49,113818.2,6284079.3,0.0181121520856683
DEU,2009,H50,28542.5,6284079.3,0.0045420337073085
DEU,2009,H51,29138.1,6284079.3,0.0046368129059097
DEU,2009,H52,130935.4,6284079.3,0.0208360515119533
DEU,2009,H53,43128.4,6284079.3,0.0068631215395388
DEU,2009,I,93395.5,6284079.3,0.0148622408377309
DEU,2009,J58T60,81701.7,6284079.3,0.0130013795338324
DEU,2009,J61,112401.8,6284079.3,0.0178867570942333
DEU,2009,J62_63,112318.2,6284079.3,0.0178734536338521
DEU,2009,K,336524.7,6284079.3,0.0535519499252659
DEU,2009,L,503749.6,6284079.3,0.0801628330820077
DEU,2009,M,347049.3,6284079.3,0.0552267537425888
DEU,2009,N,228595.2,6284079.3,0.0363768802217375
DEU,2009,O,297908.6,6284079.3,0.0474068810684804
DEU,2009,P,178008.0,6284079.3,0.0283268226739277
DEU,2009,Q,329208.0,6284079.3,0.052387626616997
DEU,2009,R,68422.7,6284079.3,0.0108882617060545
DEU,2009,S,117042.0,6284079.3,0.0186251627983116
DEU,2009,T,8774.6,6284079.3,0.001396322290204
DEU,2009,HFCE,1732548.2456674222,6284079.3,0.2757043892917491
DEU,2010,A01_02,65201.9,6388454.2,0.0102062091953324
DEU,2010,A03,504.0,6388454.2,7.88923242182749e-05
DEU,2010,B05_06,8563.8,6388454.2,0.0013405120756755
DEU,2010,B07_08,7416.3,6388454.2,0.0011608911589285
DEU,2010,B09,628.1,6388454.2,9.831799373313187e-05
DEU,2010,C10T12,210902.9,6388454.2,0.0330131348519333
DEU,2010,C13T15,28719.9,6388454.2,0.0044955945680881
DEU,2010,C16,28556.2,6388454.2,0.0044699702159561
DEU,2010,C17_18,78319.6,6388454.2,0.0122595541187412
DEU,2010,C19,82686.9,6388454.2,0.0129431780226271
DEU,2010,C20,166185.8,6388454.2,0.0260134603453837
DEU,2010,C21,50921.1,6388454.2,0.0079708014499031
DEU,2010,C22,87627.8,6388454.2,0.013716588905028
DEU,2010,C23,51542.4,6388454.2,0.0080680550233889
DEU,2010,C24,120860.4,6388454.2,0.0189185671864095
DEU,2010,C25,145500.5,6388454.2,0.0227755409125418
DEU,2010,C26,90275.7,6388454.2,0.0141310710187137
DEU,2010,C27,127027.3,6388454.2,0.0198838867781191
DEU,2010,C28,265580.2,6388454.2,0.0415719032626077
DEU,2010,C29,388996.7,6388454.2,0.0608905828893631
DEU,2010,C30,43868.7,6388454.2,0.0068668724274488
DEU,2010,C31T33,108933.0,6388454.2,0.0170515427660105
DEU,2010,D,181660.1,6388454.2,0.0284356894974687
DEU,2010,E,66247.0,6388454.2,0.0103698011954128
DEU,2010,F,312814.9,6388454.2,0.0489656637125143
DEU,2010,G,554016.8,6388454.2,0.0867215734285142
DEU,2010,H49,113063.1,6388454.2,0.0176980371871492
DEU,2010,H50,36319.1,6388454.2,0.0056851155010237
DEU,2010,H51,30937.9,6388454.2,0.0048427834076043
DEU,2010,H52,137821.4,6388454.2,0.0215735130416995
DEU,2010,H53,41778.6,6388454.2,0.006539704080527
DEU,2010,I,95102.0,6388454.2,0.0148865432892983
DEU,2010,J58T60,78479.0,6388454.2,0.0122845053815991
DEU,2010,J61,94711.9,6388454.2,0.0148254800042238
DEU,2010,J62_63,112453.8,6388454.2,0.0176026620023354
DEU,2010,K,325959.2,6388454.2,0.0510231723974791
DEU,2010,L,480332.5,6388454.2,0.075187593893997
DEU,2010,M,345694.7,6388454.2,0.054112417366943
DEU,2010,N,240343.5,6388454.2,0.0376215423130058
DEU,2010,O,294149.9,6388454.2,0.0460439866658197
DEU,2010,P,174830.3,6388454.2,0.0273666045848775
DEU,2010,Q,325423.0,6388454.2,0.0509392397303247
DEU,2010,R,65845.7,6388454.2,0.0103069847475779
DEU,2010,S,113721.5,6388454.2,0.0178010981122788
DEU,2010,T,7929.1,6388454.2,0.0012411609681728
DEU,2010,HFCE,1726747.858558386,6388454.2,0.2702919680567462
DEU,2011,A01_02,78069.6,7182650.8,0.0108691905222512
DEU,2011,A03,571.0,7182650.8,7.949711268157433e-05
DEU,2011,B05_06,8571.0,7182650.8,0.0011932920364164
DEU,2011,B07_08,8722.3,7182650.8,0.0012143566829115
DEU,2011,B09,761.6,7182650.8,0.0001060332767395
DEU,2011,C10T12,237925.7,7182650.8,0.0331250546107573
DEU,2011,C13T15,33598.3,7182650.8,0.004677701998265
DEU,2011,C16,31613.6,7182650.8,0.0044013834001229
DEU,2011,C17_18,86076.3,7182650.8,0.0119839182492346
DEU,2011,C19,104975.5,7182650.8,0.0146151473770658
DEU,2011,C20,189662.4,7182650.8,0.0264056272929208
DEU,2011,C21,55978.6,7182650.8,0.0077935850647229
DEU,2011,C22,103170.3,7182650.8,0.014363819552525
DEU,2011,C23,61620.9,7182650.8,0.0085791307019965
DEU,2011,C24,155843.7,7182650.8,0.0216972402445069
DEU,2011,C25,175854.8,7182650.8,0.0244832729443007
DEU,2011,C26,103228.7,7182650.8,0.0143719502554683
DEU,2011,C27,148740.3,7182650.8,0.0207082738868496
DEU,2011,C28,321346.3,7182650.8,0.0447392347126216
DEU,2011,C29,466050.6,7182650.8,0.0648855990604471
DEU,2011,C30,46869.1,7182650.8,0.0065253207075025
DEU,2011,C31T33,123623.0,7182650.8,0.017211333732109
DEU,2011,D,188708.3,7182650.8,0.0262727933258289
DEU,2011,E,77535.6,7182650.8,0.0107948447110919
DEU,2011,F,354976.5,7182650.8,0.0494213779681451
DEU,2011,G,608436.5,7182650.8,0.0847091856393742
DEU,2011,H49,123628.9,7182650.8,0.0172121551558652
DEU,2011,H50,40237.6,7182650.8,0.0056020543279091
DEU,2011,H51,34309.0,7182650.8,0.0047766487548023
DEU,2011,H52,158875.2,7182650.8,0.0221192989084197
DEU,2011,H53,45134.7,7182650.8,0.0062838499680368
DEU,2011,I,104895.0,7182650.8,0.0146039398156457
DEU,2011,J58T60,87730.2,7182650.8,0.0122141814272803
DEU,2011,J61,95924.4,7182650.8,0.0133550137227888
DEU,2011,J62_63,133053.8,7182650.8,0.0185243308779538
DEU,2011,K,341847.7,7182650.8,0.0475935291188038
DEU,2011,L,527034.0,7182650.8,0.0733759742294585
DEU,2011,M,381561.1,7182650.8,0.0531226020343352
DEU,2011,N,268544.3,7182650.8,0.0373879097672408
DEU,2011,O,319945.8,7182650.8,0.0445442509887853
DEU,2011,P,189521.9,7182650.8,0.0263860662695727
DEU,2011,Q,355350.7,7182650.8,0.0494734757257028
DEU,2011,R,72182.5,7182650.8,0.0100495627603112
DEU,2011,S,121730.1,7182650.8,0.0169477959307168
DEU,2011,T,8613.4,7182650.8,0.0011991951495122
DEU,2011,HFCE,1821947.0,7182650.8,0.2536594149892405
DEU,2012,A01_02,72290.2,6680117.3,0.0108216961998556
DEU,2012,A03,457.1,6680117.3,6.842694214366565e-05
DEU,2012,B05_06,7582.7,6680117.3,0.001135114798059
DEU,2012,B07_08,7902.8,6680117.3,0.0011830331182956
DEU,2012,B09,727.8,6680117.3,0.0001089501826562
DEU,2012,C10T12,226868.7,6680117.3,0.0339617838746634
DEU,2012,C13T15,28641.9,6680117.3,0.0042876342904936
DEU,2012,C16,29475.1,6680117.3,0.0044123626392009
DEU,2012,C17_18,76615.4,6680117.3,0.0114691698602358
DEU,2012,C19,104626.9,6680117.3,0.0156624345503633
DEU,2012,C20,171313.2,6680117.3,0.0256452382954413
DEU,2012,C21,54488.9,6680117.3,0.0081568777242878
DEU,2012,C22,94059.8,6680117.3,0.0140805611302663
DEU,2012,C23,55663.5,6680117.3,0.0083327129599954
DEU,2012,C24,137888.3,6680117.3,0.0206415986138446
DEU,2012,C25,158010.4,6680117.3,0.0236538361384761
DEU,2012,C26,90811.8,6680117.3,0.0135943421233037
DEU,2012,C27,133989.0,6680117.3,0.0200578813189403
DEU,2012,C28,299724.0,6680117.3,0.0448680743974361
DEU,2012,C29,434796.5,6680117.3,0.0650881534670057
DEU,2012,C30,46658.8,6680117.3,0.0069847276484201
DEU,2012,C31T33,113052.5,6680117.3,0.0169237297674398
DEU,2012,D,178202.2,6680117.3,0.0266765076116253
DEU,2012,E,72427.6,6680117.3,0.0108422647009506
DEU,2012,F,338085.6,6680117.3,0.0506107280481437
DEU,2012,G,539486.3,6680117.3,0.0807600040196899
DEU,2012,H49,117885.5,6680117.3,0.017647220057049
DEU,2012,H50,37528.4,6680117.3,0.0056179253020003
DEU,2012,H51,32528.0,6680117.3,0.0048693755721924
DEU,2012,H52,150389.2,6680117.3,0.0225129579685674
DEU,2012,H53,41396.5,6680117.3,0.0061969720202368
DEU,2012,I,100548.9,6680117.3,0.0150519662281978
DEU,2012,J58T60,80645.3,6680117.3,0.0120724377100384
DEU,2012,J61,81574.7,6680117.3,0.0122115670034716
DEU,2012,J62_63,133218.6,6680117.3,0.0199425540027568
DEU,2012,K,324161.4,6680117.3,0.0485263035725435
DEU,2012,L,474940.8,6680117.3,0.0710976736890533
DEU,2012,M,368065.2,6680117.3,0.0550986133132722
DEU,2012,N,253076.7,6680117.3,0.0378850682756723
DEU,2012,O,301585.6,6680117.3,0.0451467521386188
DEU,2012,P,183506.9,6680117.3,0.0274706104337419
DEU,2012,Q,337250.9,6680117.3,0.0504857751524812
DEU,2012,R,67339.8,6680117.3,0.0100806313685539
DEU,2012,S,112671.2,6680117.3,0.0168666499314315
DEU,2012,T,7956.7,6680117.3,0.0011911018388853
DEU,2012,HFCE,1748474.4,6680117.3,0.2617430684937224
DEU,2013,A01_02,80873.1,6980135.1,0.0115861797574663
DEU,2013,A03,507.1,6980135.1,7.264902365571693e-05
DEU,2013,B05_06,7017.8,6980135.1,0.001005396013037
DEU,2013,B07_08,8055.7,6980135.1,0.0011540894101032
DEU,2013,B09,668.5,6980135.1,9.577178527676348e-05
DEU,2013,C10T12,241337.2,6980135.1,0.0345748608791253
DEU,2013,C13T15,29372.2,6980135.1,0.0042079701294033
DEU,2013,C16,31494.9,6980135.1,0.0045120759911939
DEU,2013,C17_18,76897.1,6980135.1,0.0110165632754013
DEU,2013,C19,103447.5,6980135.1,0.0148202718884337
DEU,2013,C20,180498.5,6980135.1,0.0258588834476857
DEU,2013,C21,59987.5,6980135.1,0.0085940313676736
DEU,2013,C22,98824.1,6980135.1,0.0141579064852197
DEU,2013,C23,58837.3,6980135.1,0.0084292494567906
DEU,2013,C24,131478.4,6980135.1,0.0188360824133618
DEU,2013,C25,165226.0,6980135.1,0.0236708885477016
DEU,2013,C26,95622.9,6980135.1,0.013699290720032
DEU,2013,C27,135095.0,6980135.1,0.0193542099206647
DEU,2013,C28,310842.7,6980135.1,0.0445324761694082
DEU,2013,C29,437270.7,6980135.1,0.0626450195784892
DEU,2013,C30,51122.1,6980135.1,0.0073239413374678
DEU,2013,C31T33,116895.9,6980135.1,0.0167469394682633
DEU,2013,D,176596.8,6980135.1,0.0252999114587338
DEU,2013,E,74835.5,6980135.1,0.0107212108258477
DEU,2013,F,354649.0,6980135.1,0.0508083289104246
DEU,2013,G,563731.7,6980135.1,0.0807622906897604
DEU,2013,H49,124744.9,6980135.1,0.0178714162710117
DEU,2013,H50,40582.9,6980135.1,0.005814056521628
DEU,2013,H51,33516.7,6980135.1,0.0048017265453787
DEU,2013,H52,158258.8,6980135.1,0.0226727416780228
DEU,2013,H53,45170.1,6980135.1,0.0064712357788031
DEU,2013,I,106338.2,6980135.1,0.015234404273923
DEU,2013,J58T60,86955.0,6980135.1,0.0124574952711158
DEU,2013,J61,81727.5,6980135.1,0.011708584265081
DEU,2013,J62_63,149246.4,6980135.1,0.0213815918835152
DEU,2013,K,330509.1,6980135.1,0.0473499574528292
DEU,2013,L,501303.4,6980135.1,0.0718185812764569
DEU,2013,M,376111.7,6980135.1,0.0538831547830643
DEU,2013,N,272226.4,6980135.1,0.0390001620455741
DEU,2013,O,322013.3,6980135.1,0.0461328176871533
DEU,2013,P,197491.7,6980135.1,0.0282933922009618
DEU,2013,Q,363880.9,6980135.1,0.052130925087682
DEU,2013,R,71903.6,6980135.1,0.0103011759758059
DEU,2013,S,118414.9,6980135.1,0.0169645570327141
DEU,2013,T,8554.4,6980135.1,0.001225535018656
DEU,2013,HFCE,1858244.6,6980135.1,0.2662190019789159
DEU,2014,A01_02,80109.0,7223694.8,0.0110897542349103
DEU,2014,A03,533.5,7223694.8,7.385417224437556e-05
DEU,2014,B05_06,6419.4,7223694.8,0.0008886588065708
DEU,2014,B07_08,8730.7,7223694.8,0.0012086197218631
DEU,2014,B09,705.5,7223694.8,9.766470200263722e-05
DEU,2014,C10T12,240031.7,7223694.8,0.0332283833475356
DEU,2014,C13T15,31250.5,7223694.8,0.0043261102337823
DEU,2014,C16,32397.5,7223694.8,0.0044848932432748
DEU,2014,C17_18,75415.9,7223694.8,0.0104400728557911
DEU,2014,C19,92263.2,7223694.8,0.0127723004022816
DEU,2014,C20,180641.8,7223694.8,0.0250068427586392
DEU,2014,C21,61875.0,7223694.8,0.0085655612139095
DEU,2014,C22,101544.5,7223694.8,0.0140571415060337
DEU,2014,C23,60842.8,7223694.8,0.0084226703486974
DEU,2014,C24,129349.9,7223694.8,0.0179063351347568
DEU,2014,C25,168365.4,7223694.8,0.0233073800404745
DEU,2014,C26,97139.5,7223694.8,0.0134473427642596
DEU,2014,C27,138568.7,7223694.8,0.0191825241564746
DEU,2014,C28,320807.6,7223694.8,0.0444104587585843
DEU,2014,C29,474164.5,7223694.8,0.0656401624276817
DEU,2014,C30,54719.6,7223694.8,0.0075750154893033
DEU,2014,C31T33,120072.5,7223694.8,0.0166220339209236
DEU,2014,D,167688.4,7223694.8,0.0232136606878795
DEU,2014,E,81987.5,7223694.8,0.0113498012125318
DEU,2014,F,371494.2,7223694.8,0.0514271726983814
DEU,2014,G,603074.8,7223694.8,0.0834856422782424
DEU,2014,H49,128012.2,7223694.8,0.0177211528925612
DEU,2014,H50,35472.6,7223694.8,0.0049105895226913
DEU,2014,H51,35309.0,7223694.8,0.0048879418327584
DEU,2014,H52,169844.7,7223694.8,0.0235121644397268
DEU,2014,H53,47135.3,7223694.8,0.0065250957169452
DEU,2014,I,111417.0,7223694.8,0.0154238243841641
DEU,2014,J58T60,86112.5,7223694.8,0.0119208386267924
DEU,2014,J61,86554.5,7223694.8,0.0119820261509387
DEU,2014,J62_63,157817.6,7223694.8,0.0218472131463804
DEU,2014,K,339909.2,7223694.8,0.0470547565215518
DEU,2014,L,512032.0,7223694.8,0.0708822858905943
DEU,2014,M,401533.9,7223694.8,0.0555856678773305
DEU,2014,N,289035.4,7223694.8,0.0400121278656457
DEU,2014,O,332377.7,7223694.8,0.0460121460280963
DEU,2014,P,205412.2,7223694.8,0.028435891283779
DEU,2014,Q,383059.9,7223694.8,0.0530282508613182
DEU,2014,R,74786.6,7223694.8,0.0103529567722047
DEU,2014,S,119019.7,7223694.8,0.0164762913294731
DEU,2014,T,8659.2,7223694.8,0.0011987217400159
DEU,2014,HFCE,1931782.7,7223694.8,0.2674230782839828
DEU,2015,A01_02,60611.1,6194449.7,0.0097847432678321
DEU,2015,A03,462.8,6194449.7,7.471204423534184e-05
DEU,2015,B05_06,5524.5,6194449.7,0.0008918467769622
DEU,2015,B07_08,7755.4,6194449.7,0.0012519917628841
DEU,2015,B09,442.5,6194449.7,7.143491697091349e-05
DEU,2015,C10T12,197812.1,6194449.7,0.0319337648346712
DEU,2015,C13T15,24962.9,6194449.7,0.0040298817827191
DEU,2015,C16,28343.2,6194449.7,0.0045755799744406
DEU,2015,C17_18,62580.7,6194449.7,0.010102705329902
DEU,2015,C19,60921.6,6194449.7,0.0098348687858422
DEU,2015,C20,152727.2,6194449.7,0.0246554911891527
DEU,2015,C21,59984.4,6194449.7,0.0096835720532204
DEU,2015,C22,87317.4,6194449.7,0.0140960705516746
DEU,2015,C23,49235.9,6194449.7,0.0079483896688998
DEU,2015,C24,109073.7,6194449.7,0.0176082953744866
DEU,2015,C25,139925.8,6194449.7,0.0225888992205393
DEU,2015,C26,91791.1,6194449.7,0.0148182815981216
DEU,2015,C27,113359.3,6194449.7,0.0183001405274144
DEU,2015,C28,272359.1,6194449.7,0.0439682478977914
DEU,2015,C29,425505.5,6194449.7,0.0686914125721288
DEU,2015,C30,48360.0,6194449.7,0.0078069888920076
DEU,2015,C31T33,102054.0,6194449.7,0.0164750712238409
DEU,2015,D,143283.9,6194449.7,0.0231310135587992
DEU,2015,E,69166.1,6194449.7,0.0111658183292698
DEU,2015,F,315065.2,6194449.7,0.0508625003444615
DEU,2015,G,516154.4,6194449.7,0.0833253032953032
DEU,2015,H49,110463.5,6194449.7,0.0178326575159694
DEU,2015,H50,33412.0,6194449.7,0.0053938608945359
DEU,2015,H51,29882.5,6194449.7,0.004824076624595
DEU,2015,H52,140934.3,6194449.7,0.0227517062572967
DEU,2015,H53,44818.7,6194449.7,0.0072352996909475
DEU,2015,I,96824.7,6194449.7,0.0156308800118273
DEU,2015,J58T60,73342.9,6194449.7,0.011840099371539
DEU,2015,J61,74044.7,6194449.7,0.0119533943426806
DEU,2015,J62_63,134893.1,6194449.7,0.0217764460981901
DEU,2015,K,293576.8,6194449.7,0.0473935239154496
DEU,2015,L,436719.8,6194449.7,0.0705017913052066
DEU,2015,M,358434.4,6194449.7,0.0578638002339416
DEU,2015,N,252361.3,6194449.7,0.0407399062421961
DEU,2015,O,286746.5,6194449.7,0.0462908755236159
DEU,2015,P,176243.9,6194449.7,0.0284519059053784
DEU,2015,Q,332044.4,6194449.7,0.0536035347901848
DEU,2015,R,65255.7,6194449.7,0.0105345435285397
DEU,2015,S,102096.1,6194449.7,0.0164818676306306
DEU,2015,T,7574.6,6194449.7,0.0012228043437014
DEU,2015,HFCE,1700078.3000000005,6194449.7,0.2744518693888176
DEU,2016,A01_02,59892.6,6368276.0,0.0094048373531549
DEU,2016,A03,492.6,6368276.0,7.735217506276424e-05
DEU,2016,B05_06,4629.8,6368276.0,0.0007270099474331
DEU,2016,B07_08,7344.3,6368276.0,0.0011532634578023
DEU,2016,B09,401.1,6368276.0,6.298407920762229e-05
DEU,2016,C10T12,202050.3,6368276.0,0.0317276292673244
DEU,2016,C13T15,25342.1,6368276.0,0.0039794286554163
DEU,2016,C16,26966.4,6368276.0,0.0042344898368098
DEU,2016,C17_18,63886.8,6368276.0,0.0100320400686151
DEU,2016,C19,54670.8,6368276.0,0.0085848666106808
DEU,2016,C20,147249.8,6368276.0,0.0231223960770544
DEU,2016,C21,63875.3,6368276.0,0.0100302342423601
DEU,2016,C22,89667.6,6368276.0,0.0140803570699511
DEU,2016,C23,51018.0,6368276.0,0.0080112733807391
DEU,2016,C24,101619.2,6368276.0,0.0159570973368616
DEU,2016,C25,144920.7,6368276.0,0.0227566613004838
DEU,2016,C26,96678.2,6368276.0,0.0151812201606839
DEU,2016,C27,115015.3,6368276.0,0.0180606650842394
DEU,2016,C28,278970.2,6368276.0,0.0438062357850068
DEU,2016,C29,439746.3,6368276.0,0.0690526447032132
DEU,2016,C30,50722.4,6368276.0,0.0079648557945666
DEU,2016,C31T33,106706.4,6368276.0,0.0167559320607335
DEU,2016,D,149920.4,6368276.0,0.0235417560419805
DEU,2016,E,71193.6,6368276.0,0.0111794149625424
DEU,2016,F,330665.5,6368276.0,0.051923864480748
DEU,2016,G,539085.1,6368276.0,0.0846516545451233
DEU,2016,H49,111744.6,6368276.0,0.0175470723944753
DEU,2016,H50,33643.4,6368276.0,0.0052829682633101
DEU,2016,H51,29031.4,6368276.0,0.004558753420863
DEU,2016,H52,145228.5,6368276.0,0.0228049946327703
DEU,2016,H53,44443.8,6368276.0,0.0069789374706749
DEU,2016,I,101152.9,6368276.0,0.0158838750079299
DEU,2016,J58T60,75983.2,6368276.0,0.0119315180435018
DEU,2016,J61,75049.7,6368276.0,0.0117849320601054
DEU,2016,J62_63,140282.3,6368276.0,0.0220283009090686
DEU,2016,K,290706.5,6368276.0,0.045649167843856
DEU,2016,L,449199.0,6368276.0,0.0705369867763269
DEU,2016,M,376218.6,6368276.0,0.0590769935222656
DEU,2016,N,264486.0,6368276.0,0.0415318054682303
DEU,2016,O,296858.7,6368276.0,0.0466152377817795
DEU,2016,P,183681.9,6368276.0,0.0288432693557879
DEU,2016,Q,351752.7,6368276.0,0.0552351531246447
DEU,2016,R,66902.1,6368276.0,0.0105055277126807
DEU,2016,S,101421.6,6368276.0,0.0159260685309493
DEU,2016,T,7758.3,6368276.0,0.001218273202983
DEU,2016,HFCE,1762544.9,6368276.0,0.2767695527015475
DEU,2017,A01_02,68418.7,6808823.9,0.0100485342263
DEU,2017,A03,537.0,6808823.9,7.886824624734382e-05
DEU,2017,B05_06,4689.9,6808823.9,0.0006887973707177
DEU,2017,B07_08,7813.5,6808823.9,0.0011475550131352
DEU,2017,B09,352.8,6808823.9,5.181511597032198e-05
DEU,2017,C10T12,219563.7,6808823.9,0.0322469347459551
DEU,2017,C13T15,26375.8,6808823.9,0.0038737673917517
DEU,2017,C16,27503.7,6808823.9,0.0040394200825196
DEU,2017,C17_18,67161.0,6808823.9,0.0098638180376496
DEU,2017,C19,57816.0,6808823.9,0.0084913343110548
DEU,2017,C20,169508.2,6808823.9,0.0248953714311806
DEU,2017,C21,59194.5,6808823.9,0.0086937921834048
DEU,2017,C22,95314.5,6808823.9,0.0139986731041758
DEU,2017,C23,54193.1,6808823.9,0.0079592453551339
DEU,2017,C24,116500.8,6808823.9,0.0171102677512338
DEU,2017,C25,154468.3,6808823.9,0.022686487750109
DEU,2017,C26,99482.2,6808823.9,0.0146107758786359
DEU,2017,C27,123002.1,6808823.9,0.0180651022564998
DEU,2017,C28,306165.1,6808823.9,0.0449659301660012
DEU,2017,C29,467173.2,6808823.9,0.0686129068487143
DEU,2017,C30,60824.5,6808823.9,0.0089331874187552
DEU,2017,C31T33,114124.0,6808823.9,0.0167611913123498
DEU,2017,D,166493.2,6808823.9,0.0244525636799036
DEU,2017,E,78089.7,6808823.9,0.011468896999965
DEU,2017,F,352576.6,6808823.9,0.0517823056049371
DEU,2017,G,580159.1,6808823.9,0.0852069474142222
DEU,2017,H49,117529.4,6808823.9,0.0172613364255168
DEU,2017,H50,37063.1,6808823.9,0.0054433923603164
DEU,2017,H51,29325.4,6808823.9,0.0043069699599662
DEU,2017,H52,155987.8,6808823.9,0.0229096540446581
DEU,2017,H53,46952.8,6808823.9,0.0068958752186262
DEU,2017,I,107035.2,6808823.9,0.0157200717145878
DEU,2017,J58T60,80145.8,6808823.9,0.0117708727934643
DEU,2017,J61,77586.6,6808823.9,0.0113950075871399
DEU,2017,J62_63,154833.7,6808823.9,0.0227401534059354
DEU,2017,K,296309.2,6808823.9,0.0435184114542894
DEU,2017,L,468973.4,6808823.9,0.0688772990589461
DEU,2017,M,398003.3,6808823.9,0.0584540451986135
DEU,2017,N,285708.8,6808823.9,0.041961549336002
DEU,2017,O,317554.0,6808823.9,0.0466385978935363
DEU,2017,P,195568.2,6808823.9,0.0287227578319362
DEU,2017,Q,376098.7,6808823.9,0.0552369550929346
DEU,2017,R,72134.1,6808823.9,0.0105942084946564
DEU,2017,S,106440.5,6808823.9,0.0156327291707456
DEU,2017,T,8072.7,6808823.9,0.0011856232616032
DEU,2017,HFCE,1877271.4,6808823.9,0.2757115513003648
DEU,2018,A01_02,67532.2,7389599.7,0.0091388170863977
DEU,2018,A03,605.0,7389599.7,8.18718231787305e-05
DEU,2018,B05_06,7113.9,7389599.7,0.000962690847787
DEU,2018,B07_08,7626.3,7389599.7,0.0010320315456329
DEU,2018,B09,292.6,7389599.7,3.959619084644057e-05
DEU,2018,C10T12,228521.1,7389599.7,0.0309246927137338
DEU,2018,C13T15,27537.7,7389599.7,0.0037265482729734
DEU,2018,C16,28898.7,7389599.7,0.0039107260437936
DEU,2018,C17_18,68619.3,7389599.7,0.0092859292499971
DEU,2018,C19,66623.1,7389599.7,0.0090157928311055
DEU,2018,C20,166011.3,7389599.7,0.0224655335525143
DEU,2018,C21,83082.4,7389599.7,0.011243152995148
DEU,2018,C22,101673.3,7389599.7,0.0137589726274347
DEU,2018,C23,59620.4,7389599.7,0.0080681501597441
DEU,2018,C24,127857.8,7389599.7,0.0173023986671429
DEU,2018,C25,166750.6,7389599.7,0.0225655795671854
DEU,2018,C26,110906.9,7389599.7,0.015008512572068
DEU,2018,C27,128681.9,7389599.7,0.0174139202695918
DEU,2018,C28,330101.8,7389599.7,0.0446711342158358
DEU,2018,C29,491658.4,7389599.7,0.0665338340316323
DEU,2018,C30,61389.5,7389599.7,0.0083075541967449
DEU,2018,C31T33,118929.5,7389599.7,0.0160941735450162
DEU,2018,D,179493.2,7389599.7,0.0242899760862553
DEU,2018,E,86841.3,7389599.7,0.0117518273689439
DEU,2018,F,401877.6,7389599.7,0.0543842178623017
DEU,2018,G,635586.9,7389599.7,0.0860110054405247
DEU,2018,H49,129561.4,7389599.7,0.017532938895188
DEU,2018,H50,41327.0,7389599.7,0.0055925898124089
DEU,2018,H51,31062.0,7389599.7,0.0042034753249218
DEU,2018,H52,173421.7,7389599.7,0.0234683483599253
DEU,2018,H53,50732.3,7389599.7,0.0068653651157856
DEU,2018,I,117304.6,7389599.7,0.0158742834202507
DEU,2018,J58T60,85458.1,7389599.7,0.0115646453758516
DEU,2018,J61,80908.0,7389599.7,0.0109489016028838
DEU,2018,J62_63,184787.4,7389599.7,0.0250064154354666
DEU,2018,K,316335.7,7389599.7,0.0428082322239999
DEU,2018,L,509648.4,7389599.7,0.0689683366745833
DEU,2018,M,429725.7,7389599.7,0.0581527711169523
DEU,2018,N,318640.9,7389599.7,0.04312018416911
DEU,2018,O,345813.4,7389599.7,0.0467973116324555
DEU,2018,P,214256.8,7389599.7,0.0289943716437035
DEU,2018,Q,405787.5,7389599.7,0.0549133263605605
DEU,2018,R,77901.3,7389599.7,0.0105420189404846
DEU,2018,S,114382.9,7389599.7,0.0154789034106948
DEU,2018,T,8711.9,7389599.7,0.0011789407212409
DEU,2018,HFCE,2053618.6000000003,7389599.7,0.2779066097450448
DEU,2019,A01_02,68792.1,7199506.3,0.0095551135221591
DEU,2019,A03,479.1,7199506.3,6.654622970466739e-05
DEU,2019,B05_06,7907.2,7199506.3,0.0010982975318738
DEU,2019,B07_08,7437.3,7199506.3,0.0010330291675694
DEU,2019,B09,291.1,7199506.3,4.043332804639674e-05
DEU,2019,C10T12,220164.2,7199506.3,0.0305804579961267
DEU,2019,C13T15,26271.7,7199506.3,0.0036490974388063
DEU,2019,C16,28140.7,7199506.3,0.0039086985728451
DEU,2019,C17_18,63541.1,7199506.3,0.0088257579550975
DEU,2019,C19,64099.7,7199506.3,0.0089033466086417
DEU,2019,C20,154018.6,7199506.3,0.021392939124173
DEU,2019,C21,81113.9,7199506.3,0.0112665919883978
DEU,2019,C22,95198.9,7199506.3,0.013222976136572
DEU,2019,C23,57053.4,7199506.3,0.0079246267205849
DEU,2019,C24,116138.2,7199506.3,0.0161314116774923
DEU,2019,C25,154464.4,7199506.3,0.0214548600367222
DEU,2019,C26,108117.4,7199506.3,0.0150173352858931
DEU,2019,C27,121135.3,7199506.3,0.016825500937474
DEU,2019,C28,309901.9,7199506.3,0.0430448821192086
DEU,2019,C29,459684.0,7199506.3,0.0638493781163855
DEU,2019,C30,63485.4,7199506.3,0.0088180213134892
DEU,2019,C31T33,117086.5,7199506.3,0.0162631290426122
DEU,2019,D,174148.8,7199506.3,0.0241889919590736
DEU,2019,E,84926.0,7199506.3,0.0117960866288845
DEU,2019,F,401991.6,7199506.3,0.055835995309845
DEU,2019,G,621563.5,7199506.3,0.0863341837759069
DEU,2019,H49,129146.4,7199506.3,0.0179382300144664
DEU,2019,H50,41446.2,7199506.3,0.0057568114080266
DEU,2019,H51,28688.1,7199506.3,0.0039847315641629
DEU,2019,H52,164883.5,7199506.3,0.0229020564924014
DEU,2019,H53,52826.9,7199506.3,0.0073375725777196
DEU,2019,I,116295.0,7199506.3,0.0161531909486626
DEU,2019,J58T60,80900.5,7199506.3,0.0112369510670474
DEU,2019,J61,78022.6,7199506.3,0.0108372153240563
DEU,2019,J62_63,188462.7,7199506.3,0.0261771699540008
DEU,2019,K,313711.8,7199506.3,0.0435740711831865
DEU,2019,L,494098.4,7199506.3,0.068629483663345
DEU,2019,M,425137.1,7199506.3,0.0590508685296934
DEU,2019,N,317170.7,7199506.3,0.0440545069041748
DEU,2019,O,347055.4,7199506.3,0.0482054443094243
DEU,2019,P,213433.9,7199506.3,0.0296456300066019
DEU,2019,Q,402911.2,7199506.3,0.0559637262905096
DEU,2019,R,77222.7,7199506.3,0.0107261104834368
DEU,2019,S,112420.9,7199506.3,0.0156150846065653
DEU,2019,T,8520.3,7199506.3,0.0011834561489306
DEU,2019,HFCE,2037572.7,7199506.3,0.2830156145567926
DEU,2020,A01_02,68624.7,7184255.8,0.0095520958482575
DEU,2020,A03,487.3,7184255.8,6.782887658315284e-05
DEU,2020,B05_06,7557.4,7184255.8,0.0010519391584024
DEU,2020,B07_08,6972.2,7184255.8,0.0009704832614673
DEU,2020,B09,286.3,7184255.8,3.985103091680004e-05
DEU,2020,C10T12,235557.6,7184255.8,0.0327880307379923
DEU,2020,C13T15,24483.8,7184255.8,0.0034079799886858
DEU,2020,C16,30304.1,7184255.8,0.0042181265316304
DEU,2020,C17_18,59793.5,7184255.8,0.0083228523126918
DEU,2020,C19,44430.6,7184255.8,0.0061844401475793
DEU,2020,C20,155992.1,7184255.8,0.0217130492486083
DEU,2020,C21,77991.4,7184255.8,0.0108558773756357
DEU,2020,C22,90396.2,7184255.8,0.0125825419523619
DEU,2020,C23,57659.2,7184255.8,0.008025772133559
DEU,2020,C24,104560.2,7184255.8,0.0145540753156367
DEU,2020,C25,144975.3,7184255.8,0.0201795849195681
DEU,2020,C26,105660.0,7184255.8,0.0147071600652081
DEU,2020,C27,121491.2,7184255.8,0.0169107564349253
DEU,2020,C28,282835.6,7184255.8,0.0393688097798522
DEU,2020,C29,409005.6,7184255.8,0.0569308236491245
DEU,2020,C30,55113.8,7184255.8,0.0076714696044091
DEU,2020,C31T33,116210.7,7184255.8,0.01617574641482
DEU,2020,D,180111.0,7184255.8,0.0250702376159824
DEU,2020,E,88358.8,7184255.8,0.012298949600319
DEU,2020,F,442517.4,7184255.8,0.0615954404073418
DEU,2020,G,652099.3,7184255.8,0.0907678287290383
DEU,2020,H49,122222.2,7184255.8,0.0170125067094632
DEU,2020,H50,38500.3,7184255.8,0.0053589823458123
DEU,2020,H51,17725.1,7184255.8,0.00246721448866
DEU,2020,H52,165118.7,7184255.8,0.0229834104737751
DEU,2020,H53,61551.8,7184255.8,0.0085675958253045
DEU,2020,I,81185.5,7184255.8,0.0113004745738591
DEU,2020,J58T60,76594.4,7184255.8,0.0106614243885915
DEU,2020,J61,82358.1,7184255.8,0.0114636925929057
DEU,2020,J62_63,196051.6,7184255.8,0.0272890617285648
DEU,2020,K,322881.5,7184255.8,0.0449429292314452
DEU,2020,L,516405.0,7184255.8,0.0718800964742931
DEU,2020,M,439045.3,7184255.8,0.0611121474822764
DEU,2020,N,277743.2,7184255.8,0.0386599820123331
DEU,2020,O,378823.5,7184255.8,0.0527296786954607
DEU,2020,P,221019.4,7184255.8,0.0307644112560691
DEU,2020,Q,436332.5,7184255.8,0.0607345440010641
DEU,2020,R,64928.2,7184255.8,0.0090375679551944
DEU,2020,S,113727.7,7184255.8,0.0158301295452202
DEU,2020,T,8566.5,7184255.8,0.0011923990791085
DEU,2020,HFCE,2072924.3000000005,7184255.8,0.2885370952409574
ITA,1995,A01_02,53444.6,2201256.3,0.0242791355100267
ITA,1995,A03,2420.4,2201256.3,0.0010995539229121
ITA,1995,B05_06,8091.5,2201256.3,0.0036758554648997
ITA,1995,B07_08,1047.0,2201256.3,0.0004756374802879
ITA,1995,B09,262.4,2201256.3,0.0001192046559957
ITA,1995,C10T12,104071.4,2201256.3,0.0472781838262087
ITA,1995,C13T15,95096.8,2201256.3,0.0432011483624146
ITA,1995,C16,18782.1,2201256.3,0.0085324457674465
ITA,1995,C17_18,32625.4,2201256.3,0.014821263657485
ITA,1995,C19,25291.0,2201256.3,0.0114893481508718
ITA,1995,C20,43936.5,2201256.3,0.019959738445723
ITA,1995,C21,13494.9,2201256.3,0.0061305446348978
ITA,1995,C22,34436.6,2201256.3,0.0156440665269191
ITA,1995,C23,33523.9,2201256.3,0.0152294396613424
ITA,1995,C24,46016.8,2201256.3,0.0209047896875979
ITA,1995,C25,62474.5,2201256.3,0.028381292991643
ITA,1995,C26,22718.0,2201256.3,0.0103204701787792
ITA,1995,C27,32261.7,2201256.3,0.0146560398259848
ITA,1995,C28,77920.0,2201256.3,0.0353979679694727
ITA,1995,C29,39602.3,2201256.3,0.0179907719060247
ITA,1995,C30,15924.7,2201256.3,0.0072343688465536
ITA,1995,C31T33,50011.3,2201256.3,0.0227194352606736
ITA,1995,D,38076.4,2201256.3,0.0172975768428238
ITA,1995,E,20241.5,2201256.3,0.0091954308092156
ITA,1995,F,177605.9,2201256.3,0.0806838803823071
ITA,1995,G,254089.2,2201256.3,0.1154291756030408
ITA,1995,H49,55819.7,2201256.3,0.0253581102754822
ITA,1995,H50,9749.2,2201256.3,0.0044289254277205
ITA,1995,H51,11193.1,2201256.3,0.0050848690359228
ITA,1995,H52,34472.0,2201256.3,0.0156601482526137
ITA,1995,H53,6453.4,2201256.3,0.0029316895083957
ITA,1995,I,58056.0,2201256.3,0.0263740301390619
ITA,1995,J58T60,23556.1,2201256.3,0.0107012073060279
ITA,1995,J61,24275.0,2201256.3,0.0110277935377175
ITA,1995,J62_63,23270.7,2201256.3,0.010571554071191
ITA,1995,K,73544.8,2201256.3,0.0334103757022751
ITA,1995,L,118714.2,2201256.3,0.0539302034024843
ITA,1995,M,107850.2,2201256.3,0.0489948399011964
ITA,1995,N,56473.7,2201256.3,0.0256552133433984
ITA,1995,O,99872.8,2201256.3,0.0453708184730692
ITA,1995,P,58443.9,2201256.3,0.0265502476926471
ITA,1995,Q,73789.0,2201256.3,0.0335213123524053
ITA,1995,R,20204.8,2201256.3,0.0091787585116735
ITA,1995,S,31368.3,2201256.3,0.0142501806809138
ITA,1995,T,10682.6,2201256.3,0.0048529560142542
ITA,1995,HFCE,461098.565003689,2201256.3,0.2094706395632753
ITA,1996,A01_02,59344.2,2430890.3,0.0244125372502411
ITA,1996,A03,2467.0,2430890.3,0.0010148545164707
ITA,1996,B05_06,9105.1,2430890.3,0.0037455824312598
ITA,1996,B07_08,1303.2,2430890.3,0.000536099880772
ITA,1996,B09,303.3,2430890.3,0.0001247691020857
ITA,1996,C10T12,111996.1,2430890.3,0.0460720502278527
ITA,1996,C13T15,99729.7,2430890.3,0.041025997758928
ITA,1996,C16,19799.2,2430890.3,0.0081448348368496
ITA,1996,C17_18,32892.8,2430890.3,0.0135311741545885
ITA,1996,C19,27900.6,2430890.3,0.0114775232761429
ITA,1996,C20,45705.1,2430890.3,0.0188017945523909
ITA,1996,C21,15296.3,2430890.3,0.0062924682368431
ITA,1996,C22,36697.2,2430890.3,0.0150961974713544
ITA,1996,C23,36023.0,2430890.3,0.0148188505256695
ITA,1996,C24,41366.2,2430890.3,0.0170168929465883
ITA,1996,C25,70025.7,2430890.3,0.0288066063696909
ITA,1996,C26,24435.8,2430890.3,0.0100522018620091
ITA,1996,C27,34694.7,2430890.3,0.0142724252098089
ITA,1996,C28,86497.8,2430890.3,0.0355827657052233
ITA,1996,C29,42912.9,2430890.3,0.0176531618888766
ITA,1996,C30,17018.7,2430890.3,0.0070010152247511
ITA,1996,C31T33,53934.3,2430890.3,0.0221870563225333
ITA,1996,D,41872.5,2430890.3,0.0172251705475973
ITA,1996,E,22791.9,2430890.3,0.0093759475694974
ITA,1996,F,194831.8,2430890.3,0.0801483308399396
ITA,1996,G,278975.8,2430890.3,0.1147628093295695
ITA,1996,H49,62992.1,2430890.3,0.0259131808621721
ITA,1996,H50,9808.0,2430890.3,0.0040347357509304
ITA,1996,H51,12193.9,2430890.3,0.0050162280050235
ITA,1996,H52,37428.5,2430890.3,0.0153970337534359
ITA,1996,H53,6974.7,2430890.3,0.0028691957016735
ITA,1996,I,66505.2,2430890.3,0.0273583715398428
ITA,1996,J58T60,26590.7,2430890.3,0.0109386672035344
ITA,1996,J61,30148.5,2430890.3,0.0124022462058448
ITA,1996,J62_63,28715.1,2430890.3,0.0118125857016254
ITA,1996,K,83468.9,2430890.3,0.0343367613092207
ITA,1996,L,137452.1,2430890.3,0.0565439337184405
ITA,1996,M,122789.9,2430890.3,0.0505123164134556
ITA,1996,N,64307.8,2430890.3,0.0264544228918927
ITA,1996,O,112717.2,2430890.3,0.0463686905163922
ITA,1996,P,67009.5,2430890.3,0.02756582639702
ITA,1996,Q,83287.6,2430890.3,0.034262179580872
ITA,1996,R,23915.0,2430890.3,0.0098379593682199
ITA,1996,S,34345.2,2430890.3,0.0141286507252096
ITA,1996,T,12319.5,2430890.3,0.0050678963176577
ITA,1996,HFCE,514913.0445786372,2430890.3,0.2118207656588358
ITA,1997,A01_02,53821.6,2321532.8,0.0231836483206267
ITA,1997,A03,2117.4,2321532.8,0.000912069818699
ITA,1997,B05_06,9155.4,2321532.8,0.0039436875498808
ITA,1997,B07_08,1287.1,2321532.8,0.0005544181843995
ITA,1997,B09,302.0,2321532.8,0.00013008646701
ITA,1997,C10T12,105180.7,2321532.8,0.0453065750352525
ITA,1997,C13T15,93956.6,2321532.8,0.0404717951863527
ITA,1997,C16,18550.2,2321532.8,0.00799049662361
ITA,1997,C17_18,30283.4,2321532.8,0.0130445712418967
ITA,1997,C19,27250.9,2321532.8,0.0117383221981614
ITA,1997,C20,44108.8,2321532.8,0.0189998607816353
ITA,1997,C21,15198.1,2321532.8,0.0065465799147873
ITA,1997,C22,35647.9,2321532.8,0.0153553290308885
ITA,1997,C23,33786.0,2321532.8,0.0145533158092791
ITA,1997,C24,40180.4,2321532.8,0.0173077029107665
ITA,1997,C25,66878.8,2321532.8,0.0288080357942821
ITA,1997,C26,23819.2,2321532.8,0.0102601177980341
ITA,1997,C27,33808.3,2321532.8,0.0145629215318431
ITA,1997,C28,83009.5,2321532.8,0.0357563330571939
ITA,1997,C29,43705.3,2321532.8,0.0188260532007129
ITA,1997,C30,16803.1,2321532.8,0.00723793348946
ITA,1997,C31T33,51240.6,2321532.8,0.0220718828525705
ITA,1997,D,40003.4,2321532.8,0.0172314601801017
ITA,1997,E,22104.5,2321532.8,0.0095215109603448
ITA,1997,F,180630.1,2321532.8,0.077806395843298
ITA,1997,G,264432.3,2321532.8,0.1139041843388988
ITA,1997,H49,58705.2,2321532.8,0.0252872584871512
ITA,1997,H50,9179.0,2321532.8,0.0039538532473028
ITA,1997,H51,11873.0,2321532.8,0.0051142934530151
ITA,1997,H52,37330.1,2321532.8,0.0160799364971281
ITA,1997,H53,7018.1,2321532.8,0.0030230458083555
ITA,1997,I,63418.0,2321532.8,0.0273172965723335
ITA,1997,J58T60,25200.3,2321532.8,0.0108550264721652
ITA,1997,J61,30224.1,2321532.8,0.0130190277733745
ITA,1997,J62_63,27828.8,2321532.8,0.0119872525600327
ITA,1997,K,79031.5,2321532.8,0.0340428099917433
ITA,1997,L,130711.1,2321532.8,0.0563037920463583
ITA,1997,M,121482.9,2321532.8,0.05232874590443
ITA,1997,N,62438.9,2321532.8,0.0268955493542886
ITA,1997,O,106826.6,2321532.8,0.0460155462804574
ITA,1997,P,63242.6,2321532.8,0.0272417430414939
ITA,1997,Q,82906.8,2321532.8,0.0357120950434127
ITA,1997,R,23106.4,2321532.8,0.009953079275899
ITA,1997,S,32273.0,2321532.8,0.0139015912245564
ITA,1997,T,11474.8,2321532.8,0.0049427688465138
ITA,1997,HFCE,487580.8814934495,2321532.8,0.210025411440859
ITA,1998,A01_02,52880.6,2377469.1,0.022242392130354
ITA,1998,A03,2123.8,2377469.1,0.0008933028824643
ITA,1998,B05_06,8537.8,2377469.1,0.0035911297438103
ITA,1998,B07_08,1337.9,2377469.1,0.0005627412781095
ITA,1998,B09,282.7,2377469.1,0.0001189079597291
ITA,1998,C10T12,107196.2,2377469.1,0.0450883672894003
ITA,1998,C13T15,95813.0,2377469.1,0.0403004186258403
ITA,1998,C16,19741.3,2377469.1,0.0083034938287946
ITA,1998,C17_18,31668.5,2377469.1,0.0133202572433012
ITA,1998,C19,23178.4,2377469.1,0.0097491908517338
ITA,1998,C20,43578.5,2377469.1,0.0183297860737706
ITA,1998,C21,15935.6,2377469.1,0.006702757987475
ITA,1998,C22,37861.4,2377469.1,0.01592508605054
ITA,1998,C23,34011.7,2377469.1,0.0143058431337761
ITA,1998,C24,39987.7,2377469.1,0.0168194404713819
ITA,1998,C25,69798.3,2377469.1,0.029358236454051
ITA,1998,C26,23726.6,2377469.1,0.0099797721871548
ITA,1998,C27,34474.9,2377469.1,0.0145006721643616
ITA,1998,C28,86597.5,2377469.1,0.0364242378586539
ITA,1998,C29,44522.3,2377469.1,0.0187267628420491
ITA,1998,C30,18417.3,2377469.1,0.007746599104064
ITA,1998,C31T33,52656.5,2377469.1,0.0221481322301938
ITA,1998,D,40360.6,2377469.1,0.0169762879357717
ITA,1998,E,22912.0,2377469.1,0.0096371389222261
ITA,1998,F,180917.1,2377469.1,0.0760965095193035
ITA,1998,G,270066.8,2377469.1,0.1135942418767924
ITA,1998,H49,62622.5,2377469.1,0.0263399848183095
ITA,1998,H50,9315.8,2377469.1,0.0039183684868922
ITA,1998,H51,12235.6,2377469.1,0.0051464811887565
ITA,1998,H52,38871.6,2377469.1,0.0163499916781252
ITA,1998,H53,7437.6,2377469.1,0.0031283687346346
ITA,1998,I,67090.6,2377469.1,0.0282193362681348
ITA,1998,J58T60,25954.3,2377469.1,0.0109167770045886
ITA,1998,J61,33247.0,2377469.1,0.0139841985748626
ITA,1998,J62_63,30448.2,2377469.1,0.0128069803304699
ITA,1998,K,87150.3,2377469.1,0.0366567540246895
ITA,1998,L,133824.6,2377469.1,0.0562886811021013
ITA,1998,M,120846.3,2377469.1,0.0508298088921534
ITA,1998,N,64575.0,2377469.1,0.0271612362911467
ITA,1998,O,109010.3,2377469.1,0.0458514055976584
ITA,1998,P,64053.7,2377469.1,0.0269419695086678
ITA,1998,Q,84595.3,2377469.1,0.0355820818028718
ITA,1998,R,23327.9,2377469.1,0.0098120728467091
ITA,1998,S,33083.9,2377469.1,0.0139155962111137
ITA,1998,T,11193.6,2377469.1,0.0047081999930093
ITA,1998,HFCE,498444.8190773885,2377469.1,0.2096535425328508
ITA,1999,A01_02,51142.4,2370364.3,0.0215757552541607
ITA,1999,A03,1984.6,2370364.3,0.0008372552691584
ITA,1999,B05_06,8647.1,2370364.3,0.0036480046548119
ITA,1999,B07_08,1400.8,2370364.3,0.0005909640134219
ITA,1999,B09,288.2,2370364.3,0.0001215846863707
ITA,1999,C10T12,101779.9,2370364.3,0.0429385052753283
ITA,1999,C13T15,89150.5,2370364.3,0.0376104635055463
ITA,1999,C16,20214.2,2370364.3,0.0085278874643868
ITA,1999,C17_18,31777.5,2370364.3,0.0134061671448561
ITA,1999,C19,23302.7,2370364.3,0.0098308517386968
ITA,1999,C20,44641.7,2370364.3,0.0188332654183156
ITA,1999,C21,16251.9,2370364.3,0.0068562878710247
ITA,1999,C22,37038.1,2370364.3,0.0156254884533993
ITA,1999,C23,34968.4,2370364.3,0.014752331529799
ITA,1999,C24,35904.2,2370364.3,0.0151471231658357
ITA,1999,C25,68829.5,2370364.3,0.029037519675773
ITA,1999,C26,22837.2,2370364.3,0.0096344684232714
ITA,1999,C27,33862.8,2370364.3,0.0142859053353106
ITA,1999,C28,86557.4,2370364.3,0.0365164966414656
ITA,1999,C29,46342.0,2370364.3,0.0195505813178168
ITA,1999,C30,17551.1,2370364.3,0.0074043892746781
ITA,1999,C31T33,53765.3,2370364.3,0.0226822940254373
ITA,1999,D,39628.4,2370364.3,0.0167182740644549
ITA,1999,E,23510.0,2370364.3,0.0099183066501634
ITA,1999,F,180510.9,2370364.3,0.0761532309611649
ITA,1999,G,267648.4,2370364.3,0.1129144579168695
ITA,1999,H49,61044.6,2370364.3,0.0257532565774805
ITA,1999,H50,9106.7,2370364.3,0.0038418989013629
ITA,1999,H51,11907.3,2370364.3,0.0050234050521263
ITA,1999,H52,40529.7,2370364.3,0.0170985109757179
ITA,1999,H53,8082.5,2370364.3,0.003409813419819
ITA,1999,I,67127.8,2370364.3,0.0283196131497593
ITA,1999,J58T60,26463.4,2370364.3,0.0111642754660117
ITA,1999,J61,35505.3,2370364.3,0.0149788367973648
ITA,1999,J62_63,33932.8,2370364.3,0.0143154366609385
ITA,1999,K,88934.3,2370364.3,0.0375192538969642
ITA,1999,L,135948.2,2370364.3,0.0573532937532007
ITA,1999,M,123592.9,2370364.3,0.0521408882170559
ITA,1999,N,66222.9,2370364.3,0.0279378574846069
ITA,1999,O,107456.3,2370364.3,0.0453332426581011
ITA,1999,P,63312.2,2370364.3,0.0267099027773916
ITA,1999,Q,83877.4,2370364.3,0.0353858687459982
ITA,1999,R,24174.6,2370364.3,0.0101986854931961
ITA,1999,S,32891.7,2370364.3,0.0138762214736359
ITA,1999,T,10718.5,2370364.3,0.0045218787677489
ITA,1999,HFCE,491501.1415949357,2370364.3,0.2073525751273489
ITA,2000,A01_02,44529.7,2228481.6,0.0199820810726011
ITA,2000,A03,1788.4,2228481.6,0.0008025195271973
ITA,2000,B05_06,8095.0,2228481.6,0.0036325182132982
ITA,2000,B07_08,1208.4,2228481.6,0.0005422526261827
ITA,2000,B09,250.9,2228481.6,0.0001125878714906
ITA,2000,C10T12,94271.8,2228481.6,0.0423031538604581
ITA,2000,C13T15,84035.8,2228481.6,0.0377098917935871
ITA,2000,C16,18666.4,2228481.6,0.0083762863467214
ITA,2000,C17_18,30749.5,2228481.6,0.0137984087461166
ITA,2000,C19,32113.8,2228481.6,0.0144106193203479
ITA,2000,C20,40766.3,2228481.6,0.0182933078738455
ITA,2000,C21,14776.2,2228481.6,0.0066306134185716
ITA,2000,C22,33521.3,2228481.6,0.0150422152913445
ITA,2000,C23,32886.8,2228481.6,0.0147574922763553
ITA,2000,C24,34551.0,2228481.6,0.0155042787878526
ITA,2000,C25,62829.8,2228481.6,0.0281939954092508
ITA,2000,C26,21519.1,2228481.6,0.0096563956372805
ITA,2000,C27,32211.4,2228481.6,0.0144544159574842
ITA,2000,C28,81740.2,2228481.6,0.0366797733488129
ITA,2000,C29,43274.1,2228481.6,0.0194186481055082
ITA,2000,C30,17151.2,2228481.6,0.0076963615046226
ITA,2000,C31T33,50329.1,2228481.6,0.0225844808411251
ITA,2000,D,41435.8,2228481.6,0.0185937366501029
ITA,2000,E,21305.1,2228481.6,0.0095603661255269
ITA,2000,F,168713.3,2228481.6,0.0757077375016244
ITA,2000,G,247555.8,2228481.6,0.1110872084382478
ITA,2000,H49,56704.1,2228481.6,0.0254451730721043
ITA,2000,H50,9066.8,2228481.6,0.0040685998933085
ITA,2000,H51,11527.1,2228481.6,0.0051726251632501
ITA,2000,H52,42977.4,2228481.6,0.0192855081235582
ITA,2000,H53,7227.6,2228481.6,0.0032432845754705
ITA,2000,I,65113.8,2228481.6,0.0292189085160048
ITA,2000,J58T60,24059.3,2228481.6,0.0107962749165171
ITA,2000,J61,32876.6,2228481.6,0.0147529151687857
ITA,2000,J62_63,32007.8,2228481.6,0.0143630533005073
ITA,2000,K,85664.6,2228481.6,0.0384407930494018
ITA,2000,L,126226.2,2228481.6,0.0566422446566307
ITA,2000,M,117916.3,2228481.6,0.0529132930691462
ITA,2000,N,61864.7,2228481.6,0.0277609202606833
ITA,2000,O,97726.2,2228481.6,0.043853267624018
ITA,2000,P,56610.7,2228481.6,0.0254032611263202
ITA,2000,Q,79437.7,2228481.6,0.0356465586253886
ITA,2000,R,21951.9,2228481.6,0.0098506085937617
ITA,2000,S,29595.8,2228481.6,0.0132807019811157
ITA,2000,T,9650.8,2228481.6,0.004330661738468
ITA,2000,HFCE,450246.37645102304,2228481.6,0.202041774296464
ITA,2001,A01_02,44349.9,2274431.5,0.0194993342292348
ITA,2001,A03,1719.1,2274431.5,0.0007558372278962
ITA,2001,B05_06,7503.0,2274431.5,0.0032988463270931
ITA,2001,B07_08,1256.1,2274431.5,0.0005522698749115
ITA,2001,B09,242.7,2274431.5,0.0001067079839511
ITA,2001,C10T12,93527.5,2274431.5,0.0411212648083708
ITA,2001,C13T15,86095.2,2274431.5,0.0378535031721113
ITA,2001,C16,19053.4,2274431.5,0.0083772142621134
ITA,2001,C17_18,29840.2,2274431.5,0.013119849949317
ITA,2001,C19,28260.6,2274431.5,0.0124253467295014
ITA,2001,C20,37618.3,2274431.5,0.0165396495783671
ITA,2001,C21,16220.4,2274431.5,0.00713162827722
ITA,2001,C22,32599.7,2274431.5,0.0143331201665119
ITA,2001,C23,34020.0,2274431.5,0.0149575839061321
ITA,2001,C24,32941.5,2274431.5,0.0144833994780673
ITA,2001,C25,63952.5,2274431.5,0.0281180154249534
ITA,2001,C26,22416.8,2274431.5,0.009856001378806
ITA,2001,C27,31715.2,2274431.5,0.0139442317783586
ITA,2001,C28,81409.2,2274431.5,0.0357932081049704
ITA,2001,C29,40992.8,2274431.5,0.0180233170354877
ITA,2001,C30,17132.5,2274431.5,0.0075326515658967
ITA,2001,C31T33,49887.7,2274431.5,0.0219341404654305
ITA,2001,D,44928.6,2274431.5,0.0197537714369502
ITA,2001,E,20857.6,2274431.5,0.0091704674332904
ITA,2001,F,174772.4,2274431.5,0.0768422350816017
ITA,2001,G,253102.6,2274431.5,0.1112816983057084
ITA,2001,H49,57269.4,2274431.5,0.0251796547840636
ITA,2001,H50,9366.8,2274431.5,0.004118303848676
ITA,2001,H51,11590.7,2274431.5,0.0050960866484657
ITA,2001,H52,45033.5,2274431.5,0.0197998928523457
ITA,2001,H53,7984.4,2274431.5,0.0035105036137601
ITA,2001,I,66216.2,2274431.5,0.0291132971030343
ITA,2001,J58T60,25108.5,2274431.5,0.0110394619490628
ITA,2001,J61,37184.1,2274431.5,0.0163487447302765
ITA,2001,J62_63,35013.7,2274431.5,0.0153944842920087
ITA,2001,K,89624.1,2274431.5,0.0394050557249141
ITA,2001,L,131671.7,2274431.5,0.0578921370021475
ITA,2001,M,121701.2,2274431.5,0.0535084041880355
ITA,2001,N,66319.8,2274431.5,0.0291588469470283
ITA,2001,O,100080.3,2274431.5,0.044002336408021
ITA,2001,P,57996.3,2274431.5,0.0254992511315465
ITA,2001,Q,82843.9,2274431.5,0.0364240030970376
ITA,2001,R,23285.8,2274431.5,0.0102380748771726
ITA,2001,S,29798.4,2274431.5,0.0131014717304082
ITA,2001,T,9927.2,2274431.5,0.00436469508974
ITA,2001,HFCE,459011.1537808196,2274431.5,0.2018135757356595
ITA,2002,A01_02,46509.8,2472261.7,0.0188126523984091
ITA,2002,A03,1937.6,2472261.7,0.0007837357994908
ITA,2002,B05_06,8382.6,2472261.7,0.0033906604628466
ITA,2002,B07_08,1367.6,2472261.7,0.0005531776834143
ITA,2002,B09,269.7,2472261.7,0.0001090903928172
ITA,2002,C10T12,100985.4,2472261.7,0.0408473746933829
ITA,2002,C13T15,89594.5,2472261.7,0.0362398932119524
ITA,2002,C16,19399.6,2472261.7,0.0078469039098894
ITA,2002,C17_18,31389.8,2472261.7,0.0126967950035386
ITA,2002,C19,27073.6,2472261.7,0.0109509442305399
ITA,2002,C20,41081.5,2472261.7,0.0166169706063075
ITA,2002,C21,18422.7,2472261.7,0.0074517596579682
ITA,2002,C22,37086.6,2472261.7,0.0150010818029499
ITA,2002,C23,38756.6,2472261.7,0.0156765766342616
ITA,2002,C24,33825.8,2472261.7,0.0136821275838233
ITA,2002,C25,69830.5,2472261.7,0.0282455939029432
ITA,2002,C26,23235.6,2472261.7,0.0093985195822917
ITA,2002,C27,34620.4,2472261.7,0.0140035336873923
ITA,2002,C28,84774.2,2472261.7,0.0342901400769991
ITA,2002,C29,42620.4,2472261.7,0.0172394370709217
ITA,2002,C30,18988.9,2472261.7,0.0076807807199375
ITA,2002,C31T33,53841.2,2472261.7,0.0217781151566599
ITA,2002,D,46657.9,2472261.7,0.0188725570597967
ITA,2002,E,23602.0,2472261.7,0.0095467239572574
ITA,2002,F,195807.4,2472261.7,0.0792017285225103
ITA,2002,G,272162.5,2472261.7,0.1100864443274755
ITA,2002,H49,62423.6,2472261.7,0.0252495923065102
ITA,2002,H50,9910.4,2472261.7,0.0040086371115161
ITA,2002,H51,10195.7,2472261.7,0.0041240375159312
ITA,2002,H52,50621.8,2472261.7,0.0204759067375432
ITA,2002,H53,7761.5,2472261.7,0.0031394330139078
ITA,2002,I,71258.1,2472261.7,0.028823040861734
ITA,2002,J58T60,26014.6,2472261.7,0.0105225915201452
ITA,2002,J61,42102.8,2472261.7,0.0170300741220073
ITA,2002,J62_63,42140.4,2472261.7,0.0170452828679099
ITA,2002,K,95026.9,2472261.7,0.038437233404538
ITA,2002,L,153053.4,2472261.7,0.0619082518650837
ITA,2002,M,132336.6,2472261.7,0.0535285564630961
ITA,2002,N,72251.5,2472261.7,0.0292248591643837
ITA,2002,O,109157.0,2472261.7,0.044152688204489
ITA,2002,P,64566.7,2472261.7,0.0261164503741654
ITA,2002,Q,91993.6,2472261.7,0.0372103001878805
ITA,2002,R,26157.2,2472261.7,0.0105802714979567
ITA,2002,S,31696.9,2472261.7,0.0128210132446738
ITA,2002,T,11368.6,2472261.7,0.0045984614007489
ITA,2002,HFCE,501977.36114685977,2472261.7,0.2030437801737816
ITA,2003,A01_02,56732.5,3045451.9,0.0186285982714092
ITA,2003,A03,2444.9,3045451.9,0.0008028036824354
ITA,2003,B05_06,9136.1,3045451.9,0.002999916038733
ITA,2003,B07_08,1594.8,3045451.9,0.0005236661265278
ITA,2003,B09,292.7,3045451.9,9.611053124825251e-05
ITA,2003,C10T12,125035.6,3045451.9,0.0410565013356474
ITA,2003,C13T15,103266.7,3045451.9,0.033908498111561
ITA,2003,C16,23788.8,3045451.9,0.0078112545464927
ITA,2003,C17_18,37801.7,3045451.9,0.0124125092896722
ITA,2003,C19,33512.1,3045451.9,0.0110039826930118
ITA,2003,C20,47638.3,3045451.9,0.0156424404535826
ITA,2003,C21,21323.5,3045451.9,0.0070017523507759
ITA,2003,C22,43805.5,3045451.9,0.0143839080170663
ITA,2003,C23,46084.1,3045451.9,0.0151321056819186
ITA,2003,C24,44069.0,3045451.9,0.0144704304802843
ITA,2003,C25,85589.9,3045451.9,0.0281041706815333
ITA,2003,C26,26139.6,3045451.9,0.0085831596946252
ITA,2003,C27,42136.1,3045451.9,0.0138357463468722
ITA,2003,C28,104204.9,3045451.9,0.0342165640508063
ITA,2003,C29,50466.9,3045451.9,0.0165712352902372
ITA,2003,C30,21546.2,3045451.9,0.0070748777874311
ITA,2003,C31T33,63368.9,3045451.9,0.0208077165822254
ITA,2003,D,58827.3,3045451.9,0.0193164436450301
ITA,2003,E,29116.4,3045451.9,0.0095606172601182
ITA,2003,F,245902.0,3045451.9,0.0807440104373344
ITA,2003,G,331309.7,3045451.9,0.1087883542012271
ITA,2003,H49,79301.3,3045451.9,0.026039255454995
ITA,2003,H50,11721.9,3045451.9,0.0038489854329992
ITA,2003,H51,12911.2,3045451.9,0.0042395021901347
ITA,2003,H52,61634.3,3045451.9,0.0202381459382103
ITA,2003,H53,9168.7,3045451.9,0.0030106205256435
ITA,2003,I,88603.1,3045451.9,0.0290935804962147
ITA,2003,J58T60,31071.6,3045451.9,0.0102026237879508
ITA,2003,J61,51248.6,3045451.9,0.0168279131251424
ITA,2003,J62_63,49387.9,3045451.9,0.0162169364750104
ITA,2003,K,122374.4,3045451.9,0.0401826737109195
ITA,2003,L,196325.1,3045451.9,0.0644650142069228
ITA,2003,M,166310.8,3045451.9,0.0546095638548748
ITA,2003,N,90490.8,3045451.9,0.0297134228256896
ITA,2003,O,138914.0,3045451.9,0.0456135918613589
ITA,2003,P,80690.6,3045451.9,0.0264954439109676
ITA,2003,Q,115039.5,3045451.9,0.0377741969919144
ITA,2003,R,32495.0,3045451.9,0.0106700092685752
ITA,2003,S,38543.7,3045451.9,0.0126561512923582
ITA,2003,T,14085.2,3045451.9,0.0046249950623091
ITA,2003,HFCE,619929.8024421288,3045451.9,0.2035592164309437
ITA,2004,A01_02,65200.0,3493579.5,0.0186628070149827
ITA,2004,A03,2691.7,3493579.5,0.0007704705159851
ITA,2004,B05_06,10114.1,3493579.5,0.0028950536262306
ITA,2004,B07_08,1526.1,3493579.5,0.0004368299046865
ITA,2004,B09,308.6,3493579.5,8.833347001263318e-05
ITA,2004,C10T12,140373.2,3493579.5,0.0401803365287665
ITA,2004,C13T15,109375.3,3493579.5,0.0313075171181878
ITA,2004,C16,26656.9,3493579.5,0.0076302542993511
ITA,2004,C17_18,42747.5,3493579.5,0.0122360175287266
ITA,2004,C19,43581.4,3493579.5,0.0124747125405332
ITA,2004,C20,54873.9,3493579.5,0.0157070706420163
ITA,2004,C21,24591.2,3493579.5,0.0070389696298595
ITA,2004,C22,49841.7,3493579.5,0.0142666568772801
ITA,2004,C23,51859.6,3493579.5,0.014844259304819
ITA,2004,C24,54656.4,3493579.5,0.0156448135787377
ITA,2004,C25,100699.3,3493579.5,0.0288241043319609
ITA,2004,C26,29540.8,3493579.5,0.0084557400225184
ITA,2004,C27,49451.9,3493579.5,0.0141550807703102
ITA,2004,C28,120817.5,3493579.5,0.0345827252535687
ITA,2004,C29,58239.8,3493579.5,0.0166705237421962
ITA,2004,C30,25736.9,3493579.5,0.0073669140776673
ITA,2004,C31T33,72312.1,3493579.5,0.0206985700482842
ITA,2004,D,66126.9,3493579.5,0.0189281222883292
ITA,2004,E,34290.1,3493579.5,0.0098151766690868
ITA,2004,F,288314.0,3493579.5,0.0825268181245052
ITA,2004,G,378662.7,3493579.5,0.1083881732189005
ITA,2004,H49,91515.7,3493579.5,0.0261953964408137
ITA,2004,H50,12970.4,3493579.5,0.0037126391427474
ITA,2004,H51,13688.2,3493579.5,0.003918101763535
ITA,2004,H52,69245.4,3493579.5,0.0198207597680258
ITA,2004,H53,9597.4,3493579.5,0.0027471537430306
ITA,2004,I,101650.4,3493579.5,0.0290963465980951
ITA,2004,J58T60,35062.5,3493579.5,0.0100362679595526
ITA,2004,J61,59399.9,3493579.5,0.017002590036952
ITA,2004,J62_63,54098.6,3493579.5,0.0154851492573734
ITA,2004,K,139073.6,3493579.5,0.039808339841701
ITA,2004,L,230853.3,3493579.5,0.0660793034765632
ITA,2004,M,189845.8,3493579.5,0.0543413424540646
ITA,2004,N,101955.5,3493579.5,0.0291836782303079
ITA,2004,O,160689.1,3493579.5,0.0459955469740992
ITA,2004,P,88018.0,3493579.5,0.0251942169914839
ITA,2004,Q,137120.8,3493579.5,0.03924937159724
ITA,2004,R,36381.3,3493579.5,0.0104137604425489
ITA,2004,S,43180.6,3493579.5,0.0123599878004779
ITA,2004,T,16643.4,3493579.5,0.0047639963538828
ITA,2004,HFCE,709958.7127447933,3493579.5,0.2032181356527863
ITA,2005,A01_02,59880.5,3634228.8,0.0164768107060292
ITA,2005,A03,2722.6,3634228.8,0.000749154813808
ITA,2005,B05_06,10911.6,3634228.8,0.0030024526799193
ITA,2005,B07_08,1780.5,3634228.8,0.0004899251252425
ITA,2005,B09,327.9,3634228.8,9.022546956867436e-05
ITA,2005,C10T12,142601.2,3634228.8,0.0392383660599464
ITA,2005,C13T15,107653.7,3634228.8,0.0296221580765635
ITA,2005,C16,25757.6,3634228.8,0.007087500930046
ITA,2005,C17_18,42390.2,3634228.8,0.0116641527908204
ITA,2005,C19,59041.2,3634228.8,0.0162458676239646
ITA,2005,C20,59048.1,3634228.8,0.0162477662386033
ITA,2005,C21,24943.3,3634228.8,0.0068634368865273
ITA,2005,C22,49448.8,3634228.8,0.013606408050038
ITA,2005,C23,53471.9,3634228.8,0.0147134104490064
ITA,2005,C24,62394.0,3634228.8,0.017168429241439
ITA,2005,C25,105027.0,3634228.8,0.0288993912546177
ITA,2005,C26,29927.7,3634228.8,0.0082349520756645
ITA,2005,C27,50241.9,3634228.8,0.0138246386688697
ITA,2005,C28,124651.4,3634228.8,0.034299271416263
ITA,2005,C29,59598.5,3634228.8,0.0163992151512309
ITA,2005,C30,25940.9,3634228.8,0.0071379380406649
ITA,2005,C31T33,75158.2,3634228.8,0.0206806461937674
ITA,2005,D,73962.7,3634228.8,0.0203516905705001
ITA,2005,E,35740.5,3634228.8,0.0098344110860604
ITA,2005,F,308458.4,3634228.8,0.084875888936877
ITA,2005,G,383750.9,3634228.8,0.1055934893257133
ITA,2005,H49,96774.3,3634228.8,0.0266285655982914
ITA,2005,H50,14058.3,3634228.8,0.0038683035036209
ITA,2005,H51,14152.2,3634228.8,0.0038941411723994
ITA,2005,H52,72161.3,3634228.8,0.0198560145690331
ITA,2005,H53,9914.3,3634228.8,0.0027280340742443
ITA,2005,I,104437.1,3634228.8,0.0287370734610875
ITA,2005,J58T60,35455.6,3634228.8,0.0097560175627907
ITA,2005,J61,62269.2,3634228.8,0.0171340890810176
ITA,2005,J62_63,54573.7,3634228.8,0.0150165834358034
ITA,2005,K,150288.5,3634228.8,0.0413536153805175
ITA,2005,L,239740.9,3634228.8,0.0659674756856255
ITA,2005,M,194526.2,3634228.8,0.0535261291198837
ITA,2005,N,109098.2,3634228.8,0.0300196289237485
ITA,2005,O,165131.4,3634228.8,0.0454378106298645
ITA,2005,P,91445.7,3634228.8,0.0251623398064535
ITA,2005,Q,146390.0,3634228.8,0.0402808981096622
ITA,2005,R,36898.8,3634228.8,0.0101531306999713
ITA,2005,S,44494.2,3634228.8,0.0122430926748475
ITA,2005,T,17587.7,3634228.8,0.0048394586493838
ITA,2005,HFCE,730390.2781288634,3634228.8,0.2009753150734107
ITA,2006,A01_02,60638.0,3861611.2,0.0157027719414113
ITA,2006,A03,2968.6,3861611.2,0.0007687464755643
ITA,2006,B05_06,11066.1,3861611.2,0.0028656691279536
ITA,2006,B07_08,1805.4,3861611.2,0.0004675250579343
ITA,2006,B09,337.6,3861611.2,8.742464803292471e-05
ITA,2006,C10T12,145513.7,3861611.2,0.0376821208722411
ITA,2006,C13T15,110675.8,3861611.2,0.0286605238766657
ITA,2006,C16,27250.3,3861611.2,0.0070567176726647
ITA,2006,C17_18,44731.3,3861611.2,0.0115835845928766
ITA,2006,C19,67486.5,3861611.2,0.0174762544711906
ITA,2006,C20,65209.6,3861611.2,0.0168866301195728
ITA,2006,C21,27447.6,3861611.2,0.0071078103357479
ITA,2006,C22,52368.0,3861611.2,0.0135611788157233
ITA,2006,C23,55131.8,3861611.2,0.0142768904337132
ITA,2006,C24,74973.2,3861611.2,0.0194150048042122
ITA,2006,C25,117895.0,3861611.2,0.030530002606166
ITA,2006,C26,31607.5,3861611.2,0.0081850549843029
ITA,2006,C27,53617.5,3861611.2,0.013884748417966
ITA,2006,C28,137700.6,3861611.2,0.0356588462349601
ITA,2006,C29,70744.8,3861611.2,0.0183200214459705
ITA,2006,C30,29235.3,3861611.2,0.0075707518146829
ITA,2006,C31T33,81594.4,3861611.2,0.0211296258929433
ITA,2006,D,86665.4,3861611.2,0.0224428083282957
ITA,2006,E,38785.9,3861611.2,0.0100439681757707
ITA,2006,F,326358.0,3861611.2,0.0845134279701695
ITA,2006,G,400120.3,3861611.2,0.1036148589997874
ITA,2006,H49,101820.1,3861611.2,0.0263672583091741
ITA,2006,H50,14392.0,3861611.2,0.0037269417490813
ITA,2006,H51,14959.4,3861611.2,0.0038738752363262
ITA,2006,H52,75018.1,3861611.2,0.0194266320752332
ITA,2006,H53,9973.2,3861611.2,0.0025826525466882
ITA,2006,I,111233.9,3861611.2,0.0288050490427415
ITA,2006,J58T60,36786.1,3861611.2,0.0095261014366231
ITA,2006,J61,63467.4,3861611.2,0.0164354712872181
ITA,2006,J62_63,57049.6,3861611.2,0.0147735225130898
ITA,2006,K,161184.2,3861611.2,0.0417401420422646
ITA,2006,L,256734.0,3861611.2,0.0664836480689718
ITA,2006,M,199060.0,3861611.2,0.0515484313905035
ITA,2006,N,114861.2,3861611.2,0.029744371986491
ITA,2006,O,167959.4,3861611.2,0.0434946428578827
ITA,2006,P,94891.9,3861611.2,0.0245731367259345
ITA,2006,Q,155587.0,3861611.2,0.0402906952414059
ITA,2006,R,39552.2,3861611.2,0.0102424086609237
ITA,2006,S,46521.5,3861611.2,0.0120471734699754
ITA,2006,T,18631.8,3861611.2,0.0048248772429497
ITA,2006,HFCE,767039.4230136871,3861611.2,0.1986319655934515
ITA,2007,A01_02,68859.5,4430186.4,0.0155432511823881
ITA,2007,A03,3104.0,4430186.4,0.0007006477199243
ITA,2007,B05_06,11689.9,4430186.4,0.0026386925841314
ITA,2007,B07_08,1764.6,4430186.4,0.0003983128113977
ITA,2007,B09,362.0,4430186.4,8.171213743963459e-05
ITA,2007,C10T12,169716.5,4430186.4,0.0383091104247893
ITA,2007,C13T15,125280.1,4430186.4,0.0282787424023512
ITA,2007,C16,31423.1,4430186.4,0.0070929521159651
ITA,2007,C17_18,50875.9,4430186.4,0.0114839185999036
ITA,2007,C19,77326.5,4430186.4,0.0174544574467566
ITA,2007,C20,76782.5,4430186.4,0.0173316635164606
ITA,2007,C21,31882.0,4430186.4,0.0071965369222387
ITA,2007,C22,58493.5,4430186.4,0.0132033947826664
ITA,2007,C23,62625.5,4430186.4,0.0141360869149884
ITA,2007,C24,96989.4,4430186.4,0.0218928485717892
ITA,2007,C25,140577.9,4430186.4,0.0317318250988265
ITA,2007,C26,36360.7,4430186.4,0.0082074876127108
ITA,2007,C27,62011.4,4430186.4,0.0139974697227186
ITA,2007,C28,165044.5,4430186.4,0.0372545272587176
ITA,2007,C29,87842.0,4430186.4,0.019828059604896
ITA,2007,C30,35160.5,4430186.4,0.0079365735039952
ITA,2007,C31T33,94599.9,4430186.4,0.0213534807474466
ITA,2007,D,96377.2,4430186.4,0.0217546602553788
ITA,2007,E,44901.4,4430186.4,0.0101353297459447
ITA,2007,F,373676.5,4430186.4,0.0843478053203359
ITA,2007,G,453059.4,4430186.4,0.1022664418815424
ITA,2007,H49,116859.3,4430186.4,0.0263779645930925
ITA,2007,H50,17177.6,4430186.4,0.0038773989284062
ITA,2007,H51,16081.4,4430186.4,0.0036299601298943
ITA,2007,H52,84299.3,4430186.4,0.0190283867062568
ITA,2007,H53,12675.4,4430186.4,0.0028611437207247
ITA,2007,I,127555.1,4430186.4,0.0287922648130561
ITA,2007,J58T60,42114.9,4430186.4,0.0095063494393825
ITA,2007,J61,69152.6,4430186.4,0.0156094109268178
ITA,2007,J62_63,65707.8,4430186.4,0.0148318364211492
ITA,2007,K,191074.4,4430186.4,0.0431301039613141
ITA,2007,L,288455.1,4430186.4,0.0651112783877445
ITA,2007,M,224945.8,4430186.4,0.0507756964808523
ITA,2007,N,131617.1,4430186.4,0.029709156255818
ITA,2007,O,183926.1,4430186.4,0.0415165601158452
ITA,2007,P,108619.9,4430186.4,0.0245181331422081
ITA,2007,Q,173252.1,4430186.4,0.0391071806820588
ITA,2007,R,46508.1,4430186.4,0.0104980007161775
ITA,2007,S,51740.9,4430186.4,0.0116791699780397
ITA,2007,T,21637.1,4430186.4,0.0048840157154561
ITA,2007,HFCE,870415.2328426905,4430186.4,0.1964737268939046
ITA,2008,A01_02,78281.0,4840314.6,0.0161727091044867
ITA,2008,A03,2796.3,4840314.6,0.0005777103827094
ITA,2008,B05_06,13111.9,4840314.6,0.0027088941698128
ITA,2008,B07_08,2162.5,4840314.6,0.0004467684807099
ITA,2008,B09,426.4,4840314.6,8.809344747963283e-05
ITA,2008,C10T12,190539.3,4840314.6,0.0393650652377016
ITA,2008,C13T15,130094.5,4840314.6,0.0268772819022961
ITA,2008,C16,29952.7,4840314.6,0.0061881721489756
ITA,2008,C17_18,53142.4,4840314.6,0.0109791210678743
ITA,2008,C19,97342.2,4840314.6,0.0201107175967446
ITA,2008,C20,81102.3,4840314.6,0.0167555844407303
ITA,2008,C21,35210.6,4840314.6,0.0072744445164783
ITA,2008,C22,61223.9,4840314.6,0.0126487439473459
ITA,2008,C23,65430.6,4840314.6,0.0135178403486418
ITA,2008,C24,105499.6,4840314.6,0.021796021275146
ITA,2008,C25,147747.3,4840314.6,0.0305243175722503
ITA,2008,C26,36813.6,4840314.6,0.0076056213370924
ITA,2008,C27,63960.3,4840314.6,0.0132140791013873
ITA,2008,C28,179630.2,4840314.6,0.0371112654536959
ITA,2008,C29,88326.1,4840314.6,0.0182480080943499
ITA,2008,C30,40829.4,4840314.6,0.008435278153201
ITA,2008,C31T33,99031.7,4840314.6,0.0204597651565871
ITA,2008,D,123984.1,4840314.6,0.0256148846192766
ITA,2008,E,51903.6,4840314.6,0.0107231872903467
ITA,2008,F,406387.7,4840314.6,0.0839589434951191
ITA,2008,G,491320.9,4840314.6,0.1015059847556189
ITA,2008,H49,128970.3,4840314.6,0.0266450242717694
ITA,2008,H50,18966.8,4840314.6,0.0039185056277127
ITA,2008,H51,16635.1,4840314.6,0.0034367807414832
ITA,2008,H52,90601.4,4840314.6,0.0187180808454062
ITA,2008,H53,12506.8,4840314.6,0.0025838816344706
ITA,2008,I,140350.9,4840314.6,0.0289962350794305
ITA,2008,J58T60,44498.7,4840314.6,0.0091933487133253
ITA,2008,J61,72600.0,4840314.6,0.0149990250633708
ITA,2008,J62_63,71594.8,4840314.6,0.014791352611667
ITA,2008,K,204586.0,4840314.6,0.042267087350066
ITA,2008,L,321246.9,4840314.6,0.066369012460471
ITA,2008,M,245684.2,4840314.6,0.050757899083667
ITA,2008,N,141761.5,4840314.6,0.0292876624176453
ITA,2008,O,207098.8,4840314.6,0.0427862271596974
ITA,2008,P,114403.8,4840314.6,0.0236356124455216
ITA,2008,Q,200096.9,4840314.6,0.0413396476336476
ITA,2008,R,50891.5,4840314.6,0.0105140893114674
ITA,2008,S,56706.0,4840314.6,0.011715354204456
ITA,2008,T,24863.1,4840314.6,0.0051366702486652
ITA,2008,HFCE,946780.01977464,4840314.6,0.1956029923705042
ITA,2009,A01_02,68558.7,4189604.3,0.0163640036363338
ITA,2009,A03,2815.5,4189604.3,0.0006720205056119
ITA,2009,B05_06,9703.7,4189604.3,0.0023161375884591
ITA,2009,B07_08,1363.2,4189604.3,0.000325376790357
ITA,2009,B09,361.2,4189604.3,8.62133925153743e-05
ITA,2009,C10T12,167763.9,4189604.3,0.0400428985620432
ITA,2009,C13T15,103101.6,4189604.3,0.0246089111565977
ITA,2009,C16,24401.8,4189604.3,0.0058243686641241
ITA,2009,C17_18,43836.3,4189604.3,0.0104631122323413
ITA,2009,C19,55456.1,4189604.3,0.0132365961148168
ITA,2009,C20,57192.4,4189604.3,0.0136510266613961
ITA,2009,C21,30427.7,4189604.3,0.0072626667869325
ITA,2009,C22,45526.1,4189604.3,0.0108664438787214
ITA,2009,C23,50569.7,4189604.3,0.0120702807183962
ITA,2009,C24,57401.2,4189604.3,0.0137008643035811
ITA,2009,C25,103944.7,4189604.3,0.0248101473449413
ITA,2009,C26,29510.3,4189604.3,0.0070436962268727
ITA,2009,C27,48890.3,4189604.3,0.0116694314066843
ITA,2009,C28,128996.0,4189604.3,0.0307895425828162
ITA,2009,C29,61164.8,4189604.3,0.0145991830302446
ITA,2009,C30,33962.3,4189604.3,0.0081063264136901
ITA,2009,C31T33,78826.5,4189604.3,0.0188147840119411
ITA,2009,D,104964.1,4189604.3,0.0250534638796317
ITA,2009,E,45775.8,4189604.3,0.0109260437793612
ITA,2009,F,357813.4,4189604.3,0.0854050584204336
ITA,2009,G,442841.9,4189604.3,0.1057001731643248
ITA,2009,H49,114994.7,4189604.3,0.0274476279299216
ITA,2009,H50,14717.7,4189604.3,0.0035129093217705
ITA,2009,H51,11507.6,4189604.3,0.0027467033103818
ITA,2009,H52,79333.5,4189604.3,0.0189357978270167
ITA,2009,H53,11005.6,4189604.3,0.0026268829254352
ITA,2009,I,132937.5,4189604.3,0.0317303235534678
ITA,2009,J58T60,40077.8,4189604.3,0.0095660108044093
ITA,2009,J61,69192.7,4189604.3,0.0165153305766847
ITA,2009,J62_63,69644.0,4189604.3,0.0166230495801238
ITA,2009,K,184726.2,4189604.3,0.0440915625373021
ITA,2009,L,312942.4,4189604.3,0.0746949777572072
ITA,2009,M,228502.4,4189604.3,0.0545403297394935
ITA,2009,N,128153.6,4189604.3,0.0305884734746906
ITA,2009,O,200528.5,4189604.3,0.0478633507226446
ITA,2009,P,110261.5,4189604.3,0.0263178792326521
ITA,2009,Q,195668.3,4189604.3,0.0467032889000997
ITA,2009,R,50722.1,4189604.3,0.0121066564687266
ITA,2009,S,54761.6,4189604.3,0.0130708286699056
ITA,2009,T,24757.4,4189604.3,0.0059092454148951
ITA,2009,HFCE,865308.3205826127,4189604.3,0.206537004122946
ITA,2010,A01_02,66189.5,4167818.8,0.0158810886884045
ITA,2010,A03,2769.2,4167818.8,0.0006644242787138
ITA,2010,B05_06,10239.6,4167818.8,0.0024568246585
ITA,2010,B07_08,1356.8,4167818.8,0.0003255419837349
ITA,2010,B09,238.4,4167818.8,5.720018346287032e-05
ITA,2010,C10T12,164237.9,4167818.8,0.0394061997129049
ITA,2010,C13T15,107398.9,4167818.8,0.0257686106699264
ITA,2010,C16,23917.5,4167818.8,0.0057386132045855
ITA,2010,C17_18,46356.8,4167818.8,0.0111225564796626
ITA,2010,C19,73484.2,4167818.8,0.0176313327249255
ITA,2010,C20,66137.4,4167818.8,0.0158685881449548
ITA,2010,C21,31020.6,4167818.8,0.0074428859527194
ITA,2010,C22,51467.0,4167818.8,0.0123486654458202
ITA,2010,C23,48628.5,4167818.8,0.0116676137647826
ITA,2010,C24,73759.3,4167818.8,0.017697338473544
ITA,2010,C25,111818.2,4167818.8,0.0268289494735231
ITA,2010,C26,30702.1,4167818.8,0.0073664670834538
ITA,2010,C27,56216.0,4167818.8,0.0134881103756238
ITA,2010,C28,135823.3,4167818.8,0.0325885808663274
ITA,2010,C29,64883.5,4167818.8,0.0155677353343672
ITA,2010,C30,30521.2,4167818.8,0.0073230630851801
ITA,2010,C31T33,77760.8,4167818.8,0.0186574329958874
ITA,2010,D,104041.7,4167818.8,0.0249631054017991
ITA,2010,E,46832.7,4167818.8,0.0112367409062985
ITA,2010,F,336065.2,4167818.8,0.0806333519105965
ITA,2010,G,432036.0,4167818.8,0.1036599767725026
ITA,2010,H49,117719.8,4167818.8,0.0282449419346157
ITA,2010,H50,16014.1,4167818.8,0.003842321551983
ITA,2010,H51,11827.8,4167818.8,0.0028378872901096
ITA,2010,H52,79770.4,4167818.8,0.01913960366991
ITA,2010,H53,10724.7,4167818.8,0.0025732164747661
ITA,2010,I,129499.2,4167818.8,0.0310712164358009
ITA,2010,J58T60,38582.7,4167818.8,0.0092572882487117
ITA,2010,J61,64903.9,4167818.8,0.0155726299809387
ITA,2010,J62_63,66707.9,4167818.8,0.0160054702953976
ITA,2010,K,177647.4,4167818.8,0.0426235900658637
ITA,2010,L,291195.2,4167818.8,0.0698675287898792
ITA,2010,M,220723.0,4167818.8,0.0529588762352144
ITA,2010,N,127361.0,4167818.8,0.0305581902936855
ITA,2010,O,195277.2,4167818.8,0.0468535724249816
ITA,2010,P,104029.6,4167818.8,0.024960202204568
ITA,2010,Q,191629.6,4167818.8,0.0459783904233072
ITA,2010,R,52534.7,4167818.8,0.0126048426097602
ITA,2010,S,53898.8,4167818.8,0.0129321361091801
ITA,2010,T,23869.5,4167818.8,0.0057270963891232
ITA,2010,HFCE,840032.2379702324,4167818.8,0.201552005564693
ITA,2011,A01_02,75548.2,4514262.7,0.0167354460784925
ITA,2011,A03,2916.4,4514262.7,0.0006460412682673
ITA,2011,B05_06,12232.1,4514262.7,0.002709656219165
ITA,2011,B07_08,2018.4,4514262.7,0.0004471162034943
ITA,2011,B09,277.1,4514262.7,6.138322433029873e-05
ITA,2011,C10T12,176591.3,4514262.7,0.0391185253795708
ITA,2011,C13T15,121318.4,4514262.7,0.0268744661226738
ITA,2011,C16,25310.8,4514262.7,0.0056068513691061
ITA,2011,C17_18,49343.2,4514262.7,0.0109305114210566
ITA,2011,C19,92855.6,4514262.7,0.0205693833458119
ITA,2011,C20,73702.7,4514262.7,0.016326630703171
ITA,2011,C21,33630.1,4514262.7,0.0074497436757501
ITA,2011,C22,57599.3,4514262.7,0.0127594036563268
ITA,2011,C23,50252.9,4514262.7,0.0111320282711947
ITA,2011,C24,92862.5,4514262.7,0.0205709118346169
ITA,2011,C25,121347.2,4514262.7,0.026880845902034
ITA,2011,C26,33566.6,4514262.7,0.0074356771483414
ITA,2011,C27,59396.7,4514262.7,0.0131575639140362
ITA,2011,C28,154020.7,4514262.7,0.034118683434174
ITA,2011,C29,69807.4,4514262.7,0.0154637433926917
ITA,2011,C30,32070.5,4514262.7,0.0071042609017858
ITA,2011,C31T33,83901.9,4514262.7,0.01858595867715
ITA,2011,D,112595.6,4514262.7,0.0249421904489519
ITA,2011,E,51930.3,4514262.7,0.0115036061149033
ITA,2011,F,354553.8,4514262.7,0.0785407991431247
ITA,2011,G,463987.0,4514262.7,0.1027824543751075
ITA,2011,H49,128824.1,4514262.7,0.028537129662392
ITA,2011,H50,17139.8,4514262.7,0.0037968104957649
ITA,2011,H51,13525.3,4514262.7,0.0029961260340475
ITA,2011,H52,87213.0,4514262.7,0.0193194339354685
ITA,2011,H53,10577.4,4514262.7,0.002343106882105
ITA,2011,I,139061.5,4514262.7,0.0308049197048279
ITA,2011,J58T60,39790.6,4514262.7,0.0088144183545188
ITA,2011,J61,66335.4,4514262.7,0.0146946255476004
ITA,2011,J62_63,71780.6,4514262.7,0.0159008468869124
ITA,2011,K,188403.8,4514262.7,0.0417352317577796
ITA,2011,L,317227.4,4514262.7,0.0702722506601133
ITA,2011,M,230191.1,4514262.7,0.050991959329261
ITA,2011,N,143088.9,4514262.7,0.0316970698227198
ITA,2011,O,206125.2,4514262.7,0.0456608783534019
ITA,2011,P,106080.1,4514262.7,0.023498876128764
ITA,2011,Q,204474.9,4514262.7,0.0452953037048552
ITA,2011,R,56621.1,4514262.7,0.0125427126781965
ITA,2011,S,59014.8,4514262.7,0.0130729653814785
ITA,2011,T,25151.0,4514262.7,0.0055714524544617
ITA,2011,HFCE,899104.7000000001,4514262.7,0.1991697780459254
ITA,2012,A01_02,72169.3,4059361.3,0.0177784864825902
ITA,2012,A03,2463.1,4059361.3,0.0006067703310863
ITA,2012,B05_06,13177.2,4059361.3,0.0032461264288054
ITA,2012,B07_08,1910.3,4059361.3,0.0004705912725728
ITA,2012,B09,463.3,4059361.3,0.0001141312550819
ITA,2012,C10T12,163952.6,4059361.3,0.0403887675630153
ITA,2012,C13T15,105810.4,4059361.3,0.0260657754213698
ITA,2012,C16,20869.2,4059361.3,0.0051410058030557
ITA,2012,C17_18,42941.0,4059361.3,0.0105782651078631
ITA,2012,C19,86426.9,4059361.3,0.0212907631552776
ITA,2012,C20,66454.8,4059361.3,0.0163707527092993
ITA,2012,C21,32469.0,4059361.3,0.0079985489342867
ITA,2012,C22,50382.4,4059361.3,0.0124114106325051
ITA,2012,C23,41898.8,4059361.3,0.0103215252113676
ITA,2012,C24,74642.8,4059361.3,0.0183878187930697
ITA,2012,C25,106013.1,4059361.3,0.0261157093851192
ITA,2012,C26,29006.8,4059361.3,0.0071456561405361
ITA,2012,C27,50846.1,4059361.3,0.012525640425256
ITA,2012,C28,142304.7,4059361.3,0.0350559335528966
ITA,2012,C29,58354.5,4059361.3,0.0143752910094501
ITA,2012,C30,28941.1,4059361.3,0.0071294713284082
ITA,2012,C31T33,75233.3,4059361.3,0.0185332850268834
ITA,2012,D,111854.8,4059361.3,0.0275547781371419
ITA,2012,E,47118.4,4059361.3,0.0116073432537281
ITA,2012,F,290600.4,4059361.3,0.071587715042758
ITA,2012,G,423687.7,4059361.3,0.1043729958207957
ITA,2012,H49,114171.5,4059361.3,0.028125483681386
ITA,2012,H50,15575.9,4059361.3,0.0038370321951879
ITA,2012,H51,12656.9,4059361.3,0.0031179535558956
ITA,2012,H52,81456.8,4059361.3,0.0200664079839358
ITA,2012,H53,8825.8,4059361.3,0.0021741843969394
ITA,2012,I,128269.2,4059361.3,0.0315983699209035
ITA,2012,J58T60,33238.3,4059361.3,0.008188061506129
ITA,2012,J61,58388.8,4059361.3,0.0143837406145641
ITA,2012,J62_63,63477.1,4059361.3,0.015637213667086
ITA,2012,K,169672.5,4059361.3,0.0417978315948373
ITA,2012,L,295837.0,4059361.3,0.0728777209360497
ITA,2012,M,205464.5,4059361.3,0.0506149822140739
ITA,2012,N,129458.1,4059361.3,0.031891248507493
ITA,2012,O,187308.5,4059361.3,0.0461423574196265
ITA,2012,P,97516.4,4059361.3,0.024022596855323
ITA,2012,Q,188944.2,4059361.3,0.046545302582453
ITA,2012,R,51631.9,4059361.3,0.0127192176759432
ITA,2012,S,53757.7,4059361.3,0.0132428961176725
ITA,2012,T,23718.2,4059361.3,0.0058428403502787
ITA,2012,HFCE,818909.8,4059361.3,0.2017336569671687
ITA,2013,A01_02,78575.4,4126975.5,0.0190394636459557
ITA,2013,A03,2262.8,4126975.5,0.0005482949923012
ITA,2013,B05_06,13338.6,4126975.5,0.0032320521408474
ITA,2013,B07_08,2301.5,4126975.5,0.0005576723195957
ITA,2013,B09,578.8,4126975.5,0.0001402479854799
ITA,2013,C10T12,172137.5,4126975.5,0.0417103275752424
ITA,2013,C13T15,108767.4,4126975.5,0.0263552327848808
ITA,2013,C16,19390.5,4126975.5,0.0046984771293166
ITA,2013,C17_18,43243.4,4126975.5,0.01047823036507
ITA,2013,C19,76243.3,4126975.5,0.0184743766954759
ITA,2013,C20,68018.2,4126975.5,0.0164813675293202
ITA,2013,C21,34346.6,4126975.5,0.0083224627817635
ITA,2013,C22,52925.4,4126975.5,0.0128242583460938
ITA,2013,C23,40724.9,4126975.5,0.0098679771663291
ITA,2013,C24,73106.8,4126975.5,0.0177143770298612
ITA,2013,C25,105606.8,4126975.5,0.0255893934916744
ITA,2013,C26,28626.5,4126975.5,0.0069364356536645
ITA,2013,C27,51140.2,4126975.5,0.0123916897495514
ITA,2013,C28,147239.4,4126975.5,0.0356773138100771
ITA,2013,C29,62317.1,4126975.5,0.0150999442569988
ITA,2013,C30,29031.9,4126975.5,0.0070346673974681
ITA,2013,C31T33,75108.8,4126975.5,0.0181994780439089
ITA,2013,D,119182.0,4126975.5,0.0288787757523639
ITA,2013,E,48899.3,4126975.5,0.0118487013068044
ITA,2013,F,274645.3,4126975.5,0.0665488079587581
ITA,2013,G,422393.4,4126975.5,0.1023493839495776
ITA,2013,H49,116544.6,4126975.5,0.0282397121087828
ITA,2013,H50,16657.2,4126975.5,0.0040361761294681
ITA,2013,H51,15714.3,4126975.5,0.003807703728796
ITA,2013,H52,85145.6,4126975.5,0.0206314769738759
ITA,2013,H53,9124.2,4126975.5,0.0022108684677192
ITA,2013,I,131708.2,4126975.5,0.0319139767124859
ITA,2013,J58T60,32294.0,4126975.5,0.0078251009728553
ITA,2013,J61,56203.8,4126975.5,0.0136186415451218
ITA,2013,J62_63,66334.9,4126975.5,0.016073490138238
ITA,2013,K,183678.5,4126975.5,0.044506806497882
ITA,2013,L,306212.5,4126975.5,0.0741977993327074
ITA,2013,M,205959.2,4126975.5,0.0499056027834427
ITA,2013,N,128950.9,4126975.5,0.0312458603158657
ITA,2013,O,194492.3,4126975.5,0.047127078898336
ITA,2013,P,100185.4,4126975.5,0.0242757438225644
ITA,2013,Q,194758.2,4126975.5,0.0471915086484036
ITA,2013,R,52163.4,4126975.5,0.0126396194985892
ITA,2013,S,55774.9,4126975.5,0.0135147155586457
ITA,2013,T,24921.6,4126975.5,0.0060387080078377
ITA,2013,HFCE,838738.7,4126975.5,0.2032332636818415
ITA,2014,A01_02,74981.9,4139932.0,0.0181118675379209
ITA,2014,A03,2264.2,4139932.0,0.0005469171957413
ITA,2014,B05_06,12367.6,4139932.0,0.0029873920634445
ITA,2014,B07_08,2245.6,4139932.0,0.0005424243683229
ITA,2014,B09,644.6,4139932.0,0.000155703040533
ITA,2014,C10T12,173103.9,4139932.0,0.041813223019122
ITA,2014,C13T15,110302.4,4139932.0,0.026643529410628
ITA,2014,C16,19134.2,4139932.0,0.0046218633542773
ITA,2014,C17_18,43016.8,4139932.0,0.0103907020695025
ITA,2014,C19,72830.6,4139932.0,0.0175922213215096
ITA,2014,C20,66617.1,4139932.0,0.0160913512589095
ITA,2014,C21,32481.8,4139932.0,0.0078459742817031
ITA,2014,C22,54002.2,4139932.0,0.0130442239147889
ITA,2014,C23,39079.5,4139932.0,0.0094396478009783
ITA,2014,C24,72569.2,4139932.0,0.0175290801877905
ITA,2014,C25,104794.9,4139932.0,0.0253131935500389
ITA,2014,C26,27673.6,4139932.0,0.0066845542390551
ITA,2014,C27,51857.5,4139932.0,0.0125261719274616
ITA,2014,C28,150306.6,4139932.0,0.036306538368263
ITA,2014,C29,67931.7,4139932.0,0.0164088927064502
ITA,2014,C30,32127.2,4139932.0,0.0077603207009197
ITA,2014,C31T33,76818.0,4139932.0,0.0185553772380802
ITA,2014,D,114603.9,4139932.0,0.0276825561386032
ITA,2014,E,49096.8,4139932.0,0.0118593252256317
ITA,2014,F,255194.3,4139932.0,0.0616421477454219
ITA,2014,G,432752.2,4139932.0,0.104531233846353
ITA,2014,H49,118522.3,4139932.0,0.0286290451147506
ITA,2014,H50,15933.6,4139932.0,0.0038487588685031
ITA,2014,H51,15685.8,4139932.0,0.0037889028128964
ITA,2014,H52,87383.9,4139932.0,0.0211075689165909
ITA,2014,H53,8648.6,4139932.0,0.0020890681296214
ITA,2014,I,135073.9,4139932.0,0.0326270817974788
ITA,2014,J58T60,31345.2,4139932.0,0.007571428709457
ITA,2014,J61,51047.1,4139932.0,0.0123304199199407
ITA,2014,J62_63,69019.1,4139932.0,0.016671554025525
ITA,2014,K,192496.7,4139932.0,0.0464975511675071
ITA,2014,L,309414.1,4139932.0,0.0747389329100091
ITA,2014,M,208472.5,4139932.0,0.0503565034401531
ITA,2014,N,132612.1,4139932.0,0.0320324343491632
ITA,2014,O,191616.6,4139932.0,0.0462849631346601
ITA,2014,P,100533.8,4139932.0,0.0242839254364564
ITA,2014,Q,200109.8,4139932.0,0.0483364944158503
ITA,2014,R,51513.2,4139932.0,0.0124430063102485
ITA,2014,S,56521.5,4139932.0,0.0136527604801238
ITA,2014,T,25183.9,4139932.0,0.0060831675496119
ITA,2014,HFCE,841943.5,4139932.0,0.2033713355678305
ITA,2015,A01_02,63811.5,3492691.4,0.0182700080516704
ITA,2015,A03,1967.3,3492691.4,0.0005632619016956
ITA,2015,B05_06,8904.2,3492691.4,0.0025493806867678
ITA,2015,B07_08,1491.0,3492691.4,0.0004268914224715
ITA,2015,B09,706.0,3492691.4,0.00020213638113
ITA,2015,C10T12,148651.1,3492691.4,0.0425606167209619
ITA,2015,C13T15,91537.6,3492691.4,0.0262083274806357
ITA,2015,C16,15584.1,3492691.4,0.0044619172481141
ITA,2015,C17_18,36991.7,3492691.4,0.0105911733283965
ITA,2015,C19,46602.2,3492691.4,0.0133427762899407
ITA,2015,C20,55905.9,3492691.4,0.0160065386824613
ITA,2015,C21,27721.4,3492691.4,0.0079369737618387
ITA,2015,C22,46323.5,3492691.4,0.0132629810924606
ITA,2015,C23,32873.8,3492691.4,0.0094121685070716
ITA,2015,C24,58050.8,3492691.4,0.0166206496228095
ITA,2015,C25,89243.0,3492691.4,0.0255513556107476
ITA,2015,C26,23614.9,3492691.4,0.006761232899076
ITA,2015,C27,43375.0,3492691.4,0.0124187897046959
ITA,2015,C28,126354.7,3492691.4,0.0361768863976931
ITA,2015,C29,65063.0,3492691.4,0.0186283277131211
ITA,2015,C30,28105.2,3492691.4,0.0080468603667647
ITA,2015,C31T33,66601.4,3492691.4,0.0190687903317195
ITA,2015,D,94799.8,3492691.4,0.0271423349912906
ITA,2015,E,41440.7,3492691.4,0.0118649761041012
ITA,2015,F,207177.6,3492691.4,0.0593174650357028
ITA,2015,G,368408.0,3492691.4,0.1054796882427116
ITA,2015,H49,100855.3,3492691.4,0.0288760982433203
ITA,2015,H50,13631.3,3492691.4,0.0039028068726598
ITA,2015,H51,13296.4,3492691.4,0.0038069209320926
ITA,2015,H52,74387.6,3492691.4,0.0212980740296723
ITA,2015,H53,7526.5,3492691.4,0.0021549284314096
ITA,2015,I,116129.9,3492691.4,0.0332494018795934
ITA,2015,J58T60,26590.1,3492691.4,0.0076130688213679
ITA,2015,J61,43400.4,3492691.4,0.0124260620334221
ITA,2015,J62_63,60503.1,3492691.4,0.017322772919474
ITA,2015,K,159898.6,3492691.4,0.0457809126795456
ITA,2015,L,265706.2,3492691.4,0.0760749146059683
ITA,2015,M,180918.9,3492691.4,0.051799280062361
ITA,2015,N,113443.9,3492691.4,0.0324803674324047
ITA,2015,O,158101.6,3492691.4,0.0452664097377741
ITA,2015,P,83305.4,3492691.4,0.0238513485617423
ITA,2015,Q,170352.3,3492691.4,0.0487739340498275
ITA,2015,R,44752.2,3492691.4,0.0128130988039767
ITA,2015,S,47681.2,3492691.4,0.0136517071047273
ITA,2015,T,20905.1,3492691.4,0.0059853842226083
ITA,2015,HFCE,716583.2,3492691.4,0.2051664799243357
ITA,2016,A01_02,61565.7,3498205.4,0.0175992238763338
ITA,2016,A03,1903.5,3498205.4,0.0005441361447786
ITA,2016,B05_06,7802.9,3498205.4,0.0022305436953473
ITA,2016,B07_08,1337.9,3498205.4,0.0003824532430256
ITA,2016,B09,715.2,3498205.4,0.0002044476862336
ITA,2016,C10T12,150175.7,3498205.4,0.042929354577064
ITA,2016,C13T15,89808.9,3498205.4,0.0256728492843787
ITA,2016,C16,15838.9,3498205.4,0.0045277215568874
ITA,2016,C17_18,37541.3,3498205.4,0.0107315882595115
ITA,2016,C19,39083.7,3498205.4,0.0111725000481675
ITA,2016,C20,55304.9,3498205.4,0.0158095062113848
ITA,2016,C21,27576.7,3498205.4,0.0078830991456362
ITA,2016,C22,46439.8,3498205.4,0.0132753211117906
ITA,2016,C23,32636.3,3498205.4,0.0093294407469612
ITA,2016,C24,56051.3,3498205.4,0.0160228727564139
ITA,2016,C25,88768.6,3498205.4,0.0253754682329402
ITA,2016,C26,23831.2,3498205.4,0.0068124072988967
ITA,2016,C27,43490.7,3498205.4,0.0124322888530216
ITA,2016,C28,128085.5,3498205.4,0.0366146310333864
ITA,2016,C29,70958.0,3498205.4,0.020284114820702
ITA,2016,C30,27276.2,3498205.4,0.0077971979575584
ITA,2016,C31T33,67725.6,3498205.4,0.0193600981806271
ITA,2016,D,91358.6,3498205.4,0.0261158478573042
ITA,2016,E,42775.9,3498205.4,0.0122279555111315
ITA,2016,F,203912.2,3498205.4,0.0582905166174633
ITA,2016,G,371002.1,3498205.4,0.1060549789329122
ITA,2016,H49,102292.4,3498205.4,0.0292413933155554
ITA,2016,H50,12793.5,3498205.4,0.0036571608974132
ITA,2016,H51,11309.1,3498205.4,0.0032328290385693
ITA,2016,H52,74344.2,3498205.4,0.0212520968608647
ITA,2016,H53,7594.2,3498205.4,0.0021708845341099
ITA,2016,I,120563.2,3498205.4,0.0344642998950261
ITA,2016,J58T60,27403.0,3498205.4,0.0078334451144578
ITA,2016,J61,42953.3,3498205.4,0.0122786672274875
ITA,2016,J62_63,63838.0,3498205.4,0.0182487855058482
ITA,2016,K,155846.7,3498205.4,0.0445504715074763
ITA,2016,L,268161.4,3498205.4,0.0766568481084615
ITA,2016,M,183374.4,3498205.4,0.05241956347103
ITA,2016,N,112300.0,3498205.4,0.0321021744463604
ITA,2016,O,160677.5,3498205.4,0.0459314081443016
ITA,2016,P,83135.2,3498205.4,0.0237650996708197
ITA,2016,Q,173160.2,3498205.4,0.0494997234867912
ITA,2016,R,47650.3,3498205.4,0.0136213556814016
ITA,2016,S,47430.1,3498205.4,0.0135584091202877
ITA,2016,T,20411.4,3498205.4,0.0058348203338774
ITA,2016,HFCE,732297.1999999998,3498205.4,0.2093351065091832
ITA,2017,A01_02,65461.6,3706527.7,0.0176611657320138
ITA,2017,A03,1893.0,3706527.7,0.000510720586278
ITA,2017,B05_06,4817.3,3706527.7,0.001299680021277
ITA,2017,B07_08,4127.1,3706527.7,0.0011134680040297
ITA,2017,B09,1025.8,3706527.7,0.0002767549801394
ITA,2017,C10T12,158365.7,3706527.7,0.0427261611993348
ITA,2017,C13T15,93749.1,3706527.7,0.0252929716402766
ITA,2017,C16,16416.0,3706527.7,0.004428943023952
ITA,2017,C17_18,39576.8,3706527.7,0.0106775945583787
ITA,2017,C19,49811.4,3706527.7,0.0134388311734457
ITA,2017,C20,59487.5,3706527.7,0.0160493876789319
ITA,2017,C21,30630.5,3706527.7,0.0082639339239256
ITA,2017,C22,50346.9,3706527.7,0.0135833060144134
ITA,2017,C23,34039.7,3706527.7,0.0091837166089437
ITA,2017,C24,67007.4,3706527.7,0.0180782137416644
ITA,2017,C25,97225.4,3706527.7,0.0262308575219874
ITA,2017,C26,25066.7,3706527.7,0.0067628524670138
ITA,2017,C27,44886.3,3706527.7,0.0121100673279738
ITA,2017,C28,141147.3,3706527.7,0.0380807352390756
ITA,2017,C29,78264.4,3706527.7,0.0211152880362933
ITA,2017,C30,30976.4,3706527.7,0.0083572557679792
ITA,2017,C31T33,71378.2,3706527.7,0.0192574306135632
ITA,2017,D,96076.6,3706527.7,0.0259209178444828
ITA,2017,E,46259.5,3706527.7,0.0124805488435982
ITA,2017,F,208131.0,3706527.7,0.0561525548561258
ITA,2017,G,396399.2,3706527.7,0.1069462397380707
ITA,2017,H49,106800.6,3706527.7,0.0288141917838628
ITA,2017,H50,13978.5,3706527.7,0.0037713194481185
ITA,2017,H51,12227.9,3706527.7,0.0032990175683834
ITA,2017,H52,79085.3,3706527.7,0.0213367621669197
ITA,2017,H53,8031.9,3706527.7,0.0021669607379434
ITA,2017,I,129995.9,3706527.7,0.035072151221209
ITA,2017,J58T60,27205.9,3706527.7,0.0073399964068796
ITA,2017,J61,44168.5,3706527.7,0.0119164089883909
ITA,2017,J62_63,69025.2,3706527.7,0.0186226046550252
ITA,2017,K,157741.7,3706527.7,0.0425578095639215
ITA,2017,L,277833.1,3706527.7,0.0749577832643743
ITA,2017,M,192210.7,3706527.7,0.0518573488604982
ITA,2017,N,122312.2,3706527.7,0.0329991328541804
ITA,2017,O,165719.8,3706527.7,0.0447102553691963
ITA,2017,P,86600.5,3706527.7,0.0233643201965008
ITA,2017,Q,180321.9,3706527.7,0.0486498185350132
ITA,2017,R,50713.7,3706527.7,0.0136822665590763
ITA,2017,S,49536.7,3706527.7,0.0133647186826635
ITA,2017,T,20450.9,3706527.7,0.0055175359946723
ITA,2017,HFCE,766164.1,3706527.7,0.206706697484009
ITA,2018,A01_02,69917.9,3975520.8,0.0175871045625015
ITA,2018,A03,2052.9,3975520.8,0.0005163851739877
ITA,2018,B05_06,6868.5,3975520.8,0.0017276981672438
ITA,2018,B07_08,3809.6,3975520.8,0.0009582643863918
ITA,2018,B09,576.7,3975520.8,0.0001450627550483
ITA,2018,C10T12,167432.2,3975520.8,0.0421157902129451
ITA,2018,C13T15,101854.3,3975520.8,0.0256203665190231
ITA,2018,C16,17521.5,3975520.8,0.0044073470826765
ITA,2018,C17_18,41970.3,3975520.8,0.0105571828475906
ITA,2018,C19,58781.1,3975520.8,0.014785760899553
ITA,2018,C20,64077.1,3975520.8,0.0161179134064648
ITA,2018,C21,30874.8,3975520.8,0.0077662277606496
ITA,2018,C22,54106.7,3975520.8,0.0136099652654313
ITA,2018,C23,36708.4,3975520.8,0.0092336078332177
ITA,2018,C24,76708.8,3975520.8,0.0192952832745838
ITA,2018,C25,110332.4,3975520.8,0.0277529424572498
ITA,2018,C26,26811.7,3975520.8,0.0067441981438004
ITA,2018,C27,46566.7,3975520.8,0.0117133584108024
ITA,2018,C28,153460.6,3975520.8,0.0386013827421051
ITA,2018,C29,79864.5,3975520.8,0.0200890660665138
ITA,2018,C30,33653.7,3975520.8,0.0084652305177223
ITA,2018,C31T33,76121.6,3975520.8,0.0191475793561437
ITA,2018,D,102665.1,3975520.8,0.0258243146407383
ITA,2018,E,51390.9,3975520.8,0.012926834642646
ITA,2018,F,221167.4,3975520.8,0.0556323086021836
ITA,2018,G,422810.5,3975520.8,0.106353487070172
ITA,2018,H49,113108.8,3975520.8,0.028451316365896
ITA,2018,H50,14796.5,3975520.8,0.0037219022976813
ITA,2018,H51,12164.1,3975520.8,0.0030597500584074
ITA,2018,H52,86199.0,3975520.8,0.0216824422098357
ITA,2018,H53,8178.9,3975520.8,0.0020573153585311
ITA,2018,I,141512.3,3975520.8,0.0355959148798819
ITA,2018,J58T60,28663.1,3975520.8,0.0072098981346041
ITA,2018,J61,45305.5,3975520.8,0.0113961169565507
ITA,2018,J62_63,74777.9,3975520.8,0.0188095859038141
ITA,2018,K,162990.9,3975520.8,0.0409986284061197
ITA,2018,L,294314.5,3975520.8,0.0740316841003573
ITA,2018,M,209887.9,3975520.8,0.0527950702710447
ITA,2018,N,135567.4,3975520.8,0.0341005384753615
ITA,2018,O,177134.0,3975520.8,0.0445561748790246
ITA,2018,P,93720.8,3975520.8,0.023574471047919
ITA,2018,Q,192497.7,3975520.8,0.0484207503077332
ITA,2018,R,53415.5,3975520.8,0.0134361012524447
ITA,2018,S,51853.8,3975520.8,0.0130432722173155
ITA,2018,T,21326.3,3975520.8,0.0053644040800893
ITA,2018,HFCE,827866.9999999999,3975520.8,0.2082411441539935
ITA,2019,A01_02,66709.6,3808151.7,0.0175175794598728
ITA,2019,A03,1788.5,3808151.7,0.0004696504080969
ITA,2019,B05_06,5587.0,3808151.7,0.0014671159239796
ITA,2019,B07_08,3717.4,3808151.7,0.0009761690953645
ITA,2019,B09,580.7,3808151.7,0.0001524886731796
ITA,2019,C10T12,160978.8,3808151.7,0.0422721605339409
ITA,2019,C13T15,95997.1,3808151.7,0.025208318250557
ITA,2019,C16,16005.2,3808151.7,0.0042028787876281
ITA,2019,C17_18,39959.9,3808151.7,0.0104932531968198
ITA,2019,C19,55913.9,3808151.7,0.0146826871419014
ITA,2019,C20,57337.0,3808151.7,0.0150563854901053
ITA,2019,C21,29723.8,3808151.7,0.0078053088063692
ITA,2019,C22,50671.3,3808151.7,0.013306008791614
ITA,2019,C23,35427.6,3808151.7,0.0093030957774082
ITA,2019,C24,69210.2,3808151.7,0.0181742234690913
ITA,2019,C25,102644.8,3808151.7,0.0269539682465905
ITA,2019,C26,26110.5,3808151.7,0.0068564758068855
ITA,2019,C27,44216.5,3808151.7,0.0116110132902531
ITA,2019,C28,145262.1,3808151.7,0.0381450402829278
ITA,2019,C29,70377.6,3808151.7,0.0184807763829366
ITA,2019,C30,34082.5,3808151.7,0.0089498798065213
ITA,2019,C31T33,74133.9,3808151.7,0.0194671604075016
ITA,2019,D,104482.4,3808151.7,0.027436512048614
ITA,2019,E,50032.1,3808151.7,0.0131381583354465
ITA,2019,F,216240.8,3808151.7,0.0567836622684962
ITA,2019,G,417608.3,3808151.7,0.1096616765555846
ITA,2019,H49,108946.5,3808151.7,0.0286087605176022
ITA,2019,H50,14311.5,3808151.7,0.0037581223458088
ITA,2019,H51,12243.9,3808151.7,0.0032151817901582
ITA,2019,H52,83559.2,3808151.7,0.0219421931116872
ITA,2019,H53,7986.4,3808151.7,0.002097185361602
ITA,2019,I,137089.0,3808151.7,0.0359988285130552
ITA,2019,J58T60,26698.2,3808151.7,0.0070108026421321
ITA,2019,J61,42846.9,3808151.7,0.011251363752132
ITA,2019,J62_63,71830.6,3808151.7,0.0188623263091121
ITA,2019,K,153848.3,3808151.7,0.0403997298742064
ITA,2019,L,276307.5,3808151.7,0.0725568521863244
ITA,2019,M,202713.0,3808151.7,0.0532313352958076
ITA,2019,N,132060.9,3808151.7,0.0346784767003898
ITA,2019,O,167171.3,3808151.7,0.0438982774767087
ITA,2019,P,90048.1,3808151.7,0.0236461430882598
ITA,2019,Q,186152.7,3808151.7,0.0488826902562731
ITA,2019,R,51191.6,3808151.7,0.013442636752102
ITA,2019,S,48166.7,3808151.7,0.0126483144040716
ITA,2019,T,20179.9,3808151.7,0.0052991323848784
ITA,2019,HFCE,800510.2999999999,3808151.7,0.2102096668050277
ITA,2020,A01_02,67690.6,3582362.9,0.0188955172576178
ITA,2020,A03,1430.7,3582362.9,0.0003993732739918
ITA,2020,B05_06,4870.3,3582362.9,0.0013595216721343
ITA,2020,B07_08,3025.6,3582362.9,0.0008445822169496
ITA,2020,B09,392.8,3582362.9,0.0001096482994506
ITA,2020,C10T12,161040.1,3582362.9,0.0449535975263701
ITA,2020,C13T15,78924.0,3582362.9,0.0220312688030573
ITA,2020,C16,14254.6,3582362.9,0.0039791055227821
ITA,2020,C17_18,37049.6,3582362.9,0.0103422241225198
ITA,2020,C19,31875.1,3582362.9,0.0088977864302915
ITA,2020,C20,54847.3,3582362.9,0.0153103695887426
ITA,2020,C21,29599.7,3582362.9,0.0082626190663151
ITA,2020,C22,50035.3,3582362.9,0.0139671220913995
ITA,2020,C23,32743.1,3582362.9,0.0091400846072853
ITA,2020,C24,60305.4,3582362.9,0.0168339729065416
ITA,2020,C25,95907.6,3582362.9,0.0267721620274707
ITA,2020,C26,25870.2,3582362.9,0.0072215464268011
ITA,2020,C27,41937.8,3582362.9,0.0117067424966912
ITA,2020,C28,130757.6,3582362.9,0.0365003780046962
ITA,2020,C29,62194.5,3582362.9,0.0173613064159412
ITA,2020,C30,33102.2,3582362.9,0.0092403257079286
ITA,2020,C31T33,67315.4,3582362.9,0.0187907819165947
ITA,2020,D,98976.2,3582362.9,0.0276287474951239
ITA,2020,E,51118.3,3582362.9,0.0142694365219112
ITA,2020,F,208769.7,3582362.9,0.0582770941492276
ITA,2020,G,400865.3,3582362.9,0.1118996905645712
ITA,2020,H49,101093.6,3582362.9,0.0282198098913987
ITA,2020,H50,9402.5,3582362.9,0.0026246642962944
ITA,2020,H51,6446.0,3582362.9,0.0017993710240802
ITA,2020,H52,76990.3,3582362.9,0.0214914854103697
ITA,2020,H53,9251.7,3582362.9,0.0025825691752223
ITA,2020,I,91756.2,3582362.9,0.0256133179583788
ITA,2020,J58T60,24199.4,3582362.9,0.0067551503506247
ITA,2020,J61,42201.5,3582362.9,0.0117803531294945
ITA,2020,J62_63,73180.3,3582362.9,0.0204279415689571
ITA,2020,K,159368.8,3582362.9,0.044487061877511
ITA,2020,L,275843.8,3582362.9,0.0770005182891995
ITA,2020,M,204934.6,3582362.9,0.0572065437591484
ITA,2020,N,112485.8,3582362.9,0.031399889720832
ITA,2020,O,170237.2,3582362.9,0.0475209253646524
ITA,2020,P,87517.9,3582362.9,0.0244302161570509
ITA,2020,Q,190279.9,3582362.9,0.0531157521757497
ITA,2020,R,39721.4,3582362.9,0.0110880447092615
ITA,2020,S,42354.5,3582362.9,0.0118230623703701
ITA,2020,T,20198.5,3582362.9,0.0056383176589954
ITA,2020,HFCE,769683.5000000001,3582362.9,0.2148535816960364
JPN,1995,A01_02,134831.9,9383713.5,0.0143687144753513
JPN,1995,A03,24728.8,9383713.5,0.0026352893233579
JPN,1995,B05_06,2161.8,9383713.5,0.0002303778775854
JPN,1995,B07_08,10360.4,9383713.5,0.0011040831542864
JPN,1995,B09,4537.5,9383713.5,0.0004835505687593
JPN,1995,C10T12,359526.9,9383713.5,0.0383139255050785
JPN,1995,C13T15,131600.1,9383713.5,0.0140243092460143
JPN,1995,C16,36712.9,9383713.5,0.0039124063197368
JPN,1995,C17_18,177306.6,9383713.5,0.0188951420991273
JPN,1995,C19,108824.6,9383713.5,0.011597178451793
JPN,1995,C20,211119.2,9383713.5,0.0224984703550465
JPN,1995,C21,63551.5,9383713.5,0.0067725320045203
JPN,1995,C22,149712.4,9383713.5,0.0159544939218359
JPN,1995,C23,100981.5,9383713.5,0.0107613579634544
JPN,1995,C24,283850.8,9383713.5,0.0302493037537857
JPN,1995,C25,159192.9,9383713.5,0.0169648082286399
JPN,1995,C26,340117.4,9383713.5,0.0362455013145915
JPN,1995,C27,213053.5,9383713.5,0.0227046040994324
JPN,1995,C28,340231.2,9383713.5,0.0362576287095721
JPN,1995,C29,375757.0,9383713.5,0.0400435286094359
JPN,1995,C30,58789.5,9383713.5,0.0062650570054168
JPN,1995,C31T33,177047.7,9383713.5,0.0188675517427082
JPN,1995,D,178432.5,9383713.5,0.0190151265807507
JPN,1995,E,87872.9,9383713.5,0.009364405680118
JPN,1995,F,895099.5,9383713.5,0.095388621999169
JPN,1995,G,1097074.7,9383713.5,0.1169126380510231
JPN,1995,H49,258060.7,9383713.5,0.0275009142169568
JPN,1995,H50,43088.1,9383713.5,0.0045917962009389
JPN,1995,H51,26826.3,9383713.5,0.0028588149030764
JPN,1995,H52,115544.9,9383713.5,0.0123133448181255
JPN,1995,H53,18572.2,9383713.5,0.001979195123551
JPN,1995,I,339264.7,9383713.5,0.0361546311063312
JPN,1995,J58T60,100227.2,9383713.5,0.0106809740088505
JPN,1995,J61,104694.3,9383713.5,0.0111570222172703
JPN,1995,J62_63,78373.5,9383713.5,0.0083520772453251
JPN,1995,K,383827.1,9383713.5,0.0409035399471648
JPN,1995,L,618987.0,9383713.5,0.0659639704473074
JPN,1995,M,237002.3,9383713.5,0.0252567706803921
JPN,1995,N,143690.2,9383713.5,0.0153127224099499
JPN,1995,O,354840.4,9383713.5,0.0378144963611687
JPN,1995,P,222980.4,9383713.5,0.0237624901911167
JPN,1995,Q,371210.1,9383713.5,0.039558976305063
JPN,1995,R,105556.0,9383713.5,0.0112488515340968
JPN,1995,S,138492.4,9383713.5,0.0147588052427218
JPN,1995,T,0.0,9383713.5,0.0
JPN,1995,HFCE,2546171.412683404,9383713.5,0.2713394236389894
JPN,1996,A01_02,115160.2,8339129.7,0.0138096185264992
JPN,1996,A03,21728.2,8339129.7,0.0026055716581551
JPN,1996,B05_06,1914.1,8339129.7,0.0002295323455635
JPN,1996,B07_08,9165.6,8339129.7,0.0010991075003905
JPN,1996,B09,4017.7,8339129.7,0.0004817888849959
JPN,1996,C10T12,308868.4,8339129.7,0.0370384453907702
JPN,1996,C13T15,106095.5,8339129.7,0.0127226106100736
JPN,1996,C16,30838.9,8339129.7,0.0036980957377362
JPN,1996,C17_18,156283.7,8339129.7,0.0187410084292129
JPN,1996,C19,109050.9,8339129.7,0.0130770121011548
JPN,1996,C20,182837.6,8339129.7,0.0219252615773562
JPN,1996,C21,57177.0,8339129.7,0.0068564708856848
JPN,1996,C22,132068.8,8339129.7,0.0158372401858673
JPN,1996,C23,87980.1,8339129.7,0.010550273609487
JPN,1996,C24,237942.0,8339129.7,0.0285331933379091
JPN,1996,C25,140814.1,8339129.7,0.0168859467433394
JPN,1996,C26,318291.6,8339129.7,0.0381684434048315
JPN,1996,C27,186207.6,8339129.7,0.022329380486791
JPN,1996,C28,310173.8,8339129.7,0.0371949845077958
JPN,1996,C29,340750.1,8339129.7,0.0408615901489096
JPN,1996,C30,41105.8,8339129.7,0.0049292673790647
JPN,1996,C31T33,153788.0,8339129.7,0.0184417325947094
JPN,1996,D,155645.4,8339129.7,0.0186644656696009
JPN,1996,E,80398.4,8339129.7,0.0096411019965308
JPN,1996,F,812771.9,8339129.7,0.0974648349695292
JPN,1996,G,961480.7,8339129.7,0.1152974872186002
JPN,1996,H49,202452.0,8339129.7,0.0242773535468575
JPN,1996,H50,35812.3,8339129.7,0.0042944889081171
JPN,1996,H51,25308.6,8339129.7,0.0030349210181968
JPN,1996,H52,99621.9,8339129.7,0.0119463185708695
JPN,1996,H53,16461.0,8339129.7,0.0019739469935333
JPN,1996,I,305028.1,8339129.7,0.0365779297088999
JPN,1996,J58T60,91385.3,8339129.7,0.0109586135829018
JPN,1996,J61,105592.9,8339129.7,0.0126623405317703
JPN,1996,J62_63,80927.3,8339129.7,0.0097045258811599
JPN,1996,K,354745.6,8339129.7,0.0425398827889677
JPN,1996,L,549109.5,8339129.7,0.0658473389615225
JPN,1996,M,217471.3,8339129.7,0.0260784167921024
JPN,1996,N,132044.5,8339129.7,0.0158343262127221
JPN,1996,O,311358.1,8339129.7,0.0373370017257316
JPN,1996,P,197134.8,8339129.7,0.0236397330527189
JPN,1996,Q,337001.8,8339129.7,0.0404121067933503
JPN,1996,R,90962.9,8339129.7,0.0109079608151435
JPN,1996,S,124155.7,8339129.7,0.0148883282148735
JPN,1996,T,0.0,8339129.7,0.0
JPN,1996,HFCE,2260510.1867965264,8339129.7,0.2710726740221496
JPN,1997,A01_02,99768.4,7613386.6,0.0131043391386429
JPN,1997,A03,20182.6,7613386.6,0.0026509359185831
JPN,1997,B05_06,1618.3,7613386.6,0.0002125598087978
JPN,1997,B07_08,7773.0,7613386.6,0.0010209648358064
JPN,1997,B09,3396.8,7613386.6,0.0004461615018998
JPN,1997,C10T12,282193.0,7613386.6,0.0370653711450827
JPN,1997,C13T15,90119.2,7613386.6,0.011836939949956
JPN,1997,C16,27539.6,7613386.6,0.0036172601559468
JPN,1997,C17_18,141801.4,7613386.6,0.0186252724904315
JPN,1997,C19,104743.5,7613386.6,0.0137578065456442
JPN,1997,C20,173248.9,7613386.6,0.0227558259027592
JPN,1997,C21,52622.3,7613386.6,0.0069118124121005
JPN,1997,C22,119094.0,7613386.6,0.0156427101705304
JPN,1997,C23,78400.0,7613386.6,0.0102976512449794
JPN,1997,C24,227808.8,7613386.6,0.0299221374099142
JPN,1997,C25,125614.8,7613386.6,0.0164992015511204
JPN,1997,C26,299646.1,7613386.6,0.0393577938101816
JPN,1997,C27,168738.6,7613386.6,0.0221634088567103
JPN,1997,C28,289991.0,7613386.6,0.0380896196706995
JPN,1997,C29,313020.7,7613386.6,0.0411145153196345
JPN,1997,C30,46599.4,7613386.6,0.0061207189977716
JPN,1997,C31T33,138140.9,7613386.6,0.018144474628413
JPN,1997,D,146506.0,7613386.6,0.0192432103736857
JPN,1997,E,75196.6,7613386.6,0.0098768923674518
JPN,1997,F,688384.1,7613386.6,0.0904175941886361
JPN,1997,G,881663.4,7613386.6,0.1158043649064136
JPN,1997,H49,181426.0,7613386.6,0.0238298683006587
JPN,1997,H50,35151.1,7613386.6,0.004617012355579
JPN,1997,H51,23256.0,7613386.6,0.0030546196090974
JPN,1997,H52,88546.5,7613386.6,0.0116303695913721
JPN,1997,H53,14713.1,7613386.6,0.0019325302618942
JPN,1997,I,279400.0,7613386.6,0.0366985173194804
JPN,1997,J58T60,83362.2,7613386.6,0.0109494242680386
JPN,1997,J61,106953.5,7613386.6,0.0140480847248713
JPN,1997,J62_63,81804.0,7613386.6,0.0107447584495446
JPN,1997,K,319410.4,7613386.6,0.0419537870308595
JPN,1997,L,501882.4,7613386.6,0.0659210449131796
JPN,1997,M,202869.9,7613386.6,0.0266464729375492
JPN,1997,N,123021.5,7613386.6,0.0161585778397224
JPN,1997,O,284532.2,7613386.6,0.0373726194332493
JPN,1997,P,178993.7,7613386.6,0.0235103915516387
JPN,1997,Q,309522.7,7613386.6,0.0406550614413827
JPN,1997,R,80686.4,7613386.6,0.0105979643802667
JPN,1997,S,114043.6,7613386.6,0.0149793522898206
JPN,1997,T,0.0,7613386.6,0.0
JPN,1997,HFCE,2062649.7166939965,7613386.6,0.2709240742738582
JPN,1998,A01_02,93065.2,6817190.0,0.0136515485119235
JPN,1998,A03,17659.8,6817190.0,0.0025904808286112
JPN,1998,B05_06,1347.1,6817190.0,0.0001976034113762
JPN,1998,B07_08,6492.2,6817190.0,0.0009523278652934
JPN,1998,B09,2827.6,6817190.0,0.0004147750026037
JPN,1998,C10T12,261764.1,6817190.0,0.0383976535786739
JPN,1998,C13T15,76051.4,6817190.0,0.0111558281344659
JPN,1998,C16,23018.1,6817190.0,0.0033764791651692
JPN,1998,C17_18,124020.5,6817190.0,0.0181923197094404
JPN,1998,C19,87712.3,6817190.0,0.0128663422905918
JPN,1998,C20,151378.7,6817190.0,0.022205439484597
JPN,1998,C21,45983.7,6817190.0,0.0067452572100821
JPN,1998,C22,103096.3,6817190.0,0.0151229905576931
JPN,1998,C23,65792.2,6817190.0,0.0096509265547828
JPN,1998,C24,181694.8,6817190.0,0.0266524477093934
JPN,1998,C25,107176.9,6817190.0,0.0157215656304137
JPN,1998,C26,256766.9,6817190.0,0.0376646242806786
JPN,1998,C27,141253.6,6817190.0,0.0207202087663685
JPN,1998,C28,253219.4,6817190.0,0.0371442485833605
JPN,1998,C29,267134.5,6817190.0,0.039185426840091
JPN,1998,C30,44199.2,6817190.0,0.0064834924653706
JPN,1998,C31T33,122373.4,6817190.0,0.0179507098965996
JPN,1998,D,132633.7,6817190.0,0.0194557728330881
JPN,1998,E,71156.8,6817190.0,0.0104378490257716
JPN,1998,F,594672.3,6817190.0,0.0872312932454574
JPN,1998,G,786043.6,6817190.0,0.1153031674340894
JPN,1998,H49,167389.3,6817190.0,0.0245540024555572
JPN,1998,H50,34031.6,6817190.0,0.0049920275069346
JPN,1998,H51,21080.4,6817190.0,0.0030922418181098
JPN,1998,H52,78991.6,6817190.0,0.0115871202064193
JPN,1998,H53,13115.9,6817190.0,0.0019239452032288
JPN,1998,I,258070.9,6817190.0,0.0378559054390445
JPN,1998,J58T60,78599.5,6817190.0,0.0115296038397052
JPN,1998,J61,100870.3,6817190.0,0.0147964630588262
JPN,1998,J62_63,92020.4,6817190.0,0.013498288884423
JPN,1998,K,285259.3,6817190.0,0.0418441175909722
JPN,1998,L,464968.3,6817190.0,0.0682052722602714
JPN,1998,M,191300.7,6817190.0,0.0280615180154873
JPN,1998,N,116761.1,6817190.0,0.0171274528068016
JPN,1998,O,264516.9,6817190.0,0.0388014563185124
JPN,1998,P,164595.2,6817190.0,0.024144141501117
JPN,1998,Q,290394.4,6817190.0,0.0425973751648406
JPN,1998,R,71145.9,6817190.0,0.0104362501265184
JPN,1998,S,105544.0,6817190.0,0.0154820387872422
JPN,1998,T,0.0,6817190.0,0.0
JPN,1998,HFCE,1881708.442589234,6817190.0,0.2760240572126102
JPN,1999,A01_02,102964.7,7648158.3,0.0134626789824682
JPN,1999,A03,20430.1,7648158.3,0.0026712443961835
JPN,1999,B05_06,1451.8,7648158.3,0.0001898234768493
JPN,1999,B07_08,7019.4,7648158.3,0.0009177895807935
JPN,1999,B09,3047.4,7648158.3,0.0003984488657877
JPN,1999,C10T12,296053.6,7648158.3,0.0387091360282121
JPN,1999,C13T15,76896.9,7648158.3,0.010054302877073
JPN,1999,C16,25137.5,7648158.3,0.0032867389787159
JPN,1999,C17_18,135186.7,7648158.3,0.0176757193950862
JPN,1999,C19,95927.9,7648158.3,0.0125426143441617
JPN,1999,C20,165580.7,7648158.3,0.0216497480184216
JPN,1999,C21,57148.1,7648158.3,0.0074721387500569
JPN,1999,C22,114757.9,7648158.3,0.0150046449744639
JPN,1999,C23,69904.9,7648158.3,0.00914009585811
JPN,1999,C24,185796.5,7648158.3,0.024292972597076
JPN,1999,C25,111185.0,7648158.3,0.014537486756779
JPN,1999,C26,294689.4,7648158.3,0.0385307662891862
JPN,1999,C27,148289.4,7648158.3,0.0193889030774899
JPN,1999,C28,265149.9,7648158.3,0.0346684639098016
JPN,1999,C29,297390.5,7648158.3,0.0388839362804506
JPN,1999,C30,43716.2,7648158.3,0.0057159120255133
JPN,1999,C31T33,132965.1,7648158.3,0.0173852442358574
JPN,1999,D,150131.9,7648158.3,0.0196298107480332
JPN,1999,E,83910.4,7648158.3,0.0109713210303191
JPN,1999,F,651525.6,7648158.3,0.0851872535117375
JPN,1999,G,895193.1,7648158.3,0.117046884346
JPN,1999,H49,190963.3,7648158.3,0.0249685339279653
JPN,1999,H50,34896.2,7648158.3,0.0045626932172677
JPN,1999,H51,24266.8,7648158.3,0.0031728945777704
JPN,1999,H52,86375.2,7648158.3,0.0112935946945554
JPN,1999,H53,14865.9,7648158.3,0.0019437228437073
JPN,1999,I,295300.0,7648158.3,0.0386106025028273
JPN,1999,J58T60,88564.4,7648158.3,0.0115798335397948
JPN,1999,J61,130768.5,7648158.3,0.0170980378374229
JPN,1999,J62_63,114739.6,7648158.3,0.0150022522415625
JPN,1999,K,319959.5,7648158.3,0.0418348427751554
JPN,1999,L,533332.9,7648158.3,0.0697335069542166
JPN,1999,M,215767.9,7648158.3,0.0282117460879438
JPN,1999,N,131604.8,7648158.3,0.0172073844235153
JPN,1999,O,305328.9,7648158.3,0.0399218855080444
JPN,1999,P,187556.0,7648158.3,0.0245230279817822
JPN,1999,Q,341577.5,7648158.3,0.0446614056092432
JPN,1999,R,79418.3,7648158.3,0.0103839770157477
JPN,1999,S,121422.0,7648158.3,0.0158759789268483
JPN,1999,T,0.0,7648158.3,0.0
JPN,1999,HFCE,2128549.640752604,7648158.3,0.2783087845805445
JPN,2000,A01_02,110596.2,8286995.0,0.0133457544019273
JPN,2000,A03,18490.0,8286995.0,0.0022312068488034
JPN,2000,B05_06,1542.0,8286995.0,0.0001860746869039
JPN,2000,B07_08,7409.3,8286995.0,0.0008940876638636
JPN,2000,B09,3236.7,8286995.0,0.0003905758359936
JPN,2000,C10T12,305651.1,8286995.0,0.0368832248601573
JPN,2000,C13T15,74148.9,8286995.0,0.0089476221477145
JPN,2000,C16,25615.6,8286995.0,0.0030910601490648
JPN,2000,C17_18,145404.9,8286995.0,0.0175461551503289
JPN,2000,C19,114739.8,8286995.0,0.0138457667707051
JPN,2000,C20,182108.0,8286995.0,0.0219751550471552
JPN,2000,C21,63018.2,8286995.0,0.0076044694126157
JPN,2000,C22,123406.6,8286995.0,0.014891598221068
JPN,2000,C23,74055.5,8286995.0,0.0089363514760175
JPN,2000,C24,214731.0,8286995.0,0.0259118051839056
JPN,2000,C25,116181.2,8286995.0,0.0140197019546892
JPN,2000,C26,345032.7,8286995.0,0.041635442039002
JPN,2000,C27,167516.1,8286995.0,0.0202143358358488
JPN,2000,C28,297104.0,8286995.0,0.0358518377288751
JPN,2000,C29,330391.2,8286995.0,0.0398686375459379
JPN,2000,C30,44661.3,8286995.0,0.0053893238743356
JPN,2000,C31T33,144211.5,8286995.0,0.0174021463751335
JPN,2000,D,163634.4,8286995.0,0.0197459272028039
JPN,2000,E,87304.2,8286995.0,0.0105350853958521
JPN,2000,F,674588.7,8286995.0,0.0814032951630838
JPN,2000,G,934444.4,8286995.0,0.1127603431641988
JPN,2000,H49,211381.7,8286995.0,0.0255076417929539
JPN,2000,H50,33958.6,8286995.0,0.004097818328598
JPN,2000,H51,25493.0,8286995.0,0.0030762658840749
JPN,2000,H52,88966.3,8286995.0,0.0107356526702381
JPN,2000,H53,15837.6,8286995.0,0.001911139079968
JPN,2000,I,309538.7,8286995.0,0.037352345452121
JPN,2000,J58T60,96752.6,8286995.0,0.0116752333023007
JPN,2000,J61,150397.1,8286995.0,0.0181485689324055
JPN,2000,J62_63,135710.9,8286995.0,0.0163763704454992
JPN,2000,K,340213.4,8286995.0,0.0410538922733753
JPN,2000,L,577997.8,8286995.0,0.0697475743619973
JPN,2000,M,250256.7,8286995.0,0.0301987270415874
JPN,2000,N,154810.2,8286995.0,0.0186811021365404
JPN,2000,O,330256.5,8286995.0,0.0398523831618095
JPN,2000,P,198803.7,8286995.0,0.0239898419149522
JPN,2000,Q,375156.3,8286995.0,0.0452704870704036
JPN,2000,R,85582.8,8286995.0,0.0103273623309776
JPN,2000,S,136657.6,8286995.0,0.01649060968421
JPN,2000,T,0.0,8286995.0,0.0
JPN,2000,HFCE,2281157.5746939387,8286995.0,0.2752695729506219
JPN,2001,A01_02,93060.7,7325146.5,0.0127042783376414
JPN,2001,A03,15375.9,7325146.5,0.0020990569949693
JPN,2001,B05_06,1312.3,7325146.5,0.0001791500006177
JPN,2001,B07_08,6354.4,7325146.5,0.0008674775309954
JPN,2001,B09,2754.5,7325146.5,0.0003760334349627
JPN,2001,C10T12,271178.3,7325146.5,0.0370201879238865
JPN,2001,C13T15,57907.7,7325146.5,0.0079053299480085
JPN,2001,C16,21732.2,7325146.5,0.0029667939064426
JPN,2001,C17_18,126052.7,7325146.5,0.0172082155626512
JPN,2001,C19,105575.5,7325146.5,0.0144127492876763
JPN,2001,C20,154354.5,7325146.5,0.0210718652521147
JPN,2001,C21,59850.2,7325146.5,0.0081705123576709
JPN,2001,C22,97186.1,7325146.5,0.013267461613225
JPN,2001,C23,63697.1,7325146.5,0.0086956759158332
JPN,2001,C24,184892.1,7325146.5,0.0252407375060689
JPN,2001,C25,100972.5,7325146.5,0.0137843659509062
JPN,2001,C26,259085.1,7325146.5,0.0353692721367415
JPN,2001,C27,143256.9,7325146.5,0.0195568648353995
JPN,2001,C28,252119.0,7325146.5,0.0344182877434601
JPN,2001,C29,295891.3,7325146.5,0.0403939088453725
JPN,2001,C30,43938.3,7325146.5,0.0059982827647201
JPN,2001,C31T33,128622.0,7325146.5,0.0175589662268188
JPN,2001,D,147568.4,7325146.5,0.0201454537462151
JPN,2001,E,81090.5,7325146.5,0.0110701540235406
JPN,2001,F,571729.0,7325146.5,0.0780501796107422
JPN,2001,G,847702.6,7325146.5,0.1157250029060852
JPN,2001,H49,183896.3,7325146.5,0.0251047948324309
JPN,2001,H50,31396.3,7325146.5,0.0042860985783697
JPN,2001,H51,22697.7,7325146.5,0.003098600144038
JPN,2001,H52,78983.0,7325146.5,0.0107824464671116
JPN,2001,H53,14083.9,7325146.5,0.001922678269984
JPN,2001,I,274402.2,7325146.5,0.0374603019884994
JPN,2001,J58T60,86393.6,7325146.5,0.011794112240622
JPN,2001,J61,138295.4,7325146.5,0.0188795404979272
JPN,2001,J62_63,133517.1,7325146.5,0.018227225899168
JPN,2001,K,319406.6,7325146.5,0.0436041245045406
JPN,2001,L,524852.6,7325146.5,0.0716507990659299
JPN,2001,M,225838.1,7325146.5,0.0308305233212741
JPN,2001,N,139460.3,7325146.5,0.0190385680341
JPN,2001,O,303005.7,7325146.5,0.0413651385675358
JPN,2001,P,178959.4,7325146.5,0.0244308287895675
JPN,2001,Q,346097.9,7325146.5,0.0472479151099571
JPN,2001,R,74506.6,7325146.5,0.0101713460611333
JPN,2001,S,116094.0,7325146.5,0.0158486932650425
JPN,2001,T,0.0,7325146.5,0.0
JPN,2001,HFCE,2008590.93414916,7325146.5,0.2742048823390986
JPN,2002,A01_02,88380.7,6960616.3,0.0126972521097018
JPN,2002,A03,14313.4,6960616.3,0.0020563409018824
JPN,2002,B05_06,1090.7,6960616.3,0.0001566958948735
JPN,2002,B07_08,5703.3,6960616.3,0.0008193671011574
JPN,2002,B09,2457.9,6960616.3,0.0003531152837716
JPN,2002,C10T12,256179.2,6960616.3,0.0368040973613213
JPN,2002,C13T15,49545.1,6960616.3,0.0071179185670671
JPN,2002,C16,19409.0,6960616.3,0.0027884025154496
JPN,2002,C17_18,115346.4,6960616.3,0.0165712912518967
JPN,2002,C19,101131.5,6960616.3,0.014529101395806
JPN,2002,C20,144413.6,6960616.3,0.0207472433152219
JPN,2002,C21,57126.9,6960616.3,0.008207161196344
JPN,2002,C22,91590.4,6960616.3,0.013158375070897
JPN,2002,C23,55777.2,6960616.3,0.0080132559526374
JPN,2002,C24,172972.8,6960616.3,0.024850213335276
JPN,2002,C25,92299.0,6960616.3,0.0132601764013338
JPN,2002,C26,226176.5,6960616.3,0.0324937462793344
JPN,2002,C27,119384.2,6960616.3,0.0171513835635502
JPN,2002,C28,220854.7,6960616.3,0.0317291875433501
JPN,2002,C29,306296.0,6960616.3,0.0440041494601562
JPN,2002,C30,42567.8,6960616.3,0.0061155216959739
JPN,2002,C31T33,120882.2,6960616.3,0.0173665943919362
JPN,2002,D,140745.9,6960616.3,0.0202203215827311
JPN,2002,E,78029.9,6960616.3,0.0112101998784216
JPN,2002,F,517685.3,6960616.3,0.0743734861523684
JPN,2002,G,818076.5,6960616.3,0.117529319925306
JPN,2002,H49,177970.4,6960616.3,0.0255681957357712
JPN,2002,H50,31508.0,6960616.3,0.0045266106680812
JPN,2002,H51,22164.0,6960616.3,0.0031842008012997
JPN,2002,H52,75159.2,6960616.3,0.0107977795012203
JPN,2002,H53,13294.4,6960616.3,0.0019099458190218
JPN,2002,I,258365.6,6960616.3,0.0371182074782659
JPN,2002,J58T60,82215.0,6960616.3,0.011811454109315
JPN,2002,J61,136389.9,6960616.3,0.0195945149282255
JPN,2002,J62_63,133524.8,6960616.3,0.0191828990774854
JPN,2002,K,324560.9,6960616.3,0.0466281843462625
JPN,2002,L,509304.8,6960616.3,0.0731694979365548
JPN,2002,M,214762.0,6960616.3,0.0308538771200475
JPN,2002,N,132887.7,6960616.3,0.0190913698259736
JPN,2002,O,295954.7,6960616.3,0.0425184620505514
JPN,2002,P,173622.9,6960616.3,0.0249436102375015
JPN,2002,Q,335878.9,6960616.3,0.0482541897906367
JPN,2002,R,73525.7,6960616.3,0.0105631020057807
JPN,2002,S,111091.3,6960616.3,0.0159599804402377
JPN,2002,T,0.0,6960616.3,0.0
JPN,2002,HFCE,1920500.9220967365,6960616.3,0.2759096090523961
JPN,2003,A01_02,91019.4,7542407.5,0.0120676852848377
JPN,2003,A03,13913.4,7542407.5,0.0018446895106105
JPN,2003,B05_06,1099.3,7542407.5,0.0001457492186679
JPN,2003,B07_08,5637.6,7542407.5,0.0007474536479234
JPN,2003,B09,2440.3,7542407.5,0.0003235439082282
JPN,2003,C10T12,274549.2,7542407.5,0.0364007380932414
JPN,2003,C13T15,49685.2,7542407.5,0.0065874457194204
JPN,2003,C16,19841.0,7542407.5,0.0026305924202583
JPN,2003,C17_18,122862.0,7542407.5,0.0162894937723797
JPN,2003,C19,110530.1,7542407.5,0.0146544853218286
JPN,2003,C20,157311.8,7542407.5,0.0208569743811906
JPN,2003,C21,64591.0,7542407.5,0.0085637112553253
JPN,2003,C22,106514.9,7542407.5,0.0141221354057043
JPN,2003,C23,58306.9,7542407.5,0.0077305422704885
JPN,2003,C24,194046.8,7542407.5,0.0257274351723902
JPN,2003,C25,95659.8,7542407.5,0.0126829265058935
JPN,2003,C26,255468.3,7542407.5,0.0338709225137994
JPN,2003,C27,128923.5,7542407.5,0.0170931496342513
JPN,2003,C28,245399.4,7542407.5,0.0325359508883602
JPN,2003,C29,343596.5,7542407.5,0.0455552819176105
JPN,2003,C30,45341.0,7542407.5,0.0060114757787881
JPN,2003,C31T33,125024.5,7542407.5,0.0165762059395491
JPN,2003,D,150229.5,7542407.5,0.0199179771180488
JPN,2003,E,83220.0,7542407.5,0.0110336122783076
JPN,2003,F,535940.5,7542407.5,0.0710569536318476
JPN,2003,G,892556.9,7542407.5,0.118338461558859
JPN,2003,H49,196720.6,7542407.5,0.0260819373654897
JPN,2003,H50,37221.2,7542407.5,0.0049349229672355
JPN,2003,H51,24003.4,7542407.5,0.0031824586512993
JPN,2003,H52,80075.9,7542407.5,0.010616755989384
JPN,2003,H53,13959.2,7542407.5,0.0018507618422897
JPN,2003,I,270006.3,7542407.5,0.0357984237791447
JPN,2003,J58T60,90254.8,7542407.5,0.0119663118175463
JPN,2003,J61,147451.1,7542407.5,0.0195496066739963
JPN,2003,J62_63,146032.2,7542407.5,0.0193614837172348
JPN,2003,K,355241.8,7542407.5,0.0470992584264374
JPN,2003,L,553716.0,7542407.5,0.0734136945000651
JPN,2003,M,234057.6,7542407.5,0.0310322135206828
JPN,2003,N,146371.3,7542407.5,0.0194064428367202
JPN,2003,O,321302.5,7542407.5,0.0425994617766276
JPN,2003,P,185883.9,7542407.5,0.0246451680050434
JPN,2003,Q,366602.5,7542407.5,0.0486055016253099
JPN,2003,R,79162.6,7542407.5,0.0104956673316842
JPN,2003,S,120635.8,7542407.5,0.015994336025997
JPN,2003,T,0.0,7542407.5,0.0
JPN,2003,HFCE,2075096.9189599256,7542407.5,0.2751239466920775
JPN,2004,A01_02,96911.6,8231471.0,0.0117733027304597
JPN,2004,A03,14696.4,8231471.0,0.0017853916997338
JPN,2004,B05_06,1138.7,8231471.0,0.0001383349343027
JPN,2004,B07_08,5899.0,8231471.0,0.0007166398326617
JPN,2004,B09,1992.0,8231471.0,0.0002419980584272
JPN,2004,C10T12,297961.5,8231471.0,0.0361978436175016
JPN,2004,C13T15,49984.2,8231471.0,0.0060723289919869
JPN,2004,C16,21111.1,8231471.0,0.0025646813309553
JPN,2004,C17_18,129666.3,8231471.0,0.015752506447511
JPN,2004,C19,124336.0,8231471.0,0.0151049551167707
JPN,2004,C20,174133.2,8231471.0,0.0211545664195378
JPN,2004,C21,71381.5,8231471.0,0.0086717793210958
JPN,2004,C22,124652.2,8231471.0,0.0151433686639969
JPN,2004,C23,62517.1,8231471.0,0.0075948879610946
JPN,2004,C24,247625.8,8231471.0,0.0300828126588795
JPN,2004,C25,102202.7,8231471.0,0.0124160918504116
JPN,2004,C26,277947.0,8231471.0,0.0337663827036504
JPN,2004,C27,141268.3,8231471.0,0.0171619750588928
JPN,2004,C28,291335.8,8231471.0,0.0353929206578022
JPN,2004,C29,383172.1,8231471.0,0.0465496507246396
JPN,2004,C30,53327.7,8231471.0,0.0064785139861392
JPN,2004,C31T33,129110.6,8231471.0,0.0156849972501877
JPN,2004,D,161760.4,8231471.0,0.0196514571939814
JPN,2004,E,89885.5,8231471.0,0.0109197371891366
JPN,2004,F,557583.8,8231471.0,0.067738050708069
JPN,2004,G,993534.8,8231471.0,0.1206995444678114
JPN,2004,H49,216192.0,8231471.0,0.0262640784374992
JPN,2004,H50,43533.4,8231471.0,0.0052886537533813
JPN,2004,H51,27843.3,8231471.0,0.0033825424398628
JPN,2004,H52,87361.3,8231471.0,0.0106130848301597
JPN,2004,H53,14691.1,8231471.0,0.0017847478293976
JPN,2004,I,282138.3,8231471.0,0.0342755626545972
JPN,2004,J58T60,98414.7,8231471.0,0.0119559067874988
JPN,2004,J61,153873.3,8231471.0,0.0186932930942719
JPN,2004,J62_63,157011.2,8231471.0,0.0190745007787793
JPN,2004,K,377343.6,8231471.0,0.0458415755822987
JPN,2004,L,599867.3,8231471.0,0.0728748603985849
JPN,2004,M,254206.7,8231471.0,0.0308822930919637
JPN,2004,N,159179.2,8231471.0,0.0193378801917664
JPN,2004,O,341565.9,8231471.0,0.0414951228036884
JPN,2004,P,198234.0,8231471.0,0.0240824513625814
JPN,2004,Q,398248.1,8231471.0,0.04838115811864
JPN,2004,R,85898.9,8231471.0,0.0104354252113625
JPN,2004,S,130733.4,8231471.0,0.0158821430580269
JPN,2004,T,0.0,8231471.0,0.0
JPN,2004,HFCE,2246612.111820884,8231471.0,0.2729296029617165
JPN,2005,A01_02,89148.7,8256939.3,0.010796821529256
JPN,2005,A03,14030.5,8256939.3,0.0016992373917536
JPN,2005,B05_06,1169.4,8256939.3,0.0001416263287777
JPN,2005,B07_08,5627.2,8256939.3,0.0006815116104825
JPN,2005,B09,1833.7,8256939.3,0.0002220798692319
JPN,2005,C10T12,280721.9,8256939.3,0.0339983000722798
JPN,2005,C13T15,45698.5,8256939.3,0.0055345568544993
JPN,2005,C16,20331.8,8256939.3,0.0024623894231607
JPN,2005,C17_18,128060.3,8256939.3,0.0155094152139401
JPN,2005,C19,147767.0,8256939.3,0.017896098618528
JPN,2005,C20,174631.5,8256939.3,0.0211496649854262
JPN,2005,C21,75038.5,8256939.3,0.0090879316504119
JPN,2005,C22,122979.7,8256939.3,0.0148941024672423
JPN,2005,C23,61628.1,8256939.3,0.0074637947259706
JPN,2005,C24,287943.5,8256939.3,0.0348729098686725
JPN,2005,C25,105488.5,8256939.3,0.0127757388261289
JPN,2005,C26,263236.1,8256939.3,0.0318805904265276
JPN,2005,C27,143178.3,8256939.3,0.0173403600048264
JPN,2005,C28,303014.9,8256939.3,0.0366982109218121
JPN,2005,C29,409838.9,8256939.3,0.0496356924895887
JPN,2005,C30,46590.3,8256939.3,0.0056425629773008
JPN,2005,C31T33,127864.6,8256939.3,0.0154857139376088
JPN,2005,D,161031.4,8256939.3,0.0195025534461661
JPN,2005,E,87985.1,8256939.3,0.0106558976399402
JPN,2005,F,538335.4,8256939.3,0.0651979359954844
JPN,2005,G,1018049.1,8256939.3,0.1232961831268397
JPN,2005,H49,209368.4,8256939.3,0.0253566597007682
JPN,2005,H50,48052.0,8256939.3,0.0058195898327604
JPN,2005,H51,28491.1,8256939.3,0.0034505643029251
JPN,2005,H52,86224.8,8256939.3,0.0104427072632107
JPN,2005,H53,14262.7,8256939.3,0.0017273591922856
JPN,2005,I,272169.0,8256939.3,0.0329624561972981
JPN,2005,J58T60,96601.1,8256939.3,0.0116993835718278
JPN,2005,J61,148776.5,8256939.3,0.0180183594179988
JPN,2005,J62_63,155415.3,8256939.3,0.0188223861594816
JPN,2005,K,378721.9,8256939.3,0.0458671047757369
JPN,2005,L,595851.0,8256939.3,0.0721636648097921
JPN,2005,M,259081.9,8256939.3,0.0313774742173531
JPN,2005,N,166301.4,8256939.3,0.0201408044746071
JPN,2005,O,329755.5,8256939.3,0.0399367717284781
JPN,2005,P,194845.3,8256939.3,0.0235977633988419
JPN,2005,Q,400744.8,8256939.3,0.0485343037461835
JPN,2005,R,85785.1,8256939.3,0.0103894550853728
JPN,2005,S,125268.6,8256939.3,0.0151713117232192
JPN,2005,T,0.0,8256939.3,0.0
JPN,2005,HFCE,2218306.319873464,8256939.3,0.2686596375818656
JPN,2006,A01_02,83747.4,8028318.8,0.0104314990580593
JPN,2006,A03,13680.4,8028318.8,0.0017040180317702
JPN,2006,B05_06,1002.9,8028318.8,0.0001249203008729
JPN,2006,B07_08,5169.1,8028318.8,0.000643858338062
JPN,2006,B09,1670.9,8028318.8,0.0002081257660071
JPN,2006,C10T12,265016.6,8028318.8,0.0330102237594251
JPN,2006,C13T15,42509.7,8028318.8,0.0052949691036185
JPN,2006,C16,19322.6,8028318.8,0.0024068052703637
JPN,2006,C17_18,123505.4,8028318.8,0.0153837189425013
JPN,2006,C19,161409.4,8028318.8,0.020105006293472
JPN,2006,C20,173208.3,8028318.8,0.0215746664170834
JPN,2006,C21,74869.5,8028318.8,0.0093256760057909
JPN,2006,C22,122939.4,8028318.8,0.0153132185034804
JPN,2006,C23,60435.4,8028318.8,0.0075277777957696
JPN,2006,C24,308537.2,8028318.8,0.038431109636553
JPN,2006,C25,102699.6,8028318.8,0.0127921676453605
JPN,2006,C26,262119.3,8028318.8,0.0326493387382673
JPN,2006,C27,146777.0,8028318.8,0.0182824080179775
JPN,2006,C28,308801.1,8028318.8,0.0384639807776442
JPN,2006,C29,415009.5,8028318.8,0.0516932013213027
JPN,2006,C30,49309.3,8028318.8,0.0061419210208742
JPN,2006,C31T33,116173.4,8028318.8,0.0144704517712973
JPN,2006,D,156275.1,8028318.8,0.0194654826113781
JPN,2006,E,83262.0,8028318.8,0.0103710380808495
JPN,2006,F,508354.1,8028318.8,0.0633201187775453
JPN,2006,G,954632.9,8028318.8,0.1189081953247795
JPN,2006,H49,200616.7,8028318.8,0.0249886314928101
JPN,2006,H50,52286.4,8028318.8,0.0065127458565795
JPN,2006,H51,28231.1,8028318.8,0.0035164398304661
JPN,2006,H52,82632.9,8028318.8,0.0102926779639094
JPN,2006,H53,13518.7,8028318.8,0.0016838768286082
JPN,2006,I,259046.2,8028318.8,0.0322665562309259
JPN,2006,J58T60,92378.8,8028318.8,0.0115066182972205
JPN,2006,J61,140878.7,8028318.8,0.0175477211991133
JPN,2006,J62_63,153734.7,8028318.8,0.0191490527257089
JPN,2006,K,359913.3,8028318.8,0.0448304693630252
JPN,2006,L,580087.4,8028318.8,0.0722551525980757
JPN,2006,M,265528.1,8028318.8,0.033073935728611
JPN,2006,N,160973.9,8028318.8,0.0200507608143313
JPN,2006,O,309818.4,8028318.8,0.0385906947292626
JPN,2006,P,186133.9,8028318.8,0.0231846672556152
JPN,2006,Q,383516.4,8028318.8,0.0477704497733697
JPN,2006,R,80942.1,8028318.8,0.0100820734722193
JPN,2006,S,117643.6,8028318.8,0.0146535785300404
JPN,2006,T,0.0,8028318.8,0.0
JPN,2006,HFCE,2112792.0611964734,8028318.8,0.263167434406874
JPN,2007,A01_02,83248.0,8131278.1,0.0102379969023565
JPN,2007,A03,13915.4,8131278.1,0.0017113422796349
JPN,2007,B05_06,1087.6,8131278.1,0.000133755110405
JPN,2007,B07_08,4911.5,8131278.1,0.0006040255836287
JPN,2007,B09,1600.5,8131278.1,0.0001968325250122
JPN,2007,C10T12,270130.3,8131278.1,0.0332211365394082
JPN,2007,C13T15,41618.1,8131278.1,0.0051182728579901
JPN,2007,C16,17937.6,8131278.1,0.0022060000628929
JPN,2007,C17_18,122332.3,8131278.1,0.0150446582315269
JPN,2007,C19,169084.5,8131278.1,0.02079433244326
JPN,2007,C20,182511.2,8131278.1,0.022445573470178
JPN,2007,C21,75491.4,8131278.1,0.0092840755255929
JPN,2007,C22,128190.0,8131278.1,0.0157650492854253
JPN,2007,C23,62514.1,8131278.1,0.0076881025628677
JPN,2007,C24,349712.6,8131278.1,0.0430083187045342
JPN,2007,C25,103275.5,8131278.1,0.0127010168303061
JPN,2007,C26,273342.1,8131278.1,0.0336161297939127
JPN,2007,C27,152192.0,8131278.1,0.0187168607601798
JPN,2007,C28,323114.2,8131278.1,0.0397371970342522
JPN,2007,C29,440544.4,8131278.1,0.0541789857119755
JPN,2007,C30,51462.0,8131278.1,0.0063288943468801
JPN,2007,C31T33,115943.4,8131278.1,0.0142589391943192
JPN,2007,D,160296.9,8131278.1,0.0197136167314213
JPN,2007,E,83095.9,8131278.1,0.0102192913559308
JPN,2007,F,475724.3,8131278.1,0.0585054765252709
JPN,2007,G,937951.4,8131278.1,0.1153510417999355
JPN,2007,H49,201900.2,8131278.1,0.0248300694573464
JPN,2007,H50,60652.7,8131278.1,0.0074591840611133
JPN,2007,H51,28534.0,8131278.1,0.0035091654287411
JPN,2007,H52,81766.3,8131278.1,0.0100557746266235
JPN,2007,H53,13109.1,8131278.1,0.0016121819766562
JPN,2007,I,259142.7,8131278.1,0.0318698606557313
JPN,2007,J58T60,91865.5,8131278.1,0.0112977933936363
JPN,2007,J61,137224.1,8131278.1,0.0168760800346995
JPN,2007,J62_63,158926.0,8131278.1,0.0195450208497972
JPN,2007,K,361016.9,8131278.1,0.0443985429547662
JPN,2007,L,583000.5,8131278.1,0.0716985070280648
JPN,2007,M,277749.5,8131278.1,0.0341581602036216
JPN,2007,N,168186.5,8131278.1,0.0206838947003915
JPN,2007,O,307562.5,8131278.1,0.0378246194777177
JPN,2007,P,183908.2,8131278.1,0.0226173791792953
JPN,2007,Q,381369.7,8131278.1,0.0469015688935789
JPN,2007,R,76910.5,8131278.1,0.0094585991346182
JPN,2007,S,117226.0,8131278.1,0.0144166757745009
JPN,2007,T,0.0,8131278.1,0.0
JPN,2007,HFCE,2102732.370984503,8131278.1,0.2585980143742105
JPN,2008,A01_02,96656.5,9319391.8,0.0103715459199816
JPN,2008,A03,15332.2,9319391.8,0.0016451931981226
JPN,2008,B05_06,1308.0,9319391.8,0.0001403525066946
JPN,2008,B07_08,5335.0,9319391.8,0.0005724622501652
JPN,2008,B09,1745.0,9319391.8,0.0001872439787326
JPN,2008,C10T12,309601.6,9319391.8,0.0332212237283553
JPN,2008,C13T15,45548.8,9319391.8,0.0048875292484215
JPN,2008,C16,19512.1,9319391.8,0.0020937095916495
JPN,2008,C17_18,140117.9,9319391.8,0.0150350905946458
JPN,2008,C19,218812.2,9319391.8,0.0234792360591599
JPN,2008,C20,212194.6,9319391.8,0.0227691468020477
JPN,2008,C21,84300.8,9319391.8,0.0090457405171011
JPN,2008,C22,141315.1,9319391.8,0.0151635539134646
JPN,2008,C23,68857.6,9319391.8,0.0073886366704745
JPN,2008,C24,454400.8,9319391.8,0.048758632510761
JPN,2008,C25,115574.0,9319391.8,0.0124014530647804
JPN,2008,C26,297482.8,9319391.8,0.0319208384392638
JPN,2008,C27,161752.7,9319391.8,0.0173565725608832
JPN,2008,C28,362133.2,9319391.8,0.0388580293404983
JPN,2008,C29,499354.9,9319391.8,0.0535823485820179
JPN,2008,C30,64553.2,9319391.8,0.0069267610360581
JPN,2008,C31T33,128548.8,9319391.8,0.0137936898414336
JPN,2008,D,194068.8,9319391.8,0.0208241915529294
JPN,2008,E,94814.3,9319391.8,0.0101738720760726
JPN,2008,F,524013.9,9319391.8,0.0562283367032599
JPN,2008,G,1093013.9,9319391.8,0.1172838231782464
JPN,2008,H49,231272.7,9319391.8,0.0248162868310783
JPN,2008,H50,67798.3,9319391.8,0.007274970454617
JPN,2008,H51,32242.0,9319391.8,0.0034596678293963
JPN,2008,H52,92652.3,9319391.8,0.0099418826880955
JPN,2008,H53,14670.5,9319391.8,0.0015741907105998
JPN,2008,I,293342.0,9319391.8,0.0314765175984982
JPN,2008,J58T60,104193.8,9319391.8,0.0111803218746528
JPN,2008,J61,151026.5,9319391.8,0.0162056176241028
JPN,2008,J62_63,188180.9,9319391.8,0.0201924013968379
JPN,2008,K,361895.4,9319391.8,0.0388325126538837
JPN,2008,L,680335.7,9319391.8,0.073002156642883
JPN,2008,M,335277.8,9319391.8,0.0359763606032745
JPN,2008,N,203773.3,9319391.8,0.0218655148719039
JPN,2008,O,347017.4,9319391.8,0.0372360565418013
JPN,2008,P,210173.2,9319391.8,0.022552244235509
JPN,2008,Q,441382.0,9319391.8,0.0473616743959621
JPN,2008,R,83067.8,9319391.8,0.008913435745882
JPN,2008,S,130741.5,9319391.8,0.0140289734357986
JPN,2008,T,0.0,9319391.8,0.0
JPN,2008,HFCE,2344665.395329252,9319391.8,0.251589958405789
JPN,2009,A01_02,102218.1,9095214.1,0.0112386689170956
JPN,2009,A03,15452.9,9095214.1,0.0016990144300176
JPN,2009,B05_06,1355.4,9095214.1,0.0001490234298057
JPN,2009,B07_08,5126.2,9095214.1,0.000563615099506
JPN,2009,B09,1765.1,9095214.1,0.0001940690983843
JPN,2009,C10T12,331372.7,9095214.1,0.0364337437642067
JPN,2009,C13T15,41910.2,9095214.1,0.0046079399054498
JPN,2009,C16,17330.6,9095214.1,0.0019054636657756
JPN,2009,C17_18,133785.3,9095214.1,0.0147094173407088
JPN,2009,C19,179911.4,9095214.1,0.0197808867413027
JPN,2009,C20,188186.0,9095214.1,0.0206906619163588
JPN,2009,C21,79816.8,9095214.1,0.0087756922621535
JPN,2009,C22,126350.8,9095214.1,0.0138920094250447
JPN,2009,C23,59966.3,9095214.1,0.0065931707973757
JPN,2009,C24,331646.3,9095214.1,0.0364638255189616
JPN,2009,C25,104035.7,9095214.1,0.0114385102820174
JPN,2009,C26,245161.7,9095214.1,0.0269550224221769
JPN,2009,C27,148178.8,9095214.1,0.0162919529293983
JPN,2009,C28,275170.3,9095214.1,0.0302544059957862
JPN,2009,C29,375455.8,9095214.1,0.0412805895355448
JPN,2009,C30,62589.8,9095214.1,0.0068816192023451
JPN,2009,C31T33,127301.2,9095214.1,0.0139965039415619
JPN,2009,D,200468.4,9095214.1,0.022041086421484
JPN,2009,E,104301.3,9095214.1,0.0114677124533
JPN,2009,F,532193.4,9095214.1,0.0585135648428551
JPN,2009,G,1096938.5,9095214.1,0.1206061218503916
JPN,2009,H49,232785.1,9095214.1,0.0255942408216646
JPN,2009,H50,50522.9,9095214.1,0.0055548884770068
JPN,2009,H51,28308.4,9095214.1,0.0031124500961445
JPN,2009,H52,93112.2,9095214.1,0.0102374940244672
JPN,2009,H53,15479.1,9095214.1,0.0017018950658896
JPN,2009,I,309934.4,9095214.1,0.0340766469697508
JPN,2009,J58T60,110891.3,9095214.1,0.0121922693386624
JPN,2009,J61,164243.5,9095214.1,0.0180582335054652
JPN,2009,J62_63,194876.1,9095214.1,0.0214262245899192
JPN,2009,K,374497.4,9095214.1,0.0411752154355552
JPN,2009,L,750580.7,9095214.1,0.0825247972997139
JPN,2009,M,349606.9,9095214.1,0.0384385563831861
JPN,2009,N,207537.3,9095214.1,0.0228182973724609
JPN,2009,O,379001.3,9095214.1,0.0416704099357045
JPN,2009,P,227701.2,9095214.1,0.0250352765197687
JPN,2009,Q,498571.6,9095214.1,0.0548169173939511
JPN,2009,R,88199.3,9095214.1,0.0096973308192931
JPN,2009,S,131376.4,9095214.1,0.0144445637623857
JPN,2009,T,0.0,9095214.1,0.0
JPN,2009,HFCE,2428600.2181339194,9095214.1,0.2670195766072092
JPN,2010,A01_02,112163.7,10047935.9,0.011162859826763
JPN,2010,A03,16544.5,10047935.9,0.0016465570804447
JPN,2010,B05_06,1478.9,10047935.9,0.0001471844580537
JPN,2010,B07_08,5371.7,10047935.9,0.0005346073117365
JPN,2010,B09,1925.8,10047935.9,0.0001916612545269
JPN,2010,C10T12,362196.7,10047935.9,0.0360468760554095
JPN,2010,C13T15,42497.4,10047935.9,0.0042294656756319
JPN,2010,C16,18614.8,10047935.9,0.0018525993980514
JPN,2010,C17_18,145518.9,10047935.9,0.0144824669910563
JPN,2010,C19,212441.5,10047935.9,0.0211428000849408
JPN,2010,C20,222307.8,10047935.9,0.0221247231483632
JPN,2010,C21,93245.0,10047935.9,0.0092800154109263
JPN,2010,C22,151552.1,10047935.9,0.0150829087195908
JPN,2010,C23,69406.8,10047935.9,0.0069075679513441
JPN,2010,C24,430018.4,10047935.9,0.0427966902137582
JPN,2010,C25,110646.6,10047935.9,0.0110118735928639
JPN,2010,C26,282240.0,10047935.9,0.0280893511671387
JPN,2010,C27,174449.7,10047935.9,0.0173617449132015
JPN,2010,C28,324288.5,10047935.9,0.0322741410004416
JPN,2010,C29,493374.4,10047935.9,0.049102064833037
JPN,2010,C30,69762.9,10047935.9,0.006943008065965
JPN,2010,C31T33,134002.8,10047935.9,0.0133363510012041
JPN,2010,D,217443.5,10047935.9,0.0216406137702371
JPN,2010,E,108927.3,10047935.9,0.0108407638229459
JPN,2010,F,543826.7,10047935.9,0.054123225447726
JPN,2010,G,1210734.5,10047935.9,0.1204958423351406
JPN,2010,H49,248845.4,10047935.9,0.0247658227994866
JPN,2010,H50,59017.8,10047935.9,0.0058736242535145
JPN,2010,H51,29576.5,10047935.9,0.0029435398766825
JPN,2010,H52,99060.5,10047935.9,0.0098587909980596
JPN,2010,H53,16137.9,10047935.9,0.0016060910579654
JPN,2010,I,326060.1,10047935.9,0.0324504558194882
JPN,2010,J58T60,115356.8,10047935.9,0.0114806464878025
JPN,2010,J61,179191.4,10047935.9,0.0178336527803685
JPN,2010,J62_63,203923.6,10047935.9,0.0202950737374827
JPN,2010,K,388794.8,10047935.9,0.0386939968436701
JPN,2010,L,809969.6,10047935.9,0.0806105460923571
JPN,2010,M,370439.9,10047935.9,0.0368672634545767
JPN,2010,N,215280.4,10047935.9,0.0214253357249223
JPN,2010,O,407866.6,10047935.9,0.0405920782197665
JPN,2010,P,239557.6,10047935.9,0.0238414737498474
JPN,2010,Q,550430.3,10047935.9,0.0547804350543279
JPN,2010,R,89983.1,10047935.9,0.0089553815724481
JPN,2010,S,143462.7,10047935.9,0.0142778279467328
JPN,2010,T,0.0,10047935.9,0.0
JPN,2010,HFCE,2644201.7393451,10047935.9,0.2631586990264438
JPN,2011,A01_02,120934.8,11088324.5,0.0109064989936035
JPN,2011,A03,17840.7,11088324.5,0.001608962652563
JPN,2011,B05_06,1592.4,11088324.5,0.0001436105157276
JPN,2011,B07_08,5417.8,11088324.5,0.0004886040266949
JPN,2011,B09,2073.5,11088324.5,0.0001869984955797
JPN,2011,C10T12,388042.1,11088324.5,0.0349955577147836
JPN,2011,C13T15,49189.3,11088324.5,0.0044361346026624
JPN,2011,C16,23452.4,11088324.5,0.002115053541227
JPN,2011,C17_18,154794.7,11088324.5,0.0139601524107632
JPN,2011,C19,241949.7,11088324.5,0.0218202218017699
JPN,2011,C20,245079.9,11088324.5,0.0221025187349089
JPN,2011,C21,104724.8,11088324.5,0.0094446009403855
JPN,2011,C22,156753.9,11088324.5,0.0141368427664612
JPN,2011,C23,77460.6,11088324.5,0.0069857804035226
JPN,2011,C24,488289.9,11088324.5,0.0440364006302304
JPN,2011,C25,119352.2,11088324.5,0.0107637722903942
JPN,2011,C26,283553.6,11088324.5,0.0255722674782831
JPN,2011,C27,187652.4,11088324.5,0.0169234224701847
JPN,2011,C28,382588.1,11088324.5,0.0345036889928681
JPN,2011,C29,486115.1,11088324.5,0.04384026639913
JPN,2011,C30,82710.2,11088324.5,0.0074592153214852
JPN,2011,C31T33,153132.2,11088324.5,0.0138102199299813
JPN,2011,D,242984.1,11088324.5,0.0219135091149253
JPN,2011,E,120911.8,11088324.5,0.0109044247397341
JPN,2011,F,626170.8,11088324.5,0.05647118281937
JPN,2011,G,1356550.5,11088324.5,0.122340440162984
JPN,2011,H49,267807.7,11088324.5,0.0241522242607528
JPN,2011,H50,64379.4,11088324.5,0.0058060530245124
JPN,2011,H51,31418.5,11088324.5,0.0028334758781635
JPN,2011,H52,108622.1,11088324.5,0.0097960787493187
JPN,2011,H53,17314.9,11088324.5,0.001561543405408
JPN,2011,I,347720.3,11088324.5,0.0313591381637505
JPN,2011,J58T60,124759.2,11088324.5,0.01125140231962
JPN,2011,J61,208476.9,11088324.5,0.0188014789790829
JPN,2011,J62_63,214811.3,11088324.5,0.0193727465317235
JPN,2011,K,411964.2,11088324.5,0.0371529711274232
JPN,2011,L,899919.0,11088324.5,0.0811591507806251
JPN,2011,M,424052.2,11088324.5,0.0382431268132529
JPN,2011,N,248027.8,11088324.5,0.0223683749515086
JPN,2011,O,450998.7,11088324.5,0.040673295591232
JPN,2011,P,267311.5,11088324.5,0.0241074744881429
JPN,2011,Q,629058.5,11088324.5,0.0567316099019288
JPN,2011,R,95143.9,11088324.5,0.0085805479448225
JPN,2011,S,157220.9,11088324.5,0.0141789591385064
JPN,2011,T,0.0,11088324.5,0.0
JPN,2011,HFCE,2901577.0000000005,11088324.5,0.2616785791216698
JPN,2012,A01_02,125277.3,11192967.9,0.0111925006056704
JPN,2012,A03,17781.9,11192967.9,0.0015886671130362
JPN,2012,B05_06,1620.5,11192967.9,0.0001447784014461
JPN,2012,B07_08,5601.5,11192967.9,0.0005004481429809
JPN,2012,B09,2110.2,11192967.9,0.0001885290853018
JPN,2012,C10T12,392691.2,11192967.9,0.035083742177086
JPN,2012,C13T15,49371.7,11192967.9,0.0044109569902367
JPN,2012,C16,24121.6,11192967.9,0.0021550673794034
JPN,2012,C17_18,148849.9,11192967.9,0.0132985193319459
JPN,2012,C19,253261.8,11192967.9,0.0226268673566016
JPN,2012,C20,241411.0,11192967.9,0.0215680954467849
JPN,2012,C21,101814.2,11192967.9,0.0090962648074779
JPN,2012,C22,156542.8,11192967.9,0.0139858169342199
JPN,2012,C23,72015.5,11192967.9,0.0064339950443349
JPN,2012,C24,473519.9,11192967.9,0.0423051244522911
JPN,2012,C25,127028.1,11192967.9,0.0113489202448262
JPN,2012,C26,239724.4,11192967.9,0.0214174115517654
JPN,2012,C27,189125.6,11192967.9,0.0168968232277339
JPN,2012,C28,385231.0,11192967.9,0.0344172344137608
JPN,2012,C29,536230.4,11192967.9,0.0479077939641013
JPN,2012,C30,75761.4,11192967.9,0.0067686605265793
JPN,2012,C31T33,152925.4,11192967.9,0.0136626318744289
JPN,2012,D,258288.3,11192967.9,0.0230759439594211
JPN,2012,E,123584.5,11192967.9,0.0110412627914353
JPN,2012,F,632814.4,11192967.9,0.0565367832422712
JPN,2012,G,1374006.9,11192967.9,0.1227562619919601
JPN,2012,H49,276746.3,11192967.9,0.0247250150695062
JPN,2012,H50,66213.2,11192967.9,0.0059156070661115
JPN,2012,H51,31700.1,11192967.9,0.0028321442787305
JPN,2012,H52,118611.5,11192967.9,0.010596965975396
JPN,2012,H53,16911.1,11192967.9,0.0015108682657796
JPN,2012,I,353535.3,11192967.9,0.0315854832389897
JPN,2012,J58T60,129944.1,11192967.9,0.0116094409598011
JPN,2012,J61,212246.7,11192967.9,0.0189625041272565
JPN,2012,J62_63,221181.6,11192967.9,0.0197607642562791
JPN,2012,K,400375.0,11192967.9,0.0357702267688983
JPN,2012,L,905052.6,11192967.9,0.0808590365027313
JPN,2012,M,426902.8,11192967.9,0.0381402684090606
JPN,2012,N,249542.5,11192967.9,0.0222945783664759
JPN,2012,O,445539.1,11192967.9,0.0398052691636862
JPN,2012,P,264730.2,11192967.9,0.0236514749586657
JPN,2012,Q,656982.5,11192967.9,0.0586960050157921
JPN,2012,R,100519.8,11192967.9,0.0089806207699389
JPN,2012,S,155522.1,11192967.9,0.0138946257497977
JPN,2012,T,0.0,11192967.9,0.0
JPN,2012,HFCE,2903592.8,11192967.9,0.2594122332826488
JPN,2013,A01_02,105181.0,9353869.5,0.0112446512109239
JPN,2013,A03,14346.1,9353869.5,0.0015337075207217
JPN,2013,B05_06,1354.1,9353869.5,0.0001447636189493
JPN,2013,B07_08,5020.2,9353869.5,0.0005366976736205
JPN,2013,B09,1763.5,9353869.5,0.0001885316018146
JPN,2013,C10T12,323747.1,9353869.5,0.0346110345028867
JPN,2013,C13T15,38935.7,9353869.5,0.0041625233279125
JPN,2013,C16,21338.2,9353869.5,0.0022812163458128
JPN,2013,C17_18,122246.9,9353869.5,0.0130691260980282
JPN,2013,C19,219275.2,9353869.5,0.0234421914909118
JPN,2013,C20,214108.2,9353869.5,0.0228897997775145
JPN,2013,C21,82510.2,9353869.5,0.0088209697601618
JPN,2013,C22,128843.6,9353869.5,0.0137743636470446
JPN,2013,C23,59498.3,9353869.5,0.0063608221175204
JPN,2013,C24,379828.7,9353869.5,0.0406065853281361
JPN,2013,C25,105203.2,9353869.5,0.0112470245602635
JPN,2013,C26,192146.6,9353869.5,0.0205419372164642
JPN,2013,C27,156185.7,9353869.5,0.0166974427000505
JPN,2013,C28,304569.7,9353869.5,0.0325608241594561
JPN,2013,C29,453169.5,9353869.5,0.0484472762849642
JPN,2013,C30,62071.1,9353869.5,0.0066358740626005
JPN,2013,C31T33,124827.6,9353869.5,0.0133450226133687
JPN,2013,D,224014.9,9353869.5,0.0239489015749043
JPN,2013,E,101921.1,9353869.5,0.0108961430347087
JPN,2013,F,566180.5,9353869.5,0.0605290142224028
JPN,2013,G,1152359.7,9353869.5,0.1231960420230365
JPN,2013,H49,225762.8,9353869.5,0.0241357654177236
JPN,2013,H50,57294.4,9353869.5,0.0061252083963754
JPN,2013,H51,27557.8,9353869.5,0.0029461390283454
JPN,2013,H52,99542.8,9353869.5,0.0106418846232567
JPN,2013,H53,13871.6,9353869.5,0.0014829798512797
JPN,2013,I,290324.5,9353869.5,0.0310379036183902
JPN,2013,J58T60,108708.6,9353869.5,0.0116217785591299
JPN,2013,J61,180154.3,9353869.5,0.0192598688703108
JPN,2013,J62_63,185768.2,9353869.5,0.0198600376026199
JPN,2013,K,339616.5,9353869.5,0.0363075944131998
JPN,2013,L,749237.9,9353869.5,0.0800992466272915
JPN,2013,M,358561.3,9353869.5,0.0383329380423791
JPN,2013,N,215815.4,9353869.5,0.0230723124798779
JPN,2013,O,367558.8,9353869.5,0.0392948394244756
JPN,2013,P,214296.4,9353869.5,0.0229099197930867
JPN,2013,Q,550159.7,9353869.5,0.0588162684972245
JPN,2013,R,85304.3,9353869.5,0.0091196803632977
JPN,2013,S,123687.6,9353869.5,0.0132231479175543
JPN,2013,T,0.0,9353869.5,0.0
JPN,2013,HFCE,2384005.6,9353869.5,0.2548683836138616
JPN,2014,A01_02,95562.0,8793490.1,0.0108673574329719
JPN,2014,A03,13762.3,8793490.1,0.0015650554948597
JPN,2014,B05_06,1315.6,8793490.1,0.0001496106761978
JPN,2014,B07_08,4869.0,8793490.1,0.0005537050641587
JPN,2014,B09,1713.2,8793490.1,0.000194825942887
JPN,2014,C10T12,302914.0,8793490.1,0.0344475284051323
JPN,2014,C13T15,35666.2,8793490.1,0.0040559777283424
JPN,2014,C16,20191.1,8793490.1,0.0022961417787915
JPN,2014,C17_18,114475.8,8793490.1,0.0130182440303196
JPN,2014,C19,204465.2,8793490.1,0.0232518826626074
JPN,2014,C20,201529.5,8793490.1,0.02291803342111
JPN,2014,C21,74581.6,8793490.1,0.008481456071691
JPN,2014,C22,121334.9,8793490.1,0.0137982642409525
JPN,2014,C23,57055.5,8793490.1,0.0064883793978456
JPN,2014,C24,365747.2,8793490.1,0.0415929506760916
JPN,2014,C25,102381.6,8793490.1,0.0116428856842631
JPN,2014,C26,191514.5,8793490.1,0.0217791227171564
JPN,2014,C27,156098.8,8793490.1,0.0177516319714739
JPN,2014,C28,295786.8,8793490.1,0.0336370197312213
JPN,2014,C29,436136.8,8793490.1,0.0495976904551243
JPN,2014,C30,60150.1,8793490.1,0.0068402988251502
JPN,2014,C31T33,116177.4,8793490.1,0.0132117508155265
JPN,2014,D,222060.5,8793490.1,0.0252528287943373
JPN,2014,E,98117.7,8793490.1,0.0111579928883982
JPN,2014,F,528868.6,8793490.1,0.060143196158258
JPN,2014,G,1035413.3,8793490.1,0.1177477074773758
JPN,2014,H49,216929.4,8793490.1,0.0246693175898384
JPN,2014,H50,57726.0,8793490.1,0.0065646289861632
JPN,2014,H51,26826.5,8793490.1,0.0030507227158872
JPN,2014,H52,98466.4,8793490.1,0.0111976472231429
JPN,2014,H53,12747.9,8793490.1,0.0014496974301477
JPN,2014,I,273430.6,8793490.1,0.031094661720265
JPN,2014,J58T60,104604.1,8793490.1,0.0118956294725344
JPN,2014,J61,170204.1,8793490.1,0.0193556935942874
JPN,2014,J62_63,175540.2,8793490.1,0.0199625174991668
JPN,2014,K,308095.7,8793490.1,0.035036793866408
JPN,2014,L,695117.3,8793490.1,0.0790490797277408
JPN,2014,M,337861.6,8793490.1,0.0384217865896045
JPN,2014,N,209631.1,8793490.1,0.0238393513401465
JPN,2014,O,341922.2,8793490.1,0.0388835600099214
JPN,2014,P,199589.6,8793490.1,0.0226974270432168
JPN,2014,Q,514970.9,8793490.1,0.0585627429090981
JPN,2014,R,79399.4,8793490.1,0.0090293386467791
JPN,2014,S,112537.9,8793490.1,0.0127978650934058
JPN,2014,T,0.0,8793490.1,0.0
JPN,2014,HFCE,2233423.7,8793490.1,0.2539860367841888
JPN,2015,A01_02,83988.5,7748742.3,0.0108389847988621
JPN,2015,A03,12191.3,7748742.3,0.001573326293223
JPN,2015,B05_06,1094.3,7748742.3,0.0001412229182018
JPN,2015,B07_08,4065.6,7748742.3,0.0005246786952767
JPN,2015,B09,1425.0,7748742.3,0.0001839008118775
JPN,2015,C10T12,276654.9,7748742.3,0.0357032005051968
JPN,2015,C13T15,33637.1,7748742.3,0.0043409754380397
JPN,2015,C16,18969.2,7748742.3,0.0024480359864335
JPN,2015,C17_18,101286.7,7748742.3,0.013071372885894
JPN,2015,C19,134341.2,7748742.3,0.0173371619288461
JPN,2015,C20,169413.1,7748742.3,0.0218633029001364
JPN,2015,C21,69914.8,7748742.3,0.0090227287594788
JPN,2015,C22,109896.4,7748742.3,0.014182482233278
JPN,2015,C23,50205.0,7748742.3,0.0064791159721494
JPN,2015,C24,292445.6,7748742.3,0.0377410408912424
JPN,2015,C25,90903.9,7748742.3,0.0117314393072537
JPN,2015,C26,173249.8,7748742.3,0.0223584413176316
JPN,2015,C27,135811.6,7748742.3,0.0175269217560635
JPN,2015,C28,274522.5,7748742.3,0.0354280074587072
JPN,2015,C29,401486.9,7748742.3,0.0518131697320738
JPN,2015,C30,58183.5,7748742.3,0.0075087669388618
JPN,2015,C31T33,102643.6,7748742.3,0.0132464851747618
JPN,2015,D,184505.4,7748742.3,0.0238110125303818
JPN,2015,E,88786.3,7748742.3,0.0114581562481436
JPN,2015,F,471025.8,7748742.3,0.0607873873931773
JPN,2015,G,899418.7,7748742.3,0.1160728625599021
JPN,2015,H49,190372.3,7748742.3,0.024568154757192
JPN,2015,H50,48575.9,7748742.3,0.0062688754018829
JPN,2015,H51,24098.1,7748742.3,0.0031099369506713
JPN,2015,H52,90003.3,7748742.3,0.0116152139941471
JPN,2015,H53,11286.3,7748742.3,0.0014565331460306
JPN,2015,I,245278.4,7748742.3,0.0316539627340555
JPN,2015,J58T60,96372.1,7748742.3,0.0124371280226986
JPN,2015,J61,154476.0,7748742.3,0.0199356223267355
JPN,2015,J62_63,157993.4,7748742.3,0.02038955405705
JPN,2015,K,275606.8,7748742.3,0.0355679398448958
JPN,2015,L,609660.8,7748742.3,0.0786786779578409
JPN,2015,M,306096.3,7748742.3,0.0395027074264684
JPN,2015,N,193837.7,7748742.3,0.0250153757210379
JPN,2015,O,301379.4,7748742.3,0.0388939763811735
JPN,2015,P,174848.2,7748742.3,0.0225647199546176
JPN,2015,Q,463214.4,7748742.3,0.0597793012164051
JPN,2015,R,69283.5,7748742.3,0.008941257473487
JPN,2015,S,96292.7,7748742.3,0.0124268811985139
JPN,2015,T,0.0,7748742.3,0.0
JPN,2015,HFCE,1980734.8,7748742.3,0.2556201669011499
JPN,2016,A01_02,98301.0,8512169.3,0.0115482900463457
JPN,2016,A03,13456.2,8512169.3,0.0015808191221008
JPN,2016,B05_06,1020.7,8512169.3,0.0001199106789382
JPN,2016,B07_08,4251.3,8512169.3,0.0004994379047418
JPN,2016,B09,1494.8,8512169.3,0.0001756074095001
JPN,2016,C10T12,304978.6,8512169.3,0.0358285402053739
JPN,2016,C13T15,34411.4,8512169.3,0.0040426122633627
JPN,2016,C16,20352.1,8512169.3,0.0023909416369338
JPN,2016,C17_18,109222.1,8512169.3,0.0128312884942267
JPN,2016,C19,129619.7,8512169.3,0.0152275754195819
JPN,2016,C20,174700.0,8512169.3,0.0205235579607186
JPN,2016,C21,78763.0,8512169.3,0.0092529879545511
JPN,2016,C22,117879.5,8512169.3,0.0138483500322297
JPN,2016,C23,52753.0,8512169.3,0.006197362639392
JPN,2016,C24,302088.8,8512169.3,0.0354890497772406
JPN,2016,C25,101540.2,8512169.3,0.0119288275904004
JPN,2016,C26,175516.3,8512169.3,0.0206194559593639
JPN,2016,C27,144021.5,8512169.3,0.0169194825577541
JPN,2016,C28,302894.6,8512169.3,0.0355837142477887
JPN,2016,C29,438852.3,8512169.3,0.051555870722637
JPN,2016,C30,59134.1,8512169.3,0.0069470070338004
JPN,2016,C31T33,110443.4,8512169.3,0.0129747654337655
JPN,2016,D,176742.6,8512169.3,0.0207635202932347
JPN,2016,E,99840.4,8512169.3,0.0117291370132875
JPN,2016,F,540998.9,8512169.3,0.0635559374976247
JPN,2016,G,991957.4,8512169.3,0.1165340308727177
JPN,2016,H49,213129.9,8512169.3,0.0250382590487245
JPN,2016,H50,43825.8,8512169.3,0.0051486053032333
JPN,2016,H51,26272.4,8512169.3,0.0030864517697034
JPN,2016,H52,100254.5,8512169.3,0.0117777850118653
JPN,2016,H53,12697.9,8512169.3,0.0014917348977069
JPN,2016,I,275643.8,8512169.3,0.032382321155196
JPN,2016,J58T60,105567.7,8512169.3,0.0124019737248412
JPN,2016,J61,177470.5,8512169.3,0.0208490331600899
JPN,2016,J62_63,177623.1,8512169.3,0.0208669604351031
JPN,2016,K,298801.5,8512169.3,0.0351028614997119
JPN,2016,L,681309.5,8512169.3,0.0800394677300415
JPN,2016,M,347557.7,8512169.3,0.0408306846058618
JPN,2016,N,221158.4,8512169.3,0.0259814381276462
JPN,2016,O,339579.2,8512169.3,0.0398933794702603
JPN,2016,P,195018.9,8512169.3,0.0229105992992879
JPN,2016,Q,530560.4,8512169.3,0.0623296343506701
JPN,2016,R,74140.6,8512169.3,0.0087099536424868
JPN,2016,S,106323.6,8512169.3,0.0124907759999557
JPN,2016,T,0.0,8512169.3,0.0
JPN,2016,HFCE,2261480.2,8512169.3,0.2656761302903127
JPN,2017,A01_02,96324.4,8515862.5,0.0113111737067149
JPN,2017,A03,13495.0,8515862.5,0.0015846897481024
JPN,2017,B05_06,1087.4,8515862.5,0.0001276911176055
JPN,2017,B07_08,4246.6,8515862.5,0.0004986693949086
JPN,2017,B09,1488.1,8515862.5,0.0001747444841905
JPN,2017,C10T12,299415.4,8515862.5,0.0351597269213776
JPN,2017,C13T15,32911.3,8515862.5,0.0038647054247294
JPN,2017,C16,20271.5,8515862.5,0.0023804400317642
JPN,2017,C17_18,107183.5,8515862.5,0.0125863352067979
JPN,2017,C19,144167.2,8515862.5,0.0169292540831888
JPN,2017,C20,182531.4,8515862.5,0.0214342821998358
JPN,2017,C21,76656.7,8515862.5,0.0090016366516016
JPN,2017,C22,120239.8,8515862.5,0.0141195093274462
JPN,2017,C23,53830.9,8515862.5,0.0063212504898945
JPN,2017,C24,329036.6,8515862.5,0.0386380827543892
JPN,2017,C25,103730.6,8515862.5,0.0121808683500937
JPN,2017,C26,180597.4,8515862.5,0.0212071766071845
JPN,2017,C27,147419.6,8515862.5,0.0173111766424129
JPN,2017,C28,317309.3,8515862.5,0.0372609703362401
JPN,2017,C29,452937.0,8515862.5,0.0531874487170266
JPN,2017,C30,60325.5,8515862.5,0.007083897843583
JPN,2017,C31T33,109108.6,8515862.5,0.0128123956909825
JPN,2017,D,181298.1,8515862.5,0.0212894583490515
JPN,2017,E,100330.6,8515862.5,0.0117816134302309
JPN,2017,F,542733.2,8515862.5,0.0637320294920215
JPN,2017,G,982202.9,8515862.5,0.1153380412142633
JPN,2017,H49,212949.4,8515862.5,0.0250062045975965
JPN,2017,H50,46407.7,8515862.5,0.0054495595719165
JPN,2017,H51,27279.9,8515862.5,0.003203421849519
JPN,2017,H52,99868.5,8515862.5,0.0117273499895048
JPN,2017,H53,12795.1,8515862.5,0.0015025019485695
JPN,2017,I,270169.1,8515862.5,0.0317253948146767
JPN,2017,J58T60,101291.4,8515862.5,0.0118944381734674
JPN,2017,J61,172784.9,8515862.5,0.0202897710008821
JPN,2017,J62_63,176630.0,8515862.5,0.0207412930868717
JPN,2017,K,293017.1,8515862.5,0.0344083878761546
JPN,2017,L,660616.7,8515862.5,0.0775748434172111
JPN,2017,M,340988.3,8515862.5,0.0400415459972492
JPN,2017,N,220207.3,8515862.5,0.0258584846807942
JPN,2017,O,327830.6,8515862.5,0.0384964646857555
JPN,2017,P,190417.7,8515862.5,0.0223603539864576
JPN,2017,Q,523286.9,8515862.5,0.0614484909778663
JPN,2017,R,73051.9,8515862.5,0.008578332494213
JPN,2017,S,105391.4,8515862.5,0.0123758926356549
JPN,2017,T,0.0,8515862.5,0.0
JPN,2017,HFCE,2234398.0,8515862.5,0.2623807042445789
JPN,2018,A01_02,97118.2,8831005.8,0.0109974109630864
JPN,2018,A03,13370.7,8831005.8,0.0015140630979995
JPN,2018,B05_06,1118.6,8831005.8,0.0001266673383908
JPN,2018,B07_08,4392.0,8831005.8,0.0004973385930739
JPN,2018,B09,1538.9,8831005.8,0.0001742610111296
JPN,2018,C10T12,310335.9,8831005.8,0.0351416256571816
JPN,2018,C13T15,34142.7,8831005.8,0.0038662300504886
JPN,2018,C16,21282.1,8831005.8,0.0024099293423632
JPN,2018,C17_18,108865.0,8831005.8,0.012327587872267
JPN,2018,C19,162561.8,8831005.8,0.0184080730645653
JPN,2018,C20,195797.6,8831005.8,0.0221716081309786
JPN,2018,C21,77859.5,8831005.8,0.0088166061446817
JPN,2018,C22,127315.7,8831005.8,0.0144168968839313
JPN,2018,C23,56150.3,8831005.8,0.0063583131153645
JPN,2018,C24,346312.6,8831005.8,0.0392155330709894
JPN,2018,C25,111258.5,8831005.8,0.0125986215522585
JPN,2018,C26,188905.3,8831005.8,0.0213911421052401
JPN,2018,C27,164118.8,8831005.8,0.0185843836723558
JPN,2018,C28,339053.8,8831005.8,0.0383935655438024
JPN,2018,C29,467618.7,8831005.8,0.0529519185685508
JPN,2018,C30,61848.2,8831005.8,0.007003528408961
JPN,2018,C31T33,112324.6,8831005.8,0.0127193439279589
JPN,2018,D,194956.3,8831005.8,0.0220763415193318
JPN,2018,E,103802.7,8831005.8,0.0117543462603093
JPN,2018,F,555444.2,8831005.8,0.0628970484879536
JPN,2018,G,1004389.4,8831005.8,0.1137344287555557
JPN,2018,H49,221224.4,8831005.8,0.0250508724612093
JPN,2018,H50,41566.8,8831005.8,0.0047069157173467
JPN,2018,H51,29284.6,8831005.8,0.0033161115124621
JPN,2018,H52,103449.4,8831005.8,0.0117143394923373
JPN,2018,H53,13621.2,8831005.8,0.0015424290628367
JPN,2018,I,271489.5,8831005.8,0.0307427609208455
JPN,2018,J58T60,104165.1,8831005.8,0.011795383488481
JPN,2018,J61,186581.3,8831005.8,0.0211279784234769
JPN,2018,J62_63,180574.1,8831005.8,0.0204477388068299
JPN,2018,K,305423.6,8831005.8,0.0345853696529108
JPN,2018,L,672185.7,8831005.8,0.0761165506198625
JPN,2018,M,351804.2,8831005.8,0.0398373874921472
JPN,2018,N,230486.4,8831005.8,0.0260996771171863
JPN,2018,O,337909.9,8831005.8,0.0382640332995818
JPN,2018,P,195459.4,8831005.8,0.0221333112475138
JPN,2018,Q,542973.1,8831005.8,0.0614848537411219
JPN,2018,R,74274.6,8831005.8,0.008410661444702
JPN,2018,S,106650.4,8831005.8,0.0120768123603768
JPN,2018,T,0.0,8831005.8,0.0
JPN,2018,HFCE,2341908.6,8831005.8,0.265191604788664
JPN,2019,A01_02,97146.4,8918455.8,0.01089273773157
JPN,2019,A03,12990.7,8918455.8,0.00145660866537
JPN,2019,B05_06,1108.2,8918455.8,0.0001242591794871
JPN,2019,B07_08,4312.8,8918455.8,0.0004835814738242
JPN,2019,B09,1514.6,8918455.8,0.0001698276062544
JPN,2019,C10T12,313698.0,8918455.8,0.0351740264273104
JPN,2019,C13T15,33352.1,8918455.8,0.0037396720629595
JPN,2019,C16,21933.5,8918455.8,0.0024593383083201
JPN,2019,C17_18,110904.2,8918455.8,0.0124353590450041
JPN,2019,C19,156043.4,8918455.8,0.017496683674768
JPN,2019,C20,190183.0,8918455.8,0.0213246557772927
JPN,2019,C21,77632.0,8918455.8,0.0087046459320906
JPN,2019,C22,128542.3,8918455.8,0.0144130668898981
JPN,2019,C23,56210.7,8918455.8,0.0063027390907739
JPN,2019,C24,333907.3,8918455.8,0.0374400353029725
JPN,2019,C25,112631.5,8918455.8,0.0126290360714687
JPN,2019,C26,176770.0,8918455.8,0.0198206958653088
JPN,2019,C27,159933.0,8918455.8,0.0179328129876474
JPN,2019,C28,329843.8,8918455.8,0.0369844070988163
JPN,2019,C29,462746.6,8918455.8,0.051886403922078
JPN,2019,C30,62284.0,8918455.8,0.0069837202086038
JPN,2019,C31T33,114512.2,8918455.8,0.0128399133850055
JPN,2019,D,199785.0,8918455.8,0.0224012995612984
JPN,2019,E,107136.4,8918455.8,0.0120128868049107
JPN,2019,F,577510.5,8918455.8,0.0647545396816341
JPN,2019,G,1005696.9,8918455.8,0.112765810870532
JPN,2019,H49,228724.7,8918455.8,0.0256462222978107
JPN,2019,H50,38114.3,8918455.8,0.0042736434260289
JPN,2019,H51,29043.5,8918455.8,0.0032565615226797
JPN,2019,H52,104901.4,8918455.8,0.0117622828830973
JPN,2019,H53,13956.9,8918455.8,0.0015649458059768
JPN,2019,I,273223.6,8918455.8,0.0306357519874685
JPN,2019,J58T60,106581.3,8918455.8,0.0119506450881328
JPN,2019,J61,187591.3,8918455.8,0.02103405614232
JPN,2019,J62_63,188530.5,8918455.8,0.0211393658529989
JPN,2019,K,308860.7,8918455.8,0.0346316343239599
JPN,2019,L,687202.6,8918455.8,0.0770539895482803
JPN,2019,M,364219.2,8918455.8,0.0408388187560451
JPN,2019,N,241895.1,8918455.8,0.0271229801912568
JPN,2019,O,350257.5,8918455.8,0.0392733347403033
JPN,2019,P,198785.9,8918455.8,0.0222892734412609
JPN,2019,Q,563692.5,8918455.8,0.063205168320731
JPN,2019,R,74428.6,8918455.8,0.0083454581901947
JPN,2019,S,110117.1,8918455.8,0.0123471038562527
JPN,2019,T,0.0,8918455.8,0.0
JPN,2019,HFCE,2419621.2,8918455.8,0.2713049494510024
JPN,2020,A01_02,101432.6,8750272.8,0.0115919357394206
JPN,2020,A03,13564.7,8750272.8,0.0015502030976679
JPN,2020,B05_06,1018.8,8750272.8,0.000116430655739
JPN,2020,B07_08,4481.1,8750272.8,0.0005121097481669
JPN,2020,B09,1579.9,8750272.8,0.0001805543708305
JPN,2020,C10T12,282055.2,8750272.8,0.032233875039873
JPN,2020,C13T15,29794.2,8750272.8,0.0034049452721062
JPN,2020,C16,19732.8,8750272.8,0.0022551068350691
JPN,2020,C17_18,99117.7,8750272.8,0.0113273839873883
JPN,2020,C19,109557.5,8750272.8,0.0125204667904753
JPN,2020,C20,174852.7,8750272.8,0.0199825427156968
JPN,2020,C21,69842.0,8750272.8,0.0079816940107284
JPN,2020,C22,115624.6,8750272.8,0.0132138280305958
JPN,2020,C23,49586.8,8750272.8,0.0056668861798228
JPN,2020,C24,270715.8,8750272.8,0.0309379840134812
JPN,2020,C25,100328.8,8750272.8,0.0114657911008214
JPN,2020,C26,161911.4,8750272.8,0.0185035831111459
JPN,2020,C27,143356.5,8750272.8,0.0163830892220868
JPN,2020,C28,281801.0,8750272.8,0.0322048245170139
JPN,2020,C29,416204.1,8750272.8,0.0475646999256983
JPN,2020,C30,56022.2,8750272.8,0.0064023375362651
JPN,2020,C31T33,272968.6,8750272.8,0.031195438843918
JPN,2020,D,201760.7,8750272.8,0.0230576468427361
JPN,2020,E,109112.5,8750272.8,0.0124696112331492
JPN,2020,F,603009.3,8750272.8,0.0689132000547457
JPN,2020,G,1019693.8,8750272.8,0.116532801125926
JPN,2020,H49,188932.6,8750272.8,0.0215916239777118
JPN,2020,H50,31378.1,8750272.8,0.003585956771542
JPN,2020,H51,23870.9,8750272.8,0.002728017805342
JPN,2020,H52,86674.0,8750272.8,0.0099052911813217
JPN,2020,H53,11532.1,8750272.8,0.0013179131969462
JPN,2020,I,203835.0,8750272.8,0.0232947023091668
JPN,2020,J58T60,125229.3,8750272.8,0.0143114738091365
JPN,2020,J61,186955.3,8750272.8,0.0213656538799567
JPN,2020,J62_63,187895.1,8750272.8,0.0214730562457435
JPN,2020,K,323093.5,8750272.8,0.0369238202493526
JPN,2020,L,718329.5,8750272.8,0.0820922405984874
JPN,2020,M,363488.6,8750272.8,0.0415402591791195
JPN,2020,N,240951.4,8750272.8,0.0275364443494835
JPN,2020,O,378702.0,8750272.8,0.0432788792596271
JPN,2020,P,210290.8,8750272.8,0.0240324850214955
JPN,2020,Q,595040.1,8750272.8,0.0680024627346475
JPN,2020,R,67040.5,8750272.8,0.0076615325638761
JPN,2020,S,97908.7,8750272.8,0.011189216866473
JPN,2020,T,0.0,8750272.8,0.0
JPN,2020,HFCE,2331975.9333333336,8750272.8,0.266503226428933
CAN,2021,A01_02,90827.90888456676,3565590.498236374,0.025473454938107
CAN,2021,A03,4539.996849632745,3565590.498236374,0.0012732804992268
CAN,2021,B05_06,88978.83246641832,3565590.498236374,0.0249548658238879
CAN,2021,B07_08,39746.47048221863,3565590.498236374,0.0111472336775292
CAN,2021,B09,19093.564559576447,3565590.498236374,0.0053549516045156
CAN,2021,C10T12,123714.18126449549,3565590.498236374,0.0346966880592955
CAN,2021,C13T15,5649.83357412051,3565590.498236374,0.0015845435915636
CAN,2021,C16,33867.97585282177,3565590.498236374,0.0094985601598315
CAN,2021,C17_18,33133.255635146634,3565590.498236374,0.0092925016631986
CAN,2021,C19,41332.80655319858,3565590.498236374,0.0115921350400846
CAN,2021,C20,37838.885172255505,3565590.498236374,0.0106122352499457
CAN,2021,C21,13485.017009325355,3565590.498236374,0.0037819870273929
CAN,2021,C22,28112.48425903522,3565590.498236374,0.0078843838833821
CAN,2021,C23,22009.11516235003,3565590.498236374,0.0061726424201647
CAN,2021,C24,68998.35128164857,3565590.498236374,0.0193511709535284
CAN,2021,C25,35782.52359876276,3565590.498236374,0.0100355112614479
CAN,2021,C26,14132.64570327577,3565590.498236374,0.0039636199698945
CAN,2021,C27,10160.637051845764,3565590.498236374,0.0028496365628278
CAN,2021,C28,34324.56507537659,3565590.498236374,0.0096266144674646
CAN,2021,C29,71101.00694699437,3565590.498236374,0.0199408785114731
CAN,2021,C30,29906.960521356697,3565590.498236374,0.0083876599222904
CAN,2021,C31T33,37412.8329496035,3565590.498236374,0.010492745302106
CAN,2021,D,55052.46986978156,3565590.498236374,0.0154399306081312
CAN,2021,E,18865.14780029951,3565590.498236374,0.0052908901932599
CAN,2021,F,325977.22160441626,3565590.498236374,0.0914230677262721
CAN,2021,G,332135.5573009276,3565590.498236374,0.0931502250371179
CAN,2021,H49,93749.20044332222,3565590.498236374,0.0262927558533973
CAN,2021,H50,5183.350363596683,3565590.498236374,0.0014537144313573
CAN,2021,H51,7815.029015268423,3565590.498236374,0.0021917909583655
CAN,2021,H52,40345.2399763236,3565590.498236374,0.0113151636443611
CAN,2021,H53,17175.230225647443,3565590.498236374,0.0048169385222848
CAN,2021,I,67955.69595694817,3565590.498236374,0.0190587494527374
CAN,2021,J58T60,40432.94224004614,3565590.498236374,0.0113397604856882
CAN,2021,J61,59693.72741109381,3565590.498236374,0.0167416105244334
CAN,2021,J62_63,76051.17677932917,3565590.498236374,0.0213291954914469
CAN,2021,K,268310.2959509083,3565590.498236374,0.0752498908900562
CAN,2021,L,342404.1731844316,3565590.498236374,0.0960301451761757
CAN,2021,M,137406.8498731639,3565590.498236374,0.0385369127332846
CAN,2021,N,98069.08659765158,3565590.498236374,0.0275043044472322
CAN,2021,O,267547.3595453226,3565590.498236374,0.0750359189249741
CAN,2021,P,137582.62084460736,3565590.498236374,0.0385862091882562
CAN,2021,Q,221661.97489853087,3565590.498236374,0.0621669748694277
CAN,2021,R,22913.74324748742,3565590.498236374,0.0064263530146889
CAN,2021,S,42412.96131378038,3565590.498236374,0.0118950735747021
CAN,2021,T,2699.592939456615,3565590.498236374,0.000757123663189
CAN,2021,HFCE,1057408.7265377368,3565590.498236374,0.2965592170667822
CAN,2022,A01_02,98374.37074132651,3861838.56804455,0.025473454938107
CAN,2022,A03,4917.203739853075,3861838.56804455,0.0012732804992268
CAN,2022,B05_06,96371.66329906712,3861838.56804455,0.0249548658238879
CAN,2022,B07_08,43048.81694288735,3861838.56804455,0.0111472336775292
CAN,2022,B09,20679.95863633039,3861838.56804455,0.0053549516045156
CAN,2022,C10T12,133993.00813079817,3861838.56804455,0.0346966880592955
CAN,2022,C13T15,6119.251554648141,3861838.56804455,0.0015845435915636
CAN,2022,C16,36681.90596612869,3861838.56804455,0.0094985601598315
CAN,2022,C17_18,35886.14131655848,3861838.56804455,0.0092925016631986
CAN,2022,C19,44766.954183779366,3861838.56804455,0.0115921350400846
CAN,2022,C20,40982.7393814022,3861838.56804455,0.0106122352499457
CAN,2022,C21,14605.423366230061,3861838.56804455,0.0037819870273929
CAN,2022,C22,30448.217766113856,3861838.56804455,0.0078843838833821
CAN,2022,C23,23837.748564939888,3861838.56804455,0.0061726424201647
CAN,2022,C24,74731.0983251594,3861838.56804455,0.0193511709535284
CAN,2022,C25,38755.524439504916,3861838.56804455,0.0100355112614479
CAN,2022,C26,15306.860468810155,3861838.56804455,0.0039636199698945
CAN,2022,C27,11004.836383238304,3861838.56804455,0.0028496365628278
CAN,2022,C28,37176.43103015044,3861838.56804455,0.0096266144674646
CAN,2022,C29,77008.4537162976,3861838.56804455,0.0199408785114731
CAN,2022,C30,32391.78858354262,3861838.56804455,0.0083876599222904
CAN,2022,C31T33,40521.28849234121,3861838.56804455,0.010492745302106
CAN,2022,D,59626.5195104126,3861838.56804455,0.0154399306081312
CAN,2022,E,20432.56380761976,3861838.56804455,0.0052908901932599
CAN,2022,F,353061.12895426655,3861838.56804455,0.0914230677262721
CAN,2022,G,359731.13167037093,3861838.56804455,0.0931502250371179
CAN,2022,H49,101538.37861482879,3861838.56804455,0.0262927558533973
CAN,2022,H50,5614.0104579385725,3861838.56804455,0.0014537144313573
CAN,2022,H51,8464.342856107214,3861838.56804455,0.0021917909583655
CAN,2022,H52,43697.33536552922,3861838.56804455,0.0113151636443611
CAN,2022,H53,18602.238965258963,3861838.56804455,0.0048169385222848
CAN,2022,I,73601.81369527924,3861838.56804455,0.0190587494527374
CAN,2022,J58T60,43792.32439601829,3861838.56804455,0.0113397604856882
CAN,2022,J61,64653.39721443744,3861838.56804455,0.0167416105244334
CAN,2022,J62_63,82369.90977423156,3861838.56804455,0.0213291954914469
CAN,2022,K,290602.9308803632,3861838.56804455,0.0752498908900562
CAN,2022,L,370852.9183362726,3861838.56804455,0.0960301451761757
CAN,2022,M,148823.33588676556,3861838.56804455,0.0385369127332846
CAN,2022,N,106217.18370156054,3861838.56804455,0.0275043044472322
CAN,2022,O,289776.60569312895,3861838.56804455,0.0750359189249741
CAN,2022,P,149013.71083784278,3861838.56804455,0.0385862091882562
CAN,2022,Q,240078.82120941218,3861838.56804455,0.0621669748694277
CAN,2022,R,24817.537923994958,3861838.56804455,0.0064263530146889
CAN,2022,S,45936.85390051212,3861838.56804455,0.0118950735747021
CAN,2022,T,2923.8893632824515,3861838.56804455,0.000757123663189
CAN,2022,HFCE,1145263.822177595,3861838.56804455,0.2965592170667822
CAN,2023,A01_02,97607.73321293938,3831743.022298995,0.025473454938107
CAN,2023,A03,4878.883668341672,3831743.022298995,0.0012732804992268
CAN,2023,B05_06,95620.63299309011,3831743.022298995,0.0249548658238879
CAN,2023,B07_08,42713.33486180888,3831743.022298995,0.0111472336775292
CAN,2023,B09,20518.79844535146,3831743.022298995,0.0053549516045156
CAN,2023,C10T12,132948.7923680904,3831743.022298995,0.0346966880592955
CAN,2023,C13T15,6071.5638505024135,3831743.022298995,0.0015845435915636
CAN,2023,C16,36396.04161432158,3831743.022298995,0.0094985601598315
CAN,2023,C17_18,35606.47840766304,3831743.022298995,0.0092925016631986
CAN,2023,C19,44418.08255339185,3831743.022298995,0.0115921350400846
CAN,2023,C20,40663.35836997487,3831743.022298995,0.0106122352499457
CAN,2023,C21,14491.602402638064,3831743.022298995,0.0037819870273929
CAN,2023,C22,30210.932930276016,3831743.022298995,0.0078843838833821
CAN,2023,C23,23651.97952261287,3831743.022298995,0.0061726424201647
CAN,2023,C24,74148.71427449743,3831743.022298995,0.0193511709535284
CAN,2023,C25,38453.50025125597,3831743.022298995,0.0100355112614479
CAN,2023,C26,15187.5731626882,3831743.022298995,0.0039636199698945
CAN,2023,C27,10919.075015703515,3831743.022298995,0.0028496365628278
CAN,2023,C28,36886.71281407004,3831743.022298995,0.0096266144674646
CAN,2023,C29,76408.32209484902,3831743.022298995,0.0199408785114731
CAN,2023,C30,32139.357380653175,3831743.022298995,0.0083876599222904
CAN,2023,C31T33,40205.50359610522,3831743.022298995,0.010492745302106
CAN,2023,D,59161.8463724874,3831743.022298995,0.0154399306081312
CAN,2023,E,20273.331579773803,3831743.022298995,0.0052908901932599
CAN,2023,F,350309.70183731156,3831743.022298995,0.0914230677262721
CAN,2023,G,356927.7248115576,3831743.022298995,0.0931502250371179
CAN,2023,H49,100747.08377826617,3831743.022298995,0.0262927558533973
CAN,2023,H50,5570.260128768686,3831743.022298995,0.0014537144313573
CAN,2023,H51,8398.379711055031,3831743.022298995,0.0021917909583655
CAN,2023,H52,43356.799340451915,3831743.022298995,0.0113151636443611
CAN,2023,H53,18457.270571608016,3831743.022298995,0.0048169385222848
CAN,2023,I,73028.23022927131,3831743.022298995,0.0190587494527374
CAN,2023,J58T60,43451.04811557762,3831743.022298995,0.0113397604856882
CAN,2023,J61,64149.5493090451,3831743.022298995,0.0167416105244334
CAN,2023,J62_63,81727.99599560283,3831743.022298995,0.0213291954914469
CAN,2023,K,288338.24434673355,3831743.022298995,0.0752498908900562
CAN,2023,L,367962.8387091707,3831743.022298995,0.0960301451761757
CAN,2023,M,147663.54646670856,3831743.022298995,0.0385369127332846
CAN,2023,N,105389.4266488692,3831743.022298995,0.0275043044472322
CAN,2023,O,287518.3587625626,3831743.022298995,0.0750359189249741
CAN,2023,P,147852.43781407006,3831743.022298995,0.0385862091882562
CAN,2023,Q,238207.87217336657,3831743.022298995,0.0621669748694277
CAN,2023,R,24624.133322864305,3831743.022298995,0.0064263530146889
CAN,2023,S,45578.86516959793,3831743.022298995,0.0118950735747021
CAN,2023,T,2901.103313441905,3831743.022298995,0.000757123663189
CAN,2023,HFCE,1136338.7106940956,3831743.022298995,0.2965592170667822
CAN,2024,A01_02,100657.66610999676,3951472.870663413,0.025473454938107
CAN,2024,A03,5031.3333494394665,3951472.870663413,0.0012732804992268
CAN,2024,B05_06,98608.47529413861,3951472.870663413,0.0249548658238879
CAN,2024,B07_08,44047.991459702185,3951472.870663413,0.0111472336775292
CAN,2024,B09,21159.945988958905,3951472.870663413,0.0053549516045156
CAN,2024,C10T12,137103.02156817736,3951472.870663413,0.0346966880592955
CAN,2024,C13T15,6261.281014447133,3951472.870663413,0.0015845435915636
CAN,2024,C16,37533.3027819385,3951472.870663413,0.0094985601598315
CAN,2024,C17_18,36719.06822272391,3951472.870663413,0.0092925016631986
CAN,2024,C19,45806.00712396103,3951472.870663413,0.0115921350400846
CAN,2024,C20,41933.9596872584,3951472.870663413,0.0106122352499457
CAN,2024,C21,14944.41913594401,3951472.870663413,0.0037819870273929
CAN,2024,C22,31154.929017080212,3951472.870663413,0.0078843838833821
CAN,2024,C23,24391.029063586964,3951472.870663413,0.0061726424201647
CAN,2024,C24,76465.62703843732,3951472.870663413,0.0193511709535284
CAN,2024,C25,39655.05049284854,3951472.870663413,0.0100355112614479
CAN,2024,C26,15662.13678065785,3951472.870663413,0.0039636199698945
CAN,2024,C27,11260.261569264587,3951472.870663413,0.0028496365628278
CAN,2024,C28,38039.30590452228,3951472.870663413,0.0096266144674646
CAN,2024,C29,78795.84045528097,3951472.870663413,0.0199408785114731
CAN,2024,C30,33143.610631281306,3951472.870663413,0.0083876599222904
CAN,2024,C31T33,41461.79840005283,3951472.870663413,0.010492745302106
CAN,2024,D,61010.46692295608,3951472.870663413,0.0154399306081312
CAN,2024,E,20906.809060325595,3951472.870663413,0.0052908901932599
CAN,2024,F,361255.77187318803,3951472.870663413,0.0914230677262721
CAN,2024,G,368080.58713036316,3951472.870663413,0.0931502250371179
CAN,2024,H49,103895.11144967609,3951472.870663413,0.0262927558533973
CAN,2024,H50,5744.313137200261,3951472.870663413,0.0014537144313573
CAN,2024,H51,8660.802510146636,3951472.870663413,0.0021917909583655
CAN,2024,H52,44711.56216780984,3951472.870663413,0.0113151636443611
CAN,2024,H53,19034.0018904619,3951472.870663413,0.0048169385222848
CAN,2024,I,75310.131411263,3951472.870663413,0.0190587494527374
CAN,2024,J58T60,44808.75591901789,3951472.870663413,0.0113397604856882
CAN,2024,J61,66154.01979851165,3951472.870663413,0.0167416105244334
CAN,2024,J62_63,84281.7373375288,3951472.870663413,0.0213291954914469
CAN,2024,K,297347.9023724389,3951472.870663413,0.0752498908900562
CAN,2024,L,379460.5134295273,3951472.870663413,0.0960301451761757
CAN,2024,M,152277.5651846975,3951472.870663413,0.0385369127332846
CAN,2024,N,108682.51284970509,3951472.870663413,0.0275043044472322
CAN,2024,O,296502.3979573345,3951472.870663413,0.0750359189249741
CAN,2024,P,152472.35878913768,3951472.870663413,0.0385862091882562
CAN,2024,Q,245651.11464775773,3951472.870663413,0.0621669748694277
CAN,2024,R,25393.559594849226,3951472.870663413,0.0064263530146889
CAN,2024,S,47003.06052498061,3951472.870663413,0.0118950735747021
CAN,2024,T,2991.7536148286367,3951472.870663413,0.000757123663189
CAN,2024,HFCE,1171845.700784572,3951472.870663413,0.2965592170667822
CAN,2025,A01_02,104706.91145402877,4110432.2797373086,0.025473454938107
CAN,2025,A03,5233.733265181874,4110432.2797373086,0.0012732804992268
CAN,2025,B05_06,102575.28601902218,4110432.2797373086,0.0249548658238879
CAN,2025,B07_08,45819.94913789086,4110432.2797373086,0.0111472336775292
CAN,2025,B09,22011.16593163202,4110432.2797373086,0.0053549516045156
CAN,2025,C10T12,142618.38659890427,4110432.2797373086,0.0346966880592955
CAN,2025,C13T15,6513.159127413912,4110432.2797373086,0.0015845435915636
CAN,2025,C16,39043.188291998165,4110432.2797373086,0.0094985601598315
CAN,2025,C17_18,38196.19879592415,4110432.2797373086,0.0092925016631986
CAN,2025,C19,47648.68605983768,4110432.2797373086,0.0115921350400846
CAN,2025,C20,43620.87433154293,4110432.2797373086,0.0106122352499457
CAN,2025,C21,15545.601558943525,4110432.2797373086,0.0037819870273929
CAN,2025,C22,32408.226020094382,4110432.2797373086,0.0078843838833821
CAN,2025,C23,25372.228655120805,4110432.2797373086,0.0061726424201647
CAN,2025,C24,79541.67773809812,4110432.2797373086,0.0193511709535284
CAN,2025,C25,41250.289432722726,4110432.2797373086,0.0100355112614479
CAN,2025,C26,16292.19146886577,4110432.2797373086,0.0039636199698945
CAN,2025,C27,11713.238113367062,4110432.2797373086,0.0028496365628278
CAN,2025,C28,39569.546851652674,4110432.2797373086,0.0096266144674646
CAN,2025,C29,81965.63071987907,4110432.2797373086,0.0199408785114731
CAN,2025,C30,34476.90809604139,4110432.2797373086,0.0083876599222904
CAN,2025,C31T33,43129.7189928385,4110432.2797373086,0.010492745302106
CAN,2025,D,63464.789168566575,4110432.2797373086,0.0154399306081312
CAN,2025,E,21747.84583892106,4110432.2797373086,0.0052908901932599
CAN,2025,F,375788.32869467896,4110432.2797373086,0.0914230677262721
CAN,2025,G,382887.69185736385,4110432.2797373086,0.0931502250371179
CAN,2025,H49,108074.59238305634,4110432.2797373086,0.0262927558533973
CAN,2025,H50,5975.394724171012,4110432.2797373086,0.0014537144313573
CAN,2025,H51,9009.208305701923,4110432.2797373086,0.0021917909583655
CAN,2025,H52,46510.21389429191,4110432.2797373086,0.0113151636443611
CAN,2025,H53,19799.699591509576,4110432.2797373086,0.0048169385222848
CAN,2025,I,78339.69896195758,4110432.2797373086,0.0190587494527374
CAN,2025,J58T60,46611.3175448624,4110432.2797373086,0.0113397604856882
CAN,2025,J61,68815.2563144209,4110432.2797373086,0.0167416105244334
CAN,2025,J62_63,87672.2136488708,4110432.2797373086,0.0213291954914469
CAN,2025,K,309309.5805611974,4110432.2797373086,0.0752498908900562
CAN,2025,L,394725.4085600126,4110432.2797373086,0.0960301451761757
CAN,2025,M,158403.37006031274,4110432.2797373086,0.0385369127332846
CAN,2025,N,113054.58083162564,4110432.2797373086,0.0275043044472322
CAN,2025,O,308430.06328896515,4110432.2797373086,0.0750359189249741
CAN,2025,P,158605.99980010462,4110432.2797373086,0.0385862091882562
CAN,2025,Q,255533.1402369137,4110432.2797373086,0.0621669748694277
CAN,2025,R,26415.08887256442,4110432.2797373086,0.0064263530146889
CAN,2025,S,48893.89439130577,4110432.2797373086,0.0118950735747021
CAN,2025,T,3112.1055449250234,4110432.2797373086,0.000757123663189
CAN,2025,HFCE,1218986.5786849249,4110432.2797373086,0.2965592170667822
CAN,2026,A01_02,108918.1829589163,4275752.277166777,0.025473454938107
CAN,2026,A03,5444.231994041041,4275752.277166777,0.0012732804992268
CAN,2026,B05_06,106700.82437288007,4275752.277166777,0.0249548658238879
CAN,2026,B07_08,47662.80978080567,4275752.277166777,0.0111472336775292
CAN,2026,B09,22896.446517125463,4275752.277166777,0.0053549516045156
CAN,2026,C10T12,148354.44297967808,4275752.277166777,0.0346966880592955
CAN,2026,C13T15,6775.115869898087,4275752.277166777,0.0015845435915636
CAN,2026,C16,40613.490233205164,4275752.277166777,0.0094985601598315
CAN,2026,C17_18,39732.43514699748,4275752.277166777,0.0092925016631986
CAN,2026,C19,49565.097794866524,4275752.277166777,0.0115921350400846
CAN,2026,C20,45375.289035784874,4275752.277166777,0.0106122352499457
CAN,2026,C21,16170.839644590404,4275752.277166777,0.0037819870273929
CAN,2026,C22,33711.67234342805,4275752.277166777,0.0078843838833821
CAN,2026,C23,26392.68988415546,4275752.277166777,0.0061726424201647
CAN,2026,C24,82740.81327039265,4275752.277166777,0.0193511709535284
CAN,2026,C25,42909.3601286687,4275752.277166777,0.0100355112614479
CAN,2026,C26,16947.45711210012,4275752.277166777,0.0039636199698945
CAN,2026,C27,12184.340022608674,4275752.277166777,0.0028496365628278
CAN,2026,C28,41161.01873066841,4275752.277166777,0.0096266144674646
CAN,2026,C29,85262.25670413715,4275752.277166777,0.0199408785114731
CAN,2026,C30,35863.556012833695,4275752.277166777,0.0083876599222904
CAN,2026,C31T33,44864.37961921073,4275752.277166777,0.010492745302106
CAN,2026,D,66017.318457014,4275752.277166777,0.0154399306081312
CAN,2026,E,22622.535792070386,4275752.277166777,0.0052908901932599
CAN,2026,F,390902.3900161804,4275752.277166777,0.0914230677262721
CAN,2026,G,398287.2868210546,4275752.277166777,0.0931502250371179
CAN,2026,H49,112421.31071315362,4275752.277166777,0.0262927558533973
CAN,2026,H50,6215.722790226182,4275752.277166777,0.0014537144313573
CAN,2026,H51,9371.55518130484,4275752.277166777,0.0021917909583655
CAN,2026,H52,48380.836718891704,4275752.277166777,0.0113151636443611
CAN,2026,H53,20596.035855631606,4275752.277166777,0.0048169385222848
CAN,2026,I,81490.49137249301,4275752.277166777,0.0190587494527374
CAN,2026,J58T60,48486.006719207166,4275752.277166777,0.0113397604856882
CAN,2026,J61,71582.9793232854,4275752.277166777,0.0167416105244334
CAN,2026,J62_63,91198.35619268943,4275752.277166777,0.0213291954914469
CAN,2026,K,321749.8923297093,4275752.277166777,0.0752498908900562
CAN,2026,L,410601.11191368947,4275752.277166777,0.0960301451761757
CAN,2026,M,164774.292374319,4275752.277166777,0.0385369127332846
CAN,2026,N,117601.5923721414,4275752.277166777,0.0275043044472322
CAN,2026,O,320835.0012127597,4275752.277166777,0.0750359189249741
CAN,2026,P,164985.07180392006,4275752.277166777,0.0385862091882562
CAN,2026,Q,265810.5843625253,4275752.277166777,0.0621669748694277
CAN,2026,R,27477.49353643365,4275752.277166777,0.0064263530146889
CAN,2026,S,50860.38792409886,4275752.277166777,0.0118950735747021
CAN,2026,T,3237.2732269772187,4275752.277166777,0.000757123663189
CAN,2026,HFCE,1268013.7476880904,4275752.277166777,0.2965592170667822
CAN,2027,A01_02,113291.48062465941,4447432.862951821,0.025473454938107
CAN,2027,A03,5662.82953601697,4447432.862951821,0.0012732804992268
CAN,2027,B05_06,110985.09035571231,4447432.862951821,0.0249548658238879
CAN,2027,B07_08,49576.573388446646,4447432.862951821,0.0111472336775292
CAN,2027,B09,23815.787745439262,4447432.862951821,0.0053549516045156
CAN,2027,C10T12,154311.19071049883,4447432.862951821,0.0346966880592955
CAN,2027,C13T15,7047.151241899663,4447432.862951821,0.0015845435915636
CAN,2027,C16,42244.208605559514,4447432.862951821,0.0094985601598315
CAN,2027,C17_18,41327.7772759439,4447432.862951821,0.0092925016631986
CAN,2027,C19,51555.24232904757,4447432.862951821,0.0115921350400846
CAN,2027,C20,47197.203799984236,4447432.862951821,0.0106122352499457
CAN,2027,C21,16820.13339288465,4447432.862951821,0.0037819870273929
CAN,2027,C22,35065.26798708125,4447432.862951821,0.0078843838833821
CAN,2027,C23,27452.412750690946,4447432.862951821,0.0061726424201647
CAN,2027,C24,86063.03363532093,4447432.862951821,0.0193511709535284
CAN,2027,C25,44632.262580686474,4447432.862951821,0.0100355112614479
CAN,2027,C26,17627.933710360903,4447432.862951821,0.0039636199698945
CAN,2027,C27,12673.567296989428,4447432.862951821,0.0028496365628278
CAN,2027,C28,42813.7215415695,4447432.862951821,0.0096266144674646
CAN,2027,C29,88685.71840805524,4447432.862951821,0.0199408785114731
CAN,2027,C30,37303.55438165824,4447432.862951821,0.0083876599222904
CAN,2027,C31T33,46665.78027916955,4447432.862951821,0.010492745302106
CAN,2027,D,68668.05478829838,4447432.862951821,0.0154399306081312
CAN,2027,E,23530.87891977359,4447432.862951821,0.0052908901932599
CAN,2027,F,406597.9558376925,4447432.862951821,0.0914230677262721
CAN,2027,G,414279.3720214356,4447432.862951821,0.0931502250371179
CAN,2027,H49,116935.266439968,4447432.862951821,0.0262927558533973
CAN,2027,H50,6465.297335365774,4447432.862951821,0.0014537144313573
CAN,2027,H51,9747.843136955391,4447432.862951821,0.0021917909583655
CAN,2027,H52,50323.430641609244,4447432.862951821,0.0113151636443611
CAN,2027,H53,21423.010682828,4447432.862951821,0.0048169385222848
CAN,2027,I,84762.50864286933,4447432.862951821,0.0190587494527374
CAN,2027,J58T60,50432.823442052206,4447432.862951821,0.0113397604856882
CAN,2027,J61,74457.18882510517,4447432.862951821,0.0167416105244334
CAN,2027,J62_63,94860.16496898475,4447432.862951821,0.0213291954914469
CAN,2027,K,334668.8376779748,4447432.862951821,0.0752498908900562
CAN,2027,L,427087.62349055806,4447432.862951821,0.0960301451761757
CAN,2027,M,171390.3321267164,4447432.862951821,0.0385369127332846
CAN,2027,N,122323.5474712524,4447432.862951821,0.0275043044472322
CAN,2027,O,333717.2117287183,4447432.862951821,0.0750359189249741
CAN,2027,P,171609.57480058412,4447432.862951821,0.0385862091882562
CAN,2027,Q,276483.4470245927,4447432.862951821,0.0621669748694277
CAN,2027,R,28580.77358645692,4447432.862951821,0.0064263530146889
CAN,2027,S,52902.54112335991,4447432.862951821,0.0118950735747021
CAN,2027,T,3367.2566609852242,4447432.862951821,0.000757123663189
CAN,2027,HFCE,1318927.2077940695,4447432.862951821,0.2965592170667822
CAN,2028,A01_02,117826.80445125811,4625474.037092439,0.025473454938107
CAN,2028,A03,5889.525891109663,4625474.037092439,0.0012732804992268
CAN,2028,B05_06,115428.08396751889,4625474.037092439,0.0249548658238879
CAN,2028,B07_08,51561.239960813786,4625474.037092439,0.0111472336775292
CAN,2028,B09,24769.189616573407,4625474.037092439,0.0053549516045156
CAN,2028,C10T12,160488.62979136658,4625474.037092439,0.0346966880592955
CAN,2028,C13T15,7329.2652434186375,4625474.037092439,0.0015845435915636
CAN,2028,C16,43935.34340906121,4625474.037092439,0.0094985601598315
CAN,2028,C17_18,42982.22518276343,4625474.037092439,0.0092925016631986
CAN,2028,C19,53619.119662380836,4625474.037092439,0.0115921350400846
CAN,2028,C20,49086.618624141025,4625474.037092439,0.0106122352499457
CAN,2028,C21,17493.48280382627,4625474.037092439,0.0037819870273929
CAN,2028,C22,36469.01295105396,4625474.037092439,0.0078843838833821
CAN,2028,C23,28551.397254727257,4625474.037092439,0.0061726424201647
CAN,2028,C24,89508.33883288295,4625474.037092439,0.0193511709535284
CAN,2028,C25,46418.99678877605,4625474.037092439,0.0100355112614479
CAN,2028,C26,18333.62126364812,4625474.037092439,0.0039636199698945
CAN,2028,C27,13180.919936509326,4625474.037092439,0.0028496365628278
CAN,2028,C28,44527.65528435596,4625474.037092439,0.0096266144674646
CAN,2028,C29,92236.01583163334,4625474.037092439,0.0199408785114731
CAN,2028,C30,38796.90320251503,4625474.037092439,0.0083876599222904
CAN,2028,C31T33,48533.92097271496,4625474.037092439,0.010492745302106
CAN,2028,D,71416.99816241974,4625474.037092439,0.0154399306081312
CAN,2028,E,24472.875222030663,4625474.037092439,0.0052908901932599
CAN,2028,F,422875.02615921525,4625474.037092439,0.0914230677262721
CAN,2028,G,430863.9474585069,4625474.037092439,0.0931502250371179
CAN,2028,H49,121616.45956349948,4625474.037092439,0.0262927558533973
CAN,2028,H50,6724.118359589789,4625474.037092439,0.0014537144313573
CAN,2028,H51,10138.072172653576,4625474.037092439,0.0021917909583655
CAN,2028,H52,52337.99566244453,4625474.037092439,0.0113151636443611
CAN,2028,H53,22280.624073098763,4625474.037092439,0.0048169385222848
CAN,2028,I,88155.75077308658,4625474.037092439,0.0190587494527374
CAN,2028,J58T60,52451.767713397516,4625474.037092439,0.0113397604856882
CAN,2028,J61,77437.88481988022,4625474.037092439,0.0167416105244334
CAN,2028,J62_63,98657.63997775674,4625474.037092439,0.0213291954914469
CAN,2028,K,348066.41660599376,4625474.037092439,0.0752498908900562
CAN,2028,L,444184.9432906184,4625474.037092439,0.0960301451761757
CAN,2028,M,178251.48931750492,4625474.037092439,0.0385369127332846
CAN,2028,N,127220.44612895865,4625474.037092439,0.0275043044472322
CAN,2028,O,347076.6948368409,4625474.037092439,0.0750359189249741
CAN,2028,P,178479.50879009676,4625474.037092439,0.0385862091882562
CAN,2028,Q,287551.72822311596,4625474.037092439,0.0621669748694277
CAN,2028,R,29724.929022634235,4625474.037092439,0.0064263530146889
CAN,2028,S,55020.35398908891,4625474.037092439,0.0118950735747021
CAN,2028,T,3502.0558469490397,4625474.037092439,0.000757123663189
CAN,2028,HFCE,1371726.9590028618,4625474.037092439,0.2965592170667822
CAN,2029,A01_02,122524.15443871234,4809875.79958863,0.025473454938107
CAN,2029,A03,6124.321059319114,4809875.79958863,0.0012732804992268
CAN,2029,B05_06,120029.80520829977,4809875.79958863,0.0249548658238879
CAN,2029,B07_08,53616.80949790707,4809875.79958863,0.0111472336775292
CAN,2029,B09,25756.652130527887,4809875.79958863,0.0053549516045156
CAN,2029,C10T12,166886.7602222812,4809875.79958863,0.0346966880592955
CAN,2029,C13T15,7621.457874455011,4809875.79958863,0.0015845435915636
CAN,2029,C16,45686.89464371024,4809875.79958863,0.0094985601598315
CAN,2029,C17_18,44695.77886745604,4809875.79958863,0.0092925016631986
CAN,2029,C19,55756.729794866296,4809875.79958863,0.0115921350400846
CAN,2029,C20,51043.53350825522,4809875.79958863,0.0106122352499457
CAN,2029,C21,18190.88787741525,4809875.79958863,0.0037819870273929
CAN,2029,C22,37922.90723534619,4809875.79958863,0.0078843838833821
CAN,2029,C23,29689.643396264382,4809875.79958863,0.0061726424201647
CAN,2029,C24,93076.72886307868,4809875.79958863,0.0193511709535284
CAN,2029,C25,48269.56275293742,4809875.79958863,0.0100355112614479
CAN,2029,C26,19064.519771961768,4809875.79958863,0.0039636199698945
CAN,2029,C27,13706.39794116836,4809875.79958863,0.0028496365628278
CAN,2029,C28,46302.819959027765,4809875.79958863,0.0096266144674646
CAN,2029,C29,95913.1489748714,4809875.79958863,0.0199408785114731
CAN,2029,C30,40343.60247540405,4809875.79958863,0.0083876599222904
CAN,2029,C31T33,50468.80169984693,4809875.79958863,0.010492745302106
CAN,2029,D,74264.14857937802,4809875.79958863,0.0154399306081312
CAN,2029,E,25448.5246988416,4809875.79958863,0.0052908901932599
CAN,2029,F,439733.6009807485,4809875.79958863,0.0914230677262721
CAN,2029,G,448041.0131322683,4809875.79958863,0.0931502250371179
CAN,2029,H49,126464.89008374797,4809875.79958863,0.0262927558533973
CAN,2029,H50,6992.185862898224,4809875.79958863,0.0014537144313573
CAN,2029,H51,10542.24228839939,4809875.79958863,0.0021917909583655
CAN,2029,H52,54424.53178139754,4809875.79958863,0.0113151636443611
CAN,2029,H53,23168.87602644388,4809875.79958863,0.0048169385222848
CAN,2029,I,91670.21776314467,4809875.79958863,0.0190587494527374
CAN,2029,J58T60,54542.83953324308,4809875.79958863,0.0113397604856882
CAN,2029,J61,80525.06730761052,4809875.79958863,0.0167416105244334
CAN,2029,J62_63,102590.78121900535,4809875.79958863,0.0213291954914469
CAN,2029,K,361942.6291137662,4809875.79958863,0.0752498908900562
CAN,2029,L,461893.0713138703,4809875.79958863,0.0960301451761757
CAN,2029,M,185357.7639466845,4809875.79958863,0.0385369127332846
CAN,2029,N,132292.28834526008,4809875.79958863,0.0275043044472322
CAN,2029,O,360913.45053712744,4809875.79958863,0.0750359189249741
CAN,2029,P,185594.8737724579,4809875.79958863,0.0385862091882562
CAN,2029,Q,299015.42795809486,4809875.79958863,0.0621669748694277
CAN,2029,R,30909.95984496558,4809875.79958863,0.0064263530146889
CAN,2029,S,57213.826521285846,4809875.79958863,0.0118950735747021
CAN,2029,T,3641.6707848686638,4809875.79958863,0.000757123663189
CAN,2029,HFCE,1426413.001314467,4809875.79958863,0.2965592170667822
CAN,2030,A01_02,127383.53058702213,5000638.150440395,0.025473454938107
CAN,2030,A03,6367.2150406453275,5000638.150440395,0.0012732804992268
CAN,2030,B05_06,124790.254078055,5000638.150440395,0.0249548658238879
CAN,2030,B07_08,55743.2819997265,5000638.150440395,0.0111472336775292
CAN,2030,B09,26778.175287302714,5000638.150440395,0.0053549516045156
CAN,2030,C10T12,173505.5820032428,5000638.150440395,0.0346966880592955
CAN,2030,C13T15,7923.729135008782,5000638.150440395,0.0015845435915636
CAN,2030,C16,47498.862309506614,5000638.150440395,0.0094985601598315
CAN,2030,C17_18,46468.43833002174,5000638.150440395,0.0092925016631986
CAN,2030,C19,57968.072726503946,5000638.150440395,0.0115921350400846
CAN,2030,C20,53067.94845232683,5000638.150440395,0.0106122352499457
CAN,2030,C21,18912.3486136516,5000638.150440395,0.0037819870273929
CAN,2030,C22,39426.95083995792,5000638.150440395,0.0078843838833821
CAN,2030,C23,30867.151175302326,5000638.150440395,0.0061726424201647
CAN,2030,C24,96768.20372590816,5000638.150440395,0.0193511709535284
CAN,2030,C25,50183.960473170584,5000638.150440395,0.0100355112614479
CAN,2030,C26,19820.629235301843,5000638.150440395,0.0039636199698945
CAN,2030,C27,14250.001310966534,5000638.150440395,0.0028496365628278
CAN,2030,C28,48139.21556558493,5000638.150440395,0.0096266144674646
CAN,2030,C29,99717.11783776945,5000638.150440395,0.0199408785114731
CAN,2030,C30,41943.6522003253,5000638.150440395,0.0083876599222904
CAN,2030,C31T33,52470.42246056549,5000638.150440395,0.010492745302106
CAN,2030,D,77209.50603917324,5000638.150440395,0.0154399306081312
CAN,2030,E,26457.827350206408,5000638.150440395,0.0052908901932599
CAN,2030,F,457173.6803022922,5000638.150440395,0.0914230677262721
CAN,2030,G,465810.5690427198,5000638.150440395,0.0931502250371179
CAN,2030,H49,131480.55800071356,5000638.150440395,0.0262927558533973
CAN,2030,H50,7269.499845291079,5000638.150440395,0.0014537144313573
CAN,2030,H51,10960.353484192836,5000638.150440395,0.0021917909583655
CAN,2030,H52,56583.03899846829,5000638.150440395,0.0113151636443611
CAN,2030,H53,24087.76654286335,5000638.150440395,0.0048169385222848
CAN,2030,I,95305.90961304364,5000638.150440395,0.0190587494527374
CAN,2030,J58T60,56706.038901588916,5000638.150440395,0.0113397604856882
CAN,2030,J61,83718.73628829609,5000638.150440395,0.0167416105244334
CAN,2030,J62_63,106659.58869273063,5000638.150440395,0.0213291954914469
CAN,2030,K,376297.47520129214,5000638.150440395,0.0752498908900562
CAN,2030,L,480212.00756031385,5000638.150440395,0.0960301451761757
CAN,2030,M,192709.1560142552,5000638.150440395,0.0385369127332846
CAN,2030,N,137539.07412015676,5000638.150440395,0.0275043044472322
CAN,2030,O,375227.4788295779,5000638.150440395,0.0750359189249741
CAN,2030,P,192955.66974766765,5000638.150440395,0.0385862091882562
CAN,2030,Q,310874.5462295295,5000638.150440395,0.0621669748694277
CAN,2030,R,32135.866053450958,5000638.150440395,0.0064263530146889
CAN,2030,S,59482.95871995072,5000638.150440395,0.0118950735747021
CAN,2030,T,3786.1014747440972,5000638.150440395,0.000757123663189
CAN,2030,HFCE,1482985.3347288852,5000638.150440395,0.2965592170667822
CAN,2031,A01_02,132404.9328961875,5197761.089647735,0.025473454938107
CAN,2031,A03,6618.207835088303,5197761.089647735,0.0012732804992268
CAN,2031,B05_06,129709.43057678458,5197761.089647735,0.0249548658238879
CAN,2031,B07_08,57940.6574662721,5197761.089647735,0.0111472336775292
CAN,2031,B09,27833.75908689789,5197761.089647735,0.0053549516045156
CAN,2031,C10T12,180345.09513425134,5197761.089647735,0.0346966880592955
CAN,2031,C13T15,8236.079025079953,5197761.089647735,0.0015845435915636
CAN,2031,C16,49371.24640645034,5197761.089647735,0.0094985601598315
CAN,2031,C17_18,48300.203570460544,5197761.089647735,0.0092925016631986
CAN,2031,C19,60253.14845729382,5197761.089647735,0.0115921350400846
CAN,2031,C20,55159.863456355866,5197761.089647735,0.0106122352499457
CAN,2031,C21,19657.865012535316,5197761.089647735,0.0037819870273929
CAN,2031,C22,40981.14376488918,5197761.089647735,0.0078843838833821
CAN,2031,C23,32083.9205918411,5197761.089647735,0.0061726424201647
CAN,2031,C24,100582.76342137136,5197761.089647735,0.0193511709535284
CAN,2031,C25,52162.18994947555,5197761.089647735,0.0100355112614479
CAN,2031,C26,20601.949653668355,5197761.089647735,0.0039636199698945
CAN,2031,C27,14811.73004590385,5197761.089647735,0.0028496365628278
CAN,2031,C28,50036.84210402745,5197761.089647735,0.0096266144674646
CAN,2031,C29,103647.92242032751,5197761.089647735,0.0199408785114731
CAN,2031,C30,43597.052377278786,5197761.089647735,0.0083876599222904
CAN,2031,C31T33,54538.78325487063,5197761.089647735,0.010492745302106
CAN,2031,D,80253.07054180543,5197761.089647735,0.0154399306081312
CAN,2031,E,27500.78317612509,5197761.089647735,0.0052908901932599
CAN,2031,F,475195.26412384666,5197761.089647735,0.0914230677262721
CAN,2031,G,484172.6151898616,5197761.089647735,0.0931502250371179
CAN,2031,H49,136663.4633143962,5197761.089647735,0.0262927558533973
CAN,2031,H50,7556.060306768356,5197761.089647735,0.0014537144313573
CAN,2031,H51,11392.405760033915,5197761.089647735,0.0021917909583655
CAN,2031,H52,58813.51731365678,5197761.089647735,0.0113151636443611
CAN,2031,H53,25037.295622357193,5197761.089647735,0.0048169385222848
CAN,2031,I,99062.82632278351,5197761.089647735,0.0190587494527374
CAN,2031,J58T60,58941.36581843503,5197761.089647735,0.0113397604856882
CAN,2031,J61,87018.89176193693,5197761.089647735,0.0167416105244334
CAN,2031,J62_63,110864.06239893258,5197761.089647735,0.0213291954914469
CAN,2031,K,391130.9548685716,5197761.089647735,0.0752498908900562
CAN,2031,L,499141.7520299491,5197761.089647735,0.0960301451761757
CAN,2031,M,200305.665520217,5197761.089647735,0.0385369127332846
CAN,2031,N,142960.80345364867,5197761.089647735,0.0275043044472322
CAN,2031,O,390018.77971419244,5197761.089647735,0.0750359189249741
CAN,2031,P,200561.89671572598,5197761.089647735,0.0385862091882562
CAN,2031,Q,323129.0830374199,5197761.089647735,0.0621669748694277
CAN,2031,R,33402.64764809038,5197761.089647735,0.0064263530146889
CAN,2031,S,61827.75058508356,5197761.089647735,0.0118950735747021
CAN,2031,T,3935.347916575341,5197761.089647735,0.000757123663189
CAN,2031,HFCE,1541443.9592461167,5197761.089647735,0.2965592170667822
CAN,2032,A01_02,137588.36136620844,5401244.617210648,0.025473454938107
CAN,2032,A03,6877.29944264804,5401244.617210648,0.0012732804992268
CAN,2032,B05_06,134787.3347044885,5401244.617210648,0.0249548658238879
CAN,2032,B07_08,60208.93589754385,5401244.617210648,0.0111472336775292
CAN,2032,B09,28923.403529313407,5401244.617210648,0.0053549516045156
CAN,2032,C10T12,187405.2996153068,5401244.617210648,0.0346966880592955
CAN,2032,C13T15,8558.507544668522,5401244.617210648,0.0015845435915636
CAN,2032,C16,51304.0469345414,5401244.617210648,0.0094985601598315
CAN,2032,C17_18,50191.07458877243,5401244.617210648,0.0092925016631986
CAN,2032,C19,62611.95698723589,5401244.617210648,0.0115921350400846
CAN,2032,C20,57319.27852034231,5401244.617210648,0.0106122352499457
CAN,2032,C21,20427.4370740664,5401244.617210648,0.0037819870273929
CAN,2032,C22,42585.48601013995,5401244.617210648,0.0078843838833821
CAN,2032,C23,33339.95164588069,5401244.617210648,0.0061726424201647
CAN,2032,C24,104520.40794946831,5401244.617210648,0.0193511709535284
CAN,2032,C25,54204.25118185231,5401244.617210648,0.0100355112614479
CAN,2032,C26,21408.481027061298,5401244.617210648,0.0039636199698945
CAN,2032,C27,15391.584145980307,5401244.617210648,0.0028496365628278
CAN,2032,C28,51995.69957435532,5401244.617210648,0.0096266144674646
CAN,2032,C29,107705.56272254555,5401244.617210648,0.0199408785114731
CAN,2032,C30,45303.80300626451,5401244.617210648,0.0083876599222904
CAN,2032,C31T33,56673.88408276234,5401244.617210648,0.010492745302106
CAN,2032,D,83394.84208727456,5401244.617210648,0.0154399306081312
CAN,2032,E,28577.392176597637,5401244.617210648,0.0052908901932599
CAN,2032,F,493798.35244541167,5401244.617210648,0.0914230677262721
CAN,2032,G,503127.15157369355,5401244.617210648,0.0931502250371179
CAN,2032,H49,142013.60602479594,5401244.617210648,0.0262927558533973
CAN,2032,H50,7851.867247330055,5401244.617210648,0.0014537144313573
CAN,2032,H51,11838.399115922624,5401244.617210648,0.0021917909583655
CAN,2032,H52,61115.966726963015,5401244.617210648,0.0113151636443611
CAN,2032,H53,26017.46326492539,5401244.617210648,0.0048169385222848
CAN,2032,I,102940.96789236426,5401244.617210648,0.0190587494527374
CAN,2032,J58T60,61248.820283781395,5401244.617210648,0.0113397604856882
CAN,2032,J61,90425.53372853303,5401244.617210648,0.0167416105244334
CAN,2032,J62_63,115204.20233761119,5401244.617210648,0.0213291954914469
CAN,2032,K,406443.0681156046,5401244.617210648,0.0752498908900562
CAN,2032,L,518682.30472277605,5401244.617210648,0.0960301451761757
CAN,2032,M,208147.2924645699,5401244.617210648,0.0385369127332846
CAN,2032,N,148557.4763457358,5401244.617210648,0.0275043044472322
CAN,2032,O,405287.35319097096,5401244.617210648,0.0750359189249741
CAN,2032,P,208413.55467663283,5401244.617210648,0.0385862091882562
CAN,2032,Q,335779.038381766,5401244.617210648,0.0621669748694277
CAN,2032,R,34710.304628883845,5401244.617210648,0.0064263530146889
CAN,2032,S,64248.20211668433,5401244.617210648,0.0118950735747021
CAN,2032,T,4089.410110362394,5401244.617210648,0.000757123663189
CAN,2032,HFCE,1601788.8748661613,5401244.617210648,0.2965592170667822
CAN,2033,A01_02,142933.81599708495,5611088.733129136,0.025473454938107
CAN,2033,A03,7144.489863324539,5611088.733129136,0.0012732804992268
CAN,2033,B05_06,140023.96646116674,5611088.733129136,0.0249548658238879
CAN,2033,B07_08,62548.11729354176,5611088.733129136,0.0111472336775292
CAN,2033,B09,30047.108614549274,5611088.733129136,0.0053549516045156
CAN,2033,C10T12,194686.19544640923,5611088.733129136,0.0346966880592955
CAN,2033,C13T15,8891.014693774492,5611088.733129136,0.0015845435915636
CAN,2033,C16,53297.26389377982,5611088.733129136,0.0094985601598315
CAN,2033,C17_18,52141.05138495743,5611088.733129136,0.0092925016631986
CAN,2033,C19,65044.49831633017,5611088.733129136,0.0115921350400846
CAN,2033,C20,59546.193644286184,5611088.733129136,0.0106122352499457
CAN,2033,C21,21221.064798244857,5611088.733129136,0.0037819870273929
CAN,2033,C22,44239.97757571025,5611088.733129136,0.0078843838833821
CAN,2033,C23,34635.244337421114,5611088.733129136,0.0061726424201647
CAN,2033,C24,108581.137310199,5611088.733129136,0.0193511709535284
CAN,2033,C25,56310.14417030088,5611088.733129136,0.0100355112614479
CAN,2033,C26,22240.223355480673,5611088.733129136,0.0039636199698945
CAN,2033,C27,15989.563611195907,5611088.733129136,0.0028496365628278
CAN,2033,C28,54015.78797656856,5611088.733129136,0.0096266144674646
CAN,2033,C29,111890.03874442361,5611088.733129136,0.0199408785114731
CAN,2033,C30,47063.90408728248,5611088.733129136,0.0083876599222904
CAN,2033,C31T33,58875.72494424065,5611088.733129136,0.010492745302106
CAN,2033,D,86634.82067558066,5611088.733129136,0.0154399306081312
CAN,2033,E,29687.654351624064,5611088.733129136,0.0052908901932599
CAN,2033,F,512982.9452669873,5611088.733129136,0.0914230677262721
CAN,2033,G,522674.1781942158,5611088.733129136,0.0931502250371179
CAN,2033,H49,147530.98613191274,5611088.733129136,0.0262927558533973
CAN,2033,H50,8156.920666976175,5611088.733129136,0.0014537144313573
CAN,2033,H51,12298.33355185897,5611088.733129136,0.0021917909583655
CAN,2033,H52,63490.38723838699,5611088.733129136,0.0113151636443611
CAN,2033,H53,27028.269470567953,5611088.733129136,0.0048169385222848
CAN,2033,I,106940.33432178591,5611088.733129136,0.0190587494527374
CAN,2033,J58T60,63628.40229762805,5611088.733129136,0.0113397604856882
CAN,2033,J61,93938.66218808442,5611088.733129136,0.0167416105244334
CAN,2033,J62_63,119680.00850876646,5611088.733129136,0.0213291954914469
CAN,2033,K,422233.8149423911,5611088.733129136,0.0752498908900562
CAN,2033,L,538833.6656387948,5611088.733129136,0.0960301451761757
CAN,2033,M,216234.03684731395,5611088.733129136,0.0385369127332846
CAN,2033,N,154329.0927964182,5611088.733129136,0.0275043044472322
CAN,2033,O,421033.1992599135,5611088.733129136,0.0750359189249741
CAN,2033,P,216510.6436303883,5611088.733129136,0.0385862091882562
CAN,2033,Q,348824.41226256796,5611088.733129136,0.0621669748694277
CAN,2033,R,36058.83699583135,5611088.733129136,0.0064263530146889
CAN,2033,S,66744.31331475308,5611088.733129136,0.0118950735747021
CAN,2033,T,4248.288056105257,5611088.733129136,0.000757123663189
CAN,2033,HFCE,1664020.0815890194,5611088.733129136,0.2965592170667822
CAN,2034,A01_02,148441.296788817,5827293.437403197,0.025473454938107
CAN,2034,A03,7419.779097117798,5827293.437403197,0.0012732804992268
CAN,2034,B05_06,145419.3258468193,5827293.437403197,0.0249548658238879
CAN,2034,B07_08,64958.201654265824,5827293.437403197,0.0111472336775292
CAN,2034,B09,31204.87434260548,5827293.437403197,0.0053549516045156
CAN,2034,C10T12,202187.78262755857,5827293.437403197,0.0346966880592955
CAN,2034,C13T15,9233.600472397859,5827293.437403197,0.0015845435915636
CAN,2034,C16,55350.89728416556,5827293.437403197,0.0094985601598315
CAN,2034,C17_18,54150.1339590155,5827293.437403197,0.0092925016631986
CAN,2034,C19,67550.77244457664,5827293.437403197,0.0115921350400846
CAN,2034,C20,61840.60882818746,5827293.437403197,0.0106122352499457
CAN,2034,C21,22038.74818507067,5827293.437403197,0.0037819870273929
CAN,2034,C22,45944.61846160005,5827293.437403197,0.0078843838833821
CAN,2034,C23,35969.798666462346,5827293.437403197,0.0061726424201647
CAN,2034,C24,112764.95150356341,5827293.437403197,0.0193511709535284
CAN,2034,C25,58479.86891482123,5827293.437403197,0.0100355112614479
CAN,2034,C26,23097.176638926478,5827293.437403197,0.0039636199698945
CAN,2034,C27,16605.668441550642,5827293.437403197,0.0028496365628278
CAN,2034,C28,56097.10731066714,5827293.437403197,0.0096266144674646
CAN,2034,C29,116201.35048596162,5827293.437403197,0.0199408785114731
CAN,2034,C30,48877.355620332666,5827293.437403197,0.0083876599222904
CAN,2034,C31T33,61144.30583930552,5827293.437403197,0.010492745302106
CAN,2034,D,89973.00630672369,5827293.437403197,0.0154399306081312
CAN,2034,E,30831.56970120435,5827293.437403197,0.0052908901932599
CAN,2034,F,532749.0425885734,5827293.437403197,0.0914230677262721
CAN,2034,G,542813.6950514282,5827293.437403197,0.0931502250371179
CAN,2034,H49,153215.6036357466,5827293.437403197,0.0262927558533973
CAN,2034,H50,8471.220565706715,5827293.437403197,0.0014537144313573
CAN,2034,H51,12772.209067842943,5827293.437403197,0.0021917909583655
CAN,2034,H52,65936.77884792868,5827293.437403197,0.0113151636443611
CAN,2034,H53,28069.714239284873,5827293.437403197,0.0048169385222848
CAN,2034,I,111060.92561104843,5827293.437403197,0.0190587494527374
CAN,2034,J58T60,66080.11185997495,5827293.437403197,0.0113397604856882
CAN,2034,J61,97558.27714059106,5827293.437403197,0.0167416105244334
CAN,2034,J62_63,124291.48091239839,5827293.437403197,0.0213291954914469
CAN,2034,K,438503.1953489311,5827293.437403197,0.0752498908900562
CAN,2034,L,559595.8347780049,5827293.437403197,0.0960301451761757
CAN,2034,M,224565.89866844905,5827293.437403197,0.0385369127332846
CAN,2034,N,160275.65280569578,5827293.437403197,0.0275043044472322
CAN,2034,O,437256.31792102,5827293.437403197,0.0750359189249741
CAN,2034,P,224853.16357699232,5827293.437403197,0.0385862091882562
CAN,2034,Q,362265.2046798256,5827293.437403197,0.0621669748694277
CAN,2034,R,37448.244748932884,5827293.437403197,0.0064263530146889
CAN,2034,S,69316.08417928974,5827293.437403197,0.0118950735747021
CAN,2034,T,4411.981753803929,5827293.437403197,0.000757123663189
CAN,2034,HFCE,1728137.5794146901,5827293.437403197,0.2965592170667822
CAN,2035,A01_02,154110.8037414046,6049858.730032832,0.025473454938107
CAN,2035,A03,7703.167144027819,6049858.730032832,0.0012732804992268
CAN,2035,B05_06,150973.41286144618,6049858.730032832,0.0249548658238879
CAN,2035,B07_08,67439.18897971603,6049858.730032832,0.0111472336775292
CAN,2035,B09,32396.700713482027,6049858.730032832,0.0053549516045156
CAN,2035,C10T12,209910.06115875483,6049858.730032832,0.0346966880592955
CAN,2035,C13T15,9586.264880538625,6049858.730032832,0.0015845435915636
CAN,2035,C16,57464.94710569866,6049858.730032832,0.0094985601598315
CAN,2035,C17_18,56218.32231094666,6049858.730032832,0.0092925016631986
CAN,2035,C19,70130.77937197532,6049858.730032832,0.0115921350400846
CAN,2035,C20,64202.52407204615,6049858.730032832,0.0106122352499457
CAN,2035,C21,22880.487234543856,6049858.730032832,0.0037819870273929
CAN,2035,C22,47699.408667809366,6049858.730032832,0.0078843838833821
CAN,2035,C23,37343.6146330044,6049858.730032832,0.0061726424201647
CAN,2035,C24,117071.85052956156,6049858.730032832,0.0193511709535284
CAN,2035,C25,60713.42541541338,6049858.730032832,0.0100355112614479
CAN,2035,C26,23979.34087739871,6049858.730032832,0.0039636199698945
CAN,2035,C27,17239.89863704452,6049858.730032832,0.0028496365628278
CAN,2035,C28,58239.65757665108,6049858.730032832,0.0096266144674646
CAN,2035,C29,120639.49794715963,6049858.730032832,0.0199408785114731
CAN,2035,C30,50744.15760541509,6049858.730032832,0.0083876599222904
CAN,2035,C31T33,63479.62676795697,6049858.730032832,0.010492745302106
CAN,2035,D,93409.39898070367,6049858.730032832,0.0154399306081312
CAN,2035,E,32009.138225338505,6049858.730032832,0.0052908901932599
CAN,2035,F,553096.6444101701,6049858.730032832,0.0914230677262721
CAN,2035,G,563545.7021453306,6049858.730032832,0.0931502250371179
CAN,2035,H49,159067.45853629752,6049858.730032832,0.0262927558533973
CAN,2035,H50,8794.766943521676,6049858.730032832,0.0014537144313573
CAN,2035,H51,13260.025663874549,6049858.730032832,0.0021917909583655
CAN,2035,H52,68455.14155558812,6049858.730032832,0.0113151636443611
CAN,2035,H53,29141.79757107615,6049858.730032832,0.0048169385222848
CAN,2035,I,115302.74176015182,6049858.730032832,0.0190587494527374
CAN,2035,J58T60,68603.94897082211,6049858.730032832,0.0113397604856882
CAN,2035,J61,101284.37858605295,6049858.730032832,0.0167416105244334
CAN,2035,J62_63,129038.61954850695,6049858.730032832,0.0213291954914469
CAN,2035,K,455251.2093352246,6049858.730032832,0.0752498908900562
CAN,2035,L,580968.8121404068,6049858.730032832,0.0960301451761757
CAN,2035,M,233142.87792797526,6049858.730032832,0.0385369127332846
CAN,2035,N,166397.15637356858,6049858.730032832,0.0275043044472322
CAN,2035,O,453956.7091742904,6049858.730032832,0.0750359189249741
CAN,2035,P,233441.11451644485,6049858.730032832,0.0385862091882562
CAN,2035,Q,376101.4156335389,6049858.730032832,0.0621669748694277
CAN,2035,R,38878.52788818845,6049858.730032832,0.0064263530146889
CAN,2035,S,71963.51471029434,6049858.730032832,0.0118950735747021
CAN,2035,T,4580.4912034584095,6049858.730032832,0.000757123663189
CAN,2035,HFCE,1794141.368343174,6049858.730032832,0.2965592170667822
CAN,2036,A01_02,159942.3368548478,6278784.611018042,0.025473454938107
CAN,2036,A03,7994.6540040546015,6278784.611018042,0.0012732804992268
CAN,2036,B05_06,156686.2275050474,6278784.611018042,0.0249548658238879
CAN,2036,B07_08,69991.0792698924,6278784.611018042,0.0111472336775292
CAN,2036,B09,33622.58772717892,6278784.611018042,0.0053549516045156
CAN,2036,C10T12,217853.03103999805,6278784.611018042,0.0346966880592955
CAN,2036,C13T15,9949.00791819679,6278784.611018042,0.0015845435915636
CAN,2036,C16,59639.4133583791,6278784.611018042,0.0094985601598315
CAN,2036,C17_18,58345.61644075093,6278784.611018042,0.0092925016631986
CAN,2036,C19,72784.5190985262,6278784.611018042,0.0115921350400846
CAN,2036,C20,66631.93937586228,6278784.611018042,0.0106122352499457
CAN,2036,C21,23746.28194666441,6278784.611018042,0.0037819870273929
CAN,2036,C22,49504.3481943382,6278784.611018042,0.0078843838833821
CAN,2036,C23,38756.69223704728,6278784.611018042,0.0061726424201647
CAN,2036,C24,121501.83438819344,6278784.611018042,0.0193511709535284
CAN,2036,C25,63010.81367207733,6278784.611018042,0.0100355112614479
CAN,2036,C26,24886.71607089738,6278784.611018042,0.0039636199698945
CAN,2036,C27,17892.25419767754,6278784.611018042,0.0028496365628278
CAN,2036,C28,60443.43877452038,6278784.611018042,0.0096266144674646
CAN,2036,C29,125204.48112801765,6278784.611018042,0.0199408785114731
CAN,2036,C30,52664.31004252975,6278784.611018042,0.0083876599222904
CAN,2036,C31T33,65881.687730195,6278784.611018042,0.010492745302106
CAN,2036,D,96943.99869752061,6278784.611018042,0.0154399306081312
CAN,2036,E,33220.35992402653,6278784.611018042,0.0052908901932599
CAN,2036,F,574025.7507317774,6278784.611018042,0.0914230677262721
CAN,2036,G,584870.1994759233,6278784.611018042,0.0931502250371179
CAN,2036,H49,165086.55083356553,6278784.611018042,0.0262927558533973
CAN,2036,H50,9127.559800421059,6278784.611018042,0.0014537144313573
CAN,2036,H51,13761.783339953789,6278784.611018042,0.0021917909583655
CAN,2036,H52,71045.4753613653,6278784.611018042,0.0113151636443611
CAN,2036,H53,30244.51946594179,6278784.611018042,0.0048169385222848
CAN,2036,I,119665.78276909611,6278784.611018042,0.0190587494527374
CAN,2036,J58T60,71199.91363016955,6278784.611018042,0.0113397604856882
CAN,2036,J61,105116.96652447013,6278784.611018042,0.0167416105244334
CAN,2036,J62_63,133921.4244170922,6278784.611018042,0.0213291954914469
CAN,2036,K,472477.8569012716,6278784.611018042,0.0752498908900562
CAN,2036,L,602952.5977260005,6278784.611018042,0.0960301451761757
CAN,2036,M,241964.9746258926,6278784.611018042,0.0385369127332846
CAN,2036,N,172693.60350003664,6278784.611018042,0.0275043044472322
CAN,2036,O,471134.37301972485,6278784.611018042,0.0750359189249741
CAN,2036,P,242274.496448746,6278784.611018042,0.0385862091882562
CAN,2036,Q,390333.045123708,6278784.611018042,0.0621669748694277
CAN,2036,R,40349.68641359807,6278784.611018042,0.0064263530146889
CAN,2036,S,74686.60490776692,6278784.611018042,0.0118950735747021
CAN,2036,T,4753.8164050687,6278784.611018042,0.000757123663189
CAN,2036,HFCE,1862031.448374471,6278784.611018042,0.2965592170667822
CAN,2037,A01_02,165935.8961291465,6514071.080358825,0.025473454938107
CAN,2037,A03,8294.239677198144,6514071.080358825,0.0012732804992268
CAN,2037,B05_06,162557.76977762295,6514071.080358825,0.0249548658238879
CAN,2037,B07_08,72613.87252479492,6514071.080358825,0.0111472336775292
CAN,2037,B09,34882.53538369616,6514071.080358825,0.0053549516045156
CAN,2037,C10T12,226016.6922712882,6514071.080358825,0.0346966880592955
CAN,2037,C13T15,10321.829585372352,6514071.080358825,0.0015845435915636
CAN,2037,C16,61874.29604220687,6514071.080358825,0.0094985601598315
CAN,2037,C17_18,60532.01634842828,6514071.080358825,0.0092925016631986
CAN,2037,C19,75511.99162422928,6514071.080358825,0.0115921350400846
CAN,2037,C20,69128.85473963579,6514071.080358825,0.0106122352499457
CAN,2037,C21,24636.132321432327,6514071.080358825,0.0037819870273929
CAN,2037,C22,51359.437041186546,6514071.080358825,0.0078843838833821
CAN,2037,C23,40209.03147859098,6514071.080358825,0.0061726424201647
CAN,2037,C24,126054.90307945905,6514071.080358825,0.0193511709535284
CAN,2037,C25,65372.033684813076,6514071.080358825,0.0100355112614479
CAN,2037,C26,25819.302219422476,6514071.080358825,0.0039636199698945
CAN,2037,C27,18562.735123449696,6514071.080358825,0.0028496365628278
CAN,2037,C28,62708.45090427502,6514071.080358825,0.0096266144674646
CAN,2037,C29,129896.30002853564,6514071.080358825,0.0199408785114731
CAN,2037,C30,54637.81293167665,6514071.080358825,0.0083876599222904
CAN,2037,C31T33,68350.48872601961,6514071.080358825,0.010492745302106
CAN,2037,D,100576.80545717449,6514071.080358825,0.0154399306081312
CAN,2037,E,34465.23479726843,6514071.080358825,0.0052908901932599
CAN,2037,F,595536.3615533953,6514071.080358825,0.0914230677262721
CAN,2037,G,606787.1870432062,6514071.080358825,0.0931502250371179
CAN,2037,H49,171272.8805275506,6514071.080358825,0.0262927558533973
CAN,2037,H50,9469.599136404862,6514071.080358825,0.0014537144313573
CAN,2037,H51,14277.482096080657,6514071.080358825,0.0021917909583655
CAN,2037,H52,73707.78026526021,6514071.080358825,0.0113151636443611
CAN,2037,H53,31377.87992388179,6514071.080358825,0.0048169385222848
CAN,2037,I,124150.04863788126,6514071.080358825,0.0190587494527374
CAN,2037,J58T60,73868.00583801724,6514071.080358825,0.0113397604856882
CAN,2037,J61,109056.04095584255,6514071.080358825,0.0167416105244334
CAN,2037,J62_63,138939.89551815408,6514071.080358825,0.0213291954914469
CAN,2037,K,490183.13804707205,6514071.080358825,0.0752498908900562
CAN,2037,L,625547.1915347856,6514071.080358825,0.0960301451761757
CAN,2037,M,251032.18876220097,6514071.080358825,0.0385369127332846
CAN,2037,N,179164.99418509987,6514071.080358825,0.0275043044472322
CAN,2037,O,488789.3094573232,6514071.080358825,0.0750359189249741
CAN,2037,P,251353.30937389567,6514071.080358825,0.0385862091882562
CAN,2037,Q,404960.0931503328,6514071.080358825,0.0621669748694277
CAN,2037,R,41861.72032516172,6514071.080358825,0.0064263530146889
CAN,2037,S,77485.35477170741,6514071.080358825,0.0118950735747021
CAN,2037,T,4931.9573586348,6514071.080358825,0.000757123663189
CAN,2037,HFCE,1931807.819508581,6514071.080358825,0.2965592170667822
CAN,2038,A01_02,172091.48156430083,6755718.138055183,0.025473454938107
CAN,2038,A03,8601.92416345845,6755718.138055183,0.0012732804992268
CAN,2038,B05_06,168588.03967917289,6755718.138055183,0.0249548658238879
CAN,2038,B07_08,75307.5687444236,6755718.138055183,0.0111472336775292
CAN,2038,B09,36176.54368303374,6755718.138055183,0.0053549516045156
CAN,2038,C10T12,234401.04485262532,6755718.138055183,0.0346966880592955
CAN,2038,C13T15,10704.729882065316,6755718.138055183,0.0015845435915636
CAN,2038,C16,64169.595157182004,6755718.138055183,0.0094985601598315
CAN,2038,C17_18,62777.52203397874,6755718.138055183,0.0092925016631986
CAN,2038,C19,78313.19694908458,6755718.138055183,0.0115921350400846
CAN,2038,C20,71693.27016336675,6755718.138055183,0.0106122352499457
CAN,2038,C21,25550.038358847618,6755718.138055183,0.0037819870273929
CAN,2038,C22,53264.67520835441,6755718.138055183,0.0078843838833821
CAN,2038,C23,41700.632357635506,6755718.138055183,0.0061726424201647
CAN,2038,C24,130731.05660335842,6755718.138055183,0.0193511709535284
CAN,2038,C25,67797.08545362063,6755718.138055183,0.0100355112614479
CAN,2038,C26,26777.09932297401,6755718.138055183,0.0039636199698945
CAN,2038,C27,19251.341414360995,6755718.138055183,0.0028496365628278
CAN,2038,C28,65034.69396591504,6755718.138055183,0.0096266144674646
CAN,2038,C29,134714.95464871364,6755718.138055183,0.0199408785114731
CAN,2038,C30,56664.666272855786,6755718.138055183,0.0083876599222904
CAN,2038,C31T33,70886.0297554308,6755718.138055183,0.010492745302106
CAN,2038,D,104307.81925966534,6755718.138055183,0.0154399306081312
CAN,2038,E,35743.7628450642,6755718.138055183,0.0052908901932599
CAN,2038,F,617628.4768750238,6755718.138055183,0.0914230677262721
CAN,2038,G,629296.6648471794,6755718.138055183,0.0931502250371179
CAN,2038,H49,177626.44761825274,6755718.138055183,0.0262927558533973
CAN,2038,H50,9820.884951473088,6755718.138055183,0.0014537144313573
CAN,2038,H51,14807.121932255162,6755718.138055183,0.0021917909583655
CAN,2038,H52,76442.05626727287,6755718.138055183,0.0113151636443611
CAN,2038,H53,32541.878944896154,6755718.138055183,0.0048169385222848
CAN,2038,I,128755.53936650734,6755718.138055183,0.0190587494527374
CAN,2038,J58T60,76608.22559436523,6755718.138055183,0.0113397604856882
CAN,2038,J61,113101.60188017026,6755718.138055183,0.0167416105244334
CAN,2038,J62_63,144094.03285169264,6755718.138055183,0.0213291954914469
CAN,2038,K,508367.0527726261,6755718.138055183,0.0752498908900562
CAN,2038,L,648752.5935667626,6755718.138055183,0.0960301451761757
CAN,2038,M,260344.52033690052,6755718.138055183,0.0385369127332846
CAN,2038,N,185811.3284287584,6755718.138055183,0.0275043044472322
CAN,2038,O,506921.5184870857,6755718.138055183,0.0750359189249741
CAN,2038,P,260677.55329189397,6755718.138055183,0.0385862091882562
CAN,2038,Q,419982.5597134135,6755718.138055183,0.0621669748694277
CAN,2038,R,43414.62962287941,6755718.138055183,0.0064263530146889
CAN,2038,S,80359.76430211587,6755718.138055183,0.0118950735747021
CAN,2038,T,5114.91406415671,6755718.138055183,0.000757123663189
CAN,2038,HFCE,2003470.4817455045,6755718.138055183,0.2965592170667822
CAN,2039,A01_02,178409.09316031067,7003725.784107113,0.025473454938107
CAN,2039,A03,8917.707462835517,7003725.784107113,0.0012732804992268
CAN,2039,B05_06,174777.03720969707,7003725.784107113,0.0249548658238879
CAN,2039,B07_08,78072.16792877842,7003725.784107113,0.0111472336775292
CAN,2039,B09,37504.612625191665,7003725.784107113,0.0053549516045156
CAN,2039,C10T12,243006.0887840093,7003725.784107113,0.0346966880592955
CAN,2039,C13T15,11097.708808275676,7003725.784107113,0.0015845435915636
CAN,2039,C16,66525.31070330447,7003725.784107113,0.0094985601598315
CAN,2039,C17_18,65082.13349740227,7003725.784107113,0.0092925016631986
CAN,2039,C19,81188.13507309207,7003725.784107113,0.0115921350400846
CAN,2039,C20,74325.1856470551,7003725.784107113,0.0106122352499457
CAN,2039,C21,26488.00005891027,7003725.784107113,0.0037819870273929
CAN,2039,C22,55220.062695841785,7003725.784107113,0.0078843838833821
CAN,2039,C23,43231.49487418084,7003725.784107113,0.0061726424201647
CAN,2039,C24,135530.29495989147,7003725.784107113,0.0193511709535284
CAN,2039,C25,70285.96897849996,7003725.784107113,0.0100355112614479
CAN,2039,C26,27760.107381551967,7003725.784107113,0.0039636199698945
CAN,2039,C27,19958.073070411432,7003725.784107113,0.0028496365628278
CAN,2039,C28,67422.16795944038,7003725.784107113,0.0096266144674646
CAN,2039,C29,139660.4449885516,7003725.784107113,0.0199408785114731
CAN,2039,C30,58744.870066067146,7003725.784107113,0.0083876599222904
CAN,2039,C31T33,73488.31081842857,7003725.784107113,0.010492745302106
CAN,2039,D,108137.0401049931,7003725.784107113,0.0154399306081312
CAN,2039,E,37055.944067413824,7003725.784107113,0.0052908901932599
CAN,2039,F,640302.0966966627,7003725.784107113,0.0914230677262721
CAN,2039,G,652398.6328878426,7003725.784107113,0.0931502250371179
CAN,2039,H49,184147.2521056719,7003725.784107113,0.0262927558533973
CAN,2039,H50,10181.417245625733,7003725.784107113,0.0014537144313573
CAN,2039,H51,15350.702848477293,7003725.784107113,0.0021917909583655
CAN,2039,H52,79248.30336740325,7003725.784107113,0.0113151636443611
CAN,2039,H53,33736.516528984874,7003725.784107113,0.0048169385222848
CAN,2039,I,133482.25495497425,7003725.784107113,0.0190587494527374
CAN,2039,J58T60,79420.57289921345,7003725.784107113,0.0113397604856882
CAN,2039,J61,117253.64929745322,7003725.784107113,0.0167416105244334
CAN,2039,J62_63,149383.83641770785,7003725.784107113,0.0213291954914469
CAN,2039,K,527029.6010779336,7003725.784107113,0.0752498908900562
CAN,2039,L,672568.803821931,7003725.784107113,0.0960301451761757
CAN,2039,M,269901.96934999106,7003725.784107113,0.0385369127332846
CAN,2039,N,192632.6062310121,7003725.784107113,0.0275043044472322
CAN,2039,O,525531.000109012,7003725.784107113,0.0750359189249741
CAN,2039,P,270247.2282027407,7003725.784107113,0.0385862091882562
CAN,2039,Q,435400.44481294975,7003725.784107113,0.0621669748694277
CAN,2039,R,45008.41430675113,7003725.784107113,0.0064263530146889
CAN,2039,S,83309.83349899226,7003725.784107113,0.0118950735747021
CAN,2039,T,5302.686521634429,7003725.784107113,0.000757123663189
CAN,2039,HFCE,2077019.4350852405,7003725.784107113,0.2965592170667822
CAN,2040,A01_02,184888.7309171761,7258094.018514618,0.025473454938107
CAN,2040,A03,9241.589575329344,7258094.018514618,0.0012732804992268
CAN,2040,B05_06,181124.76236919564,7258094.018514618,0.0249548658238879
CAN,2040,B07_08,80907.6700778594,7258094.018514618,0.0111472336775292
CAN,2040,B09,38866.742210169934,7258094.018514618,0.0053549516045156
CAN,2040,C10T12,251831.82406544028,7258094.018514618,0.0346966880592955
CAN,2040,C13T15,11500.766364003435,7258094.018514618,0.0015845435915636
CAN,2040,C16,68941.44268057427,7258094.018514618,0.0094985601598315
CAN,2040,C17_18,67445.85073869891,7258094.018514618,0.0092925016631986
CAN,2040,C19,84136.80599625176,7258094.018514618,0.0115921350400846
CAN,2040,C20,77024.60119070088,7258094.018514618,0.0106122352499457
CAN,2040,C21,27450.01742162029,7258094.018514618,0.0037819870273929
CAN,2040,C22,57225.59950364868,7258094.018514618,0.0078843838833821
CAN,2040,C23,44801.619028227,7258094.018514618,0.0061726424201647
CAN,2040,C24,140452.6181490583,7258094.018514618,0.0193511709535284
CAN,2040,C25,72838.6842594511,7258094.018514618,0.0100355112614479
CAN,2040,C26,28768.32639515636,7258094.018514618,0.0039636199698945
CAN,2040,C27,20682.93009160101,7258094.018514618,0.0028496365628278
CAN,2040,C28,69870.87288485111,7258094.018514618,0.0096266144674646
CAN,2040,C29,144732.7710480496,7258094.018514618,0.0199408785114731
CAN,2040,C30,60878.424311310744,7258094.018514618,0.0083876599222904
CAN,2040,C31T33,76157.33191501291,7258094.018514618,0.010492745302106
CAN,2040,D,112064.46799315783,7258094.018514618,0.0154399306081312
CAN,2040,E,38401.77846431733,7258094.018514618,0.0052908901932599
CAN,2040,F,663557.2210183124,7258094.018514618,0.0914230677262721
CAN,2040,G,676093.091165196,7258094.018514618,0.0931502250371179
CAN,2040,H49,190835.29398980818,7258094.018514618,0.0262927558533973
CAN,2040,H50,10551.196018862798,7258094.018514618,0.0014537144313573
CAN,2040,H51,15908.22484474706,7258094.018514618,0.0021917909583655
CAN,2040,H52,82126.52156565138,7258094.018514618,0.0113151636443611
CAN,2040,H53,34961.792676147954,7258094.018514618,0.0048169385222848
CAN,2040,I,138330.19540328206,7258094.018514618,0.0190587494527374
CAN,2040,J58T60,82305.04775256195,7258094.018514618,0.0113397604856882
CAN,2040,J61,121512.18320769144,7258094.018514618,0.0167416105244334
CAN,2040,J62_63,154809.3062161997,7258094.018514618,0.0213291954914469
CAN,2040,K,546170.7829629945,7258094.018514618,0.0752498908900562
CAN,2040,L,696995.8223002913,7258094.018514618,0.0960301451761757
CAN,2040,M,279704.5358014728,7258094.018514618,0.0385369127332846
CAN,2040,N,199628.82759186105,7258094.018514618,0.0275043044472322
CAN,2040,O,544617.7543231024,7258094.018514618,0.0750359189249741
CAN,2040,P,280062.3341064361,7258094.018514618,0.0385862091882562
CAN,2040,Q,451213.7484489418,7258094.018514618,0.0621669748694277
CAN,2040,R,46643.074376776894,7258094.018514618,0.0064263530146889
CAN,2040,S,86335.56236233661,7258094.018514618,0.0118950735747021
CAN,2040,T,5495.274731067957,7258094.018514618,0.000757123663189
CAN,2040,HFCE,2152454.67952779,7258094.018514618,0.2965592170667822
USA,2021,A01_02,531002.2342388567,39751066.962659165,0.0133581882151154
USA,2021,A03,5305.899166901076,39751066.962659165,0.0001334781572501
USA,2021,B05_06,299801.2129043113,39751066.962659165,0.0075419664379307
USA,2021,B07_08,79230.39891730131,39751066.962659165,0.0019931640826579
USA,2021,B09,69404.86508539168,39751066.962659165,0.0017459874762755
USA,2021,C10T12,1085915.6702516142,39751066.962659165,0.0273178999515079
USA,2021,C13T15,70630.61706557508,39751066.962659165,0.0017768231763923
USA,2021,C16,135141.12424873738,39751066.962659165,0.0033996854568881
USA,2021,C17_18,281139.68517708423,39751066.962659165,0.0070725066434362
USA,2021,C19,363409.345721898,39751066.962659165,0.0091421280858517
USA,2021,C20,513614.14449121815,39751066.962659165,0.0129207637363216
USA,2021,C21,331410.37665272696,39751066.962659165,0.008337144181917
USA,2021,C22,262060.18412014312,39751066.962659165,0.0065925320788575
USA,2021,C23,177993.20498826774,39751066.962659165,0.0044776962881391
USA,2021,C24,247430.3412965168,39751066.962659165,0.0062244955972866
USA,2021,C25,404461.4463302101,39751066.962659165,0.0101748576135113
USA,2021,C26,483146.1177984523,39751066.962659165,0.0121542930722414
USA,2021,C27,140801.23058335358,39751066.962659165,0.0035420742471043
USA,2021,C28,395814.311172092,39751066.962659165,0.0099573254610727
USA,2021,C29,676880.8038849651,39751066.962659165,0.0170279908340776
USA,2021,C30,296111.6473220569,39751066.962659165,0.0074491496693715
USA,2021,C31T33,294359.9076786161,39751066.962659165,0.0074050819303826
USA,2021,D,535958.4730426442,39751066.962659165,0.0134828701213506
USA,2021,E,140753.98817463533,39751066.962659165,0.003540885790735
USA,2021,F,1981834.5713844171,39751066.962659165,0.0498561352641449
USA,2021,G,4116851.8767524725,39751066.962659165,0.1035658207770802
USA,2021,H49,645172.054026159,39751066.962659165,0.0162303078463834
USA,2021,H50,44085.262863803386,39751066.962659165,0.0011090334482145
USA,2021,H51,115240.98041125423,39751066.962659165,0.0028990663450495
USA,2021,H52,338727.0724273052,39751066.962659165,0.0085212070595613
USA,2021,H53,190199.37916746482,39751066.962659165,0.0047847616102011
USA,2021,I,961754.746406543,39751066.962659165,0.0241944385369576
USA,2021,J58T60,942809.9860223539,39751066.962659165,0.0237178535838547
USA,2021,J61,706409.4163893572,39751066.962659165,0.0177708290711526
USA,2021,J62_63,1130819.8015331924,39751066.962659165,0.0284475333101234
USA,2021,K,3484903.261260363,39751066.962659165,0.08766816912195
USA,2021,L,4128477.3907156005,39751066.962659165,0.103858278687054
USA,2021,M,2978593.3920043455,39751066.962659165,0.0749311558052602
USA,2021,N,1525297.352154384,39751066.962659165,0.0383712304775919
USA,2021,O,3337088.7509358856,39751066.962659165,0.0839496649000802
USA,2021,P,1658080.7918741568,39751066.962659165,0.041711604708163
USA,2021,Q,2830942.012156914,39751066.962659165,0.0712167553846091
USA,2021,R,252278.89845977796,39751066.962659165,0.0063464686041449
USA,2021,S,534802.2539034638,39751066.962659165,0.0134537836281436
USA,2021,T,24920.48149629053,39751066.962659165,0.000626913524603
USA,2021,HFCE,12838571.81936771,39751066.962659165,0.3229742696322551
USA,2022,A01_02,583151.2763553588,43654967.79686758,0.0133581882151154
USA,2022,A03,5826.984656338343,43654967.79686758,0.0001334781572501
USA,2022,B05_06,329244.3019729208,43654967.79686758,0.0075419664379307
USA,2022,B07_08,87011.51384230373,43654967.79686758,0.0019931640826579
USA,2022,B09,76221.02705054104,43654967.79686758,0.0017459874762755
USA,2022,C10T12,1192562.0426611279,43654967.79686758,0.0273178999515079
USA,2022,C13T15,77567.15854613381,43654967.79686758,0.0017768231763923
USA,2022,C16,148413.15913992905,43654967.79686758,0.0033996854568881
USA,2022,C17_18,308750.04976233933,43654967.79686758,0.0070725066434362
USA,2022,C19,399099.3071826946,43654967.79686758,0.0091421280858517
USA,2022,C20,564055.5248200538,43654967.79686758,0.0129207637363216
USA,2022,C21,363957.7607794285,43654967.79686758,0.008337144181917
USA,2022,C22,287796.77560234064,43654967.79686758,0.0065925320788575
USA,2022,C23,195473.68726286592,43654967.79686758,0.0044776962881391
USA,2022,C24,271730.1548512906,43654967.79686758,0.0062244955972866
USA,2022,C25,444183.0814555487,43654967.79686758,0.0101748576135113
USA,2022,C26,530595.2726623891,43654967.79686758,0.0121542930722414
USA,2022,C27,154629.13719145217,43654967.79686758,0.0035420742471043
USA,2022,C28,434686.72234605835,43654967.79686758,0.0099573254610727
USA,2022,C29,743356.3915070138,43654967.79686758,0.0170279908340776
USA,2022,C30,325192.38893045957,43654967.79686758,0.0074491496693715
USA,2022,C31T33,323268.6132040184,43654967.79686758,0.0074050819303826
USA,2022,D,588594.2609569086,43654967.79686758,0.0134828701213506
USA,2022,E,154577.25516692243,43654967.79686758,0.003540885790735
USA,2022,F,2176467.97943252,43654967.79686758,0.0498561352641449
USA,2022,G,4521162.570879595,43654967.79686758,0.1035658207770802
USA,2022,H49,708533.5663671145,43654967.79686758,0.0162303078463834
USA,2022,H50,48414.819467453,43654967.79686758,0.0011090334482145
USA,2022,H51,126558.6479341185,43654967.79686758,0.0028990663450495
USA,2022,H52,371993.01977558923,43654967.79686758,0.0085212070595613
USA,2022,H53,208878.61400901727,43654967.79686758,0.0047847616102011
USA,2022,I,1056207.435194176,43654967.79686758,0.0241944385369576
USA,2022,J58T60,1035402.1344139973,43654967.79686758,0.0237178535838547
USA,2022,J61,775784.970824805,43654967.79686758,0.0177708290711526
USA,2022,J62_63,1241876.1505537548,43654967.79686758,0.0284475333101234
USA,2022,K,3827151.099829068,43654967.79686758,0.08766816912195
USA,2022,L,4533929.811521441,43654967.79686758,0.103858278687054
USA,2022,M,3271117.1936607016,43654967.79686758,0.0749311558052602
USA,2022,N,1675094.8308254583,43654967.79686758,0.0383712304775919
USA,2022,O,3664819.917770826,43654967.79686758,0.0839496649000802
USA,2022,P,1820918.7602905259,43654967.79686758,0.041711604708163
USA,2022,Q,3108965.162912506,43654967.79686758,0.0712167553846091
USA,2022,R,277054.8825377767,43654967.79686758,0.0063464686041449
USA,2022,S,587324.4910326331,43654967.79686758,0.0134537836281436
USA,2022,T,27367.889727964717,43654967.79686758,0.000626913524603
USA,2022,HFCE,14099431.340012923,43654967.79686758,0.3229742696322551
USA,2023,A01_02,621579.7187078812,46531738.33892649,0.0133581882151154
USA,2023,A03,6210.970687123737,46531738.33892649,0.0001334781572501
USA,2023,B05_06,350940.8088507568,46531738.33892649,0.0075419664379307
USA,2023,B07_08,92745.38956078385,46531738.33892649,0.0019931640826579
USA,2023,B09,81243.83238909418,46531738.33892649,0.0017459874762755
USA,2023,C10T12,1271149.3725125382,46531738.33892649,0.0273178999515079
USA,2023,C13T15,82678.67111842672,46531738.33892649,0.0017768231763923
USA,2023,C16,158193.2741145708,46531738.33892649,0.0033996854568881
USA,2023,C17_18,329096.0285326925,46531738.33892649,0.0070725066434362
USA,2023,C19,425399.11195180216,46531738.33892649,0.0091421280858517
USA,2023,C20,601225.5973176068,46531738.33892649,0.0129207637363216
USA,2023,C21,387941.8115668652,46531738.33892649,0.008337144181917
USA,2023,C22,306761.9776843763,46531738.33892649,0.0065925320788575
USA,2023,C23,208354.99204087097,46531738.33892649,0.0044776962881391
USA,2023,C24,289636.60042474,46531738.33892649,0.0062244955972866
USA,2023,C25,473453.8121077418,46531738.33892649,0.0101748576135113
USA,2023,C26,565560.3849321638,46531738.33892649,0.0121542930722414
USA,2023,C27,164818.87204330732,46531738.33892649,0.0035420742471043
USA,2023,C28,463331.66291016544,46531738.33892649,0.0099573254610727
USA,2023,C29,792342.0139289374,46531738.33892649,0.0170279908340776
USA,2023,C30,346621.8832626954,46531738.33892649,0.0074491496693715
USA,2023,C31T33,344571.3347628758,46531738.33892649,0.0074050819303826
USA,2023,D,627381.3845444162,46531738.33892649,0.0134828701213506
USA,2023,E,164763.57110250383,46531738.33892649,0.003540885790735
USA,2023,F,2319892.6407013163,46531738.33892649,0.0498561352641449
USA,2023,G,4819097.673255252,46531738.33892649,0.1035658207770802
USA,2023,H49,755224.4378681378,46531738.33892649,0.0162303078463834
USA,2023,H50,51605.25422143449,46531738.33892649,0.0011090334482145
USA,2023,H51,134898.5965950313,46531738.33892649,0.0028990663450495
USA,2023,H52,396506.5772273196,46531738.33892649,0.0085212070595613
USA,2023,H53,222643.27526001816,46531738.33892649,0.0047847616102011
USA,2023,I,1125809.2832589503,46531738.33892649,0.0241944385369576
USA,2023,J58T60,1103632.9569248967,46531738.33892649,0.0237178535838547
USA,2023,J61,826907.5684046608,46531738.33892649,0.0177708290711526
USA,2023,J62_63,1323713.1763745572,46531738.33892649,0.0284475333101234
USA,2023,K,4079352.306235332,46531738.33892649,0.08766816912195
USA,2023,L,4832706.248197302,46531738.33892649,0.103858278687054
USA,2023,M,3486676.9353637,46531738.33892649,0.0749311558052602
USA,2023,N,1785480.0563259476,46531738.33892649,0.0383712304775919
USA,2023,O,3906323.840771093,46531738.33892649,0.0839496649000802
USA,2023,P,1940913.4759769747,46531738.33892649,0.041711604708163
USA,2023,Q,3313839.4269039645,46531738.33892649,0.0712167553846091
USA,2023,R,295312.2164642825,46531738.33892649,0.0063464686041449
USA,2023,S,626027.939453311,46531738.33892649,0.0134537836281436
USA,2023,T,29171.37608796095,46531738.33892649,0.000626913524603
USA,2023,HFCE,15028554.204733986,46531738.33892649,0.3229742696322551
USA,2024,A01_02,654411.3941032385,48989532.38005301,0.0133581882151154
USA,2024,A03,6539.032506633583,48989532.38005301,0.0001334781572501
USA,2024,B05_06,369477.4090202791,48989532.38005301,0.0075419664379307
USA,2024,B07_08,97644.17636612785,48989532.38005301,0.0019931640826579
USA,2024,B09,85535.11000416565,48989532.38005301,0.0017459874762755
USA,2024,C10T12,1338291.144229445,48989532.38005301,0.0273178999515079
USA,2024,C13T15,87045.73653349922,48989532.38005301,0.0017768231763923
USA,2024,C16,166549.0007722149,48989532.38005301,0.0033996854568881
USA,2024,C17_18,346478.79321675777,48989532.38005301,0.0070725066434362
USA,2024,C19,447868.57988442393,48989532.38005301,0.0091421280858517
USA,2024,C20,632982.1734355417,48989532.38005301,0.0129207637363216
USA,2024,C21,408432.7948571935,48989532.38005301,0.008337144181917
USA,2024,C22,322965.0637437277,48989532.38005301,0.0065925320788575
USA,2024,C23,219360.24729583363,48989532.38005301,0.0044776962881391
USA,2024,C24,304935.12861276936,48989532.38005301,0.0062244955972866
USA,2024,C25,498461.51651954075,48989532.38005301,0.0101748576135113
USA,2024,C26,595433.1340192241,48989532.38005301,0.0121542930722414
USA,2024,C27,173524.561021068,48989532.38005301,0.0035420742471043
USA,2024,C28,487804.71809394733,48989532.38005301,0.0099573254610727
USA,2024,C29,834193.3083332904,48989532.38005301,0.0170279908340776
USA,2024,C30,364930.35893153626,48989532.38005301,0.0074491496693715
USA,2024,C31T33,362771.50100542384,48989532.38005301,0.0074050819303826
USA,2024,D,660519.5023859546,48989532.38005301,0.0134828701213506
USA,2024,E,173466.3390992819,48989532.38005301,0.003540885790735
USA,2024,F,2442428.7528671296,48989532.38005301,0.0498561352641449
USA,2024,G,5073641.130425537,48989532.38005301,0.1035658207770802
USA,2024,H49,795115.191778628,48989532.38005301,0.0162303078463834
USA,2024,H50,54331.03002186609,48989532.38005301,0.0011090334482145
USA,2024,H51,142023.9045827244,48989532.38005301,0.0028990663450495
USA,2024,H52,417449.94916151464,48989532.38005301,0.0085212070595613
USA,2024,H53,234403.23383378139,48989532.38005301,0.0047847616102011
USA,2024,I,1185274.2301234868,48989532.38005301,0.0241944385369576
USA,2024,J58T60,1161926.5561316062,48989532.38005301,0.0237178535838547
USA,2024,J61,870584.6062016177,48989532.38005301,0.0177708290711526
USA,2024,J62_63,1393631.354228927,48989532.38005301,0.0284475333101234
USA,2024,K,4294822.609899733,48989532.38005301,0.08766816912195
USA,2024,L,5087968.5066760015,48989532.38005301,0.103858278687054
USA,2024,M,3670842.283596592,48989532.38005301,0.0749311558052602
USA,2024,N,1879788.6379444655,48989532.38005301,0.0383712304775919
USA,2024,O,4112654.826917079,48989532.38005301,0.0839496649000802
USA,2024,P,2043432.009474523,48989532.38005301,0.041711604708163
USA,2024,Q,3488875.543916622,48989532.38005301,0.0712167553846091
USA,2024,R,310910.5291817464,48989532.38005301,0.0063464686041449
USA,2024,S,659094.568685168,48989532.38005301,0.0134537836281436
USA,2024,T,30712.20041303183,48989532.38005301,0.000626913524603
USA,2024,HFCE,15822358.440073336,48989532.38005301,0.3229742696322551
USA,2025,A01_02,687839.0012927651,51491938.14430942,0.0133581882151154
USA,2025,A03,6873.049016738555,51491938.14430942,0.0001334781572501
USA,2025,B05_06,388350.4693083852,51491938.14430942,0.0075419664379307
USA,2025,B07_08,102631.88165567981,51491938.14430942,0.0019931640826579
USA,2025,B09,89904.27912911696,51491938.14430942,0.0017459874762755
USA,2025,C10T12,1406651.614535478,51491938.14430942,0.0273178999515079
USA,2025,C13T15,91492.06909216769,51491938.14430942,0.0017768231763923
USA,2025,C16,175056.39325619035,51491938.14430942,0.0033996854568881
USA,2025,C17_18,364177.0746090342,51491938.14430942,0.0070725066434362
USA,2025,C19,470745.89390402957,51491938.14430942,0.0091421280858517
USA,2025,C20,665315.167087908,51491938.14430942,0.0129207637363216
USA,2025,C21,429295.7125154593,51491938.14430942,0.008337144181917
USA,2025,C22,339462.254018906,51491938.14430942,0.0065925320788575
USA,2025,C23,230565.2602978624,51491938.14430942,0.0044776962881391
USA,2025,C24,320511.3422750079,51491938.14430942,0.0062244955972866
USA,2025,C25,523923.1388620796,51491938.14430942,0.0101748576135113
USA,2025,C26,625848.1070636626,51491938.14430942,0.0121542930722414
USA,2025,C27,182388.26803444597,51491938.14430942,0.0035420742471043
USA,2025,C28,512721.9867243127,51491938.14430942,0.0099573254610727
USA,2025,C29,876804.2507501914,51491938.14430942,0.0170279908340776
USA,2025,C30,383571.1540029802,51491938.14430942,0.0074491496693715
USA,2025,C31T33,381302.0207128042,51491938.14430942,0.0074050819303826
USA,2025,D,694259.1142963427,51491938.14430942,0.0134828701213506
USA,2025,E,182327.07211259077,51491938.14430942,0.003540885790735
USA,2025,F,2567189.0331356726,51491938.14430942,0.0498561352641449
USA,2025,G,5332804.837318049,51491938.14430942,0.1035658207770802
USA,2025,H49,835730.0076890738,51491938.14430942,0.0162303078463834
USA,2025,H50,57106.281715431214,51491938.14430942,0.0011090334482145
USA,2025,H51,149278.54491553802,51491938.14430942,0.0028990663450495
USA,2025,H52,438773.4668257832,51491938.14430942,0.0085212070595613
USA,2025,H53,246376.64886774137,51491938.14430942,0.0047847616102011
USA,2025,I,1245818.5325813168,51491938.14430942,0.0241944385369576
USA,2025,J58T60,1221278.2496556337,51491938.14430942,0.0237178535838547
USA,2025,J61,915054.4313048852,51491938.14430942,0.0177708290711526
USA,2025,J62_63,1464818.6255630557,51491938.14430942,0.0284475333101234
USA,2025,K,4514203.941652306,51491938.14430942,0.08766816912195
USA,2025,L,5347864.061928233,51491938.14430942,0.103858278687054
USA,2025,M,3858350.4398060697,51491938.14430942,0.0749311558052602
USA,2025,N,1975809.0262732026,51491938.14430942,0.0383712304775919
USA,2025,O,4322730.952270433,51491938.14430942,0.0839496649000802
USA,2025,P,2147811.3695326145,51491938.14430942,0.041711604708163
USA,2025,Q,3667088.7631027065,51491938.14430942,0.0712167553846091
USA,2025,R,326791.96879943094,51491938.14430942,0.0063464686041449
USA,2025,S,692761.394387293,51491938.14430942,0.0134537836281436
USA,2025,T,32280.99243068868,51491938.14430942,0.000626913524603
USA,2025,HFCE,16630571.114107592,51491938.14430942,0.3229742696322551
USA,2026,A01_02,721862.5402764614,54038955.631695695,0.0133581882151154
USA,2026,A03,7213.020217438656,54038955.631695695,0.0001334781572501
USA,2026,B05_06,407559.9897150751,54038955.631695695,0.0075419664379307
USA,2026,B07_08,107708.50542943971,54038955.631695695,0.0019931640826579
USA,2026,B09,94351.33976394808,54038955.631695695,0.0017459874762755
USA,2026,C10T12,1476230.7834306373,54038955.631695695,0.0273178999515079
USA,2026,C13T15,96017.66879443212,54038955.631695695,0.0017768231763923
USA,2026,C16,183715.45156649715,54038955.631695695,0.0033996854568881
USA,2026,C17_18,382190.87270952185,54038955.631695695,0.0070725066434362
USA,2026,C19,494031.0540106191,54038955.631695695,0.0091421280858517
USA,2026,C20,698224.5782747056,54038955.631695695,0.0129207637363216
USA,2026,C21,450530.5645416627,54038955.631695695,0.008337144181917
USA,2026,C22,356253.54850991105,54038955.631695695,0.0065925320788575
USA,2026,C23,241970.03104695733,54038955.631695695,0.0044776962881391
USA,2026,C24,336365.2414114558,54038955.631695695,0.0062244955972866
USA,2026,C25,549838.6791353583,54038955.631695695,0.0101748576135113
USA,2026,C26,656805.3040654794,54038955.631695695,0.0121542930722414
USA,2026,C27,191409.9930834412,54038955.631695695,0.0035420742471043
USA,2026,C28,538083.4688012615,54038955.631695695,0.0099573254610727
USA,2026,C29,920174.8411796403,54038955.631695695,0.0170279908340776
USA,2026,C30,402544.26847702713,54038955.631695695,0.0074491496693715
USA,2026,C31T33,400162.89388501685,54038955.631695695,0.0074050819303826
USA,2026,D,728600.2202755807,54038955.631695695,0.0134828701213506
USA,2026,E,191345.7701424304,54038955.631695695,0.003540885790735
USA,2026,F,2694173.4815069456,54038955.631695695,0.0498561352641449
USA,2026,G,5596588.793932785,54038955.631695695,0.1035658207770802
USA,2026,H49,877068.8855994751,54038955.631695695,0.0162303078463834
USA,2026,H50,59931.009302129845,54038955.631695695,0.0011090334482145
USA,2026,H51,156662.51759347212,54038955.631695695,0.0028990663450495
USA,2026,H52,460477.1302201252,54038955.631695695,0.0085212070595613
USA,2026,H53,258563.5203618981,54038955.631695695,0.0047847616102011
USA,2026,I,1307442.1906324401,54038955.631695695,0.0241944385369576
USA,2026,J58T60,1281688.0374969789,54038955.631695695,0.0237178535838547
USA,2026,J61,960317.0437144634,54038955.631695695,0.0177708290711526
USA,2026,J62_63,1537274.9903769437,54038955.631695695,0.0284475333101234
USA,2026,K,4737496.3014930505,54038955.631695695,0.08766816912195
USA,2026,L,5612392.913953997,54038955.631695695,0.103858278687054
USA,2026,M,4049201.4039921337,54038955.631695695,0.0749311558052602
USA,2026,N,2073541.2213121585,54038955.631695695,0.0383712304775919
USA,2026,O,4536552.216831155,54038955.631695695,0.0839496649000802
USA,2026,P,2254051.5561512494,54038955.631695695,0.041711604708163
USA,2026,Q,3848479.0844622166,54038955.631695695,0.0712167553846091
USA,2026,R,342956.535317336,54038955.631695695,0.0063464686041449
USA,2026,S,727028.416559686,54038955.631695695,0.0134537836281436
USA,2026,T,33877.75214093149,54038955.631695695,0.000626913524603
USA,2026,HFCE,17453192.226836756,54038955.631695695,0.3229742696322551
USA,2027,A01_02,756482.0110543272,56630584.84221186,0.0133581882151154
USA,2027,A03,7558.946108733884,56630584.84221186,0.0001334781572501
USA,2027,B05_06,427105.9702403489,56630584.84221186,0.0075419664379307
USA,2027,B07_08,112874.04768740757,56630584.84221186,0.0019931640826579
USA,2027,B09,98876.29190865907,56630584.84221186,0.0017459874762755
USA,2027,C10T12,1547028.6509149233,56630584.84221186,0.0273178999515079
USA,2027,C13T15,100622.53564029251,56630584.84221186,0.0017768231763923
USA,2027,C16,192526.17570313535,56630584.84221186,0.0033996854568881
USA,2027,C17_18,400520.18751822074,56630584.84221186,0.0070725066434362
USA,2027,C19,517724.0602041926,56630584.84221186,0.0091421280858517
USA,2027,C20,731710.4069959346,56630584.84221186,0.0129207637363216
USA,2027,C21,472137.3509358036,56630584.84221186,0.008337144181917
USA,2027,C22,373338.94721674296,56630584.84221186,0.0065925320788575
USA,2027,C23,253574.5595431184,56630584.84221186,0.0044776962881391
USA,2027,C24,352496.826022113,56630584.84221186,0.0062244955972866
USA,2027,C25,576208.137339377,56630584.84221186,0.0101748576135113
USA,2027,C26,688304.7250246744,56630584.84221186,0.0121542930722414
USA,2027,C27,200589.73616805373,56630584.84221186,0.0035420742471043
USA,2027,C28,563889.1643247938,56630584.84221186,0.0099573254610727
USA,2027,C29,964305.0796216372,56630584.84221186,0.0170279908340776
USA,2027,C30,421849.70235367713,56630584.84221186,0.0074491496693715
USA,2027,C31T33,419354.12052206177,56630584.84221186,0.0074050819303826
USA,2027,D,763542.8203236684,56630584.84221186,0.0134828701213506
USA,2027,E,200522.43318880085,56630584.84221186,0.003540885790735
USA,2027,F,2823382.0979809486,56630584.84221186,0.0498561352641449
USA,2027,G,5864993.000269747,56630584.84221186,0.1035658207770802
USA,2027,H49,919131.825509832,56630584.84221186,0.0162303078463834
USA,2027,H50,62805.21278196201,56630584.84221186,0.0011090334482145
USA,2027,H51,164175.82261652674,56630584.84221186,0.0028990663450495
USA,2027,H52,482560.9393445408,56630584.84221186,0.0085212070595613
USA,2027,H53,270963.8483162516,56630584.84221186,0.0047847616102011
USA,2027,I,1370145.2042768574,56630584.84221186,0.0241944385369576
USA,2027,J58T60,1343155.9196556422,56630584.84221186,0.0237178535838547
USA,2027,J61,1006372.4434303523,56630584.84221186,0.0177708290711526
USA,2027,J62_63,1611000.448670591,56630584.84221186,0.0284475333101234
USA,2027,K,4964699.689421967,56630584.84221186,0.08766816912195
USA,2027,L,5881555.062753295,56630584.84221186,0.103858278687054
USA,2027,M,4243395.176154784,56630584.84221186,0.0749311558052602
USA,2027,N,2172985.223061334,56630584.84221186,0.0383712304775919
USA,2027,O,4754118.620599247,56630584.84221186,0.0839496649000802
USA,2027,P,2362152.5693304283,56630584.84221186,0.041711604708163
USA,2027,Q,4033046.507995154,56630584.84221186,0.0712167553846091
USA,2027,R,359404.2287354616,56630584.84221186,0.0063464686041449
USA,2027,S,761895.635202347,56630584.84221186,0.0134537836281436
USA,2027,T,35502.479543760266,56630584.84221186,0.000626913524603
USA,2027,HFCE,18290221.77826083,56630584.84221186,0.3229742696322551
USA,2028,A01_02,791697.4136263625,59266825.77585789,0.0133581882151154
USA,2028,A03,7910.82669062424,59266825.77585789,0.0001334781572501
USA,2028,B05_06,446988.4108842063,59266825.77585789,0.0075419664379307
USA,2028,B07_08,118128.50842958337,59266825.77585789,0.0019931640826579
USA,2028,B09,103479.13556324986,59266825.77585789,0.0017459874762755
USA,2028,C10T12,1619045.2169883354,59266825.77585789,0.0273178999515079
USA,2028,C13T15,105306.66962974885,59266825.77585789,0.0017768231763923
USA,2028,C16,201488.56566610487,59266825.77585789,0.0033996854568881
USA,2028,C17_18,419165.01903513074,59266825.77585789,0.0070725066434362
USA,2028,C19,541824.9124847499,59266825.77585789,0.0091421280858517
USA,2028,C20,765772.6532515949,59266825.77585789,0.0129207637363216
USA,2028,C21,494116.0716978821,59266825.77585789,0.008337144181917
USA,2028,C22,390718.4501394017,59266825.77585789,0.0065925320788575
USA,2028,C23,265378.8457863456,59266825.77585789,0.0044776962881391
USA,2028,C24,368906.0961069794,59266825.77585789,0.0062244955972866
USA,2028,C25,603031.5134741354,59266825.77585789,0.0101748576135113
USA,2028,C26,720346.3699412476,59266825.77585789,0.0121542930722414
USA,2028,C27,209927.49728828354,59266825.77585789,0.0035420742471043
USA,2028,C28,590139.0732949096,59266825.77585789,0.0099573254610727
USA,2028,C29,1009194.9660761821,59266825.77585789,0.0170279908340776
USA,2028,C30,441487.45563293004,59266825.77585789,0.0074491496693715
USA,2028,C31T33,438875.700623939,59266825.77585789,0.0074050819303826
USA,2028,D,799086.9144406059,59266825.77585789,0.0134828701213506
USA,2028,E,209857.06125170205,59266825.77585789,0.003540885790735
USA,2028,F,2954814.8825576804,59266825.77585789,0.0498561352641449
USA,2028,G,6138017.456328935,59266825.77585789,0.1035658207770802
USA,2028,H49,961918.8274201442,59266825.77585789,0.0162303078463834
USA,2028,H50,65728.89215492769,59266825.77585789,0.0011090334482145
USA,2028,H51,171818.45998470183,59266825.77585789,0.0028990663450495
USA,2028,H52,505024.89419902983,59266825.77585789,0.0085212070595613
USA,2028,H53,283577.6327308018,59266825.77585789,0.0047847616102011
USA,2028,I,1433927.573514568,59266825.77585789,0.0241944385369576
USA,2028,J58T60,1405681.8961316233,59266825.77585789,0.0237178535838547
USA,2028,J61,1053220.6304525516,59266825.77585789,0.0177708290711526
USA,2028,J62_63,1685995.0004439973,59266825.77585789,0.0284475333101234
USA,2028,K,5195814.105439055,59266825.77585789,0.08766816912195
USA,2028,L,6155350.5083261235,59266825.77585789,0.103858278687054
USA,2028,M,4440931.756294019,59266825.77585789,0.0749311558052602
USA,2028,N,2274141.0315207276,59266825.77585789,0.0383712304775919
USA,2028,O,4975430.163574705,59266825.77585789,0.0839496649000802
USA,2028,P,2472114.40907015,59266825.77585789,0.041711604708163
USA,2028,Q,4220791.033701517,59266825.77585789,0.0712167553846091
USA,2028,R,376135.0490538078,59266825.77585789,0.0063464686041449
USA,2028,S,797363.050315276,59266825.77585789,0.0134537836281436
USA,2028,T,37155.174639175,59266825.77585789,0.000626913524603
USA,2028,HFCE,19141659.768379815,59266825.77585789,0.3229742696322551
USA,2029,A01_02,827508.7479925673,61947678.4326338,0.0133581882151154
USA,2029,A03,8268.661963109724,61947678.4326338,0.0001334781572501
USA,2029,B05_06,467207.31164664763,61947678.4326338,0.0075419664379307
USA,2029,B07_08,123471.88765596713,61947678.4326338,0.0019931640826579
USA,2029,B09,108159.87072772051,61947678.4326338,0.0017459874762755
USA,2029,C10T12,1692280.481650874,61947678.4326338,0.0273178999515079
USA,2029,C13T15,110070.07076280116,61947678.4326338,0.0017768231763923
USA,2029,C16,210602.62145540575,61947678.4326338,0.0033996854568881
USA,2029,C17_18,438125.367260252,61947678.4326338,0.0070725066434362
USA,2029,C19,566333.6108522911,61947678.4326338,0.0091421280858517
USA,2029,C20,800411.3170416865,61947678.4326338,0.0129207637363216
USA,2029,C21,516466.7268278981,61947678.4326338,0.008337144181917
USA,2029,C22,408392.05727788724,61947678.4326338,0.0065925320788575
USA,2029,C23,277382.88977663894,61947678.4326338,0.0044776962881391
USA,2029,C24,385593.05166605517,61947678.4326338,0.0062244955972866
USA,2029,C25,630308.8075396338,61947678.4326338,0.0101748576135113
USA,2029,C26,752930.238815199,61947678.4326338,0.0121542930722414
USA,2029,C27,219423.27644413064,61947678.4326338,0.0035420742471043
USA,2029,C28,616833.1957116087,61947678.4326338,0.0099573254610727
USA,2029,C29,1054844.500543275,61947678.4326338,0.0170279908340776
USA,2029,C30,461457.5283147861,61947678.4326338,0.0074491496693715
USA,2029,C31T33,458727.63419064844,61947678.4326338,0.0074050819303826
USA,2029,D,835232.5026263933,61947678.4326338,0.0134828701213506
USA,2029,E,219349.65433113405,61947678.4326338,0.003540885790735
USA,2029,F,3088471.8352371426,61947678.4326338,0.0498561352641449
USA,2029,G,6415662.162110348,61947678.4326338,0.1035658207770802
USA,2029,H49,1005429.8913304121,61947678.4326338,0.0162303078463834
USA,2029,H50,68702.04742102687,61947678.4326338,0.0011090334482145
USA,2029,H51,179590.4296979974,61947678.4326338,0.0028990663450495
USA,2029,H52,527868.9947835924,61947678.4326338,0.0085212070595613
USA,2029,H53,296404.87360554887,61947678.4326338,0.0047847616102011
USA,2029,I,1498789.2983455723,61947678.4326338,0.0241944385369576
USA,2029,J58T60,1469265.9669249223,61947678.4326338,0.0237178535838547
USA,2029,J61,1100861.6047810616,61947678.4326338,0.0177708290711526
USA,2029,J62_63,1762258.645697163,61947678.4326338,0.0284475333101234
USA,2029,K,5430839.549544315,61947678.4326338,0.08766816912195
USA,2029,L,6433779.250672486,61947678.4326338,0.103858278687054
USA,2029,M,4641811.144409841,61947678.4326338,0.0749311558052602
USA,2029,N,2377008.6466903407,61947678.4326338,0.0383712304775919
USA,2029,O,5200486.845757533,61947678.4326338,0.0839496649000802
USA,2029,P,2583937.0753704156,61947678.4326338,0.041711604708163
USA,2029,Q,4411712.661581307,61947678.4326338,0.0712167553846091
USA,2029,R,393148.9962723746,61947678.4326338,0.0063464686041449
USA,2029,S,833430.661898473,61947678.4326338,0.0134537836281436
USA,2029,T,38835.837427175706,61947678.4326338,0.000626913524603
USA,2029,HFCE,20007506.197193705,61947678.4326338,0.3229742696322551
USA,2030,A01_02,863916.0141529414,64673142.81253958,0.0133581882151154
USA,2030,A03,8632.451926190333,64673142.81253958,0.0001334781572501
USA,2030,B05_06,487762.6725276726,64673142.81253958,0.0075419664379307
USA,2030,B07_08,128904.18536655881,64673142.81253958,0.0019931640826579
USA,2030,B09,112918.49740207096,64673142.81253958,0.0017459874762755
USA,2030,C10T12,1766734.4449025383,64673142.81253958,0.0273178999515079
USA,2030,C13T15,114912.73903944941,64673142.81253958,0.0017768231763923
USA,2030,C16,219868.34307103796,64673142.81253958,0.0033996854568881
USA,2030,C17_18,457401.2321935843,64673142.81253958,0.0070725066434362
USA,2030,C19,591250.1553068161,64673142.81253958,0.0091421280858517
USA,2030,C20,835626.3983662092,64673142.81253958,0.0129207637363216
USA,2030,C21,539189.3163258516,64673142.81253958,0.008337144181917
USA,2030,C22,426359.76863219956,64673142.81253958,0.0065925320788575
USA,2030,C23,289586.6915139984,64673142.81253958,0.0044776962881391
USA,2030,C24,402557.6926993402,64673142.81253958,0.0062244955972866
USA,2030,C25,658040.0195358719,64673142.81253958,0.0101748576135113
USA,2030,C26,786056.3316465286,64673142.81253958,0.0121542930722414
USA,2030,C27,229077.07363559498,64673142.81253958,0.0035420742471043
USA,2030,C28,643971.5315748913,64673142.81253958,0.0099573254610727
USA,2030,C29,1101253.6830229154,64673142.81253958,0.0170279908340776
USA,2030,C30,481759.920399245,64673142.81253958,0.0074491496693715
USA,2030,C31T33,478909.92122219014,64673142.81253958,0.0074050819303826
USA,2030,D,871979.5848810303,64673142.81253958,0.0134828701213506
USA,2030,E,229000.2124270968,64673142.81253958,0.003540885790735
USA,2030,F,3224352.956019334,64673142.81253958,0.0498561352641449
USA,2030,G,6697927.117613986,64673142.81253958,0.1035658207770802
USA,2030,H49,1049665.0172406354,64673142.81253958,0.0162303078463834
USA,2030,H50,71724.67858025957,64673142.81253958,0.0011090334482145
USA,2030,H51,187491.73175641344,64673142.81253958,0.0028990663450495
USA,2030,H52,551093.2410982284,64673142.81253958,0.0085212070595613
USA,2030,H53,309445.57094049256,64673142.81253958,0.0047847616102011
USA,2030,I,1564730.37876987,64673142.81253958,0.0241944385369576
USA,2030,J58T60,1533908.1320355388,64673142.81253958,0.0237178535838547
USA,2030,J61,1149295.366415882,64673142.81253958,0.0177708290711526
USA,2030,J62_63,1839791.3844300874,64673142.81253958,0.0284475333101234
USA,2030,K,5669776.021737744,64673142.81253958,0.08766816912195
USA,2030,L,6716841.289792378,64673142.81253958,0.103858278687054
USA,2030,M,4846033.340502247,64673142.81253958,0.0749311558052602
USA,2030,N,2481588.0685701724,64673142.81253958,0.0383712304775919
USA,2030,O,5429288.667147728,64673142.81253958,0.0839496649000802
USA,2030,P,2697620.568231224,64673142.81253958,0.041711604708163
USA,2030,Q,4605811.391634521,64673142.81253958,0.0712167553846091
USA,2030,R,410446.07039116183,64673142.81253958,0.0063464686041449
USA,2030,S,870098.4699519379,64673142.81253958,0.0134537836281436
USA,2030,T,40544.467907762366,64673142.81253958,0.000626913524603
USA,2030,HFCE,20887761.0647025,64673142.81253958,0.3229742696322551
USA,2031,A01_02,900919.2121074852,67443218.91557524,0.0133581882151154
USA,2031,A03,9002.196579866071,67443218.91557524,0.0001334781572501
USA,2031,B05_06,508654.4935272814,67443218.91557524,0.0075419664379307
USA,2031,B07_08,134425.40156135845,67443218.91557524,0.0019931640826579
USA,2031,B09,117755.01558630128,67443218.91557524,0.0017459874762755
USA,2031,C10T12,1842407.1067433294,67443218.91557524,0.0273178999515079
USA,2031,C13T15,119834.67445969363,67443218.91557524,0.0017768231763923
USA,2031,C16,229285.73051300156,67443218.91557524,0.0033996854568881
USA,2031,C17_18,476992.61383512785,67443218.91557524,0.0070725066434362
USA,2031,C19,616574.545848325,67443218.91557524,0.0091421280858517
USA,2031,C20,871417.8972251634,67443218.91557524,0.0129207637363216
USA,2031,C21,562283.8401917426,67443218.91557524,0.008337144181917
USA,2031,C22,444621.5842023387,67443218.91557524,0.0065925320788575
USA,2031,C23,301990.25099842396,67443218.91557524,0.0044776962881391
USA,2031,C24,419800.01920683443,67443218.91557524,0.0062244955972866
USA,2031,C25,686225.14946285,67443218.91557524,0.0101748576135113
USA,2031,C26,819724.6484352363,67443218.91557524,0.0121542930722414
USA,2031,C27,238888.88886267663,67443218.91557524,0.0035420742471043
USA,2031,C28,671554.0808847572,67443218.91557524,0.0099573254610727
USA,2031,C29,1148422.513515104,67443218.91557524,0.0170279908340776
USA,2031,C30,502394.6318863069,67443218.91557524,0.0074491496693715
USA,2031,C31T33,499422.56171856413,67443218.91557524,0.0074050819303826
USA,2031,D,909328.161204517,67443218.91557524,0.0134828701213506
USA,2031,E,238808.73553959033,67443218.91557524,0.003540885790735
USA,2031,F,3362458.244904255,67443218.91557524,0.0498561352641449
USA,2031,G,6984812.32283985,67443218.91557524,0.1035658207770802
USA,2031,H49,1094624.205150814,67443218.91557524,0.0162303078463834
USA,2031,H50,74796.78563262579,67443218.91557524,0.0011090334482145
USA,2031,H51,195522.36615995,67443218.91557524,0.0028990663450495
USA,2031,H52,574697.6331429379,67443218.91557524,0.0085212070595613
USA,2031,H53,322699.72473563306,67443218.91557524,0.0047847616102011
USA,2031,I,1631750.8147874612,67443218.91557524,0.0241944385369576
USA,2031,J58T60,1599608.3914634732,67443218.91557524,0.0237178535838547
USA,2031,J61,1198521.9153570132,67443218.91557524,0.0177708290711526
USA,2031,J62_63,1918593.2166427711,67443218.91557524,0.0284475333101234
USA,2031,K,5912623.522019347,67443218.91557524,0.08766816912195
USA,2031,L,7004536.6256858045,67443218.91557524,0.103858278687054
USA,2031,M,5053598.34457124,67443218.91557524,0.0749311558052602
USA,2031,N,2587879.297160223,67443218.91557524,0.0383712304775919
USA,2031,O,5661835.627745291,67443218.91557524,0.0839496649000802
USA,2031,P,2813164.887652576,67443218.91557524,0.041711604708163
USA,2031,Q,4803087.2238611635,67443218.91557524,0.0712167553846091
USA,2031,R,428026.27141016966,67443218.91557524,0.0063464686041449
USA,2031,S,907366.4744756708,67443218.91557524,0.0134537836281436
USA,2031,T,42281.066080934994,67443218.91557524,0.000626913524603
USA,2031,HFCE,21782424.370906204,67443218.91557524,0.3229742696322551
USA,2032,A01_02,938518.3418561984,70257906.74174078,0.0133581882151154
USA,2032,A03,9377.895924136938,70257906.74174078,0.0001334781572501
USA,2032,B05_06,529882.774645474,70257906.74174078,0.0075419664379307
USA,2032,B07_08,140035.53624036605,70257906.74174078,0.0019931640826579
USA,2032,B09,122669.42528041142,70257906.74174078,0.0017459874762755
USA,2032,C10T12,1919298.467173247,70257906.74174078,0.0273178999515079
USA,2032,C13T15,124835.87702353383,70257906.74174078,0.0017768231763923
USA,2032,C16,238854.78378129654,70257906.74174078,0.0033996854568881
USA,2032,C17_18,496899.51218488265,70257906.74174078,0.0070725066434362
USA,2032,C19,642306.7824768178,70257906.74174078,0.0091421280858517
USA,2032,C20,907785.813618549,70257906.74174078,0.0129207637363216
USA,2032,C21,585750.2984255713,70257906.74174078,0.008337144181917
USA,2032,C22,463177.5039883047,70257906.74174078,0.0065925320788575
USA,2032,C23,314593.56822991575,70257906.74174078,0.0044776962881391
USA,2032,C24,437320.031188538,70257906.74174078,0.0062244955972866
USA,2032,C25,714864.197320568,70257906.74174078,0.0101748576135113
USA,2032,C26,853935.1891813223,70257906.74174078,0.0121542930722414
USA,2032,C27,248858.72212537559,70257906.74174078,0.0035420742471043
USA,2032,C28,699580.8436412067,70257906.74174078,0.0099573254610727
USA,2032,C29,1196350.9920198407,70257906.74174078,0.0170279908340776
USA,2032,C30,523361.662775972,70257906.74174078,0.0074491496693715
USA,2032,C31T33,520265.5556797705,70257906.74174078,0.0074050819303826
USA,2032,D,947278.2315968537,70257906.74174078,0.0134828701213506
USA,2032,E,248775.2236686147,70257906.74174078,0.003540885790735
USA,2032,F,3502787.7018919066,70257906.74174078,0.0498561352641449
USA,2032,G,7276317.77778794,70257906.74174078,0.1035658207770802
USA,2032,H49,1140307.4550609486,70257906.74174078,0.0162303078463834
USA,2032,H50,77918.36857812553,70257906.74174078,0.0011090334482145
USA,2032,H51,203682.33290860706,70257906.74174078,0.0028990663450495
USA,2032,H52,598682.170917721,70257906.74174078,0.0085212070595613
USA,2032,H53,336167.3349909703,70257906.74174078,0.0047847616102011
USA,2032,I,1699850.6063983461,70257906.74174078,0.0241944385369576
USA,2032,J58T60,1666366.7452087258,70257906.74174078,0.0237178535838547
USA,2032,J61,1248541.2516044553,70257906.74174078,0.0177708290711526
USA,2032,J62_63,1998664.1423352142,70257906.74174078,0.0284475333101234
USA,2032,K,6159382.050389121,70257906.74174078,0.08766816912195
USA,2032,L,7296865.258352763,70257906.74174078,0.103858278687054
USA,2032,M,5264506.15661682,70257906.74174078,0.0749311558052602
USA,2032,N,2695882.3324604933,70257906.74174078,0.0383712304775919
USA,2032,O,5898127.7275502235,70257906.74174078,0.0839496649000802
USA,2032,P,2930570.0336344717,70257906.74174078,0.041711604708163
USA,2032,Q,5003540.158261232,70257906.74174078,0.0712167553846091
USA,2032,R,445889.59932939813,70257906.74174078,0.0063464686041449
USA,2032,S,945234.675469672,70257906.74174078,0.0134537836281436
USA,2032,T,44045.63194669359,70257906.74174078,0.000626913524603
USA,2032,HFCE,22691496.11580482,70257906.74174078,0.3229742696322551
USA,2033,A01_02,976713.4033990812,73117206.29103619,0.0133581882151154
USA,2033,A03,9759.54995900293,73117206.29103619,0.0001334781572501
USA,2033,B05_06,551447.5158822504,73117206.29103619,0.0075419664379307
USA,2033,B07_08,145734.58940358157,73117206.29103619,0.0019931640826579
USA,2033,B09,127661.72648440138,73117206.29103619,0.0017459874762755
USA,2033,C10T12,1997408.5261922907,73117206.29103619,0.0273178999515079
USA,2033,C13T15,129916.34673096998,73117206.29103619,0.0017768231763923
USA,2033,C16,248575.50287592283,73117206.29103619,0.0033996854568881
USA,2033,C17_18,517121.92724284856,73117206.29103619,0.0070725066434362
USA,2033,C19,668446.8651922946,73117206.29103619,0.0091421280858517
USA,2033,C20,944730.1475463659,73117206.29103619,0.0129207637363216
USA,2033,C21,609588.6910273375,73117206.29103619,0.008337144181917
USA,2033,C22,482027.52799009753,73117206.29103619,0.0065925320788575
USA,2033,C23,327396.6432084736,73117206.29103619,0.0044776962881391
USA,2033,C24,455117.7286444509,73117206.29103619,0.0062244955972866
USA,2033,C25,743957.1631090259,73117206.29103619,0.0101748576135113
USA,2033,C26,888687.9538847865,73117206.29103619,0.0121542930722414
USA,2033,C27,258986.5734236918,73117206.29103619,0.0035420742471043
USA,2033,C28,728051.8198442396,73117206.29103619,0.0099573254610727
USA,2033,C29,1245039.1185371252,73117206.29103619,0.0170279908340776
USA,2033,C30,544661.0130682399,73117206.29103619,0.0074491496693715
USA,2033,C31T33,541438.903105809,73117206.29103619,0.0074050819303826
USA,2033,D,985829.79605804,73117206.29103619,0.0134828701213506
USA,2033,E,258899.6768141698,73117206.29103619,0.003540885790735
USA,2033,F,3645341.3269822868,73117206.29103619,0.0498561352641449
USA,2033,G,7572443.482458254,73117206.29103619,0.1035658207770802
USA,2033,H49,1186714.7669710384,73117206.29103619,0.0162303078463834
USA,2033,H50,81089.42741675879,73117206.29103619,0.0011090334482145
USA,2033,H51,211971.63200238458,73117206.29103619,0.0028990663450495
USA,2033,H52,623046.8544225774,73117206.29103619,0.0085212070595613
USA,2033,H53,349848.4017065043,73117206.29103619,0.0047847616102011
USA,2033,I,1769029.7536025245,73117206.29103619,0.0241944385369576
USA,2033,J58T60,1734183.193271296,73117206.29103619,0.0237178535838547
USA,2033,J61,1299353.3751582077,73117206.29103619,0.0177708290711526
USA,2033,J62_63,2080004.1615074163,73117206.29103619,0.0284475333101234
USA,2033,K,6410051.606847066,73117206.29103619,0.08766816912195
USA,2033,L,7593827.187793254,73117206.29103619,0.103858278687054
USA,2033,M,5478756.776638985,73117206.29103619,0.0749311558052602
USA,2033,N,2805597.174470982,73117206.29103619,0.0383712304775919
USA,2033,O,6138164.9665625235,73117206.29103619,0.0839496649000802
USA,2033,P,3049836.0061769104,73117206.29103619,0.041711604708163
USA,2033,Q,5207170.194834726,73117206.29103619,0.0712167553846091
USA,2033,R,464036.0541488471,73117206.29103619,0.0063464686041449
USA,2033,S,983703.0729339409,73117206.29103619,0.0134537836281436
USA,2033,T,45838.165505038145,73117206.29103619,0.000626913524603
USA,2033,HFCE,23614976.29939834,73117206.29103619,0.3229742696322551
USA,2034,A01_02,1015504.3967361335,76021117.56346148,0.0133581882151154
USA,2034,A03,10147.158684464051,76021117.56346148,0.0001334781572501
USA,2034,B05_06,573348.7172376106,76021117.56346148,0.0075419664379307
USA,2034,B07_08,151522.5610510051,76021117.56346148,0.0019931640826579
USA,2034,B09,132731.9191982712,76021117.56346148,0.0017459874762755
USA,2034,C10T12,2076737.2838004609,76021117.56346148,0.0273178999515079
USA,2034,C13T15,135076.0835820021,76021117.56346148,0.0017768231763923
USA,2034,C16,258447.88779688053,76021117.56346148,0.0033996854568881
USA,2034,C17_18,537659.8590090257,76021117.56346148,0.0070725066434362
USA,2034,C19,694994.7939947551,76021117.56346148,0.0091421280858517
USA,2034,C20,982250.8990086141,76021117.56346148,0.0129207637363216
USA,2034,C21,633799.0179970411,76021117.56346148,0.008337144181917
USA,2034,C22,501171.65620771714,76021117.56346148,0.0065925320788575
USA,2034,C23,340399.4759340976,76021117.56346148,0.0044776962881391
USA,2034,C24,473193.11157457303,76021117.56346148,0.0062244955972866
USA,2034,C25,773504.0468282236,76021117.56346148,0.0101748576135113
USA,2034,C26,923982.942545629,76021117.56346148,0.0121542930722414
USA,2034,C27,269272.4427576253,76021117.56346148,0.0035420742471043
USA,2034,C28,756967.0094938561,76021117.56346148,0.0099573254610727
USA,2034,C29,1294486.8930669576,76021117.56346148,0.0170279908340776
USA,2034,C30,566292.682763111,76021117.56346148,0.0074491496693715
USA,2034,C31T33,562942.6039966799,76021117.56346148,0.0074050819303826
USA,2034,D,1024982.8545880762,76021117.56346148,0.0134828701213506
USA,2034,E,269182.0949762557,76021117.56346148,0.003540885790735
USA,2034,F,3790119.1201753975,76021117.56346148,0.0498561352641449
USA,2034,G,7873189.4368507955,76021117.56346148,0.1035658207770802
USA,2034,H49,1233846.140881084,76021117.56346148,0.0162303078463834
USA,2034,H50,84309.96214852558,76021117.56346148,0.0011090334482145
USA,2034,H51,220390.26344128262,76021117.56346148,0.0028990663450495
USA,2034,H52,647791.6836575075,76021117.56346148,0.0085212070595613
USA,2034,H53,363742.92488223506,76021117.56346148,0.0047847616102011
USA,2034,I,1839288.2563999966,76021117.56346148,0.0241944385369576
USA,2034,J58T60,1803057.7356511846,76021117.56346148,0.0237178535838547
USA,2034,J61,1350958.2860182708,76021117.56346148,0.0177708290711526
USA,2034,J62_63,2162613.2741593774,76021117.56346148,0.0284475333101234
USA,2034,K,6664632.1913931845,76021117.56346148,0.08766816912195
USA,2034,L,7895422.414007278,76021117.56346148,0.103858278687054
USA,2034,M,5696350.204637735,76021117.56346148,0.0749311558052602
USA,2034,N,2917023.8231916903,76021117.56346148,0.0383712304775919
USA,2034,O,6381947.344782192,76021117.56346148,0.0839496649000802
USA,2034,P,3170962.805279893,76021117.56346148,0.041711604708163
USA,2034,Q,5413977.333581647,76021117.56346148,0.0712167553846091
USA,2034,R,482465.63586851675,76021117.56346148,0.0063464686041449
USA,2034,S,1022771.666868478,76021117.56346148,0.0134537836281436
USA,2034,T,47658.66675596867,76021117.56346148,0.000626913524603
USA,2034,HFCE,24552864.921686772,76021117.56346148,0.3229742696322551
USA,2035,A01_02,1054891.3218673551,78969640.55901664,0.0133581882151154
USA,2035,A03,10540.7221005203,78969640.55901664,0.0001334781572501
USA,2035,B05_06,595586.3787115545,78969640.55901664,0.0075419664379307
USA,2035,B07_08,157399.45118263652,78969640.55901664,0.0019931640826579
USA,2035,B09,137880.00342202085,78969640.55901664,0.0017459874762755
USA,2035,C10T12,2157284.739997757,78969640.55901664,0.0273178999515079
USA,2035,C13T15,140315.08757663015,78969640.55901664,0.0017768231763923
USA,2035,C16,268471.93854416953,78969640.55901664,0.0033996854568881
USA,2035,C17_18,558513.3074834141,78969640.55901664,0.0070725066434362
USA,2035,C19,721950.5688841996,78969640.55901664,0.0091421280858517
USA,2035,C20,1020348.0680052936,78969640.55901664,0.0129207637363216
USA,2035,C21,658381.2793346824,78969640.55901664,0.008337144181917
USA,2035,C22,520609.8886411636,78969640.55901664,0.0065925320788575
USA,2035,C23,353602.0664067878,78969640.55901664,0.0044776962881391
USA,2035,C24,491546.17997890443,78969640.55901664,0.0062244955972866
USA,2035,C25,803504.8484781613,78969640.55901664,0.0101748576135113
USA,2035,C26,959820.1551638495,78969640.55901664,0.0121542930722414
USA,2035,C27,279716.3301271761,78969640.55901664,0.0035420742471043
USA,2035,C28,786326.4125900558,78969640.55901664,0.0099573254610727
USA,2035,C29,1344694.315609338,78969640.55901664,0.0170279908340776
USA,2035,C30,588256.671860585,78969640.55901664,0.0074491496693715
USA,2035,C31T33,584776.6583523831,78969640.55901664,0.0074050819303826
USA,2035,D,1064737.407186962,78969640.55901664,0.0134828701213506
USA,2035,E,279622.47815487237,78969640.55901664,0.003540885790735
USA,2035,F,3937121.0814712374,78969640.55901664,0.0498561352641449
USA,2035,G,8178555.64096556,78969640.55901664,0.1035658207770802
USA,2035,H49,1281701.5767910846,78969640.55901664,0.0162303078463834
USA,2035,H50,87579.97277342586,78969640.55901664,0.0011090334482145
USA,2035,H51,228938.22722530112,78969640.55901664,0.0028990663450495
USA,2035,H52,672916.658622511,78969640.55901664,0.0085212070595613
USA,2035,H53,377850.9045181626,78969640.55901664,0.0047847616102011
USA,2035,I,1910626.114790762,78969640.55901664,0.0241944385369576
USA,2035,J58T60,1872990.3723483905,78969640.55901664,0.0237178535838547
USA,2035,J61,1403355.9841846444,78969640.55901664,0.0177708290711526
USA,2035,J62_63,2246491.480291098,78969640.55901664,0.0284475333101234
USA,2035,K,6923123.804027473,78969640.55901664,0.08766816912195
USA,2035,L,8201650.936994833,78969640.55901664,0.103858278687054
USA,2035,M,5917286.440613071,78969640.55901664,0.0749311558052602
USA,2035,N,3030162.278622617,78969640.55901664,0.0383712304775919
USA,2035,O,6629474.862209229,78969640.55901664,0.0839496649000802
USA,2035,P,3293950.4309434183,78969640.55901664,0.041711604708163
USA,2035,Q,5623961.574501994,78969640.55901664,0.0712167553846091
USA,2035,R,501178.34448840684,78969640.55901664,0.0063464686041449
USA,2035,S,1062440.457273283,78969640.55901664,0.0134537836281436
USA,2035,T,49507.13569948515,78969640.55901664,0.000626913524603
USA,2035,HFCE,25505161.982670113,78969640.55901664,0.3229742696322551
USA,2036,A01_02,1094874.1787927465,81962775.27770169,0.0133581882151154
USA,2036,A03,10940.240207171675,81962775.27770169,0.0001334781572501
USA,2036,B05_06,618160.5003040823,81962775.27770169,0.0075419664379307
USA,2036,B07_08,163365.2597984759,81962775.27770169,0.0019931640826579
USA,2036,B09,143105.97915565033,81962775.27770169,0.0017459874762755
USA,2036,C10T12,2239050.89478418,81962775.27770169,0.0273178999515079
USA,2036,C13T15,145633.3587148542,81962775.27770169,0.0017768231763923
USA,2036,C16,278647.65511779,81962775.27770169,0.0033996854568881
USA,2036,C17_18,579682.2726660136,81962775.27770169,0.0070725066434362
USA,2036,C19,749314.189860628,81962775.27770169,0.0091421280858517
USA,2036,C20,1059021.6545364044,81962775.27770169,0.0129207637363216
USA,2036,C21,683335.4750402612,81962775.27770169,0.008337144181917
USA,2036,C22,540342.2252904369,81962775.27770169,0.0065925320788575
USA,2036,C23,367004.41462654405,81962775.27770169,0.0044776962881391
USA,2036,C24,510176.9338574452,81962775.27770169,0.0062244955972866
USA,2036,C25,833959.5680588388,81962775.27770169,0.0101748576135113
USA,2036,C26,996199.5917394484,81962775.27770169,0.0121542930722414
USA,2036,C27,290318.23553234414,81962775.27770169,0.0035420742471043
USA,2036,C28,816130.0291328391,81962775.27770169,0.0099573254610727
USA,2036,C29,1395661.3861642664,81962775.27770169,0.0170279908340776
USA,2036,C30,610552.9803606621,81962775.27770169,0.0074491496693715
USA,2036,C31T33,606941.0661729184,81962775.27770169,0.0074050819303826
USA,2036,D,1105093.4538546978,81962775.27770169,0.0134828701213506
USA,2036,E,290220.8263500199,81962775.27770169,0.003540885790735
USA,2036,F,4086347.2108698073,81962775.27770169,0.0498561352641449
USA,2036,G,8488542.094802553,81962775.27770169,0.1035658207770802
USA,2036,H49,1330281.0747010412,81962775.27770169,0.0162303078463834
USA,2036,H50,90899.45929145967,81962775.27770169,0.0011090334482145
USA,2036,H51,237615.52335444014,81962775.27770169,0.0028990663450495
USA,2036,H52,698421.779317588,81962775.27770169,0.0085212070595613
USA,2036,H53,392172.34061428683,81962775.27770169,0.0047847616102011
USA,2036,I,1983043.3287748212,81962775.27770169,0.0241944385369576
USA,2036,J58T60,1943981.1033629146,81962775.27770169,0.0237178535838547
USA,2036,J61,1456546.4696573287,81962775.27770169,0.0177708290711526
USA,2036,J62_63,2331638.7799025774,81962775.27770169,0.0284475333101234
USA,2036,K,7185526.444749934,81962775.27770169,0.08766816912195
USA,2036,L,8512512.756755922,81962775.27770169,0.103858278687054
USA,2036,M,6141565.484564994,81962775.27770169,0.0749311558052602
USA,2036,N,3145012.5407637632,81962775.27770169,0.0383712304775919
USA,2036,O,6880747.518843635,81962775.27770169,0.0839496649000802
USA,2036,P,3418798.8831674876,81962775.27770169,0.041711604708163
USA,2036,Q,5837122.917595767,81962775.27770169,0.0712167553846091
USA,2036,R,520174.1800085176,81962775.27770169,0.0063464686041449
USA,2036,S,1102709.444148356,81962775.27770169,0.0134537836281436
USA,2036,T,51383.5723355876,81962775.27770169,0.000626913524603
USA,2036,HFCE,26471867.48234836,81962775.27770169,0.3229742696322551
USA,2037,A01_02,1135452.9675123072,85000521.7195166,0.0133581882151154
USA,2037,A03,11345.71300441818,85000521.7195166,0.0001334781572501
USA,2037,B05_06,641071.0820151938,85000521.7195166,0.0075419664379307
USA,2037,B07_08,169419.98689852323,85000521.7195166,0.0019931640826579
USA,2037,B09,148409.8463991596,85000521.7195166,0.0017459874762755
USA,2037,C10T12,2322035.748159729,85000521.7195166,0.0273178999515079
USA,2037,C13T15,151030.8969966742,85000521.7195166,0.0017768231763923
USA,2037,C16,288975.0375177417,85000521.7195166,0.0033996854568881
USA,2037,C17_18,601166.7545568242,85000521.7195166,0.0070725066434362
USA,2037,C19,777085.6569240402,85000521.7195166,0.0091421280858517
USA,2037,C20,1098271.6586019467,85000521.7195166,0.0129207637363216
USA,2037,C21,708661.6051137774,85000521.7195166,0.008337144181917
USA,2037,C22,560368.6661555369,85000521.7195166,0.0065925320788575
USA,2037,C23,380606.52059336647,85000521.7195166,0.0044776962881391
USA,2037,C24,529085.3732101952,85000521.7195166,0.0062244955972866
USA,2037,C25,864868.2055702561,85000521.7195166,0.0101748576135113
USA,2037,C26,1033121.2522724253,85000521.7195166,0.0121542930722414
USA,2037,C27,301078.15897312947,85000521.7195166,0.0035420742471043
USA,2037,C28,846377.8591222058,85000521.7195166,0.0099573254610727
USA,2037,C29,1447388.1047317425,85000521.7195166,0.0170279908340776
USA,2037,C30,633181.6082633421,85000521.7195166,0.0074491496693715
USA,2037,C31T33,629435.8274582862,85000521.7195166,0.0074050819303826
USA,2037,D,1146050.9945912831,85000521.7195166,0.0134828701213506
USA,2037,E,300977.13956169813,85000521.7195166,0.003540885790735
USA,2037,F,4237797.508371106,85000521.7195166,0.0498561352641449
USA,2037,G,8803148.798361769,85000521.7195166,0.1035658207770802
USA,2037,H49,1379584.634610953,85000521.7195166,0.0162303078463834
USA,2037,H50,94268.42170262699,85000521.7195166,0.0011090334482145
USA,2037,H51,246422.15182869963,85000521.7195166,0.0028990663450495
USA,2037,H52,724307.0457427385,85000521.7195166,0.0085212070595613
USA,2037,H53,406707.2331706078,85000521.7195166,0.0047847616102011
USA,2037,I,2056539.8983521739,85000521.7195166,0.0241944385369576
USA,2037,J58T60,2016029.9286947562,85000521.7195166,0.0237178535838547
USA,2037,J61,1510529.7424363235,85000521.7195166,0.0177708290711526
USA,2037,J62_63,2418055.172993816,85000521.7195166,0.0284475333101234
USA,2037,K,7451840.113560566,85000521.7195166,0.08766816912195
USA,2037,L,8828007.873290543,85000521.7195166,0.103858278687054
USA,2037,M,6369187.336493502,85000521.7195166,0.0749311558052602
USA,2037,N,3261574.609615128,85000521.7195166,0.0383712304775919
USA,2037,O,7135765.314685408,85000521.7195166,0.0839496649000802
USA,2037,P,3545508.1619521,85000521.7195166,0.041711604708163
USA,2037,Q,6053461.362862967,85000521.7195166,0.0712167553846091
USA,2037,R,539453.1424288488,85000521.7195166,0.0063464686041449
USA,2037,S,1143578.627493697,85000521.7195166,0.0134537836281436
USA,2037,T,53287.976664276015,85000521.7195166,0.000626913524603
USA,2037,HFCE,27452981.420721512,85000521.7195166,0.3229742696322551
USA,2038,A01_02,1176627.6880260375,88082879.8844614,0.0133581882151154
USA,2038,A03,11757.14049225981,88082879.8844614,0.0001334781572501
USA,2038,B05_06,664318.1238448891,88082879.8844614,0.0075419664379307
USA,2038,B07_08,175563.6324827785,88082879.8844614,0.0019931640826579
USA,2038,B09,153791.60515254876,88082879.8844614,0.0017459874762755
USA,2038,C10T12,2406239.3001244045,88082879.8844614,0.0273178999515079
USA,2038,C13T15,156507.70242209014,88082879.8844614,0.0017768231763923
USA,2038,C16,299454.08574402484,88082879.8844614,0.0033996854568881
USA,2038,C17_18,622966.7531558461,88082879.8844614,0.0070725066434362
USA,2038,C19,805264.9700744364,88082879.8844614,0.0091421280858517
USA,2038,C20,1138098.0802019201,88082879.8844614,0.0129207637363216
USA,2038,C21,734359.6695552313,88082879.8844614,0.008337144181917
USA,2038,C22,580689.2112364639,88082879.8844614,0.0065925320788575
USA,2038,C23,394408.38430725504,88082879.8844614,0.0044776962881391
USA,2038,C24,548271.4980371544,88082879.8844614,0.0062244955972866
USA,2038,C25,896230.7610124134,88082879.8844614,0.0101748576135113
USA,2038,C26,1070585.1367627806,88082879.8844614,0.0121542930722414
USA,2038,C27,311996.1004495321,88082879.8844614,0.0035420742471043
USA,2038,C28,877069.9025581559,88082879.8844614,0.0099573254610727
USA,2038,C29,1499874.471311767,88082879.8844614,0.0170279908340776
USA,2038,C30,656142.5555686252,88082879.8844614,0.0074491496693715
USA,2038,C31T33,652260.9422084861,88082879.8844614,0.0074050819303826
USA,2038,D,1187610.0293967186,88082879.8844614,0.0134828701213506
USA,2038,E,311891.41778990714,88082879.8844614,0.003540885790735
USA,2038,F,4391471.973975136,88082879.8844614,0.0498561352641449
USA,2038,G,9122375.751643213,88082879.8844614,0.1035658207770802
USA,2038,H49,1429612.2565208205,88082879.8844614,0.0162303078463834
USA,2038,H50,97686.86000692785,88082879.8844614,0.0011090334482145
USA,2038,H51,255358.11264807964,88082879.8844614,0.0028990663450495
USA,2038,H52,750572.4578979625,88082879.8844614,0.0085212070595613
USA,2038,H53,421455.58218712563,88082879.8844614,0.0047847616102011
USA,2038,I,2131115.82352282,88082879.8844614,0.0241944385369576
USA,2038,J58T60,2089136.848343916,88082879.8844614,0.0237178535838547
USA,2038,J61,1565305.8025216293,88082879.8844614,0.0177708290711526
USA,2038,J62_63,2505740.659564814,88082879.8844614,0.0284475333101234
USA,2038,K,7722064.81045937,88082879.8844614,0.08766816912195
USA,2038,L,9148136.286598695,88082879.8844614,0.103858278687054
USA,2038,M,6600151.996398597,88082879.8844614,0.0749311558052602
USA,2038,N,3379848.4851767123,88082879.8844614,0.0383712304775919
USA,2038,O,7394528.24973455,88082879.8844614,0.0839496649000802
USA,2038,P,3674078.2672972563,88082879.8844614,0.041711604708163
USA,2038,Q,6272976.910303594,88082879.8844614,0.0712167553846091
USA,2038,R,559015.2317494006,88082879.8844614,0.0063464686041449
USA,2038,S,1185048.007309306,88082879.8844614,0.0134537836281436
USA,2038,T,55220.34868555039,88082879.8844614,0.000626913524603
USA,2038,HFCE,28448503.797789577,88082879.8844614,0.3229742696322551
USA,2039,A01_02,1218398.3403339374,91209849.77253608,0.0133581882151154
USA,2039,A03,12174.52267069657,91209849.77253608,0.0001334781572501
USA,2039,B05_06,687901.6257931682,91209849.77253608,0.0075419664379307
USA,2039,B07_08,181796.19655124177,91209849.77253608,0.0019931640826579
USA,2039,B09,159251.25541581775,91209849.77253608,0.0017459874762755
USA,2039,C10T12,2491661.550678206,91209849.77253608,0.0273178999515079
USA,2039,C13T15,162063.77499110205,91209849.77253608,0.0017768231763923
USA,2039,C16,310084.7997966393,91209849.77253608,0.0033996854568881
USA,2039,C17_18,645082.2684630792,91209849.77253608,0.0070725066434362
USA,2039,C19,833852.1293118164,91209849.77253608,0.0091421280858517
USA,2039,C20,1178500.919336325,91209849.77253608,0.0129207637363216
USA,2039,C21,760429.6683646229,91209849.77253608,0.008337144181917
USA,2039,C22,601303.8605332177,91209849.77253608,0.0065925320788575
USA,2039,C23,408410.00576820975,91209849.77253608,0.0044776962881391
USA,2039,C24,567735.3083383231,91209849.77253608,0.0062244955972866
USA,2039,C25,928047.2343853107,91209849.77253608,0.0101748576135113
USA,2039,C26,1108591.2452105142,91209849.77253608,0.0121542930722414
USA,2039,C27,323072.05996155203,91209849.77253608,0.0035420742471043
USA,2039,C28,908206.1594406896,91209849.77253608,0.0099573254610727
USA,2039,C29,1553120.4859043392,91209849.77253608,0.0170279908340776
USA,2039,C30,679435.8222765113,91209849.77253608,0.0074491496693715
USA,2039,C31T33,675416.4104235185,91209849.77253608,0.0074050819303826
USA,2039,D,1229770.5582710037,91209849.77253608,0.0134828701213506
USA,2039,E,322963.661034647,91209849.77253608,0.003540885790735
USA,2039,F,4547370.607681896,91209849.77253608,0.0498561352641449
USA,2039,G,9446222.954646882,91209849.77253608,0.1035658207770802
USA,2039,H49,1480363.9404306435,91209849.77253608,0.0162303078463834
USA,2039,H50,101154.77420436221,91209849.77253608,0.0011090334482145
USA,2039,H51,264423.40581258014,91209849.77253608,0.0028990663450495
USA,2039,H52,777218.0157832601,91209849.77253608,0.0085212070595613
USA,2039,H53,436417.3876638402,91209849.77253608,0.0047847616102011
USA,2039,I,2206771.10428676,91209849.77253608,0.0241944385369576
USA,2039,J58T60,2163301.8623103937,91209849.77253608,0.0237178535838547
USA,2039,J61,1620874.6499132456,91209849.77253608,0.0177708290711526
USA,2039,J62_63,2594695.239615571,91209849.77253608,0.0284475333101234
USA,2039,K,7996200.535446346,91209849.77253608,0.08766816912195
USA,2039,L,9472897.99668038,91209849.77253608,0.103858278687054
USA,2039,M,6834459.464280278,91209849.77253608,0.0749311558052602
USA,2039,N,3499834.1674485155,91209849.77253608,0.0383712304775919
USA,2039,O,7657036.32399106,91209849.77253608,0.0839496649000802
USA,2039,P,3804509.199202956,91209849.77253608,0.041711604708163
USA,2039,Q,6495669.559917646,91209849.77253608,0.0712167553846091
USA,2039,R,578860.4479701731,91209849.77253608,0.0063464686041449
USA,2039,S,1227117.5835951832,91209849.77253608,0.0134537836281436
USA,2039,T,57180.688399410734,91209849.77253608,0.000626913524603
USA,2039,HFCE,29458434.61355255,91209849.77253608,0.3229742696322551
USA,2040,A01_02,1260764.9244360067,94381431.38374062,0.0133581882151154
USA,2040,A03,12597.859539728455,94381431.38374062,0.0001334781572501
USA,2040,B05_06,711821.587860031,94381431.38374062,0.0075419664379307
USA,2040,B07_08,188117.6791039129,94381431.38374062,0.0019931640826579
USA,2040,B09,164788.79718896656,94381431.38374062,0.0017459874762755
USA,2040,C10T12,2578302.499821134,94381431.38374062,0.0273178999515079
USA,2040,C13T15,167699.1147037099,94381431.38374062,0.0017768231763923
USA,2040,C16,320867.1796755851,94381431.38374062,0.0033996854568881
USA,2040,C17_18,667513.3004785234,94381431.38374062,0.0070725066434362
USA,2040,C19,862847.1346361802,94381431.38374062,0.0091421280858517
USA,2040,C20,1219480.1760051611,94381431.38374062,0.0129207637363216
USA,2040,C21,786871.6015419516,94381431.38374062,0.008337144181917
USA,2040,C22,622212.6140457981,94381431.38374062,0.0065925320788575
USA,2040,C23,422611.3849762305,94381431.38374062,0.0044776962881391
USA,2040,C24,587476.8041137009,94381431.38374062,0.0062244955972866
USA,2040,C25,960317.6256889475,94381431.38374062,0.0101748576135113
USA,2040,C26,1147139.5776156257,94381431.38374062,0.0121542930722414
USA,2040,C27,334306.03750918916,94381431.38374062,0.0035420742471043
USA,2040,C28,939786.6297698065,94381431.38374062,0.0099573254610727
USA,2040,C29,1607126.148509459,94381431.38374062,0.0170279908340776
USA,2040,C30,703061.4083870003,94381431.38374062,0.0074491496693715
USA,2040,C31T33,698902.2321033829,94381431.38374062,0.0074050819303826
USA,2040,D,1272532.5812141383,94381431.38374062,0.0134828701213506
USA,2040,E,334193.86929591757,94381431.38374062,0.003540885790735
USA,2040,F,4705493.4094913835,94381431.38374062,0.0498561352641449
USA,2040,G,9774690.407372773,94381431.38374062,0.1035658207770802
USA,2040,H49,1531839.686340422,94381431.38374062,0.0162303078463834
USA,2040,H50,104672.16429493009,94381431.38374062,0.0011090334482145
USA,2040,H51,273618.0313222011,94381431.38374062,0.0028990663450495
USA,2040,H52,804243.719398631,94381431.38374062,0.0085212070595613
USA,2040,H53,451592.6496007514,94381431.38374062,0.0047847616102011
USA,2040,I,2283505.7406439935,94381431.38374062,0.0241944385369576
USA,2040,J58T60,2238524.970594189,94381431.38374062,0.0237178535838547
USA,2040,J61,1677236.284611172,94381431.38374062,0.0177708290711526
USA,2040,J62_63,2684918.9131460874,94381431.38374062,0.0284475333101234
USA,2040,K,8274247.288521492,94381431.38374062,0.08766816912195
USA,2040,L,9802293.003535597,94381431.38374062,0.103858278687054
USA,2040,M,7072109.740138544,94381431.38374062,0.0749311558052602
USA,2040,N,3621531.656430537,94381431.38374062,0.0383712304775919
USA,2040,O,7923289.537454938,94381431.38374062,0.0839496649000802
USA,2040,P,3936800.9576691985,94381431.38374062,0.041711604708163
USA,2040,Q,6721539.311705125,94381431.38374062,0.0712167553846091
USA,2040,R,598988.791091166,94381431.38374062,0.0063464686041449
USA,2040,S,1269787.356351328,94381431.38374062,0.0134537836281436
USA,2040,T,59168.995805857034,94381431.38374062,0.000626913524603
USA,2040,HFCE,30482773.868010428,94381431.38374062,0.3229742696322551
GBR,2021,A01_02,48441.848376211354,5366082.515187743,0.0090274139913252
GBR,2021,A03,2694.24431358847,5366082.515187743,0.0005020877532097
GBR,2021,B05_06,31794.8802987266,5366082.515187743,0.0059251567989752
GBR,2021,B07_08,8610.392209968693,5366082.515187743,0.0016045955658711
GBR,2021,B09,6551.157328369232,5366082.515187743,0.0012208454323666
GBR,2021,C10T12,146190.75713554662,5366082.515187743,0.0272434791529537
GBR,2021,C13T15,14852.20390094827,5366082.515187743,0.0027677926790935
GBR,2021,C16,13191.947963126224,5366082.515187743,0.0024583945412298
GBR,2021,C17_18,31023.963928833273,5366082.515187743,0.0057814921483271
GBR,2021,C19,30964.635771549703,5366082.515187743,0.0057704360087475
GBR,2021,C20,50191.73762042116,5366082.515187743,0.0093535158056855
GBR,2021,C21,46485.76755983013,5366082.515187743,0.008662887204634
GBR,2021,C22,31603.724742841143,5366082.515187743,0.0058895338738069
GBR,2021,C23,21440.776432634004,5366082.515187743,0.0039956106474229
GBR,2021,C24,19024.40702467339,5366082.515187743,0.0035453064634821
GBR,2021,C25,50755.180277219326,5366082.515187743,0.0094585165497485
GBR,2021,C26,32312.04932400821,5366082.515187743,0.0060215341885919
GBR,2021,C27,19799.985725197675,5366082.515187743,0.0036898399659635
GBR,2021,C28,49090.37856703138,5366082.515187743,0.0091482712813472
GBR,2021,C29,77469.40232870262,5366082.515187743,0.0144368637846025
GBR,2021,C30,44562.55617440005,5366082.515187743,0.0083044858233681
GBR,2021,C31T33,55306.89711433614,5366082.515187743,0.0103067548733736
GBR,2021,D,177050.37390962528,5366082.515187743,0.0329943442741545
GBR,2021,E,66834.15992554055,5366082.515187743,0.012454925867498
GBR,2021,F,441137.0194869433,5366082.515187743,0.082208392852399
GBR,2021,G,526838.6990114133,5366082.515187743,0.0981793883191863
GBR,2021,H49,80171.10637130181,5366082.515187743,0.0149403417007457
GBR,2021,H50,16304.75300914396,5366082.515187743,0.0030384834677805
GBR,2021,H51,13156.164575530802,5366082.515187743,0.0024517261034087
GBR,2021,H52,74689.95392282616,5366082.515187743,0.0139188977641379
GBR,2021,H53,35814.74176907264,5366082.515187743,0.0066742808497084
GBR,2021,I,103032.96118037024,5366082.515187743,0.0192007783869804
GBR,2021,J58T60,96133.64431210552,5366082.515187743,0.0179150514439568
GBR,2021,J61,78339.04354971442,5366082.515187743,0.0145989263728222
GBR,2021,J62_63,160340.81404341428,5366082.515187743,0.0298804227459414
GBR,2021,K,478230.8716647257,5366082.515187743,0.089121043202593
GBR,2021,L,505919.87049295806,5366082.515187743,0.0942810456345093
GBR,2021,M,390260.85172984056,5366082.515187743,0.0727273295975745
GBR,2021,N,229972.3723477626,5366082.515187743,0.0428566597134626
GBR,2021,O,262920.94636121584,5366082.515187743,0.0489968138986057
GBR,2021,P,245352.00240138188,5366082.515187743,0.0457227412562063
GBR,2021,Q,422895.53433353826,5366082.515187743,0.0788089883330358
GBR,2021,R,59987.17771861215,5366082.515187743,0.0111789517863039
GBR,2021,S,63673.68254881745,5366082.515187743,0.0118659529309511
GBR,2021,T,4666.87640371059,5366082.515187743,0.0008696989639093
GBR,2021,HFCE,1575364.7656251779,5366082.515187743,0.2935781850477304
GBR,2022,A01_02,47990.61295619193,5316097.500602942,0.0090274139913252
GBR,2022,A03,2669.1474499214332,5316097.500602942,0.0005020877532097
GBR,2022,B05_06,31498.71124971259,5316097.500602942,0.0059251567989752
GBR,2022,B07_08,8530.186477205918,5316097.500602942,0.0016045955658711
GBR,2022,B09,6490.1333516265995,5316097.500602942,0.0012208454323666
GBR,2022,C10T12,144828.9914327455,5316097.500602942,0.0272434791529537
GBR,2022,C13T15,14713.855743516076,5316097.500602942,0.0027677926790935
GBR,2022,C16,13069.065076127657,5316097.500602942,0.0024583945412298
GBR,2022,C17_18,30734.97595947723,5316097.500602942,0.0057814921483271
GBR,2022,C19,30676.200443491798,5316097.500602942,0.0057704360087475
GBR,2022,C20,49724.2019964548,5316097.500602942,0.0093535158056855
GBR,2022,C21,46052.75301656001,5316097.500602942,0.008662887204634
GBR,2022,C22,31309.336306261222,5316097.500602942,0.0058895338738069
GBR,2022,C23,21241.055776147383,5316097.500602942,0.0039956106474229
GBR,2022,C24,18847.19482938865,5316097.500602942,0.0035453064634821
GBR,2022,C25,50282.396189529565,5316097.500602942,0.0094585165497485
GBR,2022,C26,32011.062849768565,5316097.500602942,0.0060215341885919
GBR,2022,C27,19615.549020683407,5316097.500602942,0.0036898399659635
GBR,2022,C28,48633.10209360752,5316097.500602942,0.0091482712813472
GBR,2022,C29,76747.77548187049,5316097.500602942,0.0144368637846025
GBR,2022,C30,44147.45632939972,5316097.500602942,0.0083044858233681
GBR,2022,C31T33,54791.713821668585,5316097.500602942,0.0103067548733736
GBR,2022,D,175401.15112986573,5316097.500602942,0.0329943442741545
GBR,2022,E,66211.60027440105,5316097.500602942,0.012454925867498
GBR,2022,F,437027.8317712231,5316097.500602942,0.082208392852399
GBR,2022,G,521931.2008543519,5316097.500602942,0.0981793883191863
GBR,2022,H49,79424.31317348813,5316097.500602942,0.0149403417007457
GBR,2022,H50,16152.874368691275,5316097.500602942,0.0030384834677805
GBR,2022,H51,13033.61501049398,5316097.500602942,0.0024517261034087
GBR,2022,H52,73994.21761508136,5316097.500602942,0.0139188977641379
GBR,2022,H53,35481.127743456906,5316097.500602942,0.0066742808497084
GBR,2022,I,102073.2099926575,5316097.500602942,0.0192007783869804
GBR,2022,J58T60,95238.16020439187,5316097.500602942,0.0179150514439568
GBR,2022,J61,77609.31600204647,5316097.500602942,0.0145989263728222
GBR,2022,J62_63,158847.24067665837,5316097.500602942,0.0298804227459414
GBR,2022,K,473776.15502043144,5316097.500602942,0.089121043202593
GBR,2022,L,501207.2310518468,5316097.500602942,0.0942810456345093
GBR,2022,M,386625.57509919215,5316097.500602942,0.0727273295975745
GBR,2022,N,227830.18158692934,5316097.500602942,0.0428566597134626
GBR,2022,O,260471.83990388524,5316097.500602942,0.0489968138986057
GBR,2022,P,243066.55051283332,5316097.500602942,0.0457227412562063
GBR,2022,Q,418956.26590229804,5316097.500602942,0.0788089883330358
GBR,2022,R,59428.397650530955,5316097.500602942,0.0111789517863039
GBR,2022,S,63080.56271850129,5316097.500602942,0.0118659529309511
GBR,2022,T,4623.404488315197,5316097.500602942,0.0008696989639093
GBR,2022,HFCE,1560690.2557637878,5316097.500602942,0.2935781850477304
GBR,2023,A01_02,51933.06668397096,5752817.665598975,0.0090274139913252
GBR,2023,A03,2888.4192963456608,5752817.665598975,0.0005020877532097
GBR,2023,B05_06,34086.3467045884,5752817.665598975,0.0059251567989752
GBR,2023,B07_08,9230.945717485047,5752817.665598975,0.0016045955658711
GBR,2023,B09,7023.301170284394,5752817.665598975,0.0012208454323666
GBR,2023,C10T12,156726.76814348943,5752817.665598975,0.0272434791529537
GBR,2023,C13T15,15922.6066190046,5752817.665598975,0.0027677926790935
GBR,2023,C16,14142.69554579888,5752817.665598975,0.0024583945412298
GBR,2023,C17_18,33259.87016441791,5752817.665598975,0.0057814921483271
GBR,2023,C19,33196.26620933106,5752817.665598975,0.0057704360087475
GBR,2023,C20,53809.070962406775,5752817.665598975,0.0093535158056855
GBR,2023,C21,49836.0105459098,5752817.665598975,0.008662887204634
GBR,2023,C22,33881.414511379895,5752817.665598975,0.0058895338738069
GBR,2023,C23,22986.019517349814,5752817.665598975,0.0039956106474229
GBR,2023,C24,20395.50165308205,5752817.665598975,0.0035453064634821
GBR,2023,C25,54413.121097753436,5752817.665598975,0.0094585165497485
GBR,2023,C26,34640.78825413967,5752817.665598975,0.0060215341885919
GBR,2023,C27,21226.976539427942,5752817.665598975,0.0036898399659635
GBR,2023,C28,52628.33663702594,5752817.665598975,0.0091482712813472
GBR,2023,C29,83052.64501590733,5752817.665598975,0.0144368637846025
GBR,2023,C30,47774.19274838825,5752817.665598975,0.0083044858233681
GBR,2023,C31T33,59292.88151054197,5752817.665598975,0.0103067548733736
GBR,2023,D,189810.44660521037,5752817.665598975,0.0329943442741545
GBR,2023,E,71650.91755426812,5752817.665598975,0.012454925867498
GBR,2023,F,472929.89466178144,5752817.665598975,0.082208392852399
GBR,2023,G,564808.1195203165,5752817.665598975,0.0981793883191863
GBR,2023,H49,85949.06166613489,5752817.665598975,0.0149403417007457
GBR,2023,H50,17479.84137007809,5752817.665598975,0.0030384834677805
GBR,2023,H51,14104.333238899708,5752817.665598975,0.0024517261034087
GBR,2023,H52,80072.88094319859,5752817.665598975,0.0139188977641379
GBR,2023,H53,38395.92077737142,5752817.665598975,0.0066742808497084
GBR,2023,I,110458.57709787184,5752817.665598975,0.0192007783869804
GBR,2023,J58T60,103062.02442690909,5752817.665598975,0.0179150514439568
GBR,2023,J61,83984.96153635031,5752817.665598975,0.0145989263728222
GBR,2023,J62_63,171896.6238284171,5752817.665598975,0.0298804227459414
GBR,2023,K,512697.11171248637,5752817.665598975,0.089121043202593
GBR,2023,L,542381.6648573482,5752817.665598975,0.0942810456345093
GBR,2023,M,418387.0664807657,5752817.665598975,0.0727273295975745
GBR,2023,N,246546.54908817154,5752817.665598975,0.0428566597134626
GBR,2023,O,281869.7365539642,5752817.665598975,0.0489968138986057
GBR,2023,P,263034.59361831466,5752817.665598975,0.0457227412562063
GBR,2023,Q,453373.7402902719,5752817.665598975,0.0788089883330358
GBR,2023,R,64310.471319128286,5752817.665598975,0.0111789517863039
GBR,2023,S,68262.66364034142,5752817.665598975,0.0118659529309511
GBR,2023,T,5003.2195633305455,5752817.665598975,0.0008696989639093
GBR,2023,HFCE,1688901.7691770683,5752817.665598975,0.2935781850477304
GBR,2024,A01_02,56155.23089239728,6220522.393939069,0.0090274139913252
GBR,2024,A03,3123.2481125634913,6220522.393939069,0.0005020877532097
GBR,2024,B05_06,36857.57055562556,6220522.393939069,0.0059251567989752
GBR,2024,B07_08,9981.42265071651,6220522.393939069,0.0016045955658711
GBR,2024,B09,7594.29635157466,6220522.393939069,0.0012208454323666
GBR,2024,C10T12,169468.67215976067,6220522.393939069,0.0272434791529537
GBR,2024,C13T15,17217.11634208173,6220522.393939069,0.0027677926790935
GBR,2024,C16,15292.498296857535,6220522.393939069,0.0024583945412298
GBR,2024,C17_18,35963.90137905162,6220522.393939069,0.0057814921483271
GBR,2024,C19,35895.1264152062,6220522.393939069,0.0057704360087475
GBR,2024,C20,58183.75453132969,6220522.393939069,0.0093535158056855
GBR,2024,C21,53887.68385259402,6220522.393939069,0.008662887204634
GBR,2024,C22,36635.97735187853,6220522.393939069,0.0058895338738069
GBR,2024,C23,24854.78550975553,6220522.393939069,0.0039956106474229
GBR,2024,C24,22053.658249467328,6220522.393939069,0.0035453064634821
GBR,2024,C25,58836.91401115384,6220522.393939069,0.0094585165497485
GBR,2024,C26,37457.08826600563,6220522.393939069,0.0060215341885919
GBR,2024,C27,22952.732138327323,6220522.393939069,0.0036898399659635
GBR,2024,C28,56907.026371449916,6220522.393939069,0.0091482712813472
GBR,2024,C29,89804.83447036779,6220522.393939069,0.0144368637846025
GBR,2024,C30,51658.24003441079,6220522.393939069,0.0083044858233681
GBR,2024,C31T33,64113.39949866111,6220522.393939069,0.0103067548733736
GBR,2024,D,205242.05743071335,6220522.393939069,0.0329943442741545
GBR,2024,E,77476.14527362229,6220522.393939069,0.012454925867498
GBR,2024,F,511379.14870808844,6220522.393939069,0.082208392852399
GBR,2024,G,610727.0836627382,6220522.393939069,0.0981793883191863
GBR,2024,H49,92936.73012259034,6220522.393939069,0.0149403417007457
GBR,2024,H50,18900.95445494224,6220522.393939069,0.0030384834677805
GBR,2024,H51,15251.01713005879,6220522.393939069,0.0024517261034087
GBR,2024,H52,86582.81524076824,6220522.393939069,0.0139188977641379
GBR,2024,H53,41517.51348904978,6220522.393939069,0.0066742808497084
GBR,2024,I,119438.87193727285,6220522.393939069,0.0192007783869804
GBR,2024,J58T60,111440.97869570371,6220522.393939069,0.0179150514439568
GBR,2024,J61,90812.94842960815,6220522.393939069,0.0145989263728222
GBR,2024,J62_63,185871.8388314948,6220522.393939069,0.0298804227459414
GBR,2024,K,554379.4450129409,6220522.393939069,0.089121043202593
GBR,2024,L,586477.3556934564,6220522.393939069,0.0942810456345093
GBR,2024,M,452401.9824130998,6220522.393939069,0.0727273295975745
GBR,2024,N,266590.8114770204,6220522.393939069,0.0428566597134626
GBR,2024,O,304785.77808794176,6220522.393939069,0.0489968138986057
GBR,2024,P,284419.335896513,6220522.393939069,0.0457227412562063
GBR,2024,Q,490233.076769332,6220522.393939069,0.0788089883330358
GBR,2024,R,69538.91992746857,6220522.393939069,0.0111789517863039
GBR,2024,S,73812.42593240824,6220522.393939069,0.0118659529309511
GBR,2024,T,5409.981880983406,6220522.393939069,0.0008696989639093
GBR,2024,HFCE,1826209.674461395,6220522.393939069,0.2935781850477304
GBR,2025,A01_02,57495.71528058534,6369012.802097616,0.0090274139913252
GBR,2025,A03,3197.8033279690076,6369012.802097616,0.0005020877532097
GBR,2025,B05_06,37737.39950710878,6369012.802097616,0.0059251567989752
GBR,2025,B07_08,10219.689701222105,6369012.802097616,0.0016045955658711
GBR,2025,B09,7775.580188125274,6369012.802097616,0.0012208454323666
GBR,2025,C10T12,173514.0674988416,6369012.802097616,0.0272434791529537
GBR,2025,C13T15,17628.10700669856,6369012.802097616,0.0027677926790935
GBR,2025,C16,15657.546305699492,6369012.802097616,0.0024583945412298
GBR,2025,C17_18,36822.39750792215,6369012.802097616,0.0057814921483271
GBR,2025,C19,36751.980813397895,6369012.802097616,0.0057704360087475
GBR,2025,C20,59572.66191103335,6369012.802097616,0.0093535158056855
GBR,2025,C21,55174.03950944157,6369012.802097616,0.008662887204634
GBR,2025,C22,37510.51664066371,6369012.802097616,0.0058895338738069
GBR,2025,C23,25448.095365633995,6369012.802097616,0.0039956106474229
GBR,2025,C24,22580.10225327692,6369012.802097616,0.0035453064634821
GBR,2025,C25,60241.41299420037,6369012.802097616,0.0094585165497485
GBR,2025,C26,38351.22833541029,6369012.802097616,0.0060215341885919
GBR,2025,C27,23500.63798091296,6369012.802097616,0.0036898399659635
GBR,2025,C28,58265.456907962274,6369012.802097616,0.0091482712813472
GBR,2025,C29,91948.57026627276,6369012.802097616,0.0144368637846025
GBR,2025,C30,52891.376523869585,6369012.802097616,0.0083044858233681
GBR,2025,C31T33,65643.85373659845,6369012.802097616,0.0103067548733736
GBR,2025,D,210141.40107890617,6369012.802097616,0.0329943442741545
GBR,2025,E,79325.58229927151,6369012.802097616,0.012454925867498
GBR,2025,F,523586.3065167994,6369012.802097616,0.082208392852399
GBR,2025,G,625305.7811070107,6369012.802097616,0.0981793883191863
GBR,2025,H49,95155.22755976224,6369012.802097616,0.0149403417007457
GBR,2025,H50,19352.140105255963,6369012.802097616,0.0030384834677805
GBR,2025,H51,15615.074939846912,6369012.802097616,0.0024517261034087
GBR,2025,H52,88649.63805088216,6369012.802097616,0.0139188977641379
GBR,2025,H53,42508.580176587755,6369012.802097616,0.0066742808497084
GBR,2025,I,122290.00335691738,6369012.802097616,0.0192007783869804
GBR,2025,J58T60,114101.19199679824,6369012.802097616,0.0179150514439568
GBR,2025,J61,92980.74896538511,6369012.802097616,0.0145989263728222
GBR,2025,J62_63,190308.79500098957,6369012.802097616,0.0298804227459414
GBR,2025,K,567613.0650936095,6369012.802097616,0.089121043202593
GBR,2025,L,600477.1866413392,6369012.802097616,0.0942810456345093
GBR,2025,M,463201.2932693248,6369012.802097616,0.0727273295975745
GBR,2025,N,272954.6143701844,6369012.802097616,0.0428566597134626
GBR,2025,O,312061.3349822141,6369012.802097616,0.0489968138986057
GBR,2025,P,291208.72440777475,6369012.802097616,0.0457227412562063
GBR,2025,Q,501935.4556134667,6369012.802097616,0.0788089883330358
GBR,2025,R,71198.88704100155,6369012.802097616,0.0111789517863039
GBR,2025,S,75574.40612631528,6369012.802097616,0.0118659529309511
GBR,2025,T,5539.123835109363,6369012.802097616,0.0008696989639093
GBR,2025,HFCE,1869803.2189855778,6369012.802097616,0.2935781850477304
GBR,2026,A01_02,59510.42294818074,6592189.413863889,0.0090274139913252
GBR,2026,A03,3309.8575715396896,6592189.413863889,0.0005020877532097
GBR,2026,B05_06,39059.75592568796,6592189.413863889,0.0059251567989752
GBR,2026,B07_08,10577.797902868402,6592189.413863889,0.0016045955658711
GBR,2026,B09,8048.044335211182,6592189.413863889,0.0012208454323666
GBR,2026,C10T12,179594.1748689229,6592189.413863889,0.0272434791529537
GBR,2026,C13T15,18245.81359889014,6592189.413863889,0.0027677926790935
GBR,2026,C16,16206.20246979586,6592189.413863889,0.0024583945412298
GBR,2026,C17_18,38112.6913365391,6592189.413863889,0.0057814921483271
GBR,2026,C19,38039.80717024426,6592189.413863889,0.0057704360087475
GBR,2026,C20,61660.14787664852,6592189.413863889,0.0093535158056855
GBR,2026,C21,57107.39332388519,6592189.413863889,0.008662887204634
GBR,2026,C22,38824.92285550263,6592189.413863889,0.0058895338738069
GBR,2026,C23,26339.82221186308,6592189.413863889,0.0039956106474229
GBR,2026,C24,23371.33173746992,6592189.413863889,0.0035453064634821
GBR,2026,C25,62352.33267010846,6592189.413863889,0.0094585165497485
GBR,2026,C26,39695.093933255004,6592189.413863889,0.0060215341885919
GBR,2026,C27,24324.12396247648,6592189.413863889,0.0036898399659635
GBR,2026,C28,60307.13709605205,6592189.413863889,0.0091482712813472
GBR,2026,C29,95170.54061025157,6592189.413863889,0.0144368637846025
GBR,2026,C30,54744.743532389926,6592189.413863889,0.0083044858233681
GBR,2026,C31T33,67944.0803675435,6592189.413863889,0.0103067548733736
GBR,2026,D,217504.9670414619,6592189.413863889,0.0329943442741545
GBR,2026,E,82105.23045417982,6592189.413863889,0.012454925867498
GBR,2026,F,541933.2970923485,6592189.413863889,0.082208392852399
GBR,2026,G,647217.1243373718,6592189.413863889,0.0981793883191863
GBR,2026,H49,98489.56239916502,6592189.413863889,0.0149403417007457
GBR,2026,H50,20030.25855050305,6592189.413863889,0.0030384834677805
GBR,2026,H51,16162.242864584594,6592189.413863889,0.0024517261034087
GBR,2026,H52,91756.01049340362,6592189.413863889,0.0139188977641379
GBR,2026,H53,43998.123562602195,6592189.413863889,0.0066742808497084
GBR,2026,I,126575.16802059875,6592189.413863889,0.0192007783869804
GBR,2026,J58T60,118099.412477679,6592189.413863889,0.0179150514439568
GBR,2026,J61,96238.88788869685,6592189.413863889,0.0145989263728222
GBR,2026,J62_63,196977.40650757265,6592189.413863889,0.0298804227459414
GBR,2026,K,587502.7975526399,6592189.413863889,0.089121043202593
GBR,2026,L,621518.5109598305,6592189.413863889,0.0942810456345093
GBR,2026,M,479432.33227172046,6592189.413863889,0.0727273295975745
GBR,2026,N,282519.21847665514,6592189.413863889,0.0428566597134626
GBR,2026,O,322996.27789544757,6592189.413863889,0.0489968138986057
GBR,2026,P,301412.97088200087,6592189.413863889,0.0457227412562063
GBR,2026,Q,519523.77860636136,6592189.413863889,0.0788089883330358
GBR,2026,R,73693.76762376737,6592189.413863889,0.0111789517863039
GBR,2026,S,78222.60929682302,6592189.413863889,0.0118659529309511
GBR,2026,T,5733.220303131279,6592189.413863889,0.0008696989639093
GBR,2026,HFCE,1935323.0036130224,6592189.413863889,0.2935781850477304
GBR,2027,A01_02,61535.92747414903,6816562.033521597,0.0090274139913252
GBR,2027,A03,3422.512316025403,6816562.033521597,0.0005020877532097
GBR,2027,B05_06,40389.19887855671,6816562.033521597,0.0059251567989752
GBR,2027,B07_08,10937.825213474043,6816562.033521597,0.0016045955658711
GBR,2027,B09,8321.968623068424,6816562.033521597,0.0012208454323666
GBR,2027,C10T12,185706.86565506132,6816562.033521597,0.0272434791529537
GBR,2027,C13T15,18866.83049296778,6816562.033521597,0.0027677926790935
GBR,2027,C16,16757.7988931638,6816562.033521597,0.0024583945412298
GBR,2027,C17_18,39409.899875389725,6816562.033521597,0.0057814921483271
GBR,2027,C19,39334.53501409411,6816562.033521597,0.0057704360087475
GBR,2027,C20,63758.82072097996,6816562.033521597,0.0093535158056855
GBR,2027,C21,59051.10801978817,6816562.033521597,0.008662887204634
GBR,2027,C22,40146.37299933149,6816562.033521597,0.0058895338738069
GBR,2027,C23,27236.32783995759,6816562.033521597,0.0039956106474229
GBR,2027,C24,24166.80143617081,6816562.033521597,0.0035453064634821
GBR,2027,C25,64474.56480645132,6816562.033521597,0.0094585165497485
GBR,2027,C26,41046.16133350782,6816562.033521597,0.0060215341885919
GBR,2027,C27,25152.023021757417,6816562.033521597,0.0036898399659635
GBR,2027,C28,62359.7586887873,6816562.033521597,0.0091482712813472
GBR,2027,C29,98409.77755724432,6816562.033521597,0.0144368637846025
GBR,2027,C30,56608.04277148933,6816562.033521597,0.0083044858233681
GBR,2027,C31T33,70256.63395865218,6816562.033521597,0.0103067548733736
GBR,2027,D,224907.99450014226,6816562.033521597,0.0329943442741545
GBR,2027,E,84899.77479871291,6816562.033521597,0.012454925867498
GBR,2027,F,560378.6095544912,6816562.033521597,0.082208392852399
GBR,2027,G,669245.890890939,6816562.033521597,0.0981793883191863
GBR,2027,H49,101841.76600514264,6816562.033521597,0.0149403417007457
GBR,2027,H50,20712.011045955598,6816562.033521597,0.0030384834677805
GBR,2027,H51,16712.34307308959,6816562.033521597,0.0024517261034087
GBR,2027,H52,94879.03004749106,6816562.033521597,0.0139188977641379
GBR,2027,H53,45495.64944118255,6816562.033521597,0.0066742808497084
GBR,2027,I,130883.29696675265,6816562.033521597,0.0192007783869804
GBR,2027,J58T60,122119.0595014622,6816562.033521597,0.0179150514439568
GBR,2027,J61,99514.48724315697,6816562.033521597,0.0145989263728222
GBR,2027,J62_63,203681.7552355593,6816562.033521597,0.0298804227459414
GBR,2027,K,607499.1194826334,6816562.033521597,0.089121043202593
GBR,2027,L,642672.5961529132,6816562.033521597,0.0942810456345093
GBR,2027,M,495750.35373423784,6816562.033521597,0.0727273295975745
GBR,2027,N,292135.0794863437,6816562.033521597,0.0428566597134626
GBR,2027,O,333989.8213847589,6816562.033521597,0.0489968138986057
GBR,2027,P,311671.90211558744,6816562.033521597,0.0457227412562063
GBR,2027,Q,537206.3577712184,6816562.033521597,0.0788089883330358
GBR,2027,R,76202.0183210876,6816562.033521597,0.0111789517863039
GBR,2027,S,80885.00424067558,6816562.033521597,0.0118659529309511
GBR,2027,T,5928.356937977204,6816562.033521597,0.0008696989639093
GBR,2027,HFCE,2001193.910066537,6816562.033521597,0.2935781850477304
GBR,2028,A01_02,64143.672780362605,7105431.615521433,0.0090274139913252
GBR,2028,A03,3567.5501954223255,7105431.615521433,0.0005020877532097
GBR,2028,B05_06,42100.79644636016,7105431.615521433,0.0059251567989752
GBR,2028,B07_08,11401.344063866018,7105431.615521433,0.0016045955658711
GBR,2028,B09,8674.633732802573,7105431.615521433,0.0012208454323666
GBR,2028,C10T12,193576.67809019628,7105431.615521433,0.0272434791529537
GBR,2028,C13T15,19666.361607239724,7105431.615521433,0.0027677926790935
GBR,2028,C16,17467.95429667953,7105431.615521433,0.0024583945412298
GBR,2028,C17_18,41079.99709561231,7105431.615521433,0.0057814921483271
GBR,2028,C19,41001.4384518978,7105431.615521433,0.0057704360087475
GBR,2028,C20,66460.76692199719,7105431.615521433,0.0093535158056855
GBR,2028,C21,61553.55262550251,7105431.615521433,0.008662887204634
GBR,2028,C22,41847.680187631966,7105431.615521433,0.0058895338738069
GBR,2028,C23,28390.538217512734,7105431.615521433,0.0039956106474229
GBR,2028,C24,25190.932632338197,7105431.615521433,0.0035453064634821
GBR,2028,C25,67206.8425285157,7105431.615521433,0.0094585165497485
GBR,2028,C26,42785.59939756409,7105431.615521433,0.0060215341885919
GBR,2028,C27,26217.90555037158,7105431.615521433,0.0036898399659635
GBR,2028,C28,65002.415989851164,7105431.615521433,0.0091482712813472
GBR,2028,C29,102580.14836409102,7105431.615521433,0.0144368637846025
GBR,2028,C30,59006.956120009236,7105431.615521433,0.0083044858233681
GBR,2028,C31T33,73233.94193069838,7105431.615521433,0.0103067548733736
GBR,2028,D,234439.05693897593,7105431.615521433,0.0329943442741545
GBR,2028,E,88497.62402789599,7105431.615521433,0.012454925867498
GBR,2028,F,584126.1136346421,7105431.615521433,0.082208392852399
GBR,2028,G,697606.9297557019,7105431.615521433,0.0981793883191863
GBR,2028,H49,106157.57626717175,7105431.615521433,0.0149403417007457
GBR,2028,H50,21589.736495206762,7105431.615521433,0.0030384834677805
GBR,2028,H51,17420.572167759346,7105431.615521433,0.0024517261034087
GBR,2028,H52,98899.77622651601,7105431.615521433,0.0139188977641379
GBR,2028,H53,47423.64616038732,7105431.615521433,0.0066742808497084
GBR,2028,I,136429.81779347116,7105431.615521433,0.0192007783869804
GBR,2028,J58T60,127294.17292358354,7105431.615521433,0.0179150514439568
GBR,2028,J61,103731.6730021205,7105431.615521433,0.0145989263728222
GBR,2028,J62_63,212313.30046415777,7105431.615521433,0.0298804227459414
GBR,2028,K,633243.4779799557,7105431.615521433,0.089121043202593
GBR,2028,L,669907.5223958613,7105431.615521433,0.0942810456345093
GBR,2028,M,516759.06703505345,7105431.615521433,0.0727273295975745
GBR,2028,N,304515.06486368086,7105431.615521433,0.0428566597134626
GBR,2028,O,348143.5105349729,7105431.615521433,0.0489968138986057
GBR,2028,P,324879.8112701544,7105431.615521433,0.0457227412562063
GBR,2028,Q,559971.8772888123,7105431.615521433,0.0788089883330358
GBR,2028,R,79431.27745079352,7105431.615521433,0.0111789517863039
GBR,2028,S,84312.71710386916,7105431.615521433,0.0118659529309511
GBR,2028,T,6179.586514147373,7105431.615521433,0.0008696989639093
GBR,2028,HFCE,2085999.7176655454,7105431.615521433,0.2935781850477304
GBR,2029,A01_02,66325.43220787718,7347113.16791408,0.0090274139913252
GBR,2029,A03,3688.8955430553824,7347113.16791408,0.0005020877532097
GBR,2029,B05_06,43532.797539706335,7347113.16791408,0.0059251567989752
GBR,2029,B07_08,11789.145211188104,7347113.16791408,0.0016045955658711
GBR,2029,B09,8969.689552128406,7347113.16791408,0.0012208454323666
GBR,2029,C10T12,200160.92442445885,7347113.16791408,0.0272434791529537
GBR,2029,C13T15,20335.286038624046,7347113.16791408,0.0027677926790935
GBR,2029,C16,18062.10290579756,7347113.16791408,0.0024583945412298
GBR,2029,C17_18,42477.2770931659,7347113.16791408,0.0057814921483271
GBR,2029,C19,42396.04638447432,7347113.16791408,0.0057704360087475
GBR,2029,C20,68721.33914224443,7347113.16791408,0.0093535158056855
GBR,2029,C21,63647.21265332086,7347113.16791408,0.008662887204634
GBR,2029,C22,43271.0718771227,7347113.16791408,0.0058895338738069
GBR,2029,C23,29356.203601538495,7347113.16791408,0.0039956106474229
GBR,2029,C24,26047.76780214024,7347113.16791408,0.0035453064634821
GBR,2029,C25,69492.79149159047,7347113.16791408,0.0094585165497485
GBR,2029,C26,44240.893128048374,7347113.16791408,0.0060215341885919
GBR,2029,C27,27109.671801426073,7347113.16791408,0.0036898399659635
GBR,2029,C28,67213.38439483623,7347113.16791408,0.0091482712813472
GBR,2029,C29,106069.27201523494,7347113.16791408,0.0144368637846025
GBR,2029,C30,61013.99714562357,7347113.16791408,0.0083044858233681
GBR,2029,C31T33,75724.8944486258,7347113.16791408,0.0103067548733736
GBR,2029,D,242413.18128333107,7347113.16791408,0.0329943442741545
GBR,2029,E,91507.74984648825,7347113.16791408,0.012454925867498
GBR,2029,F,603994.3656389145,7347113.16791408,0.082208392852399
GBR,2029,G,721335.0767376435,7347113.16791408,0.0981793883191863
GBR,2029,H49,109768.38124268458,7347113.16791408,0.0149403417007457
GBR,2029,H50,22324.08189661935,7347113.16791408,0.0030384834677805
GBR,2029,H51,18013.109138472737,7347113.16791408,0.0024517261034087
GBR,2029,H52,102263.71704574741,7347113.16791408,0.0139188977641379
GBR,2029,H53,49036.69671724937,7347113.16791408,0.0066742808497084
GBR,2029,I,141070.29172118378,7347113.16791408,0.0192007783869804
GBR,2029,J58T60,131623.91036775315,7347113.16791408,0.0179150514439568
GBR,2029,J61,107259.96419117013,7347113.16791408,0.0145989263728222
GBR,2029,J62_63,219534.84741954546,7347113.16791408,0.0298804227459414
GBR,2029,K,654782.3900520107,7347113.16791408,0.089121043202593
GBR,2029,L,692693.5118660117,7347113.16791408,0.0942810456345093
GBR,2029,M,534335.920953567,7347113.16791408,0.0727273295975745
GBR,2029,N,314872.7289135939,7347113.16791408,0.0428566597134626
GBR,2029,O,359985.13658028154,7347113.16791408,0.0489968138986057
GBR,2029,P,335930.15435660165,7347113.16791408,0.0457227412562063
GBR,2029,Q,579018.5559316345,7347113.16791408,0.0788089883330358
GBR,2029,R,82133.02387263002,7347113.16791408,0.0111789517863039
GBR,2029,S,87180.4990288395,7347113.16791408,0.0118659529309511
GBR,2029,T,6389.77670985925,7347113.16791408,0.0008696989639093
GBR,2029,HFCE,2156952.149176497,7347113.16791408,0.2935781850477304
GBR,2030,A01_02,68918.49497796514,7634356.311141999,0.0090274139913252
GBR,2030,A03,3833.1168074635802,7634356.311141999,0.0005020877532097
GBR,2030,B05_06,45234.75820276225,7634356.311141999,0.0059251567989752
GBR,2030,B07_08,12250.054285138502,7634356.311141999,0.0016045955658711
GBR,2030,B09,9320.369031516835,7634356.311141999,0.0012208454323666
GBR,2030,C10T12,207986.42700881755,7634356.311141999,0.0272434791529537
GBR,2030,C13T15,21130.315507570085,7634356.311141999,0.0027677926790935
GBR,2030,C16,18768.259881114765,7634356.311141999,0.0024583945412298
GBR,2030,C17_18,44137.97107039891,7634356.311141999,0.0057814921483271
GBR,2030,C19,44053.56456142252,7634356.311141999,0.0057704360087475
GBR,2030,C20,71408.07242250154,7634356.311141999,0.0093535158056855
GBR,2030,C21,66135.56760340885,7634356.311141999,0.008662887204634
GBR,2030,C22,44962.80009918229,7634356.311141999,0.0058895338738069
GBR,2030,C23,30503.915363019187,7634356.311141999,0.0039956106474229
GBR,2030,C24,27066.132774417092,7634356.311141999,0.0035453064634821
GBR,2030,C25,72209.68551561351,7634356.311141999,0.0094585165497485
GBR,2030,C26,45970.53753543389,7634356.311141999,0.0060215341885919
GBR,2030,C27,28169.553031257426,7634356.311141999,0.0036898399659635
GBR,2030,C28,69841.1625927921,7634356.311141999,0.0091482712813472
GBR,2030,C29,110216.16214707747,7634356.311141999,0.0144368637846025
GBR,2030,C30,63399.40375641952,7634356.311141999,0.0083044858233681
GBR,2030,C31T33,78685.43911493331,7634356.311141999,0.0103067548733736
GBR,2030,D,251890.5804413833,7634356.311141999,0.0329943442741545
GBR,2030,E,95085.3419013391,7634356.311141999,0.012454925867498
GBR,2030,F,627608.1628015531,7634356.311141999,0.082208392852399
GBR,2030,G,749536.432838641,7634356.311141999,0.0981793883191863
GBR,2030,H49,114059.89195370593,7634356.311141999,0.0149403417007457
GBR,2030,H50,23196.86543855069,7634356.311141999,0.0030384834677805
GBR,2030,H51,18717.35065074979,7634356.311141999,0.0024517261034087
GBR,2030,H52,106261.82498978644,7634356.311141999,0.0139188977641379
GBR,2030,H53,50953.83812730551,7634356.311141999,0.0066742808497084
GBR,2030,I,146585.58365748273,7634356.311141999,0.0192007783869804
GBR,2030,J58T60,136769.8860556052,7634356.311141999,0.0179150514439568
GBR,2030,J61,111453.40569025255,7634356.311141999,0.0145989263728222
GBR,2030,J62_63,228117.79397006868,7634356.311141999,0.0298804227459414
GBR,2030,K,680381.7986292746,7634356.311141999,0.089121043202593
GBR,2030,L,719775.095760883,7634356.311141999,0.0942810456345093
GBR,2030,M,555226.3477057472,7634356.311141999,0.0727273295975745
GBR,2030,N,327183.01055793825,7634356.311141999,0.0428566597134626
GBR,2030,O,374059.13541267044,7634356.311141999,0.0489968138986057
GBR,2030,P,349063.6982720312,7634356.311141999,0.0457227412562063
GBR,2030,Q,601655.8974550281,7634356.311141999,0.0788089883330358
GBR,2030,R,85344.10112172131,7634356.311141999,0.0111789517863039
GBR,2030,S,90588.91264612044,7634356.311141999,0.0118659529309511
GBR,2030,T,6639.591773914622,7634356.311141999,0.0008696989639093
GBR,2030,HFCE,2241280.4698327547,7634356.311141999,0.2935781850477304
GBR,2031,A01_02,71304.44717150631,7898657.050626634,0.0090274139913252
GBR,2031,A03,3965.8189719230822,7898657.050626634,0.0005020877532097
GBR,2031,B05_06,46800.7815262938,7898657.050626634,0.0059251567989752
GBR,2031,B07_08,12674.150079771998,7898657.050626634,0.0016045955658711
GBR,2031,B09,9643.039382087765,7898657.050626634,0.0012208454323666
GBR,2031,C10T12,215186.89869507746,7898657.050626634,0.0272434791529537
GBR,2031,C13T15,21861.845159394652,7898657.050626634,0.0027677926790935
GBR,2031,C16,19418.01537630679,7898657.050626634,0.0024583945412298
GBR,2031,C17_18,45666.02372052637,7898657.050626634,0.0057814921483271
GBR,2031,C19,45578.69506568325,7898657.050626634,0.0057704360087475
GBR,2031,C20,73880.21356672543,7898657.050626634,0.0093535158056855
GBR,2031,C21,68425.17509766559,7898657.050626634,0.008662887204634
GBR,2031,C22,46519.40825724926,7898657.050626634,0.0058895338738069
GBR,2031,C23,31559.95821182574,7898657.050626634,0.0039956106474229
GBR,2031,C24,28003.159894415065,7898657.050626634,0.0035453064634821
GBR,2031,C25,74709.5784341397,7898657.050626634,0.0094585165497485
GBR,2031,C26,47562.03347431074,7898657.050626634,0.0060215341885919
GBR,2031,C27,29144.780462841536,7898657.050626634,0.0036898399659635
GBR,2031,C28,72259.05745745821,7898657.050626634,0.0091482712813472
GBR,2031,C29,114031.83592118685,7898657.050626634,0.0144368637846025
GBR,2031,C30,65594.28550057537,7898657.050626634,0.0083044858233681
GBR,2031,C31T33,81409.5220496528,7898657.050626634,0.0103067548733736
GBR,2031,D,260611.01003185293,7898657.050626634,0.0329943442741545
GBR,2031,E,98377.18801834511,7898657.050626634,0.012454925867498
GBR,2031,F,649335.9018242855,7898657.050626634,0.082208392852399
GBR,2031,G,775485.317773551,7898657.050626634,0.0981793883191863
GBR,2031,H49,118008.63531336613,7898657.050626634,0.0149403417007457
GBR,2031,H50,23999.938865996908,7898657.050626634,0.0030384834677805
GBR,2031,H51,19365.34367289449,7898657.050626634,0.0024517261034087
GBR,2031,H52,109940.59996165911,7898657.050626634,0.0139188977641379
GBR,2031,H53,52717.855491411574,7898657.050626634,0.0066742808497084
GBR,2031,I,151660.36358384223,7898657.050626634,0.0192007783869804
GBR,2031,J58T60,141504.84740014822,7898657.050626634,0.0179150514439568
GBR,2031,J61,115311.91272627118,7898657.050626634,0.0145989263728222
GBR,2031,J62_63,236015.21179793446,7898657.050626634,0.0298804227459414
GBR,2031,K,703936.556251362,7898657.050626634,0.089121043202593
GBR,2031,L,744693.6458414682,7898657.050626634,0.0942810456345093
GBR,2031,M,574448.2346991289,7898657.050626634,0.0727273295975745
GBR,2031,N,338510.05741204775,7898657.050626634,0.0428566597134626
GBR,2031,O,387009.0295584629,7898657.050626634,0.0489968138986057
GBR,2031,P,361148.2525973111,7898657.050626634,0.0457227412562063
GBR,2031,Q,622485.1713494854,7898657.050626634,0.0788089883330358
GBR,2031,R,88298.7063455045,7898657.050626634,0.0111789517863039
GBR,2031,S,93725.09278046068,7898657.050626634,0.0118659529309511
GBR,2031,T,6869.45385320487,7898657.050626634,0.0008696989639093
GBR,2031,HFCE,2318873.4012374263,7898657.050626634,0.2935781850477304
GBR,2032,A01_02,74033.87590005284,8201005.954883085,0.0090274139913252
GBR,2032,A03,4117.624653946618,8201005.954883085,0.0005020877532097
GBR,2032,B05_06,48592.24619201161,8201005.954883085,0.0059251567989752
GBR,2032,B07_08,13159.297790887884,8201005.954883085,0.0016045955658711
GBR,2032,B09,10012.1606608303,8201005.954883085,0.0012208454323666
GBR,2032,C10T12,223423.93476510647,8201005.954883085,0.0272434791529537
GBR,2032,C13T15,22698.6842431276,8201005.954883085,0.0027677926790935
GBR,2032,C16,20161.30827207766,8201005.954883085,0.0024583945412298
GBR,2032,C17_18,47414.05153654034,8201005.954883085,0.0057814921483271
GBR,2032,C19,47323.380070010026,8201005.954883085,0.0057704360087475
GBR,2032,C20,76708.23882151984,8201005.954883085,0.0093535158056855
GBR,2032,C21,71044.38955168391,8201005.954883085,0.008662887204634
GBR,2032,C22,48300.10237057602,8201005.954883085,0.0058895338738069
GBR,2032,C23,32768.026712909465,8201005.954883085,0.0039956106474229
GBR,2032,C24,29075.079418902194,8201005.954883085,0.0035453064634821
GBR,2032,C25,77569.35054884767,8201005.954883085,0.0094585165497485
GBR,2032,C26,49382.63773817426,8201005.954883085,0.0060215341885919
GBR,2032,C27,30260.39953343226,8201005.954883085,0.0036898399659635
GBR,2032,C28,75025.0272552143,8201005.954883085,0.0091482712813472
GBR,2032,C29,118396.80586736105,8201005.954883085,0.0144368637846025
GBR,2032,C30,68105.13768968394,8201005.954883085,0.0083044858233681
GBR,2032,C31T33,84525.75809205715,8201005.954883085,0.0103067548733736
GBR,2032,D,270586.8138698037,8201005.954883085,0.0329943442741545
GBR,2032,E,102142.92120697846,8201005.954883085,0.012454925867498
GBR,2032,F,674191.5193238922,8201005.954883085,0.082208392852399
GBR,2032,G,805169.7482524256,8201005.954883085,0.0981793883191863
GBR,2032,H49,122525.83125580355,8201005.954883085,0.0149403417007457
GBR,2032,H50,24918.621013081683,8201005.954883085,0.0030384834677805
GBR,2032,H51,20106.62037379705,8201005.954883085,0.0024517261034087
GBR,2032,H52,114148.96344910377,8201005.954883085,0.0139188977641379
GBR,2032,H53,54735.81699302072,8201005.954883085,0.0066742808497084
GBR,2032,I,157465.6978900167,8201005.954883085,0.0192007783869804
GBR,2032,J58T60,146921.44357392652,8201005.954883085,0.0179150514439568
GBR,2032,J61,119725.88211841458,8201005.954883085,0.0145989263728222
GBR,2032,J62_63,245049.52487388937,8201005.954883085,0.0298804227459414
GBR,2032,K,730882.2060098578,8201005.954883085,0.089121043202593
GBR,2032,L,773199.4166812146,8201005.954883085,0.0942810456345093
GBR,2032,M,596437.2631124533,8201005.954883085,0.0727273295975745
GBR,2032,N,351467.72151650477,8201005.954883085,0.0428566597134626
GBR,2032,O,401823.1625527636,8201005.954883085,0.0489968138986057
GBR,2032,P,374972.4733157263,8201005.954883085,0.0457227412562063
GBR,2032,Q,646312.9826175382,8201005.954883085,0.0788089883330358
GBR,2032,R,91678.65016882918,8201005.954883085,0.0111789517863039
GBR,2032,S,97312.75064709237,8201005.954883085,0.0118659529309511
GBR,2032,T,7132.406381975818,8201005.954883085,0.0008696989639093
GBR,2032,HFCE,2407636.4438002054,8201005.954883085,0.2935781850477304
GBR,2033,A01_02,76608.47683656389,8486204.012597628,0.0090274139913252
GBR,2033,A03,4260.819105964284,8486204.012597628,0.0005020877532097
GBR,2033,B05_06,50282.08940273346,8486204.012597628,0.0059251567989752
GBR,2033,B07_08,13616.92532969169,8486204.012597628,0.0016045955658711
GBR,2033,B09,10360.343406910926,8486204.012597628,0.0012208454323666
GBR,2033,C10T12,231193.7221049155,8486204.012597628,0.0272434791529537
GBR,2033,C13T15,23488.0533393616,8486204.012597628,0.0027677926790935
GBR,2033,C16,20862.437620332435,8486204.012597628,0.0024583945412298
GBR,2033,C17_18,49062.92186793512,8486204.012597628,0.0057814921483271
GBR,2033,C19,48969.097211870874,8486204.012597628,0.0057704360087475
GBR,2033,C20,79375.84336210362,8486204.012597628,0.0093535158056855
GBR,2033,C21,73515.0281566457,8486204.012597628,0.008662887204634
GBR,2033,C22,49979.785992229765,8486204.012597628,0.0058895338738069
GBR,2033,C23,33907.56710893802,8486204.012597628,0.0039956106474229
GBR,2033,C24,30086.193936290103,8486204.012597628,0.0035453064634821
GBR,2033,C25,80266.9010976968,8486204.012597628,0.0094585165497485
GBR,2033,C26,51099.96759322238,8486204.012597628,0.0060215341885919
GBR,2033,C27,31312.73472500255,8486204.012597628,0.0036898399659635
GBR,2033,C28,77634.09645610025,8486204.012597628,0.0091482712813472
GBR,2033,C29,122514.17137821912,8486204.012597628,0.0144368637846025
GBR,2033,C30,70473.56091682648,8486204.012597628,0.0083044858233681
GBR,2033,C31T33,87465.2245632832,8486204.012597628,0.0103067548733736
GBR,2033,D,279996.7367723575,8486204.012597628,0.0329943442741545
GBR,2033,E,105695.04187336752,8486204.012597628,0.012454925867498
GBR,2033,F,697637.1932932306,8486204.012597628,0.082208392852399
GBR,2033,G,833170.3191086594,8486204.012597628,0.0981793883191863
GBR,2033,H49,126786.78769044783,8486204.012597628,0.0149403417007457
GBR,2033,H50,25785.190596490433,8486204.012597628,0.0030384834677805
GBR,2033,H51,20805.847896537256,8486204.012597628,0.0024517261034087
GBR,2033,H52,118118.6060569632,8486204.012597628,0.0139188977641379
GBR,2033,H53,56639.30892799893,8486204.012597628,0.0066742808497084
GBR,2033,I,162941.7225925909,8486204.012597628,0.0192007783869804
GBR,2033,J58T60,152030.78144959913,8486204.012597628,0.0179150514439568
GBR,2033,J61,123889.46756466108,8486204.012597628,0.0145989263728222
GBR,2033,J62_63,253571.36340472134,8486204.012597628,0.0298804227459414
GBR,2033,K,756299.3544327313,8486204.012597628,0.089121043202593
GBR,2033,L,800088.1877754729,8486204.012597628,0.0942810456345093
GBR,2033,M,617178.9562564469,8486204.012597628,0.0727273295975745
GBR,2033,N,363690.3576269174,8486204.012597628,0.0428566597134626
GBR,2033,O,415796.9587108469,8486204.012597628,0.0489968138986057
GBR,2033,P,388012.510315381,8486204.012597628,0.0457227412562063
GBR,2033,Q,668789.1530205681,8486204.012597628,0.0788089883330358
GBR,2033,R,94866.86550556758,8486204.012597628,0.0111789517863039
GBR,2033,S,100696.8973759318,8486204.012597628,0.0118659529309511
GBR,2033,T,7380.442837279101,8486204.012597628,0.0008696989639093
GBR,2033,HFCE,2491364.3719631787,8486204.012597628,0.2935781850477304
GBR,2034,A01_02,79454.97304328535,8801520.913922502,0.0090274139913252
GBR,2034,A03,4419.135860499535,8801520.913922502,0.0005020877532097
GBR,2034,B05_06,52150.39148445033,8801520.913922502,0.0059251567989752
GBR,2034,B07_08,14122.881431401798,8801520.913922502,0.0016045955658711
GBR,2034,B09,10745.296605641388,8801520.913922502,0.0012208454323666
GBR,2034,C10T12,239784.05153273366,8801520.913922502,0.0272434791529537
GBR,2034,C13T15,24360.785150443033,8801520.913922502,0.0027677926790935
GBR,2034,C16,21637.610969307,8801520.913922502,0.0024583945412298
GBR,2034,C17_18,50885.924057179705,8801520.913922502,0.0057814921483271
GBR,2034,C19,50788.61321344261,8801520.913922502,0.0057704360087475
GBR,2034,C20,82325.16498244561,8801520.913922502,0.0093535158056855
GBR,2034,C21,76246.58290653779,8801520.913922502,0.008662887204634
GBR,2034,C22,51836.85556356644,8801520.913922502,0.0058895338738069
GBR,2034,C23,35167.45067718408,8801520.913922502,0.0039956106474229
GBR,2034,C24,31204.088984602327,8801520.913922502,0.0035453064634821
GBR,2034,C25,83249.33122729353,8801520.913922502,0.0094585165497485
GBR,2034,C26,52998.65909479097,8801520.913922502,0.0060215341885919
GBR,2034,C27,32476.203629454838,8801520.913922502,0.0036898399659635
GBR,2034,C28,80518.70100901398,8801520.913922502,0.0091482712813472
GBR,2034,C29,127066.35853162927,8801520.913922502,0.0144368637846025
GBR,2034,C30,73092.10565374726,8801520.913922502,0.0083044858233681
GBR,2034,C31T33,90715.11857267041,8801520.913922502,0.0103067548733736
GBR,2034,D,290400.41117012996,8801520.913922502,0.0329943442741545
GBR,2034,E,109622.290504138,8801520.913922502,0.012454925867498
GBR,2034,F,723558.8889903469,8801520.913922502,0.082208392852399
GBR,2034,G,864127.9396074368,8801520.913922502,0.0981793883191863
GBR,2034,H49,131497.72994026175,8801520.913922502,0.0149403417007457
GBR,2034,H50,26743.27578827784,8801520.913922502,0.0030384834677805
GBR,2034,H51,21578.918574361396,8801520.913922502,0.0024517261034087
GBR,2034,H52,122507.46976980887,8801520.913922502,0.0139188977641379
GBR,2034,H53,58743.82248410093,8801520.913922502,0.0066742808497084
GBR,2034,I,168996.05253659916,8801520.913922502,0.0192007783869804
GBR,2034,J58T60,157679.69995798328,8801520.913922502,0.0179150514439568
GBR,2034,J61,128492.75579120936,8801520.913922502,0.0145989263728222
GBR,2034,J62_63,262993.16571524885,8801520.913922502,0.0298804227459414
GBR,2034,K,784400.7256182131,8801520.913922502,0.089121043202593
GBR,2034,L,829816.5949386153,8801520.913922502,0.0942810456345093
GBR,2034,M,640111.1124667869,8801520.913922502,0.0727273295975745
GBR,2034,N,377203.786768901,8801520.913922502,0.0428566597134626
GBR,2034,O,431246.48224414675,8801520.913922502,0.0489968138986057
GBR,2034,P,402429.6634083669,8801520.913922502,0.0457227412562063
GBR,2034,Q,693638.9590182891,8801520.913922502,0.0788089883330358
GBR,2034,R,98391.77794288509,8801520.913922502,0.0111789517863039
GBR,2034,S,104438.43288538611,8801520.913922502,0.0118659529309511
GBR,2034,T,7654.673619664434,8801520.913922502,0.0008696989639093
GBR,2034,HFCE,2583934.5355690094,8801520.913922502,0.2935781850477304
GBR,2035,A01_02,82208.128685173,9106498.13602988,0.0090274139913252
GBR,2035,A03,4572.261188727564,9106498.13602988,0.0005020877532097
GBR,2035,B05_06,53957.42934555243,9106498.13602988,0.0059251567989752
GBR,2035,B07_08,14612.246529686985,9106498.13602988,0.0016045955658711
GBR,2035,B09,11117.626654227035,9106498.13602988,0.0012208454323666
GBR,2035,C10T12,248092.69212534177,9106498.13602988,0.0272434791529537
GBR,2035,C13T15,25204.898873082107,9106498.13602988,0.0027677926790935
GBR,2035,C16,22387.365307335207,9106498.13602988,0.0024583945412298
GBR,2035,C17_18,52649.14747221212,9106498.13602988,0.0057814921483271
GBR,2035,C19,52548.46475773881,9106498.13602988,0.0057704360087475
GBR,2035,C20,85177.77424980103,9106498.13602988,0.0093535158056855
GBR,2035,C21,78888.56618163662,9106498.13602988,0.008662887204634
GBR,2035,C22,53633.029243907375,9106498.13602988,0.0058895338738069
GBR,2035,C23,36386.020913057786,9106498.13602988,0.0039956106474229
GBR,2035,C24,32285.326701354432,9106498.13602988,0.0035453064634821
GBR,2035,C25,86133.96332989249,9106498.13602988,0.0094585165497485
GBR,2035,C26,54835.08986445234,9106498.13602988,0.0060215341885919
GBR,2035,C27,33601.52077229517,9106498.13602988,0.0036898399659635
GBR,2035,C28,83308.71537148397,9106498.13602988,0.0091482712813472
GBR,2035,C29,131469.27314459995,9106498.13602988,0.0144368637846025
GBR,2035,C30,75624.78467118817,9106498.13602988,0.0083044858233681
GBR,2035,C31T33,93858.44404289358,9106498.13602988,0.0103067548733736
GBR,2035,D,300462.9346321161,9106498.13602988,0.0329943442741545
GBR,2035,E,113420.75919676088,9106498.13602988,0.012454925867498
GBR,2035,F,748630.5762763837,9106498.13602988,0.082208392852399
GBR,2035,G,894070.4167252238,9106498.13602988,0.0981793883191863
GBR,2035,H49,136054.19384949023,9106498.13602988,0.0149403417007457
GBR,2035,H50,27669.94403570073,9106498.13602988,0.0030384834677805
GBR,2035,H51,22326.63919074713,9106498.13602988,0.0024517261034087
GBR,2035,H52,126752.41654471227,9106498.13602988,0.0139188977641379
GBR,2035,H53,60779.32611720947,9106498.13602988,0.0066742808497084
GBR,2035,I,174851.85259135984,9106498.13602988,0.0192007783869804
GBR,2035,J58T60,163143.38258127202,9106498.13602988,0.0179150514439568
GBR,2035,J61,132945.09580214284,9106498.13602988,0.0145989263728222
GBR,2035,J62_63,272106.0140397002,9106498.13602988,0.0298804227459414
GBR,2035,K,811580.6138054515,9106498.13602988,0.089121043202593
GBR,2035,L,858570.166333607,9106498.13602988,0.0942810456345093
GBR,2035,M,662291.291418743,9106498.13602988,0.0727273295975745
GBR,2035,N,390274.09179711406,9106498.13602988,0.0428566597134626
GBR,2035,O,446189.3944390557,9106498.13602988,0.0489968138986057
GBR,2035,P,416374.0580238192,9106498.13602988,0.0457227412562063
GBR,2035,Q,717673.9053571911,9106498.13602988,0.0788089883330358
GBR,2035,R,101801.10360474436,9106498.13602988,0.0111789517863039
GBR,2035,S,108057.27824792449,9106498.13602988,0.0118659529309511
GBR,2035,T,7919.911993747159,9106498.13602988,0.0008696989639093
GBR,2035,HFCE,2673469.1949161924,9106498.13602988,0.2935781850477304
GBR,2036,A01_02,85185.49567975775,9436312.078034293,0.0090274139913252
GBR,2036,A03,4737.856729845794,9436312.078034293,0.0005020877532097
GBR,2036,B05_06,55911.62866641669,9436312.078034293,0.0059251567989752
GBR,2036,B07_08,15141.464518589733,9436312.078034293,0.0016045955658711
GBR,2036,B09,11520.278498853944,9436312.078034293,0.0012208454323666
GBR,2036,C10T12,257077.97137869245,9436312.078034293,0.0272434791529537
GBR,2036,C13T15,26117.755487224887,9436312.078034293,0.0027677926790935
GBR,2036,C16,23198.17810198034,9436312.078034293,0.0024583945412298
GBR,2036,C17_18,54555.96418831944,9436312.078034293,0.0057814921483271
GBR,2036,C19,54451.63500486803,9436312.078034293,0.0057704360087475
GBR,2036,C20,88262.69416927475,9436312.078034293,0.0093535158056855
GBR,2036,C21,81745.70715973654,9436312.078034293,0.008662887204634
GBR,2036,C22,55575.47962739615,9436312.078034293,0.0058895338738069
GBR,2036,C23,37703.82901139913,9436312.078034293,0.0039956106474229
GBR,2036,C24,33454.61820168918,9436312.078034293,0.0035453064634821
GBR,2036,C25,89253.51395867902,9436312.078034293,0.0094585165497485
GBR,2036,C26,56821.075792106174,9436312.078034293,0.0060215341885919
GBR,2036,C27,34818.48143683502,9436312.078034293,0.0036898399659635
GBR,2036,C28,86325.94278531084,9436312.078034293,0.0091482712813472
GBR,2036,C29,136230.75209958045,9436312.078034293,0.0144368637846025
GBR,2036,C30,78363.71987691296,9436312.078034293,0.0083044858233681
GBR,2036,C31T33,97257.75549695411,9436312.078034293,0.0103067548733736
GBR,2036,D,311344.9293810257,9436312.078034293,0.0329943442741545
GBR,2036,E,117528.56739449312,9436312.078034293,0.012454925867498
GBR,2036,F,775744.0503888808,9436312.078034293,0.082208392852399
GBR,2036,G,926451.3478103566,9436312.078034293,0.0981793883191863
GBR,2036,H49,140981.72684070608,9436312.078034293,0.0149403417007457
GBR,2036,H50,28672.078245924655,9436312.078034293,0.0030384834677805
GBR,2036,H51,23135.25264162747,9436312.078034293,0.0024517261034087
GBR,2036,H52,131343.063084659,9436312.078034293,0.0139188977641379
GBR,2036,H53,62980.596994296364,9436312.078034293,0.0066742808497084
GBR,2036,I,181184.53700072295,9436312.078034293,0.0192007783869804
GBR,2036,J58T60,169052.01631921524,9436312.078034293,0.0179150514439568
GBR,2036,J61,137760.0252581955,9436312.078034293,0.0145989263728222
GBR,2036,J62_63,281960.99405429745,9436312.078034293,0.0298804227459414
GBR,2036,K,840973.9763796442,9436312.078034293,0.089121043202593
GBR,2036,L,889665.3696506225,9436312.078034293,0.0942810456345093
GBR,2036,M,686277.7786847731,9436312.078034293,0.0727273295975745
GBR,2036,N,404408.81567835284,9436312.078034293,0.0428566597134626
GBR,2036,O,462349.22677661147,9436312.078034293,0.0489968138986057
GBR,2036,P,431454.05555677635,9436312.078034293,0.0457227412562063
GBR,2036,Q,743666.2084646894,9436312.078034293,0.0788089883330358
GBR,2036,R,105488.07776086252,9436312.078034293,0.0111789517863039
GBR,2036,S,111970.83495972028,9436312.078034293,0.0118659529309511
GBR,2036,T,8206.750837391237,9436312.078034293,0.0008696989639093
GBR,2036,HFCE,2770295.3734132852,9436312.078034293,0.2935781850477304
GBR,2037,A01_02,88111.30758941556,9760415.072808802,0.0090274139913252
GBR,2037,A03,4900.584874300662,9760415.072808802,0.0005020877532097
GBR,2037,B05_06,57831.9897294731,9760415.072808802,0.0059251567989752
GBR,2037,B07_08,15661.518746890455,9760415.072808802,0.0016045955658711
GBR,2037,B09,11915.95815964074,9760415.072808802,0.0012208454323666
GBR,2037,C10T12,265907.6645602417,9760415.072808802,0.0272434791529537
GBR,2037,C13T15,27014.805383434054,9760415.072808802,0.0027677926790935
GBR,2037,C16,23994.95113513022,9760415.072808802,0.0024583945412298
GBR,2037,C17_18,56429.763107857565,9760415.072808802,0.0057814921483271
GBR,2037,C19,56321.850596457756,9760415.072808802,0.0057704360087475
GBR,2037,C20,91294.19665356813,9760415.072808802,0.0093535158056855
GBR,2037,C21,84553.3748461522,9760415.072808802,0.008662887204634
GBR,2037,C22,57484.29519372288,9760415.072808802,0.0058895338738069
GBR,2037,C23,38998.81838818181,9760415.072808802,0.0039956106474229
GBR,2037,C24,34603.66264389716,9760415.072808802,0.0035453064634821
GBR,2037,C25,92319.04749857677,9760415.072808802,0.0094585165497485
GBR,2037,C26,58772.6730557659,9760415.072808802,0.0060215341885919
GBR,2037,C27,36014.36962004246,9760415.072808802,0.0036898399659635
GBR,2037,C28,89290.92490460511,9760415.072808802,0.0091482712813472
GBR,2037,C29,140909.78288732178,9760415.072808802,0.0144368637846025
GBR,2037,C30,81055.22860232902,9760415.072808802,0.0083044858233681
GBR,2037,C31T33,100598.20561782127,9760415.072808802,0.0103067548733736
GBR,2037,D,322038.49517090037,9760415.072808802,0.0329943442741545
GBR,2037,E,121565.24616784371,9760415.072808802,0.012454925867498
GBR,2037,F,802388.0367079426,9760415.072808802,0.082208392852399
GBR,2037,G,958271.5815897344,9760415.072808802,0.0981793883191863
GBR,2037,H49,145823.93632887222,9760415.072808802,0.0149403417007457
GBR,2037,H50,29656.85983740515,9760415.072808802,0.0030384834677805
GBR,2037,H51,23929.864414109066,9760415.072808802,0.0024517261034087
GBR,2037,H52,135854.21953397628,9760415.072808802,0.0139188977641379
GBR,2037,H53,65143.75140565301,9760415.072808802,0.0066742808497084
GBR,2037,I,187407.56677794497,9760415.072808802,0.0192007783869804
GBR,2037,J58T60,174858.33814374104,9760415.072808802,0.0179150514439568
GBR,2037,J61,142491.58101611974,9760415.072808802,0.0145989263728222
GBR,2037,J62_63,291645.32855138544,9760415.072808802,0.0298804227459414
GBR,2037,K,869858.3733790331,9760415.072808802,0.089121043202593
GBR,2037,L,920222.1388912391,9760415.072808802,0.0942810456345093
GBR,2037,M,709848.9240092998,9760415.072808802,0.0727273295975745
GBR,2037,N,418298.7874375181,9760415.072808802,0.0428566597134626
GBR,2037,O,478229.24089555885,9760415.072808802,0.0489968138986057
GBR,2037,P,446272.9329272128,9760415.072808802,0.0457227412562063
GBR,2037,Q,769208.4375985757,9760415.072808802,0.0788089883330358
GBR,2037,R,109111.20951324346,9760415.072808802,0.0111789517863039
GBR,2037,S,115816.6258404949,9760415.072808802,0.0118659529309511
GBR,2037,T,8488.62287614653,9760415.072808802,0.0008696989639093
GBR,2037,HFCE,2865444.9423877196,9760415.072808802,0.2935781850477304
GBR,2038,A01_02,91224.00517452745,10105220.084310768,0.0090274139913252
GBR,2038,A03,5073.707247821129,10105220.084310768,0.0005020877532097
GBR,2038,B05_06,59875.0134876947,10105220.084310768,0.0059251567989752
GBR,2038,B07_08,16214.791339436642,10105220.084310768,0.0016045955658711
GBR,2038,B09,12336.91178299003,10105220.084310768,0.0012208454323666
GBR,2038,C10T12,275301.35270292946,10105220.084310768,0.0272434791529537
GBR,2038,C13T15,27969.154169983944,10105220.084310768,0.0027677926790935
GBR,2038,C16,24842.617893195333,10105220.084310768,0.0024583945412298
GBR,2038,C17_18,58423.25057456002,10105220.084310768,0.0057814921483271
GBR,2038,C19,58311.5258508253,10105220.084310768,0.0057704360087475
GBR,2038,C20,94519.33577853134,10105220.084310768,0.0093535158056855
GBR,2038,C21,87540.38176838626,10105220.084310768,0.008662887204634
GBR,2038,C22,59515.035988822085,10105220.084310768,0.0058895338738069
GBR,2038,C23,40376.52496342384,10105220.084310768,0.0039956106474229
GBR,2038,C24,35826.1020798161,10105220.084310768,0.0035453064634821
GBR,2038,C25,95580.39140630433,10105220.084310768,0.0094585165497485
GBR,2038,C26,60848.92822092281,10105220.084310768,0.0060215341885919
GBR,2038,C27,37286.644931946925,10105220.084310768,0.0036898399659635
GBR,2038,C28,92445.29468899313,10105220.084310768,0.0091482712813472
GBR,2038,C29,145887.68587062394,10105220.084310768,0.0144368637846025
GBR,2038,C30,83918.65693217337,10105220.084310768,0.0083044858233681
GBR,2038,C31T33,104152.02635048279,10105220.084310768,0.0103067548733736
GBR,2038,D,333415.11042785004,10105220.084310768,0.0329943442741545
GBR,2038,E,125859.7670248425,10105220.084310768,0.012454925867498
GBR,2038,F,830733.9025509722,10105220.084310768,0.082208392852399
GBR,2038,G,992124.3267083874,10105220.084310768,0.0981793883191863
GBR,2038,H49,150975.44102084116,10105220.084310768,0.0149403417007457
GBR,2038,H50,30704.54416446174,10105220.084310768,0.0030384834677805
GBR,2038,H51,24775.231861394575,10105220.084310768,0.0024517261034087
GBR,2038,H52,140653.52523763455,10105220.084310768,0.0139188977641379
GBR,2038,H53,67445.07689080406,10105220.084310768,0.0066742808497084
GBR,2038,I,194028.09139051446,10105220.084310768,0.0192007783869804
GBR,2038,J58T60,181035.53766293288,10105220.084310768,0.0179150514439568
GBR,2038,J61,147525.36399201705,10105220.084310768,0.0145989263728222
GBR,2038,J62_63,301948.24805998337,10105220.084310768,0.0298804227459414
GBR,2038,K,900587.7557055705,10105220.084310768,0.089121043202593
GBR,2038,L,952730.7159156634,10105220.084310768,0.0942810456345093
GBR,2038,M,734925.6717276988,10105220.084310768,0.0727273295975745
GBR,2038,N,433075.97848295444,10105220.084310768,0.0428566597134626
GBR,2038,O,495123.58787542727,10105220.084310768,0.0489968138986057
GBR,2038,P,462038.3632519604,10105220.084310768,0.0457227412562063
GBR,2038,Q,796382.1717272064,10105220.084310768,0.0788089883330358
GBR,2038,R,112965.7681124999,10105220.084310768,0.0111789517863039
GBR,2038,S,119908.06587733328,10105220.084310768,0.0118659529309511
GBR,2038,T,8788.499437400524,10105220.084310768,0.0008696989639093
GBR,2038,HFCE,2966672.1718598288,10105220.084310768,0.2935781850477304
GBR,2039,A01_02,94317.27980186083,10447873.54302063,0.0090274139913252
GBR,2039,A03,5245.749353034296,10447873.54302063,0.0005020877532097
GBR,2039,B05_06,61905.2889582618,10447873.54302063,0.0059251567989752
GBR,2039,B07_08,16764.611559912883,10447873.54302063,0.0016045955658711
GBR,2039,B09,12755.238692940582,10447873.54302063,0.0012208454323666
GBR,2039,C10T12,284636.42506197904,10447873.54302063,0.0272434791529537
GBR,2039,C13T15,28917.547904467167,10447873.54302063,0.0027677926790935
GBR,2039,C16,25684.995285621168,10447873.54302063,0.0024583945412298
GBR,2039,C17_18,60404.29885568821,10447873.54302063,0.0057814921483271
GBR,2039,C19,60288.78570748656,10447873.54302063,0.0057704360087475
GBR,2039,C20,97724.35032044684,10447873.54302063,0.0093535158056855
GBR,2039,C21,90508.75003146751,10447873.54302063,0.008662887204634
GBR,2039,C22,61533.10514087091,10447873.54302063,0.0058895338738069
GBR,2039,C23,41745.63477142125,10447873.54302063,0.0039956106474229
GBR,2039,C24,37040.913601714674,10447873.54302063,0.0035453064634821
GBR,2039,C25,98821.38481634013,10447873.54302063,0.0094585165497485
GBR,2039,C26,62912.22773738351,10447873.54302063,0.0060215341885919
GBR,2039,C27,38550.9813583702,10447873.54302063,0.0036898399659635
GBR,2039,C28,95579.98148476286,10447873.54302063,0.0091482712813472
GBR,2039,C29,150834.52717934115,10447873.54302063,0.0144368637846025
GBR,2039,C30,86764.21772235747,10447873.54302063,0.0083044858233681
GBR,2039,C31T33,107683.67155591899,10447873.54302063,0.0103067548733736
GBR,2039,D,344720.736611253,10447873.54302063,0.0329943442741545
GBR,2039,E,130127.49045131562,10447873.54302063,0.012454925867498
GBR,2039,F,858902.8926968258,10447873.54302063,0.082208392852399
GBR,2039,G,1025765.8336899752,10447873.54302063,0.0981793883191863
GBR,2039,H49,156094.80077890886,10447873.54302063,0.0149403417007457
GBR,2039,H50,31745.691033929463,10447873.54302063,0.0030384834677805
GBR,2039,H51,25615.324290536817,10447873.54302063,0.0024517261034087
GBR,2039,H52,145422.88369794536,10447873.54302063,0.0139188977641379
GBR,2039,H53,69732.04230835765,10447873.54302063,0.0066742808497084
GBR,2039,I,200607.30451473486,10447873.54302063,0.0192007783869804
GBR,2039,J58T60,187174.1920031698,10447873.54302063,0.0179150514439568
GBR,2039,J61,152527.7366071152,10447873.54302063,0.0145989263728222
GBR,2039,J62_63,312186.878261593,10447873.54302063,0.0298804227459414
GBR,2039,K,931125.38940277,10447873.54302063,0.089121043202593
GBR,2039,L,985036.4422931104,10447873.54302063,0.0942810456345093
GBR,2039,M,759845.9427570398,10447873.54302063,0.0727273295975745
GBR,2039,N,447760.961162524,10447873.54302063,0.0428566597134626
GBR,2039,O,511912.51562354795,10447873.54302063,0.0489968138986057
GBR,2039,P,477705.4186850956,10447873.54302063,0.0457227412562063
GBR,2039,Q,823386.3441569463,10447873.54302063,0.0788089883330358
GBR,2039,R,116796.27460682773,10447873.54302063,0.0111789517863039
GBR,2039,S,123973.9756900121,10447873.54302063,0.0118659529309511
GBR,2039,T,9086.50479542043,10447873.54302063,0.0008696989639093
GBR,2039,HFCE,3067267.7523681973,10447873.54302063,0.2935781850477304
GBR,2040,A01_02,97569.84818555259,10808172.559640149,0.0090274139913252
GBR,2040,A03,5426.651076772455,10808172.559640149,0.0005020877532097
GBR,2040,B05_06,64040.11712624902,10808172.559640149,0.0059251567989752
GBR,2040,B07_08,17342.74576436828,10808172.559640149,0.0016045955658711
GBR,2040,B09,13195.108101666698,10808172.559640149,0.0012208454323666
GBR,2040,C10T12,294452.2238100826,10808172.559640149,0.0272434791529537
GBR,2040,C13T15,29914.78088495126,10808172.559640149,0.0027677926790935
GBR,2040,C16,26570.752421289057,10808172.559640149,0.0024583945412298
GBR,2040,C17_18,62487.36479132393,10808172.559640149,0.0057814921483271
GBR,2040,C19,62367.86812690415,10808172.559640149,0.0057704360087475
GBR,2040,C20,101094.41286717044,10808172.559640149,0.0093535158056855
GBR,2040,C21,93629.97977238295,10808172.559640149,0.008662887204634
GBR,2040,C22,63655.098403950884,10808172.559640149,0.0058895338738069
GBR,2040,C23,43185.2493584822,10808172.559640149,0.0039956106474229
GBR,2040,C24,38318.284034122094,10808172.559640149,0.0035453064634821
GBR,2040,C25,102229.27902789395,10808172.559640149,0.0094585165497485
GBR,2040,C26,65081.78058407398,10808172.559640149,0.0060215341885919
GBR,2040,C27,39880.42706959024,10808172.559640149,0.0036898399659635
GBR,2040,C28,98876.09463120083,10808172.559640149,0.0091482712813472
GBR,2040,C29,156036.11500400337,10808172.559640149,0.0144368637846025
GBR,2040,C30,89756.31579804773,10808172.559640149,0.0083044858233681
GBR,2040,C31T33,111397.18520133392,10808172.559640149,0.0103067548733736
GBR,2040,D,356608.56640723674,10808172.559640149,0.0329943442741545
GBR,2040,E,134614.98799344414,10808172.559640149,0.012454925867498
GBR,2040,F,888522.4957994162,10808172.559640149,0.082208392852399
GBR,2040,G,1061139.7707536838,10808172.559640149,0.0981793883191863
GBR,2040,H49,161477.7912016471,10808172.559640149,0.0149403417007457
GBR,2040,H50,32840.45363938544,10808172.559640149,0.0030384834677805
GBR,2040,H51,26498.678794615378,10808172.559640149,0.0024517261034087
GBR,2040,H52,150437.84887479187,10808172.559640149,0.0139188977641379
GBR,2040,H53,72136.77913515006,10808172.559640149,0.0066742808497084
GBR,2040,I,207525.3260858932,10808172.559640149,0.0192007783869804
GBR,2040,J58T60,193628.9674211155,10808172.559640149,0.0179150514439568
GBR,2040,J61,157787.7154229438,10808172.559640149,0.0145989263728222
GBR,2040,J62_63,322952.76519313117,10808172.559640149,0.0298804227459414
GBR,2040,K,963235.6136287698,10808172.559640149,0.089121043202593
GBR,2040,L,1019005.810321084,10808172.559640149,0.0942810456345093
GBR,2040,M,786049.5280924095,10808172.559640149,0.0727273295975745
GBR,2040,N,463202.1735128819,10808172.559640149,0.0428566597134626
GBR,2040,O,529566.0194887051,10808172.559640149,0.0489968138986057
GBR,2040,P,494179.2773968554,10808172.559640149,0.0457227412562063
GBR,2040,Q,851781.1451541182,10808172.559640149,0.0788089883330358
GBR,2040,R,120824.03994227003,10808172.559640149,0.0111789517863039
GBR,2040,S,128249.26686228727,10808172.559640149,0.0118659529309511
GBR,2040,T,9399.856476871964,10808172.559640149,0.0008696989639093
GBR,2040,HFCE,3173043.6837418377,10808172.559640149,0.2935781850477304
FRA,2021,A01_02,113228.31034657249,5205263.426813775,0.0217526570823105
FRA,2021,A03,2756.1193407676355,5205263.426813775,0.0005294870047441
FRA,2021,B05_06,321.52111649477143,5205263.426813775,6.176846206063766e-05
FRA,2021,B07_08,5247.627922943139,5205263.426813775,0.0010081387804335
FRA,2021,B09,184.73460665500977,5205263.426813775,3.548996304459634e-05
FRA,2021,C10T12,208787.29890367162,5205263.426813775,0.0401108035816496
FRA,2021,C13T15,27293.66991423472,5205263.426813775,0.0052434752434694
FRA,2021,C16,13615.35501504923,5205263.426813775,0.0026156899082019
FRA,2021,C17_18,29081.977085874456,5205263.426813775,0.0055870327207774
FRA,2021,C19,25200.645865638267,5205263.426813775,0.0048413776209332
FRA,2021,C20,76568.18137035315,5205263.426813775,0.0147097610806648
FRA,2021,C21,37958.31249466527,5205263.426813775,0.0072922942380075
FRA,2021,C22,34026.456527551476,5205263.426813775,0.0065369326655538
FRA,2021,C23,29745.52049110017,5205263.426813775,0.0057145081914342
FRA,2021,C24,35612.21659862576,5205263.426813775,0.0068415781639748
FRA,2021,C25,57272.0971653324,5205263.426813775,0.0110027279062012
FRA,2021,C26,33262.31174162457,5205263.426813775,0.0063901303381268
FRA,2021,C27,24265.20986468652,5205263.426813775,0.0046616679839275
FRA,2021,C28,44634.188750080095,5205263.426813775,0.0085748184270861
FRA,2021,C29,65593.10847152257,5205263.426813775,0.0126013043131754
FRA,2021,C30,76342.66847575252,5205263.426813775,0.0146664370687735
FRA,2021,C31T33,94311.77789858481,5205263.426813775,0.0181185408240356
FRA,2021,D,151486.41047459672,5205263.426813775,0.0291025444926087
FRA,2021,E,50847.61233340757,5205263.426813775,0.009768499336936
FRA,2021,F,356334.4595457582,5205263.426813775,0.0684565660423984
FRA,2021,G,544998.7936308734,5205263.426813775,0.1047014817393163
FRA,2021,H49,113348.74072992818,5205263.426813775,0.0217757933529429
FRA,2021,H50,21859.066819364423,5205263.426813775,0.0041994160577469
FRA,2021,H51,12420.909668684115,5205263.426813775,0.0023862211477522
FRA,2021,H52,84957.52991733134,5205263.426813775,0.0163214659760909
FRA,2021,H53,15817.942705433836,5205263.426813775,0.0030388361564856
FRA,2021,I,102429.90601941853,5205263.426813775,0.0196781406857861
FRA,2021,J58T60,70334.81675610715,5205263.426813775,0.0135122492348404
FRA,2021,J61,76116.03529851582,5205263.426813775,0.01462289783576
FRA,2021,J62_63,145203.9774808997,5205263.426813775,0.0278956059616336
FRA,2021,K,306728.4564576856,5205263.426813775,0.0589265962751551
FRA,2021,L,436802.68085636705,5205263.426813775,0.0839155764156476
FRA,2021,M,475037.70316209254,5205263.426813775,0.0912610302708293
FRA,2021,N,262045.53541294503,5205263.426813775,0.0503424157292549
FRA,2021,O,299282.7219749011,5205263.426813775,0.0574961721309265
FRA,2021,P,179947.41489540867,5205263.426813775,0.0345702801453715
FRA,2021,Q,345692.33464630827,5205263.426813775,0.0664120729924157
FRA,2021,R,62291.85960014033,5205263.426813775,0.011967090710387
FRA,2021,S,54821.927012420536,5205263.426813775,0.0105320177899196
FRA,2021,T,1147.28144739467,5205263.426813775,0.0002204079512066
FRA,2021,HFCE,1505485.4346032564,5205263.426813775,0.2892236782576801
FRA,2022,A01_02,106734.46675705163,4906732.375414003,0.0217526570823105
FRA,2022,A03,2598.051028538863,4906732.375414003,0.0005294870047441
FRA,2022,B05_06,303.0813125724623,4906732.375414003,6.176846206063766e-05
FRA,2022,B07_08,4946.667192863443,4906732.375414003,0.0010081387804335
FRA,2022,B09,174.13975067316736,4906732.375414003,3.548996304459634e-05
FRA,2022,C10T12,196812.978537952,4906732.375414003,0.0401108035816496
FRA,2022,C13T15,25728.329736813124,4906732.375414003,0.0052434752434694
FRA,2022,C16,12834.490356617944,4906732.375414003,0.0026156899082019
FRA,2022,C17_18,27414.07433353585,4906732.375414003,0.0055870327207774
FRA,2022,C19,23755.34431423775,4906732.375414003,0.0048413776209332
FRA,2022,C20,72176.86092910284,4906732.375414003,0.0147097610806648
FRA,2022,C21,35781.33622867639,4906732.375414003,0.0072922942380075
FRA,2022,C22,32074.979145974186,4906732.375414003,0.0065369326655538
FRA,2022,C23,28039.562352478708,4906732.375414003,0.0057145081914342
FRA,2022,C24,33569.79307610064,4906732.375414003,0.0068415781639748
FRA,2022,C25,53987.44123522855,4906732.375414003,0.0110027279062012
FRA,2022,C26,31354.659413201996,4906732.375414003,0.0063901303381268
FRA,2022,C27,22873.557220167986,4906732.375414003,0.0046616679839275
FRA,2022,C28,42074.33918947994,4906732.375414003,0.0085748184270861
FRA,2022,C29,61831.22784590185,4906732.375414003,0.0126013043131754
FRA,2022,C30,71964.28159732297,4906732.375414003,0.0146664370687735
FRA,2022,C31T33,88902.83085655578,4906732.375414003,0.0181185408240356
FRA,2022,D,142798.39726880958,4906732.375414003,0.0291025444926087
FRA,2022,E,47931.41195575409,4906732.375414003,0.009768499336936
FRA,2022,F,335898.04890990304,4906732.375414003,0.0684565660423984
FRA,2022,G,513742.1502041213,4906732.375414003,0.1047014817393163
FRA,2022,H49,106847.99024520996,4906732.375414003,0.0217757933529429
FRA,2022,H50,20605.410728380153,4906732.375414003,0.0041994160577469
FRA,2022,H51,11708.54856057328,4906732.375414003,0.0023862211477522
FRA,2022,H52,80085.06551910333,4906732.375414003,0.0163214659760909
FRA,2022,H53,14910.755752606547,4906732.375414003,0.0030388361564856
FRA,2022,I,96555.36999089817,4906732.375414003,0.0196781406857861
FRA,2022,J58T60,66300.99078525447,4906732.375414003,0.0135122492348404
FRA,2022,J61,71750.64623309494,4906732.375414003,0.01462289783576
FRA,2022,J62_63,136876.27290373945,4906732.375414003,0.0278956059616336
FRA,2022,K,289137.0377162537,4906732.375414003,0.0589265962751551
FRA,2022,L,411751.27560018585,4906732.375414003,0.0839155764156476
FRA,2022,M,447793.45184351545,4906732.375414003,0.0912610302708293
FRA,2022,N,247016.76111528615,4906732.375414003,0.0503424157292549
FRA,2022,O,282118.32925719337,4906732.375414003,0.0574961721309265
FRA,2022,P,169627.11281642623,4906732.375414003,0.0345702801453715
FRA,2022,Q,325866.26867024397,4906732.375414003,0.0664120729924157
FRA,2022,R,58719.311428172055,4906732.375414003,0.011967090710387
FRA,2022,S,51677.79266823473,4906732.375414003,0.0105320177899196
FRA,2022,T,1081.482829984094,4906732.375414003,0.0002204079512066
FRA,2022,HFCE,1419143.185843282,4906732.375414003,0.2892236782576801
FRA,2023,A01_02,116488.01905488427,5355116.784772634,0.0217526570823105
FRA,2023,A03,2835.464746424117,5355116.784772634,0.0005294870047441
FRA,2023,B05_06,330.77732795051236,5355116.784772634,6.176846206063766e-05
FRA,2023,B07_08,5398.700904479649,5355116.784772634,0.0010081387804335
FRA,2023,B09,190.05289679107833,5355116.784772634,3.548996304459634e-05
FRA,2023,C10T12,214798.03751081,5355116.784772634,0.0401108035816496
FRA,2023,C13T15,28079.422286842757,5355116.784772634,0.0052434752434694
FRA,2023,C16,14007.324931172383,5355116.784772634,0.0026156899082019
FRA,2023,C17_18,29919.21270010897,5355116.784772634,0.0055870327207774
FRA,2023,C19,25926.14255928198,5355116.784772634,0.0048413776209332
FRA,2023,C20,78772.4884630633,5355116.784772634,0.0147097610806648
FRA,2023,C21,39051.08727345473,5355116.784772634,0.0072922942380075
FRA,2023,C22,35006.037838235665,5355116.784772634,0.0065369326655538
FRA,2023,C23,30601.858732669993,5355116.784772634,0.0057145081914342
FRA,2023,C24,36637.45006023539,5355116.784772634,0.0068415781639748
FRA,2023,C25,58920.8928887843,5355116.784772634,0.0110027279062012
FRA,2023,C26,34219.89423058765,5355116.784772634,0.0063901303381268
FRA,2023,C27,24963.776465767358,5355116.784772634,0.0046616679839275
FRA,2023,C28,45919.15408526645,5355116.784772634,0.0085748184270861
FRA,2023,C29,67481.45623751337,5355116.784772634,0.0126013043131754
FRA,2023,C30,78540.4833198005,5355116.784772634,0.0146664370687735
FRA,2023,C31T33,97026.90208238122,5355116.784772634,0.0181185408240356
FRA,2023,D,155847.52449196123,5355116.784772634,0.0291025444926087
FRA,2023,E,52311.454761266315,5355116.784772634,0.009768499336936
FRA,2023,F,366592.905841544,5355116.784772634,0.0684565660423984
FRA,2023,G,560688.6622527781,5355116.784772634,0.1047014817393163
FRA,2023,H49,116611.91648608487,5355116.784772634,0.0217757933529429
FRA,2023,H50,22488.363417084147,5355116.784772634,0.0041994160577469
FRA,2023,H51,12778.492920507224,5355116.784772634,0.0023862211477522
FRA,2023,H52,87403.35640065983,5355116.784772634,0.0163214659760909
FRA,2023,H53,16273.322507769995,5355116.784772634,0.0030388361564856
FRA,2023,I,105378.74147957041,5355116.784772634,0.0196781406857861
FRA,2023,J58T60,72359.672677525,5355116.784772634,0.0135122492348404
FRA,2023,J61,78307.3256422938,5355116.784772634,0.01462289783576
FRA,2023,J62_63,149384.22770654762,5355116.784772634,0.0278956059616336
FRA,2023,K,315558.80478260363,5355116.784772634,0.0589265962751551
FRA,2023,L,449377.71176730504,5355116.784772634,0.0839155764156476
FRA,2023,M,488713.4749989614,5355116.784772634,0.0912610302708293
FRA,2023,N,269589.51545773476,5355116.784772634,0.0503424157292549
FRA,2023,O,307898.716438501,5355116.784772634,0.0574961721309265
FRA,2023,P,185127.88746077105,5355116.784772634,0.0345702801453715
FRA,2023,Q,355644.40679323056,5355116.784772634,0.0664120729924157
FRA,2023,R,64085.16832809008,5355116.784772634,0.011967090710387
FRA,2023,S,56400.18524432243,5355116.784772634,0.0105320177899196
FRA,2023,T,1180.3103190038112,5355116.784772634,0.0002204079512066
FRA,2023,HFCE,1548826.5739913825,5355116.784772634,0.2892236782576801
FRA,2024,A01_02,120696.24955946708,5548575.013285094,0.0217526570823105
FRA,2024,A03,2937.8983643822794,5548575.013285094,0.0005294870047441
FRA,2024,B05_06,342.7269451987024,5548575.013285094,6.176846206063766e-05
FRA,2024,B07_08,5593.733647037026,5548575.013285094,0.0010081387804335
FRA,2024,B09,196.91872217165863,5548575.013285094,3.548996304459634e-05
FRA,2024,C10T12,222557.8025159272,5548575.013285094,0.0401108035816496
FRA,2024,C13T15,29093.815718693288,5548575.013285094,0.0052434752434694
FRA,2024,C16,14513.351667151044,5548575.013285094,0.0026156899082019
FRA,2024,C17_18,31000.070152911718,5548575.013285094,0.0055870327207774
FRA,2024,C19,26862.746897387588,5548575.013285094,0.0048413776209332
FRA,2024,C20,81618.21278357024,5548575.013285094,0.0147097610806648
FRA,2024,C21,40461.84159853128,5548575.013285094,0.0072922942380075
FRA,2024,C22,36270.66125161894,5548575.013285094,0.0065369326655538
FRA,2024,C23,31707.377364204796,5548575.013285094,0.0057145081914342
FRA,2024,C24,37961.009652067485,5548575.013285094,0.0068415781639748
FRA,2024,C25,61049.46113832259,5548575.013285094,0.0110027279062012
FRA,2024,C26,35456.11752576539,5548575.013285094,0.0063901303381268
FRA,2024,C27,25865.614495851223,5548575.013285094,0.0046616679839275
FRA,2024,C28,47578.02326798653,5548575.013285094,0.0085748184270861
FRA,2024,C29,69919.28224688671,5548575.013285094,0.0126013043131754
FRA,2024,C30,81377.82625371491,5548575.013285094,0.0146664370687735
FRA,2024,C31T33,100532.08289342985,5548575.013285094,0.0181185408240356
FRA,2024,D,161477.65119470636,5548575.013285094,0.0291025444926087
FRA,2024,E,54201.251338215094,5548575.013285094,0.009768499336936
FRA,2024,F,379836.3918381526,5548575.013285094,0.0684565660423984
FRA,2024,G,580944.025432696,5548575.013285094,0.1047014817393163
FRA,2024,H49,120824.6228925986,5548575.013285094,0.0217757933529429
FRA,2024,H50,23300.775008402645,5548575.013285094,0.0041994160577469
FRA,2024,H51,13240.127036590335,5548575.013285094,0.0023862211477522
FRA,2024,H52,90560.87829512077,5548575.013285094,0.0163214659760909
FRA,2024,H53,16861.210367343312,5548575.013285094,0.0030388361564856
FRA,2024,I,109185.63971706157,5548575.013285094,0.0196781406857861
FRA,2024,J58T60,74973.72847771607,5548575.013285094,0.0135122492348404
FRA,2024,J61,81136.24555331861,5548575.013285094,0.01462289783576
FRA,2024,J62_63,154780.86221916688,5548575.013285094,0.0278956059616336
FRA,2024,K,326958.63971026405,5548575.013285094,0.0589265962751551
FRA,2024,L,465611.8705252782,5548575.013285094,0.0839155764156476
FRA,2024,M,506368.67224737804,5548575.013285094,0.0912610302708293
FRA,2024,N,279328.67002375424,5548575.013285094,0.0503424157292549
FRA,2024,O,319021.8240451975,5548575.013285094,0.0574961721309265
FRA,2024,P,191815.7926168741,5548575.013285094,0.0345702801453715
FRA,2024,Q,368492.36878618354,5548575.013285094,0.0664120729924157
FRA,2024,R,66400.30049736948,5548575.013285094,0.011967090710387
FRA,2024,S,58437.690748621986,5548575.013285094,0.0105320177899196
FRA,2024,T,1222.950050794301,5548575.013285094,0.0002204079512066
FRA,2024,HFCE,1604779.274430971,5548575.013285094,0.2892236782576801
FRA,2025,A01_02,124191.20914372997,5709243.1822834015,0.0217526570823105
FRA,2025,A03,3022.970071942912,5709243.1822834015,0.0005294870047441
FRA,2025,B05_06,352.65117089982647,5709243.1822834015,6.176846206063766e-05
FRA,2025,B07_08,5755.709458985462,5709243.1822834015,0.0010081387804335
FRA,2025,B09,202.62082955185153,5709243.1822834015,3.548996304459634e-05
FRA,2025,C10T12,229002.3318844416,5709243.1822834015,0.0401108035816496
FRA,2025,C13T15,29936.27528524947,5709243.1822834015,0.0052434752434694
FRA,2025,C16,14933.609775369194,5709243.1822834015,0.0026156899082019
FRA,2025,C17_18,31897.728470292655,5709243.1822834015,0.0055870327207774
FRA,2025,C19,27640.602175172306,5709243.1822834015,0.0048413776209332
FRA,2025,C20,83981.60316280322,5709243.1822834015,0.0147097610806648
FRA,2025,C21,41633.48116154885,5709243.1822834015,0.0072922942380075
FRA,2025,C22,37320.938253858694,5709243.1822834015,0.0065369326655538
FRA,2025,C23,32625.51693204836,5709243.1822834015,0.0057145081914342
FRA,2025,C24,39060.23348873212,5709243.1822834015,0.0068415781639748
FRA,2025,C25,62817.24928499852,5709243.1822834015,0.0110027279062012
FRA,2025,C26,36482.80806685276,5709243.1822834015,0.0063901303381268
FRA,2025,C27,26614.59615530689,5709243.1822834015,0.0046616679839275
FRA,2025,C28,48955.7236441594,5709243.1822834015,0.0085748184270861
FRA,2025,C29,71943.91073787508,5709243.1822834015,0.0126013043131754
FRA,2025,C30,83734.25584328367,5709243.1822834015,0.0146664370687735
FRA,2025,C31T33,103443.15567254873,5709243.1822834015,0.0181185408240356
FRA,2025,D,166153.5037315256,5709243.1822834015,0.0291025444926087
FRA,2025,E,55770.73824054179,5709243.1822834015,0.009768499336936
FRA,2025,F,390835.1829600965,5709243.1822834015,0.0684565660423984
FRA,2025,G,597766.2207951617,5709243.1822834015,0.1047014817393163
FRA,2025,H49,124323.29973910145,5709243.1822834015,0.0217757933529429
FRA,2025,H50,23975.48749726293,5709243.1822834015,0.0041994160577469
FRA,2025,H51,13623.51681922472,5709243.1822834015,0.0023862211477522
FRA,2025,H52,93183.21834886746,5709243.1822834015,0.0163214659760909
FRA,2025,H53,17349.45460849171,5709243.1822834015,0.0030388361564856
FRA,2025,I,112347.29055033792,5709243.1822834015,0.0196781406857861
FRA,2025,J58T60,77144.71682132666,5709243.1822834015,0.0135122492348404
FRA,2025,J61,83485.67977403948,5709243.1822834015,0.01462289783576
FRA,2025,J62_63,159262.79815212084,5709243.1822834015,0.0278956059616336
FRA,2025,K,336426.26803909574,5709243.1822834015,0.0589265962751551
FRA,2025,L,479094.43253841787,5709243.1822834015,0.0839155764156476
FRA,2025,M,521031.4148818913,5709243.1822834015,0.0912610302708293
FRA,2025,N,287417.0937819252,5709243.1822834015,0.0503424157292549
FRA,2025,O,328259.62874588504,5709243.1822834015,0.0574961721309265
FRA,2025,P,197370.1362295895,5709243.1822834015,0.0345702801453715
FRA,2025,Q,379162.6749532569,5709243.1822834015,0.0664120729924157
FRA,2025,R,68323.03105004401,5709243.1822834015,0.011967090710387
FRA,2025,S,60129.85076278597,5709243.1822834015,0.0105320177899196
FRA,2025,T,1258.3625927473336,5709243.1822834015,0.0002204079512066
FRA,2025,HFCE,1651248.313247588,5709243.1822834015,0.2892236782576801
FRA,2026,A01_02,127806.23139361927,5875430.79955748,0.0217526570823105
FRA,2026,A03,3110.9642556389226,5875430.79955748,0.0005294870047441
FRA,2026,B05_06,362.9163244323682,5875430.79955748,6.176846206063766e-05
FRA,2026,B07_08,5923.249640787301,5875430.79955748,0.0010081387804335
FRA,2026,B09,208.5188219473781,5875430.79955748,3.548996304459634e-05
FRA,2026,C10T12,235668.25075862452,5875430.79955748,0.0401108035816496
FRA,2026,C13T15,30807.67594219727,5875430.79955748,0.0052434752434694
FRA,2026,C16,15368.30504874112,5875430.79955748,0.0026156899082019
FRA,2026,C17_18,32826.22412579096,5875430.79955748,0.0055870327207774
FRA,2026,C19,28445.17918631924,5875430.79955748,0.0048413776209332
FRA,2026,C20,86426.18330746988,5875430.79955748,0.0147097610806648
FRA,2026,C21,42845.370165424814,5875430.79955748,0.0072922942380075
FRA,2026,C22,38407.29551782817,5875430.79955748,0.0065369326655538
FRA,2026,C23,33575.197432276014,5875430.79955748,0.0057145081914342
FRA,2026,C24,40197.21906219746,5875430.79955748,0.0068415781639748
FRA,2026,C25,64645.76641924511,5875430.79955748,0.0110027279062012
FRA,2026,C26,37544.76860181685,5875430.79955748,0.0063901303381268
FRA,2026,C27,27389.307650078656,5875430.79955748,0.0046616679839275
FRA,2026,C28,50380.7522871147,5875430.79955748,0.0085748184270861
FRA,2026,C29,74038.09147622726,5875430.79955748,0.0126013043131754
FRA,2026,C30,86171.63607364334,5875430.79955748,0.0146664370687735
FRA,2026,C31T33,106454.23280057832,5875430.79955748,0.0181185408240356
FRA,2026,D,170989.9862573651,5875430.79955748,0.0291025444926087
FRA,2026,E,57394.1418696906,5875430.79955748,0.009768499336936
FRA,2026,F,402211.8165574483,5875430.79955748,0.0684565660423984
FRA,2026,G,615166.310570484,5875430.79955748,0.1047014817393163
FRA,2026,H49,127942.16695067975,5875430.79955748,0.0217757933529429
FRA,2026,H50,24673.37844584239,5875430.79955748,0.0041994160577469
FRA,2026,H51,14020.077226058675,5875430.79955748,0.0023862211477522
FRA,2026,H52,95895.64388985396,5875430.79955748,0.0163214659760909
FRA,2026,H53,17854.47154862437,5875430.79955748,0.0030388361564856
FRA,2026,I,115617.55386329281,5875430.79955748,0.0196781406857861
FRA,2026,J58T60,79390.28532567827,5875430.79955748,0.0135122492348404
FRA,2026,J61,85915.82432300672,5875430.79955748,0.01462289783576
FRA,2026,J62_63,163898.7024393013,5875430.79955748,0.0278956059616336
FRA,2026,K,346219.13866813533,5875430.79955748,0.0589265962751551
FRA,2026,L,493040.16223511525,5875430.79955748,0.0839155764156476
FRA,2026,M,536197.868052578,5875430.79955748,0.0912610302708293
FRA,2026,N,295783.3798997912,5875430.79955748,0.0503424157292549
FRA,2026,O,337814.780594704,5875430.79955748,0.0574961721309265
FRA,2026,P,203115.28871544616,5875430.79955748,0.0345702801453715
FRA,2026,Q,390199.53912209865,5875430.79955748,0.0664120729924157
FRA,2026,R,70311.81334090598,5875430.79955748,0.011967090710387
FRA,2026,S,61880.14170438092,5875430.79955748,0.0105320177899196
FRA,2026,T,1294.9916649866198,5875430.79955748,0.0002204079512066
FRA,2026,HFCE,1699313.7071964766,5875430.79955748,0.2892236782576801
FRA,2027,A01_02,131541.31630913494,6047137.86510733,0.0217526570823105
FRA,2027,A03,3201.8809154703113,6047137.86510733,0.0005294870047441
FRA,2027,B05_06,373.5224057963275,6047137.86510733,6.176846206063766e-05
FRA,2027,B07_08,6096.354192442542,6047137.86510733,0.0010081387804335
FRA,2027,B09,214.61269935823833,6047137.86510733,3.548996304459634e-05
FRA,2027,C10T12,242555.55913847598,6047137.86510733,0.0401108035816496
FRA,2027,C13T15,31708.017689536682,6047137.86510733,0.0052434752434694
FRA,2027,C16,15817.437487266825,6047137.86510733,0.0026156899082019
FRA,2027,C17_18,33785.55711940664,6047137.86510733,0.0055870327207774
FRA,2027,C19,29276.47793082839,6047137.86510733,0.0048413776209332
FRA,2027,C20,88951.95321757022,6047137.86510733,0.0147097610806648
FRA,2027,C21,44097.50861015916,6047137.86510733,0.0072922942380075
FRA,2027,C22,39529.73304352737,6047137.86510733,0.0065369326655538
FRA,2027,C23,34556.41886488775,6047137.86510733,0.0057145081914342
FRA,2027,C24,41371.966372463496,6047137.86510733,0.0068415781639748
FRA,2027,C25,66535.01254106236,6047137.86510733,0.0110027279062012
FRA,2027,C26,38641.99913065768,6047137.86510733,0.0063901303381268
FRA,2027,C27,28189.74898016653,6047137.86510733,0.0046616679839275
FRA,2027,C28,51853.109196852434,6047137.86510733,0.0085748184270861
FRA,2027,C29,76201.82446194327,6047137.86510733,0.0126013043131754
FRA,2027,C30,88689.96694479398,6047137.86510733,0.0146664370687735
FRA,2027,C31T33,109565.31427751863,6047137.86510733,0.0181185408240356
FRA,2027,D,175987.09877222485,6047137.86510733,0.0291025444926087
FRA,2027,E,59071.462225661526,6047137.86510733,0.009768499336936
FRA,2027,F,413966.29263020796,6047137.86510733,0.0684565660423984
FRA,2027,G,633144.2947586633,6047137.86510733,0.1047014817393163
FRA,2027,H49,131681.22452733348,6047137.86510733,0.0217757933529429
FRA,2027,H50,25394.447854141028,6047137.86510733,0.0041994160577469
FRA,2027,H51,14429.8082570922,6047137.86510733,0.0023862211477522
FRA,2027,H52,98698.15491808024,6047137.86510733,0.0163214659760909
FRA,2027,H53,18376.261187741296,6047137.86510733,0.0030388361564856
FRA,2027,I,118996.42965592624,6047137.86510733,0.0196781406857861
FRA,2027,J58T60,81710.43399077092,6047137.86510733,0.0135122492348404
FRA,2027,J61,88426.67920022031,6047137.86510733,0.01462289783576
FRA,2027,J62_63,168688.5750807083,6047137.86510733,0.0278956059616336
FRA,2027,K,356337.25159738294,6047137.86510733,0.0589265962751551
FRA,2027,L,507449.05961537024,6047137.86510733,0.0839155764156476
FRA,2027,M,551868.0317594381,6047137.86510733,0.0912610302708293
FRA,2027,N,304427.5283773521,6047137.86510733,0.0503424157292549
FRA,2027,O,347687.27959165437,6047137.86510733,0.0574961721309265
FRA,2027,P,209051.25007444413,6047137.86510733,0.0345702801453715
FRA,2027,Q,401602.96129270876,6047137.86510733,0.0664120729924157
FRA,2027,R,72366.6473699554,6047137.86510733,0.011967090710387
FRA,2027,S,63688.56357340682,6047137.86510733,0.0105320177899196
FRA,2027,T,1332.8372675121595,6047137.86510733,0.0002204079512066
FRA,2027,HFCE,1748975.4562776368,6047137.86510733,0.2892236782576801
FRA,2028,A01_02,135396.46389027702,6224364.37893295,0.0217526570823105
FRA,2028,A03,3295.720051437078,6224364.37893295,0.0005294870047441
FRA,2028,B05_06,384.4694149917044,6224364.37893295,6.176846206063766e-05
FRA,2028,B07_08,6275.023113951183,6224364.37893295,0.0010081387804335
FRA,2028,B09,220.90246178443223,6224364.37893295,3.548996304459634e-05
FRA,2028,C10T12,249664.25702399595,6224364.37893295,0.0401108035816496
FRA,2028,C13T15,32637.30052726771,6224364.37893295,0.0052434752434694
FRA,2028,C16,16281.007090946305,6224364.37893295,0.0026156899082019
FRA,2028,C17_18,34775.72745113969,6224364.37893295,0.0055870327207774
FRA,2028,C19,30134.49840869976,6224364.37893295,0.0048413776209332
FRA,2028,C20,91558.91289310424,6224364.37893295,0.0147097610806648
FRA,2028,C21,45389.896495751884,6224364.37893295,0.0072922942380075
FRA,2028,C22,40688.25083095629,6224364.37893295,0.0065369326655538
FRA,2028,C23,35569.181229883594,6224364.37893295,0.0057145081914342
FRA,2028,C24,42584.47541953024,6224364.37893295,0.0068415781639748
FRA,2028,C25,68484.98765045026,6224364.37893295,0.0110027279062012
FRA,2028,C26,39774.49965337522,6224364.37893295,0.0063901303381268
FRA,2028,C27,29015.92014557051,6224364.37893295,0.0046616679839275
FRA,2028,C28,53372.79437337259,6224364.37893295,0.0085748184270861
FRA,2028,C29,78435.1096950231,6224364.37893295,0.0126013043131754
FRA,2028,C30,91289.24845673556,6224364.37893295,0.0146664370687735
FRA,2028,C31T33,112776.40010336964,6224364.37893295,0.0181185408240356
FRA,2028,D,181144.8412761049,6224364.37893295,0.0291025444926087
FRA,2028,E,60802.69930845458,6224364.37893295,0.009768499336936
FRA,2028,F,426098.6111783756,6224364.37893295,0.0684565660423984
FRA,2028,G,651700.1733596991,6224364.37893295,0.1047014817393163
FRA,2028,H49,135540.4724690627,6224364.37893295,0.0217757933529429
FRA,2028,H50,26138.69572215884,6224364.37893295,0.0041994160577469
FRA,2028,H51,14852.709912325292,6224364.37893295,0.0023862211477522
FRA,2028,H52,101590.7514335463,6224364.37893295,0.0163214659760909
FRA,2028,H53,18914.823525842487,6224364.37893295,0.0030388361564856
FRA,2028,I,122483.91792823822,6224364.37893295,0.0196781406857861
FRA,2028,J58T60,84105.1628166046,6224364.37893295,0.0135122492348404
FRA,2028,J61,91018.24440568028,6224364.37893295,0.01462289783576
FRA,2028,J62_63,173632.41607634182,6224364.37893295,0.0278956059616336
FRA,2028,K,366780.60682683846,6224364.37893295,0.0589265962751551
FRA,2028,L,522321.12467918295,6224364.37893295,0.0839155764156476
FRA,2028,M,568041.9060024716,6224364.37893295,0.0912610302708293
FRA,2028,N,313349.5392146081,6224364.37893295,0.0503424157292549
FRA,2028,O,357877.1257367363,6224364.37893295,0.0574961721309265
FRA,2028,P,215178.02030658338,6224364.37893295,0.0345702801453715
FRA,2028,Q,413372.94146508723,6224364.37893295,0.0664120729924157
FRA,2028,R,74487.53313719227,6224364.37893295,0.011967090710387
FRA,2028,S,65555.1163698637,6224364.37893295,0.0105320177899196
FRA,2028,T,1371.8994003239527,6224364.37893295,0.0002204079512066
FRA,2028,HFCE,1800233.5604910683,6224364.37893295,0.2892236782576801
FRA,2029,A01_02,139371.67413704545,6407110.341034339,0.0217526570823105
FRA,2029,A03,3392.4816635392212,6407110.341034339,0.0005294870047441
FRA,2029,B05_06,395.75735201849875,6407110.341034339,6.176846206063766e-05
FRA,2029,B07_08,6459.256405313225,6407110.341034339,0.0010081387804335
FRA,2029,B09,227.38810922595974,6407110.341034339,3.548996304459634e-05
FRA,2029,C10T12,256994.3444151843,6407110.341034339,0.0401108035816496
FRA,2029,C13T15,33595.52445539034,6407110.341034339,0.0052434752434694
FRA,2029,C16,16759.013859779552,6407110.341034339,0.0026156899082019
FRA,2029,C17_18,35796.735120990095,6407110.341034339,0.0055870327207774
FRA,2029,C19,31019.24061993333,6407110.341034339,0.0048413776209332
FRA,2029,C20,94247.06233407189,6407110.341034339,0.0147097610806648
FRA,2029,C21,46722.53382220298,6407110.341034339,0.0072922942380075
FRA,2029,C22,41882.848880114914,6407110.341034339,0.0065369326655538
FRA,2029,C23,36613.4845272635,6407110.341034339,0.0057145081914342
FRA,2029,C24,43834.74620339766,6407110.341034339,0.0068415781639748
FRA,2029,C25,70495.6917474088,6407110.341034339,0.0110027279062012
FRA,2029,C26,40942.27016996947,6407110.341034339,0.0063901303381268
FRA,2029,C27,29867.821146290582,6407110.341034339,0.0046616679839275
FRA,2029,C28,54939.80781667516,6407110.341034339,0.0085748184270861
FRA,2029,C29,80737.94717546672,6407110.341034339,0.0126013043131754
FRA,2029,C30,93969.48060946805,6407110.341034339,0.0146664370687735
FRA,2029,C31T33,116087.49027813131,6407110.341034339,0.0181185408240356
FRA,2029,D,186463.21376900515,6407110.341034339,0.0291025444926087
FRA,2029,E,62587.853118069725,6407110.341034339,0.009768499336936
FRA,2029,F,438608.77220195095,6407110.341034339,0.0684565660423984
FRA,2029,G,670833.9463735914,6407110.341034339,0.1047014817393163
FRA,2029,H49,139519.91077586726,6407110.341034339,0.0217757933529429
FRA,2029,H50,26906.12204989582,6407110.341034339,0.0041994160577469
FRA,2029,H51,15288.782191757948,6407110.341034339,0.0023862211477522
FRA,2029,H52,104573.43343625212,6407110.341034339,0.0163214659760909
FRA,2029,H53,19470.158562927933,6407110.341034339,0.0030388361564856
FRA,2029,I,126080.01868022869,6407110.341034339,0.0196781406857861
FRA,2029,J58T60,86574.47180317926,6407110.341034339,0.0135122492348404
FRA,2029,J61,93690.51993938655,6407110.341034339,0.01462289783576
FRA,2029,J62_63,178730.2254262018,6407110.341034339,0.0278956059616336
FRA,2029,K,377549.20435650175,6407110.341034339,0.0589265962751551
FRA,2029,L,537656.357426553,6407110.341034339,0.0839155764156476
FRA,2029,M,584719.4907816782,6407110.341034339,0.0912610302708293
FRA,2029,N,322549.41241155885,6407110.341034339,0.0503424157292549
FRA,2029,O,368384.3190299495,6407110.341034339,0.0574961721309265
FRA,2029,P,221495.59941186383,6407110.341034339,0.0345702801453715
FRA,2029,Q,425509.4796392339,6407110.341034339,0.0664120729924157
FRA,2029,R,76674.47064261652,6407110.341034339,0.011967090710387
FRA,2029,S,67479.80009375149,6407110.341034339,0.0105320177899196
FRA,2029,T,1412.1780634219988,6407110.341034339,0.0002204079512066
FRA,2029,HFCE,1853088.0198367706,6407110.341034339,0.2892236782576801
FRA,2030,A01_02,143466.9470494403,6595375.751411499,0.0217526570823105
FRA,2030,A03,3492.1657517767426,6595375.751411499,0.0005294870047441
FRA,2030,B05_06,407.3862168767108,6595375.751411499,6.176846206063766e-05
FRA,2030,B07_08,6649.054066528667,6595375.751411499,0.0010081387804335
FRA,2030,B09,234.06964168282093,6595375.751411499,3.548996304459634e-05
FRA,2030,C10T12,264545.82131204125,6595375.751411499,0.0401108035816496
FRA,2030,C13T15,34582.68947390459,6595375.751411499,0.0052434752434694
FRA,2030,C16,17251.45779376658,6595375.751411499,0.0026156899082019
FRA,2030,C17_18,36848.58012895788,6595375.751411499,0.0055870327207774
FRA,2030,C19,31930.704564529122,6595375.751411499,0.0048413776209332
FRA,2030,C20,97016.40154047323,6595375.751411499,0.0147097610806648
FRA,2030,C21,48095.42058951247,6595375.751411499,0.0072922942380075
FRA,2030,C22,43113.52719100327,6595375.751411499,0.0065369326655538
FRA,2030,C23,37689.328757027506,6595375.751411499,0.0057145081914342
FRA,2030,C24,45122.7787240658,6595375.751411499,0.0068415781639748
FRA,2030,C25,72567.12483193801,6595375.751411499,0.0110027279062012
FRA,2030,C26,42145.31068044046,6595375.751411499,0.0063901303381268
FRA,2030,C27,30745.451982326762,6595375.751411499,0.0046616679839275
FRA,2030,C28,56554.149526760164,6595375.751411499,0.0085748184270861
FRA,2030,C29,83110.33690327418,6595375.751411499,0.0126013043131754
FRA,2030,C30,96730.66340299149,6595375.751411499,0.0146664370687735
FRA,2030,C31T33,119498.58480180372,6595375.751411499,0.0181185408240356
FRA,2030,D,191942.2162509257,6595375.751411499,0.0291025444926087
FRA,2030,E,64426.923654507,6595375.751411499,0.009768499336936
FRA,2030,F,451496.7757009343,6595375.751411499,0.0684565660423984
FRA,2030,G,690545.6138003407,6595375.751411499,0.1047014817393163
FRA,2030,H49,143619.53944774732,6595375.751411499,0.0217757933529429
FRA,2030,H50,27696.72683735198,6595375.751411499,0.0041994160577469
FRA,2030,H51,15738.025095390176,6595375.751411499,0.0023862211477522
FRA,2030,H52,107646.20092619774,6595375.751411499,0.0163214659760909
FRA,2030,H53,20042.26629899765,6595375.751411499,0.0030388361564856
FRA,2030,I,129784.7319118977,6595375.751411499,0.0196781406857861
FRA,2030,J58T60,89118.36095049496,6595375.751411499,0.0135122492348404
FRA,2030,J61,96443.5058013392,6595375.751411499,0.01462289783576
FRA,2030,J62_63,183982.0031302883,6595375.751411499,0.0278956059616336
FRA,2030,K,388643.0441863731,6595375.751411499,0.0589265962751551
FRA,2030,L,553454.7578574809,6595375.751411499,0.0839155764156476
FRA,2030,M,601900.7860970583,6595375.751411499,0.0912610302708293
FRA,2030,N,332027.14796820463,6595375.751411499,0.0503424157292549
FRA,2030,O,379208.8594712943,6595375.751411499,0.0574961721309265
FRA,2030,P,228003.98739028562,6595375.751411499,0.0345702801453715
FRA,2030,Q,438012.575815149,6595375.751411499,0.0664120729924157
FRA,2030,R,78927.45988622824,6595375.751411499,0.011967090710387
FRA,2030,S,69462.61474507026,6595375.751411499,0.0105320177899196
FRA,2030,T,1453.6732568062985,6595375.751411499,0.0002204079512066
FRA,2030,HFCE,1907538.8343147445,6595375.751411499,0.2892236782576801
FRA,2031,A01_02,147682.28262746148,6789160.610064429,0.0217526570823105
FRA,2031,A03,3594.7723161496415,6789160.610064429,0.0005294870047441
FRA,2031,B05_06,419.35600956634033,6789160.610064429,6.176846206063766e-05
FRA,2031,B07_08,6844.41609759751,6789160.610064429,0.0010081387804335
FRA,2031,B09,240.94705915501572,6789160.610064429,3.548996304459634e-05
FRA,2031,C10T12,272318.68771456665,6789160.610064429,0.0401108035816496
FRA,2031,C13T15,35598.795582810446,6789160.610064429,0.0052434752434694
FRA,2031,C16,17758.33889290738,6789160.610064429,0.0026156899082019
FRA,2031,C17_18,37931.26247504302,6789160.610064429,0.0055870327207774
FRA,2031,C19,32868.89024248712,6789160.610064429,0.0048413776209332
FRA,2031,C20,99866.93051230823,6789160.610064429,0.0147097610806648
FRA,2031,C21,49508.55679768032,6789160.610064429,0.0072922942380075
FRA,2031,C22,44380.28576362133,6789160.610064429,0.0065369326655538
FRA,2031,C23,38796.71391917559,6789160.610064429,0.0057145081914342
FRA,2031,C24,46448.57298153463,6789160.610064429,0.0068415781639748
FRA,2031,C25,74699.28690403786,6789160.610064429,0.0110027279062012
FRA,2031,C26,43383.621184788164,6789160.610064429,0.0063901303381268
FRA,2031,C27,31648.81265367904,6789160.610064429,0.0046616679839275
FRA,2031,C28,58215.81950362758,6789160.610064429,0.0085748184270861
FRA,2031,C29,85552.27887844542,6789160.610064429,0.0126013043131754
FRA,2031,C30,99572.79683730585,6789160.610064429,0.0146664370687735
FRA,2031,C31T33,123009.68367438679,6789160.610064429,0.0181185408240356
FRA,2031,D,197581.8487218665,6789160.610064429,0.0291025444926087
FRA,2031,E,66319.91091776639,6789160.610064429,0.009768499336936
FRA,2031,F,464762.62167532544,6789160.610064429,0.0684565660423984
FRA,2031,G,710835.1756399464,6789160.610064429,0.1047014817393163
FRA,2031,H49,147839.35848470277,6789160.610064429,0.0217757933529429
FRA,2031,H50,28510.510084527305,6789160.610064429,0.0041994160577469
FRA,2031,H51,16200.438623221968,6789160.610064429,0.0023862211477522
FRA,2031,H52,110809.05390338312,6789160.610064429,0.0163214659760909
FRA,2031,H53,20631.14673405162,6789160.610064429,0.0030388361564856
FRA,2031,I,133598.05762324523,6789160.610064429,0.0196781406857861
FRA,2031,J58T60,91736.83025855166,6789160.610064429,0.0135122492348404
FRA,2031,J61,99277.20199153818,6789160.610064429,0.01462289783576
FRA,2031,J62_63,189387.7491886013,6789160.610064429,0.0278956059616336
FRA,2031,K,400062.1263164523,6789160.610064429,0.0589265962751551
FRA,2031,L,569716.3259719664,6789160.610064429,0.0839155764156476
FRA,2031,M,619585.7919486117,6789160.610064429,0.0912610302708293
FRA,2031,N,341782.7458845453,6789160.610064429,0.0503424157292549
FRA,2031,O,390350.74706077034,6789160.610064429,0.0574961721309265
FRA,2031,P,234703.18424184862,6789160.610064429,0.0345702801453715
FRA,2031,Q,450882.22999283235,6789160.610064429,0.0664120729924157
FRA,2031,R,81246.50086802737,6789160.610064429,0.011967090710387
FRA,2031,S,71503.56032381997,6789160.610064429,0.0105320177899196
FRA,2031,T,1496.3849804768513,6789160.610064429,0.0002204079512066
FRA,2031,HFCE,1963586.0039249896,6789160.610064429,0.2892236782576801
FRA,2032,A01_02,152017.68087110907,6988464.91699313,0.0217526570823105
FRA,2032,A03,3700.301356657918,6988464.91699313,0.0005294870047441
FRA,2032,B05_06,431.66673008738746,6988464.91699313,6.176846206063766e-05
FRA,2032,B07_08,7045.342498519754,6988464.91699313,0.0010081387804335
FRA,2032,B09,248.0203616425442,6988464.91699313,3.548996304459634e-05
FRA,2032,C10T12,280312.9436227606,6988464.91699313,0.0401108035816496
FRA,2032,C13T15,36643.84278210791,6988464.91699313,0.0052434752434694
FRA,2032,C16,18279.65715720196,6988464.91699313,0.0026156899082019
FRA,2032,C17_18,39044.78215924554,6988464.91699313,0.0055870327207774
FRA,2032,C19,33833.797653807334,6988464.91699313,0.0048413776209332
FRA,2032,C20,102798.6492495769,6988464.91699313,0.0147097610806648
FRA,2032,C21,50961.94244670657,6988464.91699313,0.0072922942380075
FRA,2032,C22,45683.124597969116,6988464.91699313,0.0065369326655538
FRA,2032,C23,39935.64001370777,6988464.91699313,0.0057145081914342
FRA,2032,C24,47812.12897580416,6988464.91699313,0.0068415781639748
FRA,2032,C25,76892.17796370837,6988464.91699313,0.0110027279062012
FRA,2032,C26,44657.20168301259,6988464.91699313,0.0063901303381268
FRA,2032,C27,32577.903160347425,6988464.91699313,0.0046616679839275
FRA,2032,C28,59924.817747277426,6988464.91699313,0.0085748184270861
FRA,2032,C29,88063.77310098048,6988464.91699313,0.0126013043131754
FRA,2032,C30,102495.88091241116,6988464.91699313,0.0146664370687735
FRA,2032,C31T33,126620.78689588058,6988464.91699313,0.0181185408240356
FRA,2032,D,203382.11118182755,6988464.91699313,0.0291025444926087
FRA,2032,E,68266.81490784789,6988464.91699313,0.009768499336936
FRA,2032,F,478406.31012512447,6988464.91699313,0.0684565660423984
FRA,2032,G,731702.6318924088,6988464.91699313,0.1047014817393163
FRA,2032,H49,152179.36788673364,6988464.91699313,0.0217757933529429
FRA,2032,H50,29347.47179142181,6988464.91699313,0.0041994160577469
FRA,2032,H51,16676.02277525333,6988464.91699313,0.0023862211477522
FRA,2032,H52,114061.99236780829,6988464.91699313,0.0163214659760909
FRA,2032,H53,21236.799868089864,6988464.91699313,0.0030388361564856
FRA,2032,I,137519.9958142713,6988464.91699313,0.0196781406857861
FRA,2032,J58T60,94429.8797273494,6988464.91699313,0.0135122492348404
FRA,2032,J61,102191.60850998353,6988464.91699313,0.01462289783576
FRA,2032,J62_63,194947.46360114083,6988464.91699313,0.0278956059616336
FRA,2032,K,411806.45074673946,6988464.91699313,0.0589265962751551
FRA,2032,L,586441.0617700093,6988464.91699313,0.0839155764156476
FRA,2032,M,637774.5083363386,6988464.91699313,0.0912610302708293
FRA,2032,N,351816.206160581,6988464.91699313,0.0503424157292549
FRA,2032,O,401809.98179837794,6988464.91699313,0.0574961721309265
FRA,2032,P,241593.1899665529,6988464.91699313,0.0345702801453715
FRA,2032,Q,464118.442172284,6988464.91699313,0.0664120729924157
FRA,2032,R,83631.59358801394,6988464.91699313,0.011967090710387
FRA,2032,S,73602.63683000064,6988464.91699313,0.0105320177899196
FRA,2032,T,1540.3132344336577,6988464.91699313,0.0002204079512066
FRA,2032,HFCE,2021229.528667506,6988464.91699313,0.2892236782576801
FRA,2033,A01_02,156473.14178038304,7193288.672197601,0.0217526570823105
FRA,2033,A03,3808.752873301572,7193288.672197601,0.0005294870047441
FRA,2033,B05_06,444.31837843985215,7193288.672197601,6.176846206063766e-05
FRA,2033,B07_08,7251.833269295399,7193288.672197601,0.0010081387804335
FRA,2033,B09,255.2895491454063,7193288.672197601,3.548996304459634e-05
FRA,2033,C10T12,288528.589036623,7193288.672197601,0.0401108035816496
FRA,2033,C13T15,37717.831071796994,7193288.672197601,0.0052434752434694
FRA,2033,C16,18815.41258665031,7193288.672197601,0.0026156899082019
FRA,2033,C17_18,40189.13918156541,7193288.672197601,0.0055870327207774
FRA,2033,C19,34825.42679848976,7193288.672197601,0.0048413776209332
FRA,2033,C20,105811.55775227924,7193288.672197601,0.0147097610806648
FRA,2033,C21,52455.57753659119,7193288.672197601,0.0072922942380075
FRA,2033,C22,47022.04369404662,7193288.672197601,0.0065369326655538
FRA,2033,C23,41106.10704062403,7193288.672197601,0.0057145081914342
FRA,2033,C24,49213.44670687439,7193288.672197601,0.0068415781639748
FRA,2033,C25,79145.79801094951,7193288.672197601,0.0110027279062012
FRA,2033,C26,45966.052175113735,7193288.672197601,0.0063901303381268
FRA,2033,C27,33532.72350233191,7193288.672197601,0.0046616679839275
FRA,2033,C28,61681.1442577097,7193288.672197601,0.0085748184270861
FRA,2033,C29,90644.81957087936,7193288.672197601,0.0126013043131754
FRA,2033,C30,105499.9156283074,7193288.672197601,0.0146664370687735
FRA,2033,C31T33,130331.89446628506,7193288.672197601,0.0181185408240356
FRA,2033,D,209343.00363080885,7193288.672197601,0.0291025444926087
FRA,2033,E,70267.6356247515,7193288.672197601,0.009768499336936
FRA,2033,F,492427.84105033136,7193288.672197601,0.0684565660423984
FRA,2033,G,753147.982557728,7193288.672197601,0.1047014817393163
FRA,2033,H49,156639.56765383997,7193288.672197601,0.0217757933529429
FRA,2033,H50,30207.611958035483,7193288.672197601,0.0041994160577469
FRA,2033,H51,17164.777551484258,7193288.672197601,0.0023862211477522
FRA,2033,H52,117405.01631947323,7193288.672197601,0.0163214659760909
FRA,2033,H53,21859.225701112362,7193288.672197601,0.0030388361564856
FRA,2033,I,141550.5464849759,7193288.672197601,0.0196781406857861
FRA,2033,J58T60,97197.50935688814,7193288.672197601,0.0135122492348404
FRA,2033,J61,105186.72535667522,7193288.672197601,0.01462289783576
FRA,2033,J62_63,200661.14636790683,7193288.672197601,0.0278956059616336
FRA,2033,K,423876.0174772345,7193288.672197601,0.0589265962751551
FRA,2033,L,603628.96525161,7193288.672197601,0.0839155764156476
FRA,2033,M,656466.9352602387,7193288.672197601,0.0912610302708293
FRA,2033,N,362127.5287963116,7193288.672197601,0.0503424157292549
FRA,2033,O,413586.563684117,7193288.672197601,0.0574961721309265
FRA,2033,P,248674.00456439846,7193288.672197601,0.0345702801453715
FRA,2033,Q,477721.21235350403,7193288.672197601,0.0664120729924157
FRA,2033,R,86082.73804618795,7193288.672197601,0.011967090710387
FRA,2033,S,75759.84426361226,7193288.672197601,0.0105320177899196
FRA,2033,T,1585.4580186767173,7193288.672197601,0.0002204079512066
FRA,2033,HFCE,2080469.4085422936,7193288.672197601,0.2892236782576801
FRA,2034,A01_02,161048.66535528336,7403631.875677841,0.0217526570823105
FRA,2034,A03,3920.126866080603,7403631.875677841,0.0005294870047441
FRA,2034,B05_06,457.31095462373435,7403631.875677841,6.176846206063766e-05
FRA,2034,B07_08,7463.888409924444,7403631.875677841,0.0010081387804335
FRA,2034,B09,262.75462166360205,7403631.875677841,3.548996304459634e-05
FRA,2034,C10T12,296965.62395615387,7403631.875677841,0.0401108035816496
FRA,2034,C13T15,38820.76045187768,7403631.875677841,0.0052434752434694
FRA,2034,C16,19365.60518125243,7403631.875677841,0.0026156899082019
FRA,2034,C17_18,41364.33354200265,7403631.875677841,0.0055870327207774
FRA,2034,C19,35843.77767653439,7403631.875677841,0.0048413776209332
FRA,2034,C20,108905.65602041523,7403631.875677841,0.0147097610806648
FRA,2034,C21,53989.46206733418,7403631.875677841,0.0072922942380075
FRA,2034,C22,48397.04305185383,7403631.875677841,0.0065369326655538
FRA,2034,C23,42308.11499992437,7403631.875677841,0.0057145081914342
FRA,2034,C24,50652.526174745304,7403631.875677841,0.0068415781639748
FRA,2034,C25,81460.1470457613,7403631.875677841,0.0110027279062012
FRA,2034,C26,47310.172661091594,7403631.875677841,0.0063901303381268
FRA,2034,C27,34513.2736796325,7403631.875677841,0.0046616679839275
FRA,2034,C28,63484.79903492438,7403631.875677841,0.0085748184270861
FRA,2034,C29,93295.41828814204,7403631.875677841,0.0126013043131754
FRA,2034,C30,108584.90098499456,7403631.875677841,0.0146664370687735
FRA,2034,C31T33,134143.00638560022,7403631.875677841,0.0181185408240356
FRA,2034,D,215464.52606881037,7403631.875677841,0.0291025444926087
FRA,2034,E,72322.37306847722,7403631.875677841,0.009768499336936
FRA,2034,F,506827.2144509461,7403631.875677841,0.0684565660423984
FRA,2034,G,775171.2276359035,7403631.875677841,0.1047014817393163
FRA,2034,H49,161219.9577860217,7403631.875677841,0.0217757933529429
FRA,2034,H50,31090.930584368325,7403631.875677841,0.0041994160577469
FRA,2034,H51,17666.702951914747,7403631.875677841,0.0023862211477522
FRA,2034,H52,120838.12575837792,7403631.875677841,0.0163214659760909
FRA,2034,H53,22498.424233119124,7403631.875677841,0.0030388361564856
FRA,2034,I,145689.709635359,7403631.875677841,0.0196781406857861
FRA,2034,J58T60,100039.7191471679,7403631.875677841,0.0135122492348404
FRA,2034,J61,108262.55253161326,7403631.875677841,0.01462289783576
FRA,2034,J62_63,206528.79748889932,7403631.875677841,0.0278956059616336
FRA,2034,K,436270.8265079374,7403631.875677841,0.0589265962751551
FRA,2034,L,621280.0364167682,7403631.875677841,0.0839155764156476
FRA,2034,M,675663.0727203122,7403631.875677841,0.0912610302708293
FRA,2034,N,372716.7137917371,7403631.875677841,0.0503424157292549
FRA,2034,O,425680.49271798733,7403631.875677841,0.0574961721309265
FRA,2034,P,255945.62803538522,7403631.875677841,0.0345702801453715
FRA,2034,Q,491690.54053649225,7403631.875677841,0.0664120729924157
FRA,2034,R,88599.93424254937,7403631.875677841,0.011967090710387
FRA,2034,S,77975.18262465483,7403631.875677841,0.0105320177899196
FRA,2034,T,1631.81933320603,7403631.875677841,0.0002204079512066
FRA,2034,HFCE,2141305.6435493524,7403631.875677841,0.2892236782576801
FRA,2035,A01_02,165744.25159581008,7619494.527433853,0.0217526570823105
FRA,2035,A03,4034.4233349950123,7619494.527433853,0.0005294870047441
FRA,2035,B05_06,470.6444586390342,7619494.527433853,6.176846206063766e-05
FRA,2035,B07_08,7681.507920406892,7619494.527433853,0.0010081387804335
FRA,2035,B09,270.4155791971315,7619494.527433853,3.548996304459634e-05
FRA,2035,C10T12,305624.04838135326,7619494.527433853,0.0401108035816496
FRA,2035,C13T15,39952.630922349985,7619494.527433853,0.0052434752434694
FRA,2035,C16,19930.234941008333,7619494.527433853,0.0026156899082019
FRA,2035,C17_18,42570.365240557265,7619494.527433853,0.0055870327207774
FRA,2035,C19,36888.85028794124,7619494.527433853,0.0048413776209332
FRA,2035,C20,112080.94405398492,7619494.527433853,0.0147097610806648
FRA,2035,C21,55563.59603893557,7619494.527433853,0.0072922942380075
FRA,2035,C22,49808.12267139077,7619494.527433853,0.0065369326655538
FRA,2035,C23,43541.66389160881,7619494.527433853,0.0057145081914342
FRA,2035,C24,52129.36737941694,7619494.527433853,0.0068415781639748
FRA,2035,C25,83835.22506814377,7619494.527433853,0.0110027279062012
FRA,2035,C26,48689.563140946186,7619494.527433853,0.0063901303381268
FRA,2035,C27,35519.55369224919,7619494.527433853,0.0046616679839275
FRA,2035,C28,65335.7820789215,7619494.527433853,0.0085748184270861
FRA,2035,C29,96015.56925276856,7619494.527433853,0.0126013043131754
FRA,2035,C30,111750.83698247268,7619494.527433853,0.0146664370687735
FRA,2035,C31T33,138054.12265382608,7619494.527433853,0.0181185408240356
FRA,2035,D,221746.6784958322,7619494.527433853,0.0291025444926087
FRA,2035,E,74431.02723902508,7619494.527433853,0.009768499336936
FRA,2035,F,521604.4303269687,7619494.527433853,0.0684565660423984
FRA,2035,G,797772.367126936,7619494.527433853,0.1047014817393163
FRA,2035,H49,165920.53828327887,7619494.527433853,0.0217757933529429
FRA,2035,H50,31997.42767042035,7619494.527433853,0.0041994160577469
FRA,2035,H51,18181.798976544815,7619494.527433853,0.0023862211477522
FRA,2035,H52,124361.32068452243,7619494.527433853,0.0163214659760909
FRA,2035,H53,23154.39546411015,7619494.527433853,0.0030388361564856
FRA,2035,I,149937.48526542063,7619494.527433853,0.0196781406857861
FRA,2035,J58T60,102956.50909818869,7619494.527433853,0.0135122492348404
FRA,2035,J61,111419.09003479766,7619494.527433853,0.01462289783576
FRA,2035,J62_63,212550.41696411837,7619494.527433853,0.0278956059616336
FRA,2035,K,448990.87783884833,7619494.527433853,0.0589265962751551
FRA,2035,L,639394.2752654842,7619494.527433853,0.0839155764156476
FRA,2035,M,695362.920716559,7619494.527433853,0.0912610302708293
FRA,2035,N,383583.76114685764,7619494.527433853,0.0503424157292549
FRA,2035,O,438091.76889998926,7619494.527433853,0.0574961721309265
FRA,2035,P,263408.0603795133,7619494.527433853,0.0345702801453715
FRA,2035,Q,506026.42672124895,7619494.527433853,0.0664120729924157
FRA,2035,R,91183.18217709825,7619494.527433853,0.011967090710387
FRA,2035,S,80248.65191312837,7619494.527433853,0.0105320177899196
FRA,2035,T,1679.3971780215963,7619494.527433853,0.0002204079512066
FRA,2035,HFCE,2203738.233688683,7619494.527433853,0.2892236782576801
FRA,2036,A01_02,170559.90050196316,7840876.627465633,0.0217526570823105
FRA,2036,A03,4151.642280044798,7840876.627465633,0.0005294870047441
FRA,2036,B05_06,484.31889048575147,7840876.627465633,6.176846206063766e-05
FRA,2036,B07_08,7904.691800742737,7840876.627465633,0.0010081387804335
FRA,2036,B09,278.27242174599445,7840876.627465633,3.548996304459634e-05
FRA,2036,C10T12,314503.86231222114,7840876.627465633,0.0401108035816496
FRA,2036,C13T15,41113.44248321389,7840876.627465633,0.0052434752434694
FRA,2036,C16,20509.301865918005,7840876.627465633,0.0026156899082019
FRA,2036,C17_18,43807.23427722924,7840876.627465633,0.0055870327207774
FRA,2036,C19,37960.6446327103,7840876.627465633,0.0048413776209332
FRA,2036,C20,115337.42185298823,7840876.627465633,0.0147097610806648
FRA,2036,C21,57177.97945139532,7840876.627465633,0.0072922942380075
FRA,2036,C22,51255.28255265741,7840876.627465633,0.0065369326655538
FRA,2036,C23,44806.753715677325,7840876.627465633,0.0057145081914342
FRA,2036,C24,53643.970320889246,7840876.627465633,0.0068415781639748
FRA,2036,C25,86271.03207809686,7840876.627465633,0.0110027279062012
FRA,2036,C26,50104.22361467749,7840876.627465633,0.0063901303381268
FRA,2036,C27,36551.56354018197,7840876.627465633,0.0046616679839275
FRA,2036,C28,67234.09338970103,7840876.627465633,0.0085748184270861
FRA,2036,C29,98805.27246475886,7840876.627465633,0.0126013043131754
FRA,2036,C30,114997.7236207417,7840876.627465633,0.0146664370687735
FRA,2036,C31T33,142065.24327096264,7840876.627465633,0.0181185408240356
FRA,2036,D,228189.46091187425,7840876.627465633,0.0291025444926087
FRA,2036,E,76593.59813639501,7840876.627465633,0.009768499336936
FRA,2036,F,536759.4886783991,7840876.627465633,0.0684565660423984
FRA,2036,G,820951.401030825,7840876.627465633,0.1047014817393163
FRA,2036,H49,170741.30914561145,7840876.627465633,0.0217757933529429
FRA,2036,H50,32927.103216191535,7840876.627465633,0.0041994160577469
FRA,2036,H51,18710.06562537444,7840876.627465633,0.0023862211477522
FRA,2036,H52,127974.60109790668,7840876.627465633,0.0163214659760909
FRA,2036,H53,23827.13939408544,7840876.627465633,0.0030388361564856
FRA,2036,I,154293.8733751608,7840876.627465633,0.0196781406857861
FRA,2036,J58T60,105947.87920995046,7840876.627465633,0.0135122492348404
FRA,2036,J61,114656.33786622836,7840876.627465633,0.01462289783576
FRA,2036,J62_63,218726.00479356386,7840876.627465633,0.0278956059616336
FRA,2036,K,462036.171469967,7840876.627465633,0.0589265962751551
FRA,2036,L,657971.6817977576,7840876.627465633,0.0839155764156476
FRA,2036,M,715566.479248979,7840876.627465633,0.0912610302708293
FRA,2036,N,394728.670861673,7840876.627465633,0.0503424157292549
FRA,2036,O,450820.39223012247,7840876.627465633,0.0574961721309265
FRA,2036,P,271061.30159678264,7840876.627465633,0.0345702801453715
FRA,2036,Q,520728.8709077738,7840876.627465633,0.0664120729924157
FRA,2036,R,93832.48184983453,7840876.627465633,0.011967090710387
FRA,2036,S,82580.25212903284,7840876.627465633,0.0105320177899196
FRA,2036,T,1728.1915531234156,7840876.627465633,0.0002204079512066
FRA,2036,HFCE,2267767.1789602838,7840876.627465633,0.2892236782576801
FRA,2037,A01_02,175495.61207374264,8067778.175773184,0.0217526570823105
FRA,2037,A03,4271.783701229962,8067778.175773184,0.0005294870047441
FRA,2037,B05_06,498.3342501638864,8067778.175773184,6.176846206063766e-05
FRA,2037,B07_08,8133.440050931985,8067778.175773184,0.0010081387804335
FRA,2037,B09,286.32514931019114,8067778.175773184,3.548996304459634e-05
FRA,2037,C10T12,323605.06574875745,8067778.175773184,0.0401108035816496
FRA,2037,C13T15,42303.19513446941,8067778.175773184,0.0052434752434694
FRA,2037,C16,21102.80595598145,8067778.175773184,0.0026156899082019
FRA,2037,C17_18,45074.94065201858,8067778.175773184,0.0055870327207774
FRA,2037,C19,39059.16071084157,8067778.175773184,0.0048413776209332
FRA,2037,C20,118675.08941742523,8067778.175773184,0.0147097610806648
FRA,2037,C21,58832.61230471345,8067778.175773184,0.0072922942380075
FRA,2037,C22,52738.52269565377,8067778.175773184,0.0065369326655538
FRA,2037,C23,46103.384472129925,8067778.175773184,0.0057145081914342
FRA,2037,C24,55196.33499916226,8067778.175773184,0.0068415781639748
FRA,2037,C25,88767.56807562061,8067778.175773184,0.0110027279062012
FRA,2037,C26,51554.15408228551,8067778.175773184,0.0063901303381268
FRA,2037,C27,37609.30322343086,8067778.175773184,0.0046616679839275
FRA,2037,C28,69179.73296726299,8067778.175773184,0.0085748184270861
FRA,2037,C29,101664.52792411298,8067778.175773184,0.0126013043131754
FRA,2037,C30,118325.56089980167,8067778.175773184,0.0146664370687735
FRA,2037,C31T33,146176.36823700988,8067778.175773184,0.0181185408240356
FRA,2037,D,234792.87331693654,8067778.175773184,0.0291025444926087
FRA,2037,E,78810.08576058707,8067778.175773184,0.009768499336936
FRA,2037,F,552292.3895052375,8067778.175773184,0.0684565660423984
FRA,2037,G,844708.3293475705,8067778.175773184,0.1047014817393163
FRA,2037,H49,175682.27037301948,8067778.175773184,0.0217757933529429
FRA,2037,H50,33879.9572216819,8067778.175773184,0.0041994160577469
FRA,2037,H51,19251.502898403636,8067778.175773184,0.0023862211477522
FRA,2037,H52,131677.96699853073,8067778.175773184,0.0163214659760909
FRA,2037,H53,24516.656023044987,8067778.175773184,0.0030388361564856
FRA,2037,I,158758.87396457946,8067778.175773184,0.0196781406857861
FRA,2037,J58T60,109013.82948245328,8067778.175773184,0.0135122492348404
FRA,2037,J61,117974.29602590545,8067778.175773184,0.01462289783576
FRA,2037,J62_63,225055.56097723587,8067778.175773184,0.0278956059616336
FRA,2037,K,475406.7074012937,8067778.175773184,0.0589265962751551
FRA,2037,L,677012.2560135886,8067778.175773184,0.0839155764156476
FRA,2037,M,736273.7483175725,8067778.175773184,0.0912610302708293
FRA,2037,N,406151.44293618336,8067778.175773184,0.0503424157292549
FRA,2037,O,463866.36270838714,8067778.175773184,0.0574961721309265
FRA,2037,P,278905.3516871932,8067778.175773184,0.0345702801453715
FRA,2037,Q,535797.873096067,8067778.175773184,0.0664120729924157
FRA,2037,R,96547.83326075826,8067778.175773184,0.011967090710387
FRA,2037,S,84969.98327236826,8067778.175773184,0.0105320177899196
FRA,2037,T,1778.2024585114882,8067778.175773184,0.0002204079512066
FRA,2037,HFCE,2333392.4793641563,8067778.175773184,0.2892236782576801
FRA,2038,A01_02,180551.38631114847,8300199.172356504,0.0217526570823105
FRA,2038,A03,4394.847598550503,8300199.172356504,0.0005294870047441
FRA,2038,B05_06,512.6905376734388,8300199.172356504,6.176846206063766e-05
FRA,2038,B07_08,8367.75267097463,8300199.172356504,0.0010081387804335
FRA,2038,B09,294.5737618897214,8300199.172356504,3.548996304459634e-05
FRA,2038,C10T12,332927.6586909623,8300199.172356504,0.0401108035816496
FRA,2038,C13T15,43521.888876116536,8300199.172356504,0.0052434752434694
FRA,2038,C16,21710.74721119867,8300199.172356504,0.0026156899082019
FRA,2038,C17_18,46373.48436492528,8300199.172356504,0.0055870327207774
FRA,2038,C19,40184.39852233505,8300199.172356504,0.0048413776209332
FRA,2038,C20,122093.94674729588,8300199.172356504,0.0147097610806648
FRA,2038,C21,60527.494598889956,8300199.172356504,0.0072922942380075
FRA,2038,C22,54257.84310037985,8300199.172356504,0.0065369326655538
FRA,2038,C23,47431.55616096661,8300199.172356504,0.0057145081914342
FRA,2038,C24,56786.461414235964,8300199.172356504,0.0068415781639748
FRA,2038,C25,91324.83306071501,8300199.172356504,0.0110027279062012
FRA,2038,C26,53039.35454377025,8300199.172356504,0.0063901303381268
FRA,2038,C27,38692.77274199585,8300199.172356504,0.0046616679839275
FRA,2038,C28,71172.70081160736,8300199.172356504,0.0085748184270861
FRA,2038,C29,104593.3356308309,8300199.172356504,0.0126013043131754
FRA,2038,C30,121734.34881965256,8300199.172356504,0.0146664370687735
FRA,2038,C31T33,150387.4975519678,8300199.172356504,0.0181185408240356
FRA,2038,D,241556.91571101907,8300199.172356504,0.0291025444926087
FRA,2038,E,81080.49011160125,8300199.172356504,0.009768499336936
FRA,2038,F,568203.1328074835,8300199.172356504,0.0684565660423984
FRA,2038,G,869043.1520771728,8300199.172356504,0.1047014817393163
FRA,2038,H49,180743.4219655029,8300199.172356504,0.0217757933529429
FRA,2038,H50,34855.98968689144,8300199.172356504,0.0041994160577469
FRA,2038,H51,19806.110795632398,8300199.172356504,0.0023862211477522
FRA,2038,H52,135471.41838639454,8300199.172356504,0.0163214659760909
FRA,2038,H53,25222.945350988797,8300199.172356504,0.0030388361564856
FRA,2038,I,163332.48703367665,8300199.172356504,0.0196781406857861
FRA,2038,J58T60,112154.35991569709,8300199.172356504,0.0135122492348404
FRA,2038,J61,121372.96451382888,8300199.172356504,0.01462289783576
FRA,2038,J62_63,231539.08551513436,8300199.172356504,0.0278956059616336
FRA,2038,K,489102.4856328282,8300199.172356504,0.0589265962751551
FRA,2038,L,696515.9979129772,8300199.172356504,0.0839155764156476
FRA,2038,M,757484.7279223392,8300199.172356504,0.0912610302708293
FRA,2038,N,417852.07737038855,8300199.172356504,0.0503424157292549
FRA,2038,O,477229.6803347832,8300199.172356504,0.0574961721309265
FRA,2038,P,286940.210650745,8300199.172356504,0.0345702801453715
FRA,2038,Q,551233.4332861284,8300199.172356504,0.0664120729924157
FRA,2038,R,99329.2364098694,8300199.172356504,0.011967090710387
FRA,2038,S,87417.84534313464,8300199.172356504,0.0105320177899196
FRA,2038,T,1829.429894185814,8300199.172356504,0.0002204079512066
FRA,2038,HFCE,2400614.1349003,8300199.172356504,0.2892236782576801
FRA,2039,A01_02,185727.2232141807,8538139.617215596,0.0217526570823105
FRA,2039,A03,4520.833972006422,8538139.617215596,0.0005294870047441
FRA,2039,B05_06,527.3877530144089,8538139.617215596,6.176846206063766e-05
FRA,2039,B07_08,8607.629660870682,8538139.617215596,0.0010081387804335
FRA,2039,B09,303.0182594845854,8538139.617215596,3.548996304459634e-05
FRA,2039,C10T12,342471.64113883564,8538139.617215596,0.0401108035816496
FRA,2039,C13T15,44769.52370815528,8538139.617215596,0.0052434752434694
FRA,2039,C16,22333.12563156967,8538139.617215596,0.0026156899082019
FRA,2039,C17_18,47702.86541594936,8538139.617215596,0.0055870327207774
FRA,2039,C19,41336.35806719075,8538139.617215596,0.0048413776209332
FRA,2039,C20,125593.99384260022,8538139.617215596,0.0147097610806648
FRA,2039,C21,62262.626333924854,8538139.617215596,0.0072922942380075
FRA,2039,C22,55813.24376683565,8538139.617215596,0.0065369326655538
FRA,2039,C23,48791.26878218739,8538139.617215596,0.0057145081914342
FRA,2039,C24,58414.34956611038,8538139.617215596,0.0068415781639748
FRA,2039,C25,93942.82703338006,8538139.617215596,0.0110027279062012
FRA,2039,C26,54559.82499913172,8538139.617215596,0.0063901303381268
FRA,2039,C27,39801.97209587694,8538139.617215596,0.0046616679839275
FRA,2039,C28,73212.99692273416,8538139.617215596,0.0085748184270861
FRA,2039,C29,107591.69558491264,8538139.617215596,0.0126013043131754
FRA,2039,C30,125224.0873802944,8538139.617215596,0.0146664370687735
FRA,2039,C31T33,154698.63121583647,8538139.617215596,0.0181185408240356
FRA,2039,D,248481.58809412192,8538139.617215596,0.0291025444926087
FRA,2039,E,83404.81118943755,8538139.617215596,0.009768499336936
FRA,2039,F,584491.7185851376,8538139.617215596,0.0684565660423984
FRA,2039,G,893955.8692196318,8538139.617215596,0.1047014817393163
FRA,2039,H49,185924.7639230618,8538139.617215596,0.0217757933529429
FRA,2039,H50,35855.200611820146,8538139.617215596,0.0041994160577469
FRA,2039,H51,20373.889317060726,8538139.617215596,0.0023862211477522
FRA,2039,H52,139354.95526149814,8538139.617215596,0.0163214659760909
FRA,2039,H53,25946.007377916874,8538139.617215596,0.0030388361564856
FRA,2039,I,168014.7125824524,8538139.617215596,0.0196781406857861
FRA,2039,J58T60,115369.47050968194,8538139.617215596,0.0135122492348404
FRA,2039,J61,124852.34332999866,8538139.617215596,0.01462289783576
FRA,2039,J62_63,238176.5784072594,8538139.617215596,0.0278956059616336
FRA,2039,K,503123.50616457075,8538139.617215596,0.0589265962751551
FRA,2039,L,716482.9074959236,8538139.617215596,0.0839155764156476
FRA,2039,M,779199.4180632794,8538139.617215596,0.0912610302708293
FRA,2039,N,429830.5741642889,8538139.617215596,0.0503424157292549
FRA,2039,O,490910.3451093108,8538139.617215596,0.0574961721309265
FRA,2039,P,295165.87848743814,8538139.617215596,0.0345702801453715
FRA,2039,Q,567035.5514779583,8538139.617215596,0.0664120729924157
FRA,2039,R,102176.69129716798,8538139.617215596,0.011967090710387
FRA,2039,S,89923.83834133198,8538139.617215596,0.0105320177899196
FRA,2039,T,1881.8738601463936,8538139.617215596,0.0002204079512066
FRA,2039,HFCE,2469432.1455687154,8538139.617215596,0.2892236782576801
FRA,2040,A01_02,191023.1227828393,8781599.510350456,0.0217526570823105
FRA,2040,A03,4649.742821597719,8781599.510350456,0.0005294870047441
FRA,2040,B05_06,542.4258961867964,8781599.510350456,6.176846206063766e-05
FRA,2040,B07_08,8853.07102062013,8781599.510350456,0.0010081387804335
FRA,2040,B09,311.658642094783,8781599.510350456,3.548996304459634e-05
FRA,2040,C10T12,352237.01309237746,8781599.510350456,0.0401108035816496
FRA,2040,C13T15,46046.099630585624,8781599.510350456,0.0052434752434694
FRA,2040,C16,22969.941217094434,8781599.510350456,0.0026156899082019
FRA,2040,C17_18,49063.08380509079,8781599.510350456,0.0055870327207774
FRA,2040,C19,42515.039345408644,8781599.510350456,0.0048413776209332
FRA,2040,C20,129175.23070333821,8781599.510350456,0.0147097610806648
FRA,2040,C21,64038.00750981812,8781599.510350456,0.0072922942380075
FRA,2040,C22,57404.724695021156,8781599.510350456,0.0065369326655538
FRA,2040,C23,50182.522335792244,8781599.510350456,0.0057145081914342
FRA,2040,C24,60079.99945478548,8781599.510350456,0.0068415781639748
FRA,2040,C25,96621.54999361576,8781599.510350456,0.0110027279062012
FRA,2040,C26,56115.5654483699,8781599.510350456,0.0063901303381268
FRA,2040,C27,40936.901285074135,8781599.510350456,0.0046616679839275
FRA,2040,C28,75300.62130064337,8781599.510350456,0.0085748184270861
FRA,2040,C29,110659.60778635819,8781599.510350456,0.0126013043131754
FRA,2040,C30,128794.77658172716,8781599.510350456,0.0146664370687735
FRA,2040,C31T33,159109.76922861577,8781599.510350456,0.0181185408240356
FRA,2040,D,255566.89046624495,8781599.510350456,0.0291025444926087
FRA,2040,E,85783.04899409594,8781599.510350456,0.009768499336936
FRA,2040,F,601158.1468381995,8781599.510350456,0.0684565660423984
FRA,2040,G,919446.4807749473,8781599.510350456,0.1047014817393163
FRA,2040,H49,191226.29624569608,8781599.510350456,0.0217757933529429
FRA,2040,H50,36877.58999646802,8781599.510350456,0.0041994160577469
FRA,2040,H51,20954.83846268862,8781599.510350456,0.0023862211477522
FRA,2040,H52,143328.57762384147,8781599.510350456,0.0163214659760909
FRA,2040,H53,26685.84210382921,8781599.510350456,0.0030388361564856
FRA,2040,I,172805.55061090662,8781599.510350456,0.0196781406857861
FRA,2040,J58T60,118659.16126440778,8781599.510350456,0.0135122492348404
FRA,2040,J61,128412.43247441477,8781599.510350456,0.01462289783576
FRA,2040,J62_63,244968.0396536109,8781599.510350456,0.0278956059616336
FRA,2040,K,517469.768996521,8781599.510350456,0.0589265962751551
FRA,2040,L,736912.9847624273,8781599.510350456,0.0839155764156476
FRA,2040,M,801417.8187403927,8781599.510350456,0.0912610302708293
FRA,2040,N,442086.93331788393,8781599.510350456,0.0503424157292549
FRA,2040,O,504908.3570319697,8781599.510350456,0.0574961721309265
FRA,2040,P,303582.3551972725,8781599.510350456,0.0345702801453715
FRA,2040,Q,583204.2276715564,8781599.510350456,0.0664120729924157
FRA,2040,R,105090.19792265398,8781599.510350456,0.011967090710387
FRA,2040,S,92487.96226696025,8781599.510350456,0.0105320177899196
FRA,2040,T,1935.5343563932258,8781599.510350456,0.0002204079512066
FRA,2040,HFCE,2539846.5113694016,8781599.510350456,0.2892236782576801
DEU,2021,A01_02,75733.54830285202,7928474.494596638,0.0095520958482575
DEU,2021,A03,537.7795179866704,7928474.494596638,6.782887658315284e-05
DEU,2021,B05_06,8340.27278726088,7928474.494596638,0.0010519391584024
DEU,2021,B07_08,7694.451785976448,7928474.494596638,0.0009704832614673
DEU,2021,B09,315.9578822072312,7928474.494596638,3.985103091680004e-05
DEU,2021,C10T12,259959.06543422255,7928474.494596638,0.0327880307379923
DEU,2021,C13T15,27020.082418391103,7928474.494596638,0.0034079799886858
DEU,2021,C16,33443.308621013006,7928474.494596638,0.0042181265316304
DEU,2021,C17_18,65987.52228347158,7928474.494596638,0.0083228523126918
DEU,2021,C19,49033.17597344195,7928474.494596638,0.0061844401475793
DEU,2021,C20,172151.3571675116,7928474.494596638,0.0217130492486083
DEU,2021,C21,86070.54688919632,7928474.494596638,0.0108558773756357
DEU,2021,C22,99760.36294649351,7928474.494596638,0.0125825419523619
DEU,2021,C23,63632.12966036697,7928474.494596638,0.008025772133559
DEU,2021,C24,115391.61493246409,7928474.494596638,0.0145540753156367
DEU,2021,C25,159993.32434634262,7928474.494596638,0.0201795849195681
DEU,2021,C26,116605.34346495265,7928474.494596638,0.0147071600652081
DEU,2021,C27,134076.50107864122,7928474.494596638,0.0169107564349253
DEU,2021,C28,312134.60422218486,7928474.494596638,0.0393688097798522
DEU,2021,C29,451374.5832584627,7928474.494596638,0.0569308236491245
DEU,2021,C30,60823.05109463091,7928474.494596638,0.0076714696044091
DEU,2021,C31T33,128248.99288096337,7928474.494596638,0.01617574641482
DEU,2021,D,198768.73951179368,7928474.494596638,0.0250702376159824
DEU,2021,E,97511.9082164587,7928474.494596638,0.012298949600319
DEU,2021,F,488357.8782530566,7928474.494596638,0.0615954404073418
DEU,2021,G,719650.4150080961,7928474.494596638,0.0907678287290383
DEU,2021,H49,134883.22553513316,7928474.494596638,0.0170125067094632
DEU,2021,H50,42488.55484576648,7928474.494596638,0.0053589823458123
DEU,2021,H51,19561.247146040096,7928474.494596638,0.00246721448866
DEU,2021,H52,182223.3837401711,7928474.494596638,0.0229834104737751
DEU,2021,H53,67927.96498093936,7928474.494596638,0.0085675958253045
DEU,2021,I,89595.52443567969,7928474.494596638,0.0113004745738591
DEU,2021,J58T60,84528.83134101826,7928474.494596638,0.0106614243885915
DEU,2021,J61,90889.59433674923,7928474.494596638,0.0114636925929057
DEU,2021,J62_63,216360.62989639924,7928474.494596638,0.0272890617285648
DEU,2021,K,356328.86812397494,7928474.494596638,0.0449429292314452
DEU,2021,L,569899.5115655785,7928474.494596638,0.0718800964742931
DEU,2021,M,484526.10262325656,7928474.494596638,0.0611121474822764
DEU,2021,N,306514.6813463478,7928474.494596638,0.0386599820123331
DEU,2021,O,418065.91264523583,7928474.494596638,0.0527296786954607
DEU,2021,P,243914.84998502556,7928474.494596638,0.0307644112560691
DEU,2021,Q,481532.28305339394,7928474.494596638,0.0607345440010641
DEU,2021,R,71654.1270259427,7928474.494596638,0.0090375679551944
DEU,2021,S,125508.77834543903,7928474.494596638,0.0158301295452202
DEU,2021,T,9453.905686092261,7928474.494596638,0.0011923990791085
DEU,2021,HFCE,2287659.0003629318,7928474.494596638,0.2885370952409574
DEU,2022,A01_02,72516.66207799708,7591701.677828706,0.0095520958482575
DEU,2022,A03,514.9365961615576,7591701.677828706,6.782887658315284e-05
DEU,2022,B05_06,7986.008273817216,7591701.677828706,0.0010519391584024
DEU,2022,B07_08,7367.619404385976,7591701.677828706,0.0009704832614673
DEU,2022,B09,302.53713827427447,7591701.677828706,3.985103091680004e-05
DEU,2022,C10T12,248916.94796631535,7591701.677828706,0.0327880307379923
DEU,2022,C13T15,25872.36739811264,7591701.677828706,0.0034079799886858
DEU,2022,C16,32022.75826747229,7591701.677828706,0.0042181265316304
DEU,2022,C17_18,63184.61186658286,7591701.677828706,0.0083228523126918
DEU,2022,C19,46950.424644808976,7591701.677828706,0.0061844401475793
DEU,2022,C20,164838.99241143695,7591701.677828706,0.0217130492486083
DEU,2022,C21,82414.58248691623,7591701.677828706,0.0108558773756357
DEU,2022,C22,95522.90485109593,7591701.677828706,0.0125825419523619
DEU,2022,C23,60929.267772210726,7591701.677828706,0.008025772133559
DEU,2022,C24,110490.19799296449,7591701.677828706,0.0145540753156367
DEU,2022,C25,153197.38869177198,7591701.677828706,0.0201795849195681
DEU,2022,C26,111652.37174313566,7591701.677828706,0.0147071600652081
DEU,2022,C27,128381.41800037498,7591701.677828706,0.0169107564349253
DEU,2022,C28,298876.2592598231,7591701.677828706,0.0393688097798522
DEU,2022,C29,432201.82941722864,7591701.677828706,0.0569308236491245
DEU,2022,C30,58239.508667204485,7591701.677828706,0.0076714696044091
DEU,2022,C31T33,122801.44119752066,7591701.677828706,0.01617574641482
DEU,2022,D,190325.7649728179,7591701.677828706,0.0250702376159824
DEU,2022,E,93369.95631627244,7591701.677828706,0.012298949600319
DEU,2022,F,467614.2082870148,7591701.677828706,0.0615954404073418
DEU,2022,G,689082.2776551086,7591701.677828706,0.0907678287290383
DEU,2022,H49,129153.87573030389,7591701.677828706,0.0170125067094632
DEU,2022,H50,40683.79526615765,7591701.677828706,0.0053589823458123
DEU,2022,H51,18730.356373123417,7591701.677828706,0.00246721448866
DEU,2022,H52,174483.19585598426,7591701.677828706,0.0229834104737751
DEU,2022,H53,65042.631601922396,7591701.677828706,0.0085675958253045
DEU,2022,I,85789.83178262676,7591701.677828706,0.0113004745738591
DEU,2022,J58T60,80938.35341891398,7591701.677828706,0.0106614243885915
DEU,2022,J61,87028.93429167471,7591701.677828706,0.0114636925929057
DEU,2022,J62_63,207170.4157111165,7591701.677828706,0.0272890617285648
DEU,2022,K,341193.31125289935,7591701.677828706,0.0449429292314452
DEU,2022,L,545692.2490063801,7591701.677828706,0.0718800964742931
DEU,2022,M,463945.19257691305,7591701.677828706,0.0611121474822764
DEU,2022,N,293495.0503078568,7591701.677828706,0.0386599820123331
DEU,2022,O,400307.99022369756,7591701.677828706,0.0527296786954607
DEU,2022,P,233554.2325501121,7591701.677828706,0.0307644112560691
DEU,2022,Q,461078.5395950397,7591701.677828706,0.0607345440010641
DEU,2022,R,68610.51980894028,7591701.677828706,0.0090375679551944
DEU,2022,S,120177.62102869396,7591701.677828706,0.0158301295452202
DEU,2022,T,9052.338089509403,7591701.677828706,0.0011923990791085
DEU,2022,HFCE,2190487.550056597,7591701.677828706,0.2885370952409574
DEU,2023,A01_02,78823.29175866832,8251936.853528047,0.0095520958482575
DEU,2023,A03,559.7196064099245,8251936.853528047,6.782887658315284e-05
DEU,2023,B05_06,8680.535508890041,8251936.853528047,0.0010519391584024
DEU,2023,B07_08,8008.366591034109,8251936.853528047,0.0009704832614673
DEU,2023,B09,328.84819067342784,8251936.853528047,3.985103091680004e-05
DEU,2023,C10T12,270564.7592014491,8251936.853528047,0.0327880307379923
DEU,2023,C13T15,28122.435664722452,8251936.853528047,0.0034079799886858
DEU,2023,C16,34807.71377920534,8251936.853528047,0.0042181265316304
DEU,2023,C17_18,68679.6517255726,8251936.853528047,0.0083228523126918
DEU,2023,C19,51033.60957224806,8251936.853528047,0.0061844401475793
DEU,2023,C20,179174.71129706028,8251936.853528047,0.0217130492486083
DEU,2023,C21,89582.01459338957,8251936.853528047,0.0108558773756357
DEU,2023,C22,103830.34164775792,8251936.853528047,0.0125825419523619
DEU,2023,C23,66228.16484693393,8251936.853528047,0.008025772133559
DEU,2023,C24,120099.31046612533,8251936.853528047,0.0145540753156367
DEU,2023,C25,166520.6604866828,8251936.853528047,0.0201795849195681
DEU,2023,C26,121362.55615282667,8251936.853528047,0.0147071600652081
DEU,2023,C27,139546.49424639664,8251936.853528047,0.0169107564349253
DEU,2023,C28,324868.9323018978,8251936.853528047,0.0393688097798522
DEU,2023,C29,469789.5617719166,8251936.853528047,0.0569308236491245
DEU,2023,C30,63304.48274934368,8251936.853528047,0.0076714696044091
DEU,2023,C31T33,133481.23797377732,8251936.853528047,0.01617574641482
DEU,2023,D,206878.01771003028,8251936.853528047,0.0250702376159824
DEU,2023,E,101490.15546655639,8251936.853528047,0.012298949600319
DEU,2023,F,508281.68470663443,8251936.853528047,0.0615954404073418
DEU,2023,G,749010.391003873,8251936.853528047,0.0907678287290383
DEU,2023,H49,140386.13108671256,8251936.853528047,0.0170125067094632
DEU,2023,H50,44221.9839168147,8251936.853528047,0.0053589823458123
DEU,2023,H51,20359.29816453181,8251936.853528047,0.00246721448866
DEU,2023,H52,189657.65190830725,8251936.853528047,0.0229834104737751
DEU,2023,H53,70699.25973696326,8251936.853528047,0.0085675958253045
DEU,2023,I,93250.80259838456,8251936.853528047,0.0113004745738591
DEU,2023,J58T60,87977.40082332093,8251936.853528047,0.0106614243885915
DEU,2023,J61,94597.66738491504,8251936.853528047,0.0114636925929057
DEU,2023,J62_63,225187.61417614564,8251936.853528047,0.0272890617285648
DEU,2023,K,370866.21403046564,8251936.853528047,0.0449429292314452
DEU,2023,L,593150.0171313706,8251936.853528047,0.0718800964742931
DEU,2023,M,504293.5820072379,8251936.853528047,0.0611121474822764
DEU,2023,N,319019.7303243029,8251936.853528047,0.0386599820123331
DEU,2023,O,435121.97890176484,8251936.853528047,0.0527296786954607
DEU,2023,P,253865.97902104966,8251936.853528047,0.0307644112560691
DEU,2023,Q,501177.6219246016,8251936.853528047,0.0607345440010641
DEU,2023,R,74577.4400757328,8251936.853528047,0.0090375679551944
DEU,2023,S,130629.22939032575,8251936.853528047,0.0158301295452202
DEU,2023,T,9839.601905008336,8251936.853528047,0.0011923990791085
DEU,2023,HFCE,2380989.889828788,8251936.853528047,0.2885370952409574
DEU,2024,A01_02,81161.15119538883,8496685.176185109,0.0095520958482575
DEU,2024,A03,576.320610181364,8496685.176185109,6.782887658315284e-05
DEU,2024,B05_06,8937.995853446311,8496685.176185109,0.0010519391584024
DEU,2024,B07_08,8245.890741444986,8496685.176185109,0.0009704832614673
DEU,2024,B09,338.6016636464694,8496685.176185109,3.985103091680004e-05
DEU,2024,C10T12,278589.5747278009,8496685.176185109,0.0327880307379923
DEU,2024,C13T15,28956.53305060213,8496685.176185109,0.0034079799886858
DEU,2024,C16,35840.09317257713,8496685.176185109,0.0042181265316304
DEU,2024,C17_18,70716.65586882636,8496685.176185109,0.0083228523126918
DEU,2024,C19,52547.240924941085,8496685.176185109,0.0061844401475793
DEU,2024,C20,184488.94368042736,8496685.176185109,0.0217130492486083
DEU,2024,C21,92238.97237204715,8496685.176185109,0.0108558773756357
DEU,2024,C22,106909.8976853606,8496685.176185109,0.0125825419523619
DEU,2024,C23,68192.45911465028,8496685.176185109,0.008025772133559
DEU,2024,C24,123661.39598745196,8496685.176185109,0.0145540753156367
DEU,2024,C25,171459.58004766284,8496685.176185109,0.0201795849195681
DEU,2024,C26,124962.10890983528,8496685.176185109,0.0147071600652081
DEU,2024,C27,143685.37351870674,8496685.176185109,0.0169107564349253
DEU,2024,C28,334504.38246052153,8496685.176185109,0.0393688097798522
DEU,2024,C29,483723.2853675248,8496685.176185109,0.0569308236491245
DEU,2024,C30,65182.06206733744,8496685.176185109,0.0076714696044091
DEU,2024,C31T33,137440.2247765305,8496685.176185109,0.01617574641482
DEU,2024,D,213013.91631515595,8496685.176185109,0.0250702376159824
DEU,2024,E,104500.30275167822,8496685.176185109,0.012298949600319
DEU,2024,F,523357.0654296543,8496685.176185109,0.0615954404073418
DEU,2024,G,771225.6648365285,8496685.176185109,0.0907678287290383
DEU,2024,H49,144549.91356804568,8496685.176185109,0.0170125067094632
DEU,2024,H50,45533.58585710107,8496685.176185109,0.0053589823458123
DEU,2024,H51,20963.144772266547,8496685.176185109,0.00246721448866
DEU,2024,H52,195282.80307070244,8496685.176185109,0.0229834104737751
DEU,2024,H53,72796.16444441017,8496685.176185109,0.0085675958253045
DEU,2024,I,96016.57479556535,8496685.176185109,0.0113004745738591
DEU,2024,J58T60,90586.76655956378,8496685.176185109,0.0106614243885915
DEU,2024,J61,97403.38691848489,8496685.176185109,0.0114636925929057
DEU,2024,J62_63,231866.56626109692,8496685.176185109,0.0272890617285648
DEU,2024,K,381865.92057515687,8496685.176185109,0.0449429292314452
DEU,2024,L,610742.5501758816,8496685.176185109,0.0718800964742931
DEU,2024,M,519250.67759749596,8496685.176185109,0.0611121474822764
DEU,2024,N,328481.6960757736,8496685.176185109,0.0386599820123331
DEU,2024,O,448027.47931672464,8496685.176185109,0.0527296786954607
DEU,2024,P,261395.5170735046,8496685.176185109,0.0307644112560691
DEU,2024,Q,516042.29969620355,8496685.176185109,0.0607345440010641
DEU,2024,R,76789.36967366583,8496685.176185109,0.0090375679551944
DEU,2024,S,134503.6270439624,8496685.176185109,0.0158301295452202
DEU,2024,T,10131.439579557966,8496685.176185109,0.0011923990791085
DEU,2024,HFCE,2451608.8599133533,8496685.176185109,0.2885370952409574
DEU,2025,A01_02,83755.570700682,8768292.532990102,0.0095520958482575
DEU,2025,A03,594.7434320651662,8768292.532990102,6.782887658315284e-05
DEU,2025,B05_06,9223.710267779656,8768292.532990102,0.0010519391584024
DEU,2025,B07_08,8509.481134915608,8768292.532990102,0.0009704832614673
DEU,2025,B09,349.4254968197355,8768292.532990102,3.985103091680004e-05
DEU,2025,C10T12,287495.0450913878,8768292.532990102,0.0327880307379923
DEU,2025,C13T15,29882.165487373393,8768292.532990102,0.0034079799886858
DEU,2025,C16,36985.767370502275,8768292.532990102,0.0042181265316304
DEU,2025,C17_18,72977.2037865549,8768292.532990102,0.0083228523126918
DEU,2025,C19,54226.98036674377,8768292.532990102,0.0061844401475793
DEU,2025,C20,190386.3675950185,8768292.532990102,0.0217130492486083
DEU,2025,C21,95187.50853184269,8768292.532990102,0.0108558773756357
DEU,2025,C22,110327.40864692954,8768292.532990102,0.0125825419523619
DEU,2025,C23,70372.31787016541,8768292.532990102,0.008025772133559
DEU,2025,C24,127614.38991467284,8768292.532990102,0.0145540753156367
DEU,2025,C25,176940.50376908862,8768292.532990102,0.0201795849195681
DEU,2025,C26,128956.6817812544,8768292.532990102,0.0147071600652081
DEU,2025,C27,148278.45937556983,8768292.532990102,0.0169107564349253
DEU,2025,C28,345197.2408253857,8768292.532990102,0.0393688097798522
DEU,2025,C29,499186.1158995947,8768292.532990102,0.0569308236491245
DEU,2025,C30,67265.68964940084,8768292.532990102,0.0076714696044091
DEU,2025,C31T33,141833.6765046076,8768292.532990102,0.01617574641482
DEU,2025,D,219823.17728850603,8768292.532990102,0.0250702376159824
DEU,2025,E,107840.78794409867,8768292.532990102,0.012298949600319
DEU,2025,F,540086.8401899319,8768292.532990102,0.0615954404073418
DEU,2025,G,795878.8748805509,8768292.532990102,0.0907678287290383
DEU,2025,H49,149170.63554803017,8768292.532990102,0.0170125067094632
DEU,2025,H50,46989.124887211765,8768292.532990102,0.0053589823458123
DEU,2025,H51,21633.25837820247,8768292.532990102,0.00246721448866
DEU,2025,H52,201525.2664398487,8768292.532990102,0.0229834104737751
DEU,2025,H53,75123.18650069462,8768292.532990102,0.0085675958253045
DEU,2025,I,99085.86682521325,8768292.532990102,0.0113004745738591
DEU,2025,J58T60,93482.48785752541,8768292.532990102,0.0106614243885915
DEU,2025,J61,100517.01016286899,8768292.532990102,0.0114636925929057
DEU,2025,J62_63,239278.4761868807,8768292.532990102,0.0272890617285648
DEU,2025,K,394072.75079078355,8768292.532990102,0.0449429292314452
DEU,2025,L,630265.7131861523,8768292.532990102,0.0718800964742931
DEU,2025,M,535849.186443834,8768292.532990102,0.0611121474822764
DEU,2025,N,338982.03160427196,8768292.532990102,0.0386599820123331
DEU,2025,O,462349.2479723753,8768292.532990102,0.0527296786954607
DEU,2025,P,269751.35749842733,8768292.532990102,0.0307644112560691
DEU,2025,Q,532538.2486590891,8768292.532990102,0.0607345440010641
DEU,2025,R,79244.03961792169,8768292.532990102,0.0090375679551944
DEU,2025,S,138803.2066876203,8768292.532990102,0.0158301295452202
DEU,2025,T,10455.303941691334,8768292.532990102,0.0011923990791085
DEU,2025,HFCE,2529977.6576919407,8768292.532990102,0.2885370952409574
DEU,2026,A01_02,86427.80790161046,9048046.551728925,0.0095520958482575
DEU,2026,A03,613.7188328758428,9048046.551728925,6.782887658315284e-05
DEU,2026,B05_06,9517.994474811461,9048046.551728925,0.0010519391584024
DEU,2026,B07_08,8780.977727429845,9048046.551728925,0.0009704832614673
DEU,2026,B09,360.57398286959534,9048046.551728925,3.985103091680004e-05
DEU,2026,C10T12,296667.62845687324,9048046.551728925,0.0327880307379923
DEU,2026,C13T15,30835.561584989733,9048046.551728925,0.0034079799886858
DEU,2026,C16,38165.805219274735,9048046.551728925,0.0042181265316304
DEU,2026,C17_18,75305.55516840014,9048046.551728925,0.0083228523126918
DEU,2026,C19,55957.102351678805,9048046.551728925,0.0061844401475793
DEU,2026,C20,196460.68038139064,9048046.551728925,0.0217130492486083
DEU,2026,C21,98224.48385461264,9048046.551728925,0.0108558773756357
DEU,2026,C22,113847.42532405263,9048046.551728925,0.0125825419523619
DEU,2026,C23,72617.5598780106,9048046.551728925,0.008025772133559
DEU,2026,C24,131685.9509732497,9048046.551728925,0.0145540753156367
DEU,2026,C25,182585.82374681914,9048046.551728925,0.0201795849195681
DEU,2026,C26,133071.0689137315,9048046.551728925,0.0147071600652081
DEU,2026,C27,153009.31144815357,9048046.551728925,0.0169107564349253
DEU,2026,C28,356210.82357426366,9048046.551728925,0.0393688097798522
DEU,2026,C29,515112.74260554847,9048046.551728925,0.0569308236491245
DEU,2026,C30,69411.81410086702,9048046.551728925,0.0076714696044091
DEU,2026,C31T33,146358.9065702536,9048046.551728925,0.01617574641482
DEU,2026,D,226836.67701231432,9048046.551728925,0.0250702376159824
DEU,2026,E,111281.46852105416,9048046.551728925,0.012298949600319
DEU,2026,F,557318.4121798734,9048046.551728925,0.0615954404073418
DEU,2026,G,821271.5397396965,9048046.551728925,0.0907678287290383
DEU,2026,H49,153929.9526688237,9048046.551728925,0.0170125067094632
DEU,2026,H50,48488.32173480316,9048046.551728925,0.0053589823458123
DEU,2026,H51,22323.471546495755,9048046.551728925,0.00246721448866
DEU,2026,H52,207954.96788421122,9048046.551728925,0.0229834104737751
DEU,2026,H53,77520.00586375353,9048046.551728925,0.0085675958253045
DEU,2026,I,102247.22000090622,9048046.551728925,0.0113004745738591
DEU,2026,J58T60,96465.06417571398,9048046.551728925,0.0106614243885915
DEU,2026,J61,103724.02423532083,9048046.551728925,0.0114636925929057
DEU,2026,J62_63,246912.7008730585,9048046.551728925,0.0272890617285648
DEU,2026,K,406645.7158571749,9048046.551728925,0.0449429292314452
DEU,2026,L,650374.4590421701,9048046.551728925,0.0718800964742931
DEU,2026,M,552945.5552957605,9048046.551728925,0.0611121474822764
DEU,2026,N,349797.3169365928,9048046.551728925,0.0386599820123331
DEU,2026,O,477100.5874942373,9048046.551728925,0.0527296786954607
DEU,2026,P,278357.8251814465,9048046.551728925,0.0307644112560691
DEU,2026,Q,549528.9814196567,9048046.551728925,0.0607345440010641
DEU,2026,R,81772.33557301253,9048046.551728925,0.0090375679551944
DEU,2026,S,143231.7490450518,9048046.551728925,0.0158301295452202
DEU,2026,T,10788.882376012409,9048046.551728925,0.0011923990791085
DEU,2026,HFCE,2610697.069640825,9048046.551728925,0.2885370952409574
DEU,2027,A01_02,89177.86279817428,9335947.232401583,0.0095520958482575
DEU,2027,A03,633.2468126133944,9335947.232401583,6.782887658315284e-05
DEU,2027,B05_06,9820.848474541735,9335947.232401583,0.0010519391584024
DEU,2027,B07_08,9060.380518987702,9335947.232401583,0.0009704832614673
DEU,2027,B09,372.0471217960493,9335947.232401583,3.985103091680004e-05
DEU,2027,C10T12,306107.3248242573,9335947.232401583,0.0327880307379923
DEU,2027,C13T15,31816.721343451176,9335947.232401583,0.0034079799886858
DEU,2027,C16,39380.20671889452,9335947.232401583,0.0042181265316304
DEU,2027,C17_18,77701.71001436212,9335947.232401583,0.0083228523126918
DEU,2027,C19,57737.6068797462,9335947.232401583,0.0061844401475793
DEU,2027,C20,202711.88203954394,9335947.232401583,0.0217130492486083
DEU,2027,C21,101349.89834035707,9335947.232401583,0.0108558773756357
DEU,2027,C22,117469.9477167299,9335947.232401583,0.0125825419523619
DEU,2027,C23,74928.18513818589,9335947.232401583,0.008025772133559
DEU,2027,C24,135876.07916318264,9335947.232401583,0.0145540753156367
DEU,2027,C25,188395.53998085452,9335947.232401583,0.0201795849195681
DEU,2027,C26,137305.27030726665,9335947.232401583,0.0147071600652081
DEU,2027,C27,157877.9297364581,9335947.232401583,0.0169107564349253
DEU,2027,C28,367545.13070715556,9335947.232401583,0.0393688097798522
DEU,2027,C29,531503.1654853865,9335947.232401583,0.0569308236491245
DEU,2027,C30,71620.43542173601,9335947.232401583,0.0076714696044091
DEU,2027,C31T33,151015.9149734686,9335947.232401583,0.01617574641482
DEU,2027,D,234054.41548658095,9335947.232401583,0.0250702376159824
DEU,2027,E,114822.34448254472,9335947.232401583,0.012298949600319
DEU,2027,F,575051.7813994794,9335947.232401583,0.0615954404073418
DEU,2027,G,847403.659413966,9335947.232401583,0.0907678287290383
DEU,2027,H49,158827.86493042632,9335947.232401583,0.0170125067094632
DEU,2027,H50,50031.17639987529,9335947.232401583,0.0053589823458123
DEU,2027,H51,23033.784277146417,9335947.232401583,0.00246721448866
DEU,2027,H52,214571.9074037902,9335947.232401583,0.0229834104737751
DEU,2027,H53,79986.62253358691,9335947.232401583,0.0085675958253045
DEU,2027,I,105500.63432264433,9335947.232401583,0.0113004745738591
DEU,2027,J58T60,99534.49551412956,9335947.232401583,0.0106614243885915
DEU,2027,J61,107024.4291358405,9335947.232401583,0.0114636925929057
DEU,2027,J62_63,254769.2403196305,9335947.232401583,0.0272890617285648
DEU,2027,K,419584.81577433104,9335947.232401583,0.0449429292314452
DEU,2027,L,671068.7877439355,9335947.232401583,0.0718800964742931
DEU,2027,M,570539.7841532758,9335947.232401583,0.0611121474822764
DEU,2027,N,360927.5520727362,9335947.232401583,0.0386599820123331
DEU,2027,O,492281.49788231106,9335947.232401583,0.0527296786954607
DEU,2027,P,287214.92012256244,9335947.232401583,0.0307644112560691
DEU,2027,Q,567014.4979779066,9335947.232401583,0.0607345440010641
DEU,2027,R,84374.2575389384,9335947.232401583,0.0090375679551944
DEU,2027,S,147789.25411625707,9335947.232401583,0.0158301295452202
DEU,2027,T,11132.174882521196,9335947.232401583,0.0011923990791085
DEU,2027,HFCE,2693767.0957600083,9335947.232401583,0.2885370952409574
DEU,2028,A01_02,92005.73539037337,9631994.575008072,0.0095520958482575
DEU,2028,A03,653.3273712778202,9631994.575008072,6.782887658315284e-05
DEU,2028,B05_06,10132.272266970473,9631994.575008072,0.0010519391584024
DEU,2028,B07_08,9347.689509589174,9631994.575008072,0.0009704832614673
DEU,2028,B09,383.8449135990969,9631994.575008072,3.985103091680004e-05
DEU,2028,C10T12,315814.13419353974,9631994.575008072,0.0327880307379923
DEU,2028,C13T15,32825.6447627577,9631994.575008072,0.0034079799886858
DEU,2028,C16,40628.97186936163,9631994.575008072,0.0042181265316304
DEU,2028,C17_18,80165.6683244408,9631994.575008072,0.0083228523126918
DEU,2028,C19,59568.49395094594,9631994.575008072,0.0061844401475793
DEU,2028,C20,209139.97256947824,9631994.575008072,0.0217130492486083
DEU,2028,C21,104563.75198907593,9631994.575008072,0.0108558773756357
DEU,2028,C22,121194.9758249613,9631994.575008072,0.0125825419523619
DEU,2028,C23,77304.19365069125,9631994.575008072,0.008025772133559
DEU,2028,C24,140184.7744844716,9631994.575008072,0.0145540753156367
DEU,2028,C25,194369.65247119463,9631994.575008072,0.0201795849195681
DEU,2028,C26,141659.28596185977,9631994.575008072,0.0147071600652081
DEU,2028,C27,162884.31424048333,9631994.575008072,0.0169107564349253
DEU,2028,C28,379200.16222406115,9631994.575008072,0.0393688097798522
DEU,2028,C29,548357.3845391085,9631994.575008072,0.0569308236491245
DEU,2028,C30,73891.55361200777,9631994.575008072,0.0076714696044091
DEU,2028,C31T33,155804.7017142525,9631994.575008072,0.01617574641482
DEU,2028,D,241476.39271130576,9631994.575008072,0.0250702376159824
DEU,2028,E,118463.4158285703,9631994.575008072,0.012298949600319
DEU,2028,F,593286.9478487492,9631994.575008072,0.0615954404073418
DEU,2028,G,874275.2339033587,9631994.575008072,0.0907678287290383
DEU,2028,H49,163864.37233283796,9631994.575008072,0.0170125067094632
DEU,2028,H50,51617.688882428105,9631994.575008072,0.0053589823458123
DEU,2028,H51,23764.196570154436,9631994.575008072,0.00246721448866
DEU,2028,H52,221376.08499858546,9631994.575008072,0.0229834104737751
DEU,2028,H53,82523.03651019475,9631994.575008072,0.0085675958253045
DEU,2028,I,108846.10979042751,9631994.575008072,0.0113004745738591
DEU,2028,J58T60,102690.78187277207,9631994.575008072,0.0106614243885915
DEU,2028,J61,110418.22486442792,9631994.575008072,0.0114636925929057
DEU,2028,J62_63,262848.09452659654,9631994.575008072,0.0272890617285648
DEU,2028,K,432890.0505422519,9631994.575008072,0.0449429292314452
DEU,2028,L,692348.699291448,9631994.575008072,0.0718800964742931
DEU,2028,M,588631.8730163794,9631994.575008072,0.0611121474822764
DEU,2028,N,372372.7370127021,9631994.575008072,0.0386599820123331
DEU,2028,O,507891.97913659614,9631994.575008072,0.0527296786954607
DEU,2028,P,296322.6423217748,9631994.575008072,0.0307644112560691
DEU,2028,Q,584994.7983338385,9631994.575008072,0.0607345440010641
DEU,2028,R,87049.80551569926,9631994.575008072,0.0090375679551944
DEU,2028,S,152475.72190123596,9631994.575008072,0.0158301295452202
DEU,2028,T,11485.181461217691,9631994.575008072,0.0011923990791085
DEU,2028,HFCE,2779187.736049489,9631994.575008072,0.2885370952409574
DEU,2029,A01_02,94911.42567820782,9936188.579548394,0.0095520958482575
DEU,2029,A03,673.9605088691208,9936188.579548394,6.782887658315284e-05
DEU,2029,B05_06,10452.265852097675,9936188.579548394,0.0010519391584024
DEU,2029,B07_08,9642.904699234265,9936188.579548394,0.0009704832614673
DEU,2029,B09,395.9673582787385,9936188.579548394,3.985103091680004e-05
DEU,2029,C10T12,325788.0565647208,9936188.579548394,0.0327880307379923
DEU,2029,C13T15,33862.33184290931,9936188.579548394,0.0034079799886858
DEU,2029,C16,41912.10067067606,9936188.579548394,0.0042181265316304
DEU,2029,C17_18,82697.4300986362,9936188.579548394,0.0083228523126918
DEU,2029,C19,61449.76356527802,9936188.579548394,0.0061844401475793
DEU,2029,C20,215744.95197119363,9936188.579548394,0.0217130492486083
DEU,2029,C21,107866.04480076923,9936188.579548394,0.0108558773756357
DEU,2029,C22,125022.50964874687,9936188.579548394,0.0125825419523619
DEU,2029,C23,79745.58541552669,9936188.579548394,0.008025772133559
DEU,2029,C24,144612.0369371166,9936188.579548394,0.0145540753156367
DEU,2029,C25,200508.16121783954,9936188.579548394,0.0201795849195681
DEU,2029,C26,146133.11587751095,9936188.579548394,0.0147071600652081
DEU,2029,C27,168028.4649602293,9936188.579548394,0.0169107564349253
DEU,2029,C28,391175.9181249806,9936188.579548394,0.0393688097798522
DEU,2029,C29,565675.3997667145,9936188.579548394,0.0569308236491245
DEU,2029,C30,76225.16867168235,9936188.579548394,0.0076714696044091
DEU,2029,C31T33,160725.26679260537,9936188.579548394,0.01617574641482
DEU,2029,D,249102.60868648888,9936188.579548394,0.0250702376159824
DEU,2029,E,122204.68255913093,9936188.579548394,0.012298949600319
DEU,2029,F,612023.9115276833,9936188.579548394,0.0615954404073418
DEU,2029,G,901886.263207875,9936188.579548394,0.0907678287290383
DEU,2029,H49,169039.4748760587,9936188.579548394,0.0170125067094632
DEU,2029,H50,53247.85918246164,9936188.579548394,0.0053589823458123
DEU,2029,H51,24514.708425519824,9936188.579548394,0.00246721448866
DEU,2029,H52,228367.5006685971,9936188.579548394,0.0229834104737751
DEU,2029,H53,85129.24779357709,9936188.579548394,0.0085675958253045
DEU,2029,I,112283.64640425581,9936188.579548394,0.0113004745738591
DEU,2029,J58T60,105933.92325164158,9936188.579548394,0.0106614243885915
DEU,2029,J61,113905.41142108313,9936188.579548394,0.0114636925929057
DEU,2029,J62_63,271149.2634939567,9936188.579548394,0.0272890617285648
DEU,2029,K,446561.42016093753,9936188.579548394,0.0449429292314452
DEU,2029,L,714214.1936847079,9936188.579548394,0.0718800964742931
DEU,2029,M,607221.8218850719,9936188.579548394,0.0611121474822764
DEU,2029,N,384132.8717564905,9936188.579548394,0.0386599820123331
DEU,2029,O,523932.03125709284,9936188.579548394,0.0527296786954607
DEU,2029,P,305680.99177908385,9936188.579548394,0.0307644112560691
DEU,2029,Q,603469.8824874526,9936188.579548394,0.0607345440010641
DEU,2029,R,89798.97950329514,9936188.579548394,0.0090375679551944
DEU,2029,S,157291.15239998858,9936188.579548394,0.0158301295452202
DEU,2029,T,11847.9021121019,9936188.579548394,0.0011923990791085
DEU,2029,HFCE,2866958.9905092684,9936188.579548394,0.2885370952409574
DEU,2030,A01_02,97894.93366167758,10248529.24602255,0.0095520958482575
DEU,2030,A03,695.146225387296,10248529.24602255,6.782887658315284e-05
DEU,2030,B05_06,10780.829229923344,10248529.24602255,0.0010519391584024
DEU,2030,B07_08,9946.026087922974,10248529.24602255,0.0009704832614673
DEU,2030,B09,408.41445583497404,10248529.24602255,3.985103091680004e-05
DEU,2030,C10T12,336029.09193780046,10248529.24602255,0.0327880307379923
DEU,2030,C13T15,34926.782583906024,10248529.24602255,0.0034079799886858
DEU,2030,C16,43229.593122837825,10248529.24602255,0.0042181265316304
DEU,2030,C17_18,85296.99533694833,10248529.24602255,0.0083228523126918
DEU,2030,C19,63381.41572274247,10248529.24602255,0.0061844401475793
DEU,2030,C20,222526.8202446901,10248529.24602255,0.0217130492486083
DEU,2030,C21,111256.776775437,10248529.24602255,0.0108558773756357
DEU,2030,C22,128952.54918808662,10248529.24602255,0.0125825419523619
DEU,2030,C23,82252.3604326922,10248529.24602255,0.008025772133559
DEU,2030,C24,149157.8665211176,10248529.24602255,0.0145540753156367
DEU,2030,C25,206811.06622078927,10248529.24602255,0.0201795849195681
DEU,2030,C26,150726.76005422013,10248529.24602255,0.0147071600652081
DEU,2030,C27,173310.381895696,10248529.24602255,0.0169107564349253
DEU,2030,C28,403472.3984099139,10248529.24602255,0.0393688097798522
DEU,2030,C29,583457.2111682047,10248529.24602255,0.0569308236491245
DEU,2030,C30,78621.28060075971,10248529.24602255,0.0076714696044091
DEU,2030,C31T33,165777.61020852719,10248529.24602255,0.01617574641482
DEU,2030,D,256933.0634121303,10248529.24602255,0.0250702376159824
DEU,2030,E,126046.14467422663,10248529.24602255,0.012298949600319
DEU,2030,F,631262.6724362816,10248529.24602255,0.0615954404073418
DEU,2030,G,930236.7473275148,10248529.24602255,0.0907678287290383
DEU,2030,H49,174353.17256008848,10248529.24602255,0.0170125067094632
DEU,2030,H50,54921.687299975885,10248529.24602255,0.0053589823458123
DEU,2030,H51,25285.319843242585,10248529.24602255,0.00246721448866
DEU,2030,H52,235546.1544138251,10248529.24602255,0.0229834104737751
DEU,2030,H53,87805.25638373388,10248529.24602255,0.0085675958253045
DEU,2030,I,115813.24416412921,10248529.24602255,0.0113004745738591
DEU,2030,J58T60,109263.91965073808,10248529.24602255,0.0106614243885915
DEU,2030,J61,117485.98880580615,10248529.24602255,0.0114636925929057
DEU,2030,J62_63,279672.74722171103,10248529.24602255,0.0272890617285648
DEU,2030,K,460598.9246303879,10248529.24602255,0.0449429292314452
DEU,2030,L,736665.2709237152,10248529.24602255,0.0718800964742931
DEU,2030,M,626309.630759353,10248529.24602255,0.0611121474822764
DEU,2030,N,396207.9563041015,10248529.24602255,0.0386599820123331
DEU,2030,O,540401.6542438011,10248529.24602255,0.0527296786954607
DEU,2030,P,315289.9684944895,10248529.24602255,0.0307644112560691
DEU,2030,Q,622439.7504387489,10248529.24602255,0.0607345440010641
DEU,2030,R,92621.77950172604,10248529.24602255,0.0090375679551944
DEU,2030,S,162235.5456125149,10248529.24602255,0.0158301295452202
DEU,2030,T,12220.336835173819,10248529.24602255,0.0011923990791085
DEU,2030,HFCE,2957080.8591393456,10248529.24602255,0.2885370952409574
DEU,2031,A01_02,100956.25934078268,10569016.57443054,0.0095520958482575
DEU,2031,A03,716.884520832346,10569016.57443054,6.782887658315284e-05
DEU,2031,B05_06,11117.962400447479,10569016.57443054,0.0010519391584024
DEU,2031,B07_08,10257.053675655301,10569016.57443054,0.0009704832614673
DEU,2031,B09,421.1862062678035,10569016.57443054,3.985103091680004e-05
DEU,2031,C10T12,346537.2403127787,10569016.57443054,0.0327880307379923
DEU,2031,C13T15,36018.99698574783,10569016.57443054,0.0034079799886858
DEU,2031,C16,44581.44922584691,10569016.57443054,0.0042181265316304
DEU,2031,C17_18,87964.3640393772,10569016.57443054,0.0083228523126918
DEU,2031,C19,65363.45042333927,10569016.57443054,0.0061844401475793
DEU,2031,C20,229485.5773899677,10569016.57443054,0.0217130492486083
DEU,2031,C21,114735.94791307922,10569016.57443054,0.0108558773756357
DEU,2031,C22,132985.09444298054,10569016.57443054,0.0125825419523619
DEU,2031,C23,84824.51870218782,10569016.57443054,0.008025772133559
DEU,2031,C24,153822.26323647468,10569016.57443054,0.0145540753156367
DEU,2031,C25,213278.36748004382,10569016.57443054,0.0201795849195681
DEU,2031,C26,155440.21849198735,10569016.57443054,0.0147071600652081
DEU,2031,C27,178730.0650468834,10569016.57443054,0.0169107564349253
DEU,2031,C28,416089.6030788611,10569016.57443054,0.0393688097798522
DEU,2031,C29,601702.8187435791,10569016.57443054,0.0569308236491245
DEU,2031,C30,81079.88939923988,10569016.57443054,0.0076714696044091
DEU,2031,C31T33,170961.73196201795,10569016.57443054,0.01617574641482
DEU,2031,D,264967.75688823,10569016.57443054,0.0250702376159824
DEU,2031,E,129987.80217385737,10569016.57443054,0.012298949600319
DEU,2031,F,651003.2305745442,10569016.57443054,0.0615954404073418
DEU,2031,G,959326.6862622784,10569016.57443054,0.0907678287290383
DEU,2031,H49,179805.46538492735,10569016.57443054,0.0170125067094632
DEU,2031,H50,56639.173234970855,10569016.57443054,0.0053589823458123
DEU,2031,H51,26076.03082332271,10569016.57443054,0.00246721448866
DEU,2031,H52,242912.04623426948,10569016.57443054,0.0229834104737751
DEU,2031,H53,90551.06228066517,10569016.57443054,0.0085675958253045
DEU,2031,I,119434.90307004773,10569016.57443054,0.0113004745738591
DEU,2031,J58T60,112680.77107006156,10569016.57443054,0.0106614243885915
DEU,2031,J61,121159.95701859695,10569016.57443054,0.0114636925929057
DEU,2031,J62_63,288418.54570985946,10569016.57443054,0.0272890617285648
DEU,2031,K,475002.5639506032,10569016.57443054,0.0449429292314452
DEU,2031,L,759701.93100847,10569016.57443054,0.0718800964742931
DEU,2031,M,645895.2996392229,10569016.57443054,0.0611121474822764
DEU,2031,N,408597.99065553513,10569016.57443054,0.0386599820123331
DEU,2031,O,557300.8480967211,10569016.57443054,0.0527296786954607
DEU,2031,P,325149.5724679918,10569016.57443054,0.0307644112560691
DEU,2031,Q,641904.4021877274,10569016.57443054,0.0607345440010641
DEU,2031,R,95518.20551099195,10569016.57443054,0.0090375679551944
DEU,2031,S,167308.90153881488,10569016.57443054,0.0158301295452202
DEU,2031,T,12602.485630433448,10569016.57443054,0.0011923990791085
DEU,2031,HFCE,3049553.341939722,10569016.57443054,0.2885370952409574
DEU,2032,A01_02,104095.40271552307,10897650.56477236,0.0095520958482575
DEU,2032,A03,739.1753952042702,10897650.56477236,6.782887658315284e-05
DEU,2032,B05_06,11463.665363670074,10897650.56477236,0.0010519391584024
DEU,2032,B07_08,10575.987462431243,10897650.56477236,0.0009704832614673
DEU,2032,B09,434.2826095772267,10897650.56477236,3.985103091680004e-05
DEU,2032,C10T12,357312.5016896553,10897650.56477236,0.0327880307379923
DEU,2032,C13T15,37138.97504843471,10897650.56477236,0.0034079799886858
DEU,2032,C16,45967.66897970331,10897650.56477236,0.0042181265316304
DEU,2032,C17_18,90699.53620592273,10897650.56477236,0.0083228523126918
DEU,2032,C19,67395.8676670684,10897650.56477236,0.0061844401475793
DEU,2032,C20,236621.2234070263,10897650.56477236,0.0217130492486083
DEU,2032,C21,118303.55821369587,10897650.56477236,0.0108558773756357
DEU,2032,C22,137120.14541342857,10897650.56477236,0.0125825419523619
DEU,2032,C23,87462.0602240135,10897650.56477236,0.008025772133559
DEU,2032,C24,158605.22708318775,10897650.56477236,0.0145540753156367
DEU,2032,C25,219910.06499560308,10897650.56477236,0.0201795849195681
DEU,2032,C26,160273.49119081255,10897650.56477236,0.0147071600652081
DEU,2032,C27,184287.5144137915,10897650.56477236,0.0169107564349253
DEU,2032,C28,429027.53213182196,10897650.56477236,0.0393688097798522
DEU,2032,C29,620412.2224928372,10897650.56477236,0.0569308236491245
DEU,2032,C30,83600.99506712283,10897650.56477236,0.0076714696044091
DEU,2032,C31T33,176277.63205307763,10897650.56477236,0.01617574641482
DEU,2032,D,273206.68911478785,10897650.56477236,0.0250702376159824
DEU,2032,E,134029.65505802314,10897650.56477236,0.012298949600319
DEU,2032,F,671245.5859424706,10897650.56477236,0.0615954404073418
DEU,2032,G,989156.080012165,10897650.56477236,0.0907678287290383
DEU,2032,H49,185396.3533505752,10897650.56477236,0.0170125067094632
DEU,2032,H50,58400.31698744652,10897650.56477236,0.0053589823458123
DEU,2032,H51,26886.8413657602,10897650.56477236,0.00246721448866
DEU,2032,H52,250465.1761299302,10897650.56477236,0.0229834104737751
DEU,2032,H53,93366.66548437091,10897650.56477236,0.0085675958253045
DEU,2032,I,123148.62312201133,10897650.56477236,0.0113004745738591
DEU,2032,J58T60,116184.47750961197,10897650.56477236,0.0106614243885915
DEU,2032,J61,124927.31605945552,10897650.56477236,0.0114636925929057
DEU,2032,J62_63,297386.658958402,10897650.56477236,0.0272890617285648
DEU,2032,K,489772.33812158304,10897650.56477236,0.0449429292314452
DEU,2032,L,783324.1739389718,10897650.56477236,0.0718800964742931
DEU,2032,M,665978.8285246812,10897650.56477236,0.0611121474822764
DEU,2032,N,421302.9748107911,10897650.56477236,0.0386599820123331
DEU,2032,O,574629.6128158524,10897650.56477236,0.0527296786954607
DEU,2032,P,335259.80369959056,10897650.56477236,0.0307644112560691
DEU,2032,Q,661863.837734388,10897650.56477236,0.0607345440010641
DEU,2032,R,98488.25753109285,10897650.56477236,0.0090375679551944
DEU,2032,S,172511.22017888853,10897650.56477236,0.0158301295452202
DEU,2032,T,12994.348497880786,10897650.56477236,0.0011923990791085
DEU,2032,HFCE,3144376.4389103954,10897650.56477236,0.2885370952409574
DEU,2033,A01_02,107312.36378589881,11234431.217048015,0.0095520958482575
DEU,2033,A03,762.0188485030694,11234431.217048015,6.782887658315284e-05
DEU,2033,B05_06,11817.93811959114,11234431.217048015,0.0010519391584024
DEU,2033,B07_08,10902.827448250808,11234431.217048015,0.0009704832614673
DEU,2033,B09,447.703665763244,11234431.217048015,3.985103091680004e-05
DEU,2033,C10T12,368354.8760684306,11234431.217048015,0.0327880307379923
DEU,2033,C13T15,38286.7167719667,11234431.217048015,0.0034079799886858
DEU,2033,C16,47388.252384407046,11234431.217048015,0.0042181265316304
DEU,2033,C17_18,93502.51183658502,11234431.217048015,0.0083228523126918
DEU,2033,C19,69478.66745392993,11234431.217048015,0.0061844401475793
DEU,2033,C20,243933.75829586602,11234431.217048015,0.0217130492486083
DEU,2033,C21,121959.60767728699,11234431.217048015,0.0108558773756357
DEU,2033,C22,141357.7020994308,11234431.217048015,0.0125825419523619
DEU,2033,C23,90164.98499816928,11234431.217048015,0.008025772133559
DEU,2033,C24,163506.7580612569,11234431.217048015,0.0145540753156367
DEU,2033,C25,226706.15876746722,11234431.217048015,0.0201795849195681
DEU,2033,C26,165226.5781506958,11234431.217048015,0.0147071600652081
DEU,2033,C27,189982.72999642038,11234431.217048015,0.0169107564349253
DEU,2033,C28,442286.18556879676,11234431.217048015,0.0393688097798522
DEU,2033,C29,639585.4224159797,11234431.217048015,0.0569308236491245
DEU,2033,C30,86184.59760440858,11234431.217048015,0.0076714696044091
DEU,2033,C31T33,181725.3104817063,11234431.217048015,0.01617574641482
DEU,2033,D,281649.86009180406,11234431.217048015,0.0250702376159824
DEU,2033,E,138171.70332672397,11234431.217048015,0.012298949600319
DEU,2033,F,691989.7385400614,11234431.217048015,0.0615954404073418
DEU,2033,G,1019724.9285771755,11234431.217048015,0.0907678287290383
DEU,2033,H49,191125.8364570322,11234431.217048015,0.0170125067094632
DEU,2033,H50,60205.1185574029,11234431.217048015,0.0053589823458123
DEU,2033,H51,27717.751470555064,11234431.217048015,0.00246721448866
DEU,2033,H52,258205.54410080728,11234431.217048015,0.0229834104737751
DEU,2033,H53,96252.06599485115,11234431.217048015,0.0085675958253045
DEU,2033,I,126954.40432002005,11234431.217048015,0.0113004745738591
DEU,2033,J58T60,119775.0389693894,11234431.217048015,0.0106614243885915
DEU,2033,J61,128788.0659283819,11234431.217048015,0.0114636925929057
DEU,2033,J62_63,306577.08696733863,11234431.217048015,0.0272890617285648
DEU,2033,K,504908.2471433278,11234431.217048015,0.0449429292314452
DEU,2033,L,807531.9997152213,11234431.217048015,0.0718800964742931
DEU,2033,M,686560.2174157283,11234431.217048015,0.0611121474822764
DEU,2033,N,434322.90876986977,11234431.217048015,0.0386599820123331
DEU,2033,O,592387.9484011953,11234431.217048015,0.0527296786954607
DEU,2033,P,345620.662189286,11234431.217048015,0.0307644112560691
DEU,2033,Q,682318.0570787308,11234431.217048015,0.0607345440010641
DEU,2033,R,101531.93556202878,11234431.217048015,0.0090375679551944
DEU,2033,S,177842.5015327359,11234431.217048015,0.0158301295452202
DEU,2033,T,13395.925437515838,11234431.217048015,0.0011923990791085
DEU,2033,HFCE,3241550.150051368,11234431.217048015,0.2885370952409574
DEU,2034,A01_02,110607.14255190988,11579358.531257505,0.0095520958482575
DEU,2034,A03,785.4148807287432,11579358.531257505,6.782887658315284e-05
DEU,2034,B05_06,12180.78066821067,11579358.531257505,0.0010519391584024
DEU,2034,B07_08,11237.573633113989,11579358.531257505,0.0009704832614673
DEU,2034,B09,461.4493748258551,11579358.531257505,3.985103091680004e-05
DEU,2034,C10T12,379664.3634491045,11579358.531257505,0.0327880307379923
DEU,2034,C13T15,39462.22215634377,11579358.531257505,0.0034079799886858
DEU,2034,C16,48843.1994399581,11579358.531257505,0.0042181265316304
DEU,2034,C17_18,96373.29093136404,11579358.531257505,0.0083228523126918
DEU,2034,C19,71611.84978392378,11579358.531257505,0.0061844401475793
DEU,2034,C20,251423.18205648687,11579358.531257505,0.0217130492486083
DEU,2034,C21,125704.09630385257,11579358.531257505,0.0108558773756357
DEU,2034,C22,145697.76450098722,11579358.531257505,0.0125825419523619
DEU,2034,C23,92933.29302465514,11579358.531257505,0.008025772133559
DEU,2034,C24,168526.8561706821,11579358.531257505,0.0145540753156367
DEU,2034,C25,233666.64879563617,11579358.531257505,0.0201795849195681
DEU,2034,C26,170299.47937163708,11579358.531257505,0.0147071600652081
DEU,2034,C27,195815.71179477,11579358.531257505,0.0169107564349253
DEU,2034,C28,455865.5633897855,11579358.531257505,0.0393688097798522
DEU,2034,C29,659222.4185130063,11579358.531257505,0.0569308236491245
DEU,2034,C30,88830.69701109715,11579358.531257505,0.0076714696044091
DEU,2034,C31T33,187304.76724790395,11579358.531257505,0.01617574641482
DEU,2034,D,290297.2698192786,11579358.531257505,0.0250702376159824
DEU,2034,E,142413.94697995987,11579358.531257505,0.012298949600319
DEU,2034,F,713235.6883673165,11579358.531257505,0.0615954404073418
DEU,2034,G,1051033.2319573096,11579358.531257505,0.0907678287290383
DEU,2034,H49,196993.91470429825,11579358.531257505,0.0170125067094632
DEU,2034,H50,62053.577944840006,11579358.531257505,0.0053589823458123
DEU,2034,H51,28568.761137707294,11579358.531257505,0.00246721448866
DEU,2034,H52,266133.1501469008,11579358.531257505,0.0229834104737751
DEU,2034,H53,99207.26381210586,11579358.531257505,0.0085675958253045
DEU,2034,I,130852.24666407389,11579358.531257505,0.0113004745738591
DEU,2034,J58T60,123452.45544939382,11579358.531257505,0.0106614243885915
DEU,2034,J61,132742.20662537607,11579358.531257505,0.0114636925929057
DEU,2034,J62_63,315989.8297366695,11579358.531257505,0.0272890617285648
DEU,2034,K,520410.2910158373,11579358.531257505,0.0449429292314452
DEU,2034,L,832325.4083372182,11579358.531257505,0.0718800964742931
DEU,2034,M,707639.4663123641,11579358.531257505,0.0611121474822764
DEU,2034,N,447657.79253277095,11579358.531257505,0.0386599820123331
DEU,2034,O,610575.85485275,11579358.531257505,0.0527296786954607
DEU,2034,P,356232.14793707815,11579358.531257505,0.0307644112560691
DEU,2034,Q,703267.0602207559,11579358.531257505,0.0607345440010641
DEU,2034,R,104649.23960379972,11579358.531257505,0.0090375679551944
DEU,2034,S,183302.745600357,11579358.531257505,0.0158301295452202
DEU,2034,T,13807.2164493386,11579358.531257505,0.0011923990791085
DEU,2034,HFCE,3341074.475362639,11579358.531257505,0.2885370952409574
DEU,2035,A01_02,113979.73901355625,11932432.507400824,0.0095520958482575
DEU,2035,A03,809.3634918812915,11932432.507400824,6.782887658315284e-05
DEU,2035,B05_06,12552.19300952866,11932432.507400824,0.0010519391584024
DEU,2035,B07_08,11580.226017020785,11932432.507400824,0.0009704832614673
DEU,2035,B09,475.51973676506003,11932432.507400824,3.985103091680004e-05
DEU,2035,C10T12,391240.96383167675,11932432.507400824,0.0327880307379923
DEU,2035,C13T15,40665.491201565936,11932432.507400824,0.0034079799886858
DEU,2035,C16,50332.51014635648,11932432.507400824,0.0042181265316304
DEU,2035,C17_18,99311.87349025976,11932432.507400824,0.0083228523126918
DEU,2035,C19,73795.41465704999,11932432.507400824,0.0061844401475793
DEU,2035,C20,259089.4946888887,11932432.507400824,0.0217130492486083
DEU,2035,C21,129537.02409339257,11932432.507400824,0.0108558773756357
DEU,2035,C22,150140.33261809777,11932432.507400824,0.0125825419523619
DEU,2035,C23,95766.98430347106,11932432.507400824,0.008025772133559
DEU,2035,C24,173665.52141146327,11932432.507400824,0.0145540753156367
DEU,2035,C25,240791.5350801098,11932432.507400824,0.0201795849195681
DEU,2035,C26,175492.19485363635,11932432.507400824,0.0147071600652081
DEU,2035,C27,201786.4598088403,11932432.507400824,0.0169107564349253
DEU,2035,C28,469765.66559478786,11932432.507400824,0.0393688097798522
DEU,2035,C29,679323.2107839168,11932432.507400824,0.0569308236491245
DEU,2035,C30,91539.29328718848,11932432.507400824,0.0076714696044091
DEU,2035,C31T33,193016.0023516705,11932432.507400824,0.01617574641482
DEU,2035,D,299148.9182972113,11932432.507400824,0.0250702376159824
DEU,2035,E,146756.3860177308,11932432.507400824,0.012298949600319
DEU,2035,F,734983.4354242355,11932432.507400824,0.0615954404073418
DEU,2035,G,1083080.990152567,11932432.507400824,0.0907678287290383
DEU,2035,H49,203000.5880923733,11932432.507400824,0.0170125067094632
DEU,2035,H50,63945.69514975781,11932432.507400824,0.0053589823458123
DEU,2035,H51,29439.87036721689,11932432.507400824,0.00246721448866
DEU,2035,H52,274247.99426821055,11932432.507400824,0.0229834104737751
DEU,2035,H53,102232.25893613501,11932432.507400824,0.0085675958253045
DEU,2035,I,134842.1501541728,11932432.507400824,0.0113004745738591
DEU,2035,J58T60,127216.72694962517,11932432.507400824,0.0106614243885915
DEU,2035,J61,136789.738150438,11932432.507400824,0.0114636925929057
DEU,2035,J62_63,325624.88726639433,11932432.507400824,0.0272890617285648
DEU,2035,K,536278.4697391115,11932432.507400824,0.0449429292314452
DEU,2035,L,857704.3998049622,11932432.507400824,0.0718800964742931
DEU,2035,M,729216.5752145883,11932432.507400824,0.0611121474822764
DEU,2035,N,461307.62609949464,11932432.507400824,0.0386599820123331
DEU,2035,O,629193.3321705159,11932432.507400824,0.0527296786954607
DEU,2035,P,367094.26094296674,11932432.507400824,0.0307644112560691
DEU,2035,Q,724710.847160463,11932432.507400824,0.0607345440010641
DEU,2035,R,107840.16965640566,11932432.507400824,0.0090375679551944
DEU,2035,S,188891.95238175173,11932432.507400824,0.0158301295452202
DEU,2035,T,14228.221533349071,11932432.507400824,0.0011923990791085
DEU,2035,HFCE,3442949.4148442075,11932432.507400824,0.2885370952409574
DEU,2036,A01_02,117430.15317083795,12293653.145477977,0.0095520958482575
DEU,2036,A03,833.8646819607144,12293653.145477977,6.782887658315284e-05
DEU,2036,B05_06,12932.175143545119,12293653.145477977,0.0010519391584024
DEU,2036,B07_08,11930.784599971199,12293653.145477977,0.0009704832614673
DEU,2036,B09,489.9147515808589,12293653.145477977,3.985103091680004e-05
DEU,2036,C10T12,403084.67721614765,12293653.145477977,0.0327880307379923
DEU,2036,C13T15,41896.523907633185,12293653.145477977,0.0034079799886858
DEU,2036,C16,51856.18450360218,12293653.145477977,0.0042181265316304
DEU,2036,C17_18,102318.2595132722,12293653.145477977,0.0083228523126918
DEU,2036,C19,76029.36207330854,12293653.145477977,0.0061844401475793
DEU,2036,C20,266932.6961930716,12293653.145477977,0.0217130492486083
DEU,2036,C21,133458.39104590702,12293653.145477977,0.0108558773756357
DEU,2036,C22,154685.40645076247,12293653.145477977,0.0125825419523619
DEU,2036,C23,98666.05883461708,12293653.145477977,0.008025772133559
DEU,2036,C24,178922.7537836005,12293653.145477977,0.0145540753156367
DEU,2036,C25,248080.8176208883,12293653.145477977,0.0201795849195681
DEU,2036,C26,180804.72459669365,12293653.145477977,0.0147071600652081
DEU,2036,C27,207894.97403863134,12293653.145477977,0.0169107564349253
DEU,2036,C28,483986.49218380416,12293653.145477977,0.0393688097798522
DEU,2036,C29,699887.7992287114,12293653.145477977,0.0569308236491245
DEU,2036,C30,94310.38643268263,12293653.145477977,0.0076714696044091
DEU,2036,C31T33,198859.015793006,12293653.145477977,0.01617574641482
DEU,2036,D,308204.8055256023,12293653.145477977,0.0250702376159824
DEU,2036,E,151199.02044003678,12293653.145477977,0.012298949600319
DEU,2036,F,757232.9797108187,12293653.145477977,0.0615954404073418
DEU,2036,G,1115868.203162948,12293653.145477977,0.0907678287290383
DEU,2036,H49,209145.85662125747,12293653.145477977,0.0170125067094632
DEU,2036,H50,65881.47017215633,12293653.145477977,0.0053589823458123
DEU,2036,H51,30331.07915908385,12293653.145477977,0.00246721448866
DEU,2036,H52,282550.0764647367,12293653.145477977,0.0229834104737751
DEU,2036,H53,105327.05136693866,12293653.145477977,0.0085675958253045
DEU,2036,I,138924.11479031682,12293653.145477977,0.0113004745738591
DEU,2036,J58T60,131067.85347008352,12293653.145477977,0.0106614243885915
DEU,2036,J61,140930.66050356775,12293653.145477977,0.0114636925929057
DEU,2036,J62_63,335482.2595565133,12293653.145477977,0.0272890617285648
DEU,2036,K,552512.7833131504,12293653.145477977,0.0449429292314452
DEU,2036,L,883668.9741184537,12293653.145477977,0.0718800964742931
DEU,2036,M,751291.5441224013,12293653.145477977,0.0611121474822764
DEU,2036,N,475272.4094700408,12293653.145477977,0.0386599820123331
DEU,2036,O,648240.3803544935,12293653.145477977,0.0527296786954607
DEU,2036,P,378207.0012069519,12293653.145477977,0.0307644112560691
DEU,2036,Q,746649.4178978523,12293653.145477977,0.0607345440010641
DEU,2036,R,111104.72571984661,12293653.145477977,0.0090375679551944
DEU,2036,S,194610.12187692017,12293653.145477977,0.0158301295452202
DEU,2036,T,14658.940689547253,12293653.145477977,0.0011923990791085
DEU,2036,HFCE,3547174.9684960744,12293653.145477977,0.2885370952409574
DEU,2037,A01_02,120958.38502375493,12663020.44548896,0.0095520958482575
DEU,2037,A03,858.9184509670117,12663020.44548896,6.782887658315284e-05
DEU,2037,B05_06,13320.72707026004,12663020.44548896,0.0010519391584024
DEU,2037,B07_08,12289.249381965228,12663020.44548896,0.0009704832614673
DEU,2037,B09,504.6344192732515,12663020.44548896,3.985103091680004e-05
DEU,2037,C10T12,415195.50360251695,12663020.44548896,0.0327880307379923
DEU,2037,C13T15,43155.32027454552,12663020.44548896,0.0034079799886858
DEU,2037,C16,53414.22251169519,12663020.44548896,0.0042181265316304
DEU,2037,C17_18,105392.44900040134,12663020.44548896,0.0083228523126918
DEU,2037,C19,78313.69203269943,12663020.44548896,0.0061844401475793
DEU,2037,C20,274952.78656903555,12663020.44548896,0.0217130492486083
DEU,2037,C21,137468.1971613959,12663020.44548896,0.0108558773756357
DEU,2037,C22,159332.9859989813,12663020.44548896,0.0125825419523619
DEU,2037,C23,101630.51661809316,12663020.44548896,0.008025772133559
DEU,2037,C24,184298.55328709373,12663020.44548896,0.0145540753156367
DEU,2037,C25,255534.49641797153,12663020.44548896,0.0201795849195681
DEU,2037,C26,186237.0686008089,12663020.44548896,0.0147071600652081
DEU,2037,C27,214141.25448414305,12663020.44548896,0.0169107564349253
DEU,2037,C28,498528.04315683414,12663020.44548896,0.0393688097798522
DEU,2037,C29,720916.18384739,12663020.44548896,0.0569308236491245
DEU,2037,C30,97143.97644757954,12663020.44548896,0.0076714696044091
DEU,2037,C31T33,204833.80757191038,12663020.44548896,0.01617574641482
DEU,2037,D,317464.9315044515,12663020.44548896,0.0250702376159824
DEU,2037,E,155741.85024687776,12663020.44548896,0.012298949600319
DEU,2037,F,779984.321227066,12663020.44548896,0.0615954404073418
DEU,2037,G,1149394.870988452,12663020.44548896,0.0907678287290383
DEU,2037,H49,215429.72029095062,12663020.44548896,0.0170125067094632
DEU,2037,H50,67860.90301203553,12663020.44548896,0.0053589823458123
DEU,2037,H51,31242.38751330817,12663020.44548896,0.00246721448866
DEU,2037,H52,291039.3967364792,12663020.44548896,0.0229834104737751
DEU,2037,H53,108491.64110451675,12663020.44548896,0.0085675958253045
DEU,2037,I,143098.14057250592,12663020.44548896,0.0113004745738591
DEU,2037,J58T60,135005.8350107688,12663020.44548896,0.0106614243885915
DEU,2037,J61,145164.97368476522,12663020.44548896,0.0114636925929057
DEU,2037,J62_63,345561.94660702633,12663020.44548896,0.0272890617285648
DEU,2037,K,569113.231737954,12663020.44548896,0.0449429292314452
DEU,2037,L,910219.1312776924,12663020.44548896,0.0718800964742931
DEU,2037,M,773864.3730358026,12663020.44548896,0.0611121474822764
DEU,2037,N,489552.1426444095,12663020.44548896,0.0386599820123331
DEU,2037,O,667716.9994046824,12663020.44548896,0.0527296786954607
DEU,2037,P,389570.3687290337,12663020.44548896,0.0307644112560691
DEU,2037,Q,769082.7724329235,12663020.44548896,0.0607345440010641
DEU,2037,R,114442.90779412254,12663020.44548896,0.0090375679551944
DEU,2037,S,200457.25408586225,12663020.44548896,0.0158301295452202
DEU,2037,T,15099.373917933142,12663020.44548896,0.0011923990791085
DEU,2037,HFCE,3653751.1363182385,12663020.44548896,0.2885370952409574
DEU,2038,A01_02,124564.43457230729,13040534.40743378,0.0095520958482575
DEU,2038,A03,884.524798900184,13040534.40743378,6.782887658315284e-05
DEU,2038,B05_06,13717.84878967343,13040534.40743378,0.0010519391584024
DEU,2038,B07_08,12655.62036300288,13040534.40743378,0.0009704832614673
DEU,2038,B09,519.6787398422382,13040534.40743378,3.985103091680004e-05
DEU,2038,C10T12,427573.442990785,13040534.40743378,0.0327880307379923
DEU,2038,C13T15,44441.88030230296,13040534.40743378,0.0034079799886858
DEU,2038,C16,55006.62417063555,13040534.40743378,0.0042181265316304
DEU,2038,C17_18,108534.44195164723,13040534.40743378,0.0083228523126918
DEU,2038,C19,80648.4045352227,13040534.40743378,0.0061844401475793
DEU,2038,C20,283149.7658167807,13040534.40743378,0.0217130492486083
DEU,2038,C21,141566.44243985927,13040534.40743378,0.0108558773756357
DEU,2038,C22,164083.07126275438,13040534.40743378,0.0125825419523619
DEU,2038,C23,104660.35765389935,13040534.40743378,0.008025772133559
DEU,2038,C24,189792.91992194304,13040534.40743378,0.0145540753156367
DEU,2038,C25,263152.57147135964,13040534.40743378,0.0201795849195681
DEU,2038,C26,191789.22686598226,13040534.40743378,0.0147071600652081
DEU,2038,C27,220525.30114537556,13040534.40743378,0.0169107564349253
DEU,2038,C28,513390.3185138781,13040534.40743378,0.0393688097798522
DEU,2038,C29,742408.3646399528,13040534.40743378,0.0569308236491245
DEU,2038,C30,100040.06333187928,13040534.40743378,0.0076714696044091
DEU,2038,C31T33,210940.3776883838,13040534.40743378,0.01617574641482
DEU,2038,D,326929.2962337591,13040534.40743378,0.0250702376159824
DEU,2038,E,160384.87543825386,13040534.40743378,0.012298949600319
DEU,2038,F,803237.4599729778,13040534.40743378,0.0615954404073418
DEU,2038,G,1183660.9936290802,13040534.40743378,0.0907678287290383
DEU,2038,H49,221852.1791014529,13040534.40743378,0.0170125067094632
DEU,2038,H50,69883.99366939548,13040534.40743378,0.0053589823458123
DEU,2038,H51,32173.795429889873,13040534.40743378,0.00246721448866
DEU,2038,H52,299715.9550834381,13040534.40743378,0.0229834104737751
DEU,2038,H53,111726.02814886936,13040534.40743378,0.0085675958253045
DEU,2038,I,147364.22750074018,13040534.40743378,0.0113004745738591
DEU,2038,J58T60,139030.6715716811,13040534.40743378,0.0106614243885915
DEU,2038,J61,149492.67769403054,13040534.40743378,0.0114636925929057
DEU,2038,J62_63,355863.9484179336,13040534.40743378,0.0272890617285648
DEU,2038,K,586079.8150135225,13040534.40743378,0.0449429292314452
DEU,2038,L,937354.8712826787,13040534.40743378,0.0718800964742931
DEU,2038,M,796935.061954793,13040534.40743378,0.0611121474822764
DEU,2038,N,504146.82562260085,13040534.40743378,0.0386599820123331
DEU,2038,O,687623.1893210831,13040534.40743378,0.0527296786954607
DEU,2038,P,401184.36350921215,13040534.40743378,0.0307644112560691
DEU,2038,Q,792010.9107656773,13040534.40743378,0.0607345440010641
DEU,2038,R,117854.71587923354,13040534.40743378,0.0090375679551944
DEU,2038,S,206433.34900857808,13040534.40743378,0.0158301295452202
DEU,2038,T,15549.521218506747,13040534.40743378,0.0011923990791085
DEU,2038,HFCE,3762677.9183107023,13040534.40743378,0.2885370952409574
DEU,2039,A01_02,128248.30181649496,13426195.031312432,0.0095520958482575
DEU,2039,A03,910.6837257602308,13426195.031312432,6.782887658315284e-05
DEU,2039,B05_06,14123.540301785284,13426195.031312432,0.0010519391584024
DEU,2039,B07_08,13029.897543084147,13426195.031312432,0.0009704832614673
DEU,2039,B09,535.0477132878189,13426195.031312432,3.985103091680004e-05
DEU,2039,C10T12,440218.49538095156,13426195.031312432,0.0327880307379923
DEU,2039,C13T15,45756.20399090549,13426195.031312432,0.0034079799886858
DEU,2039,C16,56633.389480423226,13426195.031312432,0.0042181265316304
DEU,2039,C17_18,111744.23836700984,13426195.031312432,0.0083228523126918
DEU,2039,C19,83033.49958087831,13426195.031312432,0.0061844401475793
DEU,2039,C20,291523.63393630687,13426195.031312432,0.0217130492486083
DEU,2039,C21,145753.12688129707,13426195.031312432,0.0108558773756357
DEU,2039,C22,168935.66224208157,13426195.031312432,0.0125825419523619
DEU,2039,C23,107755.58194203561,13426195.031312432,0.008025772133559
DEU,2039,C24,195405.85368814837,13426195.031312432,0.0145540753156367
DEU,2039,C25,270935.04278105247,13426195.031312432,0.0201795849195681
DEU,2039,C26,197461.1993922136,13426195.031312432,0.0147071600652081
DEU,2039,C27,227047.1140223288,13426195.031312432,0.0169107564349253
DEU,2039,C28,528573.3182549359,13426195.031312432,0.0393688097798522
DEU,2039,C29,764364.3416063997,13426195.031312432,0.0569308236491245
DEU,2039,C30,102998.6470855818,13426195.031312432,0.0076714696044091
DEU,2039,C31T33,217178.72614242617,13426195.031312432,0.01617574641482
DEU,2039,D,336597.8997135249,13426195.031312432,0.0250702376159824
DEU,2039,E,165128.09601416497,13426195.031312432,0.012298949600319
DEU,2039,F,826992.3959485535,13426195.031312432,0.0615954404073418
DEU,2039,G,1218666.5710848318,13426195.031312432,0.0907678287290383
DEU,2039,H49,228413.23305276423,13426195.031312432,0.0170125067094632
DEU,2039,H50,71950.74214423614,13426195.031312432,0.0053589823458123
DEU,2039,H51,33125.30290882894,13426195.031312432,0.00246721448866
DEU,2039,H52,308579.7515056133,13426195.031312432,0.0229834104737751
DEU,2039,H53,115030.21249999643,13426195.031312432,0.0085675958253045
DEU,2039,I,151722.37557501954,13426195.031312432,0.0113004745738591
DEU,2039,J58T60,143142.36315282038,13426195.031312432,0.0106614243885915
DEU,2039,J61,153913.77253136365,13426195.031312432,0.0114636925929057
DEU,2039,J62_63,366388.264989235,13426195.031312432,0.0272890617285648
DEU,2039,K,603412.5331398558,13426195.031312432,0.0449429292314452
DEU,2039,L,965076.1941334122,13426195.031312432,0.0718800964742931
DEU,2039,M,820503.610879372,13426195.031312432,0.0611121474822764
DEU,2039,N,519056.4584046147,13426195.031312432,0.0386599820123331
DEU,2039,O,707958.9501036954,13426195.031312432,0.0527296786954607
DEU,2039,P,413048.9855474872,13426195.031312432,0.0307644112560691
DEU,2039,Q,815433.8328961132,13426195.031312432,0.0607345440010641
DEU,2039,R,121340.14997517952,13426195.031312432,0.0090375679551944
DEU,2039,S,212538.4066450676,13426195.031312432,0.0158301295452202
DEU,2039,T,16009.382591268062,13426195.031312432,0.0011923990791085
DEU,2039,HFCE,3873955.314473464,13426195.031312432,0.2885370952409574
DEU,2040,A01_02,132009.98675631796,13820002.317124916,0.0095520958482575
DEU,2040,A03,937.3952315471522,13820002.317124916,6.782887658315284e-05
DEU,2040,B05_06,14537.801606595602,13820002.317124916,0.0010519391584024
DEU,2040,B07_08,13412.080922209032,13820002.317124916,0.0009704832614673
DEU,2040,B09,550.7413396099932,13820002.317124916,3.985103091680004e-05
DEU,2040,C10T12,453130.66077301657,13820002.317124916,0.0327880307379923
DEU,2040,C13T15,47098.291340353106,13820002.317124916,0.0034079799886858
DEU,2040,C16,58294.518441058215,13820002.317124916,0.0042181265316304
DEU,2040,C17_18,115021.83824648915,13820002.317124916,0.0083228523126918
DEU,2040,C19,85468.97716966628,13820002.317124916,0.0061844401475793
DEU,2040,C20,300074.3909276141,13820002.317124916,0.0217130492486083
DEU,2040,C21,150028.25048570932,13820002.317124916,0.0108558773756357
DEU,2040,C22,173890.75893696293,13820002.317124916,0.0125825419523619
DEU,2040,C23,110916.18948250196,13820002.317124916,0.008025772133559
DEU,2040,C24,201137.35458570975,13820002.317124916,0.0145540753156367
DEU,2040,C25,278881.9103470502,13820002.317124916,0.0201795849195681
DEU,2040,C26,203252.98617950297,13820002.317124916,0.0147071600652081
DEU,2040,C27,233706.69311500274,13820002.317124916,0.0169107564349253
DEU,2040,C28,544077.0423800074,13820002.317124916,0.0393688097798522
DEU,2040,C29,786784.1147467307,13820002.317124916,0.0569308236491245
DEU,2040,C30,106019.72770868713,13820002.317124916,0.0076714696044091
DEU,2040,C31T33,223548.85293403745,13820002.317124916,0.01617574641482
DEU,2040,D,346470.741943749,13820002.317124916,0.0250702376159824
DEU,2040,E,169971.51197461114,13820002.317124916,0.012298949600319
DEU,2040,F,851249.1291537933,13820002.317124916,0.0615954404073418
DEU,2040,G,1254411.603355707,13820002.317124916,0.0907678287290383
DEU,2040,H49,235112.8821448846,13820002.317124916,0.0170125067094632
DEU,2040,H50,74061.1484365575,13820002.317124916,0.0053589823458123
DEU,2040,H51,34096.909950125366,13820002.317124916,0.00246721448866
DEU,2040,H52,317630.78600300493,13820002.317124916,0.0229834104737751
DEU,2040,H53,118404.19415789796,13820002.317124916,0.0085675958253045
DEU,2040,I,156172.58479534398,13820002.317124916,0.0113004745738591
DEU,2040,J58T60,147340.90975418664,13820002.317124916,0.0106614243885915
DEU,2040,J61,158428.2581967645,13820002.317124916,0.0114636925929057
DEU,2040,J62_63,377134.8963209304,13820002.317124916,0.0272890617285648
DEU,2040,K,621111.3861169538,13820002.317124916,0.0449429292314452
DEU,2040,L,993383.0998298931,13820002.317124916,0.0718800964742931
DEU,2040,M,844570.0198095394,13820002.317124916,0.0611121474822764
DEU,2040,N,534281.040990451,13820002.317124916,0.0386599820123331
DEU,2040,O,728724.2817525192,13820002.317124916,0.0527296786954607
DEU,2040,P,425164.2348438588,13820002.317124916,0.0307644112560691
DEU,2040,Q,839351.538824231,13820002.317124916,0.0607345440010641
DEU,2040,R,124899.21008196051,13820002.317124916,0.0090375679551944
DEU,2040,S,218772.42699533078,13820002.317124916,0.0158301295452202
DEU,2040,T,16478.958036217085,13820002.317124916,0.0011923990791085
DEU,2040,HFCE,3987583.3248065235,13820002.317124916,0.2885370952409574
ITA,2021,A01_02,77333.46217312865,4092688.287850462,0.0188955172576178
ITA,2021,A03,1634.5103209467334,4092688.287850462,0.0003993732739918
ITA,2021,B05_06,5564.098424622925,4092688.287850462,0.0013595216721343
ITA,2021,B07_08,3456.6117474364055,4092688.287850462,0.0008445822169496
ITA,2021,B09,448.75631094419083,4092688.287850462,0.0001096482994506
ITA,2021,C10T12,183981.0620929184,4092688.287850462,0.0449535975263701
ITA,2021,C13T15,90167.11579675788,4092688.287850462,0.0220312688030573
ITA,2021,C16,16285.23856921139,4092688.287850462,0.0039791055227821
ITA,2021,C17_18,42327.49953656131,4092688.287850462,0.0103422241225198
ITA,2021,C19,36415.86631104879,4092688.287850462,0.0088977864302915
ITA,2021,C20,62660.570298508734,4092688.287850462,0.0153103695887426
ITA,2021,C21,33816.32427967773,4092688.287850462,0.0082626190663151
ITA,2021,C22,57163.07699844818,4092688.287850462,0.0139671220913995
ITA,2021,C23,37407.51722219883,4092688.287850462,0.0091400846072853
ITA,2021,C24,68896.20375259481,4092688.287850462,0.0168339729065416
ITA,2021,C25,109570.11397026421,4092688.287850462,0.0267721620274707
ITA,2021,C26,29555.538481137217,4092688.287850462,0.0072215464268011
ITA,2021,C27,47912.04790508935,4092688.287850462,0.0117067424966912
ITA,2021,C28,149384.66956193474,4092688.287850462,0.0365003780046962
ITA,2021,C29,71054.41543030564,4092688.287850462,0.0173613064159412
ITA,2021,C30,37817.77280076291,4092688.287850462,0.0092403257079286
ITA,2021,C31T33,76904.81306959938,4092688.287850462,0.0187907819165947
ITA,2021,D,113075.85128127137,4092688.287850462,0.0276287474951239
ITA,2021,E,58400.3557274516,4092688.287850462,0.0142694365219112
ITA,2021,F,238509.98067450247,4092688.287850462,0.0582770941492276
ITA,2021,G,457970.5529877114,4092688.287850462,0.1118996905645712
ITA,2021,H49,115494.88542789407,4092688.287850462,0.0282198098913987
ITA,2021,H50,10741.932824983365,4092688.287850462,0.0026246642962944
ITA,2021,H51,7364.264715750526,4092688.287850462,0.0017993710240802
ITA,2021,H52,87957.95062752915,4092688.287850462,0.0214914854103697
ITA,2021,H53,10569.650615995935,4092688.287850462,0.0025825691752223
ITA,2021,I,104827.32642124682,4092688.287850462,0.0256133179583788
ITA,2021,J58T60,27646.72472267065,4092688.287850462,0.0067551503506247
ITA,2021,J61,48213.31327982468,4092688.287850462,0.0117803531294945
ITA,2021,J62_63,83605.19720416432,4092688.287850462,0.0204279415689571
ITA,2021,K,182071.67710696807,4092688.287850462,0.044487061877511
ITA,2021,L,315139.1193606221,4092688.287850462,0.0770005182891995
ITA,2021,M,234128.5516314716,4092688.287850462,0.0572065437591484
ITA,2021,N,128509.96090024523,4092688.287850462,0.031399889720832
ITA,2021,O,194488.3346677288,4092688.287850462,0.0475209253646524
ITA,2021,P,99985.25953561734,4092688.287850462,0.0244302161570509
ITA,2021,Q,217386.2168300585,4092688.287850462,0.0531157521757497
ITA,2021,R,45379.91071675682,4092688.287850462,0.0110880447092615
ITA,2021,S,48388.108889739226,4092688.287850462,0.0118230623703701
ITA,2021,T,23075.876646150908,4092688.287850462,0.0056383176589954
ITA,2021,HFCE,879328.7374100906,4092688.287850462,0.2148535816960364
ITA,2022,A01_02,74666.97461677158,3951570.819616981,0.0188955172576178
ITA,2022,A03,1578.1517756408944,3951570.819616981,0.0003993732739918
ITA,2022,B05_06,5372.246168242785,3951570.819616981,0.0013595216721343
ITA,2022,B07_08,3337.4264432654577,3951570.819616981,0.0008445822169496
ITA,2022,B09,433.28302052961556,3951570.819616981,0.0001096482994506
ITA,2022,C10T12,177637.32422201018,3951570.819616981,0.0449535975263701
ITA,2022,C13T15,87058.11892129916,3951570.819616981,0.0220312688030573
ITA,2022,C16,15723.717272002517,3951570.819616981,0.0039791055227821
ITA,2022,C17_18,40868.03105248808,3951570.819616981,0.0103422241225198
ITA,2022,C19,35160.23321712383,3951570.819616981,0.0088977864302915
ITA,2022,C20,60500.0097044265,3951570.819616981,0.0153103695887426
ITA,2022,C21,32650.324396061653,3951570.819616981,0.0082626190663151
ITA,2022,C22,55192.07209040196,3951570.819616981,0.0139671220913995
ITA,2022,C23,36117.69162297892,3951570.819616981,0.0091400846072853
ITA,2022,C24,66520.63611571265,3951570.819616981,0.0168339729065416
ITA,2022,C25,105792.09424581101,3951570.819616981,0.0267721620274707
ITA,2022,C26,28536.452132656505,3951570.819616981,0.0072215464268011
ITA,2022,C27,46260.02204269498,3951570.819616981,0.0117067424966912
ITA,2022,C28,144233.828628347,3951570.819616981,0.0365003780046962
ITA,2022,C29,68604.43182366232,3951570.819616981,0.0173613064159412
ITA,2022,C30,36513.80143120728,3951570.819616981,0.0092403257079286
ITA,2022,C31T33,74253.10549940205,3951570.819616981,0.0187907819165947
ITA,2022,D,109176.95238429736,3951570.819616981,0.0276287474951239
ITA,2022,E,56386.688972361124,3951570.819616981,0.0142694365219112
ITA,2022,F,230286.06469215924,3951570.819616981,0.0582770941492276
ITA,2022,G,442179.55195912917,3951570.819616981,0.1118996905645712
ITA,2022,H49,111512.57730198975,3951570.819616981,0.0282198098913987
ITA,2022,H50,10371.54684452749,3951570.819616981,0.0026246642962944
ITA,2022,H51,7110.342032419642,3951570.819616981,0.0017993710240802
ITA,2022,H52,84925.12661784099,3951570.819616981,0.0214914854103697
ITA,2022,H53,10205.204992450734,3951570.819616981,0.0025825691752223
ITA,2022,I,101212.83983790125,3951570.819616981,0.0256133179583788
ITA,2022,J58T60,26693.45500765398,3951570.819616981,0.0067551503506247
ITA,2022,J61,46550.89967129405,3951570.819616981,0.0117803531294945
ITA,2022,J62_63,80722.4578087316,3951570.819616981,0.0204279415689571
ITA,2022,K,175793.77556566749,3951570.819616981,0.044487061877511
ITA,2022,L,304273.0011669844,3951570.819616981,0.0770005182891995
ITA,2022,M,226055.70900979274,3951570.819616981,0.0572065437591484
ITA,2022,N,124078.88796003092,3951570.819616981,0.031399889720832
ITA,2022,O,187782.30199215683,3951570.819616981,0.0475209253646524
ITA,2022,P,96537.72928313764,3951570.819616981,0.0244302161570509
ITA,2022,Q,209890.65635969967,3951570.819616981,0.0531157521757497
ITA,2022,R,43815.193919726196,3951570.819616981,0.0110880447092615
ITA,2022,S,46719.66826126606,3951570.819616981,0.0118230623703701
ITA,2022,T,22280.21153301735,3951570.819616981,0.0056383176589954
ITA,2022,HFCE,849009.1439202506,3951570.819616981,0.2148535816960364
ITA,2023,A01_02,81783.52258791674,4328197.078327951,0.0188955172576178
ITA,2023,A03,1728.5662376535772,4328197.078327951,0.0003993732739918
ITA,2023,B05_06,5884.277729255208,4328197.078327951,0.0013595216721343
ITA,2023,B07_08,3655.5182838090022,4328197.078327951,0.0008445822169496
ITA,2023,B09,474.5794493257152,4328197.078327951,0.0001096482994506
ITA,2023,C10T12,194568.02947396567,4328197.078327951,0.0449535975263701
ITA,2023,C13T15,95355.67326525034,4328197.078327951,0.0220312688030573
ITA,2023,C16,17222.3528980641,4328197.078327951,0.0039791055227821
ITA,2023,C17_18,44763.18423050306,4328197.078327951,0.0103422241225198
ITA,2023,C19,38511.37323117376,4328197.078327951,0.0088977864302915
ITA,2023,C20,66266.29692211683,4328197.078327951,0.0153103695887426
ITA,2023,C21,35762.24370216184,4328197.078327951,0.0082626190663151
ITA,2023,C22,60452.45702864509,4328197.078327951,0.0139671220913995
ITA,2023,C23,39560.08749292251,4328197.078327951,0.0091400846072853
ITA,2023,C24,72860.75235074524,4328197.078327951,0.0168339729065416
ITA,2023,C25,115875.1934678212,4328197.078327951,0.0267721620274707
ITA,2023,C26,31256.276145490177,4328197.078327951,0.0072215464268011
ITA,2023,C27,50669.08867091651,4328197.078327951,0.0117067424966912
ITA,2023,C28,157980.8294377919,4328197.078327951,0.0365003780046962
ITA,2023,C29,75143.15570543302,4328197.078327951,0.0173613064159412
ITA,2023,C30,39993.95073185522,4328197.078327951,0.0092403257079286
ITA,2023,C31T33,81330.20739090287,4328197.078327951,0.0187907819165947
ITA,2023,D,119582.66418625595,4328197.078327951,0.0276287474951239
ITA,2023,E,61760.93346352221,4328197.078327951,0.0142694365219112
ITA,2023,F,252234.74863012982,4328197.078327951,0.0582770941492276
ITA,2023,G,484323.9137673789,4328197.078327951,0.1118996905645712
ITA,2023,H49,122140.89872292207,4328197.078327951,0.0282198098913987
ITA,2023,H50,11360.06433881311,4328197.078327951,0.0026246642962944
ITA,2023,H51,7788.032409251895,4328197.078327951,0.0017993710240802
ITA,2023,H52,93019.38436208993,4328197.078327951,0.0214914854103697
ITA,2023,H53,11177.868358776985,4328197.078327951,0.0025825691752223
ITA,2023,I,110859.48795373997,4328197.078327951,0.0256133179583788
ITA,2023,J58T60,29237.62201123986,4328197.078327951,0.0067551503506247
ITA,2023,J61,50987.68999674963,4328197.078327951,0.0117803531294945
ITA,2023,J62_63,88416.15701501422,4328197.078327951,0.0204279415689571
ITA,2023,K,192548.7712416379,4328197.078327951,0.044487061877511
ITA,2023,L,333273.4182890512,4328197.078327951,0.0770005182891995
ITA,2023,M,247601.1955595862,4328197.078327951,0.0572065437591484
ITA,2023,N,135904.91094952493,4328197.078327951,0.031399889720832
ITA,2023,O,205679.93032272914,4328197.078327951,0.0475209253646524
ITA,2023,P,105738.79019386802,4328197.078327951,0.0244302161570509
ITA,2023,Q,229895.44338027138,4328197.078327951,0.0531157521757497
ITA,2023,R,47991.24271499532,4328197.078327951,0.0110880447092615
ITA,2023,S,51172.54400832501,4328197.078327951,0.0118230623703701
ITA,2023,T,24403.750018348783,4328197.078327951,0.0056383176589954
ITA,2023,HFCE,929928.6445650805,4328197.078327951,0.2148535816960364
ITA,2024,A01_02,84202.31140667236,4456205.68406117,0.0188955172576178
ITA,2024,A03,1779.689453624378,4456205.68406117,0.0003993732739918
ITA,2024,B05_06,6058.308202969214,4456205.68406117,0.0013595216721343
ITA,2024,B07_08,3763.632075827791,4456205.68406117,0.0008445822169496
ITA,2024,B09,488.6153752594049,4456205.68406117,0.0001096482994506
ITA,2024,C10T12,200322.47681600857,4456205.68406117,0.0449535975263701
ITA,2024,C13T15,98175.86526726346,4456205.68406117,0.0220312688030573
ITA,2024,C16,17731.712648100784,4456205.68406117,0.0039791055227821
ITA,2024,C17_18,46087.07792060728,4456205.68406117,0.0103422241225198
ITA,2024,C19,39650.36646622732,4456205.68406117,0.0088977864302915
ITA,2024,C20,68226.15598643204,4456205.68406117,0.0153103695887426
ITA,2024,C21,36819.93004854554,4456205.68406117,0.0082626190663151
ITA,2024,C22,62240.36885367078,4456205.68406117,0.0139671220913995
ITA,2024,C23,40730.09697978476,4456205.68406117,0.0091400846072853
ITA,2024,C24,75015.6457514624,4456205.68406117,0.0168339729065416
ITA,2024,C25,119302.26060142154,4456205.68406117,0.0267721620274707
ITA,2024,C26,32180.69623482269,4456205.68406117,0.0072215464268011
ITA,2024,C27,52167.65245559577,4456205.68406117,0.0117067424966912
ITA,2024,C28,162653.1919349085,4456205.68406117,0.0365003780046962
ITA,2024,C29,77365.55233344484,4456205.68406117,0.0173613064159412
ITA,2024,C30,41176.791942247975,4456205.68406117,0.0092403257079286
ITA,2024,C31T33,83735.58918468314,4456205.68406117,0.0187907819165947
ITA,2024,D,123119.38163126192,4456205.68406117,0.0276287474951239
ITA,2024,E,63587.54413729074,4456205.68406117,0.0142694365219112
ITA,2024,F,259694.71819835596,4456205.68406117,0.0582770941492276
ITA,2024,G,498648.03713852825,4456205.68406117,0.1118996905645712
ITA,2024,H49,125753.2772411765,4456205.68406117,0.0282198098913987
ITA,2024,H50,11696.043955899515,4456205.68406117,0.0026246642962944
ITA,2024,H51,8018.367385241155,4456205.68406117,0.0017993710240802
ITA,2024,H52,95770.47944460716,4456205.68406117,0.0214914854103697
ITA,2024,H53,11508.45943810678,4456205.68406117,0.0025825691752223
ITA,2024,I,114138.21307379364,4456205.68406117,0.0256133179583788
ITA,2024,J58T60,30102.33938914159,4456205.68406117,0.0067551503506247
ITA,2024,J61,52495.67657590118,4456205.68406117,0.0117803531294945
ITA,2024,J62_63,91031.10933325608,4456205.68406117,0.0204279415689571
ITA,2024,K,198243.4980057455,4456205.68406117,0.044487061877511
ITA,2024,L,343130.14727598685,4456205.68406117,0.0770005182891995
ITA,2024,M,254924.12546501114,4456205.68406117,0.0572065437591484
ITA,2024,N,139924.36705286545,4456205.68406117,0.031399889720832
ITA,2024,O,211763.0177218106,4456205.68406117,0.0475209253646524
ITA,2024,P,108866.06810189325,4456205.68406117,0.0244302161570509
ITA,2024,Q,236694.71675876025,4456205.68406117,0.0531157521757497
ITA,2024,R,49410.60785853548,4456205.68406117,0.0110880447092615
ITA,2024,S,52685.997737852966,4456205.68406117,0.0118230623703701
ITA,2024,T,25125.50320055777,4456205.68406117,0.0056383176589954
ITA,2024,HFCE,957431.7519947783,4456205.68406117,0.2148535816960364
ITA,2025,A01_02,86555.68090469419,4580752.128910308,0.0188955172576178
ITA,2025,A03,1829.4299750678176,4580752.128910308,0.0003993732739918
ITA,2025,B05_06,6227.6317939288965,4580752.128910308,0.0013595216721343
ITA,2025,B07_08,3868.8217883316674,4580752.128910308,0.0008445822169496
ITA,2025,B09,502.27168113973084,4580752.128910308,0.0001096482994506
ITA,2025,C10T12,205921.28757109697,4580752.128910308,0.0449535975263701
ITA,2025,C13T15,100919.78147219997,4580752.128910308,0.0220312688030573
ITA,2025,C16,18227.29609464287,4580752.128910308,0.0039791055227821
ITA,2025,C17_18,47375.165166900115,4580752.128910308,0.0103422241225198
ITA,2025,C19,40758.55413314704,4580752.128910308,0.0088977864302915
ITA,2025,C20,70133.0080880363,4580752.128910308,0.0153103695887426
ITA,2025,C21,37849.009878397796,4580752.128910308,0.0082626190663151
ITA,2025,C22,63979.924254928446,4580752.128910308,0.0139671220913995
ITA,2025,C23,41868.46202324247,4580752.128910308,0.0091400846072853
ITA,2025,C24,77112.25722965888,4580752.128910308,0.0168339729065416
ITA,2025,C25,122636.63820286811,4580752.128910308,0.0267721620274707
ITA,2025,C26,33080.11416859377,4580752.128910308,0.0072215464268011
ITA,2025,C27,53625.68561432298,4580752.128910308,0.0117067424966912
ITA,2025,C28,167199.1842510431,4580752.128910308,0.0365003780046962
ITA,2025,C29,79527.84132548685,4580752.128910308,0.0173613064159412
ITA,2025,C30,42327.64165841858,4580752.128910308,0.0092403257079286
ITA,2025,C31T33,86075.91426833048,4580752.128910308,0.0187907819165947
ITA,2025,D,126560.44390741413,4580752.128910308,0.0276287474951239
ITA,2025,E,65364.75172609523,4580752.128910308,0.0142694365219112
ITA,2025,F,266952.92309078074,4580752.128910308,0.0582770941492276
ITA,2025,G,512584.74577806424,4580752.128910308,0.1118996905645712
ITA,2025,H49,129267.95423746876,4580752.128910308,0.0282198098913987
ITA,2025,H50,12022.936562925448,4580752.128910308,0.0026246642962944
ITA,2025,H51,8242.472649254896,4580752.128910308,0.0017993710240802
ITA,2025,H52,98447.16754699583,4580752.128910308,0.0214914854103697
ITA,2025,H53,11830.109247457689,4580752.128910308,0.0025825691752223
ITA,2025,I,117328.2607663003,4580752.128910308,0.0256133179583788
ITA,2025,J58T60,30943.669349733307,4580752.128910308,0.0067551503506247
ITA,2025,J61,53962.87767724714,4580752.128910308,0.0117803531294945
ITA,2025,J62_63,93575.33683125561,4580752.128910308,0.0204279415689571
ITA,2025,K,203784.2034043731,4580752.128910308,0.044487061877511
ITA,2025,L,352720.2880804477,4580752.128910308,0.0770005182891995
ITA,2025,M,262048.99711231972,4580752.128910308,0.0572065437591484
ITA,2025,N,143835.11168625008,4580752.128910308,0.031399889720832
ITA,2025,O,217681.58003191932,4580752.128910308,0.0475209253646524
ITA,2025,P,111908.76467114991,4580752.128910308,0.0244302161570509
ITA,2025,Q,243310.09485773777,4580752.128910308,0.0531157521757497
ITA,2025,R,50791.58440740229,4580752.128910308,0.0110880447092615
ITA,2025,S,54158.518123312184,4580752.128910308,0.0118230623703701
ITA,2025,T,25827.735619915762,4580752.128910308,0.0056383176589954
ITA,2025,HFCE,984191.0017581235,4580752.128910308,0.2148535816960364
ITA,2026,A01_02,89012.35253888645,4710765.591928995,0.0188955172576178
ITA,2026,A03,1881.3538774566025,4710765.591928995,0.0003993732739918
ITA,2026,B05_06,6404.387914572034,4710765.591928995,0.0013595216721343
ITA,2026,B07_08,3978.628847161285,4710765.591928995,0.0008445822169496
ITA,2026,B09,516.5274362654134,4710765.591928995,0.0001096482994506
ITA,2026,C10T12,211765.86046064866,4710765.591928995,0.0449535975263701
ITA,2026,C13T15,103784.14302398103,4710765.591928995,0.0220312688030573
ITA,2026,C16,18744.633383376553,4710765.591928995,0.0039791055227821
ITA,2026,C17_18,48719.79354038432,4710765.591928995,0.0103422241225198
ITA,2026,C19,41915.386160149916,4710765.591928995,0.0088977864302915
ITA,2026,C20,72123.56225836472,4710765.591928995,0.0153103695887426
ITA,2026,C21,38923.26159681365,4710765.591928995,0.0082626190663151
ITA,2026,C22,65795.83816643611,4710765.591928995,0.0139671220913995
ITA,2026,C23,43056.796075319435,4710765.591928995,0.0091400846072853
ITA,2026,C24,79300.90034360111,4710765.591928995,0.0168339729065416
ITA,2026,C25,126117.379700557,4710765.591928995,0.0267721620274707
ITA,2026,C26,34019.012427892405,4710765.591928995,0.0072215464268011
ITA,2026,C27,55147.719746985844,4710765.591928995,0.0117067424966912
ITA,2026,C28,171944.72479692477,4710765.591928995,0.0365003780046962
ITA,2026,C29,81785.04489515192,4710765.591928995,0.0173613064159412
ITA,2026,C30,43529.00840312698,4710765.591928995,0.0092403257079286
ITA,2026,C31T33,88518.96889813589,4710765.591928995,0.0187907819165947
ITA,2026,D,130152.55304812407,4710765.591928995,0.0276287474951239
ITA,2026,E,67219.97058363423,4710765.591928995,0.0142694365219112
ITA,2026,F,274529.72991578793,4710765.591928995,0.0582770941492276
ITA,2026,G,527133.2120590836,4710765.591928995,0.1118996905645712
ITA,2026,H49,132936.9094471785,4710765.591928995,0.0282198098913987
ITA,2026,H50,12364.178257348189,4710765.591928995,0.0026246642962944
ITA,2026,H51,8476.415107351046,4710765.591928995,0.0017993710240802
ITA,2026,H52,101241.34999061358,4710765.591928995,0.0214914854103697
ITA,2026,H53,12165.878009413655,4710765.591928995,0.0025825691752223
ITA,2026,I,120658.33693346787,4710765.591928995,0.0256133179583788
ITA,2026,J58T60,31821.929840029923,4710765.591928995,0.0067551503506247
ITA,2026,J61,55494.48218319575,4710765.591928995,0.0117803531294945
ITA,2026,J62_63,96231.24425697913,4710765.591928995,0.0204279415689571
ITA,2026,K,209568.12037859496,4710765.591928995,0.044487061877511
ITA,2026,L,362731.3921174603,4710765.591928995,0.0770005182891995
ITA,2026,M,269486.6179737767,4710765.591928995,0.0572065437591484
ITA,2026,N,147917.52008726032,4710765.591928995,0.031399889720832
ITA,2026,O,223859.94010443037,4710765.591928995,0.0475209253646524
ITA,2026,P,115085.02167602319,4710765.591928995,0.0244302161570509
ITA,2026,Q,250215.85773894936,4710765.591928995,0.0531157521757497
ITA,2026,R,52233.179498159414,4710765.591928995,0.0110880447092615
ITA,2026,S,55695.675405569935,4710765.591928995,0.0118230623703701
ITA,2026,T,26560.792824361175,4710765.591928995,0.0056383176589954
ITA,2026,HFCE,1012124.8599563937,4710765.591928995,0.2148535816960364
ITA,2027,A01_02,91572.32630924911,4846246.07311723,0.0188955172576178
ITA,2027,A03,1935.4611607907325,4846246.07311723,0.0003993732739918
ITA,2027,B05_06,6588.576564898623,4846246.07311723,0.0013595216721343
ITA,2027,B07_08,4093.0532523166435,4846246.07311723,0.0008445822169496
ITA,2027,B09,531.3826406364524,4846246.07311723,0.0001096482994506
ITA,2027,C10T12,217856.1954846635,4846246.07311723,0.0449535975263701
ITA,2027,C13T15,106768.94992260658,4846246.07311723,0.0220312688030573
ITA,2027,C16,19283.724514301834,4846246.07311723,0.0039791055227821
ITA,2027,C17_18,50120.96304105988,4846246.07311723,0.0103422241225198
ITA,2027,C19,43120.862547235956,4846246.07311723,0.0088977864302915
ITA,2027,C20,74197.81849741729,4846246.07311723,0.0153103695887426
ITA,2027,C21,40042.68520379311,4846246.07311723,0.0082626190663151
ITA,2027,C22,67688.11058819374,4846246.07311723,0.0139671220913995
ITA,2027,C23,44295.099136015626,4846246.07311723,0.0091400846072853
ITA,2027,C24,81581.57509328908,4846246.07311723,0.0168339729065416
ITA,2027,C25,129744.4850944881,4846246.07311723,0.0267721620274707
ITA,2027,C26,34997.391012718595,4846246.07311723,0.0072215464268011
ITA,2027,C27,56733.75485358432,4846246.07311723,0.0117067424966912
ITA,2027,C28,176889.81357255348,4846246.07311723,0.0365003780046962
ITA,2027,C29,84137.16304244002,4846246.07311723,0.0173613064159412
ITA,2027,C30,44780.89217637317,4846246.07311723,0.0092403257079286
ITA,2027,C31T33,91064.75307409932,4846246.07311723,0.0187907819165947
ITA,2027,D,133895.7090533917,4846246.07311723,0.0276287474951239
ITA,2027,E,69153.20070990775,4846246.07311723,0.0142694365219112
ITA,2027,F,282425.13867337734,4846246.07311723,0.0582770941492276
ITA,2027,G,542293.4359815863,4846246.07311723,0.1118996905645712
ITA,2027,H49,136760.14287030572,4846246.07311723,0.0282198098913987
ITA,2027,H50,12719.769039167735,4846246.07311723,0.0026246642962944
ITA,2027,H51,8720.194759529599,4846246.07311723,0.0017993710240802
ITA,2027,H52,104153.0267754604,4846246.07311723,0.0214914854103697
ITA,2027,H53,12515.765723974675,4846246.07311723,0.0025825691752223
ITA,2027,I,124128.44157529628,4846246.07311723,0.0256133179583788
ITA,2027,J58T60,32737.12086003143,4846246.07311723,0.0067551503506247
ITA,2027,J61,57090.490093746994,4846246.07311723,0.0117803531294945
ITA,2027,J62_63,98998.83161042658,4846246.07311723,0.0204279415689571
ITA,2027,K,215595.24892841093,4846246.07311723,0.044487061877511
ITA,2027,L,373163.4593870245,4846246.07311723,0.0770005182891995
ITA,2027,M,277236.98804938194,4846246.07311723,0.0572065437591484
ITA,2027,N,152171.59225589616,4846246.07311723,0.031399889720832
ITA,2027,O,230298.09793934366,4846246.07311723,0.0475209253646524
ITA,2027,P,118394.83911651303,4846246.07311723,0.0244302161570509
ITA,2027,Q,257412.00540239495,4846246.07311723,0.0531157521757497
ITA,2027,R,53735.39313080683,4846246.07311723,0.0110880447092615
ITA,2027,S,57297.46958462619,4846246.07311723,0.0118230623703701
ITA,2027,T,27324.67481389399,4846246.07311723,0.0056383176589954
ITA,2027,HFCE,1041233.3265895884,4846246.07311723,0.2148535816960364
ITA,2028,A01_02,94235.6022157822,4987193.572475014,0.0188955172576178
ITA,2028,A03,1991.7518250702078,4987193.572475014,0.0003993732739918
ITA,2028,B05_06,6780.197744908665,4987193.572475014,0.0013595216721343
ITA,2028,B07_08,4212.095003797743,4987193.572475014,0.0008445822169496
ITA,2028,B09,546.837294252848,4987193.572475014,0.0001096482994506
ITA,2028,C10T12,224192.29264314164,4987193.572475014,0.0449535975263701
ITA,2028,C13T15,109874.20216807668,4987193.572475014,0.0220312688030573
ITA,2028,C16,19844.56948741872,4987193.572475014,0.0039791055227821
ITA,2028,C17_18,51578.67366892679,4987193.572475014,0.0103422241225198
ITA,2028,C19,44374.98329440517,4987193.572475014,0.0088977864302915
ITA,2028,C20,76355.77680519402,4987193.572475014,0.0153103695887426
ITA,2028,C21,41207.28069933617,4987193.572475014,0.0082626190663151
ITA,2028,C22,69656.74152020137,4987193.572475014,0.0139671220913995
ITA,2028,C23,45583.37120533106,4987193.572475014,0.0091400846072853
ITA,2028,C24,83954.28147872281,4987193.572475014,0.0168339729065416
ITA,2028,C25,133517.95438466154,4987193.572475014,0.0267721620274707
ITA,2028,C26,36015.249923072355,4987193.572475014,0.0072215464268011
ITA,2028,C27,58383.79093411845,4987193.572475014,0.0117067424966912
ITA,2028,C28,182034.4505779293,4987193.572475014,0.0365003780046962
ITA,2028,C29,86584.1957673512,4987193.572475014,0.0173613064159412
ITA,2028,C30,46083.29297815715,4987193.572475014,0.0092403257079286
ITA,2028,C31T33,93713.2667962208,4987193.572475014,0.0187907819165947
ITA,2028,D,137789.91192321706,4987193.572475014,0.0276287474951239
ITA,2028,E,71164.44210491575,4987193.572475014,0.0142694365219112
ITA,2028,F,290639.14936354914,4987193.572475014,0.0582770941492276
ITA,2028,G,558065.4175455725,4987193.572475014,0.1118996905645712
ITA,2028,H49,140737.65450685043,4987193.572475014,0.0282198098913987
ITA,2028,H50,13089.70890838409,4987193.572475014,0.0026246642962944
ITA,2028,H51,8973.811605790557,4987193.572475014,0.0017993710240802
ITA,2028,H52,107182.19790153632,4987193.572475014,0.0214914854103697
ITA,2028,H53,12879.772391140754,4987193.572475014,0.0025825691752223
ITA,2028,I,127738.5746917856,4987193.572475014,0.0256133179583788
ITA,2028,J58T60,33689.242409737846,4987193.572475014,0.0067551503506247
ITA,2028,J61,58750.90140890089,4987193.572475014,0.0117803531294945
ITA,2028,J62_63,101878.09889159801,4987193.572475014,0.0204279415689571
ITA,2028,K,221865.5890538211,4987193.572475014,0.044487061877511
ITA,2028,L,384016.48988914053,4987193.572475014,0.0770005182891995
ITA,2028,M,285300.10733913555,4987193.572475014,0.0572065437591484
ITA,2028,N,156597.3281921576,4987193.572475014,0.031399889720832
ITA,2028,O,236996.0535366593,4987193.572475014,0.0475209253646524
ITA,2028,P,121838.21699261949,4987193.572475014,0.0244302161570509
ITA,2028,Q,264898.5378480747,4987193.572475014,0.0531157521757497
ITA,2028,R,55298.225305344546,4987193.572475014,0.0110880447092615
ITA,2028,S,58963.90066048097,4987193.572475014,0.0118230623703701
ITA,2028,T,28119.38158851423,4987193.572475014,0.0056383176589954
ITA,2028,HFCE,1071516.4016577082,4987193.572475014,0.2148535816960364
ITA,2029,A01_02,97002.18025848568,5133608.090002346,0.0188955172576178
ITA,2029,A03,2050.225870295028,5133608.090002346,0.0003993732739918
ITA,2029,B05_06,6979.251454602159,5133608.090002346,0.0013595216721343
ITA,2029,B07_08,4335.7541016045825,5133608.090002346,0.0008445822169496
ITA,2029,B09,562.8913971146,5133608.090002346,0.0001096482994506
ITA,2029,C10T12,230774.15193608298,5133608.090002346,0.0449535975263701
ITA,2029,C13T15,113099.89976039126,5133608.090002346,0.0220312688030573
ITA,2029,C16,20427.1683027272,5133608.090002346,0.0039791055227821
ITA,2029,C17_18,53092.92542398506,5133608.090002346,0.0103422241225198
ITA,2029,C19,45677.74840165754,5133608.090002346,0.0088977864302915
ITA,2029,C20,78597.4371816949,5133608.090002346,0.0153103695887426
ITA,2029,C21,42417.04808344282,5133608.090002346,0.0082626190663151
ITA,2029,C22,71701.73096245895,5133608.090002346,0.0139671220913995
ITA,2029,C23,46921.61228326573,5133608.090002346,0.0091400846072853
ITA,2029,C24,86419.01949990226,5133608.090002346,0.0168339729065416
ITA,2029,C25,137437.7875710772,5133608.090002346,0.0267721620274707
ITA,2029,C26,37072.58915895366,5133608.090002346,0.0072215464268011
ITA,2029,C27,60097.8279885882,5133608.090002346,0.0117067424966912
ITA,2029,C28,187378.6358130521,5133608.090002346,0.0365003780046962
ITA,2029,C29,89126.14306988538,5133608.090002346,0.0173613064159412
ITA,2029,C30,47436.210808478914,5133608.090002346,0.0092403257079286
ITA,2029,C31T33,96464.51006450033,5133608.090002346,0.0187907819165947
ITA,2029,D,141835.16165760008,5133608.090002346,0.0276287474951239
ITA,2029,E,73253.69476865827,5133608.090002346,0.0142694365219112
ITA,2029,F,299171.76198630314,5133608.090002346,0.0582770941492276
ITA,2029,G,574449.1567510419,5133608.090002346,0.1118996905645712
ITA,2029,H49,144869.4443568126,5133608.090002346,0.0282198098913987
ITA,2029,H50,13473.997864997247,5133608.090002346,0.0026246642962944
ITA,2029,H51,9237.265646133921,5133608.090002346,0.0017993710240802
ITA,2029,H52,110328.86336884128,5133608.090002346,0.0214914854103697
ITA,2029,H53,13257.898010911886,5133608.090002346,0.0025825691752223
ITA,2029,I,131488.73628293577,5133608.090002346,0.0256133179583788
ITA,2029,J58T60,34678.29448914914,5133608.090002346,0.0067551503506247
ITA,2029,J61,60475.71612865742,5133608.090002346,0.0117803531294945
ITA,2029,J62_63,104869.04610049339,5133608.090002346,0.0204279415689571
ITA,2029,K,228379.14075482544,5133608.090002346,0.044487061877511
ITA,2029,L,395290.48362380813,5133608.090002346,0.0770005182891995
ITA,2029,M,293675.9758430374,5133608.090002346,0.0572065437591484
ITA,2029,N,161194.72789604464,5133608.090002346,0.031399889720832
ITA,2029,O,243953.8068963772,5133608.090002346,0.0475209253646524
ITA,2029,P,125415.15530434252,5133608.090002346,0.0244302161570509
ITA,2029,Q,272675.4550759884,5133608.090002346,0.0531157521757497
ITA,2029,R,56921.676021772546,5133608.090002346,0.0110880447092615
ITA,2029,S,60694.96863313425,5133608.090002346,0.0118230623703701
ITA,2029,T,28944.913148221876,5133608.090002346,0.0056383176589954
ITA,2029,HFCE,1102974.0851607525,5133608.090002346,0.2148535816960364
ITA,2030,A01_02,99872.06043735959,5285489.625699227,0.0188955172576178
ITA,2030,A03,2110.883296465194,5285489.625699227,0.0003993732739918
ITA,2030,B05_06,7185.737693979108,5285489.625699227,0.0013595216721343
ITA,2030,B07_08,4464.030545737164,5285489.625699227,0.0008445822169496
ITA,2030,B09,579.5449492217085,5285489.625699227,0.0001096482994506
ITA,2030,C10T12,237601.77336348756,5285489.625699227,0.0449535975263701
ITA,2030,C13T15,116446.04269955038,5285489.625699227,0.0220312688030573
ITA,2030,C16,21031.520960227288,5285489.625699227,0.0039791055227821
ITA,2030,C17_18,54663.718306234696,5285489.625699227,0.0103422241225198
ITA,2030,C19,47029.157868993076,5285489.625699227,0.0088977864302915
ITA,2030,C20,80922.79962691995,5285489.625699227,0.0153103695887426
ITA,2030,C21,43671.98735611309,5285489.625699227,0.0082626190663151
ITA,2030,C22,73823.07891496654,5285489.625699227,0.0139671220913995
ITA,2030,C23,48309.822369819645,5285489.625699227,0.0091400846072853
ITA,2030,C24,88975.7891568275,5285489.625699227,0.0168339729065416
ITA,2030,C25,141503.98465373516,5285489.625699227,0.0267721620274707
ITA,2030,C26,38169.40872036254,5285489.625699227,0.0072215464268011
ITA,2030,C27,61875.8660169936,5285489.625699227,0.0117067424966912
ITA,2030,C28,192922.36927792203,5285489.625699227,0.0365003780046962
ITA,2030,C29,91763.00495004264,5285489.625699227,0.0173613064159412
ITA,2030,C30,48839.64566733848,5285489.625699227,0.0092403257079286
ITA,2030,C31T33,99318.48287893791,5285489.625699227,0.0187907819165947
ITA,2030,D,146031.45825654088,5285489.625699227,0.0276287474951239
ITA,2030,E,75420.9587011353,5285489.625699227,0.0142694365219112
ITA,2030,F,308022.9765416396,5285489.625699227,0.0582770941492276
ITA,2030,G,591444.6535979947,5285489.625699227,0.1118996905645712
ITA,2030,H49,149155.51242019224,5285489.625699227,0.0282198098913987
ITA,2030,H50,13872.635909007213,5285489.625699227,0.0026246642962944
ITA,2030,H51,9510.55688055969,5285489.625699227,0.0017993710240802
ITA,2030,H52,113593.02317737535,5285489.625699227,0.0214914854103697
ITA,2030,H53,13650.142583288076,5285489.625699227,0.0025825691752223
ITA,2030,I,135378.92634874684,5285489.625699227,0.0256133179583788
ITA,2030,J58T60,35704.277098265346,5285489.625699227,0.0067551503506247
ITA,2030,J61,62264.9342530166,5285489.625699227,0.0117803531294945
ITA,2030,J62_63,107971.67323711274,5285489.625699227,0.0204279415689571
ITA,2030,K,235135.90403142397,5285489.625699227,0.044487061877511
ITA,2030,L,406985.44059102755,5285489.625699227,0.0770005182891995
ITA,2030,M,302364.59356108773,5285489.625699227,0.0572065437591484
ITA,2030,N,165963.7913675573,5285489.625699227,0.031399889720832
ITA,2030,O,251171.3580184975,5285489.625699227,0.0475209253646524
ITA,2030,P,129125.65405168217,5285489.625699227,0.0244302161570509
ITA,2030,Q,280742.7570861362,5285489.625699227,0.0531157521757497
ITA,2030,R,58605.74528009086,5285489.625699227,0.0110880447092615
ITA,2030,S,62490.67350258607,5285489.625699227,0.0118230623703701
ITA,2030,T,29801.26949301694,5285489.625699227,0.0056383176589954
ITA,2030,HFCE,1135606.3770987217,5285489.625699227,0.2148535816960364
ITA,2031,A01_02,102845.2427524039,5442838.179565656,0.0188955172576178
ITA,2031,A03,2173.7241035807047,5442838.179565656,0.0003993732739918
ITA,2031,B05_06,7399.6564630395105,5442838.179565656,0.0013595216721343
ITA,2031,B07_08,4596.924336195487,5442838.179565656,0.0008445822169496
ITA,2031,B09,596.7979505741736,5442838.179565656,0.0001096482994506
ITA,2031,C10T12,244675.1569253554,5442838.179565656,0.0449535975263701
ITA,2031,C13T15,119912.63098555403,5442838.179565656,0.0220312688030573
ITA,2031,C16,21657.62745991897,5442838.179565656,0.0039791055227821
ITA,2031,C17_18,56291.05231567568,5442838.179565656,0.0103422241225198
ITA,2031,C19,48429.21169641178,5442838.179565656,0.0088977864302915
ITA,2031,C20,83331.86414086916,5442838.179565656,0.0153103695887426
ITA,2031,C21,44972.09851734696,5442838.179565656,0.0082626190663151
ITA,2031,C22,76020.78537772411,5442838.179565656,0.0139671220913995
ITA,2031,C23,49748.0014649928,5442838.179565656,0.0091400846072853
ITA,2031,C24,91624.59044949847,5442838.179565656,0.0168339729065416
ITA,2031,C25,145716.54563263542,5442838.179565656,0.0267721620274707
ITA,2031,C26,39305.70860729897,5442838.179565656,0.0072215464268011
ITA,2031,C27,63717.905019334634,5442838.179565656,0.0117067424966912
ITA,2031,C28,198665.65097253898,5442838.179565656,0.0365003780046962
ITA,2031,C29,94494.78140782296,5442838.179565656,0.0173613064159412
ITA,2031,C30,50293.59755473583,5442838.179565656,0.0092403257079286
ITA,2031,C31T33,102275.18523953354,5442838.179565656,0.0187907819165947
ITA,2031,D,150378.80172003934,5442838.179565656,0.0276287474951239
ITA,2031,E,77666.23390234684,5442838.179565656,0.0142694365219112
ITA,2031,F,317192.79302955826,5442838.179565656,0.0582770941492276
ITA,2031,G,609051.908086431,5442838.179565656,0.1118996905645712
ITA,2031,H49,153595.8586969894,5442838.179565656,0.0282198098913987
ITA,2031,H50,14285.623040413986,5442838.179565656,0.0026246642962944
ITA,2031,H51,9793.685309067865,5442838.179565656,0.0017993710240802
ITA,2031,H52,116974.67732713847,5442838.179565656,0.0214914854103697
ITA,2031,H53,14056.506108269321,5442838.179565656,0.0025825691752223
ITA,2031,I,139409.1448892188,5442838.179565656,0.0256133179583788
ITA,2031,J58T60,36767.19023708645,5442838.179565656,0.0067551503506247
ITA,2031,J61,64118.55578197842,5442838.179565656,0.0117803531294945
ITA,2031,J62_63,111185.98030145606,5442838.179565656,0.0204279415689571
ITA,2031,K,242135.87888361668,5442838.179565656,0.044487061877511
ITA,2031,L,419101.3607907986,5442838.179565656,0.0770005182891995
ITA,2031,M,311365.9604932863,5442838.179565656,0.0572065437591484
ITA,2031,N,170904.51860669558,5442838.179565656,0.031399889720832
ITA,2031,O,258648.70690302007,5442838.179565656,0.0475209253646524
ITA,2031,P,132969.71323463842,5442838.179565656,0.0244302161570509
ITA,2031,Q,289100.443878518,5442838.179565656,0.0531157521757497
ITA,2031,R,60350.43308029947,5442838.179565656,0.0110880447092615
ITA,2031,S,64351.0152688364,5442838.179565656,0.0118230623703701
ITA,2031,T,30688.450622899414,5442838.179565656,0.0056383176589954
ITA,2031,HFCE,1169413.2774716157,5442838.179565656,0.2148535816960364
ITA,2032,A01_02,105921.72720361868,5605653.751601636,0.0188955172576178
ITA,2032,A03,2238.748291641562,5605653.751601636,0.0003993732739918
ITA,2032,B05_06,7621.0077617833695,5605653.751601636,0.0013595216721343
ITA,2032,B07_08,4734.435472979552,5605653.751601636,0.0008445822169496
ITA,2032,B09,614.6504011719956,5605653.751601636,0.0001096482994506
ITA,2032,C10T12,251994.30262168657,5605653.751601636,0.0449535975263701
ITA,2032,C13T15,123499.66461840225,5605653.751601636,0.0220312688030573
ITA,2032,C16,22305.48780180227,5605653.751601636,0.0039791055227821
ITA,2032,C17_18,57974.92745230806,5605653.751601636,0.0103422241225198
ITA,2032,C19,49877.90988391368,5605653.751601636,0.0088977864302915
ITA,2032,C20,85824.63072354256,5605653.751601636,0.0153103695887426
ITA,2032,C21,46317.381567144446,5605653.751601636,0.0082626190663151
ITA,2032,C22,78294.8503507317,5605653.751601636,0.0139671220913995
ITA,2032,C23,51236.14956878521,5605653.751601636,0.0091400846072853
ITA,2032,C24,94365.42337791523,5605653.751601636,0.0168339729065416
ITA,2032,C25,150075.47050777802,5605653.751601636,0.0267721620274707
ITA,2032,C26,40481.48881976298,5605653.751601636,0.0072215464268011
ITA,2032,C27,65623.94499561132,5605653.751601636,0.0117067424966912
ITA,2032,C28,204608.48089690311,5605653.751601636,0.0365003780046962
ITA,2032,C29,97321.47244322636,5605653.751601636,0.0173613064159412
ITA,2032,C30,51798.066470671,5605653.751601636,0.0092403257079286
ITA,2032,C31T33,105334.61714628726,5605653.751601636,0.0187907819165947
ITA,2032,D,154877.1920480956,5605653.751601636,0.0276287474951239
ITA,2032,E,79989.52037229293,5605653.751601636,0.0142694365219112
ITA,2032,F,326681.21145005943,5605653.751601636,0.0582770941492276
ITA,2032,G,627270.9202163508,5605653.751601636,0.1118996905645712
ITA,2032,H49,158190.48318720408,5605653.751601636,0.0282198098913987
ITA,2032,H50,14712.959259217572,5605653.751601636,0.0026246642962944
ITA,2032,H51,10086.65093165845,5605653.751601636,0.0017993710240802
ITA,2032,H52,120473.82581813075,5605653.751601636,0.0214914854103697
ITA,2032,H53,14476.98858585563,5605653.751601636,0.0025825691752223
ITA,2032,I,143579.39190435168,5605653.751601636,0.0256133179583788
ITA,2032,J58T60,37867.03390561246,5605653.751601636,0.0067551503506247
ITA,2032,J61,66036.58071554292,5605653.751601636,0.0117803531294945
ITA,2032,J62_63,114511.9672935234,5605653.751601636,0.0204279415689571
ITA,2032,K,249379.06531140368,5605653.751601636,0.044487061877511
ITA,2032,L,431638.2442231216,5605653.751601636,0.0770005182891995
ITA,2032,M,320680.07663963345,5605653.751601636,0.0572065437591484
ITA,2032,N,176016.90961345955,5605653.751601636,0.031399889720832
ITA,2032,O,266385.85354994505,5605653.751601636,0.0475209253646524
ITA,2032,P,136947.3328532113,5605653.751601636,0.0244302161570509
ITA,2032,Q,297748.5154531341,5605653.751601636,0.0531157521757497
ITA,2032,R,62155.73942239841,5605653.751601636,0.0110880447092615
ITA,2032,S,66275.99393188528,5605653.751601636,0.0118230623703701
ITA,2032,T,31606.456537869322,5605653.751601636,0.0056383176589954
ITA,2032,HFCE,1204394.7862794353,5605653.751601636,0.2148535816960364
ITA,2033,A01_02,109101.5137910038,5773936.341807161,0.0188955172576178
ITA,2033,A03,2305.955860647763,5773936.341807161,0.0003993732739918
ITA,2033,B05_06,7849.791590210676,5773936.341807161,0.0013595216721343
ITA,2033,B07_08,4876.563956089356,5773936.341807161,0.0008445822169496
ITA,2033,B09,633.1023010151736,5773936.341807161,0.0001096482994506
ITA,2033,C10T12,259559.21045248082,5773936.341807161,0.0449535975263701
ITA,2033,C13T15,127207.14359809492,5773936.341807161,0.0220312688030573
ITA,2033,C16,22975.10198587715,5773936.341807161,0.0039791055227821
ITA,2033,C17_18,59715.343716131756,5773936.341807161,0.0103422241225198
ITA,2033,C19,51375.2524314987,5773936.341807161,0.0088977864302915
ITA,2033,C20,88401.09937494007,5773936.341807161,0.0153103695887426
ITA,2033,C21,47707.83650550551,5773936.341807161,0.0082626190663151
ITA,2033,C22,80645.27383398921,5773936.341807161,0.0139671220913995
ITA,2033,C23,52774.26668119683,5773936.341807161,0.0091400846072853
ITA,2033,C24,97198.28794207769,5773936.341807161,0.0168339729065416
ITA,2033,C25,154580.75927916277,5773936.341807161,0.0267721620274707
ITA,2033,C26,41696.749357754525,5773936.341807161,0.0072215464268011
ITA,2033,C27,67593.98594582362,5773936.341807161,0.0117067424966912
ITA,2033,C28,210750.85905101418,5773936.341807161,0.0365003780046962
ITA,2033,C29,100243.07805625274,5773936.341807161,0.0173613064159412
ITA,2033,C30,53353.05241514393,5773936.341807161,0.0092403257079286
ITA,2033,C31T33,108496.77859919895,5773936.341807161,0.0187907819165947
ITA,2033,D,159526.62924070947,5773936.341807161,0.0276287474951239
ITA,2033,E,82390.81811097346,5773936.341807161,0.0142694365219112
ITA,2033,F,336488.2318031427,5773936.341807161,0.0582770941492276
ITA,2033,G,646101.6899877536,5773936.341807161,0.1118996905645712
ITA,2033,H49,162939.38589083616,5773936.341807161,0.0282198098913987
ITA,2033,H50,15154.644565417957,5773936.341807161,0.0026246642962944
ITA,2033,H51,10389.453748331436,5773936.341807161,0.0017993710240802
ITA,2033,H52,124090.46865035202,5773936.341807161,0.0214914854103697
ITA,2033,H53,14911.590016046985,5773936.341807161,0.0025825691752223
ITA,2033,I,147889.66739414536,5773936.341807161,0.0256133179583788
ITA,2033,J58T60,39003.808103843345,5773936.341807161,0.0067551503506247
ITA,2033,J61,68019.00905371002,5773936.341807161,0.0117803531294945
ITA,2033,J62_63,117949.63421331461,5773936.341807161,0.0204279415689571
ITA,2033,K,256865.46331478472,5773936.341807161,0.044487061877511
ITA,2033,L,444596.090887996,5773936.341807161,0.0770005182891995
ITA,2033,M,330306.9420001286,5773936.341807161,0.0572065437591484
ITA,2033,N,181300.964387849,5773936.341807161,0.031399889720832
ITA,2033,O,274382.7979592722,5773936.341807161,0.0475209253646524
ITA,2033,P,141058.5129074007,5773936.341807161,0.0244302161570509
ITA,2033,Q,306686.971809984,5773936.341807161,0.0531157521757497
ITA,2033,R,64021.664306387596,5773936.341807161,0.0110880447092615
ITA,2033,S,68265.60949173264,5773936.341807161,0.0118230623703701
ITA,2033,T,32555.28723792662,5773936.341807161,0.0056383176589954
ITA,2033,HFCE,1240550.9035221785,5773936.341807161,0.2148535816960364
ITA,2034,A01_02,112384.60251455936,5947685.950182236,0.0188955172576178
ITA,2034,A03,2375.3468105993097,5947685.950182236,0.0003993732739918
ITA,2034,B05_06,8086.007948321437,5947685.950182236,0.0013595216721343
ITA,2034,B07_08,5023.309785524901,5947685.950182236,0.0008445822169496
ITA,2034,B09,652.1536501037082,5947685.950182236,0.0001096482994506
ITA,2034,C10T12,267369.88041773834,5947685.950182236,0.0449535975263701
ITA,2034,C13T15,131035.06792463211,5947685.950182236,0.0220312688030573
ITA,2034,C16,23666.470012143636,5947685.950182236,0.0039791055227821
ITA,2034,C17_18,61512.30110714682,5947685.950182236,0.0103422241225198
ITA,2034,C19,52921.2393391669,5947685.950182236,0.0088977864302915
ITA,2034,C20,91061.27009506174,5947685.950182236,0.0153103695887426
ITA,2034,C21,49143.46333243018,5947685.950182236,0.0082626190663151
ITA,2034,C22,83072.05582749673,5947685.950182236,0.0139671220913995
ITA,2034,C23,54362.352802227695,5947685.950182236,0.0091400846072853
ITA,2034,C24,100123.1841419859,5947685.950182236,0.0168339729065416
ITA,2034,C25,159232.41194678986,5947685.950182236,0.0267721620274707
ITA,2034,C26,42951.490221273634,5947685.950182236,0.0072215464268011
ITA,2034,C27,69628.02786997156,5947685.950182236,0.0117067424966912
ITA,2034,C28,217092.78543487232,5947685.950182236,0.0365003780046962
ITA,2034,C29,103259.5982469022,5947685.950182236,0.0173613064159412
ITA,2034,C30,54958.55538815466,5947685.950182236,0.0092403257079286
ITA,2034,C31T33,111761.66959826871,5947685.950182236,0.0187907819165947
ITA,2034,D,164327.11329788106,5947685.950182236,0.0276287474951239
ITA,2034,E,84870.12711838851,5947685.950182236,0.0142694365219112
ITA,2034,F,346613.85408880835,5947685.950182236,0.0582770941492276
ITA,2034,G,665544.2174006399,5947685.950182236,0.1118996905645712
ITA,2034,H49,167842.56680788574,5947685.950182236,0.0282198098913987
ITA,2034,H50,15610.67895901515,5947685.950182236,0.0026246642962944
ITA,2034,H51,10702.093759086827,5947685.950182236,0.0017993710240802
ITA,2034,H52,127824.60582380237,5947685.950182236,0.0214914854103697
ITA,2034,H53,15360.3103988434,5947685.950182236,0.0025825691752223
ITA,2034,I,152339.97135859993,5947685.950182236,0.0256133179583788
ITA,2034,J58T60,40177.51283177913,5947685.950182236,0.0067551503506247
ITA,2034,J61,70065.84079647978,5947685.950182236,0.0117803531294945
ITA,2034,J62_63,121498.98106082981,5947685.950182236,0.0204279415689571
ITA,2034,K,264595.07289375993,5947685.950182236,0.044487061877511
ITA,2034,L,457974.9007854222,5947685.950182236,0.0770005182891995
ITA,2034,M,340246.5565747722,5947685.950182236,0.0572065437591484
ITA,2034,N,186756.6829298641,5947685.950182236,0.031399889720832
ITA,2034,O,282639.5401310017,5947685.950182236,0.0475209253646524
ITA,2034,P,145303.2533972067,5947685.950182236,0.0244302161570509
ITA,2034,Q,315915.81294906803,5947685.950182236,0.0531157521757497
ITA,2034,R,65948.2077322671,5947685.950182236,0.0110880447092615
ITA,2034,S,70319.86194837853,5947685.950182236,0.0118230623703701
ITA,2034,T,33534.94272307133,5947685.950182236,0.0056383176589954
ITA,2034,HFCE,1277881.6291998469,5947685.950182236,0.2148535816960364
ITA,2035,A01_02,115770.99337428533,6126902.576726859,0.0188955172576178
ITA,2035,A03,2446.9211414962015,6126902.576726859,0.0003993732739918
ITA,2035,B05_06,8329.656836115651,6126902.576726859,0.0013595216721343
ITA,2035,B07_08,5174.672961286187,6126902.576726859,0.0008445822169496
ITA,2035,B09,671.8044484375994,6126902.576726859,0.0001096482994506
ITA,2035,C10T12,275426.31251745916,6126902.576726859,0.0449535975263701
ITA,2035,C13T15,134983.43759801384,6126902.576726859,0.0220312688030573
ITA,2035,C16,24379.591880601725,6126902.576726859,0.0039791055227821
ITA,2035,C17_18,63365.79962535325,6126902.576726859,0.0103422241225198
ITA,2035,C19,54515.87060691827,6126902.576726859,0.0088977864302915
ITA,2035,C20,93805.14288390758,6126902.576726859,0.0153103695887426
ITA,2035,C21,50624.26204791846,6126902.576726859,0.0082626190663151
ITA,2035,C22,85575.19633125424,6126902.576726859,0.0139671220913995
ITA,2035,C23,56000.40793187781,6126902.576726859,0.0091400846072853
ITA,2035,C24,103140.11197763987,6126902.576726859,0.0168339729065416
ITA,2035,C25,164030.42851065923,6126902.576726859,0.0267721620274707
ITA,2035,C26,44245.711410320306,6126902.576726859,0.0072215464268011
ITA,2035,C27,71726.07076805514,6126902.576726859,0.0117067424966912
ITA,2035,C28,223634.26004847753,6126902.576726859,0.0365003780046962
ITA,2035,C29,106371.0330151747,6126902.576726859,0.0173613064159412
ITA,2035,C30,56614.57538970318,6126902.576726859,0.0092403257079286
ITA,2035,C31T33,115129.29014349653,6126902.576726859,0.0187907819165947
ITA,2035,D,169278.64421961037,6126902.576726859,0.0276287474951239
ITA,2035,E,87427.44739453809,6126902.576726859,0.0142694365219112
ITA,2035,F,357058.07830705633,6126902.576726859,0.0582770941492276
ITA,2035,G,685598.5024550096,6126902.576726859,0.1118996905645712
ITA,2035,H49,172900.0259383528,6126902.576726859,0.0282198098913987
ITA,2035,H50,16081.06244000915,6126902.576726859,0.0026246642962944
ITA,2035,H51,11024.570963924625,6126902.576726859,0.0017993710240802
ITA,2035,H52,131676.23733848182,6126902.576726859,0.0214914854103697
ITA,2035,H53,15823.149734244871,6126902.576726859,0.0025825691752223
ITA,2035,I,156930.3037977154,6126902.576726859,0.0256133179583788
ITA,2035,J58T60,41388.148089419825,6126902.576726859,0.0067551503506247
ITA,2035,J61,72177.07594385218,6126902.576726859,0.0117803531294945
ITA,2035,J62_63,125160.007836069,6126902.576726859,0.0204279415689571
ITA,2035,K,272567.8940483294,6126902.576726859,0.044487061877511
ITA,2035,L,471774.6739154001,6126902.576726859,0.0770005182891995
ITA,2035,M,350498.92036356416,6126902.576726859,0.0572065437591484
ITA,2035,N,192384.0652395048,6126902.576726859,0.031399889720832
ITA,2035,O,291156.0800651335,6126902.576726859,0.0475209253646524
ITA,2035,P,149681.55432262932,6126902.576726859,0.0244302161570509
ITA,2035,Q,325435.03887038614,6126902.576726859,0.0531157521757497
ITA,2035,R,67935.36970003691,6126902.576726859,0.0110880447092615
ITA,2035,S,72438.75130182294,6126902.576726859,0.0118230623703701
ITA,2035,T,34545.42299330347,6126902.576726859,0.0056383176589954
ITA,2035,HFCE,1316386.9633124403,6126902.576726859,0.2148535816960364
ITA,2036,A01_02,119260.68637018175,6311586.221441032,0.0188955172576178
ITA,2036,A03,2520.6788533384392,6311586.221441032,0.0003993732739918
ITA,2036,B05_06,8580.738253593321,6311586.221441032,0.0013595216721343
ITA,2036,B07_08,5330.653483373216,6311586.221441032,0.0008445822169496
ITA,2036,B09,692.0546960168473,6311586.221441032,0.0001096482994506
ITA,2036,C10T12,283728.5067516432,6311586.221441032,0.0449535975263701
ITA,2036,C13T15,139052.25261824013,6311586.221441032,0.0220312688030573
ITA,2036,C16,25114.467591251418,6311586.221441032,0.0039791055227821
ITA,2036,C17_18,65275.83927075104,6311586.221441032,0.0103422241225198
ITA,2036,C19,56159.14623475282,6311586.221441032,0.0088977864302915
ITA,2036,C20,96632.71774147761,6311586.221441032,0.0153103695887426
ITA,2036,C21,52150.23265197035,6311586.221441032,0.0082626190663151
ITA,2036,C22,88154.69534526173,6311586.221441032,0.0139671220913995
ITA,2036,C23,57688.432070147166,6311586.221441032,0.0091400846072853
ITA,2036,C24,106249.07144903962,6311586.221441032,0.0168339729065416
ITA,2036,C25,168974.8089707709,6311586.221441032,0.0267721620274707
ITA,2036,C26,45579.41292489455,6311586.221441032,0.0072215464268011
ITA,2036,C27,73888.11464007436,6311586.221441032,0.0117067424966912
ITA,2036,C28,230375.28289182988,6311586.221441032,0.0365003780046962
ITA,2036,C29,109577.38236107028,6311586.221441032,0.0173613064159412
ITA,2036,C30,58321.112419789504,6311586.221441032,0.0092403257079286
ITA,2036,C31T33,118599.64023488242,6311586.221441032,0.0187907819165947
ITA,2036,D,174381.22200589743,6311586.221441032,0.0276287474951239
ITA,2036,E,90062.77893942218,6311586.221441032,0.0142694365219112
ITA,2036,F,367820.9044578867,6311586.221441032,0.0582770941492276
ITA,2036,G,706264.5451508627,6311586.221441032,0.1118996905645712
ITA,2036,H49,178111.7632822374,6311586.221441032,0.0282198098913987
ITA,2036,H50,16565.79500839996,6311586.221441032,0.0026246642962944
ITA,2036,H51,11356.88536284483,6311586.221441032,0.0017993710240802
ITA,2036,H52,135645.36319439037,6311586.221441032,0.0214914854103697
ITA,2036,H53,16300.108022251401,6311586.221441032,0.0025825691752223
ITA,2036,I,161660.6647114918,6311586.221441032,0.0256133179583788
ITA,2036,J58T60,42635.71387676542,6311586.221441032,0.0067551503506247
ITA,2036,J61,74352.71449582724,6311586.221441032,0.0117803531294945
ITA,2036,J62_63,128932.71453903215,6311586.221441032,0.0204279415689571
ITA,2036,K,280783.92677849304,6311586.221441032,0.044487061877511
ITA,2036,L,485995.4102779298,6311586.221441032,0.0770005182891995
ITA,2036,M,361064.03336650453,6311586.221441032,0.0572065437591484
ITA,2036,N,198183.11131677116,6311586.221441032,0.031399889720832
ITA,2036,O,299932.41776166775,6311586.221441032,0.0475209253646524
ITA,2036,P,154193.41568366854,6311586.221441032,0.0244302161570509
ITA,2036,Q,335244.64957393834,6311586.221441032,0.0531157521757497
ITA,2036,R,69983.15020969702,6311586.221441032,0.0110880447092615
ITA,2036,S,74622.27755206588,6311586.221441032,0.0118230623703701
ITA,2036,T,35586.72804862302,6311586.221441032,0.0056383176589954
ITA,2036,HFCE,1356066.9058599586,6311586.221441032,0.2148535816960364
ITA,2037,A01_02,122853.68150224857,6501736.884324754,0.0188955172576178
ITA,2037,A03,2596.619946126022,6501736.884324754,0.0003993732739918
ITA,2037,B05_06,8839.252200754443,6501736.884324754,0.0013595216721343
ITA,2037,B07_08,5491.251351785985,6501736.884324754,0.0008445822169496
ITA,2037,B09,712.9043928414516,6501736.884324754,0.0001096482994506
ITA,2037,C10T12,292276.4631202905,6501736.884324754,0.0449535975263701
ITA,2037,C13T15,143241.51298531092,6501736.884324754,0.0220312688030573
ITA,2037,C16,25871.09714409271,6501736.884324754,0.0039791055227821
ITA,2037,C17_18,67242.4200433402,6501736.884324754,0.0103422241225198
ITA,2037,C19,57851.06622267053,6501736.884324754,0.0088977864302915
ITA,2037,C20,99543.99466777178,6501736.884324754,0.0153103695887426
ITA,2037,C21,53721.37514458584,6501736.884324754,0.0082626190663151
ITA,2037,C22,90810.55286951922,6501736.884324754,0.0139671220913995
ITA,2037,C23,59426.425217035765,6501736.884324754,0.0091400846072853
ITA,2037,C24,109450.0625561851,6501736.884324754,0.0168339729065416
ITA,2037,C25,174065.55332712483,6501736.884324754,0.0267721620274707
ITA,2037,C26,46952.59476499634,6501736.884324754,0.0072215464268011
ITA,2037,C27,76114.15948602922,6501736.884324754,0.0117067424966912
ITA,2037,C28,237315.85396492927,6501736.884324754,0.0365003780046962
ITA,2037,C29,112878.6462845889,6501736.884324754,0.0173613064159412
ITA,2037,C30,60078.16647841362,6501736.884324754,0.0092403257079286
ITA,2037,C31T33,122172.71987242634,6501736.884324754,0.0187907819165947
ITA,2037,D,179634.8466567422,6501736.884324754,0.0276287474951239
ITA,2037,E,92776.12175304077,6501736.884324754,0.0142694365219112
ITA,2037,F,378902.33254129934,6501736.884324754,0.0582770941492276
ITA,2037,G,727542.3454881993,6501736.884324754,0.1118996905645712
ITA,2037,H49,183477.77883953945,6501736.884324754,0.0282198098913987
ITA,2037,H50,17064.876664187574,6501736.884324754,0.0026246642962944
ITA,2037,H51,11699.036955847441,6501736.884324754,0.0017993710240802
ITA,2037,H52,139731.983391528,6501736.884324754,0.0214914854103697
ITA,2037,H53,16791.185262862986,6501736.884324754,0.0025825691752223
ITA,2037,I,166531.05409992905,6501736.884324754,0.0256133179583788
ITA,2037,J58T60,43920.2101938159,6501736.884324754,0.0067551503506247
ITA,2037,J61,76592.75645240494,6501736.884324754,0.0117803531294945
ITA,2037,J62_63,132817.10116971927,6501736.884324754,0.0204279415689571
ITA,2037,K,289243.1710842509,6501736.884324754,0.044487061877511
ITA,2037,L,500637.1098730112,6501736.884324754,0.0770005182891995
ITA,2037,M,371941.8955835932,6501736.884324754,0.0572065437591484
ITA,2037,N,204153.8211616631,6501736.884324754,0.031399889720832
ITA,2037,O,308968.55322060426,6501736.884324754,0.0475209253646524
ITA,2037,P,158838.83748032438,6501736.884324754,0.0244302161570509
ITA,2037,Q,345344.64505972463,6501736.884324754,0.0531157521757497
ITA,2037,R,72091.54926124743,6501736.884324754,0.0110880447092615
ITA,2037,S,76870.44069910733,6501736.884324754,0.0118230623703701
ITA,2037,T,36658.85788902999,6501736.884324754,0.0056383176589954
ITA,2037,HFCE,1396921.4568424018,6501736.884324754,0.2148535816960364
ITA,2038,A01_02,126549.97877048577,6697354.565378022,0.0188955172576178
ITA,2038,A03,2674.7444198589496,6697354.565378022,0.0003993732739918
ITA,2038,B05_06,9105.198677599017,6697354.565378022,0.0013595216721343
ITA,2038,B07_08,5656.466566524495,6697354.565378022,0.0008445822169496
ITA,2038,B09,734.3535389114123,6697354.565378022,0.0001096482994506
ITA,2038,C10T12,301070.18162340095,6697354.565378022,0.0449535975263701
ITA,2038,C13T15,147551.2186992262,6697354.565378022,0.0220312688030573
ITA,2038,C16,26649.480539125598,6697354.565378022,0.0039791055227821
ITA,2038,C17_18,69265.5419431207,6697354.565378022,0.0103422241225198
ITA,2038,C19,59591.63057067139,6697354.565378022,0.0088977864302915
ITA,2038,C20,102538.97366279009,6697354.565378022,0.0153103695887426
ITA,2038,C21,55337.68952576492,6697354.565378022,0.0082626190663151
ITA,2038,C22,93542.76890402667,6697354.565378022,0.0139671220913995
ITA,2038,C23,61214.38737254359,6697354.565378022,0.0091400846072853
ITA,2038,C24,112743.08529907632,6697354.565378022,0.0168339729065416
ITA,2038,C25,179302.66157972103,6697354.565378022,0.0267721620274707
ITA,2038,C26,48365.25693062569,6697354.565378022,0.0072215464268011
ITA,2038,C27,78404.2053059197,6697354.565378022,0.0117067424966912
ITA,2038,C28,244455.97326777567,6697354.565378022,0.0365003780046962
ITA,2038,C29,116274.82478573055,6697354.565378022,0.0173613064159412
ITA,2038,C30,61885.73756557552,6697354.565378022,0.0092403257079286
ITA,2038,C31T33,125848.52905612829,6697354.565378022,0.0187907819165947
ITA,2038,D,185039.51817214466,6697354.565378022,0.0276287474951239
ITA,2038,E,95567.47583539387,6697354.565378022,0.0142694365219112
ITA,2038,F,390302.3625572943,6697354.565378022,0.0582770941492276
ITA,2038,G,749431.903467019,6697354.565378022,0.1118996905645712
ITA,2038,H49,188998.07261025897,6697354.565378022,0.0282198098913987
ITA,2038,H50,17578.307407371994,6697354.565378022,0.0026246642962944
ITA,2038,H51,12051.025742932456,6697354.565378022,0.0017993710240802
ITA,2038,H52,143936.0979298947,6697354.565378022,0.0214914854103697
ITA,2038,H53,17296.381456079624,6697354.565378022,0.0025825691752223
ITA,2038,I,171541.47196302714,6697354.565378022,0.0256133179583788
ITA,2038,J58T60,45241.63704057128,6697354.565378022,0.0067551503506247
ITA,2038,J61,78897.20181358527,6697354.565378022,0.0117803531294945
ITA,2038,J62_63,136813.16772813033,6697354.565378022,0.0204279415689571
ITA,2038,K,297945.6269656029,6697354.565378022,0.044487061877511
ITA,2038,L,515699.7727006442,6697354.565378022,0.0770005182891995
ITA,2038,M,383132.5070148302,6697354.565378022,0.0572065437591484
ITA,2038,N,210296.19477418062,6697354.565378022,0.031399889720832
ITA,2038,O,318264.486441943,6697354.565378022,0.0475209253646524
ITA,2038,P,163617.81971259677,6697354.565378022,0.0244302161570509
ITA,2038,Q,355735.0253277449,6697354.565378022,0.0531157521757497
ITA,2038,R,74260.56685468814,6697354.565378022,0.0110880447092615
ITA,2038,S,79183.2407429473,6697354.565378022,0.0118230623703701
ITA,2038,T,37761.81251452437,6697354.565378022,0.0056383176589954
ITA,2038,HFCE,1438950.6162597693,6697354.565378022,0.2148535816960364
ITA,2039,A01_02,130349.57817489342,6898439.26460084,0.0188955172576178
ITA,2039,A03,2755.0522745372227,6898439.26460084,0.0003993732739918
ITA,2039,B05_06,9378.577684127045,6898439.26460084,0.0013595216721343
ITA,2039,B07_08,5826.299127588746,6898439.26460084,0.0008445822169496
ITA,2039,B09,756.4021342267298,6898439.26460084,0.0001096482994506
ITA,2039,C10T12,310109.6622609747,6898439.26460084,0.0449535975263701
ITA,2039,C13T15,151981.36975998603,6898439.26460084,0.0220312688030573
ITA,2039,C16,27449.617776350093,6898439.26460084,0.0039791055227821
ITA,2039,C17_18,71345.20497009257,6898439.26460084,0.0103422241225198
ITA,2039,C19,61380.83927875543,6898439.26460084,0.0088977864302915
ITA,2039,C20,105617.65472653258,6898439.26460084,0.0153103695887426
ITA,2039,C21,56999.17579550762,6898439.26460084,0.0082626190663151
ITA,2039,C22,96351.34344878412,6898439.26460084,0.0139671220913995
ITA,2039,C23,63052.31853667067,6898439.26460084,0.0091400846072853
ITA,2039,C24,116128.13967771332,6898439.26460084,0.0168339729065416
ITA,2039,C25,184686.13372855954,6898439.26460084,0.0267721620274707
ITA,2039,C26,49817.39942178261,6898439.26460084,0.0072215464268011
ITA,2039,C27,80758.25209974585,6898439.26460084,0.0117067424966912
ITA,2039,C28,251795.64080036915,6898439.26460084,0.0365003780046962
ITA,2039,C29,119765.91786449528,6898439.26460084,0.0173613064159412
ITA,2039,C30,63743.825681275215,6898439.26460084,0.0092403257079286
ITA,2039,C31T33,129627.0677859883,6898439.26460084,0.0187907819165947
ITA,2039,D,190595.23655210482,6898439.26460084,0.0276287474951239
ITA,2039,E,98436.84118648147,6898439.26460084,0.0142694365219112
ITA,2039,F,402020.99450587155,6898439.26460084,0.0582770941492276
ITA,2039,G,771933.2190873222,6898439.26460084,0.1118996905645712
ITA,2039,H49,194672.64459439597,6898439.26460084,0.0282198098913987
ITA,2039,H50,18106.087237953223,6898439.26460084,0.0026246642962944
ITA,2039,H51,12412.851724099875,6898439.26460084,0.0017993710240802
ITA,2039,H52,148257.70680949045,6898439.26460084,0.0214914854103697
ITA,2039,H53,17815.696601901323,6898439.26460084,0.0025825691752223
ITA,2039,I,176691.91830078614,6898439.26460084,0.0256133179583788
ITA,2039,J58T60,46599.994417031565,6898439.26460084,0.0067551503506247
ITA,2039,J61,81266.05057936825,6898439.26460084,0.0117803531294945
ITA,2039,J62_63,140920.91421426536,6898439.26460084,0.0204279415689571
ITA,2039,K,306891.2944225491,6898439.26460084,0.044487061877511
ITA,2039,L,531183.398760829,6898439.26460084,0.0770005182891995
ITA,2039,M,394635.8676602155,6898439.26460084,0.0572065437591484
ITA,2039,N,216610.23215432378,6898439.26460084,0.031399889720832
ITA,2039,O,327820.2174256841,6898439.26460084,0.0475209253646524
ITA,2039,P,168530.36238048578,6898439.26460084,0.0244302161570509
ITA,2039,Q,366415.79037799925,6898439.26460084,0.0531157521757497
ITA,2039,R,76490.20299001914,6898439.26460084,0.0110880447092615
ITA,2039,S,81560.67768358577,6898439.26460084,0.0118230623703701
ITA,2039,T,38895.591925106164,6898439.26460084,0.0056383176589954
ITA,2039,HFCE,1482154.384112062,6898439.26460084,0.2148535816960364
ITA,2040,A01_02,134252.47971547148,7104990.981993207,0.0188955172576178
ITA,2040,A03,2837.5435101608414,7104990.981993207,0.0003993732739918
ITA,2040,B05_06,9659.389220338528,7104990.981993207,0.0013595216721343
ITA,2040,B07_08,6000.749034978738,7104990.981993207,0.0008445822169496
ITA,2040,B09,779.0501787874036,7104990.981993207,0.0001096482994506
ITA,2040,C10T12,319394.9050330117,7104990.981993207,0.0449535975263701
ITA,2040,C13T15,156531.9661675904,7104990.981993207,0.0220312688030573
ITA,2040,C16,28271.508855766184,7104990.981993207,0.0039791055227821
ITA,2040,C17_18,73481.40912425579,7104990.981993207,0.0103422241225198
ITA,2040,C19,63218.69234692263,7104990.981993207,0.0088977864302915
ITA,2040,C20,108780.03785899922,7104990.981993207,0.0153103695887426
ITA,2040,C21,58705.83395381391,7104990.981993207,0.0082626190663151
ITA,2040,C22,99236.27650379154,7104990.981993207,0.0139671220913995
ITA,2040,C23,64940.21870941698,7104990.981993207,0.0091400846072853
ITA,2040,C24,119605.22569209605,7104990.981993207,0.0168339729065416
ITA,2040,C25,190215.9697736403,7104990.981993207,0.0267721620274707
ITA,2040,C26,51309.022238467085,7104990.981993207,0.0072215464268011
ITA,2040,C27,83176.29986750761,7104990.981993207,0.0117067424966912
ITA,2040,C28,259334.8565627097,7104990.981993207,0.0365003780046962
ITA,2040,C29,123351.92552088304,7104990.981993207,0.0173613064159412
ITA,2040,C30,65652.4308255127,7104990.981993207,0.0092403257079286
ITA,2040,C31T33,133508.33606200636,7104990.981993207,0.0187907819165947
ITA,2040,D,196302.0017966227,7104990.981993207,0.0276287474951239
ITA,2040,E,101384.21780630358,7104990.981993207,0.0142694365219112
ITA,2040,F,414058.2283870311,7104990.981993207,0.0582770941492276
ITA,2040,G,795046.2923491087,7104990.981993207,0.1118996905645712
ITA,2040,H49,200501.49479195045,7104990.981993207,0.0282198098913987
ITA,2040,H50,18648.21615593126,7104990.981993207,0.0026246642962944
ITA,2040,H51,12784.514899349702,7104990.981993207,0.0017993710240802
ITA,2040,H52,152696.8100303153,7104990.981993207,0.0214914854103697
ITA,2040,H53,18349.130700328074,7104990.981993207,0.0025825691752223
ITA,2040,I,181982.39311320602,7104990.981993207,0.0256133179583788
ITA,2040,J58T60,47995.28232319674,7104990.981993207,0.0067551503506247
ITA,2040,J61,83699.30274975387,7104990.981993207,0.0117803531294945
ITA,2040,J62_63,145140.34062812437,7104990.981993207,0.0204279415689571
ITA,2040,K,316080.17345508945,7104990.981993207,0.044487061877511
ITA,2040,L,547087.9880535655,7104990.981993207,0.0770005182891995
ITA,2040,M,406451.97751974914,7104990.981993207,0.0572065437591484
ITA,2040,N,223095.93330209254,7104990.981993207,0.031399889720832
ITA,2040,O,337635.74617182754,7104990.981993207,0.0475209253646524
ITA,2040,P,173576.4654839914,7104990.981993207,0.0244302161570509
ITA,2040,Q,377386.9402104877,7104990.981993207,0.0531157521757497
ITA,2040,R,78780.45766724045,7104990.981993207,0.0110880447092615
ITA,2040,S,84002.75152102279,7104990.981993207,0.0118230623703701
ITA,2040,T,40060.19612077537,7104990.981993207,0.0056383176589954
ITA,2040,HFCE,1526532.7603992794,7104990.981993207,0.2148535816960364
JPN,2021,A01_02,101133.16323082188,8724441.327508327,0.0115919357394206
JPN,2021,A03,13524.655971325254,8724441.327508327,0.0015502030976679
JPN,2021,B05_06,1015.7924247182261,8724441.327508327,0.000116430655739
JPN,2021,B07_08,4467.871451127184,8724441.327508327,0.0005121097481669
JPN,2021,B09,1575.2360147358781,8724441.327508327,0.0001805543708305
JPN,2021,C10T12,281222.55154360714,8724441.327508327,0.032233875039873
JPN,2021,C13T15,29706.245249867414,8724441.327508327,0.0034049452721062
JPN,2021,C16,19674.54726982336,8724441.327508327,0.0022551068350691
JPN,2021,C17_18,98825.09699212654,8724441.327508327,0.0113273839873883
JPN,2021,C19,109234.07790651824,8724441.327508327,0.0125204667904753
JPN,2021,C20,174336.52149752562,8724441.327508327,0.0199825427156968
JPN,2021,C21,69635.82109072454,8724441.327508327,0.0079816940107284
JPN,2021,C22,115283.26736471796,8724441.327508327,0.0132138280305958
JPN,2021,C23,49440.41598553182,8724441.327508327,0.0056668861798228
JPN,2021,C24,269916.6263170073,8724441.327508327,0.0309379840134812
JPN,2021,C25,100032.6217325834,8724441.327508327,0.0114657911008214
JPN,2021,C26,161433.42520186637,8724441.327508327,0.0185035831111459
JPN,2021,C27,142933.30068143032,8724441.327508327,0.0163830892220868
JPN,2021,C28,280969.1019613894,8724441.327508327,0.0322048245170139
JPN,2021,C29,414975.4337622945,8724441.327508327,0.0475646999256983
JPN,2021,C30,55856.81819404908,8724441.327508327,0.0064023375362651
JPN,2021,C31T33,272162.77587963676,8724441.327508327,0.031195438843918
JPN,2021,D,201165.08702985873,8724441.327508327,0.0230576468427361
JPN,2021,E,108790.39158044895,8724441.327508327,0.0124696112331492
JPN,2021,F,601229.1705684725,8724441.327508327,0.0689132000547457
JPN,2021,G,1016683.5861533376,8724441.327508327,0.116532801125926
JPN,2021,H49,188374.85655916858,8724441.327508327,0.0215916239777118
JPN,2021,H50,31285.46945629936,8724441.327508327,0.003585956771542
JPN,2021,H51,23800.43128310431,8724441.327508327,0.002728017805342
JPN,2021,H52,86418.13174332683,8724441.327508327,0.0099052911813217
JPN,2021,H53,11498.056361506047,8724441.327508327,0.0013179131969462
JPN,2021,I,203233.2635380985,8724441.327508327,0.0232947023091668
JPN,2021,J58T60,124859.6135579835,8724441.327508327,0.0143114738091365
JPN,2021,J61,186403.39369953287,8724441.327508327,0.0213656538799567
JPN,2021,J62_63,187340.4193382754,8724441.327508327,0.0214730562457435
JPN,2021,K,322139.7033529406,8724441.327508327,0.0369238202493526
JPN,2021,L,716208.9365452003,8724441.327508327,0.0820922405984874
JPN,2021,M,362415.5539377173,8724441.327508327,0.0415402591791195
JPN,2021,N,240240.093095267,8724441.327508327,0.0275364443494835
JPN,2021,O,377584.0428209336,8724441.327508327,0.0432788792596271
JPN,2021,P,209670.00552426017,8724441.327508327,0.0240324850214955
JPN,2021,Q,593283.4962545035,8724441.327508327,0.0680024627346475
JPN,2021,R,66842.59133233147,8724441.327508327,0.0076615325638761
JPN,2021,S,97619.66605231025,8724441.327508327,0.011189216866473
JPN,2021,T,0.0,8724441.327508327,0.0
JPN,2021,HFCE,2325091.762570892,8724441.327508327,0.266503226428933
JPN,2022,A01_02,85545.39216829206,7379733.125795251,0.0115919357394206
JPN,2022,A03,11440.085151570212,7379733.125795251,0.0015502030976679
JPN,2022,B05_06,859.2271670151612,7379733.125795251,0.000116430655739
JPN,2022,B07_08,3779.233272589936,7379733.125795251,0.0005121097481669
JPN,2022,B09,1332.4430714249606,7379733.125795251,0.0001805543708305
JPN,2022,C10T12,237877.3954044955,7379733.125795251,0.032233875039873
JPN,2022,C13T15,25127.587416082046,7379733.125795251,0.0034049452721062
JPN,2022,C16,16642.086612966723,7379733.125795251,0.0022551068350691
JPN,2022,C17_18,83593.07084033213,7379733.125795251,0.0113273839873883
JPN,2022,C19,92397.70352408993,7379733.125795251,0.0125204667904753
JPN,2022,C20,147465.83241664627,7379733.125795251,0.0199825427156968
JPN,2022,C21,58902.77169093393,7379733.125795251,0.0079816940107284
JPN,2022,C22,97514.52443594964,7379733.125795251,0.0132138280305958
JPN,2022,C23,41820.10766134962,7379733.125795251,0.0056668861798228
JPN,2022,C24,228314.06546961112,7379733.125795251,0.0309379840134812
JPN,2022,C25,84614.47840018007,7379733.125795251,0.0114657911008214
JPN,2022,C26,136551.50523122892,7379733.125795251,0.0185035831111459
JPN,2022,C27,120902.8262350931,7379733.125795251,0.0163830892220868
JPN,2022,C28,237663.01029863048,7379733.125795251,0.0322048245170139
JPN,2022,C29,351014.7916601866,7379733.125795251,0.0475646999256983
JPN,2022,C30,47247.54239889791,7379733.125795251,0.0064023375362651
JPN,2022,C31T33,230214.01341018156,7379733.125795251,0.031195438843918
JPN,2022,D,170159.28020822786,7379733.125795251,0.0230576468427361
JPN,2022,E,92022.40308305972,7379733.125795251,0.0124696112331492
JPN,2022,F,508561.0252485619,7379733.125795251,0.0689132000547457
JPN,2022,G,859980.9727107062,7379733.125795251,0.116532801125926
JPN,2022,H49,159340.4227080348,7379733.125795251,0.0215916239777118
JPN,2022,H50,26463.40397461829,7379733.125795251,0.003585956771542
JPN,2022,H51,20132.043365841615,7379733.125795251,0.002728017805342
JPN,2022,H52,73098.40545144732,7379733.125795251,0.0099052911813217
JPN,2022,H53,9725.847676426592,7379733.125795251,0.0013179131969462
JPN,2022,I,171908.68628649737,7379733.125795251,0.0232947023091668
JPN,2022,J58T60,105614.85734823578,7379733.125795251,0.0143114738091365
JPN,2022,J61,157672.8236921923,7379733.125795251,0.0213656538799567
JPN,2022,J62_63,158465.4244887779,7379733.125795251,0.0214730562457435
JPN,2022,K,272487.9394250568,7379733.125795251,0.0369238202493526
JPN,2022,L,605818.8273154112,7379733.125795251,0.0820922405984874
JPN,2022,M,306556.0267182684,7379733.125795251,0.0415402591791195
JPN,2022,N,203211.61053250084,7379733.125795251,0.0275364443494835
JPN,2022,O,319386.57891956315,7379733.125795251,0.0432788792596271
JPN,2022,P,177353.32580830852,7379733.125795251,0.0240324850214955
JPN,2022,Q,501840.0268785352,7379733.125795251,0.0680024627346475
JPN,2022,R,56540.06565599547,7379733.125795251,0.0076615325638761
JPN,2022,S,82573.43436121773,7379733.125795251,0.011189216866473
JPN,2022,T,0.0,7379733.125795251,0.0
JPN,2022,HFCE,1966722.688208909,7379733.125795251,0.266503226428933
JPN,2023,A01_02,84556.16707762258,7294395.774648156,0.0115919357394206
JPN,2023,A03,11307.794925475213,7294395.774648156,0.0015502030976679
JPN,2023,B05_06,849.2912832620757,7294395.774648156,0.000116430655739
JPN,2023,B07_08,3735.5311831847666,7294395.774648156,0.0005121097481669
JPN,2023,B09,1317.0350396802555,7294395.774648156,0.0001805543708305
JPN,2023,C10T12,235126.6418913863,7294395.774648156,0.032233875039873
JPN,2023,C13T15,24837.01840575968,7294395.774648156,0.0034049452721062
JPN,2023,C16,16449.64176910822,7294395.774648156,0.0022551068350691
JPN,2023,C17_18,82626.42189542239,7294395.774648156,0.0113273839873883
JPN,2023,C19,91329.24005306559,7294395.774648156,0.0125204667904753
JPN,2023,C20,145760.575152105,7294395.774648156,0.0199825427156968
JPN,2023,C21,58221.63506639173,7294395.774648156,0.0079816940107284
JPN,2023,C22,96386.89135330537,7294395.774648156,0.0132138280305958
JPN,2023,C23,41336.51060551147,7294395.774648156,0.0056668861798228
JPN,2023,C24,225673.89986406948,7294395.774648156,0.0309379840134812
JPN,2023,C25,83636.01815883005,7294395.774648156,0.0114657911008214
JPN,2023,C26,134972.45846179363,7294395.774648156,0.0185035831111459
JPN,2023,C27,119504.7367972737,7294395.774648156,0.0163830892220868
JPN,2023,C28,234914.73588019153,7294395.774648156,0.0322048245170139
JPN,2023,C29,346955.7461604211,7294395.774648156,0.0475646999256983
JPN,2023,C30,46701.18387240343,7294395.774648156,0.0064023375362651
JPN,2023,C31T33,227551.87729137042,7294395.774648156,0.031195438843918
JPN,2023,D,168191.6017029836,7294395.774648156,0.0230576468427361
JPN,2023,E,90958.2794905887,7294395.774648156,0.0124696112331492
JPN,2023,F,502680.1552968201,7294395.774648156,0.0689132000547457
JPN,2023,G,850036.3721408685,7294395.774648156,0.116532801125926
JPN,2023,H49,157497.85071081278,7294395.774648156,0.0215916239777118
JPN,2023,H50,26157.387922406906,7294395.774648156,0.003585956771542
JPN,2023,H51,19899.24155245162,7294395.774648156,0.002728017805342
JPN,2023,H52,72253.11413969265,7294395.774648156,0.0099052911813217
JPN,2023,H53,9613.380455157405,7294395.774648156,0.0013179131969462
JPN,2023,I,169920.77809567295,7294395.774648156,0.0232947023091668
JPN,2023,J58T60,104393.55408235305,7294395.774648156,0.0143114738091365
JPN,2023,J61,155849.53538455113,7294395.774648156,0.0213656538799567
JPN,2023,J62_63,156632.97074773358,7294395.774648156,0.0214730562457435
JPN,2023,K,269336.9584107456,7294395.774648156,0.0369238202493526
JPN,2023,L,598813.2929530062,7294395.774648156,0.0820922405984874
JPN,2023,M,303011.09103395854,7294395.774648156,0.0415402591791195
JPN,2023,N,200861.72331170653,7294395.774648156,0.0275364443494835
JPN,2023,O,315693.2740029316,7294395.774648156,0.0432788792596271
JPN,2023,P,175302.45719509188,7294395.774648156,0.0240324850214955
JPN,2023,Q,496036.8768372814,7294395.774648156,0.0680024627346475
JPN,2023,R,55886.250761267074,7294395.774648156,0.0076615325638761
JPN,2023,S,81618.57623242252,7294395.774648156,0.011189216866473
JPN,2023,T,0.0,7294395.774648156,0.0
JPN,2023,HFCE,1943980.0087933096,7294395.774648156,0.266503226428933
JPN,2024,A01_02,80803.97549816285,6970705.955811456,0.0115919357394206
JPN,2024,A03,10806.009965631,6970705.955811456,0.0015502030976679
JPN,2024,B05_06,811.6038653988805,6970705.955811456,0.000116430655739
JPN,2024,B07_08,3569.766471576115,6970705.955811456,0.0005121097481669
JPN,2024,B09,1258.5914280959564,6970705.955811456,0.0001805543708305
JPN,2024,C10T12,224692.86471932498,6970705.955811456,0.032233875039873
JPN,2024,C13T15,23734.872287482747,6970705.955811456,0.0034049452721062
JPN,2024,C16,15719.686646207298,6970705.955811456,0.0022551068350691
JPN,2024,C17_18,78959.86302465094,6970705.955811456,0.0113273839873883
JPN,2024,C19,87276.49242590572,6970705.955811456,0.0125204667904753
JPN,2024,C20,139292.4295205645,6970705.955811456,0.0199825427156968
JPN,2024,C21,55638.041978049085,6970705.955811456,0.0079816940107284
JPN,2024,C22,92109.7097519425,6970705.955811456,0.0132138280305958
JPN,2024,C23,39502.19724459642,6970705.955811456,0.0056668861798228
JPN,2024,C24,215659.58942357302,6970705.955811456,0.0309379840134812
JPN,2024,C25,79924.65831458571,6970705.955811456,0.0114657911008214
JPN,2024,C26,128983.03699671698,6970705.955811456,0.0185035831111459
JPN,2024,C27,114201.69761499093,6970705.955811456,0.0163830892220868
JPN,2024,C28,224490.36206661156,6970705.955811456,0.0322048245170139
JPN,2024,C29,331559.5370584498,6970705.955811456,0.0475646999256983
JPN,2024,C30,44628.81239515838,6970705.955811456,0.0064023375362651
JPN,2024,C31T33,217454.23134345125,6970705.955811456,0.031195438843918
JPN,2024,D,160728.07617365776,6970705.955811456,0.0230576468427361
JPN,2024,E,86921.99328956656,6970705.955811456,0.0124696112331492
JPN,2024,F,480373.6540556422,6970705.955811456,0.0689132000547457
JPN,2024,G,812315.8908558843,6970705.955811456,0.116532801125926
JPN,2024,H49,150508.86185707708,6970705.955811456,0.0215916239777118
JPN,2024,H50,24996.65022467024,6970705.955811456,0.003585956771542
JPN,2024,H51,19016.209963257174,6970705.955811456,0.002728017805342
JPN,2024,H52,69046.87223168588,6970705.955811456,0.0099052911813217
JPN,2024,H53,9186.785371195392,6970705.955811456,0.0013179131969462
JPN,2024,I,162380.5201253639,6970705.955811456,0.0232947023091668
JPN,2024,J58T60,99761.07571778746,6970705.955811456,0.0143114738091365
JPN,2024,J61,148933.6907508203,6970705.955811456,0.0213656538799567
JPN,2024,J62_63,149682.3610616786,6970705.955811456,0.0214730562457435
JPN,2024,K,257385.09372347378,6970705.955811456,0.0369238202493526
JPN,2024,L,572240.870465783,6970705.955811456,0.0820922405984874
JPN,2024,M,289564.9320658398,6970705.955811456,0.0415402591791195
JPN,2024,N,191948.45662881536,6970705.955811456,0.0275364443494835
JPN,2024,O,301684.3414159275,6970705.955811456,0.0432788792596271
JPN,2024,P,167523.3864722883,6970705.955811456,0.0240324850214955
JPN,2024,Q,474025.1719942539,6970705.955811456,0.0680024627346475
JPN,2024,R,53406.29067365454,6970705.955811456,0.0076615325638761
JPN,2024,S,77996.74065198933,6970705.955811456,0.011189216866473
JPN,2024,T,0.0,6970705.955811456,0.0
JPN,2024,HFCE,1857715.6277111322,6970705.955811456,0.266503226428933
JPN,2025,A01_02,78565.02335543431,6777558.564982282,0.0115919357394206
JPN,2025,A03,10506.592282061141,6777558.564982282,0.0015502030976679
JPN,2025,B05_06,789.1155880303629,6777558.564982282,0.000116430655739
JPN,2025,B07_08,3470.8538098994927,6777558.564982282,0.0005121097481669
JPN,2025,B09,1223.7178224672423,6777558.564982282,0.0001805543708305
JPN,2025,C10T12,218466.97585905986,6777558.564982282,0.032233875039873
JPN,2025,C13T15,23077.215992259302,6777558.564982282,0.0034049452721062
JPN,2025,C16,15284.118644972665,6777558.564982282,0.0022551068350691
JPN,2025,C17_18,76772.00836256672,6777558.564982282,0.0113273839873883
JPN,2025,C19,84858.1969333621,6777558.564982282,0.0125204667904753
JPN,2025,C20,135432.85353289515,6777558.564982282,0.0199825427156968
JPN,2025,C21,54096.39860548005,6777558.564982282,0.0079816940107284
JPN,2025,C22,89557.49334496753,6777558.564982282,0.0132138280305958
JPN,2025,C23,38407.65296483775,6777558.564982282,0.0056668861798228
JPN,2025,C24,209683.99853385444,6777558.564982282,0.0309379840134812
JPN,2025,C25,77710.0706796697,6777558.564982282,0.0114657911008214
JPN,2025,C26,125409.11819780839,6777558.564982282,0.0185035831111459
JPN,2025,C27,111037.3466780233,6777558.564982282,0.0163830892220868
JPN,2025,C28,218270.08423903893,6777558.564982282,0.0322048245170139
JPN,2025,C29,322372.5393722286,6777558.564982282,0.0475646999256983
JPN,2025,C30,43392.21760482109,6777558.564982282,0.0064023375362651
JPN,2025,C31T33,211428.9137249774,6777558.564982282,0.031195438843918
JPN,2025,D,156274.55184732273,6777558.564982282,0.0230576468427361
JPN,2025,E,84513.52041522964,6777558.564982282,0.0124696112331492
JPN,2025,F,467063.2492713792,6777558.564982282,0.0689132000547457
JPN,2025,G,789807.8843723966,6777558.564982282,0.116532801125926
JPN,2025,H49,146338.49602201744,6777558.564982282,0.0215916239777118
JPN,2025,H50,24304.032030620692,6777558.564982282,0.003585956771542
JPN,2025,H51,18489.300442019838,6777558.564982282,0.002728017805342
JPN,2025,H52,67133.69108461036,6777558.564982282,0.0099052911813217
JPN,2025,H53,8932.233875865899,6777558.564982282,0.0013179131969462
JPN,2025,I,157881.20915420598,6777558.564982282,0.0232947023091668
JPN,2025,J58T60,96996.8518926327,6777558.564982282,0.0143114738091365
JPN,2025,J61,144806.97045054747,6777558.564982282,0.0213656538799567
JPN,2025,J62_63,145534.89627468513,6777558.564982282,0.0214730562457435
JPN,2025,K,250253.3541828659,6777558.564982282,0.0369238202493526
JPN,2025,L,556384.9683868644,6777558.564982282,0.0820922405984874
JPN,2025,M,281541.5393910252,6777558.564982282,0.0415402591791195
JPN,2025,N,186629.86424999987,6777558.564982282,0.0275364443494835
JPN,2025,O,293325.1388089197,6777558.564982282,0.0432788792596271
JPN,2025,P,162881.57469524522,6777558.564982282,0.0240324850214955
JPN,2025,Q,460890.6737470986,6777558.564982282,0.0680024627346475
JPN,2025,R,51926.485649189126,6777558.564982282,0.0076615325638761
JPN,2025,S,75835.57260880829,6777558.564982282,0.011189216866473
JPN,2025,T,0.0,6777558.564982282,0.0
JPN,2025,HFCE,1806241.224878827,6777558.564982282,0.266503226428933
JPN,2026,A01_02,76326.07121270579,6584411.174153109,0.0115919357394206
JPN,2026,A03,10207.174598491285,6584411.174153109,0.0015502030976679
JPN,2026,B05_06,766.6273106618454,6584411.174153109,0.000116430655739
JPN,2026,B07_08,3371.941148222871,6584411.174153109,0.0005121097481669
JPN,2026,B09,1188.8442168385284,6584411.174153109,0.0001805543708305
JPN,2026,C10T12,212241.08699879478,6584411.174153109,0.032233875039873
JPN,2026,C13T15,22419.55969703586,6584411.174153109,0.0034049452721062
JPN,2026,C16,14848.550643738035,6584411.174153109,0.0022551068350691
JPN,2026,C17_18,74584.15370048252,6584411.174153109,0.0113273839873883
JPN,2026,C19,82439.90144081849,6584411.174153109,0.0125204667904753
JPN,2026,C20,131573.2775452258,6584411.174153109,0.0199825427156968
JPN,2026,C21,52554.755232911026,6584411.174153109,0.0079816940107284
JPN,2026,C22,87005.27693799256,6584411.174153109,0.0132138280305958
JPN,2026,C23,37313.10868507907,6584411.174153109,0.0056668861798228
JPN,2026,C24,203708.40764413588,6584411.174153109,0.0309379840134812
JPN,2026,C25,75495.4830447537,6584411.174153109,0.0114657911008214
JPN,2026,C26,121835.1993988998,6584411.174153109,0.0185035831111459
JPN,2026,C27,107872.9957410557,6584411.174153109,0.0163830892220868
JPN,2026,C28,212049.8064114663,6584411.174153109,0.0322048245170139
JPN,2026,C29,313185.5416860074,6584411.174153109,0.0475646999256983
JPN,2026,C30,42155.62281448381,6584411.174153109,0.0064023375362651
JPN,2026,C31T33,205403.59610650362,6584411.174153109,0.031195438843918
JPN,2026,D,151821.02752098773,6584411.174153109,0.0230576468427361
JPN,2026,E,82105.04754089272,6584411.174153109,0.0124696112331492
JPN,2026,F,453752.84448711626,6584411.174153109,0.0689132000547457
JPN,2026,G,767299.8778889092,6584411.174153109,0.116532801125926
JPN,2026,H49,142168.13018695777,6584411.174153109,0.0215916239777118
JPN,2026,H50,23611.41383657115,6584411.174153109,0.003585956771542
JPN,2026,H51,17962.390920782505,6584411.174153109,0.002728017805342
JPN,2026,H52,65220.50993753486,6584411.174153109,0.0099052911813217
JPN,2026,H53,8677.682380536406,6584411.174153109,0.0013179131969462
JPN,2026,I,153381.89818304812,6584411.174153109,0.0232947023091668
JPN,2026,J58T60,94232.62806747794,6584411.174153109,0.0143114738091365
JPN,2026,J61,140680.25015027463,6584411.174153109,0.0213656538799567
JPN,2026,J62_63,141387.4314876917,6584411.174153109,0.0214730562457435
JPN,2026,K,243121.6146422581,6584411.174153109,0.0369238202493526
JPN,2026,L,540529.0663079459,6584411.174153109,0.0820922405984874
JPN,2026,M,273518.1467162107,6584411.174153109,0.0415402591791195
JPN,2026,N,181311.2718711844,6584411.174153109,0.0275364443494835
JPN,2026,O,284965.9362019119,6584411.174153109,0.0432788792596271
JPN,2026,P,158239.76291820218,6584411.174153109,0.0240324850214955
JPN,2026,Q,447756.1754999434,6584411.174153109,0.0680024627346475
JPN,2026,R,50446.68062472371,6584411.174153109,0.0076615325638761
JPN,2026,S,73674.40456562725,6584411.174153109,0.011189216866473
JPN,2026,T,0.0,6584411.174153109,0.0
JPN,2026,HFCE,1754766.8220465225,6584411.174153109,0.266503226428933
JPN,2027,A01_02,74087.11906997726,6391263.783323936,0.0115919357394206
JPN,2027,A03,9907.756914921429,6391263.783323936,0.0015502030976679
JPN,2027,B05_06,744.1390332933279,6391263.783323936,0.000116430655739
JPN,2027,B07_08,3273.0284865462495,6391263.783323936,0.0005121097481669
JPN,2027,B09,1153.9706112098143,6391263.783323936,0.0001805543708305
JPN,2027,C10T12,206015.19813852973,6391263.783323936,0.032233875039873
JPN,2027,C13T15,21761.903401812422,6391263.783323936,0.0034049452721062
JPN,2027,C16,14412.982642503404,6391263.783323936,0.0022551068350691
JPN,2027,C17_18,72396.29903839831,6391263.783323936,0.0113273839873883
JPN,2027,C19,80021.60594827487,6391263.783323936,0.0125204667904753
JPN,2027,C20,127713.70155755649,6391263.783323936,0.0199825427156968
JPN,2027,C21,51013.111860341996,6391263.783323936,0.0079816940107284
JPN,2027,C22,84453.06053101759,6391263.783323936,0.0132138280305958
JPN,2027,C23,36218.564405320394,6391263.783323936,0.0056668861798228
JPN,2027,C24,197732.81675441732,6391263.783323936,0.0309379840134812
JPN,2027,C25,73280.8954098377,6391263.783323936,0.0114657911008214
JPN,2027,C26,118261.28059999122,6391263.783323936,0.0185035831111459
JPN,2027,C27,104708.64480408808,6391263.783323936,0.0163830892220868
JPN,2027,C28,205829.5285838937,6391263.783323936,0.0322048245170139
JPN,2027,C29,303998.54399978626,6391263.783323936,0.0475646999256983
JPN,2027,C30,40919.02802414653,6391263.783323936,0.0064023375362651
JPN,2027,C31T33,199378.27848802984,6391263.783323936,0.031195438843918
JPN,2027,D,147367.50319465273,6391263.783323936,0.0230576468427361
JPN,2027,E,79696.57466655581,6391263.783323936,0.0124696112331492
JPN,2027,F,440442.4397028533,6391263.783323936,0.0689132000547457
JPN,2027,G,744791.8714054216,6391263.783323936,0.116532801125926
JPN,2027,H49,137997.76435189813,6391263.783323936,0.0215916239777118
JPN,2027,H50,22918.79564252161,6391263.783323936,0.003585956771542
JPN,2027,H51,17435.48139954517,6391263.783323936,0.002728017805342
JPN,2027,H52,63307.32879045935,6391263.783323936,0.0099052911813217
JPN,2027,H53,8423.130885206914,6391263.783323936,0.0013179131969462
JPN,2027,I,148882.58721189023,6391263.783323936,0.0232947023091668
JPN,2027,J58T60,91468.40424232317,6391263.783323936,0.0143114738091365
JPN,2027,J61,136553.5298500018,6391263.783323936,0.0213656538799567
JPN,2027,J62_63,137239.96670069828,6391263.783323936,0.0214730562457435
JPN,2027,K,235989.87510165025,6391263.783323936,0.0369238202493526
JPN,2027,L,524673.1642290273,6391263.783323936,0.0820922405984874
JPN,2027,M,265494.75404139614,6391263.783323936,0.0415402591791195
JPN,2027,N,175992.67949236894,6391263.783323936,0.0275364443494835
JPN,2027,O,276606.73359490413,6391263.783323936,0.0432788792596271
JPN,2027,P,153597.95114115914,6391263.783323936,0.0240324850214955
JPN,2027,Q,434621.67725278815,6391263.783323936,0.0680024627346475
JPN,2027,R,48966.875600258296,6391263.783323936,0.0076615325638761
JPN,2027,S,71513.23652244623,6391263.783323936,0.011189216866473
JPN,2027,T,0.0,6391263.783323936,0.0
JPN,2027,HFCE,1703292.419214218,6391263.783323936,0.266503226428933
JPN,2028,A01_02,71848.16692724872,6198116.392494762,0.0115919357394206
JPN,2028,A03,9608.33923135157,6198116.392494762,0.0015502030976679
JPN,2028,B05_06,721.6507559248103,6198116.392494762,0.000116430655739
JPN,2028,B07_08,3174.1158248696274,6198116.392494762,0.0005121097481669
JPN,2028,B09,1119.0970055811001,6198116.392494762,0.0001805543708305
JPN,2028,C10T12,199789.3092782646,6198116.392494762,0.032233875039873
JPN,2028,C13T15,21104.247106588977,6198116.392494762,0.0034049452721062
JPN,2028,C16,13977.414641268771,6198116.392494762,0.0022551068350691
JPN,2028,C17_18,70208.4443763141,6198116.392494762,0.0113273839873883
JPN,2028,C19,77603.31045573125,6198116.392494762,0.0125204667904753
JPN,2028,C20,123854.12556988714,6198116.392494762,0.0199825427156968
JPN,2028,C21,49471.46848777296,6198116.392494762,0.0079816940107284
JPN,2028,C22,81900.84412404262,6198116.392494762,0.0132138280305958
JPN,2028,C23,35124.02012556172,6198116.392494762,0.0056668861798228
JPN,2028,C24,191757.22586469873,6198116.392494762,0.0309379840134812
JPN,2028,C25,71066.30777492168,6198116.392494762,0.0114657911008214
JPN,2028,C26,114687.36180108263,6198116.392494762,0.0185035831111459
JPN,2028,C27,101544.29386712046,6198116.392494762,0.0163830892220868
JPN,2028,C28,199609.25075632104,6198116.392494762,0.0322048245170139
JPN,2028,C29,294811.54631356505,6198116.392494762,0.0475646999256983
JPN,2028,C30,39682.43323380925,6198116.392494762,0.0064023375362651
JPN,2028,C31T33,193352.960869556,6198116.392494762,0.031195438843918
JPN,2028,D,142913.97886831773,6198116.392494762,0.0230576468427361
JPN,2028,E,77288.10179221888,6198116.392494762,0.0124696112331492
JPN,2028,F,427132.0349185903,6198116.392494762,0.0689132000547457
JPN,2028,G,722283.864921934,6198116.392494762,0.116532801125926
JPN,2028,H49,133827.39851683847,6198116.392494762,0.0215916239777118
JPN,2028,H50,22226.177448472066,6198116.392494762,0.003585956771542
JPN,2028,H51,16908.571878307834,6198116.392494762,0.002728017805342
JPN,2028,H52,61394.14764338384,6198116.392494762,0.0099052911813217
JPN,2028,H53,8168.57938987742,6198116.392494762,0.0013179131969462
JPN,2028,I,144383.27624073235,6198116.392494762,0.0232947023091668
JPN,2028,J58T60,88704.1804171684,6198116.392494762,0.0143114738091365
JPN,2028,J61,132426.80954972893,6198116.392494762,0.0213656538799567
JPN,2028,J62_63,133092.50191370482,6198116.392494762,0.0214730562457435
JPN,2028,K,228858.13556104238,6198116.392494762,0.0369238202493526
JPN,2028,L,508817.26215010876,6198116.392494762,0.0820922405984874
JPN,2028,M,257471.36136658158,6198116.392494762,0.0415402591791195
JPN,2028,N,170674.08711355345,6198116.392494762,0.0275364443494835
JPN,2028,O,268247.5309878963,6198116.392494762,0.0432788792596271
JPN,2028,P,148956.1393641161,6198116.392494762,0.0240324850214955
JPN,2028,Q,421487.1790056328,6198116.392494762,0.0680024627346475
JPN,2028,R,47487.07057579288,6198116.392494762,0.0076615325638761
JPN,2028,S,69352.06847926517,6198116.392494762,0.011189216866473
JPN,2028,T,0.0,6198116.392494762,0.0
JPN,2028,HFCE,1651818.0163819129,6198116.392494762,0.266503226428933
JPN,2029,A01_02,69609.21478452018,6004969.001665589,0.0115919357394206
JPN,2029,A03,9308.921547781714,6004969.001665589,0.0015502030976679
JPN,2029,B05_06,699.1624785562927,6004969.001665589,0.000116430655739
JPN,2029,B07_08,3075.2031631930063,6004969.001665589,0.0005121097481669
JPN,2029,B09,1084.2233999523862,6004969.001665589,0.0001805543708305
JPN,2029,C10T12,193563.42041799956,6004969.001665589,0.032233875039873
JPN,2029,C13T15,20446.590811365535,6004969.001665589,0.0034049452721062
JPN,2029,C16,13541.84664003414,6004969.001665589,0.0022551068350691
JPN,2029,C17_18,68020.5897142299,6004969.001665589,0.0113273839873883
JPN,2029,C19,75185.01496318763,6004969.001665589,0.0125204667904753
JPN,2029,C20,119994.5495822178,6004969.001665589,0.0199825427156968
JPN,2029,C21,47929.82511520394,6004969.001665589,0.0079816940107284
JPN,2029,C22,79348.62771706765,6004969.001665589,0.0132138280305958
JPN,2029,C23,34029.47584580305,6004969.001665589,0.0056668861798228
JPN,2029,C24,185781.63497498017,6004969.001665589,0.0309379840134812
JPN,2029,C25,68851.72014000568,6004969.001665589,0.0114657911008214
JPN,2029,C26,111113.44300217404,6004969.001665589,0.0185035831111459
JPN,2029,C27,98379.94293015286,6004969.001665589,0.0163830892220868
JPN,2029,C28,193388.97292874844,6004969.001665589,0.0322048245170139
JPN,2029,C29,285624.54862734384,6004969.001665589,0.0475646999256983
JPN,2029,C30,38445.83844347197,6004969.001665589,0.0064023375362651
JPN,2029,C31T33,187327.64325108222,6004969.001665589,0.031195438843918
JPN,2029,D,138460.45454198273,6004969.001665589,0.0230576468427361
JPN,2029,E,74879.62891788197,6004969.001665589,0.0124696112331492
JPN,2029,F,413821.63013432734,6004969.001665589,0.0689132000547457
JPN,2029,G,699775.8584384465,6004969.001665589,0.116532801125926
JPN,2029,H49,129657.03268177883,6004969.001665589,0.0215916239777118
JPN,2029,H50,21533.559254422522,6004969.001665589,0.003585956771542
JPN,2029,H51,16381.662357070501,6004969.001665589,0.002728017805342
JPN,2029,H52,59480.96649630834,6004969.001665589,0.0099052911813217
JPN,2029,H53,7914.027894547928,6004969.001665589,0.0013179131969462
JPN,2029,I,139883.96526957446,6004969.001665589,0.0232947023091668
JPN,2029,J58T60,85939.95659201364,6004969.001665589,0.0143114738091365
JPN,2029,J61,128300.08924945611,6004969.001665589,0.0213656538799567
JPN,2029,J62_63,128945.0371267114,6004969.001665589,0.0214730562457435
JPN,2029,K,221726.39602043453,6004969.001665589,0.0369238202493526
JPN,2029,L,492961.3600711902,6004969.001665589,0.0820922405984874
JPN,2029,M,249447.96869176705,6004969.001665589,0.0415402591791195
JPN,2029,N,165355.494734738,6004969.001665589,0.0275364443494835
JPN,2029,O,259888.3283808885,6004969.001665589,0.0432788792596271
JPN,2029,P,144314.32758707306,6004969.001665589,0.0240324850214955
JPN,2029,Q,408352.6807584776,6004969.001665589,0.0680024627346475
JPN,2029,R,46007.265551327466,6004969.001665589,0.0076615325638761
JPN,2029,S,67190.90043608414,6004969.001665589,0.011189216866473
JPN,2029,T,0.0,6004969.001665589,0.0
JPN,2029,HFCE,1600343.6135496083,6004969.001665589,0.266503226428933
JPN,2030,A01_02,67370.26264179165,5811821.610836416,0.0115919357394206
JPN,2030,A03,9009.503864211856,5811821.610836416,0.0015502030976679
JPN,2030,B05_06,676.6742011877751,5811821.610836416,0.000116430655739
JPN,2030,B07_08,2976.290501516384,5811821.610836416,0.0005121097481669
JPN,2030,B09,1049.349794323672,5811821.610836416,0.0001805543708305
JPN,2030,C10T12,187337.53155773444,5811821.610836416,0.032233875039873
JPN,2030,C13T15,19788.934516142093,5811821.610836416,0.0034049452721062
JPN,2030,C16,13106.278638799507,5811821.610836416,0.0022551068350691
JPN,2030,C17_18,65832.73505214568,5811821.610836416,0.0113273839873883
JPN,2030,C19,72766.719470644,5811821.610836416,0.0125204667904753
JPN,2030,C20,116134.97359454846,5811821.610836416,0.0199825427156968
JPN,2030,C21,46388.1817426349,5811821.610836416,0.0079816940107284
JPN,2030,C22,76796.41131009266,5811821.610836416,0.0132138280305958
JPN,2030,C23,32934.93156604437,5811821.610836416,0.0056668861798228
JPN,2030,C24,179806.0440852616,5811821.610836416,0.0309379840134812
JPN,2030,C25,66637.13250508967,5811821.610836416,0.0114657911008214
JPN,2030,C26,107539.52420326545,5811821.610836416,0.0185035831111459
JPN,2030,C27,95215.59199318523,5811821.610836416,0.0163830892220868
JPN,2030,C28,187168.6951011758,5811821.610836416,0.0322048245170139
JPN,2030,C29,276437.55094112264,5811821.610836416,0.0475646999256983
JPN,2030,C30,37209.24365313468,5811821.610836416,0.0064023375362651
JPN,2030,C31T33,181302.3256326084,5811821.610836416,0.031195438843918
JPN,2030,D,134006.9302156477,5811821.610836416,0.0230576468427361
JPN,2030,E,72471.15604354505,5811821.610836416,0.0124696112331492
JPN,2030,F,400511.22535006434,5811821.610836416,0.0689132000547457
JPN,2030,G,677267.8519549589,5811821.610836416,0.116532801125926
JPN,2030,H49,125486.66684671918,5811821.610836416,0.0215916239777118
JPN,2030,H50,20840.941060372978,5811821.610836416,0.003585956771542
JPN,2030,H51,15854.752835833164,5811821.610836416,0.002728017805342
JPN,2030,H52,57567.78534923283,5811821.610836416,0.0099052911813217
JPN,2030,H53,7659.476399218434,5811821.610836416,0.0013179131969462
JPN,2030,I,135384.65429841657,5811821.610836416,0.0232947023091668
JPN,2030,J58T60,83175.73276685887,5811821.610836416,0.0143114738091365
JPN,2030,J61,124173.36894918326,5811821.610836416,0.0213656538799567
JPN,2030,J62_63,124797.57233971794,5811821.610836416,0.0214730562457435
JPN,2030,K,214594.65647982666,5811821.610836416,0.0369238202493526
JPN,2030,L,477105.4579922716,5811821.610836416,0.0820922405984874
JPN,2030,M,241424.5760169525,5811821.610836416,0.0415402591791195
JPN,2030,N,160036.9023559225,5811821.610836416,0.0275364443494835
JPN,2030,O,251529.1257738807,5811821.610836416,0.0432788792596271
JPN,2030,P,139672.51581003,5811821.610836416,0.0240324850214955
JPN,2030,Q,395218.1825113223,5811821.610836416,0.0680024627346475
JPN,2030,R,44527.46052686205,5811821.610836416,0.0076615325638761
JPN,2030,S,65029.7323929031,5811821.610836416,0.011189216866473
JPN,2030,T,0.0,5811821.610836416,0.0
JPN,2030,HFCE,1548869.2107173032,5811821.610836416,0.266503226428933
JPN,2031,A01_02,65131.310499063125,5618674.220007243,0.0115919357394206
JPN,2031,A03,8710.086180642,5618674.220007243,0.0015502030976679
JPN,2031,B05_06,654.1859238192576,5618674.220007243,0.000116430655739
JPN,2031,B07_08,2877.3778398397626,5618674.220007243,0.0005121097481669
JPN,2031,B09,1014.476188694958,5618674.220007243,0.0001805543708305
JPN,2031,C10T12,181111.64269746936,5618674.220007243,0.032233875039873
JPN,2031,C13T15,19131.27822091865,5618674.220007243,0.0034049452721062
JPN,2031,C16,12670.710637564876,5618674.220007243,0.0022551068350691
JPN,2031,C17_18,63644.88039006148,5618674.220007243,0.0113273839873883
JPN,2031,C19,70348.4239781004,5618674.220007243,0.0125204667904753
JPN,2031,C20,112275.39760687912,5618674.220007243,0.0199825427156968
JPN,2031,C21,44846.53837006587,5618674.220007243,0.0079816940107284
JPN,2031,C22,74244.19490311769,5618674.220007243,0.0132138280305958
JPN,2031,C23,31840.387286285695,5618674.220007243,0.0056668861798228
JPN,2031,C24,173830.45319554303,5618674.220007243,0.0309379840134812
JPN,2031,C25,64422.54487017366,5618674.220007243,0.0114657911008214
JPN,2031,C26,103965.60540435687,5618674.220007243,0.0185035831111459
JPN,2031,C27,92051.24105621762,5618674.220007243,0.0163830892220868
JPN,2031,C28,180948.41727360318,5618674.220007243,0.0322048245170139
JPN,2031,C29,267250.55325490143,5618674.220007243,0.0475646999256983
JPN,2031,C30,35972.6488627974,5618674.220007243,0.0064023375362651
JPN,2031,C31T33,175277.0080141346,5618674.220007243,0.031195438843918
JPN,2031,D,129553.40588931272,5618674.220007243,0.0230576468427361
JPN,2031,E,70062.68316920813,5618674.220007243,0.0124696112331492
JPN,2031,F,387200.8205658014,5618674.220007243,0.0689132000547457
JPN,2031,G,654759.8454714714,5618674.220007243,0.116532801125926
JPN,2031,H49,121316.30101165953,5618674.220007243,0.0215916239777118
JPN,2031,H50,20148.322866323437,5618674.220007243,0.003585956771542
JPN,2031,H51,15327.84331459583,5618674.220007243,0.002728017805342
JPN,2031,H52,55654.60420215732,5618674.220007243,0.0099052911813217
JPN,2031,H53,7404.924903888942,5618674.220007243,0.0013179131969462
JPN,2031,I,130885.34332725868,5618674.220007243,0.0232947023091668
JPN,2031,J58T60,80411.50894170412,5618674.220007243,0.0143114738091365
JPN,2031,J61,120046.64864891043,5618674.220007243,0.0213656538799567
JPN,2031,J62_63,120650.10755272451,5618674.220007243,0.0214730562457435
JPN,2031,K,207462.91693921885,5618674.220007243,0.0369238202493526
JPN,2031,L,461249.55591335305,5618674.220007243,0.0820922405984874
JPN,2031,M,233401.18334213796,5618674.220007243,0.0415402591791195
JPN,2031,N,154718.30997710707,5618674.220007243,0.0275364443494835
JPN,2031,O,243169.9231668729,5618674.220007243,0.0432788792596271
JPN,2031,P,135030.70403298698,5618674.220007243,0.0240324850214955
JPN,2031,Q,382083.6842641671,5618674.220007243,0.0680024627346475
JPN,2031,R,43047.655502396636,5618674.220007243,0.0076615325638761
JPN,2031,S,62868.564349722066,5618674.220007243,0.011189216866473
JPN,2031,T,0.0,5618674.220007243,0.0
JPN,2031,HFCE,1497394.8078849986,5618674.220007243,0.266503226428933
JPN,2032,A01_02,62892.35835633458,5425526.829178069,0.0115919357394206
JPN,2032,A03,8410.668497072142,5425526.829178069,0.0015502030976679
JPN,2032,B05_06,631.69764645074,5425526.829178069,0.000116430655739
JPN,2032,B07_08,2778.4651781631405,5425526.829178069,0.0005121097481669
JPN,2032,B09,979.6025830662438,5425526.829178069,0.0001805543708305
JPN,2032,C10T12,174885.75383720428,5425526.829178069,0.032233875039873
JPN,2032,C13T15,18473.621925695206,5425526.829178069,0.0034049452721062
JPN,2032,C16,12235.142636330243,5425526.829178069,0.0022551068350691
JPN,2032,C17_18,61457.02572797727,5425526.829178069,0.0113273839873883
JPN,2032,C19,67930.12848555676,5425526.829178069,0.0125204667904753
JPN,2032,C20,108415.82161920978,5425526.829178069,0.0199825427156968
JPN,2032,C21,43304.89499749684,5425526.829178069,0.0079816940107284
JPN,2032,C22,71691.97849614272,5425526.829178069,0.0132138280305958
JPN,2032,C23,30745.843006527015,5425526.829178069,0.0056668861798228
JPN,2032,C24,167854.86230582444,5425526.829178069,0.0309379840134812
JPN,2032,C25,62207.95723525764,5425526.829178069,0.0114657911008214
JPN,2032,C26,100391.68660544827,5425526.829178069,0.0185035831111459
JPN,2032,C27,88886.89011924999,5425526.829178069,0.0163830892220868
JPN,2032,C28,174728.13944603055,5425526.829178069,0.0322048245170139
JPN,2032,C29,258063.5555686802,5425526.829178069,0.0475646999256983
JPN,2032,C30,34736.054072460116,5425526.829178069,0.0064023375362651
JPN,2032,C31T33,169251.6903956608,5425526.829178069,0.031195438843918
JPN,2032,D,125099.88156297771,5425526.829178069,0.0230576468427361
JPN,2032,E,67654.21029487121,5425526.829178069,0.0124696112331492
JPN,2032,F,373890.41578153835,5425526.829178069,0.0689132000547457
JPN,2032,G,632251.8389879838,5425526.829178069,0.116532801125926
JPN,2032,H49,117145.93517659987,5425526.829178069,0.0215916239777118
JPN,2032,H50,19455.704672273892,5425526.829178069,0.003585956771542
JPN,2032,H51,14800.933793358494,5425526.829178069,0.002728017805342
JPN,2032,H52,53741.42305508182,5425526.829178069,0.0099052911813217
JPN,2032,H53,7150.373408559448,5425526.829178069,0.0013179131969462
JPN,2032,I,126386.03235610078,5425526.829178069,0.0232947023091668
JPN,2032,J58T60,77647.28511654933,5425526.829178069,0.0143114738091365
JPN,2032,J61,115919.92834863758,5425526.829178069,0.0213656538799567
JPN,2032,J62_63,116502.64276573106,5425526.829178069,0.0214730562457435
JPN,2032,K,200331.17739861098,5425526.829178069,0.0369238202493526
JPN,2032,L,445393.65383443446,5425526.829178069,0.0820922405984874
JPN,2032,M,225377.7906673234,5425526.829178069,0.0415402591791195
JPN,2032,N,149399.71759829158,5425526.829178069,0.0275364443494835
JPN,2032,O,234810.7205598651,5425526.829178069,0.0432788792596271
JPN,2032,P,130388.89225594391,5425526.829178069,0.0240324850214955
JPN,2032,Q,368949.1860170118,5425526.829178069,0.0680024627346475
JPN,2032,R,41567.85047793121,5425526.829178069,0.0076615325638761
JPN,2032,S,60707.39630654102,5425526.829178069,0.011189216866473
JPN,2032,T,0.0,5425526.829178069,0.0
JPN,2032,HFCE,1445920.4050526936,5425526.829178069,0.266503226428933
JPN,2033,A01_02,60653.40621360605,5232379.438348896,0.0115919357394206
JPN,2033,A03,8111.250813502285,5232379.438348896,0.0015502030976679
JPN,2033,B05_06,609.2093690822225,5232379.438348896,0.000116430655739
JPN,2033,B07_08,2679.552516486519,5232379.438348896,0.0005121097481669
JPN,2033,B09,944.7289774375298,5232379.438348896,0.0001805543708305
JPN,2033,C10T12,168659.8649769392,5232379.438348896,0.032233875039873
JPN,2033,C13T15,17815.96563047177,5232379.438348896,0.0034049452721062
JPN,2033,C16,11799.574635095614,5232379.438348896,0.0022551068350691
JPN,2033,C17_18,59269.17106589307,5232379.438348896,0.0113273839873883
JPN,2033,C19,65511.83299301316,5232379.438348896,0.0125204667904753
JPN,2033,C20,104556.24563154044,5232379.438348896,0.0199825427156968
JPN,2033,C21,41763.25162492781,5232379.438348896,0.0079816940107284
JPN,2033,C22,69139.76208916775,5232379.438348896,0.0132138280305958
JPN,2033,C23,29651.298726768342,5232379.438348896,0.0056668861798228
JPN,2033,C24,161879.27141610588,5232379.438348896,0.0309379840134812
JPN,2033,C25,59993.36960034164,5232379.438348896,0.0114657911008214
JPN,2033,C26,96817.76780653969,5232379.438348896,0.0185035831111459
JPN,2033,C27,85722.53918228239,5232379.438348896,0.0163830892220868
JPN,2033,C28,168507.86161845792,5232379.438348896,0.0322048245170139
JPN,2033,C29,248876.55788245902,5232379.438348896,0.0475646999256983
JPN,2033,C30,33499.459282122836,5232379.438348896,0.0064023375362651
JPN,2033,C31T33,163226.372777187,5232379.438348896,0.031195438843918
JPN,2033,D,120646.35723664271,5232379.438348896,0.0230576468427361
JPN,2033,E,65245.73742053429,5232379.438348896,0.0124696112331492
JPN,2033,F,360580.0109972754,5232379.438348896,0.0689132000547457
JPN,2033,G,609743.8325044962,5232379.438348896,0.116532801125926
JPN,2033,H49,112975.56934154022,5232379.438348896,0.0215916239777118
JPN,2033,H50,18763.086478224348,5232379.438348896,0.003585956771542
JPN,2033,H51,14274.02427212116,5232379.438348896,0.002728017805342
JPN,2033,H52,51828.24190800631,5232379.438348896,0.0099052911813217
JPN,2033,H53,6895.8219132299555,5232379.438348896,0.0013179131969462
JPN,2033,I,121886.72138494291,5232379.438348896,0.0232947023091668
JPN,2033,J58T60,74883.06129139458,5232379.438348896,0.0143114738091365
JPN,2033,J61,111793.20804836474,5232379.438348896,0.0213656538799567
JPN,2033,J62_63,112355.17797873761,5232379.438348896,0.0214730562457435
JPN,2033,K,193199.43785800313,5232379.438348896,0.0369238202493526
JPN,2033,L,429537.7517555159,5232379.438348896,0.0820922405984874
JPN,2033,M,217354.39799250886,5232379.438348896,0.0415402591791195
JPN,2033,N,144081.12521947612,5232379.438348896,0.0275364443494835
JPN,2033,O,226451.5179528573,5232379.438348896,0.0432788792596271
JPN,2033,P,125747.08047890087,5232379.438348896,0.0240324850214955
JPN,2033,Q,355814.6877698566,5232379.438348896,0.0680024627346475
JPN,2033,R,40088.045453465806,5232379.438348896,0.0076615325638761
JPN,2033,S,58546.22826335998,5232379.438348896,0.011189216866473
JPN,2033,T,0.0,5232379.438348896,0.0
JPN,2033,HFCE,1394446.002220389,5232379.438348896,0.266503226428933
JPN,2034,A01_02,58414.45407087752,5039232.047519722,0.0115919357394206
JPN,2034,A03,7811.833129932427,5039232.047519722,0.0015502030976679
JPN,2034,B05_06,586.7210917137048,5039232.047519722,0.000116430655739
JPN,2034,B07_08,2580.639854809897,5039232.047519722,0.0005121097481669
JPN,2034,B09,909.8553718088157,5039232.047519722,0.0001805543708305
JPN,2034,C10T12,162433.97611667408,5039232.047519722,0.032233875039873
JPN,2034,C13T15,17158.309335248323,5039232.047519722,0.0034049452721062
JPN,2034,C16,11364.006633860981,5039232.047519722,0.0022551068350691
JPN,2034,C17_18,57081.31640380885,5039232.047519722,0.0113273839873883
JPN,2034,C19,63093.53750046953,5039232.047519722,0.0125204667904753
JPN,2034,C20,100696.6696438711,5039232.047519722,0.0199825427156968
JPN,2034,C21,40221.608252358776,5039232.047519722,0.0079816940107284
JPN,2034,C22,66587.54568219277,5039232.047519722,0.0132138280305958
JPN,2034,C23,28556.754447009665,5039232.047519722,0.0056668861798228
JPN,2034,C24,155903.6805263873,5039232.047519722,0.0309379840134812
JPN,2034,C25,57778.78196542563,5039232.047519722,0.0114657911008214
JPN,2034,C26,93243.8490076311,5039232.047519722,0.0185035831111459
JPN,2034,C27,82558.18824531476,5039232.047519722,0.0163830892220868
JPN,2034,C28,162287.58379088528,5039232.047519722,0.0322048245170139
JPN,2034,C29,239689.5601962378,5039232.047519722,0.0475646999256983
JPN,2034,C30,32262.864491785553,5039232.047519722,0.0064023375362651
JPN,2034,C31T33,157201.05515871316,5039232.047519722,0.031195438843918
JPN,2034,D,116192.8329103077,5039232.047519722,0.0230576468427361
JPN,2034,E,62837.264546197366,5039232.047519722,0.0124696112331492
JPN,2034,F,347269.6062130124,5039232.047519722,0.0689132000547457
JPN,2034,G,587235.8260210087,5039232.047519722,0.116532801125926
JPN,2034,H49,108805.20350648057,5039232.047519722,0.0215916239777118
JPN,2034,H50,18070.468284174804,5039232.047519722,0.003585956771542
JPN,2034,H51,13747.114750883824,5039232.047519722,0.002728017805342
JPN,2034,H52,49915.0607609308,5039232.047519722,0.0099052911813217
JPN,2034,H53,6641.270417900462,5039232.047519722,0.0013179131969462
JPN,2034,I,117387.41041378501,5039232.047519722,0.0232947023091668
JPN,2034,J58T60,72118.8374662398,5039232.047519722,0.0143114738091365
JPN,2034,J61,107666.4877480919,5039232.047519722,0.0213656538799567
JPN,2034,J62_63,108207.71319174417,5039232.047519722,0.0214730562457435
JPN,2034,K,186067.69831739526,5039232.047519722,0.0369238202493526
JPN,2034,L,413681.8496765973,5039232.047519722,0.0820922405984874
JPN,2034,M,209331.00531769427,5039232.047519722,0.0415402591791195
JPN,2034,N,138762.53284066063,5039232.047519722,0.0275364443494835
JPN,2034,O,218092.3153458495,5039232.047519722,0.0432788792596271
JPN,2034,P,121105.26870185781,5039232.047519722,0.0240324850214955
JPN,2034,Q,342680.1895227013,5039232.047519722,0.0680024627346475
JPN,2034,R,38608.24042900038,5039232.047519722,0.0076615325638761
JPN,2034,S,56385.06022017894,5039232.047519722,0.011189216866473
JPN,2034,T,0.0,5039232.047519722,0.0
JPN,2034,HFCE,1342971.5993880841,5039232.047519722,0.266503226428933
JPN,2035,A01_02,56175.50192814899,4846084.656690549,0.0115919357394206
JPN,2035,A03,7512.415446362571,4846084.656690549,0.0015502030976679
JPN,2035,B05_06,564.2328143451873,4846084.656690549,0.000116430655739
JPN,2035,B07_08,2481.7271931332753,4846084.656690549,0.0005121097481669
JPN,2035,B09,874.9817661801017,4846084.656690549,0.0001805543708305
JPN,2035,C10T12,156208.08725640902,4846084.656690549,0.032233875039873
JPN,2035,C13T15,16500.65304002488,4846084.656690549,0.0034049452721062
JPN,2035,C16,10928.43863262635,4846084.656690549,0.0022551068350691
JPN,2035,C17_18,54893.46174172465,4846084.656690549,0.0113273839873883
JPN,2035,C19,60675.24200792592,4846084.656690549,0.0125204667904753
JPN,2035,C20,96837.09365620176,4846084.656690549,0.0199825427156968
JPN,2035,C21,38679.96487978975,4846084.656690549,0.0079816940107284
JPN,2035,C22,64035.3292752178,4846084.656690549,0.0132138280305958
JPN,2035,C23,27462.210167250993,4846084.656690549,0.0056668861798228
JPN,2035,C24,149928.08963666874,4846084.656690549,0.0309379840134812
JPN,2035,C25,55564.19433050962,4846084.656690549,0.0114657911008214
JPN,2035,C26,89669.93020872251,4846084.656690549,0.0185035831111459
JPN,2035,C27,79393.83730834715,4846084.656690549,0.0163830892220868
JPN,2035,C28,156067.30596331268,4846084.656690549,0.0322048245170139
JPN,2035,C29,230502.56251001664,4846084.656690549,0.0475646999256983
JPN,2035,C30,31026.269701448273,4846084.656690549,0.0064023375362651
JPN,2035,C31T33,151175.73754023938,4846084.656690549,0.031195438843918
JPN,2035,D,111739.3085839727,4846084.656690549,0.0230576468427361
JPN,2035,E,60428.791671860454,4846084.656690549,0.0124696112331492
JPN,2035,F,333959.2014287495,4846084.656690549,0.0689132000547457
JPN,2035,G,564727.8195375211,4846084.656690549,0.116532801125926
JPN,2035,H49,104634.83767142092,4846084.656690549,0.0215916239777118
JPN,2035,H50,17377.850090125263,4846084.656690549,0.003585956771542
JPN,2035,H51,13220.20522964649,4846084.656690549,0.002728017805342
JPN,2035,H52,48001.8796138553,4846084.656690549,0.0099052911813217
JPN,2035,H53,6386.71892257097,4846084.656690549,0.0013179131969462
JPN,2035,I,112888.09944262714,4846084.656690549,0.0232947023091668
JPN,2035,J58T60,69354.61364108504,4846084.656690549,0.0143114738091365
JPN,2035,J61,103539.76744781906,4846084.656690549,0.0213656538799567
JPN,2035,J62_63,104060.24840475073,4846084.656690549,0.0214730562457435
JPN,2035,K,178935.95877678742,4846084.656690549,0.0369238202493526
JPN,2035,L,397825.94759767875,4846084.656690549,0.0820922405984874
JPN,2035,M,201307.61264287974,4846084.656690549,0.0415402591791195
JPN,2035,N,133443.94046184517,4846084.656690549,0.0275364443494835
JPN,2035,O,209733.1127388417,4846084.656690549,0.0432788792596271
JPN,2035,P,116463.45692481477,4846084.656690549,0.0240324850214955
JPN,2035,Q,329545.6912755461,4846084.656690549,0.0680024627346475
JPN,2035,R,37128.435404534976,4846084.656690549,0.0076615325638761
JPN,2035,S,54223.892176997906,4846084.656690549,0.011189216866473
JPN,2035,T,0.0,4846084.656690549,0.0
JPN,2035,HFCE,1291497.1965557793,4846084.656690549,0.266503226428933
JPN,2036,A01_02,53936.54978542045,4652937.265861375,0.0115919357394206
JPN,2036,A03,7212.997762792713,4652937.265861375,0.0015502030976679
JPN,2036,B05_06,541.7445369766697,4652937.265861375,0.000116430655739
JPN,2036,B07_08,2382.814531456653,4652937.265861375,0.0005121097481669
JPN,2036,B09,840.1081605513875,4652937.265861375,0.0001805543708305
JPN,2036,C10T12,149982.1983961439,4652937.265861375,0.032233875039873
JPN,2036,C13T15,15842.996744801438,4652937.265861375,0.0034049452721062
JPN,2036,C16,10492.870631391717,4652937.265861375,0.0022551068350691
JPN,2036,C17_18,52705.60707964044,4652937.265861375,0.0113273839873883
JPN,2036,C19,58256.9465153823,4652937.265861375,0.0125204667904753
JPN,2036,C20,92977.51766853241,4652937.265861375,0.0199825427156968
JPN,2036,C21,37138.32150722072,4652937.265861375,0.0079816940107284
JPN,2036,C22,61483.112868242824,4652937.265861375,0.0132138280305958
JPN,2036,C23,26367.665887492312,4652937.265861375,0.0056668861798228
JPN,2036,C24,143952.49874695015,4652937.265861375,0.0309379840134812
JPN,2036,C25,53349.60669559361,4652937.265861375,0.0114657911008214
JPN,2036,C26,86096.01140981392,4652937.265861375,0.0185035831111459
JPN,2036,C27,76229.48637137952,4652937.265861375,0.0163830892220868
JPN,2036,C28,149847.02813574002,4652937.265861375,0.0322048245170139
JPN,2036,C29,221315.5648237954,4652937.265861375,0.0475646999256983
JPN,2036,C30,29789.67491111099,4652937.265861375,0.0064023375362651
JPN,2036,C31T33,145150.41992176557,4652937.265861375,0.031195438843918
JPN,2036,D,107285.78425763769,4652937.265861375,0.0230576468427361
JPN,2036,E,58020.31879752353,4652937.265861375,0.0124696112331492
JPN,2036,F,320648.7966444864,4652937.265861375,0.0689132000547457
JPN,2036,G,542219.8130540336,4652937.265861375,0.116532801125926
JPN,2036,H49,100464.47183636126,4652937.265861375,0.0215916239777118
JPN,2036,H50,16685.23189607572,4652937.265861375,0.003585956771542
JPN,2036,H51,12693.295708409154,4652937.265861375,0.002728017805342
JPN,2036,H52,46088.69846677979,4652937.265861375,0.0099052911813217
JPN,2036,H53,6132.167427241476,4652937.265861375,0.0013179131969462
JPN,2036,I,108388.78847146923,4652937.265861375,0.0232947023091668
JPN,2036,J58T60,66590.38981593028,4652937.265861375,0.0143114738091365
JPN,2036,J61,99413.04714754621,4652937.265861375,0.0213656538799567
JPN,2036,J62_63,99912.78361775729,4652937.265861375,0.0214730562457435
JPN,2036,K,171804.21923617955,4652937.265861375,0.0369238202493526
JPN,2036,L,381970.0455187601,4652937.265861375,0.0820922405984874
JPN,2036,M,193284.21996806518,4652937.265861375,0.0415402591791195
JPN,2036,N,128125.34808302968,4652937.265861375,0.0275364443494835
JPN,2036,O,201373.9101318339,4652937.265861375,0.0432788792596271
JPN,2036,P,111821.64514777172,4652937.265861375,0.0240324850214955
JPN,2036,Q,316411.19302839076,4652937.265861375,0.0680024627346475
JPN,2036,R,35648.63038006955,4652937.265861375,0.0076615325638761
JPN,2036,S,52062.72413381686,4652937.265861375,0.011189216866473
JPN,2036,T,0.0,4652937.265861375,0.0
JPN,2036,HFCE,1240022.7937234745,4652937.265861375,0.266503226428933
JPN,2037,A01_02,51697.59764269192,4459789.875032202,0.0115919357394206
JPN,2037,A03,6913.5800792228565,4459789.875032202,0.0015502030976679
JPN,2037,B05_06,519.2562596081522,4459789.875032202,0.000116430655739
JPN,2037,B07_08,2283.9018697800316,4459789.875032202,0.0005121097481669
JPN,2037,B09,805.2345549226735,4459789.875032202,0.0001805543708305
JPN,2037,C10T12,143756.30953587886,4459789.875032202,0.032233875039873
JPN,2037,C13T15,15185.340449577998,4459789.875032202,0.0034049452721062
JPN,2037,C16,10057.302630157086,4459789.875032202,0.0022551068350691
JPN,2037,C17_18,50517.752417556236,4459789.875032202,0.0113273839873883
JPN,2037,C19,55838.65102283868,4459789.875032202,0.0125204667904753
JPN,2037,C20,89117.94168086308,4459789.875032202,0.0199825427156968
JPN,2037,C21,35596.67813465169,4459789.875032202,0.0079816940107284
JPN,2037,C22,58930.89646126786,4459789.875032202,0.0132138280305958
JPN,2037,C23,25273.12160773364,4459789.875032202,0.0056668861798228
JPN,2037,C24,137976.9078572316,4459789.875032202,0.0309379840134812
JPN,2037,C25,51135.01906067761,4459789.875032202,0.0114657911008214
JPN,2037,C26,82522.09261090534,4459789.875032202,0.0185035831111459
JPN,2037,C27,73065.13543441192,4459789.875032202,0.0163830892220868
JPN,2037,C28,143626.75030816742,4459789.875032202,0.0322048245170139
JPN,2037,C29,212128.56713757422,4459789.875032202,0.0475646999256983
JPN,2037,C30,28553.08012077371,4459789.875032202,0.0064023375362651
JPN,2037,C31T33,139125.10230329176,4459789.875032202,0.031195438843918
JPN,2037,D,102832.25993130269,4459789.875032202,0.0230576468427361
JPN,2037,E,55611.845923186615,4459789.875032202,0.0124696112331492
JPN,2037,F,307338.3918602235,4459789.875032202,0.0689132000547457
JPN,2037,G,519711.806570546,4459789.875032202,0.116532801125926
JPN,2037,H49,96294.10600130161,4459789.875032202,0.0215916239777118
JPN,2037,H50,15992.613702026176,4459789.875032202,0.003585956771542
JPN,2037,H51,12166.38618717182,4459789.875032202,0.002728017805342
JPN,2037,H52,44175.51731970428,4459789.875032202,0.0099052911813217
JPN,2037,H53,5877.615931911983,4459789.875032202,0.0013179131969462
JPN,2037,I,103889.47750031136,4459789.875032202,0.0232947023091668
JPN,2037,J58T60,63826.16599077551,4459789.875032202,0.0143114738091365
JPN,2037,J61,95286.32684727338,4459789.875032202,0.0213656538799567
JPN,2037,J62_63,95765.31883076385,4459789.875032202,0.0214730562457435
JPN,2037,K,164672.47969557173,4459789.875032202,0.0369238202493526
JPN,2037,L,366114.1434398416,4459789.875032202,0.0820922405984874
JPN,2037,M,185260.82729325065,4459789.875032202,0.0415402591791195
JPN,2037,N,122806.75570421421,4459789.875032202,0.0275364443494835
JPN,2037,O,193014.7075248261,4459789.875032202,0.0432788792596271
JPN,2037,P,107179.83337072868,4459789.875032202,0.0240324850214955
JPN,2037,Q,303276.69478123554,4459789.875032202,0.0680024627346475
JPN,2037,R,34168.82535560414,4459789.875032202,0.0076615325638761
JPN,2037,S,49901.55609063583,4459789.875032202,0.011189216866473
JPN,2037,T,0.0,4459789.875032202,0.0
JPN,2037,HFCE,1188548.3908911697,4459789.875032202,0.266503226428933
JPN,2038,A01_02,49458.64549996339,4266642.484203029,0.0115919357394206
JPN,2038,A03,6614.162395653,4266642.484203029,0.0015502030976679
JPN,2038,B05_06,496.76798223963465,4266642.484203029,0.000116430655739
JPN,2038,B07_08,2184.98920810341,4266642.484203029,0.0005121097481669
JPN,2038,B09,770.3609492939595,4266642.484203029,0.0001805543708305
JPN,2038,C10T12,137530.42067561377,4266642.484203029,0.032233875039873
JPN,2038,C13T15,14527.684154354556,4266642.484203029,0.0034049452721062
JPN,2038,C16,9621.734628922457,4266642.484203029,0.0022551068350691
JPN,2038,C17_18,48329.89775547203,4266642.484203029,0.0113273839873883
JPN,2038,C19,53420.35553029507,4266642.484203029,0.0125204667904753
JPN,2038,C20,85258.36569319374,4266642.484203029,0.0199825427156968
JPN,2038,C21,34055.034762082665,4266642.484203029,0.0079816940107284
JPN,2038,C22,56378.68005429289,4266642.484203029,0.0132138280305958
JPN,2038,C23,24178.577327974966,4266642.484203029,0.0056668861798228
JPN,2038,C24,132001.31696751303,4266642.484203029,0.0309379840134812
JPN,2038,C25,48920.431425761606,4266642.484203029,0.0114657911008214
JPN,2038,C26,78948.17381199676,4266642.484203029,0.0185035831111459
JPN,2038,C27,69900.7844974443,4266642.484203029,0.0163830892220868
JPN,2038,C28,137406.4724805948,4266642.484203029,0.0322048245170139
JPN,2038,C29,202941.56945135305,4266642.484203029,0.0475646999256983
JPN,2038,C30,27316.48533043643,4266642.484203029,0.0064023375362651
JPN,2038,C31T33,133099.78468481798,4266642.484203029,0.031195438843918
JPN,2038,D,98378.73560496769,4266642.484203029,0.0230576468427361
JPN,2038,E,53203.3730488497,4266642.484203029,0.0124696112331492
JPN,2038,F,294027.98707596055,4266642.484203029,0.0689132000547457
JPN,2038,G,497203.8000870585,4266642.484203029,0.116532801125926
JPN,2038,H49,92123.74016624197,4266642.484203029,0.0215916239777118
JPN,2038,H50,15299.995507976633,4266642.484203029,0.003585956771542
JPN,2038,H51,11639.476665934486,4266642.484203029,0.002728017805342
JPN,2038,H52,42262.336172628784,4266642.484203029,0.0099052911813217
JPN,2038,H53,5623.064436582491,4266642.484203029,0.0013179131969462
JPN,2038,I,99390.16652915349,4266642.484203029,0.0232947023091668
JPN,2038,J58T60,61061.94216562075,4266642.484203029,0.0143114738091365
JPN,2038,J61,91159.60654700054,4266642.484203029,0.0213656538799567
JPN,2038,J62_63,91617.85404377042,4266642.484203029,0.0214730562457435
JPN,2038,K,157540.7401549639,4266642.484203029,0.0369238202493526
JPN,2038,L,350258.24136092304,4266642.484203029,0.0820922405984874
JPN,2038,M,177237.43461843612,4266642.484203029,0.0415402591791195
JPN,2038,N,117488.16332539875,4266642.484203029,0.0275364443494835
JPN,2038,O,184655.50491781833,4266642.484203029,0.0432788792596271
JPN,2038,P,102538.02159368565,4266642.484203029,0.0240324850214955
JPN,2038,Q,290142.1965340803,4266642.484203029,0.0680024627346475
JPN,2038,R,32689.020331138727,4266642.484203029,0.0076615325638761
JPN,2038,S,47740.38804745479,4266642.484203029,0.011189216866473
JPN,2038,T,0.0,4266642.484203029,0.0
JPN,2038,HFCE,1137073.988058865,4266642.484203029,0.266503226428933
JPN,2039,A01_02,47219.69335723486,4073495.093373856,0.0115919357394206
JPN,2039,A03,6314.744712083143,4073495.093373856,0.0015502030976679
JPN,2039,B05_06,474.2797048711171,4073495.093373856,0.000116430655739
JPN,2039,B07_08,2086.0765464267884,4073495.093373856,0.0005121097481669
JPN,2039,B09,735.4873436652454,4073495.093373856,0.0001805543708305
JPN,2039,C10T12,131304.5318153487,4073495.093373856,0.032233875039873
JPN,2039,C13T15,13870.027859131114,4073495.093373856,0.0034049452721062
JPN,2039,C16,9186.166627687824,4073495.093373856,0.0022551068350691
JPN,2039,C17_18,46142.04309338782,4073495.093373856,0.0113273839873883
JPN,2039,C19,51002.06003775145,4073495.093373856,0.0125204667904753
JPN,2039,C20,81398.7897055244,4073495.093373856,0.0199825427156968
JPN,2039,C21,32513.391389513632,4073495.093373856,0.0079816940107284
JPN,2039,C22,53826.46364731792,4073495.093373856,0.0132138280305958
JPN,2039,C23,23084.033048216294,4073495.093373856,0.0056668861798228
JPN,2039,C24,126025.72607779446,4073495.093373856,0.0309379840134812
JPN,2039,C25,46705.843790845596,4073495.093373856,0.0114657911008214
JPN,2039,C26,75374.25501308817,4073495.093373856,0.0185035831111459
JPN,2039,C27,66736.43356047668,4073495.093373856,0.0163830892220868
JPN,2039,C28,131186.19465302216,4073495.093373856,0.0322048245170139
JPN,2039,C29,193754.57176513184,4073495.093373856,0.0475646999256983
JPN,2039,C30,26079.890540099146,4073495.093373856,0.0064023375362651
JPN,2039,C31T33,127074.46706634416,4073495.093373856,0.031195438843918
JPN,2039,D,93925.21127863269,4073495.093373856,0.0230576468427361
JPN,2039,E,50794.90017451278,4073495.093373856,0.0124696112331492
JPN,2039,F,280717.58229169756,4073495.093373856,0.0689132000547457
JPN,2039,G,474695.7936035709,4073495.093373856,0.116532801125926
JPN,2039,H49,87953.37433118232,4073495.093373856,0.0215916239777118
JPN,2039,H50,14607.37731392709,4073495.093373856,0.003585956771542
JPN,2039,H51,11112.567144697152,4073495.093373856,0.002728017805342
JPN,2039,H52,40349.15502555327,4073495.093373856,0.0099052911813217
JPN,2039,H53,5368.512941252998,4073495.093373856,0.0013179131969462
JPN,2039,I,94890.8555579956,4073495.093373856,0.0232947023091668
JPN,2039,J58T60,58297.71834046599,4073495.093373856,0.0143114738091365
JPN,2039,J61,87032.8862467277,4073495.093373856,0.0213656538799567
JPN,2039,J62_63,87470.38925677698,4073495.093373856,0.0214730562457435
JPN,2039,K,150409.00061435605,4073495.093373856,0.0369238202493526
JPN,2039,L,334402.33928200445,4073495.093373856,0.0820922405984874
JPN,2039,M,169214.04194362156,4073495.093373856,0.0415402591791195
JPN,2039,N,112169.57094658329,4073495.093373856,0.0275364443494835
JPN,2039,O,176296.3023108105,4073495.093373856,0.0432788792596271
JPN,2039,P,97896.2098166426,4073495.093373856,0.0240324850214955
JPN,2039,Q,277007.6982869251,4073495.093373856,0.0680024627346475
JPN,2039,R,31209.21530667331,4073495.093373856,0.0076615325638761
JPN,2039,S,45579.22000427375,4073495.093373856,0.011189216866473
JPN,2039,T,0.0,4073495.093373856,0.0
JPN,2039,HFCE,1085599.5852265602,4073495.093373856,0.266503226428933
JPN,2040,A01_02,44980.74121450632,3880347.702544682,0.0115919357394206
JPN,2040,A03,6015.327028513286,3880347.702544682,0.0015502030976679
JPN,2040,B05_06,451.79142750259945,3880347.702544682,0.000116430655739
JPN,2040,B07_08,1987.1638847501663,3880347.702544682,0.0005121097481669
JPN,2040,B09,700.6137380365312,3880347.702544682,0.0001805543708305
JPN,2040,C10T12,125078.64295508359,3880347.702544682,0.032233875039873
JPN,2040,C13T15,13212.37156390767,3880347.702544682,0.0034049452721062
JPN,2040,C16,8750.598626453191,3880347.702544682,0.0022551068350691
JPN,2040,C17_18,43954.188431303606,3880347.702544682,0.0113273839873883
JPN,2040,C19,48583.76454520782,3880347.702544682,0.0125204667904753
JPN,2040,C20,77539.21371785505,3880347.702544682,0.0199825427156968
JPN,2040,C21,30971.748016944595,3880347.702544682,0.0079816940107284
JPN,2040,C22,51274.247240342935,3880347.702544682,0.0132138280305958
JPN,2040,C23,21989.488768457613,3880347.702544682,0.0056668861798228
JPN,2040,C24,120050.13518807589,3880347.702544682,0.0309379840134812
JPN,2040,C25,44491.25615592958,3880347.702544682,0.0114657911008214
JPN,2040,C26,71800.33621417957,3880347.702544682,0.0185035831111459
JPN,2040,C27,63572.08262350906,3880347.702544682,0.0163830892220868
JPN,2040,C28,124965.91682544953,3880347.702544682,0.0322048245170139
JPN,2040,C29,184567.5740789106,3880347.702544682,0.0475646999256983
JPN,2040,C30,24843.295749761863,3880347.702544682,0.0064023375362651
JPN,2040,C31T33,121049.14944787035,3880347.702544682,0.031195438843918
JPN,2040,D,89471.68695229768,3880347.702544682,0.0230576468427361
JPN,2040,E,48386.427300175856,3880347.702544682,0.0124696112331492
JPN,2040,F,267407.17750743456,3880347.702544682,0.0689132000547457
JPN,2040,G,452187.7871200833,3880347.702544682,0.116532801125926
JPN,2040,H49,83783.00849612265,3880347.702544682,0.0215916239777118
JPN,2040,H50,13914.759119877544,3880347.702544682,0.003585956771542
JPN,2040,H51,10585.657623459814,3880347.702544682,0.002728017805342
JPN,2040,H52,38435.973878477766,3880347.702544682,0.0099052911813217
JPN,2040,H53,5113.9614459235045,3880347.702544682,0.0013179131969462
JPN,2040,I,90391.5445868377,3880347.702544682,0.0232947023091668
JPN,2040,J58T60,55533.49451531121,3880347.702544682,0.0143114738091365
JPN,2040,J61,82906.16594645486,3880347.702544682,0.0213656538799567
JPN,2040,J62_63,83322.92446978352,3880347.702544682,0.0214730562457435
JPN,2040,K,143277.26107374817,3880347.702544682,0.0369238202493526
JPN,2040,L,318546.43720308586,3880347.702544682,0.0820922405984874
JPN,2040,M,161190.649268807,3880347.702544682,0.0415402591791195
JPN,2040,N,106850.9785677678,3880347.702544682,0.0275364443494835
JPN,2040,O,167937.0997038027,3880347.702544682,0.0432788792596271
JPN,2040,P,93254.39803959955,3880347.702544682,0.0240324850214955
JPN,2040,Q,263873.20003976976,3880347.702544682,0.0680024627346475
JPN,2040,R,29729.410282207893,3880347.702544682,0.0076615325638761
JPN,2040,S,43418.05196109271,3880347.702544682,0.011189216866473
JPN,2040,T,0.0,3880347.702544682,0.0
JPN,2040,HFCE,1034125.1823942553,3880347.702544682,0.266503226428933
